author_effect_id,source_record,source_name,source_group,vertices,triangles,uv_sets,vertex_colors,bounding_radius,source_scale,source_translation_x,source_translation_y,source_translation_z,rotation_identity,geometry_reuse_count,geometry_sha1,validation
kurp_0001,9,001:197,MESHBANK1,252,240,1,True,2.1023776531219482,1.0,280.0975646972656,-0.5929684638977051,0.0040084123611450195,True,1,0da490c95cc3721a9a29557226a1ece2ed0fc818,structurally_valid
kurp_0002,13,001:946,MESHBANK1,4,2,1,False,6.968626022338867,0.4819791913032532,200.21090698242188,20.21090316772461,10.495552062988281,False,3,97bea5585ebe1b73fc63ce0ceef538ab109b9ed3,structurally_valid
kurp_0003,16,001_BBB:2544,MESHBANK1,4,2,1,False,15.26736068725586,0.3938075006008148,80.0,19.93090057373047,0.19435453414916992,False,1,5ab1c6567ba8b9eb17efd9d634e374cd78f19637,structurally_valid
kurp_0004,19,002:213,MESHBANK1,252,240,1,True,1.9267141819000244,1.0,280.0,0.0,2.2351741790771484e-08,True,1,a13964ec928d3bb463a06e5247690fe735f6f279,structurally_valid
kurp_0005,22,003,MESHBANK1,17,16,1,False,0.596886932849884,5.0,89.99993133544922,-0.030887916684150696,3.5101914405822754,False,1,c0dd3fd9b38613ba0e3721d71de7e6432a63bca1,structurally_valid
kurp_0006,28,004,MESHBANK1,17,16,1,False,1.6283283233642578,5.000000476837158,89.99993133544922,-0.03088792786002159,3.4851789474487305,False,1,29bd71678596f3ce564a00b96691bece4166352f,structurally_valid
kurp_0007,34,00X04:1491,MESHBANK1,72,48,1,False,7.214599609375,0.75,100.0,79.95185089111328,1.0,False,1,c9d408deb6e97d74c3c5a066613101c263b27f0e,structurally_valid
kurp_0008,37,00X04:1567,MESHBANK1,52,26,1,False,4.590284824371338,1.5,100.0,79.95185089111328,1.1306358575820923,False,1,1b03fecd27ff6bac78bdf119b3d8af0da325d061,structurally_valid
kurp_0009,40,00X04:1584,MESHBANK1,32,16,1,False,3.6701853275299072,1.5,100.00308990478516,79.90108489990234,1.0,True,1,4e77445581826821a1b9ae06ff1fbf9ba8fc1903,structurally_valid
kurp_0010,43,00X04:1594,MESHBANK1,52,26,1,False,4.590284824371338,1.5,100.0,79.95185089111328,1.1306358575820923,False,1,e2f18a1d04e232ed0aa0d3be461911772a887fc0,structurally_valid
kurp_0011,46,018,MESHBANK1,216,180,1,True,3.1623129844665527,3.381732225418091,128.9682159423828,79.54219818115234,0.40021181106567383,False,1,c5721084927a1ee81852b81f7647a938529283d9,structurally_valid
kurp_0012,49,019,MESHBANK1,240,200,1,True,2.915969133377075,3.3525712490081787,128.7052764892578,76.44190979003906,2.918975830078125,False,2,058b6a674f6b68aa55233cc4ed69a3b9c82d6c7d,structurally_valid
kurp_0013,52,03,MESHBANK1,186,200,1,True,1.0922033786773682,3.0,208.83277893066406,1.363809585571289,3.3533549308776855,False,1,e645f62caa9f99472b87fe7477974c5584943b30,structurally_valid
kurp_0014,58,7:13124,MESHBANK1,316,160,1,False,5.203341007232666,1.0,160.002197265625,119.29800415039062,0.5468923449516296,False,1,6927b8ba57e466175d496a6f7c5bd1fc5832788e,structurally_valid
kurp_0015,61,7:1639,MESHBANK1,316,160,1,False,6.53695011138916,1.0,160.0057373046875,119.26074981689453,0.5468923449516296,False,1,fd49bb3fc0e06913b04247b636ae54a4d662b0f4,structurally_valid
kurp_0016,64,7:1658,MESHBANK1,124,64,1,False,5.58685302734375,1.0,160.00572204589844,119.26114654541016,-5.276824951171875,False,1,6ca99fec7826e9cdca2dc335569e3e73f6c141c8,structurally_valid
kurp_0017,67,7:1675,MESHBANK1,88,44,1,False,5.272651672363281,1.0,160.12225341796875,119.2804946899414,-29.901615142822266,False,1,8488216de977699c91b846d4cc66d6a1a321c3ca,structurally_valid
kurp_0018,70,7:1692,MESHBANK1,254,132,1,False,5.282700538635254,1.0,160.0066680908203,119.23582458496094,-12.743586540222168,False,1,6ec04cfee7ccdd140ac7508b58b912bd6471fd2c,structurally_valid
kurp_0019,73,7:1709,MESHBANK1,82,42,1,False,4.523982524871826,1.0,160.03273010253906,119.03005981445312,-35.31822204589844,False,1,ac1ff6652ce1c3355280827ee66cff3be218d2a5,structurally_valid
kurp_0020,76,7:1724,MESHBANK1,122,62,1,False,5.18485689163208,1.0,160.00723266601562,119.2208251953125,-20.708908081054688,False,1,9e5b67e7eda9d4d2b128701116acd243ff703854,structurally_valid
kurp_0021,79,7:1739,MESHBANK1,50,26,1,False,3.408674478530884,1.0,160.00750732421875,119.21331787109375,-37.79999923706055,False,1,e596a3ac12759b08d924ddbeb91cd7eb1746b264,structurally_valid
kurp_0022,82,7:1754,MESHBANK1,88,44,1,False,4.1442413330078125,1.0,160.00750732421875,119.21331787109375,-27.5,False,1,46835e5cfe6e35f210974c57f36333cc3ab7dc05,structurally_valid
kurp_0023,85,7:1769,MESHBANK1,82,42,1,False,3.604734420776367,1.0,160.00750732421875,119.21331787109375,-32.0,False,1,47e2e7feef13e33bc6d2c30d2df8fc627e248e3b,structurally_valid
kurp_0024,88,7:1780,MESHBANK1,50,26,1,False,3.35298752784729,1.0,160.00750732421875,119.21331787109375,-37.773014068603516,False,1,abc717b228ab59bf5b3d231b1d4070ff9c8ca551,structurally_valid
kurp_0025,91,:1001,MESHBANK1,4,2,1,False,35.35533905029297,0.1012812927365303,200.21090698242188,20.21090316772461,10.495552062988281,False,1,7eb6db89b85ac73716f569a7e79547225c033ba4,structurally_valid
kurp_0026,94,:10020,MESHBANK1,4,2,1,False,2.490962266921997,4.0,190.0000457763672,82.20281219482422,0.016729503870010376,False,1,fb0d8d0e1953fa133faae71b41ac8e5f355f00c3,structurally_valid
kurp_0027,97,:1008,MESHBANK1,380,320,1,False,5.723343372344971,0.3832644522190094,131.2487335205078,60.175537109375,0.0,False,1,ae9d8eb1e9999ae4f3b1d72bcc80f1e1d070e0dc,structurally_valid
kurp_0028,100,:1012:6568,MESHBANK1,255,216,1,True,8.928240776062012,1.0,90.0,46.33599853515625,5.539104677154683e-07,True,1,95b0485ded0c43edfac31136ecf53c418fb33458,structurally_valid
kurp_0029,103,:1013,MESHBANK1,204,192,1,False,4.5662522315979,1.279412865638733,180.4295196533203,81.49423217773438,2.4507904052734375,False,1,182a973fef17e390eb063d5f6d0208e5870262e4,structurally_valid
kurp_0030,106,:10139,MESHBANK1,372,360,1,True,4.33191442489624,2.0,160.0,80.0,5.0,True,1,1e4fc599a11f97dee509e404c4b7bcd69d239332,structurally_valid
kurp_0031,109,:1023,MESHBANK1,323,320,1,False,5.744817733764648,0.3832644820213318,131.14065551757812,60.725669860839844,0.0,False,1,73a6e5ba7a471ee80271e40e64f0fc1240e5d405,structurally_valid
kurp_0032,112,:1027,MESHBANK1,204,192,1,False,4.742020606994629,0.9637240171432495,180.19256591796875,83.43527221679688,-0.009869392961263657,False,1,cba82b56ed87808dd2089be19943f0541bf9d5f0,structurally_valid
kurp_0033,115,:103,MESHBANK1,128,84,1,True,1.3532229661941528,3.412304401397705,291.0191345214844,0.8840057253837585,-2.254106283187866,True,1,ffbca8511b8ebe67cecc4bdf8018729871dfd7c6,structurally_valid
kurp_0034,118,:1034:1340,MESHBANK1,144,72,1,False,2.8949403762817383,1.0,140.0,-3.219414779209728e-08,1.5257749557495117,False,1,b2468a5be207b42caf0cb5948f64753fc97c49e7,structurally_valid
kurp_0035,121,:1034:1354,MESHBANK1,144,72,1,False,3.989241600036621,1.0,140.0,-1.3185021998651791e-05,1.745249629020691,False,1,765d6933544393737493592557fe99a0ee5012cf,structurally_valid
kurp_0036,124,:1035,MESHBANK1,328,252,1,False,4.479961395263672,1.0,140.0,2.642960786819458,0.062196385115385056,True,1,c4a6643b611798243cbb171e4fc2cee8325b7922,structurally_valid
kurp_0037,127,:1037,MESHBANK1,4,2,1,False,4.744885444641113,0.8562008738517761,224.9675750732422,-4.500642776489258,11.698230743408203,False,1,5d3fc970cfbf08865853ff6fa385e942af0b9c78,structurally_valid
kurp_0038,130,:1038,MESHBANK1,144,120,1,False,2.3712265491485596,2.0,133.5,60.00194549560547,0.0,False,1,6871e0ff800a227ff3eaa5ef39f9c5419b3767e7,structurally_valid
kurp_0039,133,:104,MESHBANK1,460,416,1,False,3.380695104598999,3.0,290.0,40.0,0.0,True,1,a63bd2937539a4330630ffe3ca3c3d623c67fbae,structurally_valid
kurp_0040,136,:1041,MESHBANK1,204,192,1,False,4.66904878616333,0.96372389793396,179.64471435546875,83.43203735351562,0.004408996552228928,False,1,f4e29026a28d41b7870d6558d252d60f64ed7a22,structurally_valid
kurp_0041,139,:1046,MESHBANK1,104,52,1,False,4.971679210662842,1.0,140.0,0.0,0.0,True,1,59757b97c83f90216a6d04af0a42eb6c386e1fe9,structurally_valid
kurp_0042,142,:1047:1242,MESHBANK1,1148,1280,1,True,4.882480621337891,1.5000001192092896,80.0,45.440040588378906,-5.0,False,1,577a6d87fd7b20314168d8ebd3d2cdfd0b7a4eb0,structurally_valid
kurp_0043,145,:1048,MESHBANK1,324,420,1,False,4.079953670501709,1.5000001192092896,78.125244140625,43.247169494628906,-5.0,False,1,09edff57a79d3ccf2d4194ca1f6fe46c5b0889d1,structurally_valid
kurp_0044,148,:1049:8363,MESHBANK1,144,180,1,False,6.635264873504639,1.0000001192092896,120.05380249023438,59.853294372558594,-0.014129489660263062,False,1,4a5fa4cd5faaedd051a78b64f4fe718f97674f0c,structurally_valid
kurp_0045,151,:1049:8380,MESHBANK1,144,180,1,False,6.474603652954102,1.0000001192092896,120.05380249023438,59.853294372558594,-0.014129489660263062,False,1,fc1f825acc464b858fcb7dd5899c9c952d67771b,structurally_valid
kurp_0046,154,:1049:8397,MESHBANK1,144,180,1,False,6.796555519104004,1.0000003576278687,120.05380249023438,59.853294372558594,-0.014129489660263062,False,1,4e0b8b135d13ec807b91e52f36aa206ac2463ccc,structurally_valid
kurp_0047,157,:1056,MESHBANK1,192,128,1,False,3.1278369426727295,0.6225569248199463,170.0,80.0,-1.609453192941146e-08,False,3,a61e20785136ffbfad43c1033b7baaca8fa969a8,structurally_valid
kurp_0048,160,:1058,MESHBANK1,64,32,1,False,2.86041522026062,2.0,130.0,4.919776916503906,5.225846848588844e-07,True,1,67e029d8f142f15c426ed0219c330d72fda9ec6d,structurally_valid
kurp_0049,163,:1059,MESHBANK1,693,840,1,False,3.9467077255249023,1.4999998807907104,77.0942153930664,40.0,-5.0,False,1,1d8d5347f2acf0398348d505b1de04589bf9aef4,structurally_valid
kurp_0050,166,:1068,MESHBANK1,741,840,1,False,4.308157920837402,1.4999998807907104,78.05187225341797,38.875247955322266,-5.0,False,1,27d8ac97009aa9b408e6b8a8ecd3f700bd2f1590,structurally_valid
kurp_0051,169,:1070,MESHBANK1,192,128,1,False,3.0155270099639893,1.1624418497085571,170.0,80.0,-5.83613957161333e-09,False,1,f50261c80dce632324e3f0065ab5cff78119114c,structurally_valid
kurp_0052,172,:1071:12640,MESHBANK1,4,2,1,False,3.185230016708374,0.03999999910593033,30.0,100.0,-1.8828439712524414,True,1,41527265d9da8e1d381764c8d450332028cb7b69,structurally_valid
kurp_0053,175,:1072,MESHBANK1,449,464,1,True,2.373983860015869,2.0,130.0,0.0,0.0,True,1,42cd35f4dee189ea9a1b4e18437248b59111dfb4,structurally_valid
kurp_0054,178,:1080,MESHBANK1,108,108,1,False,4.727783679962158,1.5,70.0078125,39.313148498535156,-7.382408142089844,False,1,6a0e83c031eb48c1becc2c3f38ac66c426d630dd,structurally_valid
kurp_0055,181,:1083,MESHBANK1,220,176,1,False,2.7376298904418945,2.0,130.0,0.0,0.0,True,1,a3cbb2dae4eb42737e84d1f936fd86728587c29c,structurally_valid
kurp_0056,187,:109,MESHBANK1,192,180,1,False,3.9749958515167236,1.0,270.0,60.0,3.448119878768921,True,1,05525c55190576497359715dc14a84c0d53d893a,structurally_valid
kurp_0057,190,:1096,MESHBANK1,108,108,1,False,4.858731269836426,1.5,70.0078125,39.038326263427734,0.11774635314941406,True,1,8f671bbdf0a4bac9fc3a44add77bfd2d924379bc,structurally_valid
kurp_0058,196,:1101,MESHBANK1,390,220,1,False,2.5599684715270996,2.0,120.0,-2.78324294090271,-1.7721455378705286e-06,True,1,9fc376f49646a405b42179bb9f3bcc9c20314822,structurally_valid
kurp_0059,199,:1112:1124,MESHBANK1,372,360,1,True,3.6760714054107666,2.0,160.0,80.0,5.0,True,1,41b41edb6bf257abcbbc7803eefad02a07072478,structurally_valid
kurp_0060,202,:1113,MESHBANK1,552,540,1,True,12.85702133178711,0.5,63.438968658447266,40.0374755859375,5.0,False,1,3e65cdfe7b578ebf539ed681a2c2ddcb86d91677,structurally_valid
kurp_0061,205,:1122,MESHBANK1,156,84,1,False,2.8307383060455322,2.0,120.0,-3.9527649879455566,-1.1842055300803622e-06,True,1,a7869c106f55e16cb456373e2375adb695e9339f,structurally_valid
kurp_0062,208,:1125,MESHBANK1,600,560,1,False,4.038397312164307,1.8301376104354858,103.35749053955078,69.1946792602539,-1.4980766773223877,False,1,caa521b8191db7033e6c9cab27b01f7f9c572570,structurally_valid
kurp_0063,211,:1126,MESHBANK1,178,100,1,False,2.833878993988037,2.0,120.0,-3.952765464782715,-7.094334932844504e-07,True,1,4e97f45ac6d52c52d9dcf691337d8d460b2ab444,structurally_valid
kurp_0064,214,:1128,MESHBANK1,96,48,1,False,10.932679176330566,0.699999988079071,49.997955322265625,34.28232192993164,7.933207035064697,False,1,3f43a40bc2049375c771e6a060e76c2f5011728b,structurally_valid
kurp_0065,217,:1130,MESHBANK1,126,72,1,False,3.034146308898926,2.0,120.0,-5.1935505867004395,0.0,True,1,730fbacbe035b2126be9afb53fe59735a80243b8,structurally_valid
kurp_0066,220,:1134,MESHBANK1,460,252,1,False,3.0721065998077393,2.0,120.0,-5.1935505867004395,0.0,True,1,71a258327f9301934fe341bb1e2d9ce4d04b751a,structurally_valid
kurp_0067,223,:1136,MESHBANK1,65,96,1,False,4.276682376861572,2.0,150.0,80.0,-5.0,False,1,5ac44068104439868758a3a977b45f620c7b82e3,structurally_valid
kurp_0068,226,:1138,MESHBANK1,308,168,1,False,2.6119797229766846,2.0,120.0,-3.455312967300415,-3.325686392940952e-09,True,1,c957fb0959cd325bb31b6dd4cc4940123f9fc4a5,structurally_valid
kurp_0069,229,:1139,MESHBANK1,4,2,1,False,6.791643142700195,0.011944729834794998,30.0,99.8482666015625,-0.6119656562805176,True,4,0f34943272a3609582297425b1afb12df01c8e4a,structurally_valid
kurp_0070,232,:114,MESHBANK1,104,72,1,False,3.504626512527466,1.5,290.0,100.0,0.0,False,1,a44d96bb773627955c23eaa5c8338d7c2d7e2e9c,structurally_valid
kurp_0071,235,:1142,MESHBANK1,288,176,1,False,2.154521942138672,2.0,120.00000762939453,-2.4332282543182373,-1.9574496036511846e-05,True,1,d7b7a639a8860eb8e691d9630ff4850899f8a6bd,structurally_valid
kurp_0072,238,:1145,MESHBANK1,96,48,1,False,9.064200401306152,0.699999988079071,46.957645416259766,38.582279205322266,7.952974796295166,False,1,5543b62ec92546af6b31ca9f05fd2e935fc9f9f0,structurally_valid
kurp_0073,241,:1146:8460,MESHBANK1,408,384,1,False,4.3708977699279785,1.9248991012573242,104.51731872558594,63.24937438964844,1.5258599519729614,False,1,ba99caea384d4ffe1493a8f8e5aa04cf8b6c594c,structurally_valid
kurp_0074,244,:1146:8480,MESHBANK1,408,384,1,False,3.6178343296051025,2.0998849868774414,104.21796417236328,57.49995422363281,0.3657863736152649,False,1,2c8cde11db904b5e69ee8dbc2557150c7010f67b,structurally_valid
kurp_0075,247,:1151,MESHBANK1,65,96,1,False,3.7398228645324707,2.0,150.0,80.0,-5.0,False,1,62c84545c19153467fd96d24e7d1361869c98ddd,structurally_valid
kurp_0076,253,:1159,MESHBANK1,21,24,1,False,5.482695579528809,0.5364203453063965,21.750450134277344,97.25010681152344,-2.6990389823913574,False,1,d7c22aeeb9af0eb238859b6dc0b787a2363e28d1,structurally_valid
kurp_0077,256,:116,MESHBANK1,62,36,1,False,4.440837860107422,2.0,280.0,40.0,0.0,True,1,0e01e9caa813a53d8d7cbe71947a3c6b0ae0b7bf,structurally_valid
kurp_0078,259,:11613,MESHBANK1,104,100,1,False,1.2047263383865356,4.500000476837158,276.9341735839844,99.17555236816406,3.0309250354766846,False,2,ea46007d5401f004faf2b6cf74abbf234dcb10e9,structurally_valid
kurp_0079,262,:1162,MESHBANK1,96,48,1,False,7.60518741607666,0.699999988079071,48.95335006713867,38.19068908691406,7.964925289154053,False,1,de6e76cb4a899a6bad86226e83c9a84878b4c86e,structurally_valid
kurp_0080,265,:11628,MESHBANK1,104,100,1,False,1.2027465105056763,4.5,277.1603698730469,99.17555236816406,-2.874507427215576,False,2,9ac6b233015d3339524f4446456a4bb83d297908,structurally_valid
kurp_0081,268,:11639,MESHBANK1,104,100,1,False,1.2028002738952637,4.499999046325684,283.0657958984375,99.17555236816406,-2.648317813873291,False,2,0fe54469c6dd05b8368876f5fb150ee6f4f68989,structurally_valid
kurp_0082,271,:11650,MESHBANK1,104,100,1,False,1.2025864124298096,4.5,282.839599609375,99.17555236816406,3.25711727142334,False,2,febf5b80f6687921ae80e749c97788b8921cab05,structurally_valid
kurp_0083,274,:1166,MESHBANK1,65,96,1,False,4.206293106079102,2.0,150.0,80.0,-5.0,False,1,6b5a4a825835dd7c5df53c53d05f59fe6957a3c1,structurally_valid
kurp_0084,277,:1168,MESHBANK1,21,24,1,False,1.0041776895523071,4.0,17.957603454589844,98.26809692382812,4.822653770446777,False,1,cd7cfff4823cda8f2fdb9ac1b5f19c25a63a33e0,structurally_valid
kurp_0085,280,:11787,MESHBANK1,162,144,1,True,13.069186210632324,1.0,230.0,100.0,5.0,False,1,a2c76ed296828767eeb0605a522d26a75d1e2d25,structurally_valid
kurp_0086,283,:1179,MESHBANK1,96,48,1,False,11.42695140838623,0.699999988079071,49.997955322265625,34.28232192993164,7.933207035064697,False,1,7f1d147e234c401e623effedce2ae318c65a5571,structurally_valid
kurp_0087,286,:11799,MESHBANK1,144,72,1,False,0.63676917552948,10.0,219.1026611328125,99.11835479736328,3.636766195297241,False,1,c698211dcc27202cb35092ad742f481863872d0b,structurally_valid
kurp_0088,289,:1181,MESHBANK1,65,96,1,False,4.153044700622559,2.0,150.0,80.0,-5.0,False,1,85b2f7d0017856e4cbd018213f4c73300ad0ffc9,structurally_valid
kurp_0089,292,:11816,MESHBANK1,176,88,1,False,0.7123969793319702,10.0,219.9972686767578,99.99996948242188,4.8740620613098145,False,1,a9d306c2c3e74b362f38fe3a726388b9429f4cfb,structurally_valid
kurp_0090,295,:1187,MESHBANK1,408,384,1,False,3.1579525470733643,2.3823344707489014,104.66812133789062,62.20681381225586,2.3638200759887695,False,1,e10cef076bb609e784e212fe5b27ca068338c42f,structurally_valid
kurp_0091,301,:11921,MESHBANK1,93,120,1,False,0.6755589842796326,7.368345737457275,192.2872772216797,98.76058197021484,-1.0989387035369873,False,1,26cbe535722656cfc38967993c09b67806d00338,structurally_valid
kurp_0092,304,:11937,MESHBANK1,93,120,1,False,0.6673330664634705,5.586231708526611,191.14292907714844,99.18598175048828,-1.6243839263916016,False,1,9e52a3155c4a49218f54d0bc3968695ef9b4949c,structurally_valid
kurp_0093,307,:11948,MESHBANK1,93,120,1,False,0.706245481967926,5.002272129058838,189.5565643310547,101.71701049804688,0.7373054027557373,False,1,adc3b04a78dd15077651244a5a8cb223488c9d6e,structurally_valid
kurp_0094,310,:11954,MESHBANK1,93,120,1,False,0.6821336150169373,6.018609046936035,189.79315185546875,101.61102294921875,-1.6614878177642822,False,1,2a91aaf4ed8b5dee0d35c371f2d820ad063ad389,structurally_valid
kurp_0095,313,:1196,MESHBANK1,65,96,1,False,4.286931991577148,2.0,150.0,80.0,-5.0,False,1,708a6bf974abcbed73822d1960e407b8aa9bb4a8,structurally_valid
kurp_0096,316,:1197:12683,MESHBANK1,161,176,1,False,1.0015368461608887,6.24511194229126,18.528823852539062,101.39775085449219,0.9356834292411804,False,1,9db3c2d5984cf754fcb660a10ebd396c8c0d74fd,structurally_valid
kurp_0097,319,:1197:12703,MESHBANK1,161,176,1,False,1.0015369653701782,6.24511194229126,19.999990463256836,101.39775085449219,2.4068503379821777,True,1,a301fb5f11d2fe2d13b237f70c73b77a144efe3b,structurally_valid
kurp_0098,322,:1197:12714,MESHBANK1,161,176,1,False,1.0015372037887573,6.24511194229126,21.47115707397461,101.39775085449219,0.9356839656829834,False,1,0f62ea3ea1bdd8ba3f8c2dc2a53a2a1a75262e91,structurally_valid
kurp_0099,325,:1197:12725,MESHBANK1,161,176,1,False,1.0015372037887573,6.24511194229126,19.999990463256836,101.39775085449219,-0.5354824066162109,False,1,0c00e04478cba95c438faebafefe8df15e6cc066,structurally_valid
kurp_0100,328,:1200,MESHBANK1,96,48,1,False,9.488545417785645,0.7000001072883606,50.29032897949219,43.34184646606445,7.952974796295166,False,1,6ba4afa05f7cb508fb8a7201e6ed950f01456213,structurally_valid
kurp_0101,331,:12069,MESHBANK1,492,540,1,False,4.189089775085449,3.0,130.0,105.19426727294922,0.12204264104366302,True,1,a8ca4adbdfbd776251a9c3a69ca01ba998bd35e8,structurally_valid
kurp_0102,334,:1208,MESHBANK1,228,240,1,False,5.133817672729492,1.1451250314712524,90.0,60.0,0.0,True,1,1c888d65d13a7ce62f038123c3ccbcf8bc13dc32,structurally_valid
kurp_0103,337,:12083,MESHBANK1,97,144,1,False,2.2465975284576416,1.9618109464645386,120.0,100.0,0.0,True,1,12d108329f92b427b5dd753aa5d59292be833f59,structurally_valid
kurp_0104,340,:1211:10254,MESHBANK1,265,126,1,False,1.5913143157958984,3.0,140.0,80.0,1.9470267295837402,False,1,ffbd5121199a4b882dd091fef82574145f48bef4,structurally_valid
kurp_0105,343,:1211:10303,MESHBANK1,64,32,1,False,0.8992002606391907,3.0,140.0,75.72021484375,-0.019149761646986008,False,1,4efb3d94e21b38e69e5fc10076d4322f50861fc8,structurally_valid
kurp_0106,346,:1211:10335,MESHBANK1,266,124,1,False,1.5078957080841064,3.0,141.68617248535156,80.0,-0.9735120534896851,False,1,163edf12cb786ecc0c22cba78594f9d33848b406,structurally_valid
kurp_0107,349,:1211:10366,MESHBANK1,197,128,1,False,1.845854640007019,3.0,140.02969360351562,80.83293914794922,-0.0036259153857827187,False,1,51e28f632a1a2f3ffb0a06c107d3ebdd2bb12504,structurally_valid
kurp_0108,352,:1211:10382,MESHBANK1,197,128,1,False,1.6846119165420532,3.000000238418579,140.02969360351562,80.83293914794922,-0.0036259153857827187,False,1,d6b18bad7c43018025d08783b07537cba6e579ab,structurally_valid
kurp_0109,355,:1212,MESHBANK1,16,8,1,False,1.9137861728668213,3.0,139.99993896484375,80.0,5.646443605655804e-05,False,1,200bd3d1e4c413d40ce3592d5d0f37a43c0a134e,structurally_valid
kurp_0110,358,:12134,MESHBANK1,88,80,1,False,3.7727208137512207,3.0,80.56612396240234,98.41300964355469,0.40270355343818665,False,1,276d8b4d330e4c8c8c5cfbd117b981a1bae7ffe7,structurally_valid
kurp_0111,361,:12161,MESHBANK1,240,192,1,True,3.6352641582489014,1.9999998807907104,71.80518341064453,97.86495208740234,5.100983619689941,False,1,c1d2501f0327a8f6e79a79473feb05baf17eb638,structurally_valid
kurp_0112,364,:1217,MESHBANK1,472,216,1,False,9.085930824279785,1.0,100.0,0.0,0.0,True,1,d0197da2638bea7783908c046e55cbbd3a6ddc9c,structurally_valid
kurp_0113,367,:12176,MESHBANK1,240,192,1,True,4.430588245391846,2.0,69.82722473144531,102.51467895507812,3.2570066452026367,False,1,07f6ebadb54c7ed907c8d7af898084b724475419,structurally_valid
kurp_0114,370,:12187,MESHBANK1,240,192,1,True,4.306337356567383,1.9999998807907104,73.3270034790039,98.2794189453125,2.6931209564208984,False,1,6eb2d99a632321c98fc9da4b331686f5c444101c,structurally_valid
kurp_0115,373,:1221,MESHBANK1,96,48,1,False,7.962396621704102,0.699999988079071,48.95335006713867,38.19068908691406,7.965571880340576,False,1,69c263c3f582d18a95ce8fdaaa88be1499c94126,structurally_valid
kurp_0116,376,:1229,MESHBANK1,552,368,1,False,3.457918167114258,2.06543231010437,80.0,60.0,0.0,True,1,0791cdd01b4e803383276e9e4f6666434767ce54,structurally_valid
kurp_0117,379,:1231,MESHBANK1,306,216,1,False,9.426004409790039,1.0,100.0,0.0,0.0,True,1,fcdacca0c20ca3bb90999cdcfb4a9b68f409a5ec,structurally_valid
kurp_0118,382,:1243,MESHBANK1,64,32,1,False,0.855282187461853,3.0,140.0,75.72021484375,-0.019149761646986008,False,1,a34bbc40bb7d4c08c2244354cad62f8a6ef702e6,structurally_valid
kurp_0119,385,:1245,MESHBANK1,564,312,1,False,9.783839225769043,1.0,100.0,0.0,0.0,True,1,03b5834b1b90a28f1cd42a1088665d2dd40e47ba,structurally_valid
kurp_0120,388,:12462,MESHBANK1,320,384,1,True,5.676018714904785,1.0,41.89297103881836,96.27658081054688,0.7917497158050537,False,1,5875a3e3e5306ef73f34b7013daf74cc32a1a7b4,structurally_valid
kurp_0121,391,:12484,MESHBANK1,160,192,1,True,6.224878311157227,0.9999999403953552,40.0,96.38167572021484,1.0737920999526978,False,1,5fb1ded3d7de116fde0a829900d10509d9957ae9,structurally_valid
kurp_0122,394,:1249,MESHBANK1,552,368,1,False,3.594104290008545,1.5,80.0,60.0,0.0,True,1,cb3a2af1e7aa93745178a8133c5162cd0f670b49,structurally_valid
kurp_0123,397,:12506,MESHBANK1,84,104,1,False,1.0135741233825684,4.0,30.46858024597168,99.86946868896484,-0.6948628425598145,False,1,088f8ab49942135d809dc1af7d873da769c0a66d,structurally_valid
kurp_0124,400,:12521,MESHBANK1,84,104,1,False,6.163638591766357,0.5522255301475525,29.930845260620117,99.82221221923828,-0.5475788116455078,False,1,8c76c2b1d6c28ae7cfcfcb20c75c603e66341deb,structurally_valid
kurp_0125,403,:12532,MESHBANK1,21,24,1,False,5.249018669128418,0.45465323328971863,34.74478530883789,97.58040618896484,4.9556732177734375,False,2,f3e11bd6363cedd0ae7b10895cde9c03cfc48ba7,structurally_valid
kurp_0126,406,:1253:6825,MESHBANK1,198,96,1,True,4.439949989318848,1.0,45.84532928466797,40.659854888916016,2.4995641708374023,False,1,33052e1ec47d1a5576e7dda77559f535267a4fc7,structurally_valid
kurp_0127,409,:1254,MESHBANK1,332,180,1,False,4.92579984664917,1.0,39.184478759765625,36.358673095703125,6.9737749099731445,False,1,948dcddf2282929efeb245109f399dcf6b120601,structurally_valid
kurp_0128,412,:12543,MESHBANK1,84,104,1,False,6.163639068603516,0.7307721376419067,29.930845260620117,99.82221221923828,-0.5475788116455078,False,2,164605b224639a7a35376d41e6d9767d0f938454,structurally_valid
kurp_0129,415,:12554,MESHBANK1,84,104,1,False,6.163638114929199,0.5643203854560852,29.930845260620117,99.82221221923828,-0.5475788116455078,False,2,32e47ba72c66beb8552d3fc5bf58ad54afbfbedf,structurally_valid
kurp_0130,424,:12577,MESHBANK1,21,24,1,False,5.219391822814941,0.8065546751022339,27.944255828857422,90.33733367919922,8.919315338134766,False,1,c64988de3d64c25f117bb175de82d8e881525d95,structurally_valid
kurp_0131,427,:1260,MESHBANK1,64,32,1,False,0.9571242332458496,3.0,140.0,75.72021484375,-0.019149761646986008,False,1,fae88d3c43c3d4eec5112020e5a7074ad09e0769,structurally_valid
kurp_0132,430,:1262,MESHBANK1,24,12,1,False,9.650463104248047,1.0,100.0,0.0,0.0,True,1,25e372a15c1eeea06f022b526ac19e08bd3f70d9,structurally_valid
kurp_0133,433,:1264,MESHBANK1,466,252,1,False,4.5386247634887695,1.0,41.18290328979492,36.72455978393555,7.096952438354492,False,1,852b8c5d7322cee346ba4c8466094775abe439eb,structurally_valid
kurp_0134,436,:1266,MESHBANK1,464,252,1,False,3.94598388671875,1.0,39.6164665222168,36.20174026489258,7.096952438354492,False,1,c0c0eb179b25c6931ff9b0a9a02040bd31f2342a,structurally_valid
kurp_0135,439,:1268,MESHBANK1,466,252,1,False,3.0481173992156982,1.0,40.13752746582031,38.39258575439453,7.096952438354492,False,1,9f7491e8fb0088be2838a4ca5b0970ea376a9741,structurally_valid
kurp_0136,442,:1269:8581,MESHBANK1,204,102,1,False,15.27540111541748,0.6000000238418579,70.0,65.0,0.0,True,1,0995ffe5940fb79e3c3c2bdbcf4f4620d1a91d73,structurally_valid
kurp_0137,445,:127,MESHBANK1,144,180,1,False,5.811868190765381,1.0,270.0,60.0,1.8564170598983765,True,1,21476e77233f0c62f165bbb82f2ac03752ed0c5d,structurally_valid
kurp_0138,448,:1270:3341,MESHBANK1,64,32,1,False,3.9492883682250977,2.0,183.300537109375,20.178958892822266,5.123929977416992,False,1,0eceefdcbcd988f463d33097c24896988f497317,structurally_valid
kurp_0139,451,:1272,MESHBANK1,64,36,1,False,1.7402039766311646,0.9421794414520264,40.19841766357422,39.55157470703125,5.0,False,1,88035b0e209751d414efd1e529735492c13a9ff1,structurally_valid
kurp_0140,454,:12739,MESHBANK1,156,144,1,False,0.9555412530899048,5.000000476837158,240.41064453125,121.80157470703125,-1.1938623189926147,False,1,be6403d22364cbe74096f4ea2ec1ed2352d18514,structurally_valid
kurp_0141,457,:1274,MESHBANK1,360,192,1,True,3.520566701889038,1.0,40.55677032470703,40.200592041015625,5.611132621765137,False,1,a4895c53a6b5ba65d505220f8070c0336028645b,structurally_valid
kurp_0142,460,:1276,MESHBANK1,24,12,1,False,9.50345230102539,1.0,100.0,8.295086860656738,-1.7389467643624812e-08,True,1,ae5e7a2f3074ee33f330e9abc82e19d3ed899d4c,structurally_valid
kurp_0143,463,:1277,MESHBANK1,260,144,1,False,3.0811781883239746,0.9421795010566711,39.535709381103516,40.84821701049805,4.582368850708008,False,1,019454307c4884194e9e23c9d4229075656a81a2,structurally_valid
kurp_0144,466,:1278,MESHBANK1,68,32,1,True,1.9736933708190918,0.9999999403953552,40.08649444580078,41.71220397949219,1.9259376525878906,False,1,c97fc31689ae7b5221489b7fcef39776258de82f,structurally_valid
kurp_0145,469,:1280,MESHBANK1,374,204,1,True,2.9157824516296387,1.0,40.0,40.0,15.0,True,1,33c76ad585ea42b4ff266d39acf7fd279d2c52a0,structurally_valid
kurp_0146,472,:1283,MESHBANK1,156,144,1,False,0.9556071758270264,5.000000953674316,241.76553344726562,120.54515838623047,-1.1938579082489014,False,1,04af4a15ec34f5bc86401221472972bd62332dfc,structurally_valid
kurp_0147,475,:1287,MESHBANK1,24,12,1,False,8.803805351257324,1.0,100.0,6.504574298858643,5.019650188842206e-07,True,1,99afd47fdce2719025733f5b5815b5cbca0b69fc,structurally_valid
kurp_0148,478,:1288,MESHBANK1,64,32,1,False,4.17417573928833,2.0,182.8531494140625,22.77998161315918,6.967982292175293,False,1,5d2373883d6b5ace779d6a5a6a7ef6e58ea852e6,structurally_valid
kurp_0149,481,:12885,MESHBANK1,188,288,1,False,1.3000000715255737,2.2194483280181885,220.0,119.98979949951172,3.0,False,1,43eb71d41d9c2a04309954c43c1d061a066f690c,structurally_valid
kurp_0150,484,:1293:1705,MESHBANK1,88,80,1,True,13.225165367126465,1.0,58.04582977294922,60.01053237915039,-0.4944409728050232,False,1,0afb984ea99865a84e15353cf79485de00cd181f,structurally_valid
kurp_0151,487,:1294,MESHBANK1,277,134,1,False,1.4032032489776611,3.0,138.31382751464844,80.0,-0.9735136032104492,False,1,74228bb384d73ad873dfb77f3f6d103a31a8054b,structurally_valid
kurp_0152,490,:12953,MESHBANK1,108,96,1,False,2.152679443359375,2.0,209.4711456298828,116.64363861083984,4.168362617492676,False,1,c74958b5bec634d0b0e9a40f0202e9fca2cba657,structurally_valid
kurp_0153,493,:1296:12793,MESHBANK1,120,96,1,True,2.86865234375,3.0,230.0,120.0,0.0,True,1,b1cf238ebc39a08b5f9563a823b5fa65624fdff6,structurally_valid
kurp_0154,496,:1296:12841,MESHBANK1,36,24,1,True,3.565859794616699,3.0,230.0,119.10541534423828,10.725198745727539,False,1,6b05710e1815804b637122fe70700e8adf408f02,structurally_valid
kurp_0155,499,:1297,MESHBANK1,108,96,1,True,2.3975729942321777,3.0,230.0,120.0,0.0,True,1,ffc491b13327b9f67d4d95abe819abddf461c2c0,structurally_valid
kurp_0156,502,:1298,MESHBANK1,846,420,1,False,4.750047206878662,0.9371854662895203,100.0,0.0,0.0,True,1,43598d86c25991738b4359dd617c8616417e74bd,structurally_valid
kurp_0157,505,:1303,MESHBANK1,64,32,1,False,4.4462738037109375,1.9999998807907104,184.65919494628906,18.49106216430664,6.728209018707275,False,1,e6ca8d7d13f1815209ab224440289f46d7c56f1a,structurally_valid
kurp_0158,508,:1309,MESHBANK1,120,96,1,True,3.7110707759857178,3.0,230.0,120.0,0.0,True,1,9dc5d1e3be5eb54e3c0cfc860b363c3f8884a31c,structurally_valid
kurp_0159,511,:1311,MESHBANK1,88,80,1,True,15.604182243347168,1.0,52.251617431640625,52.61308288574219,0.0,True,1,9c915992824dd9dfade71de32f08147f3909ae62,structurally_valid
kurp_0160,514,:1312,MESHBANK1,692,368,1,False,4.613711833953857,0.9371854662895203,100.0,0.0,0.0,True,1,6513e91db7f51a5bff63c54503b88e4b5dd68cd5,structurally_valid
kurp_0161,517,:1320,MESHBANK1,378,480,1,False,3.545588970184326,1.654729962348938,173.91452026367188,20.0,2.711284086132082e-09,True,1,861cbfc6208e23fe0aa644c64880ef817217a727,structurally_valid
kurp_0162,520,:1324,MESHBANK1,197,128,1,False,1.7351460456848145,3.0,140.02969360351562,80.83293914794922,-0.0036259153857827187,False,1,959f25812524f1380b185e4b6ade577da263eee7,structurally_valid
kurp_0163,523,:1326,MESHBANK1,590,316,1,False,4.546894550323486,0.937185525894165,100.0,0.0,0.0,True,1,907cd83c75431efdfcc0f56412ee0f6b7465764a,structurally_valid
kurp_0164,526,:1327,MESHBANK1,88,80,1,False,25.096094131469727,0.47569847106933594,66.69977569580078,54.63825225830078,1.2545069456100464,True,1,fdbf1e2b6afc5268013a62f25638d7f1112e6716,structurally_valid
kurp_0165,529,:1331,MESHBANK1,252,320,1,False,3.5468192100524902,2.039118528366089,174.8238525390625,20.0,5.619464786832395e-07,True,1,670f6c3f29f5fce6826bb38f30b1e435ef1fd9fc,structurally_valid
kurp_0166,532,:13326,MESHBANK1,32,16,1,False,2.4795081615448,1.871100664138794,142.25,122.67300415039062,-1.859307076301775e-06,False,6,633d0c2820d80e986736d6e556ddf2263cf71c1a,structurally_valid
kurp_0167,535,:13333,MESHBANK1,102,128,1,False,0.8366199731826782,3.3000004291534424,142.2498321533203,117.89898681640625,4.843470264859207e-07,False,8,04ebd9a02ec8c4a3b5b68a6cc318032436fdcb8e,structurally_valid
kurp_0168,538,:1336,MESHBANK1,108,96,1,True,2.397573232650757,3.0,230.0,120.0,0.0,True,1,c91b7de3e0cd42da2a8102d6070aee0d25ec9800,structurally_valid
kurp_0169,541,:134,MESHBANK1,74,40,1,False,5.977441787719727,2.0,280.0,40.0,0.0,True,1,ff7f00862b6e375b9613a41080eeb253f1808a91,structurally_valid
kurp_0170,544,:1341:8668,MESHBANK1,84,80,1,True,3.169126033782959,0.9999998807907104,49.98268508911133,60.01630783081055,0.2893225848674774,False,1,800c83d44e8b33f223ba5a323b74d4ad74ef376a,structurally_valid
kurp_0171,547,:1342,MESHBANK1,252,320,1,False,4.333278179168701,2.2743515968322754,175.3803253173828,20.0,5.317998557075043e-07,True,1,2290ffb5de960c86c5d7d0ed9a78d68f51ddd88e,structurally_valid
kurp_0172,550,:1348,MESHBANK1,38,24,1,True,3.2838783264160156,3.0,231.25242614746094,118.6321792602539,9.734573364257812,False,1,eb94e02991c3feeec20d638a7a57ff63b69a665d,structurally_valid
kurp_0173,553,:1354,MESHBANK1,378,480,1,False,3.545576333999634,2.941856861114502,175.10281372070312,18.65006446838379,4.5356926918029785,False,1,2191b6681492c960f609c7da1322758103465146,structurally_valid
kurp_0174,556,:1356,MESHBANK1,157,145,1,False,8.63700008392334,0.9093024134635925,50.23371887207031,60.12532424926758,-10.504100799560547,True,1,d4de8043a8527fc65428f34bab3ae9ecf67fb9bf,structurally_valid
kurp_0175,559,:136,MESHBANK1,136,74,1,False,4.852893352508545,2.0,280.0,40.0,0.0,True,1,45c06395717a481c71e4bbbe015c2a922c42ad36,structurally_valid
kurp_0176,562,:1360,MESHBANK1,36,24,1,True,3.451308012008667,3.0,230.0,118.31681060791016,9.732105255126953,False,1,24c5e14fc11afcbe94e6b4b0e90a9e9141d95111,structurally_valid
kurp_0177,565,:1365:3444,MESHBANK1,772,960,1,False,7.169254779815674,1.0,159.9510955810547,20.02581024169922,1.5,False,1,a2fb43adb3a140fbbd38c4b65eda47f8b0d164ac,structurally_valid
kurp_0178,568,:1365:3464,MESHBANK1,297,360,1,False,8.342926979064941,1.0,159.68728637695312,21.059480667114258,1.986066460609436,False,1,a36542c91bf88544e5bb8379c0caa8169e2a1875,structurally_valid
kurp_0179,571,:1366:8739,MESHBANK1,229,360,1,False,6.189329147338867,0.5748163461685181,40.0,60.0,1.7858630418777466,False,1,7b0725a6bd2344cf88b5fb761ed46008a213526f,structurally_valid
kurp_0180,574,:138,MESHBANK1,122,62,1,False,5.025027751922607,2.0,280.0,40.0,0.0,True,1,8797f2435a5bd726e65305d482bbfc9f6a58d842,structurally_valid
kurp_0181,577,:1386,MESHBANK1,38,24,1,True,3.114680290222168,3.0,230.0,118.07139587402344,9.19866943359375,False,1,8e79fd9165674ed6c12b924cbc89f3ed6a9356c7,structurally_valid
kurp_0182,580,:1398,MESHBANK1,8,4,1,False,0.5574554800987244,5.0,90.79224395751953,-0.6978098154067993,-1.662125587463379,False,1,eaa05eb5c23277fcd7481922e4366c37051a678b,structurally_valid
kurp_0183,583,:140,MESHBANK1,132,74,1,False,5.422058582305908,2.0,280.0,40.0,0.0,True,1,245b1b40354b208cd75ec693a99f25267f7149dc,structurally_valid
kurp_0184,586,:141,MESHBANK1,192,180,1,False,3.895688056945801,1.0,270.0,60.0,3.448119878768921,True,1,eb376d22d4b6c29a71cc93892efb362df1b43c35,structurally_valid
kurp_0185,589,:1413,MESHBANK1,108,360,1,False,4.971191883087158,1.1858298778533936,120.0,80.0,-5.0,False,1,3a07ba7d1fc88650dac51b4df45bf1ff0a555f6a,structurally_valid
kurp_0186,592,:142,MESHBANK1,74,40,1,False,6.060583591461182,2.0,280.0,40.0,0.0,True,1,fe2930012cd76f5f75e4fac2f0bc9dc0031f22ea,structurally_valid
kurp_0187,595,:1427,MESHBANK1,730,536,1,False,2.103269100189209,2.0,30.0,60.0,0.0,True,1,a686b5db44e441db272a1f290e6dd0a1d9c180f0,structurally_valid
kurp_0188,598,:1432:10487,MESHBANK1,43,48,1,True,1.6588078737258911,1.9999998807907104,105.53269958496094,79.86396026611328,1.7340781688690186,False,1,879f71254ae1d935a3f52ca038f53415233637e3,structurally_valid
kurp_0189,601,:1432:10490,MESHBANK1,43,48,1,True,1.803248405456543,2.0,110.24347686767578,75.5341567993164,3.09572172164917,False,1,498772b7e8b9b0aa1a9c3eb5130cd7846dc25d2a,structurally_valid
kurp_0190,604,:1432:10493,MESHBANK1,45,56,1,True,1.8322168588638306,2.0,109.8758316040039,75.46057891845703,3.6350669860839844,False,1,a08f488c426c1b2e3cbad6219f2981b2d8c1ec3f,structurally_valid
kurp_0191,607,:1432:10508,MESHBANK1,176,160,1,True,7.28555154800415,0.8828068375587463,108.60747528076172,82.0875473022461,2.7993979454040527,False,1,9f939898c816b82f4302ab39fbee1bae97aef45c,structurally_valid
kurp_0192,610,:1433,MESHBANK1,45,56,1,True,1.8322169780731201,2.0,105.21111297607422,79.86931610107422,1.6423461437225342,False,2,2476bf437bbf65c218a425cb3f8723d646703294,structurally_valid
kurp_0193,613,:1435,MESHBANK1,4,2,1,True,3.747666120529175,1.8397995233535767,220.0,119.98979949951172,3.0,False,1,6b4cc9f9753b1e1567cd49c75aff96ab9a82a320,structurally_valid
kurp_0194,616,:1437,MESHBANK1,80,60,1,True,18.063499450683594,1.0,10.0,40.0,15.492271423339844,False,1,c535881b663a7059343107aac1552e5451076882,structurally_valid
kurp_0195,619,:144,MESHBANK1,136,74,1,False,4.778682708740234,2.0,280.0,40.0,0.0,True,1,9e5ccff62dd795076fd607e14f62ce1ed74b5d11,structurally_valid
kurp_0196,625,:1448,MESHBANK1,404,304,1,False,2.0996408462524414,2.0,30.0,60.0,0.0,True,1,1dc22ad32ac0d0c13bc812cadc4768472ae923bb,structurally_valid
kurp_0197,628,:1451,MESHBANK1,48,36,1,True,21.184099197387695,1.0,10.660735130310059,37.220279693603516,18.05788803100586,False,1,89f1cb9c2d6284b4b7b613f74ee4295907c1f57e,structurally_valid
kurp_0198,631,:1453,MESHBANK1,64,48,1,True,19.4631404876709,1.0,9.745870590209961,43.44969177246094,16.421119689941406,False,1,144e48e22da5a98b133b5dbf7888b218444243a8,structurally_valid
kurp_0199,634,:1454,MESHBANK1,108,96,1,False,2.5696139335632324,2.445050001144409,213.01925659179688,118.04246520996094,3.6369333267211914,False,1,79e254ea5024615d50ec67ae330952aa4700a67d,structurally_valid
kurp_0200,637,:1455,MESHBANK1,48,36,1,True,20.637479782104492,1.0,8.509832382202148,42.51371765136719,17.58460235595703,False,1,624df6f6d777aa2bfd6e7ca1408c436549396314,structurally_valid
kurp_0201,640,:1457,MESHBANK1,48,36,1,True,16.631214141845703,1.0,11.33212661743164,38.883941650390625,14.080169677734375,False,1,9c8353943b9f7863bf116218e44a87e5ce9670af,structurally_valid
kurp_0202,643,:1459,MESHBANK1,48,36,1,True,23.728618621826172,1.0,13.380593299865723,41.51470947265625,20.001060485839844,False,1,bdffb11d522add6ae4b3e12d6a297f0033f9fcc6,structurally_valid
kurp_0203,646,:146,MESHBANK1,132,74,1,False,5.427986145019531,2.0,280.0,40.0,0.0,True,1,1ff72599d651a7d85767fa08f52deb1afcf937a7,structurally_valid
kurp_0204,649,:1461,MESHBANK1,80,60,1,True,18.21135139465332,1.0,9.498805046081543,39.39637756347656,15.492271423339844,False,1,ae45c54569420979a9ca9e6bdcd942c3cd8cfa68,structurally_valid
kurp_0205,652,:1463,MESHBANK1,80,60,1,True,14.22350788116455,0.9999999403953552,13.332420349121094,38.49012756347656,7.978290557861328,False,1,5dd5b437218a774961144bf5a8dc3c85ee31c4f8,structurally_valid
kurp_0206,655,:1465,MESHBANK1,80,60,1,True,14.223509788513184,0.9999999403953552,8.170762062072754,37.485252380371094,11.666275024414062,False,1,989690d1601a17c2feb26b5806b5e452606a2af3,structurally_valid
kurp_0207,658,:1467,MESHBANK1,80,60,1,True,14.223511695861816,1.0,9.436391830444336,43.55596923828125,11.666275024414062,False,1,ab69c351ea1d776ace7a433f8a1ec0359419b7c2,structurally_valid
kurp_0208,661,:1468,MESHBANK1,108,96,1,False,2.678717851638794,2.0,210.00819396972656,123.77967834472656,4.536045074462891,False,1,24c0f5b436db6fa159278d2564b51e012b4b6451,structurally_valid
kurp_0209,664,:1469,MESHBANK1,80,60,1,True,18.077503204345703,1.0,10.0,40.0,15.492271423339844,False,1,728298b3132dda3d80946fe9b451e0e6b47a18e0,structurally_valid
kurp_0210,667,:1471,MESHBANK1,48,36,1,True,21.198726654052734,1.0,10.660735130310059,37.220279693603516,18.05788803100586,False,1,0152b04aba4d9db04cbafe4bfa894ed965a516e7,structurally_valid
kurp_0211,670,:1473,MESHBANK1,64,48,1,True,19.485841751098633,1.0,9.745870590209961,43.44969177246094,16.421119689941406,False,1,59dad6f8a9fd7c015fb6a1a57b179040ba7afe89,structurally_valid
kurp_0212,673,:1475,MESHBANK1,48,36,1,True,20.648778915405273,1.0,8.509832382202148,42.51371765136719,17.58460235595703,False,1,6638b7b8a85979d93f41cdaa9f169d87bba260e8,structurally_valid
kurp_0213,676,:1476,MESHBANK1,338,304,1,True,4.0379157066345215,1.4183313846588135,106.4459228515625,77.80030822753906,5.021738052368164,False,1,272bd4f305873c5959365966bcf21c08ceda33ac,structurally_valid
kurp_0214,679,:1477,MESHBANK1,48,36,1,True,16.644865036010742,1.0,11.33212661743164,38.883941650390625,14.080169677734375,False,1,dfde13227dfe4b2f70dfaaf39af32d16a7c94e5a,structurally_valid
kurp_0215,682,:1478,MESHBANK1,476,448,1,True,5.828706741333008,1.3181030750274658,103.36732482910156,79.11223602294922,1.9126728773117065,False,1,6105d500bd7b274feb26640bfa3740259282a951,structurally_valid
kurp_0216,685,:1479,MESHBANK1,48,36,1,True,23.750198364257812,1.0,13.380593299865723,41.51470947265625,20.001060485839844,False,1,2c9c26b6916124b7ba7f5a7c0875a57f09d4140d,structurally_valid
kurp_0217,688,:148,MESHBANK1,122,62,1,False,5.070498943328857,2.0,280.0,40.0,0.0,True,1,787fd60798ec5180cda8b853129070386f22b294,structurally_valid
kurp_0218,691,:1480,MESHBANK1,532,504,1,True,3.8222572803497314,1.7202221155166626,104.26946258544922,82.41813659667969,4.729645729064941,False,1,9af03c46b89aca926f4534460331295e2cf8470b,structurally_valid
kurp_0219,694,:1482,MESHBANK1,942,900,2,False,4.50999641418457,0.9999997615814209,50.0,120.0,0.0,False,1,c7502fe938bba6b9e13608c32e7fcd984e13840f,structurally_valid
kurp_0220,697,:1484,MESHBANK1,192,160,1,True,6.229176044464111,1.2873786687850952,107.54235076904297,78.53280639648438,3.9056382179260254,False,1,bc2d981e4b68c30fb23b9656bc9614332e8e3d85,structurally_valid
kurp_0221,700,:1485,MESHBANK1,33,32,1,False,1.475733995437622,5.000000476837158,89.99993133544922,-0.030887925997376442,3.5109500885009766,False,1,b88cf52bc2326e299d84e20aab318accf0b550a4,structurally_valid
kurp_0222,703,:1486,MESHBANK1,63,72,1,True,4.006188869476318,1.7970181703567505,108.45248413085938,76.83263397216797,1.392146110534668,False,1,b0f9791f6e7798642cecf5fc1c3c540c8a0c890e,structurally_valid
kurp_0223,706,:1497,MESHBANK1,144,180,1,False,2.370328426361084,2.0,209.99270629882812,120.00015258789062,2.157891035079956,True,1,e66ddfb0c9013d78cdba1fe4052e041f181ad418,structurally_valid
kurp_0224,709,:14:11500,MESHBANK1,96,72,1,False,3.374403238296509,1.5,290.0,100.0,0.0,True,2,468ff8c5f0b50db00642e70e985a761cf0f56aa5,structurally_valid
kurp_0225,715,:14:11566,MESHBANK1,96,72,1,False,3.5614874362945557,1.5,290.0,100.0,0.0,False,1,8bcc6b81389a3f0df1d8623341828b31d1949d0b,structurally_valid
kurp_0226,718,:14:11577,MESHBANK1,96,72,1,False,3.322746753692627,1.5000001192092896,290.0,100.0,0.0,False,1,6007fbc139d4612ec9248b1a758e733b554d9df2,structurally_valid
kurp_0227,721,:14:11588,MESHBANK1,96,72,1,False,3.2330169677734375,1.5000001192092896,290.0,100.0,0.0,False,1,28a6be83da5350049451e3ce9402b625209cca88,structurally_valid
kurp_0228,724,:150,MESHBANK1,62,36,1,False,4.440837860107422,2.0,280.0,40.0,0.0,True,1,f75629d5b17eaf43feb44159d81f8dd901ee21ac,structurally_valid
kurp_0229,727,:1511:10597,MESHBANK1,144,72,1,False,10.005024909973145,0.6000000238418579,94.2270278930664,80.71057891845703,1.2853244543075562,False,1,47c2491c613fa66a1c7da18ddcf6b1ddc7d94b03,structurally_valid
kurp_0230,730,:1525,MESHBANK1,383,480,1,False,7.014005661010742,1.0,160.01959228515625,20.060935974121094,1.5,False,1,5519beba28ab7a6017a99a5591a73e321c41d3c5,structurally_valid
kurp_0231,733,:1528:13016,MESHBANK1,64,32,1,False,4.105109691619873,1.5271838903427124,197.8987274169922,120.0,0.0,False,1,1742a6ba73d52fde23b1939f120c2ec8069d3d40,structurally_valid
kurp_0232,736,:1530,MESHBANK1,84,80,1,False,2.2521462440490723,4.0,80.0,0.0,0.0,False,1,332591f1ef2e673a4e28507d7b6f9b764f244acc,structurally_valid
kurp_0233,739,:1531,MESHBANK1,64,32,1,False,5.469731330871582,1.999999761581421,201.61863708496094,121.60808563232422,0.0,False,1,3ee88469b3d95ddff28b8b45c1e265b97ec607de,structurally_valid
kurp_0234,742,:1542,MESHBANK1,84,80,1,False,2.473649501800537,4.0,80.0,0.0,0.0,False,1,ba09249f6ee485aa11e6c43ddae2945ed5c9b6f9,structurally_valid
kurp_0235,745,:1547:8874,MESHBANK1,48,32,1,False,3.8308990001678467,3.0,11.084331512451172,60.82268142700195,3.3358116149902344,False,1,b709333195f09949c8331529aa2871fb40f21a6e,structurally_valid
kurp_0236,748,:1552,MESHBANK1,189,240,1,False,2.3288328647613525,2.0618932247161865,150.0,20.0,0.0,True,1,3ef7ab034e28db4f5b478d319201909013f13b09,structurally_valid
kurp_0237,751,:1561:13031,MESHBANK1,108,108,1,False,5.863404750823975,3.0,190.0,120.0,-10.0,True,1,bba6492a042a8bb87c6edf4bc5aa56ce0d6d66bf,structurally_valid
kurp_0238,754,:1562,MESHBANK1,189,240,1,False,2.085465431213379,2.96669864654541,150.0,20.0,0.0,True,1,92d8b5392127558f7769003bc136c8825cfad148,structurally_valid
kurp_0239,757,:1567,MESHBANK1,60,40,1,False,3.481175184249878,3.0,11.508500099182129,57.5184440612793,2.0141849517822266,False,1,3d488f242ae0859141133796e6c0078111e62b91,structurally_valid
kurp_0240,760,:1569,MESHBANK1,108,104,1,False,1.7798329591751099,2.731928825378418,67.13843536376953,0.006416777614504099,-2.005133867263794,False,1,0940416f7753d7cf02c9e75ec6658dada14d6d8e,structurally_valid
kurp_0241,763,:1573,MESHBANK1,189,240,1,False,2.313579797744751,3.1753153800964355,150.0,20.0,0.0,True,1,1b7df3d5ef2ea2f22787ece04c4040698e17e412,structurally_valid
kurp_0242,766,:1583,MESHBANK1,152,144,1,False,2.955747365951538,0.9999999403953552,60.0,0.0,2.0,False,1,1a10e4e4d67e99cb84fd03e4eda4b8eeb08fced7,structurally_valid
kurp_0243,769,:1584:13052,MESHBANK1,700,288,1,False,2.7689127922058105,2.832050323486328,180.0,120.0,0.5705676078796387,False,1,24b10bc5ca1fd3c395c4d98a3cf5069b94706bac,structurally_valid
kurp_0244,772,:1586,MESHBANK1,60,40,1,False,3.4737637042999268,3.000000238418579,7.97978401184082,62.33229446411133,4.504561424255371,False,1,3b94f2b1e28ed4895d2b6de9c98a7f1f543aadb4,structurally_valid
kurp_0245,775,:1588,MESHBANK1,122,62,1,False,3.065369129180908,3.0,140.0,20.0,0.0,False,1,6bfc6b5a2c8be3e14b7cf4fe9ddf7c77c5baed04,structurally_valid
kurp_0246,778,:159,MESHBANK1,144,180,1,False,6.746763706207275,1.0,270.0,60.0,1.7721120119094849,True,1,3de39f46aab66b9632b79ad769d051e4a08c5f37,structurally_valid
kurp_0247,781,:1596,MESHBANK1,152,144,1,False,3.973717451095581,0.7150129675865173,60.0,0.0,2.0,False,1,05dd2251cc562e9555e6fae9db3fcad13b18ba98,structurally_valid
kurp_0248,784,:1598,MESHBANK1,540,192,1,True,4.345704555511475,1.0,170.0,120.0,0.14161205291748047,False,1,a0663d089df899e59df47f9226b3a1b14b534188,structurally_valid
kurp_0249,787,:1601,MESHBANK1,76,38,1,False,3.3511037826538086,3.0,140.0,20.0,0.0,False,1,e0e6ccbef2d6c744560c2bfdd68d2c96ed4eb1f9,structurally_valid
kurp_0250,790,:1605:8951,MESHBANK1,99,128,1,False,10.297452926635742,0.19402095675468445,-0.04069466143846512,60.046142578125,1.280699372291565,False,1,4e3fb74d185b95223453eabd8583bad1c095d632,structurally_valid
kurp_0251,793,:1605:9002,MESHBANK1,252,280,1,False,3.406383991241455,1.5,0.02831224724650383,59.988040924072266,1.3486146926879883,True,1,51c13b00d1c1f84667bc901fb5fbdfd23c75ce7b,structurally_valid
kurp_0252,796,:1606,MESHBANK1,99,128,1,False,11.772236824035645,0.24005088210105896,-0.044788163155317307,60.05649185180664,1.552454948425293,False,1,626a93359b56da92ad0ace349f214d3699071e61,structurally_valid
kurp_0253,799,:1608,MESHBANK1,198,256,1,True,2.3404905796051025,5.0,290.0,120.0,50.0,True,1,1a6578b55759198217f919cece5333253f91f34e,structurally_valid
kurp_0254,802,:1609,MESHBANK1,152,144,1,False,2.896127462387085,1.154066801071167,60.0,0.0,2.0,False,1,256f0fc1a62a1602f863139bb3d1a88a97f15a27,structurally_valid
kurp_0255,805,:1612,MESHBANK1,532,504,1,True,2.4826645851135254,1.9782553911209106,73.00314331054688,82.78085327148438,0.7150669097900391,False,1,3c9ee42874d1ef092523b6da18ce88a860abb86b,structurally_valid
kurp_0256,808,:1615,MESHBANK1,540,192,1,True,4.516468048095703,1.0,170.0,120.0,0.14161205291748047,False,1,65784bd60301df9520fac32574068d327f8e253a,structurally_valid
kurp_0257,811,:1619,MESHBANK1,2716,3392,1,True,5.591644763946533,1.0,279.9825744628906,105.70035552978516,20.0,False,1,d60d78b5ca16553e45844a479a1e8f561ec4b935,structurally_valid
kurp_0258,814,:1622,MESHBANK1,228,216,1,False,3.536123752593994,0.9675741791725159,60.0,0.0,2.0,False,1,2d4c95f12fb1a69e6ab4b3d495ea2bd8f9a6a47c,structurally_valid
kurp_0259,817,:1623,MESHBANK1,176,160,1,True,4.642923355102539,1.0152277946472168,78.39859771728516,82.40067291259766,-2.0,False,1,00bed967c00fcd4cfbfad20675f8c270780506de,structurally_valid
kurp_0260,820,:1632,MESHBANK1,324,416,1,True,6.570279121398926,2.0,269.23291015625,120.00001525878906,-0.6155500411987305,False,1,30601e8d3be04ab48fa343ce2eaa9f9720d12c76,structurally_valid
kurp_0261,823,:1634,MESHBANK1,192,160,1,True,3.394744873046875,1.480485439300537,77.17369842529297,78.31272888183594,-0.34409332275390625,False,1,b582bde2ca342b87083b100ee504348e05f09b75,structurally_valid
kurp_0262,826,:1635,MESHBANK1,152,144,1,False,3.4937069416046143,0.9377782940864563,60.0,0.0,2.0,False,1,51d9d00f4e63ee36c62752c52bcccef9b92c41e4,structurally_valid
kurp_0263,829,:1643,MESHBANK1,486,624,1,True,7.6663360595703125,1.9999998807907104,269.23291015625,120.00001525878906,-0.6155500411987305,False,1,bf0b977fc09455a20439a18ff745967009cf0e1b,structurally_valid
kurp_0264,832,:1645,MESHBANK1,63,72,1,True,2.372649669647217,2.066570997238159,78.2203598022461,76.35752868652344,-2.4540958404541016,False,1,680de8b7a62307d942dfa1c2ebddc4011a92e692,structurally_valid
kurp_0265,835,:1648,MESHBANK1,152,144,1,False,3.0398683547973633,1.1960638761520386,60.0,0.0,2.0,False,1,d4a5134617f1bd795e9e0ce51008fa5c26bc3b63,structurally_valid
kurp_0266,838,:1655,MESHBANK1,330,240,1,True,3.851738452911377,2.0,261.6485595703125,121.43533325195312,-0.204132080078125,False,1,8a880853cd104128074ac30445de6e48e781c0aa,structurally_valid
kurp_0267,841,:1656:10715,MESHBANK1,63,64,1,True,1.733339548110962,3.000000238418579,70.73770904541016,81.58201599121094,3.24238657951355,False,1,88a3566a0c10f03f4cf66db6cb79e23d91e4340c,structurally_valid
kurp_0268,844,:1656:10731,MESHBANK1,252,288,1,False,2.7323927879333496,2.2093210220336914,71.65029907226562,77.14159393310547,2.4880754947662354,False,1,b21043d139008b98cc2e7358d5abac25b32b3240,structurally_valid
kurp_0269,847,:1656:10767,MESHBANK1,252,288,1,False,2.7323925495147705,2.4230732917785645,73.61993408203125,80.0,2.7287979125976562,False,1,022bc104c52a1191849e715e5c57a354c6c721bf,structurally_valid
kurp_0270,850,:1662,MESHBANK1,180,168,1,False,2.286529779434204,3.899956226348877,55.901641845703125,-0.11277806013822556,0.037910640239715576,False,1,38b744157aa6b9cef04454945535d3c2ddd7d8ce,structurally_valid
kurp_0271,853,:1663,MESHBANK1,252,280,1,False,5.213232517242432,1.5,0.02831224724650383,59.988040924072266,1.3486146926879883,True,1,3971a1078875929f0bc79668dfe75a35f79f1c47,structurally_valid
kurp_0272,856,:1666,MESHBANK1,324,240,1,True,3.9071295261383057,2.0,262.00677490234375,120.29930114746094,-0.204132080078125,True,2,d2726df66a150e63f6b293a0bbe9764b24c008cc,structurally_valid
kurp_0273,859,:1673,MESHBANK1,252,240,1,False,2.299694538116455,1.9747134447097778,52.988250732421875,-0.057104308158159256,0.019195761531591415,False,1,8aa627ca3fdc122edd8a71cae9ae54ade6f489e6,structurally_valid
kurp_0274,865,:1685,MESHBANK1,252,240,1,False,2.299694299697876,2.8068315982818604,54.24746322631836,-0.0811673104763031,0.02728460356593132,False,1,e9f4e0373d5c966821619d7caef208aed62e5fc0,structurally_valid
kurp_0275,868,:1688,MESHBANK1,324,240,1,True,4.0187788009643555,1.9999998807907104,257.5484619140625,119.65605163574219,-0.204132080078125,False,1,3b07ad5f781bc3169974799d1a48d63906aebb88,structurally_valid
kurp_0276,871,:1691,MESHBANK1,252,280,1,False,4.33859920501709,1.5,0.02831224724650383,59.988040924072266,1.3486146926879883,True,1,b423e06c373584bfad63ab0e1b0a9cb4c01abcaf,structurally_valid
kurp_0277,874,:1696,MESHBANK1,252,240,1,False,1.121103048324585,6.0,54.11650848388672,-0.07866484671831131,0.029979761689901352,False,1,268111366154efce8c2b02e54e55173f6e84b860,structurally_valid
kurp_0278,877,:1707,MESHBANK1,252,240,1,False,2.299694299697876,3.0336780548095703,54.59074020385742,-0.08772721886634827,0.029489729553461075,False,1,d2b66c8f3f070fe1ae839abe1d7fabce8e1caee8,structurally_valid
kurp_0279,880,:1718,MESHBANK1,135,168,1,False,1.2539584636688232,6.0,50.0,0.0,0.0,True,1,6117f5edf2a665b08c195d8884f5b5280c9c7c34,structurally_valid
kurp_0280,883,:1723,MESHBANK1,252,288,1,False,2.7323927879333496,2.572700023651123,68.07826232910156,76.67146301269531,2.89730167388916,False,1,70563ca3c4131d78d1cc83d4bf6e6de1eaeae7b3,structurally_valid
kurp_0281,886,:173,MESHBANK1,252,240,1,False,4.391955852508545,1.0,270.0,60.0,0.0,True,1,c4e82a19ae08300f7f931c9958e9b2346b73bcad,structurally_valid
kurp_0282,889,:1731,MESHBANK1,136,128,1,False,1.391250729560852,3.8707499504089355,37.57328796386719,-0.6150935888290405,2.4308218955993652,False,1,5c2c813e5b9627473925644867e51e7281e49d28,structurally_valid
kurp_0283,892,:1744,MESHBANK1,136,128,1,False,1.382054328918457,4.673069477081299,40.18861389160156,-0.9225904941558838,4.106121063232422,False,1,ced5a9865268d591e99c594bbf32abbf764aa227,structurally_valid
kurp_0284,895,:1757,MESHBANK1,68,64,1,False,1.3814804553985596,4.944340705871582,37.40327072143555,-3.459087610244751,-1.076529860496521,False,1,5224477e32be12082a4dba778e10d46bf949d371,structurally_valid
kurp_0285,898,:1760,MESHBANK1,59,50,1,False,0.6435692310333252,12.0,60.0,80.0,-2.6121915741583734e-09,False,1,71cce1e5391269ce24a2a08ecd3158f31abcf84b,structurally_valid
kurp_0286,901,:1770,MESHBANK1,136,128,1,False,1.3156483173370361,5.355138778686523,44.36143112182617,-0.1563749611377716,-2.0637693405151367,False,1,34381a6a36d1647daa0c9a589c271e227a95b4f5,structurally_valid
kurp_0287,904,:1774,MESHBANK1,48,40,1,False,0.5288522243499756,12.0,60.0,80.0,-2.6121915741583734e-09,False,1,5e0de5ade90f712004dd02c35c0b62b56d876d5d,structurally_valid
kurp_0288,907,:1783,MESHBANK1,136,128,1,False,2.4489994049072266,3.0,36.399879455566406,2.8068349361419678,-1.7412104606628418,False,1,deee445addebc9d0efb531056d1161df3b507a0e,structurally_valid
kurp_0289,910,:1788,MESHBANK1,36,30,1,False,0.4781286418437958,12.0,60.0,80.0,-2.6121915741583734e-09,False,1,976d6b8a7b0a565f2b309c327d1395b658b0e543,structurally_valid
kurp_0290,913,:1793,MESHBANK1,168,160,1,False,1.8329023122787476,1.0,120.0,21.412593841552734,-3.9385781350238786e-17,True,1,153c1244bf2b3c4bdb9fbf01da27d3df7fa99b0d,structurally_valid
kurp_0291,916,:1796,MESHBANK1,136,128,1,False,2.4588637351989746,3.000000238418579,40.232521057128906,2.5664515495300293,4.188239574432373,False,1,bac138893950e4756c619821a7653daf6145c0b2,structurally_valid
kurp_0292,919,:1797,MESHBANK1,4,2,1,False,2.9547367095947266,1.052847981452942,120.0,20.37120246887207,2.5084392341057082e-09,False,2,def2c619b33542528fffde36d27c1cc2b8c5a30e,structurally_valid
kurp_0293,922,:1803,MESHBANK1,168,160,1,False,2.1774613857269287,1.0,120.0,21.412593841552734,-3.9385781350238786e-17,True,1,5418b916c21f1df229e16a4a422b897940f2d5b7,structurally_valid
kurp_0294,925,:1804,MESHBANK1,161,192,1,False,3.3905649185180664,1.2131661176681519,150.0,120.0,0.244485005736351,True,1,961fd5b95fc20a07e46a707f7e4490ad0f274124,structurally_valid
kurp_0295,931,:1810,MESHBANK1,204,192,1,False,3.9615724086761475,2.0,30.0,-4.685087162670243e-08,1.071823000907898,True,2,ca1a634add9bce4739c68b72591525ec9c155c44,structurally_valid
kurp_0296,934,:1814:3939,MESHBANK1,756,960,1,False,24.933320999145508,0.17783789336681366,112.94937896728516,21.676321029663086,0.28022000193595886,False,1,0f48247cf272516a0c080cf51e6d0304b3bad63e,structurally_valid
kurp_0297,940,:1836,MESHBANK1,210,192,1,False,3.5154781341552734,2.0,35.62525939941406,-0.007158017251640558,1.357282280921936,False,1,2c7a9700a451e2830c28b6e8d53cb2d359868335,structurally_valid
kurp_0298,943,:1849,MESHBANK1,210,192,1,False,3.5155270099639893,2.0,32.81485366821289,4.869673252105713,1.3344701528549194,False,1,3b7318b13a34b5bd3d79c3209f6b0371d2005ad2,structurally_valid
kurp_0299,946,:1863,MESHBANK1,183,180,1,False,5.833078861236572,1.5514750480651855,20.0,7.1806960105896,0.712795078754425,True,1,c20d92952e699a39d63e67bf2fcf0e8030b840ee,structurally_valid
kurp_0300,949,:1872:13358,MESHBANK1,51,64,1,False,0.6672966480255127,3.749999761581421,140.0,117.61267852783203,-2.25,False,4,636e1c038cfa863c04ab312fea9fe5fe81a15243,structurally_valid
kurp_0301,952,:1872:13361,MESHBANK1,68,64,1,False,0.8366200923919678,3.749999761581421,140.0,122.38694763183594,-2.2500007152557373,False,4,f372a21c516ea886af5c10f282bec8aa4662cb85,structurally_valid
kurp_0302,955,:1874,MESHBANK1,183,180,1,False,9.078712463378906,1.0,20.0,4.4418768882751465,0.37917596101760864,True,1,3026306e55d919cbce6a8a8f7fb93e0ca01bafe8,structurally_valid
kurp_0303,958,:1877,MESHBANK1,9,8,1,False,1.944793701171875,3.749999761581421,140.0,120.0,-2.250000238418579,True,24,189a97eaee628308c2d4e728c7bb276bb6776bae,structurally_valid
kurp_0304,964,:1883,MESHBANK1,32,16,1,False,2.4795081615448,2.1262497901916504,142.14784240722656,122.14783477783203,-2.250000238418579,False,6,7b5d01dbca601aad6cba8a6962fa1707dbc7364b,structurally_valid
kurp_0305,967,:1885,MESHBANK1,183,180,1,False,9.819905281066895,1.0,20.0,5.355720043182373,0.37917593121528625,True,1,bb06c7d5109a68dbcec359b7cde4899d8577804a,structurally_valid
kurp_0306,973,:1893,MESHBANK1,63,72,1,False,6.6548309326171875,1.0,103.39820098876953,28.98122787475586,1.637830376625061,False,1,1462587cf3dca4c0da860b37be5caca7e7071520,structurally_valid
kurp_0307,976,:1913,MESHBANK1,192,112,1,False,5.5585198402404785,1.0,9.997018814086914,0.005301798228174448,1.966287612915039,False,1,25871f8cfde0109874cf9cfbab744c113002b0cc,structurally_valid
kurp_0308,979,:1926,MESHBANK1,272,112,1,False,5.199088096618652,1.1555837392807007,10.587249755859375,0.49866336584091187,2.832425594329834,False,1,598c033a3d46c5acadf06b2164e1c068191d6325,structurally_valid
kurp_0309,982,:1939,MESHBANK1,272,112,1,False,4.714590072631836,1.1458204984664917,10.828511238098145,0.1894018054008484,2.2826452255249023,False,1,804683753d92d8fd63e407f8be63aeb87f172131,structurally_valid
kurp_0310,985,:194,MESHBANK1,144,180,1,True,7.11493444442749,1.009675145149231,270.0,60.0,1.789257287979126,True,1,7b5054accdc1f5896e2d5e34e733a19c152b70c3,structurally_valid
kurp_0311,988,:1952,MESHBANK1,232,160,1,False,4.849453926086426,1.066195011138916,12.761220932006836,0.9578050374984741,3.6576590538024902,False,1,61beadf8d94a6d9c1e9d2e6b62ae60fe71826f5e,structurally_valid
kurp_0312,991,:1956,MESHBANK1,168,144,1,False,5.59467077255249,1.0,110.10140228271484,19.81797218322754,0.5941145420074463,False,1,ede36e25e37b9493b42e52347675c65028371759,structurally_valid
kurp_0313,994,:195:2277,MESHBANK1,64,32,1,False,15.952737808227539,0.4000000059604645,290.0,20.0,0.0,True,1,ec44c5c42fdaf3b287a359fe5201fc393e5b6091,structurally_valid
kurp_0314,997,:1965,MESHBANK1,184,112,1,False,5.322513580322266,1.0871227979660034,10.879883766174316,0.005301725119352341,2.115696668624878,False,1,3dd1fb6f0935f9cdf9608e50955f117085d4d4e2,structurally_valid
kurp_0315,1000,:1978,MESHBANK1,312,160,1,False,4.4292707443237305,1.2660280466079712,6.741628646850586,0.9425859451293945,1.434397578239441,False,1,67317e38617a078f1d6c59c9861bd09b641e13ed,structurally_valid
kurp_0316,1003,:1984,MESHBANK1,4,2,1,False,1.4142135381698608,5.0,140.0,120.0,-4.470348358154297e-07,False,2,2f30fdc26f0d233280d5e722b6d11e2e0c6b19ca,structurally_valid
kurp_0317,1006,:1991,MESHBANK1,312,160,1,False,4.38397216796875,1.3286205530166626,10.918567657470703,3.446478843688965,3.2464029788970947,False,1,ea8dc5af235c8eca54dad0d146b4164bd009778d,structurally_valid
kurp_0318,1009,:20,MESHBANK1,64,32,1,False,7.95134162902832,1.0,300.4676208496094,56.96085739135742,1.7059154510498047,False,1,00df3832341c36402554f37ee7071526f3fb204e,structurally_valid
kurp_0319,1012,:2004,MESHBANK1,172,120,1,True,5.896171569824219,1.0,4.410390853881836,-3.3263773918151855,0.24314966797828674,False,1,1a2eddd8611bc69623811d7452a952ec3e30127d,structurally_valid
kurp_0320,1018,:201,MESHBANK1,188,160,1,True,3.5836524963378906,0.837871789932251,260.0,40.0,0.0,True,1,1ceed72bbd5d8be496104a9458b6408623a44c69,structurally_valid
kurp_0321,1027,:2020,MESHBANK1,333,120,1,True,0.4452122449874878,10.0,30.0,80.0,0.0,True,1,c9c64d425a8885b970a1b6df04241ac0a9c217a9,structurally_valid
kurp_0322,1033,:2031,MESHBANK1,600,280,1,True,0.4524103105068207,7.0,20.0,77.55699920654297,-0.13424599170684814,False,1,0f9cd74315d8b5e72f018190a8c45d7a18824dcb,structurally_valid
kurp_0323,1048,:2044,MESHBANK1,40,20,1,False,3.84781551361084,2.0,5.95596354457939e-08,4.122516632080078,8.17198244566341e-15,True,1,783e07f71e989531ff38a218f0b274ce54a0b06f,structurally_valid
kurp_0324,1057,:2052:11099,MESHBANK1,186,240,1,True,1.2781976461410522,5.19490385055542,8.069683074951172,80.34283447265625,-6.027298927307129,False,1,5c36cdbf8f67658b2c2675ba00098f14d8183359,structurally_valid
kurp_0325,1060,:2053,MESHBANK1,186,240,1,True,1.2781977653503418,5.194904327392578,11.885660171508789,79.64606475830078,-6.027298927307129,False,1,afd57d2340400c7680485e154af300dec27de582,structurally_valid
kurp_0326,1063,:2056,MESHBANK1,192,216,1,False,1.7474490404129028,2.0,0.0,10.0,0.0,True,1,c5497253b3cb0200aa7fc6d8fba1faff648503b8,structurally_valid
kurp_0327,1078,:208,MESHBANK1,144,180,1,True,6.576136589050293,1.0,270.0,60.0,1.789257287979126,True,1,28ae4ee1954a9175d58b9f545be878c0dd0eac3d,structurally_valid
kurp_0328,1090,:2087,MESHBANK1,186,240,1,True,1.2781976461410522,5.1949028968811035,9.657480239868164,78.07067108154297,-6.027298927307129,False,1,558497b568b416dc576cb948b8d02c4afd306d66,structurally_valid
kurp_0329,1102,:2104,MESHBANK1,186,240,1,True,1.2781977653503418,5.194904327392578,10.354255676269531,81.88664245605469,-6.027298927307129,False,1,fddae62b511374a769fb9d181b265ce04b9ab175,structurally_valid
kurp_0330,1108,:2135,MESHBANK1,24,16,1,False,2.4538159370422363,5.0,100.0,20.0,0.0,False,1,4303214c3edf84c14a6e009253b1456e612ce18b,structurally_valid
kurp_0331,1111,:214,MESHBANK1,78,100,1,False,4.9049553871154785,1.999999761581421,250.0,40.0,0.0,False,1,d70d044f4fc9f4c0de29ee2a10cd6746d21c15f7,structurally_valid
kurp_0332,1114,:2179:11308,MESHBANK1,4,2,1,False,3.723414182662964,3.0,0.0,80.0,2.8941943645477295,True,1,c62d9b3d78b191018f3e5d588e60ae8b1947fe67,structurally_valid
kurp_0333,1117,:22,MESHBANK1,64,32,1,False,7.149899482727051,1.0,298.8544921875,63.014617919921875,0.9558391571044922,False,1,49b631c2b58bb37ed34f264130ce81811b0e774d,structurally_valid
kurp_0334,1120,:222,MESHBANK1,56,28,1,False,14.491260528564453,0.4000000059604645,290.0,20.0,0.0,True,1,d9f7a0b26a1a6d288f719652d2b231b474396490,structurally_valid
kurp_0335,1123,:223,MESHBANK1,72,60,1,False,1.6034256219863892,3.0,260.0,60.0,0.0,False,1,fe813f15214e1b4104d60f44c7f4baca7742987f,structurally_valid
kurp_0336,1126,:2243,MESHBANK1,44,40,1,False,1.5651651620864868,2.0622453689575195,5.368825435638428,80.0,3.8638453483581543,True,4,07fe2109f94af15b6697ab598e4489a7d9a2e556,structurally_valid
kurp_0337,1129,:225,MESHBANK1,128,144,1,False,2.0665194988250732,3.0,270.0,100.54185485839844,-0.05069883167743683,True,1,df47123af02f80886c8d797734cf0f685e1499a0,structurally_valid
kurp_0338,1132,:2255,MESHBANK1,44,40,1,False,1.5651651620864868,1.7990198135375977,2.34177303314209,75.94393157958984,2.4454755783081055,False,4,ad555a6c8efac002ecf9fe2b2dfdbed9e65f1eb7,structurally_valid
kurp_0339,1138,:2267,MESHBANK1,44,40,1,False,1.5651651620864868,1.9216601848602295,-5.0028276443481445,80.0,3.04512619972229,False,3,bf4436c5d1bfdc6e08e213fbd6c07de5c9af1694,structurally_valid
kurp_0340,1141,:227,MESHBANK1,234,300,1,False,3.026240348815918,1.5,240.0,40.0,10.0,True,1,0bb9aca4260776a36f06ec467567a7fbe357eecd,structurally_valid
kurp_0341,1165,:2296,MESHBANK1,63,80,1,False,1.9538565874099731,3.0,3.616593360900879,80.0,2.8611459732055664,True,1,d82d8331638a0840b0b5dd955a0a281b3d659373,structurally_valid
kurp_0342,1168,:2304,MESHBANK1,63,80,1,False,1.9538565874099731,2.999999761581421,-1.8082969188690186,76.86793518066406,3.7477455139160156,False,1,71a46ec397ae5a2e9d7802571b7e56ac4cfad56b,structurally_valid
kurp_0343,1171,:2312,MESHBANK1,63,80,1,False,1.9538565874099731,3.0,-1.8082963228225708,83.13206481933594,2.6047818660736084,False,1,d43f587499a4b9a82f5d27f7ba78fd1ae4509dae,structurally_valid
kurp_0344,1174,:2315,MESHBANK1,4,2,1,False,3.723414182662964,2.6888937950134277,0.0,80.0,3.0898642539978027,True,1,d58cb26985519557b280a061fbdeda0a5b027263,structurally_valid
kurp_0345,1177,:234:7584,MESHBANK1,108,72,1,False,8.182489395141602,1.0,250.0,60.0,0.0,True,1,d9d2390d7f109a8a8314a66f8fe1dd6d85a69370,structurally_valid
kurp_0346,1180,:235,MESHBANK1,72,48,1,False,6.056382179260254,1.0,250.0,60.0,0.0,True,2,2766f6b832b5705d9ac717ed74779df1c362fafb,structurally_valid
kurp_0347,1183,:2357:11404,MESHBANK1,44,40,1,False,2.7135541439056396,2.500000238418579,-10.000000953674316,74.16043853759766,0.43739473819732666,False,2,8c3bf150fe93b87d439ce2f026cfda1a4222d5a0,structurally_valid
kurp_0348,1186,:2357:11470,MESHBANK1,75,96,1,False,1.529723882675171,2.5,-10.0,77.3826904296875,0.7253355979919434,False,1,2f82b397f001e09c1091c35eec396c32348c9a63,structurally_valid
kurp_0349,1189,:2357:11479,MESHBANK1,75,96,1,False,2.8143234252929688,2.5,-10.0,75.4706802368164,0.41153624653816223,False,1,6454ccb464cd71472b8b797e2f0b912613e260ee,structurally_valid
kurp_0350,1192,:2357:11482,MESHBANK1,75,96,1,False,3.180490255355835,2.5,-3.618353843688965,80.0,0.41153624653816223,False,1,74caac729c8d163567f9c851815b6dec16ebd6df,structurally_valid
kurp_0351,1195,:2360,MESHBANK1,44,40,1,False,2.7135541439056396,2.500000238418579,-4.1604413986206055,80.0,0.43739473819732666,False,2,bdeef834ea0e435cd2162723d2b9de957ca75d23,structurally_valid
kurp_0352,1198,:237,MESHBANK1,234,300,1,False,4.097503662109375,1.5,240.0,40.0,10.0,True,1,6cb6443e14a2b1976e14664de5f1c00535d7d471,structurally_valid
kurp_0353,1201,:239:11738,MESHBANK1,486,640,1,False,2.62774920463562,1.9359989166259766,260.02862548828125,100.04012298583984,0.0015618855832144618,False,1,c7f551f4f34a26a8f154bcdaab7fb117e20d1a68,structurally_valid
kurp_0354,1204,:24,MESHBANK1,96,48,1,False,10.20777416229248,1.0,299.1917724609375,62.22963333129883,2.943084716796875,False,1,41b4281284227e51a368138ac7a60157119557ce,structurally_valid
kurp_0355,1207,:240,MESHBANK1,486,640,1,False,2.629141092300415,1.7599990367889404,260.0345764160156,100.05308532714844,0.02457166090607643,False,1,443d7045c7d6f1bac0ccc2579277723deb8fd9a0,structurally_valid
kurp_0356,1210,:2403,MESHBANK1,44,40,1,False,1.8369979858398438,2.500000238418579,-10.0,83.95321655273438,0.719902753829956,False,2,2823ec3b991287ebeb7683bb089a8f0fc9fcabc1,structurally_valid
kurp_0357,1213,:2414,MESHBANK1,44,40,1,False,1.8369981050491333,2.5,-6.046786308288574,80.0,0.719902753829956,False,2,970d01051a01b86fe191ecfe7e7acc0d6275f16b,structurally_valid
kurp_0358,1219,:2420,MESHBANK1,44,40,1,False,1.261340856552124,2.5,-10.0,77.28559875488281,0.8960181474685669,False,2,8d33fecdbf7e5db42697074a3c0e1d7bc11faa30,structurally_valid
kurp_0359,1222,:2423,MESHBANK1,44,40,1,False,1.261340856552124,2.5,-12.714401245117188,80.0,0.8960181474685669,False,2,f46e81687ab0530724db32f4bf98c6670dce9b03,structurally_valid
kurp_0360,1225,:243,MESHBANK1,195,160,1,False,9.773774147033691,0.4000000059604645,290.0,20.84266471862793,0.4629712700843811,True,1,fad84e1edb1fd979986a43c3dbd7ce26d16d5c32,structurally_valid
kurp_0361,1228,:2432,MESHBANK1,75,96,1,False,2.6434147357940674,2.5,-15.30400562286377,80.0,0.7253355979919434,True,1,9535f4703e969aaaeb73799a696c739139ffeb13,structurally_valid
kurp_0362,1231,:2469,MESHBANK1,139,136,1,True,1.2296561002731323,4.0577826499938965,268.123779296875,22.331470489501953,1.2391719818115234,False,1,a2f9066a9d0d418bb8d7f629bb5d8e32a841e016,structurally_valid
kurp_0363,1234,:248,MESHBANK1,504,480,1,False,3.5696890354156494,1.5,240.0,40.0,10.0,True,1,fd11bfd1eda2729d03ffa0900e31f3dc909263af,structurally_valid
kurp_0364,1237,:2482,MESHBANK1,202,164,1,True,1.1644392013549805,4.607409477233887,270.96728515625,21.318103790283203,-0.9487254023551941,False,1,e03598723aec189e80558a04337dbd8ca85e9fd3,structurally_valid
kurp_0365,1240,:2487,MESHBANK1,104,100,1,True,4.557816028594971,2.0,120.0,120.0,0.0,True,1,ca463db6bc0dec478f4c16861df1d25e0383b746,structurally_valid
kurp_0366,1243,:2490,MESHBANK1,138,112,1,True,1.1201740503311157,4.607409477233887,270.6322326660156,23.21639060974121,0.06362384557723999,False,1,6e41b9506aaaa0ea448aaa4f42c87f52bbfc1c83,structurally_valid
kurp_0367,1246,:2493,MESHBANK1,104,100,1,True,4.5578155517578125,1.9999998807907104,120.0,120.0,0.0,True,1,8ce9124894243c8f60bf8c4dca446ad5b9e5a5b7,structurally_valid
kurp_0368,1249,:2498,MESHBANK1,126,112,1,True,0.8370226621627808,5.0,268.5257568359375,20.66597557067871,2.561703681945801,False,1,793a52212fbc6cb6b45930228025f9064eb6b29d,structurally_valid
kurp_0369,1252,:2499,MESHBANK1,124,120,1,True,3.629477024078369,1.9999998807907104,120.0,120.0,0.0,True,1,e9652cf6095a70b534a0d88f960d81ae9f1b37d1,structurally_valid
kurp_0370,1255,:2505,MESHBANK1,124,120,1,True,3.6294775009155273,1.9999998807907104,120.0,120.0,0.0,True,1,79008e036e78b02625674c15b1db1827589be91a,structurally_valid
kurp_0371,1258,:2506,MESHBANK1,140,112,1,True,0.9187315702438354,5.0,269.6955261230469,18.80378532409668,-2.278712034225464,False,1,8ff3e00112a09832bec7c5435f8d078c6910faca,structurally_valid
kurp_0372,1261,:2517,MESHBANK1,248,240,1,True,3.5074448585510254,2.0,120.0,120.0,0.0,True,1,56b75df49eaca2eb12ae48f45af2f66751a72cf8,structurally_valid
kurp_0373,1264,:2522:14016,MESHBANK1,144,136,1,False,1.3672617673873901,4.999999523162842,109.23189544677734,117.71101379394531,-7.406936168670654,False,1,79bbb5c308e25446e849efe6b204c803b753afe0,structurally_valid
kurp_0374,1267,:2526,MESHBANK1,168,160,1,False,1.259110927581787,5.8969597816467285,113.61660766601562,120.30704498291016,-7.487424850463867,False,1,74c9e6ae9709674fdddeb0703e637e26009bee34,structurally_valid
kurp_0375,1270,:253,MESHBANK1,52,26,1,False,3.409548759460449,2.0,272.77020263671875,-1.7903664112091064,-3.280581722719944e-06,False,1,b03c4501ea4f5a801472e49f65af9fe88614b6c3,structurally_valid
kurp_0376,1273,:2539,MESHBANK1,144,136,1,False,1.6498568058013916,4.999999523162842,110.74053955078125,120.37643432617188,-7.6357421875,False,1,31a3e3ae9e6766e66c804de13b51fcea8e37c65d,structurally_valid
kurp_0377,1276,:2555,MESHBANK1,144,136,1,False,1.8885999917984009,5.0,109.35906219482422,116.0794448852539,-5.303685188293457,False,1,e56ba56ec65f66898dea4efab4d8d0b5d7edeca3,structurally_valid
kurp_0378,1279,:2563,MESHBANK1,168,160,1,False,1.6738557815551758,5.000000476837158,111.94679260253906,117.74021911621094,-7.073220729827881,False,1,8053b1a293370d966cec50e5e863a02619e3fc88,structurally_valid
kurp_0379,1282,:2572,MESHBANK1,192,180,1,True,3.1872365474700928,2.0,100.0,120.0,0.0,False,1,998aa0ee6b7cfaca9c914aa4f2b784b2720fec2a,structurally_valid
kurp_0380,1285,:2586,MESHBANK1,192,180,1,True,3.548710584640503,2.0,100.0,120.0,0.0,False,1,b4465fdcb24b7e569f20389d7eea714e2bcadef3,structurally_valid
kurp_0381,1288,:259,MESHBANK1,252,240,1,False,3.344703197479248,1.5,240.0,40.0,10.0,True,1,f1f0997133e4a9864c80af046da8d4a7e8d1139b,structurally_valid
kurp_0382,1291,:26,MESHBANK1,96,48,1,False,11.237052917480469,1.0,298.66717529296875,63.22418975830078,2.887561798095703,False,1,91cde972e1b0a0a72aeec22e05f44d95e04c0f06,structurally_valid
kurp_0383,1294,:2601,MESHBANK1,72,48,1,False,2.601219415664673,1.0,90.0,120.44141387939453,2.405688448448018e-08,False,1,5331c7d9f45201e9a12c63f9470eb33868d35e3c,structurally_valid
kurp_0384,1297,:2620,MESHBANK1,72,48,1,False,2.6822803020477295,1.0,90.0,120.45516967773438,-1.0664228611290127e-08,False,1,0d8b18a909866fd9f6301810e74d69c88dbca5f0,structurally_valid
kurp_0385,1300,:2639,MESHBANK1,72,48,1,False,2.094590663909912,0.9999999403953552,90.0,120.35543823242188,-8.174079191292094e-09,False,1,42a1f5c4d5a4f59ef264b6ec15ec476dfd72e5ea,structurally_valid
kurp_0386,1303,:2658:14142,MESHBANK1,408,384,1,False,1.8642650842666626,3.0,82.97172546386719,121.30217742919922,3.9352521896362305,False,1,24163a700b56534b771a418048748b3a60cada7d,structurally_valid
kurp_0387,1306,:2659,MESHBANK1,390,571,1,False,2.153263568878174,2.250000238418579,79.94307708740234,119.65233612060547,7.850182056427002,False,1,36fdfb946e5db096df1ac3e709586ee7b4826a0f,structurally_valid
kurp_0388,1309,:266,MESHBANK1,486,640,1,False,2.63836669921875,1.6262388229370117,260.0,100.0,0.0,False,1,b2bb451745fe041d8c2ceea1722bfa7ee925db67,structurally_valid
kurp_0389,1312,:267,MESHBANK1,72,48,1,False,8.034626007080078,1.0,250.0,60.0,0.0,True,1,8d18d2e0687e94eba54a2bb2e29db634f41175b3,structurally_valid
kurp_0390,1315,:269,MESHBANK1,160,160,1,False,13.458939552307129,0.4000000059604645,290.0,20.850950241088867,0.4844786822795868,True,1,7f70e6fcd5137fff1274cd3911f83d427d51df6c,structurally_valid
kurp_0391,1318,:2692,MESHBANK1,408,384,1,False,1.8076844215393066,3.0,83.17063903808594,118.20980834960938,2.3416574001312256,False,1,0f448338fdb03b045bf01cf1766a46fcd4c26563,structurally_valid
kurp_0392,1321,:270,MESHBANK1,372,480,1,False,4.243984699249268,1.5,240.0,40.0,10.0,True,1,ad54622635e619e1e86087ca23399bed781fbb5d,structurally_valid
kurp_0393,1324,:2711,MESHBANK1,408,384,1,False,2.0740368366241455,3.0,82.97533416748047,122.20712280273438,2.7814531326293945,False,1,af98819dde8d287f995505bdae8959d2cba7a42c,structurally_valid
kurp_0394,1327,:2736,MESHBANK1,168,192,1,False,2.5063390731811523,1.2610366344451904,70.0,119.48511505126953,2.04565167427063,False,1,f4c4245973d5464ed6be140e79b85221236022aa,structurally_valid
kurp_0395,1330,:2747:14217,MESHBANK1,95,96,1,False,3.4723024368286133,5.0,60.0,120.0,20.0,False,1,b227ad9ef935fc648953cdc07d884283a2618770,structurally_valid
kurp_0396,1333,:2747:14227,MESHBANK1,95,96,1,False,3.4723031520843506,4.999999523162842,60.0,120.0,19.999998092651367,False,1,533166dfc9595962afd353ad4c4bbe81b73237fc,structurally_valid
kurp_0397,1336,:276,MESHBANK1,288,336,1,False,4.527594089508057,1.0,260.0,3.027830123901367,1.014770489859984e-08,True,1,8ae584150de57a75279655e2bf6f13855d8391f2,structurally_valid
kurp_0398,1339,:278,MESHBANK1,64,32,1,False,5.009394645690918,1.4999998807907104,251.63270568847656,99.88057708740234,-8.748451364226639e-05,False,1,c212574b366ffbb1d0a162e83b40ab427acc652a,structurally_valid
kurp_0399,1342,:2782,MESHBANK1,274,216,1,True,3.0304689407348633,2.0,70.0,20.0,0.0,True,1,c28a0e09c7d91a64cf65b05a4daf013cfe0410e8,structurally_valid
kurp_0400,1345,:2793,MESHBANK1,235,216,2,True,3.413381814956665,2.0,70.0,20.0,0.0,True,1,fee1948d49f336ee4d06663f9dcdd89403f11fb7,structurally_valid
kurp_0401,1348,:28,MESHBANK1,96,48,1,False,9.563562393188477,1.0,300.0,63.70717239379883,1.8788166046142578,False,1,9ed702c56aa7e14e495c1c8a334987db9dae7ef6,structurally_valid
kurp_0402,1351,:281,MESHBANK1,390,360,1,False,2.955287218093872,1.5,240.0,40.0,10.0,True,1,f756385cae6ebd6a5c7def89a6d1fee1fbb3e799,structurally_valid
kurp_0403,1354,:284:2369,MESHBANK1,64,32,1,False,4.239699363708496,1.5,281.2370300292969,17.968090057373047,1.9103457927703857,False,1,f3b543abaf206de9025eb6892fa24b6f4f23f617,structurally_valid
kurp_0404,1357,:284:2385,MESHBANK1,128,64,1,False,5.385648727416992,1.5,280.2002258300781,17.660398483276367,3.574141025543213,False,1,945fbac4903b3a3b36d9db9ca6d94102f5db8ee9,structurally_valid
kurp_0405,1360,:284:2404,MESHBANK1,96,48,1,False,4.6932573318481445,1.5,277.59814453125,18.965354919433594,2.9168500900268555,False,1,f79f7133c583fe716686dffbcdf2957922b3685a,structurally_valid
kurp_0406,1363,:284:2420,MESHBANK1,64,32,1,False,3.6092987060546875,1.5,279.6143798828125,18.19968605041504,4.9704484939575195,False,1,b00fd5265334583530e7c819a9397b81e1ed424a,structurally_valid
kurp_0407,1366,:284:2436,MESHBANK1,128,64,1,False,5.344444274902344,1.4999998807907104,279.2821044921875,17.593589782714844,5.845154285430908,False,1,ba8e4783a649ee76a192fc6f05c340f51a3e770d,structurally_valid
kurp_0408,1369,:284:2452,MESHBANK1,96,48,1,False,5.073947429656982,1.5,278.251953125,22.342037200927734,1.9049334526062012,False,1,cf4da92fc48e572389e52cb6840409ff0bf0bfef,structurally_valid
kurp_0409,1372,:285,MESHBANK1,112,56,1,False,3.051955461502075,1.3913942575454712,280.0,35.0,0.0,True,1,4fe1e7ddfa916cec087ad6370ff92b21bff49341,structurally_valid
kurp_0410,1375,:287,MESHBANK1,341,360,1,False,8.180206298828125,1.0,250.0,0.0,0.0,True,1,d3ff4a775f0c5c3a6132abd94225ea817c5c6ec2,structurally_valid
kurp_0411,1378,:292,MESHBANK1,156,200,1,False,2.529163360595703,1.5,240.0,40.0,10.0,True,1,a345a9bbd5f770e2ae8ba4fa6989aa35cba1595c,structurally_valid
kurp_0412,1384,:301,MESHBANK1,341,360,1,False,8.301118850708008,1.0,250.0,0.0,0.0,True,1,19c2d86b8d9aae655e07c6074517252491892635,structurally_valid
kurp_0413,1387,:303,MESHBANK1,228,216,1,True,4.429021835327148,1.5,230.0,40.0,10.0,True,1,ac9a4b0d2fb7c257f7d9a4175dd20bb274c0dff6,structurally_valid
kurp_0414,1390,:314,MESHBANK1,234,216,1,True,4.875091075897217,1.5,230.0,40.0,10.0,True,1,bff38c4557d69e2f1eb789d6422f71b7149134a3,structurally_valid
kurp_0415,1393,:315,MESHBANK1,310,360,1,False,6.798433303833008,1.0,250.0,0.0,0.0,True,1,659112c205bf54765d0b228368d0193f9751d32d,structurally_valid
kurp_0416,1396,:316:988,MESHBANK1,270,384,1,False,13.077493667602539,0.5,260.0,77.02467346191406,0.0,True,1,8f3eaacc9c73576cc2b6ce0bd0517f7539f9cd0a,structurally_valid
kurp_0417,1399,:325,MESHBANK1,156,144,1,True,4.622869491577148,1.5,230.0,40.0,10.0,True,1,d0e0d18ba863c5d5b640e5bd43ede03c992d5987,structurally_valid
kurp_0418,1402,:336,MESHBANK1,152,144,1,True,5.089697360992432,1.5,230.0,40.0,10.0,True,1,81dcc1eb4d3688143860faba0f5be6043ed34eeb,structurally_valid
kurp_0419,1405,:340:9371,MESHBANK1,120,100,1,False,3.3503315448760986,3.0,250.0,80.0,0.0,True,1,0cf5b79e17063582eb88805cc30d756f4932e223,structurally_valid
kurp_0420,1408,:340:9388,MESHBANK1,120,100,1,False,2.490626811981201,3.0,250.0,80.0,0.0,True,1,b2932cbe74123ab868b9ed4c86fb8a8df04d0a34,structurally_valid
kurp_0421,1411,:340:9422,MESHBANK1,120,100,1,False,3.426670789718628,3.0,250.0,80.0,0.0,True,1,b84ed610246e5273ca06a1b6248095f6cf29e4e7,structurally_valid
kurp_0422,1414,:345,MESHBANK1,312,300,1,False,4.575307369232178,1.3968547582626343,250.0,10.0,-0.11979299783706665,False,1,959201dcc7b923b831a7649e179d0efd165ffbe5,structurally_valid
kurp_0423,1417,:347,MESHBANK1,196,120,1,False,18.147804260253906,0.22586320340633392,240.0,0.0,0.0,True,1,39c1ac79f50b191a212ee840d26b047c2654bb7e,structurally_valid
kurp_0424,1420,:348,MESHBANK1,228,216,1,True,4.047783374786377,1.5,230.0,40.0,10.0,True,1,9a998737440cfa1d4d6e4221bdd6192cc88c4812,structurally_valid
kurp_0425,1423,:352:11847,MESHBANK1,8,4,1,False,4.447545051574707,3.0,210.0,100.0,10.256568908691406,False,1,b3910535b036515939b87714868ce4b3952e9c05,structurally_valid
kurp_0426,1426,:352:11861,MESHBANK1,8,4,1,False,2.243999481201172,3.0,210.0,100.0,6.315768241882324,False,1,5f7c2fd35fff0223149ec5d8a8f14c352290c89a,structurally_valid
kurp_0427,1429,:353,MESHBANK1,8,4,1,False,4.039424419403076,3.0,210.0,100.0,10.256568908691406,False,1,26afcb76ca8c6fd6f1a767d98b79daa63fdce355,structurally_valid
kurp_0428,1432,:357,MESHBANK1,214,120,1,False,19.554853439331055,0.22586309909820557,240.0,0.0,0.0,True,1,65523294bfb28040676b415bed7ddaa53df3d18d,structurally_valid
kurp_0429,1435,:358,MESHBANK1,234,216,1,True,3.3612282276153564,1.5,230.0,40.0,10.0,True,1,11ead6168fc8ca9a9e7f066a1ceb26663d42f535,structurally_valid
kurp_0430,1438,:365,MESHBANK1,160,150,1,True,3.8591296672821045,1.9999998807907104,232.5347137451172,60.087318420410156,-0.1122119128704071,False,1,f67a86e052bcd6d0c69d0aead8877d59fa1651d3,structurally_valid
kurp_0431,1441,:368,MESHBANK1,230,120,1,False,17.252344131469727,0.30453136563301086,240.0,0.0,0.0,True,1,f7ce5ccb84c92199ac2101ac1cc276ead6603670,structurally_valid
kurp_0432,1444,:37,MESHBANK1,100,72,1,False,2.7463607788085938,1.5,290.0,100.0,0.0,True,1,4cda4454fa05e74ceba6e06f328886ad9551bb88,structurally_valid
kurp_0433,1447,:3723,MESHBANK1,4,2,1,False,8.546407699584961,0.53477543592453,130.0,20.0,0.22419781982898712,False,2,677f4ab76647aed6d9b558d58f2e122db9a0a45c,structurally_valid
kurp_0434,1450,:375,MESHBANK1,48,48,1,False,3.0952367782592773,3.253084182739258,250.0,80.0,9.0,False,1,cfcaf16730e8743f941e22af15a1e10da90b6b7b,structurally_valid
kurp_0435,1453,:3761,MESHBANK1,116,100,1,True,2.379319429397583,0.8807080984115601,130.022705078125,20.000633239746094,2.3853211402893066,True,1,bfa4d46cdcbfa2dcdc2ed214a7bc59d4de3110ff,structurally_valid
kurp_0436,1456,:3769,MESHBANK1,88,80,1,True,6.034057140350342,1.0,126.6812744140625,17.196842193603516,2.0153822898864746,False,1,038723817938982c455deacd5a88c0900673194f,structurally_valid
kurp_0437,1459,:377,MESHBANK1,503,240,1,False,3.186452627182007,2.5199997425079346,223.35633850097656,55.61503601074219,-1.9679228067398071,False,1,9a91aa1c76550287fdf79feb102ef5ebece30125,structurally_valid
kurp_0438,1462,:3785,MESHBANK1,110,100,1,True,3.5430660247802734,0.9999999403953552,130.022705078125,20.000633239746094,2.3853211402893066,False,1,28fa956296a31f7c6d2366d067f79b83d29ba913,structurally_valid
kurp_0439,1465,:3793,MESHBANK1,88,80,1,True,5.234822750091553,1.0,129.78173828125,24.112197875976562,2.4824066162109375,False,1,8dbbbff8fcbd827680598213facd3612f8be9f78,structurally_valid
kurp_0440,1468,:385:9474,MESHBANK1,336,416,1,False,11.516092300415039,0.6999999284744263,239.96234130859375,79.98381042480469,1.3457961082458496,False,1,7a2d5b021392a0a6b6eeea6b4fe710f33aa86148,structurally_valid
kurp_0441,1471,:385:9491,MESHBANK1,336,416,1,False,11.516092300415039,0.6999999284744263,239.96234130859375,79.98381042480469,1.3457961082458496,False,1,8feb75e88c8184cd0710e0df495df2ecddcec8b5,structurally_valid
kurp_0442,1474,:386,MESHBANK1,105,120,1,False,8.726970672607422,0.699999988079071,231.59471130371094,72.65938568115234,5.0429911613464355,False,1,372cf1f405b0ec08370c52fce84bf029e7d01816,structurally_valid
kurp_0443,1477,:390,MESHBANK1,915,480,1,False,4.175518989562988,2.5199995040893555,223.61643981933594,62.86615753173828,0.0047798966988921165,False,1,8fd831c58d79158232ba99d44413d0685c40e317,structurally_valid
kurp_0444,1480,:392:11877,MESHBANK1,126,144,1,False,1.7464340925216675,2.999999761581421,200.0,100.0,7.356423377990723,False,1,4042324dfa678b55f6ce937a8e61fd6fb82addb9,structurally_valid
kurp_0445,1483,:392:11891,MESHBANK1,126,144,1,False,1.8381868600845337,3.0,200.0,100.0,8.248373985290527,False,1,30abae81f76f8474041908e5876949a3c005a21a,structurally_valid
kurp_0446,1486,:392:11905,MESHBANK1,126,144,1,False,1.602940559387207,3.0,200.0,100.0,0.6231447458267212,False,1,eb5a67f126aa768dc27ef8f31ffa83b3fffb8238,structurally_valid
kurp_0447,1489,:3:5560,MESHBANK1,258,256,1,False,1.587294101715088,2.0,300.0,40.0,0.7311903238296509,True,1,a5da58d2564949f380dc49ba84c1af28e77151df,structurally_valid
kurp_0448,1492,:3:5572,MESHBANK1,262,256,1,False,1.767403483390808,2.0,300.0,40.0,0.7311903238296509,False,1,213a6e709ee0f3c9ef68dc62bf3cbaaf56f212f2,structurally_valid
kurp_0449,1495,:3:5584,MESHBANK1,314,384,1,False,1.7876769304275513,1.9999998807907104,300.0,40.0,0.7311903238296509,False,1,69b5d7dd52afc3410514559931e5ee174dbed5ba,structurally_valid
kurp_0450,1498,:3:5597,MESHBANK1,306,384,1,False,1.785177230834961,2.0,300.0,40.0,0.731190025806427,False,1,31bdd78abb6ab2273ee46faf78b2e9300bbfc002,structurally_valid
kurp_0451,1501,:3:5610,MESHBANK1,281,320,1,False,1.9895366430282593,2.0,300.0,40.0,-0.13704609870910645,False,1,d8dfa3370328930f8ac6febfbdab122102aad882,structurally_valid
kurp_0452,1504,:3:5623,MESHBANK1,126,160,1,False,1.9021036624908447,1.9999998807907104,300.0,40.0,-0.9875082969665527,False,2,78ff0fe5c9c82a2fb4664762926da0504c694e26,structurally_valid
kurp_0453,1510,:403:7745,MESHBANK1,312,240,1,False,2.100374937057495,3.000000238418579,212.02703857421875,59.497825622558594,3.145406484603882,False,1,5d7a5c8f2b1b6687f6f21f6494ec1ccc002dd879,structurally_valid
kurp_0454,1513,:43,MESHBANK1,84,80,1,False,2.129664182662964,1.5,290.0,60.0,0.0,True,1,a9a2a58faa6b49fa04f2fefcd751158f00f266c6,structurally_valid
kurp_0455,1516,:443:6010,MESHBANK1,80,40,1,True,3.907238006591797,3.0,210.0,50.0,30.0,True,1,564755192d50222c598c86d8c77d6bb500648e58,structurally_valid
kurp_0456,1519,:446:7760,MESHBANK1,306,120,1,True,1.883837342262268,3.0,200.0,56.89118957519531,0.807793378829956,False,1,f47c0b73fb7c4bddb7bcfe41a7329edeb2827a68,structurally_valid
kurp_0457,1522,:454:9532,MESHBANK1,52,26,1,False,1.2132384777069092,3.637232780456543,242.73876953125,87.70681762695312,-3.4933412075042725,False,1,039aa005bfad83d624ccc581afde737b8df48a81,structurally_valid
kurp_0458,1525,:455,MESHBANK1,64,32,1,True,4.187675476074219,3.000000238418579,209.57891845703125,35.202964782714844,0.0,False,1,5be5e0b85029b76981e5ece388f6026638f6b4d2,structurally_valid
kurp_0459,1528,:467,MESHBANK1,330,400,1,True,10.86479663848877,0.6946637630462646,220.0,0.0,0.0,True,1,e9f7f159fe2b044acbad3a69a2d4205d305904aa,structurally_valid
kurp_0460,1531,:468,MESHBANK1,80,40,1,True,4.091419696807861,3.0,210.11280822753906,35.420196533203125,0.0,False,1,555ca90ae19981e91d79b94cccb40e8e9fa1a454,structurally_valid
kurp_0461,1534,:477,MESHBANK1,80,40,1,True,4.045603275299072,2.999999761581421,210.22198486328125,35.22885513305664,0.0,False,1,641d8eec8622c7e59ca342b7ff37387a4897070b,structurally_valid
kurp_0462,1537,:478,MESHBANK1,366,444,1,True,14.752686500549316,0.6072682738304138,220.0,0.0,0.0,True,1,847cbbe7dd34fefe406cc019934d38ba404196df,structurally_valid
kurp_0463,1540,:48,MESHBANK1,96,72,1,False,3.127237558364868,1.5,290.0,100.0,0.0,True,1,fa9d6aa1ac88a94300b5c9bb0fc9c643e576c6cc,structurally_valid
kurp_0464,1543,:488,MESHBANK1,80,40,1,True,4.780540466308594,2.999999761581421,209.05921936035156,33.25044250488281,0.0,False,1,f11b73044befe0a5f70ba73e018880601b5d7338,structurally_valid
kurp_0465,1546,:489,MESHBANK1,4,2,1,False,2.1610958576202393,3.0,229.99984741210938,80.49888610839844,0.011080470867455006,False,2,ee9bad32c4f7be1845815aa95e8aa1767a4517b6,structurally_valid
kurp_0466,1549,:49,MESHBANK1,84,80,1,False,2.4962503910064697,2.0,300.0,80.0,0.0,True,1,e6759a6c568b382a1e1cc5a9df20e4fd446ef181,structurally_valid
kurp_0467,1552,:493,MESHBANK1,90,84,1,False,3.203883647918701,3.0,170.40695190429688,100.0,2.08549427986145,True,1,8aec4eaa84f6588e136b1b4900844e2d3d44345e,structurally_valid
kurp_0468,1555,:499,MESHBANK1,220,200,1,True,3.7362217903137207,3.0,209.30992126464844,35.74580383300781,0.0,False,1,4e99ec992113b7200aef8eded4b2faaa1f583f98,structurally_valid
kurp_0469,1558,:4:11488,MESHBANK1,234,300,1,True,8.923904418945312,1.0,300.0,100.0,4.0,True,1,8054ce1e94eeb289d6d4a29db351489b86253e34,structurally_valid
kurp_0470,1561,:501,MESHBANK1,102,84,1,False,3.8775854110717773,3.0,170.7748565673828,100.0,2.179361343383789,True,1,cfe6e1af1c2e87a3f206c37489be872f366ba12d,structurally_valid
kurp_0471,1564,:503,MESHBANK1,412,320,1,False,6.709680080413818,0.6000000238418579,250.0,20.0,0.0,True,1,e029a8fba35d8b8ffc87b381612a804f9ca1cee0,structurally_valid
kurp_0472,1567,:509:12005,MESHBANK1,218,144,1,False,2.7265944480895996,2.4096932411193848,165.37158203125,97.36185455322266,-3.047201156616211,True,1,3a7a911a43196fe363e8ec55b923896daef53181,structurally_valid
kurp_0473,1570,:509:12007,MESHBANK1,132,66,1,False,2.537121057510376,2.243328809738159,162.82315063476562,100.39378356933594,-2.2800140380859375,False,1,bd16e0a8e0cdc98c2c33d7530d17aa217807511f,structurally_valid
kurp_0474,1573,:510,MESHBANK1,176,160,1,True,4.004621982574463,3.0,209.57891845703125,35.202964782714844,0.0,False,1,01e53342a673e322a50cc108a6df57a4159cad7c,structurally_valid
kurp_0475,1576,:513,MESHBANK1,368,320,1,False,5.684641361236572,0.5999999642372131,250.0,20.0,0.0,True,1,06e49c69ee19383e0435bdebcb6768ef66b69d01,structurally_valid
kurp_0476,1579,:519:6088,MESHBANK1,228,216,1,False,5.526098251342773,1.4999998807907104,194.99325561523438,44.8331298828125,4.240908622741699,False,1,e2d2e9bafd3e0c43235b44705d49c3a63687861a,structurally_valid
kurp_0477,1582,:520,MESHBANK1,228,216,1,False,5.193490982055664,1.5,188.75189208984375,35.37627410888672,8.570208549499512,False,1,fd9ddcc56a39ba9045ad8025ccc188459cae21ca,structurally_valid
kurp_0478,1585,:521,MESHBANK1,220,200,1,True,3.889486074447632,3.0,210.11280822753906,35.42019271850586,3.814697265625e-06,False,1,f49b3412e3eb517b9804d54f4df9cad9e5588710,structurally_valid
kurp_0479,1588,:523,MESHBANK1,442,400,1,False,8.415105819702148,0.6000000238418579,250.0,20.0,1.2000000476837158,False,1,40bd379cdec5c7faaaea6e69bb4180111cacc36e,structurally_valid
kurp_0480,1591,:525,MESHBANK1,144,72,1,False,4.026632308959961,1.5000001192092896,163.42831420898438,98.62090301513672,-1.9542465209960938,False,1,674e8ba192c11e3101a8cf8337860fc405c51314,structurally_valid
kurp_0481,1594,:527,MESHBANK1,136,68,1,False,2.7598657608032227,1.9449313879013062,162.62112426757812,98.789306640625,-1.803915023803711,False,1,3dde79024acc07f1c5c369ba89d248508c6a7996,structurally_valid
kurp_0482,1597,:529,MESHBANK1,120,60,1,False,2.7010622024536133,2.829340934753418,166.39407348632812,96.58707427978516,-1.7603416442871094,False,1,bf1686e99ccca493036e13edbb99fce9b4a83190,structurally_valid
kurp_0483,1600,:531,MESHBANK1,182,84,1,False,3.5960195064544678,1.5,166.32823181152344,101.92962646484375,1.9210853576660156,False,1,6b6836ba05702d2c1fcde5a72f47c68f9f86f601,structurally_valid
kurp_0484,1603,:532,MESHBANK1,220,200,1,True,3.8359498977661133,2.999999761581421,210.22198486328125,35.228858947753906,0.0,False,1,e4af12007e9e775ad1eacaaecf267c86eb298fc6,structurally_valid
kurp_0485,1606,:533,MESHBANK1,360,432,1,False,1.5483291149139404,3.9678573608398438,164.4058074951172,99.14509582519531,-4.9866943359375,False,1,76594550e0ecc9d45ab391880387a67180c3972e,structurally_valid
kurp_0486,1609,:534:12034,MESHBANK1,40,28,1,False,160.9560546875,0.05280212685465813,149.38275146484375,100.48420715332031,5.4274210929870605,False,1,1e2bd01a9fec91394726731404b042c4c1c4ed51,structurally_valid
kurp_0487,1612,:534:12036,MESHBANK1,40,28,1,False,8.498824119567871,1.0,150.77627563476562,99.75877380371094,5.528604507446289,False,1,8cd614ee1b21dfb2cb7ff578a70681a41f3e172e,structurally_valid
kurp_0488,1615,:534:12038,MESHBANK1,40,28,1,False,8.755329132080078,1.0,150.8379364013672,100.06278991699219,5.529669284820557,False,1,4b313f59380a14df7af4707197c805e35103c1f3,structurally_valid
kurp_0489,1618,:534:12040,MESHBANK1,40,28,1,False,165.59141540527344,0.05280214175581932,149.91856384277344,99.59371948242188,5.463625907897949,False,1,ebbd1d4091d437a2ab7e8581ef952f74ccc62a99,structurally_valid
kurp_0490,1621,:534:12042,MESHBANK1,44,28,1,False,174.799560546875,0.05280213803052902,152.020263671875,99.15523529052734,5.366920471191406,False,1,14c025bc02b9bd8ee7fee742b48ad6d70e8cbe3e,structurally_valid
kurp_0491,1624,:534:573,MESHBANK1,40,28,1,False,167.28846740722656,0.05280214920639992,150.524658203125,99.05538940429688,5.390519142150879,False,1,4c70a0b6fa4928b7b7fb6128d4b8a019d6225ec0,structurally_valid
kurp_0492,1627,:534:575,MESHBANK1,40,28,1,False,166.2415008544922,0.05280213803052902,149.46153259277344,100.8189926147461,5.281997203826904,False,1,6202d338116d792a25498d543f23bf3d3a85a00a,structurally_valid
kurp_0493,1630,:534:577,MESHBANK1,40,28,1,False,167.28810119628906,0.05280214920639992,150.07130432128906,101.07878875732422,5.36211633682251,False,1,9c41fe8dc82feb8e5c21088617c61ba6b1d2919a,structurally_valid
kurp_0494,1633,:534:579,MESHBANK1,40,28,1,False,8.83319091796875,1.0,150.95892333984375,99.50848388671875,5.367209434509277,False,1,b4049c630c28f0b08ddc59066d37beb62537d47b,structurally_valid
kurp_0495,1636,:534:581,MESHBANK1,200,128,1,False,245.7373504638672,0.05000000074505806,150.23667907714844,98.95170593261719,3.8797171115875244,False,1,1404eb22d1f87129b0743cf4a78522d03c6fd962,structurally_valid
kurp_0496,1639,:535,MESHBANK1,105,96,1,True,144.65101623535156,0.04285194352269173,151.7225799560547,98.04436492919922,-0.42155027389526367,False,1,3a43ff4346fb26ba32b5b001d3c4cba1e656903d,structurally_valid
kurp_0497,1642,:537:7863,MESHBANK1,62,30,1,False,3.6293351650238037,1.9999998807907104,187.23495483398438,63.26519775390625,2.201870918273926,False,1,680097ab475b49d3fdf719ec72b97fa6ecc3101e,structurally_valid
kurp_0498,1645,:537:7867,MESHBANK1,64,24,1,False,4.9311957359313965,2.0,189.77671813964844,60.267723083496094,7.656105041503906,False,1,adfd6253731193f8f77221443073f01f4f6f8f13,structurally_valid
kurp_0499,1648,:537:7871,MESHBANK1,16,12,1,True,4.877199172973633,2.0,190.00625610351562,60.00004196166992,-1.5639266967773438,False,1,47e3ad801acc49db65667f96a5d7c7105378fb08,structurally_valid
kurp_0500,1651,:537:7875,MESHBANK1,54,20,1,False,2.919217586517334,1.9999998807907104,188.66897583007812,60.20429229736328,7.8028764724731445,False,1,0dbe9a214d7241a6b84589ef8268b4a63ad3c97b,structurally_valid
kurp_0501,1654,:537:7881,MESHBANK1,54,20,1,False,2.7585837841033936,2.000000238418579,187.2711181640625,59.68342971801758,7.766048431396484,False,1,b0969aa7a60a76ae4514e21ada8cc06e725395ff,structurally_valid
kurp_0502,1657,:537:7887,MESHBANK1,54,20,1,False,2.919400453567505,1.9999998807907104,193.2370147705078,60.03346252441406,7.802612781524658,False,1,5b2a306436fe331f5ea6e146fc05028ffbb73921,structurally_valid
kurp_0503,1660,:537:7889,MESHBANK1,54,20,1,False,2.920015573501587,2.0,191.74842834472656,60.38672637939453,7.911843299865723,False,1,3c5886e6a9d13f7997af7aa672dbc31527d66c96,structurally_valid
kurp_0504,1663,:540,MESHBANK1,104,52,1,False,2.310757637023926,3.5951881408691406,200.0,0.0,0.0,True,1,b41df99039327d7acda80bfe991abd027b73253b,structurally_valid
kurp_0505,1666,:541,MESHBANK1,252,240,1,True,1.6206331253051758,2.0,241.89976501464844,20.0,-8.197243062113557e-08,True,1,f5f246c96f6fa53f77ce5e40fcd59e68fe5d46c4,structurally_valid
kurp_0506,1669,:543,MESHBANK1,220,200,1,True,4.537576198577881,2.999999761581421,209.0592041015625,33.25044631958008,3.814697265625e-06,False,1,0658b3f5a6efbcd8424168fdbaaf1a09c007502c,structurally_valid
kurp_0507,1672,:546,MESHBANK1,228,216,1,False,5.183053970336914,1.5,186.52491760253906,34.453636169433594,1.1971819400787354,False,1,21a70c2c74482c2629419c877709beb379638dd7,structurally_valid
kurp_0508,1675,:547,MESHBANK1,108,96,1,True,108.94631958007812,0.05280216038227081,148.328125,101.77530670166016,-0.11467528343200684,False,1,9cda23d72c45db4b821aca53ac5478b4a730d63b,structurally_valid
kurp_0509,1678,:549,MESHBANK1,112,96,1,True,2.059347152709961,4.5,141.10220336914062,101.1004867553711,0.0,False,1,f2965ac673e1d6d4c2c3fb9642698f720ce745a7,structurally_valid
kurp_0510,1681,:55,MESHBANK1,168,160,1,False,3.6487507820129395,1.5,290.0,60.0,0.0,True,1,c67ed04623e8d8d4bd589f3be0f72fc9713f5faf,structurally_valid
kurp_0511,1684,:550,MESHBANK1,252,240,1,True,1.7419167757034302,2.0,242.451171875,20.0,-4.058161451325759e-08,True,1,6381cdfd006261d9684931c6a84b523bf987b7cd,structurally_valid
kurp_0512,1687,:552,MESHBANK1,54,30,1,False,3.864271640777588,1.7614161968231201,194.16482543945312,59.193946838378906,9.336623191833496,False,1,bd0b12a49535a12373cfca8e4955218fe6d98193,structurally_valid
kurp_0513,1690,:554,MESHBANK1,72,56,1,False,3.607295274734497,2.0,198.48980712890625,33.97409439086914,-0.29416173696517944,False,1,78014271d81a734275bdc69f3920c6934114ae5c,structurally_valid
kurp_0514,1693,:556,MESHBANK1,54,20,1,False,5.233063220977783,2.0,190.36331176757812,59.22310256958008,8.768885612487793,False,1,6ff6150c0d0edea2964e7ac3e145f89e0ab24b00,structurally_valid
kurp_0515,1696,:558,MESHBANK1,112,56,1,False,1.379304051399231,7.0,200.0,3.576064348220825,3.489066147110975e-09,True,1,17daf2f564c4b78cabf98f8a45a2fd8eab274a01,structurally_valid
kurp_0516,1699,:560,MESHBANK1,68,24,1,False,2.75404691696167,1.9999998807907104,188.46908569335938,59.78630065917969,7.765928745269775,False,1,fff1f1de9375c5185942c95f31f4736efcd8e42b,structurally_valid
kurp_0517,1702,:562,MESHBANK1,324,300,1,True,4.202324390411377,0.9799998998641968,230.0,20.0,1.6689295989635866e-07,True,1,906a0adec148cceb3821bd8b44c32454df08c612,structurally_valid
kurp_0518,1705,:564,MESHBANK1,54,20,1,False,2.758864164352417,2.0,191.5732879638672,60.25177001953125,7.7659502029418945,False,1,8f66c2362b8ac1933a89f14de090d7231c960d38,structurally_valid
kurp_0519,1708,:566,MESHBANK1,54,20,1,False,2.9192020893096924,2.0,191.2563018798828,59.74598693847656,7.802862167358398,False,1,021e0daaf32965816c8f58d64a0a5ff009e74247,structurally_valid
kurp_0520,1711,:568,MESHBANK1,64,56,1,False,5.589753150939941,2.0,200.179931640625,32.53903579711914,-0.38093289732933044,False,1,6aaf09bb5688628e753ee341a9a5faf46c1c747e,structurally_valid
kurp_0521,1714,:570,MESHBANK1,54,20,1,False,2.918004274368286,2.0,187.184326171875,59.85123825073242,7.811728477478027,False,1,60c572343597b5066102980f063a8d1aeac73e0a,structurally_valid
kurp_0522,1717,:572,MESHBANK1,54,20,1,False,2.7585885524749756,1.9999998807907104,192.6612091064453,59.942100524902344,7.765811920166016,False,1,ea3043a4355f43f657f79b25ea4076dee3191e38,structurally_valid
kurp_0523,1720,:573:6142,MESHBANK1,80,60,1,True,2.3311352729797363,4.335149765014648,170.40386962890625,38.379852294921875,5.167901235836325e-07,False,1,20cec91ad377545f64d77435acd693eae5aa1ef6,structurally_valid
kurp_0524,1723,:574,MESHBANK1,80,60,1,True,2.346663475036621,4.335149765014648,170.0,40.0,0.0,False,1,2f9406b38192f950ad4f291dcfae54228e06c590,structurally_valid
kurp_0525,1726,:576,MESHBANK1,88,44,1,False,2.537167549133301,4.223942279815674,200.0,0.0,0.0,True,1,8df0f4ba77596dee4397cf47bd373b2c71d6d294,structurally_valid
kurp_0526,1729,:577,MESHBANK1,279,360,1,True,4.048585414886475,0.9799998998641968,230.02392578125,20.125417709350586,-0.07517912238836288,True,1,0cbe935fe7b3e0eae4513a1155c665085ab6f4bc,structurally_valid
kurp_0527,1732,:578,MESHBANK1,66,24,1,False,2.7558748722076416,2.0,191.51397705078125,59.803367614746094,7.2641496658325195,False,1,3c3f52075437a881ab23ce9d997b4adcddfeada0,structurally_valid
kurp_0528,1735,:580,MESHBANK1,54,20,1,False,3.1742758750915527,2.0,188.98947143554688,59.528751373291016,8.394295692443848,False,1,55b41bf16586aceb7636459ef69d3bba56b9fe19,structurally_valid
kurp_0529,1738,:582,MESHBANK1,64,24,1,False,2.991168737411499,2.0,188.6336669921875,60.16239929199219,7.719303607940674,False,1,70792d7d07b4c8e656bf3131513ce395b4a69e2a,structurally_valid
kurp_0530,1741,:583,MESHBANK1,32,56,1,False,3.542592763900757,2.0,199.46884155273438,46.04583740234375,-0.23694974184036255,False,1,3f257b7682503a482a714340152bfd263a04b3aa,structurally_valid
kurp_0531,1744,:584,MESHBANK1,44,40,1,True,2.6361868381500244,2.0,191.25294494628906,60.15636444091797,7.5074334144592285,False,1,fa830722aecfeec64bcc996bc11f20383f817c3f,structurally_valid
kurp_0532,1747,:586,MESHBANK1,42,40,1,True,2.627472162246704,1.9999998807907104,192.54246520996094,60.00000762939453,8.505853652954102,False,1,0b454b5ea8923aea7c38d1cc57a866a3fb5644ca,structurally_valid
kurp_0533,1750,:587,MESHBANK1,372,360,1,False,8.33265495300293,0.699999988079071,229.42654418945312,18.728771209716797,1.8856189250946045,True,1,c6daa68060e2b023eccf618f0ed2a617c0efe7a4,structurally_valid
kurp_0534,1753,:588,MESHBANK1,42,40,1,True,2.80558443069458,1.9999998807907104,191.5113067626953,60.00000762939453,8.505853652954102,False,1,5557494cde84a0d76b7d0d71f50c175526418fd6,structurally_valid
kurp_0535,1756,:59,MESHBANK1,104,72,1,False,3.4847424030303955,1.5,290.0,100.0,0.0,True,1,66ad2ed1568fe5096c9dce6b0433186268827ee3,structurally_valid
kurp_0536,1759,:590,MESHBANK1,44,40,1,True,2.890732765197754,2.0,188.6228790283203,60.30854797363281,7.410836696624756,False,1,254639a66192b335774c414e510befc1489d1c25,structurally_valid
kurp_0537,1762,:591:9646,MESHBANK1,48,24,1,False,2.412303924560547,1.0,225.2642822265625,79.99288940429688,-1.035775312629994e-06,False,1,feb40a5644454e334dd69730f6a00f674c04e4e3,structurally_valid
kurp_0538,1765,:591:9686,MESHBANK1,44,40,1,False,0.8080013394355774,2.0,225.0,80.0,0.7164332866668701,False,2,6173eaeb239841eb39cf55c33df564d4a7500ac0,structurally_valid
kurp_0539,1768,:592,MESHBANK1,44,40,1,True,2.6356756687164307,2.0,187.5688018798828,59.87724304199219,7.507432460784912,False,1,753e9170afd16d1e4ddf95b36c0aa603202ee356,structurally_valid
kurp_0540,1771,:5929,MESHBANK1,378,480,1,True,0.8360623717308044,3.535907745361328,217.94766235351562,40.0,2.553936719894409,False,1,9bade13d6f1baa4a1359e5151921bcff56b992e3,structurally_valid
kurp_0541,1774,:594,MESHBANK1,170,160,1,False,0.9602755904197693,7.0,200.0,0.0,0.0,True,1,c90a3c62f3607e2d014c41b21bbbf4219d460b4b,structurally_valid
kurp_0542,1777,:595,MESHBANK1,42,40,1,True,3.0467307567596436,2.0,188.9180908203125,60.04640579223633,7.349844932556152,False,1,bc5c6aecd6595332f56ec6def586018b373bfcf8,structurally_valid
kurp_0543,1780,:5950,MESHBANK1,378,480,1,True,0.8403355479240417,4.415571212768555,218.9168701171875,42.32278823852539,3.347965717315674,False,1,f05d8e77f453665bfb3b87ad3f66e7b4f640f94a,structurally_valid
kurp_0544,1783,:597,MESHBANK1,228,216,1,False,3.5432791709899902,2.0,183.1415252685547,59.79400634765625,10.114523887634277,False,1,4895f30c4724245cb58b296e436ef5c288615dee,structurally_valid
kurp_0545,1786,:5976,MESHBANK1,252,240,1,False,2.257858991622925,1.9999998807907104,218.29966735839844,41.3598518371582,0.5565721988677979,False,1,4d9eaea10d8811df3597d7ae7c11666b66b4a2e2,structurally_valid
kurp_0546,1789,:598,MESHBANK1,252,240,1,False,6.672171592712402,0.699999988079071,230.2823486328125,20.28820037841797,0.5339810252189636,True,1,3633a03f334099930abd6513bec0dcc657b12c7c,structurally_valid
kurp_0547,1792,:5984,MESHBANK1,168,160,1,False,2.02691388130188,1.9999998807907104,217.97222900390625,40.94556427001953,3.0541114807128906,False,1,03bd92e69f4090be07f4de2fa9b1e81e1b3f291c,structurally_valid
kurp_0548,1795,:5992,MESHBANK1,84,80,1,False,2.16098690032959,2.0,217.57122802734375,40.129207611083984,1.6728242635726929,False,1,62688b01a1924d314a3def77de0e70010ad22b13,structurally_valid
kurp_0549,1798,:600,MESHBANK1,64,48,1,True,2.3191449642181396,4.335149765014648,171.89476013183594,40.530025482177734,0.0,False,1,f594da587b1200989d79995ef9e376c15fe27e27,structurally_valid
kurp_0550,1801,:601,MESHBANK1,32,56,1,False,3.5011861324310303,2.0,200.25582885742188,46.34086990356445,-0.40937623381614685,False,1,48c30a4d7b09b4bfed2bd907fff98fc7ecfced63,structurally_valid
kurp_0551,1804,:602,MESHBANK1,48,24,1,False,2.861304521560669,1.0,225.08480834960938,79.76545715332031,0.19009147584438324,False,1,45d59e1302f29aecccb931cc24ce283896bf31f6,structurally_valid
kurp_0552,1807,:606,MESHBANK1,136,128,1,False,3.202044725418091,2.323803186416626,200.0,0.0,0.0,True,1,4aea1bdd456b6e29acfd3569eb09e814f263c519,structurally_valid
kurp_0553,1810,:609,MESHBANK1,342,300,1,False,5.477878093719482,0.9799998998641968,229.02215576171875,18.510486602783203,-1.8928533792495728,True,1,3866b99173042df0f6105e0129f5e068e80c780d,structurally_valid
kurp_0554,1813,:61,MESHBANK1,168,160,1,False,3.0350306034088135,2.0,300.0,80.0,0.0,True,1,13193e5a4768d6361e0f8f95e50fa137064c96ba,structurally_valid
kurp_0555,1816,:612,MESHBANK1,48,24,1,False,3.109192371368408,1.0,224.70843505859375,80.05659484863281,-0.16703565418720245,False,1,ec9a71f87ca86882905f99fef71a4c13a20e92f1,structurally_valid
kurp_0556,1819,:613,MESHBANK1,64,48,1,True,2.3139586448669434,4.335149765014648,170.00843811035156,40.01121139526367,3.6740550513059134e-07,False,1,13bec5755e9e05d1c97f666ed8440e7d3e2ca1aa,structurally_valid
kurp_0557,1822,:614,MESHBANK1,228,216,1,False,3.594170093536377,1.9999998807907104,183.1415252685547,59.794002532958984,11.014639854431152,False,1,1a2a0cfeb269161d32b44fdabba758cf847f5e12,structurally_valid
kurp_0558,1825,:615:12101,MESHBANK1,240,192,1,False,2.2133586406707764,2.0,110.0,100.0,0.0,True,1,902d93e3a3cba65051a20f3265b8f324ad166408,structurally_valid
kurp_0559,1828,:616:7940,MESHBANK1,300,120,1,True,4.393211841583252,2.0,170.0,60.39280319213867,0.0,False,1,6fd5ea956355d85c2d3d98f3c5632d7d8a1e128c,structurally_valid
kurp_0560,1831,:616:7944,MESHBANK1,221,80,1,False,2.8854408264160156,2.0,171.64938354492188,60.739776611328125,-0.8897266387939453,False,1,ef9cba766b7e4ac7beb1ce79078fee3a25f3f161,structurally_valid
kurp_0561,1834,:616:7950,MESHBANK1,204,80,1,True,1.9394594430923462,2.6196272373199463,170.75608825683594,60.0,0.0,True,1,522b6a28fcabc77098deae30e1c108e9a7e754e2,structurally_valid
kurp_0562,1837,:617,MESHBANK1,300,120,1,True,3.5864527225494385,2.0,170.0,60.39280319213867,0.0,False,1,d6e23d86587f25cab680913cf45e6dbcd227b7af,structurally_valid
kurp_0563,1840,:619,MESHBANK1,64,56,1,False,3.4102559089660645,2.7159500122070312,200.0,40.0,0.0,True,1,24d88a2cf94af3333e1e8f890dc50edd0564d1fe,structurally_valid
kurp_0564,1843,:620,MESHBANK1,492,480,1,False,6.539064884185791,0.9799998998641968,230.4449462890625,18.578853607177734,-1.7939622402191162,True,1,d3d901338a87ee7aa4669bad32f800711b320f50,structurally_valid
kurp_0565,1849,:626:648,MESHBANK1,72,36,1,False,4.114482402801514,2.0,160.0,42.89192581176758,4.414328813595603e-08,True,1,21eaea5881606734ccaf4ce3a5dcec6dc827dd0a,structurally_valid
kurp_0566,1852,:627,MESHBANK1,63,72,1,True,2.3478548526763916,2.0,160.00096130371094,40.00035095214844,2.144952304661274e-08,False,1,ae844a4eef1fdc9754ccb99d92a101242cca6859,structurally_valid
kurp_0567,1855,:629,MESHBANK1,221,80,1,False,2.879953145980835,2.0,168.96217346191406,60.365020751953125,-0.8884429931640625,False,1,247137a41905b174d94ef49e5d60a39c71b0368f,structurally_valid
kurp_0568,1858,:630:12116,MESHBANK1,492,480,1,False,1.6830830574035645,3.0,90.0,100.0,0.0,True,1,e57571ecfa30b17e5b226f6cce08280c87dce334,structurally_valid
kurp_0569,1861,:632,MESHBANK1,384,432,1,False,6.613195419311523,0.699999988079071,230.0,30.5,0.0,True,1,3562b65342cc9d7dbaf538b3cf478d94f732304d,structurally_valid
kurp_0570,1864,:633,MESHBANK1,221,80,1,False,2.8850417137145996,1.9999998807907104,170.4406280517578,61.781803131103516,-0.8900012969970703,False,1,e457652a9503c4601005aa7486a93bf40f30356c,structurally_valid
kurp_0571,1867,:634,MESHBANK1,32,28,1,False,2.067701816558838,2.0,200.0,35.8702392578125,1.9238354980188888e-06,True,1,a21d0439d74b0f7e59995ed26d2e5c1523b0da9a,structurally_valid
kurp_0572,1870,:635,MESHBANK1,221,80,1,False,2.8833069801330566,2.0,170.306396484375,59.0711669921875,-0.8869953155517578,False,1,3013451ce1d2234fe9defde801509468835d25a7,structurally_valid
kurp_0573,1873,:637,MESHBANK1,63,72,1,True,2.734018087387085,2.0,160.00096130371094,40.00035095214844,2.130400389432907e-08,False,1,553777f778c4e01618d00df4c27f1b4dd4658c06,structurally_valid
kurp_0574,1876,:639,MESHBANK1,212,80,1,True,3.2654662132263184,1.9999998807907104,170.75608825683594,60.0,0.0,False,1,afae5d601af9aff86f61bbf3bf44b79fef1369fd,structurally_valid
kurp_0575,1879,:641,MESHBANK1,200,80,1,True,4.044305801391602,1.192443609237671,170.75608825683594,60.0,0.0,False,1,fa0dac0706a544d8c53f866dd6592980dee4907d,structurally_valid
kurp_0576,1882,:642:9726,MESHBANK1,65,72,1,False,11.794435501098633,0.9999999403953552,230.44544982910156,67.1313247680664,5.7347917556762695,False,1,bf937e0e6c5ebf41893e4ebd2044e4e6d8666cd0,structurally_valid
kurp_0577,1885,:643:14245,MESHBANK1,160,150,1,False,2.1025803089141846,3.0,159.82447814941406,60.049346923828125,5.977531433105469,False,3,6893ba181d0935423001fe3f3575bf19adf3bfc0,structurally_valid
kurp_0578,1894,:645,MESHBANK1,63,72,1,False,11.952710151672363,0.9999999403953552,230.44544982910156,67.1313247680664,5.7347917556762695,False,1,ccbb98ca5decc078a4ba2234b578a0816da896bb,structurally_valid
kurp_0579,1897,:649,MESHBANK1,104,84,1,False,3.090794324874878,2.7159500122070312,200.0,40.0,0.0,True,1,4e203cfd2d0c649ad2355ab75141f08ab6159d31,structurally_valid
kurp_0580,1900,:656,MESHBANK1,216,280,1,True,4.166299819946289,1.0,179.8519287109375,0.3458430767059326,1.4288557767868042,False,1,1c2408823cf5a1e701e92f81f836d4531c1ee70b,structurally_valid
kurp_0581,1903,:657,MESHBANK1,202,136,1,False,2.5636632442474365,1.5000001192092896,153.7582244873047,60.70180130004883,0.0,False,1,8de08bb34298b65386c0d948405b28465ce8de25,structurally_valid
kurp_0582,1906,:661,MESHBANK1,84,72,1,False,12.063943862915039,0.9999999403953552,230.44544982910156,67.1313247680664,5.807840824127197,False,1,5c2d40cfd555300ab169167e715dda46301082a2,structurally_valid
kurp_0583,1909,:664,MESHBANK1,184,112,1,False,5.135502338409424,2.7159500122070312,200.0,40.0,0.0,True,1,fc571c074422be250c95a94fb76e9e5214b93146,structurally_valid
kurp_0584,1912,:665,MESHBANK1,72,36,1,False,4.114482402801514,1.999999761581421,146.63832092285156,39.519107818603516,2.384552001953125,False,1,cce7c06eb67e249eb03286e939959a12a4a8e002,structurally_valid
kurp_0585,1915,:679,MESHBANK1,136,112,1,False,3.754106044769287,2.7159500122070312,200.0,40.0,0.0,True,1,ef0e98f30dd52f2a7d7c1dc82e5777fe7a09b076,structurally_valid
kurp_0586,1918,:68,MESHBANK1,336,304,1,False,3.203610897064209,2.0,280.0,-142.78941345214844,-194.69818115234375,False,1,177eabfcb227d74193be920afb70019764057177,structurally_valid
kurp_0587,1921,:682,MESHBANK1,72,36,1,False,3.0693135261535645,2.0,148.63282775878906,41.57199478149414,4.372020721435547,False,1,92beb6827f2c7aca9bde7f26f90b682686a530c9,structurally_valid
kurp_0588,1924,:683,MESHBANK1,202,136,1,False,2.5636632442474365,1.5,147.6981964111328,57.33158493041992,0.0,False,1,326bc8830e93cb3aa525130cb6fa9ce5edef2e24,structurally_valid
kurp_0589,1927,:694,MESHBANK1,96,84,1,False,3.776629686355591,2.7159500122070312,200.0,40.0,0.0,True,1,23ff772f4e2ff8b70c57241da685b69fca1af27c,structurally_valid
kurp_0590,1930,:699,MESHBANK1,144,72,1,False,4.52287483215332,2.0,152.67417907714844,43.16007614135742,3.8716869354248047,False,1,aea760acac0ac9bbb9402f41e3f93df6a4a4c26c,structurally_valid
kurp_0591,1933,:70,MESHBANK1,96,72,1,False,3.3898520469665527,1.5,290.0,100.0,0.0,False,1,2aa9981d8542b40bfc584e8517c479859281b5ba,structurally_valid
kurp_0592,1936,:704,MESHBANK1,4,2,1,False,2.262741804122925,2.147081136703491,220.0,16.934328079223633,0.10746566206216812,False,1,d954177864fa912e0c47e0219f96ea0c84140ab2,structurally_valid
kurp_0593,1939,:709,MESHBANK1,64,56,1,False,3.1670801639556885,2.7159500122070312,200.0,40.0,0.0,True,1,9c1d307579b6f3f496c0a899b05b1bcfad812fae,structurally_valid
kurp_0594,1942,:710,MESHBANK1,202,136,1,False,2.0970232486724854,1.5,148.1531982421875,59.850826263427734,0.0,False,1,e1e78115dacd933a5fddc4915dcd2df61a7821db,structurally_valid
kurp_0595,1945,:717,MESHBANK1,72,36,1,False,3.055708408355713,1.999999761581421,148.51864624023438,39.156822204589844,4.2912139892578125,False,1,e22d36142089ce6724d9029308a2aeb125e4d3a6,structurally_valid
kurp_0596,1948,:724,MESHBANK1,68,56,1,False,4.434413909912109,2.0,200.14125061035156,33.212066650390625,0.18724748492240906,False,1,6165d8d69b77b6ab0bd004ca92840b6857be77ee,structurally_valid
kurp_0597,1951,:726,MESHBANK1,132,120,1,False,4.528278827667236,1.5,159.72738647460938,-0.21339565515518188,0.001538870856165886,True,1,03e0637e549d18332afda921eafb1cfe3f69da44,structurally_valid
kurp_0598,1954,:7331,MESHBANK1,64,32,1,False,5.1225786209106445,1.0,298.96588134765625,58.82062530517578,2.387958526611328,False,1,01402784da00a8d5f6cb83ac458bd2a2d19904bb,structurally_valid
kurp_0599,1957,:735,MESHBANK1,72,36,1,False,3.4211175441741943,2.0,149.97549438476562,36.411197662353516,3.1793594360351562,False,1,3614ff0c53bba9780d7c3095ad6d6f7a3dcfa2cc,structurally_valid
kurp_0600,1960,:737,MESHBANK1,200,208,1,False,2.8822624683380127,1.2805262804031372,149.18870544433594,57.069122314453125,2.2512760162353516,False,1,253b141d64c60e064c8c3b5195afae57563b6825,structurally_valid
kurp_0601,1963,:739,MESHBANK1,92,56,1,False,4.222019195556641,2.0,196.67233276367188,40.605796813964844,7.434548854827881,True,1,24d13e23ab9ef014f1b4d0f20f2386e5271f0523,structurally_valid
kurp_0602,1966,:73:9104,MESHBANK1,72,36,1,False,8.084184646606445,1.0,290.0,80.0,0.9768710136413574,True,1,30b9752679ec6a8cff651b93ef1fe59e390e4375,structurally_valid
kurp_0603,1969,:73:9116,MESHBANK1,36,18,1,False,8.137533187866211,1.0,290.0,80.0,0.9768710136413574,True,1,2103bc66a8431f1151f26cdf164f2cc4947b3c80,structurally_valid
kurp_0604,1972,:747,MESHBANK1,132,120,1,False,5.377065658569336,1.5,160.1383819580078,0.511976957321167,0.010586898773908615,True,1,dc201e39f47a941eda760698838059f506473abd,structurally_valid
kurp_0605,1975,:754,MESHBANK1,80,56,1,False,2.5106022357940674,2.7159500122070312,200.0,40.0,0.0,True,1,154463b6e12fb95ac38560921989195615854efe,structurally_valid
kurp_0606,1978,:755,MESHBANK1,40,20,1,False,3.845546245574951,3.0,141.6305389404297,38.06640625,0.0,False,1,6e1b7b6374fe911fcc4dd162f3d659cdc27f5bcd,structurally_valid
kurp_0607,1981,:7617,MESHBANK1,64,60,1,False,2.001627206802368,1.0,238.9739227294922,60.5924072265625,0.42612582445144653,False,1,95bfae940ae36df37db104300a05bf383e19c9a4,structurally_valid
kurp_0608,1984,:7636,MESHBANK1,192,180,1,False,2.8663618564605713,1.0,239.85130310058594,59.797576904296875,2.209179162979126,False,1,39e3b4a606d3271c98f0c76f6a1253aea366f851,structurally_valid
kurp_0609,1987,:764,MESHBANK1,200,208,1,False,2.786452293395996,1.5,147.13133239746094,61.166690826416016,2.4969558715820312,False,1,8bbf16de5404e92bda0967509ff64d57b09f13f1,structurally_valid
kurp_0610,1990,:765,MESHBANK1,132,120,1,False,5.4503326416015625,1.5,160.80599975585938,-0.8480925559997559,0.00976127851754427,True,1,49f019fbe0548741bbf1f75652f19494e4b0685b,structurally_valid
kurp_0611,1993,:7650,MESHBANK1,192,180,1,False,2.377255916595459,1.0,240.07382202148438,59.83183670043945,1.9347460269927979,False,1,b19adf422bf93dda4e834674b1102264a8a262ea,structurally_valid
kurp_0612,1996,:766,MESHBANK1,40,20,1,False,3.1948745250701904,3.0,137.37132263183594,37.83360290527344,0.0,False,1,bdc0f5c53db25dea864e427c20156cb800076352,structurally_valid
kurp_0613,1999,:7664,MESHBANK1,144,180,1,False,2.594881772994995,1.0,239.90869140625,59.875709533691406,2.209179162979126,False,1,cfab753c6e73c5ef3d4ac4e6edfc7282c45b0c7a,structurally_valid
kurp_0614,2002,:770,MESHBANK1,96,84,1,False,3.5390334129333496,2.7159500122070312,200.0,40.0,0.0,True,1,7c9fa1788d19dd1fccd606977f3be970033ed184,structurally_valid
kurp_0615,2005,:776,MESHBANK1,40,20,1,False,3.9807701110839844,2.999999761581421,143.64283752441406,39.7890625,0.0,False,1,fba544489172cccaea0bef922c2507b9de32594a,structurally_valid
kurp_0616,2008,:779,MESHBANK1,132,120,1,False,5.630269527435303,1.5,161.4529571533203,-1.4215047359466553,-0.0005480736144818366,True,1,a2d8b094917013443ecfff0d5a26de32c690f5cf,structurally_valid
kurp_0617,2011,:787,MESHBANK1,40,20,1,False,3.935142993927002,3.000000238418579,138.55462646484375,34.96636199951172,0.0,False,1,f87926cc75a7106a8b4e40bc6e838861f112c7af,structurally_valid
kurp_0618,2014,:791,MESHBANK1,275,208,1,False,2.911851406097412,1.5000001192092896,153.41510009765625,57.529510498046875,3.577970504760742,False,1,b7f568b7cb5425d025e31f1ad9c236e64977a500,structurally_valid
kurp_0619,2017,:792:9891,MESHBANK1,30,32,1,False,7.413817882537842,1.0,205.42886352539062,80.48260498046875,0.5979270935058594,False,1,d7587e74dfdbfe4253f4b996dcf247f7e0c9a7ad,structurally_valid
kurp_0620,2020,:792:9899,MESHBANK1,45,48,1,False,8.263128280639648,1.0,203.13418579101562,83.73517608642578,0.38157299160957336,False,1,1c021dc5c3a20bc2c0d2c24becedf223810450ab,structurally_valid
kurp_0621,2023,:792:9907,MESHBANK1,60,64,1,False,10.137004852294922,1.0,200.0,80.0,0.3632240891456604,False,1,e91e5b3360769c22e802e38967c1b088bcafd84a,structurally_valid
kurp_0622,2026,:798,MESHBANK1,40,20,1,False,3.851057291030884,3.0,135.2938232421875,42.2974967956543,0.0,False,1,bb9238469ff4dc5eac6084e409cd68d264a0a70c,structurally_valid
kurp_0623,2029,:800,MESHBANK1,88,80,1,False,5.5029497146606445,1.5,160.1173553466797,-0.6012088060379028,-0.0003234936739318073,True,1,42a3f8356d9e257b14f5c68de7ae7c26a4d8f9f8,structurally_valid
kurp_0624,2032,:809,MESHBANK1,40,20,1,False,3.8510565757751465,2.999999761581421,144.7061767578125,37.7025032043457,0.0,False,1,dd420ac67b68effe4750b998cb7c9d606a65cbdb,structurally_valid
kurp_0625,2035,:81,MESHBANK1,144,180,1,False,7.11493444442749,1.0096750259399414,270.0,60.0,1.789257287979126,True,1,a287ace60b7e7caa558537cc86a71d708eeb1cdd,structurally_valid
kurp_0626,2038,:818,MESHBANK1,243,208,1,False,3.070950746536255,1.5,148.06529235839844,62.30267333984375,-0.39795398712158203,False,1,c06db59c36852d3ac82d07756325ca619a52a126,structurally_valid
kurp_0627,2041,:821,MESHBANK1,132,120,1,False,5.329863548278809,1.5,158.831787109375,-0.25585487484931946,0.052719756960868835,True,1,b12cd24a0b44dce8de4e696a9323b2d6b3e68472,structurally_valid
kurp_0628,2044,:822,MESHBANK1,816,800,1,False,5.455723762512207,1.4999998807907104,129.99160766601562,37.0,0.0,False,1,84276c2d496c9f988abc45ae97b4b8dcba346ed2,structurally_valid
kurp_0629,2047,:827,MESHBANK1,45,48,1,False,27.237201690673828,0.2824997007846832,200.63018798828125,83.7197265625,0.48912549018859863,False,1,9436107c3cdabef4d45fe374f16a3f46b70c5315,structurally_valid
kurp_0630,2050,:835,MESHBANK1,816,800,1,False,5.681204795837402,1.4999998807907104,130.29159545898438,37.13079071044922,0.0,False,1,0d4a27f99f74aa4753b9d3f46add66aac62b86c4,structurally_valid
kurp_0631,2053,:839,MESHBANK1,264,240,1,False,5.685622215270996,1.5,159.67791748046875,-0.36852699518203735,0.021636376157402992,True,1,4d31746a3ef93629d228b5f4e6925367765a42d7,structurally_valid
kurp_0632,2056,:845,MESHBANK1,273,208,1,False,3.564375400543213,1.5,152.59474182128906,62.508445739746094,4.569919586181641,False,1,811b7bf8383e332a482e260c6f28bfe6d6a6e983,structurally_valid
kurp_0633,2059,:853,MESHBANK1,132,120,1,False,6.322607040405273,1.5,160.47390747070312,0.0031073649879544973,0.014596461318433285,True,1,dd2e4ba9fcdd96bb468985e3f5819d9a57bcdc60,structurally_valid
kurp_0634,2062,:871,MESHBANK1,132,120,1,False,5.534731864929199,1.5,160.0193634033203,-0.036632996052503586,0.010277627035975456,True,1,d8804a7f31b8203b4696be5cedff3ff9d02590bf,structurally_valid
kurp_0635,2065,:872,MESHBANK1,297,208,1,False,3.6443979740142822,1.5000001192092896,147.7012481689453,60.68742370605469,5.441359519958496,False,1,9b07b29d97cff3989a435b22c2a8634b92643e4c,structurally_valid
kurp_0636,2068,:8796,MESHBANK1,16,8,1,False,2.9506406784057617,3.0,20.0,61.21536636352539,1.1068079471588135,True,1,32d5f64ce4767a1da24a8a7125417218804ba512,structurally_valid
kurp_0637,2071,:8809,MESHBANK1,308,320,1,False,0.5323349237442017,4.277099609375,19.993640899658203,56.994659423828125,1.1562482118606567,False,1,bb432dc70adbeffb32566334f50bcecc0872d465,structurally_valid
kurp_0638,2074,:8821,MESHBANK1,308,320,1,False,0.5508137345314026,4.277099609375,19.993640899658203,56.67546463012695,1.1562482118606567,False,1,2921fd4c9c9f3785593ba1bcebd0e00742b353c7,structurally_valid
kurp_0639,2077,:8843,MESHBANK1,176,160,1,False,0.6486536860466003,4.277099609375,19.956247329711914,56.63542556762695,1.1714173555374146,False,1,972855bb9b46ffdc871def0c7e2b0b5e03a5f38b,structurally_valid
kurp_0640,2080,:885,MESHBANK1,105,160,1,True,1.841364860534668,1.5,210.0,35.0,-0.1860315054655075,False,1,63167d1a49c03d7b53c18afb377c29b32ac56b8c,structurally_valid
kurp_0641,2083,:8855,MESHBANK1,85,80,1,False,1.0788240432739258,3.0,20.0,60.0,1.1068079471588135,True,1,8a0d92f27c39ece4a6e1855341f02abbb116e814,structurally_valid
kurp_0642,2086,:892,MESHBANK1,132,120,1,False,5.1275200843811035,1.5,159.32830810546875,-0.16503292322158813,0.006154774688184261,True,1,f5f7d9dcb2960aa52b502236300d0e99e392dbe4,structurally_valid
kurp_0643,2089,:895,MESHBANK1,105,160,1,True,2.172071933746338,1.5,210.0,35.0,-0.1860315054655075,True,1,1b17e2346feb119b280f3449c910daff4374b5b9,structurally_valid
kurp_0644,2092,:899,MESHBANK1,246,208,1,False,2.23946213722229,2.056934118270874,150.58270263671875,56.10284423828125,0.0,False,1,0e800f4f18971ce1f1f74a3f1778bcc3055c2d53,structurally_valid
kurp_0645,2095,:903,MESHBANK1,132,120,1,False,5.023637771606445,1.5,160.75653076171875,0.48267126083374023,0.004021684639155865,True,1,18b490077e1e83fa4a6aaa402165260414879dcd,structurally_valid
kurp_0646,2098,:9033,MESHBANK1,54,36,1,False,4.887966156005859,2.0,300.0,76.3095474243164,2.817565679550171,False,1,b31d148a276e9448f6777495bda50f90b3f3dfbe,structurally_valid
kurp_0647,2101,:905,MESHBANK1,105,160,1,True,2.059422254562378,1.5,210.0,35.0,-0.1860315054655075,False,1,193fb44b7a7cd3ce038f21d06672af40e679e0ba,structurally_valid
kurp_0648,2104,:9050,MESHBANK1,54,36,1,False,4.816921234130859,2.0,300.0,83.6904525756836,2.817565679550171,False,1,00dd289e942b1522e0f8da0252a956edf8ed8d41,structurally_valid
kurp_0649,2107,:9067,MESHBANK1,168,160,1,False,3.0820517539978027,2.0,300.0,80.0,0.0,True,1,18f33d9c3100aa550873cc0fd13bd5f3cb20d4e2,structurally_valid
kurp_0650,2110,:915,MESHBANK1,105,160,1,True,1.9114741086959839,1.5,210.0,35.0,-0.1860315054655075,True,1,e11adcdbaca3c1d44029455bc1bd7ae3c4551fcf,structurally_valid
kurp_0651,2113,:9233,MESHBANK1,78,120,1,True,2.0505435466766357,2.0,270.16259765625,79.98793029785156,4.35864782333374,False,1,35db09cdba5bec60117a77e687ef39a5599bb968,structurally_valid
kurp_0652,2116,:924:12421,MESHBANK1,420,392,1,True,3.942441940307617,1.8410526514053345,46.977088928222656,104.44449615478516,-1.9621315002441406,False,1,3b36649a0ded24c2efc84c8f30c8afa10b7d539a,structurally_valid
kurp_0653,2119,:924:12423,MESHBANK1,476,448,1,True,5.306910991668701,1.4106876850128174,46.740211486816406,104.51310729980469,-1.4417896270751953,False,1,5254826a5755cd81d24169c13cb299df24f253ac,structurally_valid
kurp_0654,2122,:924:12425,MESHBANK1,147,168,1,True,4.123220443725586,1.9232431650161743,48.23579025268555,103.36050415039062,-0.08520698547363281,False,1,77c14c0bc08a6329001f1296cd7a325b150d5b5e,structurally_valid
kurp_0655,2125,:924:12427,MESHBANK1,616,728,1,True,2.801553249359131,3.0,47.6994743347168,95.06627655029297,0.0,False,1,954f01ab8fb6d71673cc26457fa452418433ca74,structurally_valid
kurp_0656,2128,:924:12429,MESHBANK1,308,280,1,True,6.70848274230957,1.0934829711914062,51.92185592651367,102.4529800415039,-1.496429443359375,False,1,36663606d00286db018725bfd359da32c94426d6,structurally_valid
kurp_0657,2131,:924:12431,MESHBANK1,630,560,1,True,4.148574352264404,1.756807565689087,46.46930694580078,100.07475280761719,-0.13065338134765625,False,1,51e4d578cbfca64e92c2836592e78a1ddaf113fc,structurally_valid
kurp_0658,2134,:925,MESHBANK1,4,2,1,False,4.127592086791992,1.0217254161834717,210.0,35.0,-0.1860315054655075,True,1,661b1feb6996a37b2a5b2fa327233f9af0c89538,structurally_valid
kurp_0659,2137,:9268,MESHBANK1,78,120,1,True,2.5211517810821533,2.0,270.0025634765625,79.98793029785156,4.056952953338623,False,1,9d9726e83000fffd0b187f5e25182286a077734e,structurally_valid
kurp_0660,2140,:926:8275,MESHBANK1,63,80,1,False,6.050014019012451,1.0,135.95346069335938,59.2864875793457,0.0,False,1,46f82a5b9aa87461a71afb35c56b89e1c300ad9f,structurally_valid
kurp_0661,2143,:927,MESHBANK1,63,80,1,False,4.145144462585449,0.9999999403953552,138.8701171875,62.42304229736328,0.0,False,1,edde0e1fd9df9624866e16b98d94f449141a3233,structurally_valid
kurp_0662,2146,:92:5650,MESHBANK1,449,416,1,False,3.684813976287842,3.0,290.0,40.0,0.0,True,1,85225a4f2bf8fc7828f09023632342f0dbe74de5,structurally_valid
kurp_0663,2149,:9303,MESHBANK1,132,120,1,True,1.3953266143798828,2.0,268.6709899902344,80.19574737548828,4.7668843269348145,False,1,0fd03e994e912c0d899d77119cc2ac12375330ed,structurally_valid
kurp_0664,2152,:9312,MESHBANK1,80,60,1,False,1.8722202777862549,2.0,269.2017517089844,79.7822494506836,3.7290873527526855,False,1,1203caf492640b5cdb2027e0676ea73d0e0d446a,structurally_valid
kurp_0665,2155,:9321,MESHBANK1,72,60,1,False,1.4848154783248901,2.0,271.3836669921875,78.50962829589844,4.251838207244873,False,1,e20e5f9f000b6d05b654d96d88f920d1f65fbb1f,structurally_valid
kurp_0666,2158,:9329,MESHBANK1,78,60,1,True,1.9242596626281738,2.0,269.003173828125,79.7822494506836,3.747722625732422,False,1,57234dd0b38c31f28bee0163acca9097665a9039,structurally_valid
kurp_0667,2161,:9337,MESHBANK1,72,60,1,True,1.36622953414917,2.0,270.9761047363281,79.24340057373047,4.443633556365967,False,1,d57cf3b36e13939ff0dfe0efa280f9fb40192205,structurally_valid
kurp_0668,2164,:937,MESHBANK1,132,120,1,False,5.0258259773254395,1.5,160.8419952392578,-0.9150129556655884,0.1259547770023346,True,1,346ba0bf2691ed13b85d1558a8eff7b9f61fae0f,structurally_valid
kurp_0669,2167,:940,MESHBANK1,8,4,1,False,1.754063367843628,3.0,121.9204330444336,39.12074661254883,3.7554473876953125,False,1,987dbccf12afa42a13ac8bbf1523aa4e15d5ac4e,structurally_valid
kurp_0670,2170,:942,MESHBANK1,63,80,1,False,4.546187877655029,1.0,139.74444580078125,57.07896041870117,0.0,False,1,5a1d2a1f98949cd40409de71ede73e23d0700071,structurally_valid
kurp_0671,2173,:944,MESHBANK1,63,80,1,False,4.546187877655029,1.0,137.75381469726562,58.11521911621094,0.0,False,1,c5da313e6420bff910f425ed5cae1f1709e4069a,structurally_valid
kurp_0672,2176,:946,MESHBANK1,63,80,1,False,4.145145416259766,1.0,140.0,57.32646942138672,0.0,False,1,c90d6c3c0dfcd7e2e2c29f68dda94bfed2832539,structurally_valid
kurp_0673,2179,:948,MESHBANK1,63,80,1,False,6.057921409606934,0.9999998807907104,137.23716735839844,62.7628288269043,0.050438642501831055,False,1,86184e236494291c6952dd202bb0b98b7a3faa7e,structurally_valid
kurp_0674,2182,:949,MESHBANK1,73,72,1,False,5.508303642272949,1.0,40.013954162597656,100.03710174560547,-3.67679762840271,True,1,630f918ecccba2eb03a5e34c3a9564475a029b8b,structurally_valid
kurp_0675,2185,:95,MESHBANK1,144,180,1,False,6.05120325088501,1.0,270.0,60.0,1.8564172983169556,True,1,85d14a8f27a5ccf3ace5bc47a4d14f931eadf200,structurally_valid
kurp_0676,2188,:950,MESHBANK1,63,80,1,False,4.546189308166504,1.0,142.83229064941406,60.758907318115234,0.0,False,1,89f423a76d955bc8e23888dfb3ae7d22f9b33c3e,structurally_valid
kurp_0677,2191,:952,MESHBANK1,63,80,1,False,4.145145893096924,1.0,137.48770141601562,60.91440200805664,0.0,False,1,f7522bb482243ca5d04ee1d56a55290b461d4744,structurally_valid
kurp_0678,2194,:9541,MESHBANK1,4,2,1,False,0.5741807222366333,4.248075008392334,230.00042724609375,77.71334838867188,0.7402761578559875,False,4,97a4a3040f8f5501dda04a1a32d34f11c2cfd91f,structurally_valid
kurp_0679,2197,:956,MESHBANK1,63,80,1,False,6.057921409606934,1.0,142.9931182861328,62.51152038574219,0.050438880920410156,False,2,a30fba6609bcb0af1a5083f3318bb493d76969ea,structurally_valid
kurp_0680,2200,:9569,MESHBANK1,4,2,1,False,0.5741807222366333,2.36053204536438,230.2922821044922,77.21815490722656,-0.29440221190452576,False,4,aba1e2fd099d33a6b34e312598c68a55a587b4d3,structurally_valid
kurp_0681,2209,:958,MESHBANK1,63,80,1,False,6.635353088378906,1.0,141.90452575683594,55.91572570800781,0.0,False,1,8264622033238fe27db758644adba96a0ae40008,structurally_valid
kurp_0682,2212,:9584,MESHBANK1,4,2,1,False,1.3815877437591553,3.0,231.17958068847656,79.11213684082031,-0.2984235882759094,False,1,1cbc68f405be7d6c2e34f04e3c841f7b6c650245,structurally_valid
kurp_0683,2215,:9587,MESHBANK1,4,2,1,False,1.6259996891021729,2.999999761581421,231.2472381591797,79.4466781616211,0.7769138216972351,False,1,c3a10c3944f3b0916e6d2cf722c8928e0f259ed2,structurally_valid
kurp_0684,2218,:9590,MESHBANK1,4,2,1,False,1.2038465738296509,3.0,230.23960876464844,78.86883544921875,1.0983318090438843,False,1,1cd60ddc0ab5474237810008aec4efab8980ffbd,structurally_valid
kurp_0685,2221,:9593,MESHBANK1,4,2,1,False,0.962138295173645,3.0,229.51104736328125,78.53801727294922,0.7949825525283813,False,1,81998251f0cc4ac6e49f4b479aa3d8718e27eca5,structurally_valid
kurp_0686,2224,:960,MESHBANK1,63,80,1,False,6.635351657867432,0.9999999403953552,138.4586944580078,55.76527786254883,0.0,False,1,9fb6ce51cf9b85eb71b7dd378f32d02f57a70ed1,structurally_valid
kurp_0687,2227,:9605,MESHBANK1,4,2,1,False,1.2765744924545288,2.999999761581421,230.5400390625,78.96839904785156,-0.9854806661605835,False,1,02be4f6ebda569fa4b0e8336f0e7b250f5740804,structurally_valid
kurp_0688,2233,:962,MESHBANK1,63,80,1,False,6.6353535652160645,0.9999998807907104,143.1865692138672,63.18657684326172,0.0,False,1,85a6e244da69021eae7f49948ab7436f2754ecb0,structurally_valid
kurp_0689,2236,:964,MESHBANK1,63,80,1,False,6.050014972686768,1.0,142.05447387695312,56.4415397644043,0.0,False,1,20ea021bf735a42c7419bc31c61d4ce3c81d7500,structurally_valid
kurp_0690,2239,:966,MESHBANK1,63,80,1,False,6.050013542175293,0.9999999403953552,136.63414001464844,62.3568000793457,0.0,False,1,cc535ac627075c05918dcd185542a4b10ac122e7,structurally_valid
kurp_0691,2242,:967,MESHBANK1,63,80,1,False,8.841790199279785,1.0,134.1995849609375,61.55421829223633,0.05043840408325195,False,1,870204d6711c10d651b5695f38b61b158cec27da,structurally_valid
kurp_0692,2245,:969,MESHBANK1,190,256,1,False,0.5382376909255981,6.0,110.0,40.0,0.0,True,1,0e3403717f9d6067737fac02392f2edf5c73b5a8,structurally_valid
kurp_0693,2248,:970,MESHBANK1,63,80,1,False,8.841792106628418,0.9999999403953552,139.47662353515625,65.982177734375,0.050438642501831055,False,1,36674d54f87a198df076b0feb2a14469bacaeb6b,structurally_valid
kurp_0694,2251,:972,MESHBANK1,63,80,1,False,8.841790199279785,1.0,142.05384826660156,65.64288330078125,0.05043840408325195,False,1,87a9a664bda43d0ed8cf37633364cd0cd215e23c,structurally_valid
kurp_0695,2254,:974:10034,MESHBANK1,4,2,1,False,2.490962266921997,4.0,190.0000457763672,82.20281219482422,0.016445159912109375,False,1,37352c6337d607d6d4aa90e68d3b3af305325c0d,structurally_valid
kurp_0696,2260,:978,MESHBANK1,456,384,1,False,4.501746654510498,0.5019233226776123,130.73143005371094,61.689762115478516,0.0,False,1,43b7c291e08c2d0426583acd4d51e5cbd588ead6,structurally_valid
kurp_0697,2263,:980,MESHBANK1,380,540,1,False,9.659991264343262,0.699999988079071,100.0,40.000003814697266,-0.515247106552124,True,1,f304aeee14b325d7552a79e4806bb0336bd2a766,structurally_valid
kurp_0698,2266,:98:9129,MESHBANK1,52,26,1,False,2.04914927482605,3.637232542037964,283.5106506347656,77.48529815673828,-0.2809772491455078,False,1,0e55f9c86bb89b252b880404923fed9c267b1776,structurally_valid
kurp_0699,2269,:98:9143,MESHBANK1,52,26,1,False,2.0490376949310303,3.637233018875122,280.24603271484375,84.31041717529297,-0.2809794247150421,False,1,a83800e25e67b283e509cea4f0cb6e6896f5719a,structurally_valid
kurp_0700,2272,:98:9157,MESHBANK1,52,26,1,False,2.049109935760498,3.637232780456543,277.57879638671875,76.60966491699219,-0.28098148107528687,False,1,1f43f24600c60392e6c787e4b4e13ce9420620f2,structurally_valid
kurp_0701,2275,:993,MESHBANK1,152,128,1,False,5.2511067390441895,0.4240535795688629,130.1932830810547,61.610450744628906,0.0,False,1,1af978e117f34c5167ebc28009de86b66f350ad7,structurally_valid
kurp_0702,2278,:9931,MESHBANK1,120,144,1,False,16.046804428100586,0.37070462107658386,201.33499145507812,81.33499908447266,0.635138750076294,False,1,9b3a64c57d7d5119eec955c95d01bfe09f02f896,structurally_valid
kurp_0703,2281,:996,MESHBANK1,348,540,1,False,8.836201667785645,0.699999988079071,100.0,40.000003814697266,-0.5152471661567688,True,1,cce3ceac4bfea872f9f0cd8a91037d8d203c52a1,structurally_valid
kurp_0704,2284,A_BBB,MESHBANK1,394,220,1,True,4.193903923034668,0.9599998593330383,239.46600341796875,103.1656494140625,4.146282196044922,True,1,cf851fc727d755b35378ef59074d6d1dfa12dee1,structurally_valid
kurp_0705,2287,Bill:1547,MESHBANK1,132,128,1,False,1.8953526020050049,1.7458281517028809,300.0,120.0,7.152557373046875e-07,False,21,37a37f609edb9fb369e71932462f931cdbdeb592,structurally_valid
kurp_0706,2350,C03-1,MESHBANK1,324,312,1,False,1.5675277709960938,1.771687388420105,70.56672668457031,-0.538844645023346,2.189835548400879,False,1,ea6e050eba59b93dd4b757d7231cad607548dc62,structurally_valid
kurp_0707,2353,Cylinder01,MESHBANK1,78,120,1,False,4.964759826660156,0.8019149303436279,269.993896484375,79.98793029785156,4.859120845794678,False,1,7eb478e537f654b53103d55e776aee9b23c2b17f,structurally_valid
kurp_0708,2356,Cylinder02:3381,MESHBANK1,38,36,1,False,6.078860282897949,1.0,0.0,20.0,0.0,True,1,f315825cfd402677714ccf41e61d9a159af8a716,structurally_valid
kurp_0709,2359,Cylinder03,MESHBANK1,78,120,1,True,2.4326694011688232,2.0,269.9837341308594,79.98793029785156,4.056952953338623,False,1,9985c9ab98fd996cacd6af0cd7d2a7cdd7a87dae,structurally_valid
kurp_0710,2362,Cylinder04:3398,MESHBANK1,38,36,1,False,6.930285930633545,1.0,0.0,20.0,0.0,True,1,2f5abccfd2ba60fb81c1f98a9f370d4e122a1583,structurally_valid
kurp_0711,2365,Cylinder05:3415,MESHBANK1,38,36,1,False,5.395349502563477,1.0,0.0,20.0,0.0,False,1,86e2689feebabc2b0d8d04a462b8f82ab26f4b1d,structurally_valid
kurp_0712,2368,Cylinder08:3432,MESHBANK1,38,36,1,False,6.606553077697754,1.0,0.0,20.0,0.0,False,1,c999ed7078401b333ba532137fbce714c04d5152,structurally_valid
kurp_0713,2371,Cylinder09:3449,MESHBANK1,38,36,1,False,7.0466485023498535,1.0,0.0,20.0,0.0,False,1,7e6553cebe79d0d30fd7fa31feb390ada2cfebb0,structurally_valid
kurp_0714,2374,Cylinder10:3460,MESHBANK1,38,36,1,False,6.496580123901367,0.9999999403953552,0.0,20.0,0.0,False,1,12b42f6982e9550244af24b735d25bf3ca35d475,structurally_valid
kurp_0715,2377,Cylinder11:3471,MESHBANK1,38,36,1,False,8.036105155944824,1.0,0.0,20.0,0.0,False,1,70f80a38e4b8bfce1474eaa1d5efac902079dfeb,structurally_valid
kurp_0716,2380,Cylinder12:3482,MESHBANK1,38,36,1,False,7.692200660705566,1.0,0.0,20.0,0.0,False,1,f8cef86f60f9d9182d81143b63215a1d050b5cf2,structurally_valid
kurp_0717,2383,Dark center01:2200,MESHBANK1,4,2,1,False,5.284358501434326,2.0,89.99442291259766,23.3054256439209,0.5039805769920349,False,1,45dfaa8aea74d6b590ae52df9dc9a490d7d3b2f9,structurally_valid
kurp_0718,2386,Dark floor02:2189,MESHBANK1,4,2,1,False,6.140716552734375,1.573508620262146,89.99456787109375,20.063589096069336,0.40000003576278687,False,1,f2efa546c5601b786cadf53c9b4f9bc18d826876,structurally_valid
kurp_0719,2389,Dark ice sword01:1708,MESHBANK1,2732,2712,1,False,4.866799354553223,0.9999998807907104,249.9998779296875,115.8941650390625,2.368095636367798,False,1,ceedb594f955081c9b67ce885d4d0be7e973ab13,structurally_valid
kurp_0720,2392,Dark ice01_01,MESHBANK1,808,462,1,False,10.640606880187988,0.3999999761581421,290.60272216796875,19.594228744506836,1.0696029640695355e-16,False,1,34e76afe90dd464fd6e6d01bfd56d33d83f9e3e0,structurally_valid
kurp_0721,2395,Dark wave01,MESHBANK1,252,240,1,True,1.2535171508789062,7.3713059425354,1.9942432118114084e-05,31.5562686920166,5.889387466595508e-08,False,1,7c133af64babab2ed52d25bc2f6f4a88b44cee58,structurally_valid
kurp_0722,2398,Darkbackground01,MESHBANK1,48,24,1,False,5.086624622344971,1.0,189.99989318847656,20.000045776367188,3.123905897140503,False,1,11599906f1a896ebb2013a4a12943fef886ea6d3,structurally_valid
kurp_0723,2401,Dummy wind 02,MESHBANK1,390,400,1,False,7.413527011871338,0.8483350276947021,20.0,40.0,3.5797879695892334,False,1,7c2bb5a09d6647bd43c73d0c69a9ac790a86da21,structurally_valid
kurp_0724,2404,Dummy wind 03,MESHBANK1,390,400,1,False,6.263986587524414,0.9448155164718628,20.0,40.0,3.5320379734039307,False,1,fd1566031dd3c3805664c1bfd0819d5b9a4b114c,structurally_valid
kurp_0725,2407,Dummy wind 04,MESHBANK1,416,400,1,False,6.413326740264893,1.0453177690505981,20.0,40.0,3.5320379734039307,False,1,9ba15a87eb0279b71e9b6b1b37bcb532b9919265,structurally_valid
kurp_0726,2410,Dummy wind 05,MESHBANK1,364,400,1,False,9.86767864227295,0.7954541444778442,20.0,40.0,3.5320377349853516,False,1,d437c25002801b82e975d7b29a9e073ae75375d3,structurally_valid
kurp_0727,2413,Dummy wind 06,MESHBANK1,390,400,1,False,10.505352973937988,0.8758546113967896,20.0,40.0,3.5320379734039307,False,1,7f6f370653b9f8b2459a5698dc3fcad15df7d517,structurally_valid
kurp_0728,2416,Dummy01:1506,MESHBANK1,264,240,1,False,0.6527149081230164,4.277099609375,19.993640899658203,55.338401794433594,1.1562482118606567,False,1,d58477af29c58a826a586968a8abbb22065ef134,structurally_valid
kurp_0729,2419,Dummy01:1536,MESHBANK1,85,80,1,False,1.079916000366211,3.0,20.0,60.0,1.1068079471588135,True,1,3891a9bfc1a01f6e6a72314818e4be34f4ecfb7f,structurally_valid
kurp_0730,2422,Dummy01:467,MESHBANK1,93,120,1,False,0.6719895005226135,6.224184513092041,187.70240783691406,99.53369903564453,-0.46318021416664124,False,1,d4a3c3f241b66567f732a61e23c3c966c81bdb3f,structurally_valid
kurp_0731,2437,Dummy01:553,MESHBANK1,4,2,1,False,1.1927258968353271,3.000000238418579,228.89512634277344,78.853759765625,0.31167200207710266,False,1,238e44c5110ffce40b09c5f07e2b9524bea161fe,structurally_valid
kurp_0732,2440,Dummy01:556,MESHBANK1,4,2,1,False,1.4485735893249512,3.0,228.80490112304688,79.20399475097656,-0.6384363770484924,False,1,c0982d8161af556c8132ea56470c3056895089ec,structurally_valid
kurp_0733,2443,Dummy01:559,MESHBANK1,4,2,1,False,0.9035452604293823,3.0,229.73623657226562,78.45819854736328,-0.7700341939926147,False,1,7959b4f7c23961cd20179ecbf4e4ba0b783a3fbb,structurally_valid
kurp_0734,2446,Dummy02:724:12256,MESHBANK1,4,2,1,False,1.7677669525146484,2.0751192569732666,70.0625991821289,99.76753997802734,3.1838715076446533,False,1,05ccdd0289277ad950182162c3f9f2feeecb2b4a,structurally_valid
kurp_0735,2449,Dummy02:724:12271,MESHBANK1,4,2,1,False,1.7677669525146484,2.0751194953918457,70.0625991821289,99.76753997802734,3.1838715076446533,False,1,c902fcb0a68a0a880364aa0a3302770fc322cf1f,structurally_valid
kurp_0736,2461,Dummy03:265,MESHBANK1,72,36,1,False,2.889033079147339,2.0,270.0,0.0,0.0,False,1,03fedd3860bee6f167ea6c06cab89c2ab4101ac0,structurally_valid
kurp_0737,2464,Dummy13:402,MESHBANK1,312,300,1,False,4.415606498718262,1.0,229.35829162597656,0.4229417145252228,-0.8411051630973816,False,1,00bca4ffcd63ca87acb6c06ad8522af440964b45,structurally_valid
kurp_0738,2467,Dummy13:411,MESHBANK1,756,720,1,False,10.359589576721191,1.0,230.0,0.0,0.0,True,1,26c064291e1091812ad2256271dcb7b869eb6e06,structurally_valid
kurp_0739,2470,Dummy13:425,MESHBANK1,372,360,1,False,7.422150611877441,1.0000001192092896,230.0,0.0,0.0,False,1,259bb4b3e780888ea84b5cc95d9900296244ad0a,structurally_valid
kurp_0740,2473,Dummy13:439,MESHBANK1,504,480,1,False,7.533473014831543,1.0,230.0,0.0,0.0,True,1,82a26958e7fe3ee5a42d91c4c025dbe0e9f044b9,structurally_valid
kurp_0741,2476,Dummy13:452,MESHBANK1,504,480,1,False,7.640079975128174,1.0,230.0,0.0,0.0,True,1,1f260ae09dab312c9aa9f136e5897d845e36d0e7,structurally_valid
kurp_0742,2542,Dummy24:13614,MESHBANK1,8,4,1,False,0.12093380838632584,6.0,127.1817626953125,120.0,2.818232297897339,False,1,75094b54bf3bc5190ad0ab113f8504b5eb3e0df2,structurally_valid
kurp_0743,2545,Dummy24:13617,MESHBANK1,8,4,1,False,0.15074807405471802,6.0,127.9789810180664,119.77898406982422,3.5726523399353027,False,1,4e4f258c69a8acbfbe971d600b2f56c33e338b03,structurally_valid
kurp_0744,2548,Dummy24:13643,MESHBANK1,8,4,1,False,0.5024937987327576,1.799999713897705,128.0930938720703,119.70628356933594,3.572653293609619,False,11,c551ef46f632d96e1be74fa5fa1f219b6791a208,structurally_valid
kurp_0745,2551,Dummy24:13646,MESHBANK1,8,4,1,False,0.5024937987327576,1.7999999523162842,127.35225677490234,121.1022720336914,2.942946195602417,False,18,bad0f55e891d18cd8cfefa017e67311fe0a6706d,structurally_valid
kurp_0746,2554,Dummy24:13649,MESHBANK1,8,4,1,False,0.12093384563922882,6.0,127.10784149169922,120.36000061035156,2.6667158603668213,False,1,f43cd5e06b2265ef68301bdc6ba4c2bfd3ff14b0,structurally_valid
kurp_0747,2557,Dummy24:13652,MESHBANK1,8,4,1,False,0.13583076000213623,6.000000476837158,127.49851989746094,119.59500122070312,3.20296049118042,False,1,329fa7b28b6d2d60a6046f37b0310adaaf373bbf,structurally_valid
kurp_0748,2563,Dummy24:13658,MESHBANK1,8,4,1,False,0.16568036377429962,6.0,127.34263610839844,118.51499938964844,2.78999924659729,False,1,a3cf17ef6cea10af04e91e039cb0f2ab8a585262,structurally_valid
kurp_0749,2569,Dummy24:13664,MESHBANK1,8,4,1,False,0.13583077490329742,6.0,127.83688354492188,121.35515594482422,2.609999895095825,False,1,4238db9ea537eb4e479fe0eacc5ebff05fca5736,structurally_valid
kurp_0750,2572,Dummy24:13667,MESHBANK1,8,4,1,False,0.12093380838632584,5.999999523162842,126.95292663574219,120.0,2.5199997425079346,False,1,e1bd6e4c7ed8305a29df32860e1afcf9715762b6,structurally_valid
kurp_0751,2578,Dummy24:13673,MESHBANK1,8,4,1,False,0.1507481187582016,6.0,132.6863250732422,118.46483612060547,2.112565040588379,False,1,a8ff00720b9405b69e57f89e9a092086443217f5,structurally_valid
kurp_0752,2587,Dummy24:13706,MESHBANK1,8,4,1,False,0.12093385308980942,6.0,132.89215087890625,119.63999938964844,2.6667158603668213,False,1,3568b763e341bb74214dfd8f0f23746801e2fe02,structurally_valid
kurp_0753,2590,Dummy24:13709,MESHBANK1,8,4,1,False,0.13583077490329742,6.0,132.50148010253906,120.40499877929688,3.20296049118042,False,1,02282cbc15f87b97c63230a02c28af98195850aa,structurally_valid
kurp_0754,2596,Dummy24:13715,MESHBANK1,8,4,1,False,0.16568037867546082,6.0,132.65736389160156,121.48500061035156,2.78999924659729,False,1,e0b80e2196bf1169364e3dd27a2c13e01a30a54a,structurally_valid
kurp_0755,2602,Dummy24:13730,MESHBANK1,8,4,1,False,0.12093381583690643,6.0,133.0470733642578,120.0,-2.5200002193450928,False,1,69ff67380963fefdc0143386efb2cf9f74ebcd61,structurally_valid
kurp_0756,2605,Dummy24:13733,MESHBANK1,8,4,1,False,0.13583077490329742,5.999999523162842,132.16311645507812,121.35515594482422,-2.6100001335144043,False,1,2fca70340cb8230db8d6a9b9059c6bf9a45ba8c3,structurally_valid
kurp_0757,2608,Dummy24:13787,MESHBANK1,8,4,1,False,0.1507480889558792,6.0,127.31367492675781,118.46483612060547,-2.112565517425537,False,1,025693878407ffff62f19fda04c801147b48e17a,structurally_valid
kurp_0758,2611,Dummy24:13790,MESHBANK1,8,4,1,False,0.13583077490329742,6.0,127.83688354492188,121.35515594482422,-2.609999418258667,False,1,b7cb49b48ae90fa87490dd8decb24ccde7d45448,structurally_valid
kurp_0759,2614,Dummy24:13793,MESHBANK1,8,4,1,False,0.12093381583690643,5.999999523162842,127.1817626953125,120.0,-2.818233013153076,False,1,7e8a659bf8576d966e0bcb016bfe2b26fbea10c8,structurally_valid
kurp_0760,2617,Dummy24:13796,MESHBANK1,8,4,1,False,0.1507481187582016,6.0,127.9789810180664,120.22101593017578,-3.572653293609619,False,1,cf5d1c754cac015e6efc008f6226f71e6e5a1885,structurally_valid
kurp_0761,2620,Dummy24:13799,MESHBANK1,8,4,1,False,0.13583076000213623,6.0,127.15930938720703,119.59500122070312,-2.9735984802246094,False,1,ca13cadfa3d8ea67bd88ea247f31c15399462ef9,structurally_valid
kurp_0762,2623,Dummy24:13802,MESHBANK1,8,4,1,False,0.1507480889558792,6.0,127.7942886352539,121.1022720336914,-3.16396427154541,False,1,bd5e15c7f34a3bd3831307bb77a647dc83075068,structurally_valid
kurp_0763,2626,Dummy24:13805,MESHBANK1,8,4,1,False,0.15074816346168518,5.999999523162842,127.637939453125,119.70628356933594,-3.4845829010009766,False,1,31d941a5b631a8a021b6c36ceb893fbd1e62efde,structurally_valid
kurp_0764,2629,Dummy24:13823,MESHBANK1,8,4,1,False,0.16568036377429962,5.999999523162842,127.34263610839844,121.48500061035156,-2.7899997234344482,False,1,81ca761ac0abed3cb31f9825bccd780f6d9e8507,structurally_valid
kurp_0765,2632,Dummy24:13832,MESHBANK1,8,4,1,False,0.1507481336593628,6.0,126.84207153320312,121.13944244384766,-2.1125662326812744,False,1,b0053f1f5f3b91cfe6137d3214eeea867850635b,structurally_valid
kurp_0766,2638,Dummy24:13844,MESHBANK1,8,4,1,False,0.15074816346168518,5.999999523162842,128.86056518554688,124.18122100830078,-0.7391848564147949,False,1,a5f2d4c9b6d810d5a36aa40599dab66d74df973c,structurally_valid
kurp_0767,2641,Dummy24:13847,MESHBANK1,8,4,1,False,0.13583077490329742,6.0,128.64483642578125,123.82951354980469,0.31599676609039307,False,1,d12e5ebeeb453950d70f1d8b2071120bc3de3fc7,structurally_valid
kurp_0768,2644,Dummy24:13850,MESHBANK1,8,4,1,False,0.12093383073806763,5.999999523162842,130.0,124.44000244140625,-3.3127440701719024e-07,False,1,1edc95194b0830d2a0a0d190f587974eb02dd3fb,structurally_valid
kurp_0769,2647,Dummy24:13856,MESHBANK1,8,4,1,False,0.13583076000213623,6.0,130.40499877929688,124.56574249267578,0.09397941827774048,False,1,26e5f32a47403ba7135f308600642af3e62d32bd,structurally_valid
kurp_0770,2650,Dummy24:13859,MESHBANK1,8,4,1,False,0.12093386054039001,6.0,129.63999938964844,124.29667663574219,-0.512475848197937,False,1,75b51f9985b9843d02c0bf767a75c5f4aa6d6c8f,structurally_valid
kurp_0771,2656,Dummy24:13940,MESHBANK1,8,4,1,False,0.16568036377429962,6.0,131.48500061035156,115.69371795654297,0.09378676116466522,False,1,a38e15f061b7f83becb6023e324f593dbaeaf9e8,structurally_valid
kurp_0772,2659,Dummy24:2171,MESHBANK1,8,4,1,False,0.150748148560524,6.0,127.637939453125,120.29371643066406,3.4845821857452393,False,1,a5fcf9177320ef531a6b2f645ec99556d005c226,structurally_valid
kurp_0773,2662,Dummy24:2219,MESHBANK1,8,4,1,False,0.13583076000213623,6.000000476837158,132.8406982421875,119.59500122070312,2.973598003387451,False,1,48d64d5d87bd084536c08dd1fe787c0938fde41d,structurally_valid
kurp_0774,2665,Dummy24:2225,MESHBANK1,8,4,1,False,0.1507481187582016,6.0,132.20570373535156,121.1022720336914,3.16396427154541,False,1,7a3e2c0e928cc38fac43f0958f1ec6368d9a9c06,structurally_valid
kurp_0775,2668,Dummy24:2228,MESHBANK1,8,4,1,False,0.15074816346168518,6.000000476837158,132.362060546875,119.70628356933594,3.4845829010009766,False,1,2699b89abe63ee3ddf808d7f181872bed9719782,structurally_valid
kurp_0776,2671,Dummy24:2252,MESHBANK1,8,4,1,False,0.13583078980445862,6.0,132.16311645507812,118.64484405517578,2.6100001335144043,False,1,355c507db39656e934d2240f2887274a5abd787f,structurally_valid
kurp_0777,2674,Dummy24:2255,MESHBANK1,8,4,1,False,0.12093383073806763,5.999999523162842,133.0470733642578,120.0,2.5199999809265137,False,1,1ee09bef7d87ab7f628ee8cb9e8334c096de6621,structurally_valid
kurp_0778,2683,Dummy24:2345,MESHBANK1,8,4,1,False,0.12093386054039001,5.999999523162842,127.10784149169922,119.63999938964844,-2.6667168140411377,False,1,fe60d007e4b035ff006bdf4e5a2914b1daa42241,structurally_valid
kurp_0779,2686,Dummy24:2348,MESHBANK1,8,4,1,False,0.13583076000213623,6.0,127.49851989746094,120.40499877929688,-3.202960968017578,False,1,296446a08291c0a2a3493128e68baf6d9d6255f4,structurally_valid
kurp_0780,2698,Dummy24:2477,MESHBANK1,8,4,1,False,0.13583077490329742,6.0,128.64483642578125,116.17048645019531,0.31599682569503784,False,1,35d45e55924f6fd3a705a7ddd62ad77d2bf14d52,structurally_valid
kurp_0781,2701,Dummy24:2480,MESHBANK1,8,4,1,False,0.12093381583690643,6.0,130.0,115.60906982421875,-0.37269869446754456,False,1,0bd79d71d429762c3e26d7b9d3f713b88219be80,structurally_valid
kurp_0782,2707,Dummy_L04:1317,MESHBANK1,156,80,1,False,4.4292707443237305,1.349178671836853,26.642906188964844,40.9715576171875,4.2135210037231445,False,2,84800992dfb47f21347255446feee63756322c0b,structurally_valid
kurp_0783,2710,Dummy_L04:1320,MESHBANK1,92,56,1,False,5.322513580322266,1.1585232019424438,30.6527099609375,39.202816009521484,5.042780876159668,False,2,e26f2879fa842e533b2bcce6efe2333a7d164900,structurally_valid
kurp_0784,2713,Dummy_L04:1326,MESHBANK1,136,56,1,False,4.714590072631836,1.2210755348205566,30.99820899963379,40.168907165527344,5.206454277038574,False,1,90a14f11ea08666297f8e6c993405a27c583cd93,structurally_valid
kurp_0785,2716,Dummy_L04:1329,MESHBANK1,136,56,1,False,5.199088096618652,1.2314809560775757,30.74110221862793,40.49848175048828,5.000633716583252,False,2,ddb0b8ab957c26f3c8e193c1b1eb046089d3b5c9,structurally_valid
kurp_0786,2719,Dummy_L04:6869,MESHBANK1,156,80,1,False,4.38397216796875,1.4158821105957031,31.094179153442383,43.6399040222168,5.848546981811523,False,2,4f0ed261a9ae8ac362070d9857271bcdef13f4e5,structurally_valid
kurp_0787,2722,Dummy_L04:6878,MESHBANK1,116,80,1,False,4.849453926086426,1.1362212896347046,33.05785369873047,40.98777770996094,6.7022786140441895,False,2,e63b0fb803a1af0bbe66e1ce9bdaca7ad09d4776,structurally_valid
kurp_0788,2725,Dummy_L04:6887,MESHBANK1,96,56,1,False,1.1847188472747803,5.0,30.112104415893555,39.97271728515625,5.028541088104248,False,1,10ff8efd934ad36d45f410b37a4cb53976a65a02,structurally_valid
kurp_0789,2728,Dummy_L11:1401,MESHBANK1,188,288,1,False,1.3000000715255737,2.240121364593506,220.0,119.98979949951172,3.0,False,1,a2adc857e8d125d0504d00a1da7a0cd8cbb7f19c,structurally_valid
kurp_0790,2731,Dummy_M:765,MESHBANK1,234,300,1,True,1.3381448984146118,4.0,220.0,20.0,0.0,False,1,cec40b5c99ab779f82c3087b28ae1a8e112c33d2,structurally_valid
kurp_0791,2734,Dummy_R:2779,MESHBANK1,208,200,1,True,1.8390971422195435,4.0,219.99929809570312,21.416547775268555,-0.0043369680643081665,False,1,58c01e7efe03dd3d8c256c5d8ae15cf1180dbd2f,structurally_valid
kurp_0792,2737,Dummy_in:1369,MESHBANK1,8,4,1,False,1.3739160299301147,5.0,90.6691665649414,1.5311944484710693,-6.117037773132324,False,1,61d1e0360e0853be87edad0a785c7d4690bec75c,structurally_valid
kurp_0793,2740,Dummy_in:1379,MESHBANK1,8,4,1,False,1.092727541923523,5.0,89.99993896484375,-0.03545355796813965,-4.761024475097656,False,1,ff76d5d31fa1ef4efb5f9d6ed4d2b0f98ba53202,structurally_valid
kurp_0794,2743,Dummy_in:1382,MESHBANK1,8,4,1,False,1.5326489210128784,5.0,88.66773986816406,-1.092957615852356,-6.964174270629883,False,1,4ccfb36db8a569982920e747dc3bea760509048c,structurally_valid
kurp_0795,2746,Dummy_in:1385,MESHBANK1,8,4,1,False,1.1560957431793213,5.0,88.6614761352539,-1.399234414100647,-4.80260705947876,False,1,8cca8d16b3fa97d0be1ceb84ac669327c62e3f8c,structurally_valid
kurp_0796,2749,Dummy_in:1391,MESHBANK1,8,4,1,False,1.4112908840179443,5.0,91.49214935302734,-0.3818221688270569,-6.335249423980713,False,1,48c597404105cf9c10e0b368afaca0bba9595689,structurally_valid
kurp_0797,2752,Dummy_in:1401,MESHBANK1,8,4,1,False,1.2843611240386963,5.0,88.52848815917969,-0.03541034832596779,-5.644232749938965,False,1,5dac97a4e951bd0cbf668a82460513708a168229,structurally_valid
kurp_0798,2755,Dummy_in:1407,MESHBANK1,8,4,1,False,1.6107783317565918,4.999999523162842,88.7861099243164,1.4832032918930054,-7.36044454574585,False,1,cbd0c475aadc886ba94ce6f3aae38bd56ef931e1,structurally_valid
kurp_0799,2758,Dummy_in:1410,MESHBANK1,8,4,1,False,1.112585186958313,5.0,88.68110656738281,0.8889745473861694,-4.64567756652832,False,1,ee13d69581236daf00a7483a4ebabdce03bff981,structurally_valid
kurp_0800,2761,Dummy_in:1413,MESHBANK1,8,4,1,True,1.5957770347595215,5.0,89.99987030029297,-0.035412825644016266,-7.490384101867676,False,1,aae83363b55bc885c5877f0725a99b457e44cb56,structurally_valid
kurp_0801,2764,Dummy_in:1416,MESHBANK1,8,4,1,False,1.373722791671753,5.0,91.4217529296875,-1.3323686122894287,-6.02862548828125,False,1,3bc9c9f56c964d7a368b67aea8e86b5f2e5c4d6c,structurally_valid
kurp_0802,2767,Dummy_in:1419,MESHBANK1,8,4,1,False,0.8097103834152222,5.0,90.88835144042969,-1.0393537282943726,-3.015178680419922,False,1,832c006c0b0df12a91f2a35a01187b2b15ab1869,structurally_valid
kurp_0803,2770,Dummy_in:1425,MESHBANK1,8,4,1,False,2.018726348876953,5.0,90.67510986328125,1.8221343755722046,-8.69125747680664,False,1,9c2c02c218334ff8ad2f5cef50b08e202ec9c024,structurally_valid
kurp_0804,2773,Dummy_in:1440,MESHBANK1,8,4,1,False,1.6313883066177368,5.0,89.78325653076172,-0.03593333810567856,-6.806987762451172,False,1,27e9574fec263b37617440ab55d55bd7d3a1d5cc,structurally_valid
kurp_0805,2776,Dummy_in:1443,MESHBANK1,8,4,1,False,2.245309829711914,5.000000476837158,88.18373107910156,-1.7636674642562866,-9.70128345489502,False,1,746a34a941a3dd7aacb72fc695cb073f34af2367,structurally_valid
kurp_0806,2779,Dummy_in:1446,MESHBANK1,8,4,1,False,1.7279123067855835,5.0,88.29776763916016,-1.295540452003479,-6.977543830871582,False,1,11b5cc07fcad7d49415a9e486a2890723c17f296,structurally_valid
kurp_0807,2782,Dummy_in:1449,MESHBANK1,8,4,1,False,1.7940858602523804,4.999999523162842,92.05473327636719,-0.46433740854263306,-7.340087413787842,False,1,6d580ac6ca788fc8d5b93871d8837064a406503e,structurally_valid
kurp_0808,2785,Dummy_in:1452,MESHBANK1,8,4,1,False,2.0732665061950684,5.0,91.77448272705078,-0.6138315200805664,-8.911492347717285,False,1,094640e537545a7e591323e9d5f4313152b3a5c1,structurally_valid
kurp_0809,2788,Dummy_in:1455,MESHBANK1,8,4,1,False,1.3119271993637085,5.000000953674316,92.00423431396484,-1.5315388441085815,-4.639567852020264,False,1,31851afaed7da2039124afe81096f71f61d7fb6f,structurally_valid
kurp_0810,2791,Dummy_in:1458,MESHBANK1,8,4,1,False,0.8895858526229858,5.0,90.94384765625,-0.815159797668457,-2.5321736335754395,False,1,b4cf5b34500a91f663f571e14992c925196f80ec,structurally_valid
kurp_0811,2794,Dummy_in:1461,MESHBANK1,8,4,1,False,1.8849362134933472,5.0,87.94279479980469,-0.10032518953084946,-8.032113075256348,False,1,864f0094271f2a10202ca5e747bc97d794cac680,structurally_valid
kurp_0812,2797,Dummy_in:1464,MESHBANK1,8,4,1,False,1.2901602983474731,5.0,88.05008697509766,0.0670085996389389,-4.84688663482666,False,1,26f0274b91b5b7169a6481ce845a7d125a6c04d3,structurally_valid
kurp_0813,2800,Dummy_in:1467,MESHBANK1,8,4,1,False,2.3604161739349365,5.0,88.58345031738281,1.8186352252960205,-10.431848526000977,False,1,cf7828e3aca8f20e6de28e2c45f801dd04ab73cf,structurally_valid
kurp_0814,2803,Dummy_in:1476,MESHBANK1,8,4,1,False,2.013183355331421,5.0,91.28694152832031,-1.536760926246643,-8.580756187438965,False,1,b6b818dca2b920a7b04985084a4f83164cc1180a,structurally_valid
kurp_0815,2806,Dummy_in:1479,MESHBANK1,8,4,1,False,1.2116509675979614,5.0,91.3088150024414,-1.2588510513305664,-4.3084516525268555,False,1,ed53d5e2393977ca88ec128c8671a9d03eee0518,structurally_valid
kurp_0816,2809,Dummy_in:1482,MESHBANK1,8,4,1,False,2.0187251567840576,5.0,88.45596313476562,1.5565228462219238,-8.723736763000488,False,1,84d72156ef37a3a8fe67f48de15a0acc78556227,structurally_valid
kurp_0817,2812,Editable Mesh,MESHBANK1,168,160,1,False,3.3289456367492676,1.5,290.0,60.0,0.0,True,1,79f8f6dcaa1c6c40ed77f56eba58f1bee3d6e8cd,structurally_valid
kurp_0818,2815,Editable Poly,MESHBANK1,162,144,1,False,4.853039264678955,1.4353748559951782,300.0,0.0,0.0,True,2,0c502f07a83b446a34781b282151dc2d3dc65822,structurally_valid
kurp_0819,2818,F02:1898,MESHBANK1,30,32,1,False,0.6188856959342957,6.999999523162842,40.934364318847656,81.066162109375,-1.8615540266036987,False,1,ecf198afee9cd225346860086d201b752cf9babc,structurally_valid
kurp_0820,2821,F02:1920,MESHBANK1,15,16,1,False,0.6543146371841431,7.0,39.3435173034668,81.15339660644531,-2.3078274726867676,False,1,044f90284d65ab86f00977c8aec7554b05e1fdaa,structurally_valid
kurp_0821,2824,F02:1937,MESHBANK1,15,16,1,False,0.49387967586517334,7.0,38.34197235107422,80.98674774169922,-0.8150668144226074,False,1,5142de039e94cbb1c93ed8b81347857aad1e783c,structurally_valid
kurp_0822,2827,F02:1954,MESHBANK1,30,32,1,False,0.7451961636543274,7.000000476837158,42.19140625,81.15177917480469,-1.1230127811431885,False,1,332f0213083de6bdb5fa98b68031f304c2c59e75,structurally_valid
kurp_0823,2830,F02:1977,MESHBANK1,30,32,1,False,0.7602995038032532,6.999999046325684,42.54248046875,81.16551971435547,-0.306111603975296,False,1,acefc92e0690febc7259741004a9a6281f318c31,structurally_valid
kurp_0824,2833,F02:2000,MESHBANK1,30,32,1,False,0.7547576427459717,7.0,41.64738845825195,81.16047668457031,2.105478048324585,False,1,80e6bd9b834ffda3562ed43305509c8b46150c3f,structurally_valid
kurp_0825,2836,FinalDummy:1145,MESHBANK1,286,352,1,False,5.771196365356445,1.0000003576278687,191.84751892089844,21.202234268188477,0.18786710500717163,False,1,58c0b83245ff9eeb0329ac2c381b0d92355f807a,structurally_valid
kurp_0826,2839,FinalDummy:1157,MESHBANK1,156,192,1,False,5.189680576324463,1.000000238418579,192.95310974121094,19.89598846435547,-0.3890284299850464,False,1,b84b8d58635ad4315b4080b5d249200a5f36fcaf,structurally_valid
kurp_0827,2842,FinalDummy:1166,MESHBANK1,156,192,1,False,5.173795223236084,0.9999998211860657,188.4841766357422,20.97405242919922,2.6524128913879395,False,1,5b2fef27e994ceb8846bbe214852ff3b8a188e63,structurally_valid
kurp_0828,2845,FinalDummy:1174,MESHBANK1,201,240,1,False,4.647380352020264,0.9999997615814209,190.33291625976562,22.079959869384766,1.4567680358886719,False,1,50d4362371891531a788cd7f3d8395183e673525,structurally_valid
kurp_0829,2848,FinalDummy:1182,MESHBANK1,117,144,1,False,4.378042221069336,1.000000238418579,189.02175903320312,23.184255599975586,-0.6787886023521423,False,1,965506408b9dbaa98337f9b6029f6800e700e515,structurally_valid
kurp_0830,2851,FinalDummy:1193,MESHBANK1,156,192,1,False,4.446082592010498,1.0000003576278687,191.9804229736328,22.5235595703125,-0.04300832748413086,False,1,c970075f2c4134b76341420f5a57b1ab5ea4bb25,structurally_valid
kurp_0831,2854,FinalDummy:1204,MESHBANK1,39,48,1,False,3.0158379077911377,1.0000004768371582,190.40834045410156,19.40363883972168,1.1822364330291748,False,1,4362253e2dd87d2c1293e57ea2182b7ed66caaaa,structurally_valid
kurp_0832,2857,FinalDummy:1215,MESHBANK1,39,48,1,False,2.4496936798095703,0.9999998211860657,191.48556518554688,20.055490493774414,0.187866672873497,False,1,4ed549beb34d520b12647a5ada251af58ff7171d,structurally_valid
kurp_0833,2860,FinalDummy:1226,MESHBANK1,39,48,1,False,2.2657394409179688,0.9999997019767761,188.92410278320312,19.661701202392578,2.5353002548217773,False,1,ce81d008ab7b2dfd461422d5387a29088c4771bf,structurally_valid
kurp_0834,2863,FinalDummy:1237,MESHBANK1,47,48,1,False,3.1055169105529785,1.0000003576278687,188.87576293945312,22.06537628173828,0.6324008703231812,False,1,bc12f22a568240c8b17b92f2964a247fa637240e,structurally_valid
kurp_0835,2866,FinalDummy:1248,MESHBANK1,41,48,1,False,2.8385326862335205,0.9999997615814209,189.60816955566406,17.97951889038086,0.6324005722999573,False,1,a4c384c95632b8a25839f846e67dc4ae59560733,structurally_valid
kurp_0836,2869,FinalDummy:1259,MESHBANK1,43,48,1,False,2.9311463832855225,1.000000238418579,191.23231506347656,21.221477508544922,0.6324005126953125,False,1,737191b7db155c46d04c8537a4e50a60469035c8,structurally_valid
kurp_0837,2872,Object01,MESHBANK1,186,200,1,True,1.0207176208496094,3.000000238418579,208.59161376953125,1.2570767402648926,2.3628530502319336,False,1,81bd689d775ac7584bc58590ea489a2c720d60ef,structurally_valid
kurp_0838,2875,Object01:1861,MESHBANK1,63,72,1,False,6.595370769500732,1.0,103.39820098876953,28.98122787475586,1.6371816396713257,False,1,055d71c99b817916ef1925026848a6cdb132827d,structurally_valid
kurp_0839,2878,Object01:875,MESHBANK1,45,48,1,True,5.6210761070251465,0.8297833204269409,70.05255126953125,100.03599548339844,3.25959849357605,False,1,5096e6f6745f2a5f34962aa3b2a84b6d591034a6,structurally_valid
kurp_0840,2881,Object02,MESHBANK1,186,200,1,True,0.9959397315979004,3.0,208.23631286621094,0.512535810470581,1.8985172510147095,False,1,965a5f4be96b6cebdd649dc37cfab61455bc57b1,structurally_valid
kurp_0841,2884,Object02:863,MESHBANK1,45,48,1,True,5.6210761070251465,1.1749942302703857,69.81888580322266,100.03253936767578,3.1692442893981934,False,1,f71b21230e336e43fac0033bfd873060a59cf6e0,structurally_valid
kurp_0842,2887,Object03:1879,MESHBANK1,63,72,1,False,6.485980987548828,1.0,103.39820098876953,28.98122787475586,1.6371816396713257,False,1,c3b174c6d7fff07eca396f15f4481987b092b9b4,structurally_valid
kurp_0843,2890,Object04,MESHBANK1,208,200,1,True,1.840997338294983,4.0,219.98658752441406,21.416549682617188,-0.0824333056807518,False,1,905fa2408a7452ed4cd20d1f5abdc376bb231c07,structurally_valid
kurp_0844,2893,Object04:720,MESHBANK1,84,96,1,False,9.531387329101562,0.9999999403953552,215.0,79.96676635742188,1.6757292747497559,False,1,afe16b339cb703da3d1d0fbbbf7f108463a2588d,structurally_valid
kurp_0845,2896,Object05,MESHBANK1,84,104,1,False,6.163639068603516,0.7419494390487671,29.930845260620117,99.82221221923828,-0.5475788116455078,False,1,076fb40cf0fd38696903810b7c7a2603d56ef93c,structurally_valid
kurp_0846,2899,Object06,MESHBANK1,156,200,1,True,1.5337327718734741,4.0,219.99729919433594,19.616024017333984,-0.007208181545138359,False,1,068fdd3a036deb5e4a3dc204f42331b1c49927bc,structurally_valid
kurp_0847,2902,Object07,MESHBANK1,84,104,1,False,1.2565613985061646,4.0,29.930845260620117,99.82221221923828,-0.5475788116455078,False,1,a400c2bb7c99ac954076161c792baa9e2827f1b4,structurally_valid
kurp_0848,2905,Object08,MESHBANK1,156,200,1,True,1.5380778312683105,4.0,219.94866943359375,19.616024017333984,-0.13699574768543243,False,1,71ba68864f5511a0e5b75d452076c4c2325d2bcc,structurally_valid
kurp_0849,2908,Object09,MESHBANK1,84,96,1,False,9.248207092285156,0.699999988079071,231.59471130371094,72.65938568115234,5.0429911613464355,False,1,8a3e4cbce22d14996280328a07c3309772bd7c07,structurally_valid
kurp_0850,2911,Object10,MESHBANK1,21,24,1,False,1.0164008140563965,4.0,18.982133865356445,94.69709777832031,5.292123794555664,False,1,f010cf8e1c514b1f3de51d9438cb3b379b33ca02,structurally_valid
kurp_0851,2914,Object11,MESHBANK1,21,24,1,False,3.9503650665283203,0.9860333204269409,29.57515525817871,100.2195816040039,-1.5467476844787598,False,1,8048ea6e431a1e0347ef3ef5c9eb9bdd7778e593,structurally_valid
kurp_0852,2917,Object12,MESHBANK1,21,24,1,False,1.0550507307052612,4.0,28.450586318969727,105.18106079101562,13.277881622314453,False,1,a465e2e7ae1edf8a96d140fa28c4833d6ac39deb,structurally_valid
kurp_0853,2920,Object13,MESHBANK1,21,24,1,False,4.604294776916504,1.0682592391967773,30.361764907836914,98.96568298339844,-1.303164005279541,False,1,9b73bc02267cded7d9dc2d199309e8c32c8ccbe3,structurally_valid
kurp_0854,2923,Object14,MESHBANK1,21,24,1,False,0.6146915555000305,4.0,29.868892669677734,100.3397445678711,-0.9636921882629395,False,1,abe95b9a82618c7683ec0959aadae34234982c04,structurally_valid
kurp_0855,2926,Object15,MESHBANK1,21,24,1,False,1.2707213163375854,4.0,29.983388900756836,99.76476287841797,-1.273848056793213,False,1,8972b31e33bca36f02045bdf33a3a2dd414167a5,structurally_valid
kurp_0856,2929,Object16,MESHBANK1,21,24,1,False,4.77687406539917,0.6597450375556946,30.450969696044922,99.53311157226562,-1.1844663619995117,False,1,0692d115c953f6c31816876a3707461fc135ff11,structurally_valid
kurp_0857,2932,Object17,MESHBANK1,240,288,1,True,3.089447498321533,4.0,59.94769287109375,100.08158874511719,1.6682056188583374,True,1,20d0777649e5f38fd378751ebb83dcbb79a64a82,structurally_valid
kurp_0858,2935,Object18,MESHBANK1,21,24,1,False,5.105599880218506,0.7553955316543579,17.946765899658203,97.25226593017578,-3.381383180618286,False,1,8af7811dcdbb6ba6a7a53c118a5806576a86178f,structurally_valid
kurp_0859,2938,Object19,MESHBANK1,21,24,1,False,8.590042114257812,0.534686803817749,34.10654830932617,101.73251342773438,7.612834930419922,False,1,1a4971c40c5b10ab02f4829e4c4571eb6302e24d,structurally_valid
kurp_0860,2944,Object21,MESHBANK1,21,24,1,False,1.0428811311721802,3.999999761581421,29.64486312866211,100.65483093261719,-0.7483716011047363,False,1,cf31a8cda8a928683ce84a9c6cab9c5bb38f3e1e,structurally_valid
kurp_0861,2947,Object22,MESHBANK1,21,24,1,False,1.0634818077087402,4.0,30.47428321838379,100.37416076660156,-1.5300359725952148,False,1,6a113c6336aacc5ea8a6e801ea655aed83aa0b8f,structurally_valid
kurp_0862,2950,Object23,MESHBANK1,21,24,1,False,1.2891184091567993,4.0,29.752155303955078,100.18545532226562,-1.1257505416870117,False,1,b0b14751436cba279a4ee5f2574635d025f4f42a,structurally_valid
kurp_0863,2953,P01,MESHBANK1,160,92,1,True,1.3056182861328125,6.0,110.26061248779297,-5.565062999725342,-0.5612084865570068,False,1,68f25c2ed5220d496f7b2daf98c721a29b77913d,structurally_valid
kurp_0864,2956,P02,MESHBANK1,160,92,1,True,1.3054828643798828,6.0,108.90705871582031,-5.574146270751953,-0.44134074449539185,False,1,49dd8f3e7e8637eeb27b271a28c8fd67e75616fe,structurally_valid
kurp_0865,2959,P03,MESHBANK1,160,92,1,True,1.3057767152786255,6.0,110.24303436279297,-5.563605308532715,0.7637468576431274,False,1,aaead9db6bc40a93a16208798aaf203f2807454e,structurally_valid
kurp_0866,2962,Plane,MESHBANK1,4,2,1,False,4.744885444641113,0.8562008738517761,200.21090698242188,20.21091079711914,10.495552062988281,False,1,88f716bc05976f9e282ecf017c315c66e995e472,structurally_valid
kurp_0867,2965,Plane01,MESHBANK1,76,72,1,False,1.3695613145828247,4.794050216674805,150.0,0.0,0.0,False,8,43ff00eeeca6e549f86854cef85e77aa942c54e0,structurally_valid
kurp_0868,2968,Plane02:239,MESHBANK1,68,34,1,False,5.318362236022949,1.3933639526367188,270.0,-2.8708798034161875e-13,-1.9999999949504854e-06,False,1,f9db2b83b8828a22835f24bd69425a5fe0664e86,structurally_valid
kurp_0869,2971,Plane03,MESHBANK1,166,120,1,True,6.8295817375183105,0.9999999403953552,6.428164482116699,-1.6265416145324707,0.24229086935520172,False,1,8f640ce06ce771a4bd52f1382189f0b82c9961d5,structurally_valid
kurp_0870,2974,Plane03:0,MESHBANK1,84,80,1,False,1.4541033506393433,3.0,0.016149582341313362,80.67919158935547,-0.007308516185730696,False,1,baa08a063492b5ca22a31360f402924aa41849f6,structurally_valid
kurp_0871,2977,Plane03:1,MESHBANK1,84,80,1,False,1.4884017705917358,3.0,0.016149582341313362,80.67919158935547,-0.007308516185730696,False,1,52e36556ebe7ee2b233d239e9906340a32db7142,structurally_valid
kurp_0872,2983,Plane03:2,MESHBANK1,94,90,1,False,1.263283133506775,3.0,0.016149582341313362,80.67919158935547,-0.007308516185730696,False,1,089b8b019e62552cdb84d99e4f2d5f5abf55ebca,structurally_valid
kurp_0873,2986,Plane03:3,MESHBANK1,84,80,1,False,1.292511224746704,3.0,0.016149582341313362,80.67919158935547,-0.007308516185730696,False,1,82680b8a85d23bc8184344b700067e49f4c186f6,structurally_valid
kurp_0874,2989,Plane04-2,MESHBANK1,176,120,1,True,5.5615692138671875,1.0,6.038286209106445,-1.3140490055084229,0.2435736060142517,False,1,9fb78de98c6fc0ac3aba0f5fad43a1d8f1f7f736,structurally_valid
kurp_0875,2995,Plane05,MESHBANK1,575,560,1,True,2.2946078777313232,2.999999761581421,214.54238891601562,1.5879031419754028,-3.2174367904663086,False,1,f18f42072e851ec6d902565cd2d172742061263c,structurally_valid
kurp_0876,3007,Plane06OOO,MESHBANK1,744,720,1,False,4.047826766967773,1.999999761581421,45.81381607055664,21.162763595581055,0.07480382919311523,False,1,5a6ec15e3007485c8907f368767589a89a7bae13,structurally_valid
kurp_0877,3010,Plane06S05:688,MESHBANK1,84,96,1,False,9.529114723205566,0.9999999403953552,215.0,79.96676635742188,1.6757292747497559,False,1,91f282b8edd5fa6b8bdec230c680697376cee4fb,structurally_valid
kurp_0878,3013,Plane07,MESHBANK1,589,560,1,True,2.2946081161499023,3.0,211.5438690185547,-4.45042085647583,-3.2174367904663086,False,1,e224a0e940f50f10415b47edb4ae62bd15425ab8,structurally_valid
kurp_0879,3016,Plane07:1024,MESHBANK1,4,2,1,False,35.35533905029297,0.10912046581506729,200.21090698242188,20.21090316772461,10.495552062988281,False,1,293a14a5504d221235f01a8a22aa704ea70cd2fc,structurally_valid
kurp_0880,3019,Plane07:784,MESHBANK1,4,2,1,False,25.02069854736328,0.4115663170814514,215.0,80.0,1.0679067373275757,True,1,358aec120a0b4fbfb7534bb6b563f42379c442af,structurally_valid
kurp_0881,3022,Plane08,MESHBANK1,213,280,1,True,4.5276994705200195,0.9999999403953552,179.35430908203125,-0.15437114238739014,1.0053067207336426,False,1,1c6a12b5664a813cdbbbcb6fa57a4e4529d5a93c,structurally_valid
kurp_0882,3025,Plane09,MESHBANK1,290,280,1,True,4.876382827758789,0.9999999403953552,179.35430908203125,-0.15437114238739014,1.0053067207336426,False,1,e33f57a129dddfa5e1f56b93b36d1f07072caace,structurally_valid
kurp_0883,3028,Plane09D,MESHBANK1,256,240,1,False,2.5445659160614014,2.0,209.9585418701172,119.9051284790039,4.143450736999512,False,1,0ebe6eb4d2f507e879f3b24d92897593614fa228,structurally_valid
kurp_0884,3031,Plane10,MESHBANK1,575,560,1,True,2.2946078777313232,3.0,205.50555419921875,-1.4518994092941284,-3.2174367904663086,False,1,80afae73e6d304ba841bc4da8ab2f8e8960063fc,structurally_valid
kurp_0885,3034,Plane100,MESHBANK1,8,4,1,False,0.15074816346168518,6.0,133.15792846679688,118.86055755615234,-2.1125659942626953,False,1,5bedd9d2ae949c81c08f394e0eb0aa4a32ac2eae,structurally_valid
kurp_0886,3037,Plane101,MESHBANK1,8,4,1,False,0.13583077490329742,6.0,132.16311645507812,118.64484405517578,-2.609999179840088,False,1,bf25f990af362a01665d52a96873a761493fe23c,structurally_valid
kurp_0887,3040,Plane102,MESHBANK1,8,4,1,False,0.12093383073806763,5.999999523162842,132.8182373046875,120.0,-2.818232774734497,False,1,d857238fae440f30c279cd36b8ab786fb943c92c,structurally_valid
kurp_0888,3043,Plane103,MESHBANK1,8,4,1,False,0.15074807405471802,6.0,132.02101135253906,119.77898406982422,-3.572652816772461,False,1,b183d9feae8c623fd7ef3bb941592ddce6816c31,structurally_valid
kurp_0889,3046,Plane104,MESHBANK1,8,4,1,False,0.13583074510097504,6.000000476837158,132.8406982421875,120.40499877929688,-2.9735982418060303,False,1,03ed146eb2363e39acf3898776206e2753f3aacc,structurally_valid
kurp_0890,3049,Plane105,MESHBANK1,8,4,1,False,0.12093386054039001,6.000000476837158,133.0792694091797,119.63999938964844,-2.3545126914978027,False,1,b3e6f0e4ae47bfbf2408a3e3cd4ef779f3f1ac25,structurally_valid
kurp_0891,3052,Plane106,MESHBANK1,8,4,1,False,0.1507481187582016,6.0,132.20570373535156,118.8977279663086,-3.16396427154541,False,1,e4750b5e5e2d653ee84dcee338eb4bd050357470,structurally_valid
kurp_0892,3055,Plane107,MESHBANK1,8,4,1,False,0.1507481187582016,6.0,132.362060546875,120.29371643066406,-3.4845824241638184,False,1,d3dda134a3e2b66c9f4d6994dcb3fa6bd9ee69d0,structurally_valid
kurp_0893,3064,Plane10:0,MESHBANK1,221,189,1,False,3.5046021938323975,1.0,40.0,57.867862701416016,1.7858631610870361,False,1,d16404e3498efd8fc995f6dd8a93ddbc6dfdb518,structurally_valid
kurp_0894,3067,Plane10:1,MESHBANK1,166,125,1,False,3.6313090324401855,1.0,40.0,57.867862701416016,1.7858631610870361,False,1,d47205b1f2313feb554dc23191082cd8e7c6b037,structurally_valid
kurp_0895,3070,Plane10:2,MESHBANK1,207,147,1,False,3.744163751602173,1.0,40.0,57.867862701416016,1.7858631610870361,False,1,ae1ca6d0e8bbd425e1c4348bbc1db1a807e89086,structurally_valid
kurp_0896,3073,Plane10:3,MESHBANK1,161,139,1,False,3.8037211894989014,1.0,40.0,57.867862701416016,1.7858631610870361,False,1,a041ee7794848914df5267c1c927527485678ac2,structurally_valid
kurp_0897,3079,Plane110,MESHBANK1,8,4,1,False,0.12093385308980942,5.999999523162842,132.89215087890625,120.36000061035156,-2.6667163372039795,False,1,605bc4d3c01c0837cfebb61f65d91e24a8d76737,structurally_valid
kurp_0898,3082,Plane111,MESHBANK1,8,4,1,False,0.13583074510097504,6.0,132.50148010253906,119.59500122070312,-3.20296049118042,False,1,20462fec0463dafdbdbbac56144468c3827d4b7e,structurally_valid
kurp_0899,3088,Plane113,MESHBANK1,8,4,1,False,0.16568036377429962,6.0,132.65736389160156,118.51499938964844,-2.789999485015869,False,1,0cb26b80c89ddd5f2ca366392a0ffa6d480e3f8a,structurally_valid
kurp_0900,3094,Plane115,MESHBANK1,228,216,1,False,1.1180146932601929,3.999999523162842,217.18341064453125,16.725433349609375,0.036445554345846176,False,1,449ff7db71f4570b33c7f4376d1236c8b6966dec,structurally_valid
kurp_0901,3097,Plane116,MESHBANK1,8,4,1,False,0.12093385308980942,5.999999523162842,126.92073822021484,120.36000061035156,-2.354512929916382,False,1,04a0511ba31531874cd015ed0867ed967029cac0,structurally_valid
kurp_0902,3100,Plane117,MESHBANK1,320,240,1,False,2.1104795932769775,3.0,209.75315856933594,60.240299224853516,5.512913227081299,False,1,39e7b4e4220039c841f7854d0d1a20b290b45ae2,structurally_valid
kurp_0903,3103,Plane118,MESHBANK1,8,4,1,False,0.1507481187582016,6.0,131.53515625,123.84774780273438,-0.40571099519729614,False,1,54a1561d4dc18bf55370395bacc7a911f3000fe1,structurally_valid
kurp_0904,3106,Plane119,MESHBANK1,152,144,1,False,1.0583107471466064,4.0,222.77655029296875,16.725433349609375,0.44631874561309814,False,1,b55571ef2e5d419f36160a24075042c62ad1dc43,structurally_valid
kurp_0905,3109,Plane12,MESHBANK1,575,560,1,True,2.2946078777313232,3.0,208.5040740966797,4.586424827575684,-3.2174367904663086,False,1,a5bbc6c8a71201fa91a1fec23fcbf6016e8c8873,structurally_valid
kurp_0906,3112,Plane120,MESHBANK1,228,216,1,False,1.070412278175354,4.0,221.96493530273438,16.725435256958008,-2.020846366882324,False,1,9d1f6122853a60d80f98e254f0c9f7eb40dc3710,structurally_valid
kurp_0907,3115,Plane121,MESHBANK1,320,240,1,False,1.9706223011016846,3.000000238418579,208.32272338867188,58.14392852783203,3.7631728649139404,False,1,aaa9923f2098325daf99aef122811f2bc54f3dcb,structurally_valid
kurp_0908,3118,Plane122,MESHBANK1,8,4,1,False,0.1507481187582016,6.0,129.7789764404297,124.40973663330078,1.0971720218658447,False,1,1a5378b663aa345e17618d43b5540a45cd20405e,structurally_valid
kurp_0909,3121,Plane123,MESHBANK1,208,200,1,True,1.848323941230774,4.0,219.98658752441406,21.416549682617188,-0.08243339508771896,False,1,94eccdd01e4dc34f2c1f3995bec95cf12d5dbdbc,structurally_valid
kurp_0910,3124,Plane124,MESHBANK1,156,200,1,True,1.5257269144058228,4.0,219.99729919433594,19.616024017333984,-0.007209262810647488,False,1,3d72c0021d255e2c46b3b1a8fb18f30ad3bf294c,structurally_valid
kurp_0911,3127,Plane125,MESHBANK1,8,4,1,False,0.150748148560524,6.000000476837158,128.89773559570312,124.25135040283203,0.6775885820388794,False,1,ec373735f2b6a8337c55ac13d633c612b8cfc174,structurally_valid
kurp_0912,3130,Plane126,MESHBANK1,8,4,1,False,0.15074816346168518,6.0,130.29371643066406,124.58861541748047,0.7937448620796204,False,1,7810ff8d0b0e22832228b1cd81b6819482c2b016,structurally_valid
kurp_0913,3133,Plane127,MESHBANK1,107,72,1,False,9.110160827636719,1.0,90.0,46.33599853515625,5.539106382457248e-07,True,1,964412805f81cf130e9a1ba938cf06079798b7ba,structurally_valid
kurp_0914,3136,Plane128,MESHBANK1,240,192,1,True,4.836770057678223,2.0,73.08988952636719,102.13196563720703,3.9231204986572266,False,1,b5f475aad3726d1dfbafad04b60c9b6b864c7900,structurally_valid
kurp_0915,3139,Plane129,MESHBANK1,8,4,1,False,0.12093386054039001,6.0,130.36000061035156,124.3851318359375,-0.15940874814987183,False,1,13c5b5758bc0173998730139b15ab698a2ee0945,structurally_valid
kurp_0916,3142,Plane13,MESHBANK1,296,280,1,True,4.390883445739746,1.0,179.8519287109375,0.3458430767059326,1.4288557767868042,False,1,41c81afe2094b2a7f0ed39dc083c4f26fb6ee9ad,structurally_valid
kurp_0917,3145,Plane130,MESHBANK1,8,4,1,False,0.13583077490329742,6.0,129.59500122070312,124.48806762695312,0.4960218071937561,False,1,3f72a46bf17ba0d4ddf87e550e2f871f02d3dacc,structurally_valid
kurp_0918,3151,Plane132,MESHBANK1,8,4,1,False,0.16568037867546082,6.0,128.51499938964844,124.30628204345703,0.09378698468208313,False,1,7c0144af01a127484359b7214a6275effe9c67e6,structurally_valid
kurp_0919,3157,Plane134,MESHBANK1,8,4,1,False,0.13583078980445862,5.999999523162842,131.35516357421875,123.82951354980469,0.31599706411361694,False,1,9120abdbd452ab52f91c2d609b3c34c2b123c9d0,structurally_valid
kurp_0920,3160,Plane135,MESHBANK1,8,4,1,False,0.12093383073806763,6.0,130.0,124.39093017578125,-0.37269842624664307,False,1,e07dd39ac11332118aafeace7c63217b12dfe676,structurally_valid
kurp_0921,3169,Plane138,MESHBANK1,8,4,1,False,0.13583076000213623,6.000000476837158,130.40499877929688,115.51193237304688,0.4960215091705322,False,1,391926fe3005361ebf6506c69a1415a565224c62,structurally_valid
kurp_0922,3175,Plane14,MESHBANK1,76,72,1,True,1.3695613145828247,4.72475528717041,150.0,0.0,0.0,False,13,8789d73e276a8871ff0dfca953bf6ad352e93e4d,structurally_valid
kurp_0923,3181,Plane141,MESHBANK1,8,4,1,False,0.1507480889558792,6.000000476837158,130.2210235595703,115.59026336669922,1.0971715450286865,False,1,09fba6fa196d24178dc27992676d87a3c33f8099,structurally_valid
kurp_0924,3184,Plane142,MESHBANK1,8,4,1,False,0.150748148560524,6.000000476837158,129.70628356933594,115.41138458251953,0.7937445044517517,False,1,0bed16368dfc2e44ee071cee9b8b3a845876cac7,structurally_valid
kurp_0925,3187,Plane143,MESHBANK1,8,4,1,False,0.12093386054039001,6.0,130.36000061035156,115.70332336425781,-0.5124761462211609,False,1,5fab943e497e065fab4530c30b7f50b4f5eea994,structurally_valid
kurp_0926,3190,Plane144,MESHBANK1,8,4,1,False,0.1507480889558792,6.000000476837158,131.10226440429688,115.74864959716797,0.677588164806366,False,1,0bda6b31ff1c6041ce792c901683369fd5710539,structurally_valid
kurp_0927,3193,Plane145,MESHBANK1,8,4,1,False,0.13583076000213623,6.0,129.59500122070312,115.43425750732422,0.0939791351556778,False,1,0d1cdb136784c537801d03203b7d70d118d4571c,structurally_valid
kurp_0928,3196,Plane146,MESHBANK1,8,4,1,False,0.12093380838632584,6.0,130.0,115.55999755859375,-6.979518616390123e-07,True,1,c126dcb400d0414c3a883e0770af9baf36354031,structurally_valid
kurp_0929,3199,Plane147,MESHBANK1,8,4,1,False,0.13583077490329742,6.000000476837158,131.35516357421875,116.17048645019531,0.31599652767181396,False,1,3278e8ce10b9e65441c683d015dc4347642e0f8c,structurally_valid
kurp_0930,3202,Plane148,MESHBANK1,8,4,1,False,0.12093386054039001,6.0,129.63999938964844,115.6148681640625,-0.1594090610742569,False,1,0b51dd55e570496a9f31c5c3599d68db048186db,structurally_valid
kurp_0931,3205,Plane149,MESHBANK1,8,4,1,False,0.1507481187582016,6.0,131.13943481445312,115.81877899169922,-0.7391851544380188,False,1,b572c084d365a51c1dbaba1fad7d69eb422372e2,structurally_valid
kurp_0932,3211,Plane150,MESHBANK1,8,4,1,False,0.1507481187582016,6.0,128.46484375,116.15225219726562,-0.4057110548019409,False,1,6ffae99c0987c6b9bc81ecbbf3b958538e06c4fa,structurally_valid
kurp_0933,3226,Plane155,MESHBANK1,136,56,1,False,5.250363349914551,0.8826640844345093,29.54849624633789,40.253684997558594,3.581368923187256,False,1,cac87f58a86650010d3454bcdce732c2f588fdae,structurally_valid
kurp_0934,3232,Plane157,MESHBANK1,96,56,1,False,0.8563827276229858,5.0,30.154560089111328,39.94198226928711,2.609173059463501,False,1,784f2fab74d2b0986620bae1a392d4abd6c9826c,structurally_valid
kurp_0935,3235,Plane16,MESHBANK1,180,168,1,False,4.167016983032227,1.0,301.09490966796875,-1.8964616060256958,-0.1711101531982422,False,1,751f602e5162e354508e7e6c5bdb0ec63cc6e4c4,structurally_valid
kurp_0936,3238,Plane163_OOO:2613,MESHBANK1,4,2,1,False,5.6697611808776855,2.4768829345703125,80.0,20.0,1.838418960571289,False,1,cc1108942b0a6365edcd7f1c5ccf06b62fe20ec0,structurally_valid
kurp_0937,3241,Plane164_OOO:2632,MESHBANK1,4,2,1,False,5.6697611808776855,1.1491526365280151,80.0,20.0,1.838418960571289,False,1,3ae2b4f48fcdcc486bff5b471af65506108f5b54,structurally_valid
kurp_0938,3244,Plane17,MESHBANK1,8,4,1,False,1.6606357097625732,5.0,88.26301574707031,1.574723243713379,-6.73033332824707,False,1,2f617d7c68b8544094dd29ac93a4be7b349246a7,structurally_valid
kurp_0939,3247,Plane17:892,MESHBANK1,100,120,1,False,16.046804428100586,0.35341599583625793,199.6874542236328,78.22742462158203,0.635138750076294,False,1,222be65381a451222ab1a85c6e5c97a77938a2fc,structurally_valid
kurp_0940,3250,Plane18,MESHBANK1,8,4,1,False,2.377469062805176,5.0,89.78248596191406,-0.04910624772310257,-10.494417190551758,False,1,90a6c2704adf3333852144d74709f2be8d052503,structurally_valid
kurp_0941,3253,Plane19,MESHBANK1,180,168,1,False,5.314303398132324,1.0,300.0,2.4495529022152792e-18,8.147382213330445e-10,True,1,154e9097499e1a7136263e921f40c809fcf18082,structurally_valid
kurp_0942,3256,Plane20,MESHBANK1,189,240,1,False,5.720914363861084,1.0,296.74725341796875,4.697962197042216e-07,0.46972283720970154,False,1,c524a8647d9e362db0483619dd53da8ca044d32d,structurally_valid
kurp_0943,3262,Plane21:856,MESHBANK1,104,52,1,False,3.977055549621582,2.999999761581421,124.31300354003906,40.99750900268555,-0.874420166015625,False,1,a02828e9fa8c8493ac8d3f6a71fe860fb8ae33fb,structurally_valid
kurp_0944,3265,Plane22,MESHBANK1,8,4,1,False,1.373915672302246,4.999999523162842,88.84407043457031,1.2197984457015991,-6.094367504119873,False,1,1059de93ce88f9dc6aea57f5318c9f7cb80b72b7,structurally_valid
kurp_0945,3274,Plane25,MESHBANK1,344,320,1,False,4.905764579772949,1.0,230.0,-7.071754748629033e-14,-0.7347760796546936,True,1,1b2d53773b2f598b1e57ac2ddba538c5150250ea,structurally_valid
kurp_0946,3277,Plane255:1976,MESHBANK1,83,120,1,False,3.225325107574463,0.9999999403953552,110.0573959350586,19.925657272338867,0.4428417384624481,False,1,8b0df48b32307264e1d31a0580815521a2421fe7,structurally_valid
kurp_0947,3280,Plane256:1991,MESHBANK1,121,120,1,False,3.1586549282073975,0.9999998807907104,109.9183120727539,19.977706909179688,0.43171510100364685,False,1,b4914a46abc893a5ed458c0db4dfa1c3a0049d9e,structurally_valid
kurp_0948,3283,Plane257:2006,MESHBANK1,83,120,1,False,3.2253260612487793,1.0,110.06391906738281,19.923982620239258,0.4428417384624481,False,1,e22b057582765b2ab006125bac34767b31d045d2,structurally_valid
kurp_0949,3286,Plane258:2017,MESHBANK1,121,120,1,False,3.158104181289673,0.9999999403953552,110.0145034790039,19.9530086517334,0.43171510100364685,False,1,83428b5ad04cd10ba07b065bae9f6d6ca30d856f,structurally_valid
kurp_0950,3289,Plane259,MESHBANK1,756,960,1,False,24.933320999145508,0.17783789336681366,302.9493713378906,1.702825665473938,0.0,False,1,5585d3cf7569a89b87824feb09a1fba240b3a6a9,structurally_valid
kurp_0951,3292,Plane259_OOO,MESHBANK1,756,960,1,False,24.933320999145508,0.17783784866333008,82.94937896728516,21.676321029663086,0.28021955490112305,False,1,3abec16fc149ea7b5dc0a4b59e125c5e33f4a27c,structurally_valid
kurp_0952,3295,Plane26,MESHBANK1,344,320,1,False,7.678567409515381,0.6067132949829102,230.0,-7.071754748629033e-14,0.0,True,1,c064a7ba24a61a62ade2d7c980b291a5a5777cd4,structurally_valid
kurp_0953,3301,Plane272:2041,MESHBANK1,156,144,1,False,7.150831699371338,1.0,110.10140228271484,19.81797218322754,0.5941145420074463,False,1,9c0d6d4d3318db0158c6a7ee42770f2d3c9f47d3,structurally_valid
kurp_0954,3304,Plane275,MESHBANK1,72,36,1,False,8.916450500488281,0.6000000238418579,94.19054412841797,79.13846588134766,1.5978360176086426,False,1,32646a2e70cca35066c2f16dc47157d9008cb6d3,structurally_valid
kurp_0955,3307,Plane28,MESHBANK1,8,4,1,False,0.8578932881355286,5.0,89.00013732910156,-0.035452939569950104,-3.373163938522339,False,1,acedbfd869f82ad7d35dc8b87d6491f5953e84a5,structurally_valid
kurp_0956,3310,Plane281,MESHBANK1,52,26,1,False,1.2034717798233032,2.999999761581421,231.88674926757812,82.8636703491211,-1.458918809890747,False,1,221e897007132e5321fa4c2a14010c8c26e2ce95,structurally_valid
kurp_0957,3313,Plane288,MESHBANK1,36,28,1,False,3.0750222206115723,1.0,106.53109741210938,20.599790573120117,0.003853440284729004,False,1,69d7b17ed31428bd8567af8d97ba2810b025f509,structurally_valid
kurp_0958,3316,Plane289,MESHBANK1,40,28,1,False,2.8829433917999268,0.9999999403953552,111.09918212890625,16.768516540527344,-0.5150517225265503,False,1,550d090bc10618ae3d3b0aa1f35d738b53773606,structurally_valid
kurp_0959,3322,Plane290,MESHBANK1,38,28,1,False,2.9367380142211914,1.0,112.27149963378906,22.757610321044922,-0.1882859468460083,False,1,2d1a8dbf7aa14ecd9442d3cf1559366d17f03dd0,structurally_valid
kurp_0960,3325,Plane291,MESHBANK1,52,26,1,False,0.9926857352256775,3.637233018875122,222.72157287597656,79.54032135009766,7.365776538848877,False,1,2ae15527f49dbf9ddb98560ccd933c9ee764a945,structurally_valid
kurp_0961,3328,Plane293,MESHBANK1,150,112,1,False,4.955562591552734,1.0,110.00448608398438,23.57208824157715,-0.19257402420043945,False,1,a53abde2a7ae7c32fa2b03b85de65f3c86a4e9e8,structurally_valid
kurp_0962,3331,Plane294,MESHBANK1,140,112,1,False,5.164462089538574,1.0,110.79216766357422,23.62459945678711,0.1209474503993988,False,1,e89f2d142df711dc9c949f8edefc40424b431a00,structurally_valid
kurp_0963,3334,Plane297,MESHBANK1,152,112,1,False,5.4834465980529785,1.0000001192092896,108.48143005371094,16.996187210083008,0.12094727158546448,False,1,8bf7d50df919a3217bc949398ae6602a15069cf6,structurally_valid
kurp_0964,3337,Plane29BBB,MESHBANK1,744,720,1,False,3.6798808574676514,1.999999761581421,46.19361877441406,21.182525634765625,0.6432569622993469,False,1,e437be7e535b109d6bfd29533f71773c63fbdc55,structurally_valid
kurp_0965,3343,Plane301,MESHBANK1,146,112,1,False,5.508564472198486,1.0,112.97000885009766,22.1524600982666,-0.5772655010223389,False,1,61dce4bc6b4a129c52b76fb67ab9288ea0206cf4,structurally_valid
kurp_0966,3346,Plane302:910,MESHBANK1,4,2,1,False,2.2635624408721924,4.0,190.00003051757812,82.67919921875,-0.0017688015941530466,False,1,38fe9b76a2314c78cbb3b29c5aeabefdbf960e12,structurally_valid
kurp_0967,3349,Plane303:924,MESHBANK1,4,2,1,False,2.2635626792907715,4.0,190.00003051757812,82.67919921875,-0.0017688031075522304,False,1,edf5325fceb053f49066e60da384f56eea987574,structurally_valid
kurp_0968,3352,Plane304:952,MESHBANK1,4,2,1,False,2.3112776279449463,4.0,190.00021362304688,81.0560073852539,0.014974030666053295,False,1,9877bb68b6b1ebb852239d7a293a657e61f3e799,structurally_valid
kurp_0969,3355,Plane305:938,MESHBANK1,4,2,1,False,2.311277151107788,4.0,190.00021362304688,81.0560073852539,0.01435102429240942,False,1,8aa4b7b8493d4ad3883a28486cf9117d73075877,structurally_valid
kurp_0970,3358,Plane306,MESHBANK1,152,112,1,False,6.291692733764648,0.8807080984115601,109.79270935058594,19.775659561157227,0.23682156205177307,True,1,6aef98bb477daa26ea170ad04d66031c0e3490bf,structurally_valid
kurp_0971,3361,Plane31,MESHBANK1,8,4,1,False,0.8895688652992249,5.0,90.96286010742188,-0.9264509677886963,-3.4749393463134766,False,1,1d0645b6216841fc14535fdac6e2e7991d5c1c87,structurally_valid
kurp_0972,3364,Plane311,MESHBANK1,403,360,1,False,2.97515606880188,1.3647239208221436,260.0460205078125,20.029138565063477,2.1260714530944824,False,1,1fc772bd78bee27467de560c0e25bb81fd757128,structurally_valid
kurp_0973,3367,Plane314,MESHBANK1,384,320,1,False,3.1507480144500732,1.364724040031433,260.0460205078125,20.029138565063477,2.1260714530944824,False,1,643b32a28cc63ac1fcfca583eef3673598d498bb,structurally_valid
kurp_0974,3370,Plane319,MESHBANK1,144,72,1,False,10.070584297180176,0.6000000238418579,88.61565399169922,83.870361328125,0.3244701325893402,False,1,321aeaaf8d438a7b4fa5d4857740655c57b19d35,structurally_valid
kurp_0975,3373,Plane32,MESHBANK1,66,40,1,True,1.3636966943740845,1.9999998807907104,290.8363342285156,0.7921733260154724,-1.1841518878936768,False,1,2e4eea17928f7a21f11f7dc9a1f87e3fdc44870c,structurally_valid
kurp_0976,3376,Plane32:479,MESHBANK1,72,48,1,False,1.4249111413955688,1.0,180.0,100.0,-10.0,True,1,864bc30a4199624434d350c26cc0793bdf1e70ce,structurally_valid
kurp_0977,3379,Plane33,MESHBANK1,8,4,1,False,1.2100859880447388,5.0,91.26963806152344,-0.332227885723114,-5.264366149902344,False,1,f27d6de0b40c66290fccb837a7e8b5705b294315,structurally_valid
kurp_0978,3382,Plane333_OOO:2650,MESHBANK1,4,2,1,False,5.6697611808776855,2.2016735076904297,80.0,20.0,1.838418960571289,False,1,b0cfa0dccc87262fdc87993e2778810b04a39ff8,structurally_valid
kurp_0979,3385,Plane337,MESHBANK1,356,320,1,False,2.7993972301483154,1.4571499824523926,259.822021484375,20.029138565063477,2.4567103385925293,False,1,85f03c5b0b067c19b19b20f0d0d23aafbae6bd88,structurally_valid
kurp_0980,3388,Plane338_BBB02,MESHBANK1,372,360,1,True,3.97997784614563,1.2025319337844849,82.8249740600586,16.87079620361328,1.9874496459960938,False,1,898f3855c590b11ea6ecf1d4f2dc0b20870e8ef0,structurally_valid
kurp_0981,3391,Plane339,MESHBANK1,396,384,1,True,5.040192604064941,0.9999999403953552,79.9818344116211,20.719112396240234,1.3005447387695312,False,1,e7be23b00b56f17e1e3870512ebfa5be32d08432,structurally_valid
kurp_0982,3394,Plane339_BBB02,MESHBANK1,248,240,1,True,3.493793249130249,1.2401281595230103,82.11189270019531,20.363447189331055,5.434368133544922,False,1,bfc864864bae3a38614ec6f32a29bbd298c9ddb8,structurally_valid
kurp_0983,3397,Plane33:954,MESHBANK1,8,4,1,False,1.754063367843628,3.000000238418579,115.75569152832031,35.00339889526367,-0.3176116943359375,False,1,dbce41fc82312225ca30db285727a83b0b2a6015,structurally_valid
kurp_0984,3400,Plane34,MESHBANK1,82,48,1,True,0.9610504508018494,2.0,290.28668212890625,0.1181720495223999,-0.535284161567688,False,1,915aaab2d331d1197042a4a541f4084c953f0a65,structurally_valid
kurp_0985,3403,Plane340,MESHBANK1,396,384,1,True,5.396416664123535,0.9999999403953552,80.3787841796875,19.402128219604492,1.2184982299804688,False,1,dc6b57559b0020fa87335894d467ef3a61ec0a2f,structurally_valid
kurp_0986,3406,Plane340_BBB02,MESHBANK1,248,240,1,True,3.395428419113159,1.214681625366211,79.41139221191406,20.24586296081543,5.993320465087891,False,1,711519c5ec31e23f3f922d72e3a67395dcba0eb0,structurally_valid
kurp_0987,3409,Plane341,MESHBANK1,264,256,1,True,4.681877136230469,0.9999999403953552,79.71178436279297,20.07721519470215,0.46875762939453125,False,1,cfae33fd012ada5989da3d53162b8f326ba6f9ce,structurally_valid
kurp_0988,3412,Plane341_BBB02,MESHBANK1,248,240,1,True,3.301528215408325,1.4214739799499512,82.89147186279297,18.65482521057129,4.890705108642578,False,1,157677ae52d23206b64b0f65ad4b79804e34e00e,structurally_valid
kurp_0989,3415,Plane342,MESHBANK1,60,32,1,False,3.1540403366088867,1.9404096603393555,27.91618537902832,42.79593276977539,2.7528910636901855,False,1,2731ed94957c23f87d2b998bdc0be2c198115a83,structurally_valid
kurp_0990,3418,Plane343,MESHBANK1,50,32,1,False,3.230813503265381,1.9404101371765137,30.45728874206543,37.3936653137207,2.6179118156433105,False,1,08d52918de7697ed83d05614bae6165ba0b7f99f,structurally_valid
kurp_0991,3421,Plane344,MESHBANK1,172,80,1,False,1.2663633823394775,5.0,27.100200653076172,40.950218200683594,6.400975227355957,False,1,f2f4c4fdff63ec2ffaf86ee3d0c07d6275f036a6,structurally_valid
kurp_0992,3424,Plane345,MESHBANK1,136,56,1,False,1.1852809190750122,5.0,29.15463638305664,40.24191665649414,5.24363899230957,False,1,484a4e1531753688603181875e5bec6cee35dfea,structurally_valid
kurp_0993,3427,Plane34:887,MESHBANK1,45,48,1,True,5.6210761070251465,1.0224591493606567,70.0,100.00743865966797,3.1847259998321533,True,1,847b764b6e00d4a1d20b62cf00ed2c28c88ee19b,structurally_valid
kurp_0994,3430,Plane34:947,MESHBANK1,8,4,1,False,1.7540638446807861,3.000000238418579,118.63304901123047,38.93175506591797,3.981647491455078,False,1,30929c2bf3e75d226802492c228d33f25be03eca,structurally_valid
kurp_0995,3433,Plane35,MESHBANK1,134,80,1,True,0.980615496635437,4.138612747192383,289.1507263183594,1.7134555578231812,-2.0201406478881836,False,1,0cfe2a58993258e9dc69da2d99cdb72b6529c8c9,structurally_valid
kurp_0996,3436,Plane350,MESHBANK1,84,80,1,False,1.3513554334640503,5.0,99.88429260253906,13.62824821472168,0.0635392889380455,False,1,2de81cb81c458fc2a231e5cf3916e37594d333ac,structurally_valid
kurp_0997,3439,Plane352,MESHBANK1,84,80,1,False,1.3474178314208984,5.0,99.88529205322266,13.62824821472168,0.05709930509328842,False,1,5dec06b702b8857deda8aa5ac3e2ff07c9822482,structurally_valid
kurp_0998,3442,Plane354,MESHBANK1,84,80,1,False,1.3436133861541748,5.0,99.89037322998047,13.62824821472168,0.06118575111031532,False,1,20bf46355c2cb40e9c930aa82d568d8598d1e414,structurally_valid
kurp_0999,3445,Plane36,MESHBANK1,220,144,1,True,1.3495625257492065,3.161862850189209,292.0311584472656,-0.13634176552295685,0.523144543170929,False,1,d788576719389e7033db715ab45f59c781ca7ee7,structurally_valid
kurp_1000,3448,Plane364,MESHBANK1,451,576,1,False,7.6934003829956055,1.0,177.59585571289062,36.037837982177734,5.584340572357178,False,1,88411ec5480624f08faa7128722b761ed458dff4,structurally_valid
kurp_1001,3451,Plane36:933,MESHBANK1,8,4,1,False,1.7540638446807861,2.999999761581421,124.2093276977539,40.068878173828125,1.362762451171875,False,1,6999b75fabb1d6d50bcc05cb9aa50e69759c47ee,structurally_valid
kurp_1002,3454,Plane37,MESHBANK1,76,48,1,True,1.3686892986297607,2.0,289.8981628417969,-0.3294120132923126,-0.36755335330963135,False,1,919160143bd9754b55e29e2d7d90a9b6e452416b,structurally_valid
kurp_1003,3460,Plane37:926,MESHBANK1,8,4,1,False,1.7540638446807861,3.0,121.980224609375,33.265235900878906,-2.038970947265625,False,1,f817adecd43417be723d24fb0463ff3fee455cb3,structurally_valid
kurp_1004,3463,Plane38,MESHBANK1,70,48,1,True,1.371444821357727,2.0,289.67919921875,-0.26707443594932556,0.1057221069931984,False,1,70830078e6738f00aeacd4b4427d3b64d080c53a,structurally_valid
kurp_1005,3466,Plane380,MESHBANK1,288,240,1,False,1.9867744445800781,3.923508405685425,99.3440170288086,14.15089225769043,-1.7980467081069946,False,1,e2c467ee55b57a8786746399e3b83b6b96bdb940,structurally_valid
kurp_1006,3469,Plane383,MESHBANK1,88,80,1,False,15.479467391967773,1.0,61.281612396240234,60.0,0.03378500044345856,False,1,7d9676c20e657a1a7952d22eb2a154f380bed813,structurally_valid
kurp_1007,3472,Plane38:919,MESHBANK1,8,4,1,False,1.7540634870529175,3.0,119.58307647705078,33.48704147338867,1.6235733032226562,False,1,bb630e9923d0c3b43fbcf04a281fe516fcb4618b,structurally_valid
kurp_1008,3475,Plane38OOO,MESHBANK1,744,720,1,False,4.059373378753662,2.0,61.90177917480469,21.46263885498047,0.0685775876045227,False,1,e264e951b73eb9526dfc438f63cb1d2a4edf8132,structurally_valid
kurp_1009,3478,Plane39,MESHBANK1,82,48,1,True,1.6174635887145996,2.0,290.5777893066406,0.12895314395427704,-0.8586298227310181,False,1,554896d50704cf5aab3136473d8070c013a4ca38,structurally_valid
kurp_1010,3481,Plane39:912,MESHBANK1,8,4,1,False,1.754063606262207,2.999999761581421,124.12722778320312,36.1106071472168,1.6235733032226562,False,1,608f268d280580abc00248b55d63d9e2dadabf6f,structurally_valid
kurp_1011,3484,Plane39BBB,MESHBANK1,744,720,1,False,3.690232992172241,1.9999998807907104,61.7289924621582,21.123836517333984,0.6370307207107544,False,1,a7a14d61eacef6a8ef33ecb4b10a759a040c607d,structurally_valid
kurp_1012,3487,Plane40:905,MESHBANK1,8,4,1,False,1.7540634870529175,2.999999761581421,124.99559020996094,36.556663513183594,-1.6771469116210938,False,1,7f13fabf8cd1d0545669ceb76006e14a76a286ac,structurally_valid
kurp_1013,3490,Plane41:898,MESHBANK1,8,4,1,False,1.7540639638900757,3.000000238418579,116.11373138427734,41.48768615722656,-1.5891571044921875,False,1,e77a3c983ad4ce4a3f18eb71ca129eb36e1bdd5e,structurally_valid
kurp_1014,3493,Plane42:891,MESHBANK1,8,4,1,False,1.7540638446807861,2.999999761581421,115.33184814453125,39.28120040893555,1.0318183898925781,False,1,2ced11df1e3b794f428f9c4fe252fe45bc900df3,structurally_valid
kurp_1015,3496,Plane43,MESHBANK1,295,360,1,False,8.471051216125488,0.9999999403953552,159.9293670654297,21.401519775390625,2.2680461406707764,False,1,9ce27046add52c2a1a9ed7e5742ba5b4514eb42c,structurally_valid
kurp_1016,3499,Plane43:884,MESHBANK1,8,4,1,False,1.754063367843628,3.0,120.0556411743164,42.68536376953125,1.3848495483398438,False,1,e4dfd8a34927901a44094a209061904c2bd4c373,structurally_valid
kurp_1017,3502,Plane44,MESHBANK1,228,216,1,False,1.0514256954193115,3.999999761581421,222.31512451171875,17.140701293945312,-1.5815021991729736,False,1,53eda8961f8512230f47d471a03f5ca06771d629,structurally_valid
kurp_1018,3505,Plane44:872,MESHBANK1,8,4,1,False,1.7540640830993652,3.0,121.1512451171875,43.03800964355469,-1.9720458984375,False,1,3b30b653c4657ee62491924886d68aa9a0e36e85,structurally_valid
kurp_1019,3508,Plane45,MESHBANK1,228,216,1,False,1.0729795694351196,4.0,219.98727416992188,17.140687942504883,-2.8140268325805664,False,1,9b19929c36ee0e9593c03995846fa54dc9dc557a,structurally_valid
kurp_1020,3511,Plane45:961,MESHBANK1,96,48,1,False,3.500562906265259,3.000000238418579,120.45638275146484,43.04658889770508,0.4057159423828125,False,1,2997d20dc6825ab7fff50d37deb767cb53edcdbd,structurally_valid
kurp_1021,3514,Plane46,MESHBANK1,152,144,1,False,1.0591044425964355,3.999999761581421,217.7032928466797,17.140703201293945,-1.6464788913726807,False,1,528581d24059d8c753cf4914345dbe6d935dc5b9,structurally_valid
kurp_1022,3517,Plane47,MESHBANK1,63,64,1,True,1.8438674211502075,3.000000238418579,72.6837387084961,81.83369445800781,4.391783714294434,False,1,a5b408db1b5b77d09f37171176e498afd33cd491,structurally_valid
kurp_1023,3520,Plane51,MESHBANK1,63,64,1,True,1.726973056793213,3.0,71.57354736328125,77.6671142578125,2.7059624195098877,False,1,da2e466dce1aeb8f9ea1d4c38c4a28aaa4ac405e,structurally_valid
kurp_1024,3523,Plane55,MESHBANK1,8,4,1,False,0.12093386054039001,6.0,133.0792694091797,120.36000061035156,2.3545124530792236,False,1,e4ca5e434ad13ce97fd47b0a5d252e5f2720e533,structurally_valid
kurp_1025,3526,Plane56,MESHBANK1,840,784,1,False,3.852487802505493,1.7462772130966187,109.85247039794922,70.68344116210938,3.264094352722168,False,1,656ed84824455a5f3391da691acc5e29d7a63666,structurally_valid
kurp_1026,3529,Plane57,MESHBANK1,8,4,1,False,0.1507480889558792,6.0,132.02101135253906,120.22101593017578,3.572652816772461,False,1,3d9eb3009daf6ca3a52a5c050ff4fbfb1f567f47,structurally_valid
kurp_1027,3532,Plane58,MESHBANK1,8,4,1,False,0.12093383073806763,5.999999523162842,132.8182373046875,120.0,2.818232536315918,False,1,dca6856cfff15c7056b254c78f0d355b59f7e18b,structurally_valid
kurp_1028,3535,Plane59,MESHBANK1,8,4,1,False,0.13583077490329742,6.0,132.16311645507812,121.35515594482422,2.609999179840088,False,1,60fb85fdbb2fe2b5031cc41edaa98fe1a38bc9ba,structurally_valid
kurp_1029,3538,Plane60,MESHBANK1,8,4,1,False,0.1507481336593628,6.000000476837158,133.15792846679688,121.13944244384766,2.112565755844116,False,1,c264470a3b612fb4c80b8793fd54a78b0d12222b,structurally_valid
kurp_1030,3541,Plane61:223,MESHBANK1,40,20,1,False,2.5892326831817627,1.0,280.0,0.0,0.0,True,1,0611529e21d4552b5c69dc239b781cdadc968385,structurally_valid
kurp_1031,3544,Plane62,MESHBANK1,8,4,1,False,0.1507481187582016,6.0,127.31367492675781,121.53516387939453,2.1125648021698,False,1,b3c7664847bef320f855bacd9a3325bda45e9be9,structurally_valid
kurp_1032,3547,Plane63,MESHBANK1,8,4,1,False,0.1507481336593628,6.0,126.84207153320312,118.86055755615234,2.112565755844116,False,1,011a6892fc5fff86e5036eb76b50c7aac4a843a4,structurally_valid
kurp_1033,3550,Plane64,MESHBANK1,8,4,1,False,0.13583077490329742,6.000000476837158,127.83688354492188,118.64484405517578,2.609999179840088,False,1,bc08cb45b5cc83a3237ae6e45d6856a6bb6433ac,structurally_valid
kurp_1034,3553,Plane65,MESHBANK1,186,240,1,False,5.5671257972717285,1.3298147916793823,49.235530853271484,22.58934211730957,0.5689123868942261,False,1,9053d7ffa608e7186b2ffa1fb759de95957e7e8d,structurally_valid
kurp_1035,3556,Plane66,MESHBANK1,186,240,1,False,5.549712657928467,1.3298147916793823,51.51248550415039,21.277048110961914,0.56891268491745,False,1,3474c483678d163b97772e0893dd8f8be814c157,structurally_valid
kurp_1036,3559,Plane67,MESHBANK1,8,4,1,False,0.13583074510097504,5.999999523162842,127.15930938720703,120.40499877929688,2.973598003387451,False,1,e4c00bb81fe7bdeca3500cc4f9026563d468dd41,structurally_valid
kurp_1037,3562,Plane68,MESHBANK1,8,4,1,False,0.12093385308980942,6.000000476837158,126.92073822021484,119.63999938964844,2.3545124530792236,False,1,82d1e2febf5b4f7718891a32ba65d035b6aea428,structurally_valid
kurp_1038,3565,Plane69,MESHBANK1,8,4,1,False,0.1507481187582016,6.0,127.7942886352539,118.8977279663086,3.163963794708252,False,1,dd67cfdb4d8fc03d5fdfc0f3b5530c86d4b56ee0,structurally_valid
kurp_1039,3568,Plane70,MESHBANK1,186,240,1,False,5.548422813415527,1.3298147916793823,51.40972137451172,21.259069442749023,5.001335144042969,False,1,61580f7418b8d60bd9ad719a1622764aea4f35aa,structurally_valid
kurp_1040,3580,Plane74,MESHBANK1,186,240,1,False,5.615527629852295,1.3298147916793823,59.18723678588867,16.40824317932129,0.5626864433288574,True,1,465341746714c375c40f4a5384d4b164f4b0e35a,structurally_valid
kurp_1041,3583,Plane75,MESHBANK1,186,240,1,False,5.505939483642578,1.3298147916793823,61.46219253540039,17.723997116088867,0.5626860857009888,True,1,baa2d8379e75526330e6081d7ccf2958187f859b,structurally_valid
kurp_1042,3586,Plane76,MESHBANK1,186,240,1,False,5.532931327819824,1.3298147916793823,59.22304916381836,16.506229400634766,4.9951090812683105,True,1,243db9dc613f2c85ea973eaac607fcc4ccb4ad5c,structurally_valid
kurp_1043,3589,Plane77,MESHBANK1,43,48,1,True,1.6588079929351807,2.0,114.20396423339844,78.80684661865234,2.581601858139038,False,1,98b5f6820c3b44ea1efffce3fd35b3dbc675bf4f,structurally_valid
kurp_1044,3592,Plane77-2,MESHBANK1,252,240,1,False,1.7121713161468506,5.0,269.72222900390625,42.20530700683594,0.15067914128303528,False,1,f58e0ea631216430e5cedbdd4b8a666f813b9f46,structurally_valid
kurp_1045,3595,Plane78,MESHBANK1,43,48,1,True,1.803248643875122,1.9999998807907104,112.14339447021484,83.11648559570312,1.2314881086349487,False,1,c8fc3bff5cf80bc1526d9dc22af705b3f9427ad2,structurally_valid
kurp_1046,3604,Plane81,MESHBANK1,75,96,1,False,2.3726954460144043,2.5,-10.0,84.23794555664062,0.7253355979919434,False,1,4a9ca5d67a3a64dfa7ec271086f2d141cda544d1,structurally_valid
kurp_1047,3607,Plane82,MESHBANK1,75,96,1,False,1.9201350212097168,2.5,-6.644096374511719,80.0,0.7253355979919434,False,1,4bc0d4f5ed99895f08ef56f5b05de9c3b19b4dae,structurally_valid
kurp_1048,3610,Plane83,MESHBANK1,252,240,1,False,1.5750174522399902,4.049999713897705,271.9288024902344,39.0656852722168,0.0339694619178772,True,1,2fc31eedb1724486722f35d86fd4f4be787b1cf9,structurally_valid
kurp_1049,3613,Plane84,MESHBANK1,75,96,1,False,1.020228624343872,2.5,-10.0,81.37065887451172,0.41153624653816223,False,1,3590ded99f07cbef44b95eba82e5665e54dcc420,structurally_valid
kurp_1050,3616,Plane85,MESHBANK1,75,96,1,False,1.7929061651229858,2.5,-12.775602340698242,80.0,0.41153624653816223,True,1,89ea3c733c2346109bceeb42543933ed4ae042aa,structurally_valid
kurp_1051,3619,Plane86,MESHBANK1,252,240,1,False,1.4997947216033936,5.0,268.1640625,39.99383544921875,1.0595422983169556,True,1,2958dd7affa2a5b5ad72d18e06ff27f0b5a7ea23,structurally_valid
kurp_1052,3622,Plane87,MESHBANK1,84,80,1,False,1.4502836465835571,4.049999713897705,271.96490478515625,41.39042282104492,-0.11510337144136429,False,1,46e1bc90b9de956ce27198e95c37d05919109f5b,structurally_valid
kurp_1053,3625,Plane88,MESHBANK1,84,80,1,False,1.455337643623352,4.050000190734863,269.2450866699219,41.39042282104492,1.9872628450393677,False,1,ad303ffaa2db77a1c37a6e4b7062920a06e0c5a3,structurally_valid
kurp_1054,3628,Plane89,MESHBANK1,84,80,1,False,1.4707140922546387,4.0499982833862305,268.7843017578125,41.39042282104492,-1.41936194896698,False,1,84092a55699e4088d023c5c5b23526d337012293,structurally_valid
kurp_1055,3634,Plane91,MESHBANK1,306,120,1,True,1.8838372230529785,3.0,197.3076934814453,61.554405212402344,0.807793378829956,False,1,9ce70c9baea85cb594c1b75f21101af3ec6f0855,structurally_valid
kurp_1056,3637,Plane92,MESHBANK1,306,120,1,True,1.8838374614715576,2.999999761581421,202.6923065185547,61.554405212402344,0.8077935576438904,False,1,5b209b4a1f2d435ec08fc4e4b7072804f7bbdfbc,structurally_valid
kurp_1057,3640,Plane93,MESHBANK1,310,120,1,True,1.6933128833770752,3.0,201.99830627441406,57.61851119995117,0.16644799709320068,False,1,80b9c0f734c8e254df13089ef012a8c31696cb29,structurally_valid
kurp_1058,3643,Plane94,MESHBANK1,310,120,1,True,1.6933128833770752,3.0,201.0632781982422,62.92132568359375,0.16644781827926636,False,1,9e856ec737be9134fc815480362862bab4bde229,structurally_valid
kurp_1059,3646,Plane95,MESHBANK1,310,120,1,True,1.6933130025863647,3.0,196.93841552734375,59.46015930175781,0.1664477288722992,False,1,b74e54e8bcc50e59aa79b2e809c1b63f022ebd6f,structurally_valid
kurp_1060,3649,Plane96,MESHBANK1,8,4,1,False,0.13583077490329742,5.999999523162842,127.83688354492188,118.64484405517578,-2.6100003719329834,False,1,db8b4d23a05201a2a4d4c66eb045b83ef0525bcb,structurally_valid
kurp_1061,3652,Plane97,MESHBANK1,8,4,1,False,0.12093383073806763,6.0,126.95292663574219,120.0,-2.520000457763672,False,1,71f2488bfdfc9c64278c28354d3192a7a08470a6,structurally_valid
kurp_1062,3658,Plane99,MESHBANK1,8,4,1,False,0.1507481187582016,6.000000476837158,132.6863250732422,121.53516387939453,-2.112565279006958,False,1,44759bd910ff2ff5f0836b208595e1616953b3af,structurally_valid
kurp_1063,3661,PolyMesh,MESHBANK1,66,30,1,False,3.294769287109375,2.0,191.85215759277344,61.73401641845703,6.485109806060791,False,1,688cf18463bcf5f7315d88da53392678c28a1e84,structurally_valid
kurp_1064,3664,Scene Root:1614,MESHBANK1,146,220,1,True,5.451821327209473,0.7868439555168152,130.0,20.0,1.1454106569290161,True,1,0353de29047e411421d8514caeb20acdcf121419,structurally_valid
kurp_1065,3667,Scene Root:1627,MESHBANK1,146,220,1,True,4.113955497741699,0.9999998807907104,130.0,20.0,1.1313318014144897,False,1,25635dbe81df64101c9371561653016ef9c066bc,structurally_valid
kurp_1066,3673,Scene Root:1697,MESHBANK1,110,100,1,True,5.273571491241455,0.9999998807907104,126.98702239990234,16.964956283569336,2.01538348197937,False,1,1e2f6d00aeee23303c8717412737ade9e4457712,structurally_valid
kurp_1067,3676,Scene Root:1707,MESHBANK1,88,80,1,True,4.864440441131592,1.0,127.57746887207031,17.056421279907227,2.4736251831054688,False,1,2fb2d86537be7f0344aa4429690f5a24c653e195,structurally_valid
kurp_1068,3679,Scene Root:1715,MESHBANK1,116,100,1,True,3.8540456295013428,0.8807080984115601,130.022705078125,20.000633239746094,3.289577007293701,True,1,a3acaefb69fcc09222c23896731871fcb2f930ea,structurally_valid
kurp_1069,3682,Scene Root:1739,MESHBANK1,88,80,1,True,6.034057140350342,1.0,128.62364196777344,24.13210105895996,2.0153822898864746,False,1,41571fa6cb47f75e075bb802c844550ee8bd0b98,structurally_valid
kurp_1070,3688,Scene Root:385,MESHBANK1,378,480,1,True,0.8522488474845886,4.22010612487793,217.550537109375,40.0,2.008660078048706,False,1,8bfa20315e4a1622c64106f821fb5cbdfcc2aa02,structurally_valid
kurp_1071,3691,Scene Root:401,MESHBANK1,168,160,1,False,1.0682401657104492,3.60418701171875,222.0919647216797,40.0,2.3051092624664307,True,1,38792c8532bde175c41b35362f96cb430a7a6c83,structurally_valid
kurp_1072,3694,Scene Root:411,MESHBANK1,168,160,1,False,2.0076098442077637,2.0,221.43157958984375,41.56826400756836,3.4626848697662354,False,1,9f12da1b5ef0f94eb96268210ab24b4d73ba8ecb,structurally_valid
kurp_1073,3697,Sphere01:1051,MESHBANK1,84,112,1,False,0.25220659375190735,6.999999523162842,200.21090698242188,20.21090316772461,10.495552062988281,False,1,a23c6b75cbcc3d0086a5b988022cc101808cbfad,structurally_valid
kurp_1074,3700,Sphere01:1808,MESHBANK1,48,32,1,False,0.6884525418281555,10.0,49.99830627441406,84.06401062011719,-1.6039277852542e-06,False,1,9d13204190143f9e85a11268d2d38ac19354f2ce,structurally_valid
kurp_1075,3703,Sphere01:1829,MESHBANK1,12,8,1,False,0.2762787938117981,10.0,53.92509460449219,81.05348205566406,-1.603927330506849e-06,False,1,3e918953cfb88c26232671aec6c1f8a41ebf8d94,structurally_valid
kurp_1076,3706,Sphere01:1846,MESHBANK1,60,40,1,False,0.7739365100860596,10.0,51.01556396484375,80.27387237548828,-3.925534725189209,False,1,7a26e0a1a75cd2df4b4030b9767436a6055048c3,structurally_valid
kurp_1077,3709,Sphere01:1863,MESHBANK1,24,16,1,False,0.6673731207847595,10.0,48.69327163696289,80.47380828857422,-3.818922996520996,False,1,dedbbabee086e808b17486b49882b4d795d6ed25,structurally_valid
kurp_1078,3712,Sphere01:1866,MESHBANK1,36,24,1,False,0.7465218901634216,10.0,49.99830627441406,81.38997650146484,-3.818922996520996,False,1,85e04515fae9358fecce105b8b7347fe06d7077a,structurally_valid
kurp_1079,3715,Sphere01:1883,MESHBANK1,86,120,1,False,0.23982712626457214,6.509302139282227,50.0,80.0,0.0,False,1,2a4a64e1315007e449942c62dec2e6abfa1c88a5,structurally_valid
kurp_1080,3718,Sphere02,MESHBANK1,151,224,1,False,2.308438301086426,0.7723673582077026,200.21090698242188,20.21090316772461,10.495552062988281,False,1,49230c1f1c522cfc914ed8b9f72faa291b437694,structurally_valid
kurp_1081,3721,Sphere02:525,MESHBANK1,49,80,1,False,1.2965635061264038,3.0,230.0,83.62187957763672,0.0,False,1,b19b6a492b2aae62e0efcd4240aa5f215caf0d2e,structurally_valid
kurp_1082,3724,Sphere02:903,MESHBANK1,137,198,1,False,1.1863195896148682,2.270900011062622,70.0298843383789,99.99853515625,3.1329212188720703,True,1,aeb02ff55f3df00a7713dfda0ae4e38d7600eec4,structurally_valid
kurp_1083,3727,Sphere03,MESHBANK1,99,128,1,False,12.273696899414062,0.3291608393192291,-0.040694646537303925,60.046142578125,1.9931530952453613,False,1,1c0d4751e1225e1843f4fd6e9ebd1a7b26521597,structurally_valid
kurp_1084,3730,Sphere04,MESHBANK1,188,288,1,False,1.3000000715255737,2.2194483280181885,220.0,119.98979949951172,3.0087788105010986,False,1,49b1a722a5b0be982b8a4e665ac25616dca6d5e0,structurally_valid
kurp_1085,3733,Sphere05,MESHBANK1,219,112,1,True,2.447721481323242,1.0,199.99745178222656,79.98826599121094,-15.091076850891113,False,1,937d8409b97a12e9cc1d60d772e64ebbec7e6f37,structurally_valid
kurp_1086,3736,Sphere06,MESHBANK1,57,56,1,True,2.2894105911254883,1.0,199.99745178222656,79.98826599121094,-15.112351417541504,False,1,022e2a3dbe9a2fd98226e5d75b51f247fa0ce11b,structurally_valid
kurp_1087,3739,Tube01,MESHBANK1,144,120,1,False,5.484996318817139,1.0,10.0,0.0,0.20000000298023224,True,1,003ad641932b230082899e5eca00b952c9d72f51,structurally_valid
kurp_1088,3742,Tunder big01:3064,MESHBANK1,80,40,1,False,6.903677940368652,0.93890780210495,41.08484649658203,19.66092300415039,-11.709897994995117,False,1,2df5585a93219ab59a277d06ec0eb5be1fd3fbef,structurally_valid
kurp_1089,3745,Tunder big02,MESHBANK1,88,80,1,False,5.448197364807129,1.5,159.01205444335938,-0.018958836793899536,0.8982300758361816,True,1,ebb858944f0c822dcc1da4a13b495d65fdc8a468,structurally_valid
kurp_1090,3748,Tunder big02:3184,MESHBANK1,76,40,1,False,5.008424282073975,0.93890780210495,37.7220458984375,19.59789276123047,-11.709897994995117,False,1,28f63cea0f6c060c37470fb40172327941894841,structurally_valid
kurp_1091,3751,Tunder big03:3079,MESHBANK1,88,40,1,False,6.016862869262695,0.93890780210495,40.885353088378906,17.663806915283203,-11.70989990234375,False,1,3cf608574916fb47e9c36355c2ffdb561081c1a6,structurally_valid
kurp_1092,3754,Tunder big04:3201,MESHBANK1,80,40,1,False,8.80228042602539,0.9999999403953552,38.70578384399414,19.33837127685547,-9.999998092651367,False,1,fe82b43a44740649ada82ba7a8daa7b12a083800,structurally_valid
kurp_1093,3757,Tunder big05:3220,MESHBANK1,76,40,1,False,6.385806560516357,0.9999999403953552,43.27238464355469,19.252775192260742,-9.999999046325684,False,1,e99b4d1bc648cb325fdd4201faa814fbb6c00f41,structurally_valid
kurp_1094,3760,Tunder big06:3236,MESHBANK1,88,40,1,False,7.671578407287598,0.9999999403953552,38.97669219970703,16.626338958740234,-9.999999046325684,False,1,345aa8803de96710e0c2f2056ce1137edae90beb,structurally_valid
kurp_1095,3763,Tunder01:3017,MESHBANK1,236,120,1,False,7.696348667144775,0.93890780210495,40.0,20.203567504882812,-11.709897994995117,False,1,bbe659892e5e3761ded72f066f204399b469889b,structurally_valid
kurp_1096,3766,Tunder02:3094,MESHBANK1,212,120,1,False,7.811947822570801,0.93890780210495,40.38958740234375,19.5710506439209,-11.709897994995117,False,1,e97a3a17b2a55c54ef51c3819d815e16011d02be,structurally_valid
kurp_1097,3769,Tunder03:3109,MESHBANK1,218,120,1,False,7.71316385269165,0.93890780210495,40.0,20.203567504882812,-11.709897994995117,False,1,9bcf6483cbd11abee327956aeff7246ffde7179f,structurally_valid
kurp_1098,3772,Tunder04:3121,MESHBANK1,410,242,1,False,8.746885299682617,0.9389077425003052,40.0,19.684051513671875,-11.709897994995117,False,1,2cfb1feed9d554bb1dcbe765887f0e215bdb09f7,structurally_valid
kurp_1099,3775,Tunder05:3036,MESHBANK1,220,120,1,False,7.725404262542725,0.93890780210495,40.0,18.904680252075195,-11.709898948669434,False,1,8972e2933b08c874da953965d85758e2907da507,structurally_valid
kurp_1100,3778,Tunder06:3049,MESHBANK1,236,120,1,False,8.07543659210205,0.93890780210495,40.24409866333008,19.255266189575195,-11.7098970413208,False,1,130a993cb14fc5bd87878474ff315f0aaf1c4722,structurally_valid
kurp_1101,3781,Tunder08:3133,MESHBANK1,184,120,1,False,7.2020182609558105,0.93890780210495,40.0,20.14129638671875,-11.709898948669434,False,1,35fecdb095a7ff33fc0a26b5943ed2522dd23716,structurally_valid
kurp_1102,3784,Tunder09:3145,MESHBANK1,228,120,1,False,8.864812850952148,0.93890780210495,40.0,18.796648025512695,-11.709898948669434,False,1,4fca42612909d22b2dce93ea647ee8c77b141168,structurally_valid
kurp_1103,3787,Tunder10:3160,MESHBANK1,220,120,1,False,7.834285736083984,0.93890780210495,40.0,20.26213836669922,-11.709897994995117,False,1,a168020d199e98a83b7b83e52a19c386bfccc12b,structurally_valid
kurp_1104,3790,Tunder11:3172,MESHBANK1,220,120,1,False,6.874118328094482,0.93890780210495,40.5411491394043,20.265607833862305,-11.709898948669434,False,1,f7970ad229faf04c40e65bf06cce3776622c26b9,structurally_valid
kurp_1105,3793,Tunder12:3251,MESHBANK1,236,120,1,False,9.812944412231445,0.9999999403953552,40.178977966308594,20.075267791748047,-9.999998092651367,False,1,5abaa57b90188f684856ee0421c57381e0f637eb,structurally_valid
kurp_1106,3796,Tunder13:3266,MESHBANK1,212,120,1,False,9.960335731506348,0.9999999403953552,39.64992904663086,19.216325759887695,-9.999999046325684,False,1,79d8d4b27925d722400a4cea28bf1c236a3834b6,structurally_valid
kurp_1107,3799,Tunder14:3281,MESHBANK1,218,120,1,False,9.834383964538574,0.9999999403953552,40.178977966308594,20.075267791748047,-9.999998092651367,False,1,5820622f2e43a73b6c5ebb186dcff7efd893e902,structurally_valid
kurp_1108,3802,Tunder15:3293,MESHBANK1,410,242,1,False,11.152393341064453,0.9999998807907104,40.178977966308594,19.36977767944336,-9.999999046325684,False,1,7b325198f3aaf5b4b563794417c44a967883e027,structurally_valid
kurp_1109,3805,Tunder16:3305,MESHBANK1,220,120,1,False,9.849990844726562,0.9999999403953552,40.178977966308594,18.311410903930664,-9.999998092651367,False,1,a98e85681e99440a49b1abe09b6e1496ac58f3cb,structurally_valid
kurp_1110,3808,Tunder17:3317,MESHBANK1,236,120,1,False,10.296285629272461,0.9999999403953552,39.847496032714844,18.78749656677246,-9.999999046325684,False,1,fd90c3bd3f6780081f2d3414abd35a16d3a0ffbe,structurally_valid
kurp_1111,3811,Tunder18:3332,MESHBANK1,184,120,1,False,9.182666778564453,0.9999999403953552,40.178977966308594,19.990705490112305,-9.999999046325684,False,1,2411438dd6d48b045926e3ccc4712ff4d117c24c,structurally_valid
kurp_1112,3814,Tunder19:3344,MESHBANK1,228,120,1,False,11.302751541137695,0.9999999403953552,40.178977966308594,18.16470718383789,-9.999998092651367,False,1,3b7c6652c95fbdb7cd8143e00713088893625808,structurally_valid
kurp_1113,3817,Tunder20:3359,MESHBANK1,220,120,1,False,9.988816261291504,0.9999999403953552,40.178977966308594,20.15480613708496,-9.999998092651367,False,1,47991232647918dd3b3372df3b798dfb91dcd2c4,structurally_valid
kurp_1114,3820,Tunder21:3367,MESHBANK1,220,120,1,False,8.764591217041016,0.9999999403953552,39.44411087036133,20.15951919555664,-9.999998092651367,False,1,cee4d77d159aad7a2fc157c5c4d06538420c15de,structurally_valid
kurp_1115,3853,base ice wind01:1722,MESHBANK1,192,240,1,False,3.945751905441284,2.7739999294281006,249.9999542236328,115.72328186035156,0.1945343017578125,False,1,aa2d8cf7ea47b741695540ec4763c83734367fc9,structurally_valid
kurp_1116,3856,base light01:2209,MESHBANK1,40,20,1,False,3.309260845184326,2.0,90.23763275146484,18.52606201171875,2.392390727996826,False,1,4885e96d49a1a3766009581890302f0dd3fcccbc,structurally_valid
kurp_1117,3859,base light02:2220,MESHBANK1,48,24,1,False,4.391855239868164,2.0,89.74481964111328,20.039016723632812,3.5551259517669678,False,1,8e36eda50b5df53856dd16a6301b24f26750838b,structurally_valid
kurp_1118,3862,center ball01:2225,MESHBANK1,4,2,1,False,5.131639003753662,1.3240057229995728,89.99442291259766,19.97298240661621,0.40000003576278687,False,1,9a6f5f50fffee354c3706ea9862c5edb87163475,structurally_valid
kurp_1119,3865,center01:2241,MESHBANK1,4,2,1,False,4.48736047744751,2.0,89.99442291259766,22.849992752075195,0.49509352445602417,False,1,7e2ec11bb77c1f3e4ca20b1599e9bf6b48de34f3,structurally_valid
kurp_1120,3868,fire02,MESHBANK1,101,119,1,True,1.7850419282913208,2.6641464233398438,209.7622833251953,19.957393646240234,0.7690035104751587,True,1,4954df30c0c344b3b387213b76541052caa90287,structurally_valid
kurp_1121,3871,fire03,MESHBANK1,90,110,1,True,1.7579681873321533,2.6641464233398438,210.29937744140625,19.875595092773438,0.35550636053085327,True,1,e282a6284d74933e711b238a5f2b58abf173e5bd,structurally_valid
kurp_1122,3874,fire04,MESHBANK1,97,114,1,True,1.7785810232162476,2.6641464233398438,209.89157104492188,20.49280548095703,-0.9194192290306091,True,1,c123b84e374d4e28a50a6b0c55bdee12cd8d1dc0,structurally_valid
kurp_1123,3877,fire05,MESHBANK1,144,152,1,True,2.094540596008301,2.6641464233398438,209.7882537841797,19.828960418701172,-0.4448336958885193,True,1,c9f06b45f3717aca7e33f94954fa1abbfad3386d,structurally_valid
kurp_1124,3880,fire06,MESHBANK1,139,152,1,True,1.9108303785324097,2.6641464233398438,210.17611694335938,19.823883056640625,-0.5402632355690002,True,1,4615d3c653337daee48a545e1ce0962af78125c1,structurally_valid
kurp_1125,3883,fire07,MESHBANK1,118,144,1,True,1.894819736480713,2.6641464233398438,210.1388702392578,19.916431427001953,0.1971358060836792,True,1,18b9a3e69bea806ad272c3d8f9496c20f45bfdab,structurally_valid
kurp_1126,3886,fire08,MESHBANK1,93,114,1,True,2.117877960205078,2.6641464233398438,209.7882537841797,19.828960418701172,-0.4448336958885193,True,1,dd13aad58163bbb9062032259ab56a9ed7591712,structurally_valid
kurp_1127,3889,fire09,MESHBANK1,93,114,1,True,1.7669581174850464,2.6641464233398438,210.1388702392578,19.916431427001953,0.1971358060836792,True,1,ca9e9404a28492de9f1f9cd197c621fda53edb04,structurally_valid
kurp_1128,3892,floor light01-02:2265,MESHBANK1,8,4,1,False,2.1179115772247314,2.0,91.66718292236328,16.65373992919922,2.04634952545166,False,1,18d1c79b41d280e3ce1948b7a7fea6794a866f64,structurally_valid
kurp_1129,3895,floor light01-03:2272,MESHBANK1,8,4,1,False,2.2122304439544678,2.0,92.49444580078125,14.813233375549316,0.4000277817249298,False,1,02cedb667a137c832bb7d61314cd8240eaa37804,structurally_valid
kurp_1130,3898,floor light01:2249,MESHBANK1,8,4,1,False,2.4843649864196777,2.0,90.0,15.246116638183594,0.3999984860420227,False,1,38217e1751daf8e403c7f9a75c333491573df5e4,structurally_valid
kurp_1131,3901,floor light02-02:2294,MESHBANK1,8,4,1,False,2.056236505508423,2.0,91.98303985595703,23.434709548950195,0.40000006556510925,False,1,c312f50ee386d139d26d718430128b4cf66a74bc,structurally_valid
kurp_1132,3904,floor light02-03:2301,MESHBANK1,8,4,1,False,1.6510519981384277,2.0,91.60315704345703,21.152545928955078,0.40000641345977783,False,1,56e00838de7c1097c8833bd550374a4c4c07e40b,structurally_valid
kurp_1133,3907,floor light02:2279,MESHBANK1,8,4,1,False,2.7326340675354004,2.0,93.13642883300781,22.63534927368164,3.716327667236328,False,1,24252826d8641144b1bf88cff9c53f911f37d458,structurally_valid
kurp_1134,3910,floor light03-02:2324,MESHBANK1,8,4,1,False,2.12945294380188,2.0,94.03541564941406,19.642026901245117,1.0760619640350342,False,1,22dcdb024171a404f7bd1aa462423be17034d4f0,structurally_valid
kurp_1135,3913,floor light03-03:2331,MESHBANK1,8,4,1,False,1.5164213180541992,1.9999998807907104,92.8770980834961,18.121265411376953,0.8324242234230042,False,1,5b1bbebfc4c1d6d743260a043959d63d90a8516c,structurally_valid
kurp_1136,3916,floor light03:2308,MESHBANK1,8,4,1,False,2.7326340675354004,2.0,94.06683349609375,17.364648818969727,2.472696304321289,False,1,95512736bc02ddf24a3e2175991dbc01667f3620,structurally_valid
kurp_1137,3919,floor light04-02:2345,MESHBANK1,8,4,1,False,2.4273369312286377,2.0,87.33110809326172,16.16485023498535,0.6971831321716309,False,1,0a61bb1121989a9de827b985f553f9f5e947fffd,structurally_valid
kurp_1138,3922,floor light04-03:2352,MESHBANK1,8,4,1,False,2.357250928878784,2.0,87.4063491821289,14.59013843536377,0.9470745921134949,False,1,75a454119419553e84b591cd2e5706951f0acb95,structurally_valid
kurp_1139,3925,floor light04:2338,MESHBANK1,8,4,1,False,2.917701482772827,2.0,89.11433410644531,14.457836151123047,0.8129945993423462,False,1,5bb73c6bf39da3a0d54e63522eb54c5d159913c3,structurally_valid
kurp_1140,3928,floor light05-02:2366,MESHBANK1,8,4,1,False,2.1833996772766113,2.0,87.29299926757812,23.22606658935547,0.39999985694885254,False,1,db7752ad67bdb181c606a178c1ae2c1b4da78201,structurally_valid
kurp_1141,3931,floor light05-03:2373,MESHBANK1,8,4,1,False,1.7531577348709106,2.0,87.81156158447266,20.983867645263672,0.39999958872795105,False,1,caf94442aa46cabe0ae0548d3f172f81383c8283,structurally_valid
kurp_1142,3934,floor light05:2359,MESHBANK1,8,4,1,False,2.7326340675354004,2.0,85.29230499267578,21.802675247192383,1.9389021396636963,False,1,24fa6fd7c4d4296a95ae5021f8fa8a57185d1e8a,structurally_valid
kurp_1143,3937,floor light06-02:2387,MESHBANK1,8,4,1,False,2.0713157653808594,2.0,86.48954772949219,19.999998092651367,2.307342290878296,False,1,c650202a8fa437e35fbc6a35d52651d22d72b545,structurally_valid
kurp_1144,3940,floor light06-03:2394,MESHBANK1,8,4,1,False,2.2993061542510986,1.9999998807907104,85.4896469116211,18.375755310058594,0.8136563301086426,False,1,4627a008f6d6ed9c97bf76749bcc3a8e2d500b96,structurally_valid
kurp_1145,3943,floor light06:2380,MESHBANK1,8,4,1,False,2.7326345443725586,2.0,86.48731994628906,18.197307586669922,3.891655683517456,False,1,0e52c68ade090a2a7f0726ed9d34f1878e4040ad,structurally_valid
kurp_1146,3946,floor light11:2401,MESHBANK1,8,4,1,False,1.7957994937896729,2.0,89.99995422363281,14.940942764282227,0.40002670884132385,False,1,d15def06101235b59f4f96ca840c75cc98a62a4a,structurally_valid
kurp_1147,3949,floor light12:2408,MESHBANK1,8,4,1,False,2.460773468017578,2.0,93.4323959350586,20.77998924255371,2.7577672004699707,False,1,903734e5660624fefa04afe514ec53fbe764e5ec,structurally_valid
kurp_1148,3952,floor light13:2415,MESHBANK1,8,4,1,False,1.8082730770111084,2.0,92.75093078613281,16.645326614379883,1.5899956226348877,False,1,b9a74761c5de4e4f016f1fcabf450b23d4724995,structurally_valid
kurp_1149,3955,floor light14:2422,MESHBANK1,8,4,1,False,1.7361936569213867,2.0,89.48280334472656,15.139093399047852,0.6412058472633362,False,1,775476d29d06014ddec1e690a643c0c410edd836,structurally_valid
kurp_1150,3958,floor light15:2429,MESHBANK1,8,4,1,False,2.194166421890259,1.9999998807907104,86.05677795410156,19.83314323425293,1.0952963829040527,False,1,6593ba0a3276478e30a7e39c7805b9a5f0ff6513,structurally_valid
kurp_1151,3961,floor light16:2436,MESHBANK1,8,4,1,False,1.6035728454589844,1.9999998807907104,87.41899871826172,17.339231491088867,1.6034910678863525,False,1,cb091680697d474040b7dcc81f6cf60d4488ea7b,structurally_valid
kurp_1152,3964,floor01:2443,MESHBANK1,4,2,1,False,6.340117931365967,1.5009024143218994,89.99456787109375,20.06528091430664,0.40000003576278687,False,1,4aedad04f4bc1252623880f56cae47bb06b07f81,structurally_valid
kurp_1153,3967,ice sword01:1737,MESHBANK1,4074,5424,1,False,4.909731864929199,1.2000000476837158,249.99986267089844,115.87692260742188,2.841714382171631,False,1,f957c23532027838368b8fe67ce46b94ca49bb09,structurally_valid
kurp_1154,3970,ice wind01,MESHBANK1,384,480,1,False,3.945751905441284,1.3869999647140503,249.9999542236328,115.72328186035156,0.1945343017578125,False,1,9c97d5fbb7fa9b06903f47bd77823704eb4f2632,structurally_valid
kurp_1155,3973,light wall02,MESHBANK1,148,144,1,True,2.708148956298828,2.0,69.99134063720703,20.001617431640625,0.5130236148834229,False,1,6c5a95d892eb785f544ab175b06d7a8472b1fb48,structurally_valid
kurp_1156,3976,light wall04,MESHBANK1,141,144,2,False,2.8683767318725586,2.0,69.99134063720703,20.001617431640625,0.4130866527557373,False,1,28195503de36807501e5c3506230cc2370a46a86,structurally_valid
kurp_1157,3979,light wall06,MESHBANK1,178,216,2,False,3.81997013092041,1.9999998807907104,69.99134063720703,20.001617431640625,1.5328162908554077,False,1,f902afc2a405e77d1a4a3376d569649070abea0f,structurally_valid
kurp_1158,3982,light wall12,MESHBANK1,202,216,1,True,3.597724199295044,2.0,69.98751068115234,20.00233268737793,0.40083926916122437,False,1,1730b2e3bd1f5e2a5fc0624f57dae2933422dbc7,structurally_valid
kurp_1159,3985,light01,MESHBANK1,97,96,1,False,1.5443934202194214,4.5,1.9867638911819085e-05,39.08831024169922,1.767207464808962e-07,False,1,2e677d0be3e9748c87837e77a03cbef7ecea62c9,structurally_valid
kurp_1160,3988,lightball01,MESHBANK1,48,24,1,False,7.201045989990234,1.0,189.99989318847656,20.000045776367188,2.6843740940093994,False,1,8edbf86401ce2ff97b6b84158fe72e08d9a7993d,structurally_valid
kurp_1161,3991,line03,MESHBANK1,32,16,1,False,20.198701858520508,1.0,170.25856018066406,-1.1349153518676758,21.410186767578125,False,1,2b041194dba6aeee6fb94ff7425dd9f31bb01b1f,structurally_valid
kurp_1162,3994,line05,MESHBANK1,32,16,1,False,16.890987396240234,1.0,172.8229522705078,-0.86319500207901,22.118370056152344,False,1,a7f94c694a881f5776fec2b83f2e374e775dc510,structurally_valid
kurp_1163,3997,line09,MESHBANK1,32,16,1,False,18.940797805786133,1.0,167.11024475097656,1.7041088342666626,26.650955200195312,False,1,25da02572098189a7064cbd97e432b4afe185b75,structurally_valid
kurp_1164,4000,line13,MESHBANK1,32,16,1,False,21.31153678894043,1.0,169.3560791015625,1.11876380443573,28.189096450805664,False,1,96dae44625a20417370639564336e64398c48b67,structurally_valid
kurp_1165,4003,master light01:2451,MESHBANK1,8,4,1,False,4.962240219116211,2.0,89.65977478027344,9.402009963989258,3.0458977222442627,False,1,aaa46d1e6b1de1e9aed6ad15ec0e48d3c196af5c,structurally_valid
kurp_1166,4006,master light02:2466,MESHBANK1,8,4,1,False,4.782783508300781,1.999999761581421,86.43965148925781,24.138927459716797,6.363574028015137,False,1,5dc230bd29f49413734f8e878b4114a0bea729d4,structurally_valid
kurp_1167,4009,master light03:2481,MESHBANK1,8,4,1,False,4.635348796844482,1.9999996423721313,93.0980453491211,12.757619857788086,5.765886306762695,False,1,38c5234cfa12253959442d21393c36ec3c875f89,structurally_valid
kurp_1168,4012,master light04:2496,MESHBANK1,8,4,1,False,3.318674087524414,2.0,90.17796325683594,13.512665748596191,3.703131914138794,False,1,67906f44de15dae9957cf04d86285fbd1318cb34,structurally_valid
kurp_1169,4015,master light05:2511,MESHBANK1,8,4,1,False,4.997994422912598,1.999999761581421,91.53842163085938,26.711109161376953,4.747032165527344,False,1,4ee7c7f0d7225f58bfa58a7d1f4535229fcc4feb,structurally_valid
kurp_1170,4018,master light06:2526,MESHBANK1,8,4,1,False,4.529679775238037,1.9999998807907104,87.55545043945312,15.694002151489258,7.741926193237305,False,1,3ae2f68a631cae64538f97ceb80aa7fafe1ad595,structurally_valid
kurp_1171,4021,one ice01_01,MESHBANK1,808,462,1,False,13.074371337890625,0.4000000059604645,290.6873474121094,17.564441680908203,0.07167818397283554,False,1,94be569b6db8a4d2fbdb76279ebe48d3a2c9a334,structurally_valid
kurp_1172,4024,tb01,MESHBANK1,134,76,1,True,1.1605477333068848,6.0,111.82391357421875,-0.6592090129852295,-0.8253060579299927,False,1,24facfd44d58352428ec76a18ff851b9bb9ee3b9,structurally_valid
kurp_1173,4027,tb02,MESHBANK1,144,76,1,True,1.254248857498169,6.000000476837158,108.34664916992188,7.889184951782227,0.8845267295837402,False,1,3976f1bb7697791d89eae96902cc1033c242f14d,structurally_valid
kurp_1174,4030,tb03,MESHBANK1,182,96,1,True,1.4491139650344849,6.0,108.91954803466797,13.221319198608398,0.20752273499965668,False,1,7b0b9e27bead44784a29ceaa925cdfd07661e044,structurally_valid
kurp_1175,4033,wave01,MESHBANK1,252,240,1,False,1.2535145282745361,7.371307849884033,1.9942432118114084e-05,31.5562686920166,5.889387466595508e-08,False,1,94df5fa0a7f178de4cfc2c909d52b3f7b95785cc,structurally_valid
kurp_1176,4036,wind02,MESHBANK1,390,480,1,False,6.4143266677856445,1.000000238418579,300.0,20.000051498413086,2.0,False,1,66b90959f92d71eec39b156dfb0a0d9be7ccfca6,structurally_valid
kurp_1177,4039,wind03,MESHBANK1,264,320,1,False,5.613875865936279,1.0000001192092896,300.0,20.000051498413086,2.0,False,1,685f2e70515e9b4fa9b58af74519ae55a3fab956,structurally_valid
kurp_1178,4042,wind05,MESHBANK1,264,320,1,False,6.2426347732543945,0.9999999403953552,300.0,20.000051498413086,2.0,False,1,3f6fec01ffc6dd01cea8101b614f8a0328a9bbcd,structurally_valid
kurp_1179,4045,wind14,MESHBANK1,333,400,1,False,5.728908061981201,0.9999999403953552,300.0,20.000051498413086,2.0,False,1,d9f14307b38688250eacbca19b9d58175c8b1f9c,structurally_valid
kurp_1180,4048,wind16,MESHBANK1,201,240,1,False,4.641305446624756,1.000000238418579,300.0,20.000051498413086,2.0,False,1,6b1df769134ba595f282f0944a841462ae5d85b7,structurally_valid
kurp_1181,4051,wind20,MESHBANK1,264,320,1,False,5.435213088989258,1.000000238418579,300.0,20.000051498413086,2.0,False,1,0a30cd25b810b6e5cdb99443f0d52a94c80e00b6,structurally_valid
kurp_1182,4054,wind34,MESHBANK1,69,80,1,False,2.702251434326172,1.0000004768371582,300.0,20.000051498413086,2.0,False,3,da1192159e9529607569f55e4d543e744bd0f2b0,structurally_valid
kurp_1183,4063,wind41,MESHBANK1,63,80,1,False,2.725407838821411,0.9999998807907104,300.0,20.000051498413086,2.0,False,3,025f02e125a0b39f3f163a4af269724dfdf4b824,structurally_valid
kurp_1184,4074,Editable Mesh,MESHBANK2/6767,452,448,1,False,13.138350486755371,10.0,-0.6360506415367126,1.2474002838134766,0.6551488637924194,True,3,a8edcec22e71526c39b9380fdda3a6f6d1bf1447,structurally_valid
kurp_1185,4083,Editable Mesh,MESHBANK2/6767,452,448,1,False,13.138350486755371,10.0,-0.6360506415367126,1.2474002838134766,0.6551488637924194,False,1,30be5516f58a2bad77d25abc2941cca13598f7eb,structurally_valid
kurp_1186,4087,Tube02-2,MESHBANK2/6464,198,240,1,False,3.013852834701538,1.0,1.3590296887855402e-08,1.1173250769047627e-08,-0.09016156941652298,False,1,a022bb7509fd943ba0c97034b4cbf55904999eff,structurally_valid
kurp_1187,4090,Plane150,MESHBANK2/6464,1197,1512,1,False,8.866552352905273,1.000000238418579,1.7800201177597046,-3.90680376938235e-09,-1.7188737392425537,False,1,6f4051b7e78a32582aa0e4362a2e1422516c48fd,structurally_valid
kurp_1188,4093,Plane02,MESHBANK2/6464,8,4,1,False,3.1269407272338867,1.0,-2.206892446565689e-09,8.272503748685267e-08,0.5390262603759766,True,1,b147a1a2d9f4d9a2378eb7f6238e854c47d8ef24,structurally_valid
kurp_1189,4096,Plane171,MESHBANK2/6464,2808,3600,1,False,9.207545280456543,1.0,-1.8053759336471558,-0.0014914069324731827,-1.5630764961242676,False,1,e54fe50b6979d415d277bdfcb539dd0ad459c818,structurally_valid
kurp_1190,4099,Plane67,MESHBANK2/6464,252,320,1,False,7.592831611633301,1.0,-0.46413278579711914,0.8039018511772156,0.3628119230270386,False,1,7626c5aac54ea10c5a4fab724b0ad9cda0d962be,structurally_valid
kurp_1191,4102,Plane66,MESHBANK2/6464,252,320,1,False,7.58052921295166,1.0,-0.46413302421569824,-0.8039017915725708,0.3628119230270386,False,1,b0ea6e540c9664c52cda8860c5b413dc4c5df9a9,structurally_valid
kurp_1192,4105,Plane65,MESHBANK2/6464,252,320,1,False,7.537637710571289,1.0,0.9282659292221069,0.0,0.3628119230270386,False,1,c8c78fcecdf1d895b7b162469c384af26d053ca5,structurally_valid
kurp_1193,4109,Editable Mesh,MESHBANK3,1536,768,2,False,546.5338745117188,0.009999999776482582,120.0,0.0,0.0,True,3,2e23f0d2ad65620d960c6cd3030ea231b33ccd4f,structurally_valid
kurp_1194,4118,Editable Mesh,MESHBANK3,117,192,3,False,567.2295532226562,0.009999999776482582,0.0,0.0,0.0,True,1,a2eeb395903e3b1f4c457d41f9121de7eaed8147,structurally_valid
kurp_1195,4121,Editable Mesh,MESHBANK3,36,36,3,False,28.080062866210938,0.10000000149011612,10.0,7.000000096013537e-06,0.0,False,1,8a75d931251fe5fecb08521f93db63bb270bac7d,structurally_valid
kurp_1196,4124,Editable Mesh,MESHBANK3,438,576,3,False,48.34883117675781,0.10000000149011612,20.0,0.0,0.0,True,1,ab781e82528cc16536042d918a9a91e7d1d39a0d,structurally_valid
kurp_1197,4127,Editable Mesh,MESHBANK3,876,1152,3,False,90.4119644165039,0.05000000074505806,30.0,0.0,0.0,True,1,a7b76b091cbff3f21e7fb8982511dda2ef31d971,structurally_valid
kurp_1198,4130,Editable Mesh,MESHBANK3,1018,524,1,False,71.09156799316406,0.019999999552965164,40.0,0.0,0.0,True,1,fe0c58afdf384029e0d583fd2307e912b16e12af,structurally_valid
kurp_1199,4133,PolyMesh,MESHBANK3,624,312,2,False,527.9195556640625,0.029999999329447746,50.0,0.0,0.0,True,1,97b22b44da7d1729821a2f8b46c5358f4758bba1,structurally_valid
kurp_1200,4136,Editable Mesh,MESHBANK3,331,608,2,False,207.59458923339844,0.019999999552965164,60.0,0.0,0.0,False,1,bcbbe5b96f0be1d6a4e9e5ab715b18932b8b0b65,structurally_valid
kurp_1201,4139,Editable Mesh,MESHBANK3,400,200,3,False,66.58953094482422,0.10000000149011612,70.0,0.0,0.0,True,1,55206ac8aefe4255aee1f772b7568800a09ff8d7,structurally_valid
kurp_1202,4142,PolyMesh,MESHBANK3,288,192,3,False,21.378089904785156,0.6000000238418579,80.0,0.0,0.0,True,1,0c8b82add7cb5958f4f90cd9903e4956464e1957,structurally_valid
kurp_1203,4145,PolyMesh,MESHBANK3,216,144,2,False,56.539207458496094,0.10000000149011612,90.0,0.0,0.0,True,1,c286d20d6e7f677be4cf4eacb84a922693259eea,structurally_valid
kurp_1204,4148,Editable Mesh,MESHBANK3,216,144,3,False,90.5328140258789,0.10000000149011612,100.0,0.0,0.0,True,1,57c28148f4cd9aaf13585e6f91309d9c8c098c18,structurally_valid
kurp_1205,4151,Editable Mesh,MESHBANK3,88,100,2,False,28.11639404296875,0.10000000149011612,110.0,0.0,0.5148559808731079,True,1,c6d31ba33f8a7da9c0b098b3a0046e1a2b2b8256,structurally_valid
