<?xml version="1.0" encoding="utf-8"?>
<COLLADA xmlns="http://www.collada.org/2005/11/COLLADASchema" version="1.4.1">
  <asset>
    <contributor><authoring_tool>Morrobroom Kurpulio VFX preview converter</authoring_tool></contributor>
    <unit name="unit" meter="1"/>
    <up_axis>Z_UP</up_axis>
  </asset>
  <library_images>
    <image id="VFXTexture" name="darkmap_newgen-1.dds">
      <init_from>../../../Textures/Kurp/darkmap_newgen-1.dds</init_from>
    </image>
  </library_images>
  <library_effects>
    <effect id="PreviewEffect">
      <profile_COMMON>
        <newparam sid="VFXTexture-surface">
          <surface type="2D"><init_from>VFXTexture</init_from></surface>
        </newparam>
        <newparam sid="VFXTexture-sampler">
          <sampler2D><source>VFXTexture-surface</source></sampler2D>
        </newparam>
        <technique sid="common"><phong>
          <emission><color>0.08 0.08 0.08 1</color></emission>
          <ambient><color>0.2 0.2 0.2 1</color></ambient>
          <diffuse><texture texture="VFXTexture-sampler" texcoord="UVSET0"/></diffuse>
          <specular><color>0.15 0.15 0.15 1</color></specular>
          <shininess><float>8</float></shininess>
          <transparent opaque="A_ONE"><texture texture="VFXTexture-sampler" texcoord="UVSET0"/></transparent>
          <transparency><float>1</float></transparency>
        </phong></technique>
      </profile_COMMON>
      <extra><technique profile="GOOGLEEARTH"><double_sided>1</double_sided></technique></extra>
    </effect>
  </library_effects>
  <library_materials><material id="PreviewMaterial" name="PreviewMaterial"><instance_effect url="#PreviewEffect"/></material></library_materials>
  <library_geometries>
    <geometry id="vfx_kurp_0950-mesh" name="vfx_kurp_0950"><mesh>
      <source id="vfx_kurp_0950-mesh-positions">
        <float_array id="vfx_kurp_0950-mesh-positions-array" count="2268">-3.25496041 -1.53120563 5.03909319e-05 -3.09545442 -1.79588497 5.61374687e-05 -3.06852326 -1.46004234 5.03909319e-05 -2.94875753 -1.71038862 5.61374687e-05 -3.17884815 -0.927536823 3.81010417e-05 -3.14525206 -1.19730292 4.43787853e-05 -2.91589143 -0.915917783 3.81010417e-05 -2.91932358 -1.1506381 4.43787853e-05 -2.88208549 -1.38887944 5.03909319e-05 -2.80206063 -1.62489226 5.61374687e-05 -3.37118047 -1.24396852 4.43787853e-05 -3.44180444 -0.939156598 3.81010417e-05 -3.16921296 -0.656109275 3.15577116e-05 -3.46434992 -0.621973125 3.1557709e-05 -3.1162495 -0.388384788 2.47487768e-05 -3.43608495 -0.297962704 2.47487768e-05 -3.01985974 -0.129729371 1.76742413e-05 -3.35406138 0.0267344179 1.76742413e-05 -2.88111648 0.112730127 1.03341101e-05 -3.2166685 0.343122104 1.03341101e-05 -2.70730333 0.326486819 2.72838226e-06 -3.02973889 0.635246105 2.72838194e-06 -2.5035805 0.507684586 -5.14294308e-06 -2.79721838 0.896448808 -5.14294276e-06 -2.27456493 0.653590286 -1.32798663e-05 -2.52257938 1.1212356 -1.32798663e-05 -2.874076 -0.690245425 3.1557709e-05 -2.79641386 -0.478806861 2.47487768e-05 -2.68565814 -0.286193087 1.767424e-05 -2.54556451 -0.117662461 1.03341101e-05 -2.38486789 0.0177270692 2.72838194e-06 -2.20994267 0.118920437 -5.14294244e-06 -2.02655055 0.185945116 -1.3279865e-05 -1.84033797 0.219143154 -2.168238e-05 -2.02487498 0.761469928 -2.168238e-05 -1.65657549 0.219401551 -3.03504983e-05 -1.7591284 0.828590094 -3.03504983e-05 -2.20941242 1.30379694 -2.16823813e-05 -1.86168128 1.43777856 -3.03504983e-05 -1.48194633 0.852216971 -3.92842136e-05 -1.48423402 1.51624558 -3.92842162e-05 -1.2048463 0.830531109 -4.84835232e-05 -1.09160925 1.53314532 -4.84835232e-05 -0.938767925 0.765314273 -5.79484375e-05 -0.698825911 1.48718653 -5.79484323e-05 -0.688369233 0.659232978 -6.76789357e-05 -0.313456162 1.3784896 -6.76789357e-05 -0.458306819 0.514953205 -7.76750386e-05 0.0568479392 1.20717876 -7.76750386e-05 -0.253237697 0.335141326 -8.79367462e-05 0.403894613 0.973332749 -8.79367462e-05 -0.0778191367 0.122463532 -9.84640429e-05 0.718461028 0.677367103 -9.84640429e-05 -1.47965878 0.188188092 -3.92842162e-05 -1.31808277 0.12791655 -4.84835232e-05 -1.17870998 0.0434420885 -5.79484323e-05 -1.06328221 -0.0600236425 -6.76789357e-05 -0.973461558 -0.17727234 -7.76750386e-05 -0.910370008 -0.303050097 -8.79367462e-05 -0.874099309 -0.432440056 -9.84640429e-05 -0.822838771 -0.627689576 -0.000109256939 0.066045475 -0.114364739 -0.000109256939 0.954929689 0.39896008 -0.000109256939 -3.12821031 -1.40140846 5.03922155e-05 -3.12241365 -1.71038043 5.61387523e-05 -2.93116916 -1.43299772 5.03922155e-05 -2.95262231 -1.70968691 5.61387523e-05 -2.76046071 -0.916672067 3.81023279e-05 -2.86624856 -1.16709431 4.43800689e-05 -2.52692386 -1.03808796 3.81023279e-05 -2.64725627 -1.23964559 4.43800689e-05 -2.73412795 -1.46458776 5.03922155e-05 -2.78283066 -1.70899321 5.61387523e-05 -3.0852412 -1.09454378 4.43800689e-05 -2.9939972 -0.7952568 3.81023279e-05 -2.61640245 -0.686426445 3.15589978e-05 -2.85493055 -0.509295168 3.15589952e-05 -2.43667252 -0.481051973 2.4750063e-05 -2.6684471 -0.242826405 2.4750063e-05 -2.2238688 -0.305244683 1.76755287e-05 -2.43506406 -0.00264228023 1.76755287e-05 -1.98248401 -0.164640287 1.03353975e-05 -2.15788456 0.202661073 1.03353975e-05 -1.72507892 -0.0664280816 2.72967006e-06 -1.84993676 0.36218307 2.72966974e-06 -1.458051 -0.0113676117 -5.14165464e-06 -1.5179667 0.472131023 -5.14165432e-06 -1.18676486 0.000482594103 -1.32785776e-05 -1.16772896 0.529482543 -1.32785776e-05 -2.37787454 -0.863557734 3.15589952e-05 -2.20489788 -0.719277652 2.4750063e-05 -2.01267373 -0.607847098 1.76755274e-05 -1.80708379 -0.531942085 1.03353975e-05 -1.60022165 -0.495039609 2.72966974e-06 -1.39813522 -0.494866186 -5.141654e-06 -1.20580067 -0.528517169 -1.32785763e-05 -1.02793686 -0.59287313 -2.16810912e-05 -0.916587195 -0.0309358497 -2.16810912e-05 -0.868664663 -0.684530584 -3.03492096e-05 -0.652883816 -0.10568139 -3.03492096e-05 -0.805237742 0.531001796 -2.16810925e-05 -0.43710295 0.473167729 -3.03492096e-05 -0.401023669 -0.223810944 -3.92829223e-05 -0.0709905356 0.352398532 -3.92829248e-05 -0.171890918 -0.381141452 -4.84822344e-05 0.277482345 0.170721767 -4.84822344e-05 0.0259313036 -0.570660092 -5.79471435e-05 0.594663311 -0.0654713788 -5.79471383e-05 0.189742264 -0.787728532 -6.76776418e-05 0.874054793 -0.352290534 -6.76776418e-05 0.316842268 -1.02770969 -7.76737447e-05 1.10909215 -0.685802129 -7.76737447e-05 0.404531384 -1.28596585 -8.79354523e-05 1.29272036 -1.06184207 -8.79354523e-05 0.45010945 -1.55785959 -9.8462749e-05 1.41716003 -1.47543899 -9.8462749e-05 -0.73105703 -0.800020577 -3.92829248e-05 -0.621263862 -0.933005267 -4.84822344e-05 -0.542800684 -1.07584867 -5.79471383e-05 -0.494570228 -1.22316651 -6.76776418e-05 -0.475407574 -1.36961722 -7.76737447e-05 -0.483657551 -1.51008969 -8.79354523e-05 -0.516941213 -1.64028004 -9.8462749e-05 -0.570173014 -1.83500138 -0.000109255645 0.456285692 -1.83489109 -0.000109255645 1.4827444 -1.83478089 -0.000109255645 -3.29983025 -1.70698839 5.03922155e-05 -3.02935443 -1.85645447 5.61387523e-05 -3.1739528 -1.55214068 5.03922155e-05 -2.94505953 -1.70906407 5.61387523e-05 -3.53574961 -1.14613976 3.81023279e-05 -3.37177162 -1.36296607 4.43800689e-05 -3.31383219 -1.00459911 3.81023279e-05 -3.19944424 -1.20958887 4.43800689e-05 -3.04807427 -1.39729281 5.03922155e-05 -2.86076434 -1.5616735 5.61387523e-05 -3.5440986 -1.51634396 4.43800689e-05 -3.7576667 -1.287681 3.81023279e-05 -3.66311931 -0.906259092 3.15589978e-05 -3.93578345 -1.02426481 3.15589952e-05 -3.7511138 -0.647921122 2.4750063e-05 -4.07331068 -0.72953113 2.4750063e-05 -3.79696553 -0.375723993 1.76755287e-05 -4.16462465 -0.407323274 1.76755287e-05 -3.79804016 -0.0963763008 1.03353975e-05 -4.20383284 -0.0646270402 1.03353975e-05 -3.75439207 0.17564889 2.72967006e-06 -4.18800919 0.281824478 2.72966974e-06 -3.66856183 0.434432227 -5.14165464e-06 -4.11724195 0.624292973 -5.14165432e-06 -3.54318127 0.675298133 -1.32785776e-05 -3.99179086 0.956283574 -1.32785776e-05 -3.39045517 -0.788253378 3.15589952e-05 -3.42891695 -0.566311041 2.4750063e-05 -3.42930674 -0.344124807 1.76755274e-05 -3.39224753 -0.128126172 1.03353975e-05 -3.32077477 0.0694730077 2.72966974e-06 -3.2198818 0.244571628 -5.141654e-06 -3.09457192 0.394312754 -1.32785763e-05 -2.94990616 0.516169398 -2.16810912e-05 -3.38088341 0.893569739 -2.16810912e-05 -2.7908924 0.608274494 -3.03492096e-05 -3.18430024 1.08457077 -3.03492096e-05 -3.81186109 1.27096983 -2.16810925e-05 -3.57770794 1.56086713 -3.03492096e-05 -2.95606694 1.24362332 -3.92829223e-05 -3.29006246 1.81754507 -3.92829248e-05 -2.70524836 1.36339286 -4.84822344e-05 -2.95848944 2.02849318 -4.84822344e-05 -2.44220923 1.43995276 -5.79471435e-05 -2.59534962 2.18508348 -5.79471383e-05 -2.17231697 1.47328309 -6.76776418e-05 -2.20726114 2.28363404 -6.76776418e-05 -1.90093721 1.46336435 -7.76737447e-05 -1.80091299 2.32042671 -7.76737447e-05 -1.63343615 1.41017731 -8.79354523e-05 -1.38343865 2.29143346 -8.79354523e-05 -1.37518026 1.31370219 -9.8462749e-05 -0.963033286 2.19240299 -9.8462749e-05 -2.62207125 0.669701281 -3.92829248e-05 -2.45200653 0.698292584 -4.84822344e-05 -2.28906898 0.694821959 -5.79471383e-05 -2.13737271 0.662931994 -6.76776418e-05 -2.00096136 0.606302026 -7.76737447e-05 -1.88343354 0.528921031 -8.79354523e-05 -1.78732721 0.435001401 -9.8462749e-05 -1.64530947 0.291540611 -0.000109255645 -1.13217565 1.1805352 -0.000109255645 -0.619041876 2.06952986 -0.000109255645 -3.25079741 -1.88165556 5.03922155e-05 -2.94182546 -1.87585904 5.61387523e-05 -3.21920831 -1.68461474 5.03922155e-05 -2.9425191 -1.70606765 5.61387523e-05 -3.7355338 -1.51390601 3.81023279e-05 -3.48511167 -1.61969409 4.43800689e-05 -3.61411803 -1.28036937 3.81023279e-05 -3.41256018 -1.40070175 4.43800689e-05 -3.18761802 -1.48757326 5.03922155e-05 -2.94321273 -1.53627627 5.61387523e-05 -3.55766226 -1.83868664 4.43800689e-05 -3.85694909 -1.7474428 3.81023279e-05 -3.96577941 -1.36984794 3.15589978e-05 -4.14291079 -1.60837604 3.15589952e-05 -4.17115396 -1.19011805 2.4750063e-05 -4.40937967 -1.42189271 2.4750063e-05 -4.3469614 -0.977314409 1.76755287e-05 -4.64956384 -1.1885096 1.76755287e-05 -4.48756588 -0.735929471 1.03353975e-05 -4.85486709 -0.911329935 1.03353975e-05 -4.58577785 -0.478524451 2.72967006e-06 -5.01438923 -0.603382229 2.72966974e-06 -4.64083836 -0.211496449 -5.14165464e-06 -5.12433707 -0.2714122 -5.14165432e-06 -4.65268869 0.0597898132 -1.32785776e-05 -5.18168859 0.0788255442 -1.32785776e-05 -3.78864836 -1.13131996 3.15589952e-05 -3.93292833 -0.958343236 2.4750063e-05 -4.04435899 -0.766119147 1.76755274e-05 -4.12026382 -0.560529109 1.03353975e-05 -4.1571663 -0.353666966 2.72966974e-06 -4.15733974 -0.15158055 -5.141654e-06 -4.1236887 0.0407539354 -1.32785763e-05 -4.05933296 0.218617717 -2.16810912e-05 -4.62127006 0.329967488 -2.16810912e-05 -3.96767528 0.377890048 -3.03492096e-05 -4.54652466 0.593670736 -3.03492096e-05 -5.18320812 0.441316898 -2.16810925e-05 -5.12537384 0.809451741 -3.03492096e-05 -4.42839506 0.845530957 -3.92829223e-05 -5.00460457 1.175564 -3.92829248e-05 -4.27106453 1.0746636 -4.84822344e-05 -4.8229277 1.52403708 -4.84822344e-05 -4.08154584 1.27248602 -5.79471435e-05 -4.58673473 1.84121788 -5.79471383e-05 -3.8644775 1.43629707 -6.76776418e-05 -4.29991539 2.12060942 -6.76776418e-05 -3.62449629 1.56339699 -7.76737447e-05 -3.96640381 2.35564681 -7.76737447e-05 -3.36624007 1.65108616 -8.79354523e-05 -3.590364 2.53927524 -8.79354523e-05 -3.09434648 1.69666433 -9.8462749e-05 -3.17676695 2.66371469 -9.8462749e-05 -3.85218538 0.515497622 -3.92829248e-05 -3.71920065 0.625290917 -4.84822344e-05 -3.57635724 0.703754 -5.79471383e-05 -3.42903944 0.751984434 -6.76776418e-05 -3.28258876 0.771147162 -7.76737447e-05 -3.14211628 0.762896996 -8.79354523e-05 -3.0119259 0.72961345 -9.8462749e-05 -2.81720463 0.676381606 -0.000109255645 -2.81731492 1.70284046 -0.000109255645 -2.81742512 2.72929918 -0.000109255645 -3.12100034 -2.00840557 5.03922155e-05 -2.85632088 -1.84889951 5.61387523e-05 -3.19216372 -1.82196848 5.03922155e-05 -2.94181732 -1.70220266 5.61387523e-05 -3.72466897 -1.93229323 3.81023279e-05 -3.45490314 -1.89869728 4.43800689e-05 -3.7362881 -1.66933653 3.81023279e-05 -3.50156773 -1.67276868 4.43800689e-05 -3.2633264 -1.63553057 5.03922155e-05 -3.02731375 -1.55550581 5.61387523e-05 -3.40823749 -2.12462568 4.43800689e-05 -3.71304927 -2.19524957 3.81023279e-05 -3.99609674 -1.92265817 3.15589978e-05 -4.03023267 -2.21779501 3.15589952e-05 -4.26382115 -1.86969469 2.4750063e-05 -4.35424316 -2.18953009 2.4750063e-05 -4.52247673 -1.77330497 1.76755287e-05 -4.67894043 -2.10750661 1.76755287e-05 -4.76493611 -1.63456175 1.03353975e-05 -4.99532794 -1.97011368 1.03353975e-05 -4.97869266 -1.46074851 2.72967006e-06 -5.28745209 -1.78318416 2.72966974e-06 -5.15989047 -1.25702561 -5.14165464e-06 -5.54865484 -1.55066357 -5.14165432e-06 -5.30579617 -1.02801003 -1.32785776e-05 -5.77344148 -1.27602449 -1.32785776e-05 -3.96196051 -1.62752118 3.15589952e-05 -4.17339924 -1.5498591 2.4750063e-05 -4.36601301 -1.43910337 1.76755274e-05 -4.53454357 -1.2990097 1.03353975e-05 -4.6699331 -1.13831308 2.72966974e-06 -4.77112639 -0.963387816 -5.141654e-06 -4.83815114 -0.779995741 -1.32785763e-05 -4.87134926 -0.593783208 -2.16810912e-05 -5.41367596 -0.77832017 -2.16810912e-05 -4.87160751 -0.410020634 -3.03492096e-05 -5.48079612 -0.512573594 -3.03492096e-05 -5.95600278 -0.962857596 -2.16810925e-05 -6.08998445 -0.615126384 -3.03492096e-05 -5.50442281 -0.235391508 -3.92829223e-05 -6.1684516 -0.237679207 -3.92829248e-05 -5.48273717 0.0417083903 -4.84822344e-05 -6.18535121 0.154945644 -4.84822344e-05 -5.41752007 0.307786823 -5.79471435e-05 -6.13939247 0.547728751 -5.79471383e-05 -5.31143893 0.558185448 -6.76776418e-05 -6.03069568 0.933098569 -6.76776418e-05 -5.16715925 0.788248018 -7.76737447e-05 -5.85938491 1.30340263 -7.76737447e-05 -4.98734735 0.993317017 -8.79354523e-05 -5.62553897 1.65044941 -8.79354523e-05 -4.77466961 1.16873569 -9.8462749e-05 -5.32957318 1.96501571 -9.8462749e-05 -4.84039393 -0.233103956 -3.92829248e-05 -4.78012251 -0.071527914 -4.84822344e-05 -4.69564804 0.0678448713 -5.79471383e-05 -4.59218235 0.183272622 -6.76776418e-05 -4.4749335 0.273093263 -7.76737447e-05 -4.34915582 0.33618477 -8.79354523e-05 -4.21976594 0.372455517 -9.8462749e-05 -4.02451654 0.423715985 -0.000109255645 -4.53784135 1.31260013 -0.000109255645 -5.05116624 2.20148442 -0.000109255645 -2.94521771 -2.0532757 5.03922155e-05 -2.79575176 -1.78279984 5.61387523e-05 -3.10006547 -1.927398 5.03922155e-05 -2.94314199 -1.69850464 5.61387523e-05 -3.5060664 -2.28919491 3.81023279e-05 -3.28924005 -2.12521674 4.43800689e-05 -3.64760704 -2.06727716 3.81023279e-05 -3.44261732 -1.95288941 4.43800689e-05 -3.25491325 -1.80151959 5.03922155e-05 -3.09053253 -1.61420962 5.61387523e-05 -3.13586222 -2.29754368 4.43800689e-05 -3.36452538 -2.51111195 3.81023279e-05 -3.74594721 -2.41656437 3.15589978e-05 -3.62794133 -2.68922846 3.15589952e-05 -4.00428523 -2.50455894 2.4750063e-05 -3.9226752 -2.82675551 2.4750063e-05 -4.27648228 -2.55041064 1.76755287e-05 -4.24488292 -2.91806955 1.76755287e-05 -4.55582987 -2.55148512 1.03353975e-05 -4.58757919 -2.95727768 1.03353975e-05 -4.82785516 -2.50783684 2.72967006e-06 -4.93403066 -2.94145378 2.72966974e-06 -5.08663836 -2.4220065 -5.14165464e-06 -5.27649918 -2.87068649 -5.14165432e-06 -5.3275045 -2.29662621 -1.32785776e-05 -5.60849003 -2.74523565 -1.32785776e-05 -3.86395279 -2.14390012 3.15589952e-05 -4.08589506 -2.18236202 2.4750063e-05 -4.30808132 -2.1827516 1.76755274e-05 -4.52407992 -2.14569227 1.03353975e-05 -4.72167902 -2.07421966 2.72966974e-06 -4.89677783 -1.97332669 -5.141654e-06 -5.04651895 -1.84801681 -1.32785763e-05 -5.1683753 -1.70335089 -2.16810912e-05 -5.54577583 -2.13432815 -2.16810912e-05 -5.2604804 -1.54433712 -3.03492096e-05 -5.73677676 -1.93774482 -3.03492096e-05 -5.9231759 -2.56530553 -2.16810925e-05 -6.21307287 -2.33115228 -3.03492096e-05 -5.89582902 -1.70951135 -3.92829223e-05 -6.46975135 -2.04350721 -3.92829248e-05 -6.0155987 -1.45869286 -4.84822344e-05 -6.68069925 -1.71193387 -4.84822344e-05 -6.09215818 -1.19565377 -5.79471435e-05 -6.83728947 -1.3487942 -5.79471383e-05 -6.1254887 -0.925761525 -6.76776418e-05 -6.93584003 -0.960705723 -6.76776418e-05 -6.11557006 -0.654381929 -7.76737447e-05 -6.97263237 -0.554357477 -7.76737447e-05 -6.06238284 -0.386880852 -8.79354523e-05 -6.94363872 -0.136883134 -8.79354523e-05 -5.96590793 -0.128624937 -9.8462749e-05 -6.84460859 0.283522138 -9.8462749e-05 -5.3219071 -1.37551612 -3.92829248e-05 -5.3504984 -1.2054514 -4.84822344e-05 -5.34702786 -1.04251371 -5.79471383e-05 -5.31513767 -0.890817496 -6.76776418e-05 -5.25850785 -0.754406235 -7.76737447e-05 -5.18112666 -0.636878401 -8.79354523e-05 -5.08720718 -0.54077216 -9.8462749e-05 -4.94374631 -0.398754372 -0.000109255645 -5.83274081 0.114379451 -0.000109255645 -6.72173501 0.627513443 -0.000109255645 -2.77055069 -2.00424317 5.03922155e-05 -2.77634733 -1.69527122 5.61387523e-05 -2.96759155 -1.97265372 5.03922155e-05 -2.94613869 -1.69596472 5.61387523e-05 -3.13830032 -2.48897951 3.81023279e-05 -3.03251247 -2.23855726 4.43800689e-05 -3.37183719 -2.36756358 3.81023279e-05 -3.25150447 -2.1660058 4.43800689e-05 -3.16463308 -1.94106381 5.03922155e-05 -3.11593005 -1.69665821 5.61387523e-05 -2.81351981 -2.31110783 4.43800689e-05 -2.90476351 -2.61039464 3.81023279e-05 -3.28235845 -2.71922501 3.15589978e-05 -3.04383049 -2.89635637 3.15589952e-05 -3.46208838 -2.92459948 2.4750063e-05 -3.2303138 -3.16282505 2.4750063e-05 -3.67489229 -3.10040678 1.76755287e-05 -3.46369718 -3.40300927 1.76755287e-05 -3.91627712 -3.2410111 1.03353975e-05 -3.74087658 -3.60831246 1.03353975e-05 -4.17368206 -3.33922322 2.72967006e-06 -4.04882441 -3.76783439 2.72966974e-06 -4.44071015 -3.39428359 -5.14165464e-06 -4.38079473 -3.87778239 -5.14165432e-06 -4.71199628 -3.40613379 -1.32785776e-05 -4.73103218 -3.93513374 -1.32785776e-05 -3.52088638 -2.54209368 3.15589952e-05 -3.69386306 -2.68637373 2.4750063e-05 -3.88608739 -2.79780433 1.76755274e-05 -4.09167749 -2.87370939 1.03353975e-05 -4.2985395 -2.91061174 2.72966974e-06 -4.50062579 -2.91078506 -5.141654e-06 -4.6929603 -2.87713399 -1.32785763e-05 -4.87082434 -2.81277814 -2.16810912e-05 -4.98217419 -3.37471544 -2.16810912e-05 -5.03009655 -2.72112067 -3.03492096e-05 -5.2458774 -3.29996977 -3.03492096e-05 -5.09352347 -3.93665304 -2.16810925e-05 -5.46165827 -3.87881883 -3.03492096e-05 -5.49773745 -3.18184012 -3.92829223e-05 -5.82777057 -3.75804949 -3.92829248e-05 -5.72687042 -3.02450971 -4.84822344e-05 -6.17624389 -3.57637291 -4.84822344e-05 -5.92469218 -2.83499081 -5.79471435e-05 -6.49342453 -3.34017952 -5.79471383e-05 -6.08850327 -2.61792239 -6.76776418e-05 -6.77281629 -3.05336048 -6.76776418e-05 -6.21560318 -2.37794119 -7.76737447e-05 -7.00785339 -2.71984873 -7.76737447e-05 -6.30329236 -2.11968496 -8.79354523e-05 -7.19148153 -2.34380875 -8.79354523e-05 -6.34887053 -1.84779138 -9.8462749e-05 -7.31592127 -1.93021187 -9.8462749e-05 -5.16770376 -2.60563039 -3.92829248e-05 -5.2774973 -2.4726459 -4.84822344e-05 -5.35596041 -2.32980245 -5.79471383e-05 -5.40419088 -2.18248458 -6.76776418e-05 -5.42335357 -2.03603398 -7.76737447e-05 -5.41510344 -1.89556142 -8.79354523e-05 -5.38181971 -1.76537103 -9.8462749e-05 -5.32858787 -1.57064976 -0.000109255645 -6.35504637 -1.57075965 -0.000109255645 -7.38150546 -1.57086987 -0.000109255645 -2.64380044 -1.87444557 5.03922155e-05 -2.80330643 -1.60976623 5.61387523e-05 -2.8302376 -1.94560884 5.03922155e-05 -2.95000333 -1.69526258 5.61387523e-05 -2.71991269 -2.4781144 3.81023279e-05 -2.7535088 -2.20834826 4.43800689e-05 -2.98286943 -2.4897334 3.81023279e-05 -2.97943728 -2.25501308 4.43800689e-05 -3.01667537 -2.01677174 5.03922155e-05 -3.09670023 -1.78075892 5.61387523e-05 -2.52758039 -2.16168266 4.43800689e-05 -2.4569564 -2.46649462 3.81023279e-05 -2.72954792 -2.74954187 3.15589978e-05 -2.43441092 -2.78367809 3.15589952e-05 -2.78251138 -3.01726636 2.4750063e-05 -2.46267589 -3.10768851 2.4750063e-05 -2.87890129 -3.27592186 1.76755287e-05 -2.54469946 -3.43238564 1.76755287e-05 -3.01764435 -3.51838135 1.03353975e-05 -2.68209249 -3.74877341 1.03353975e-05 -3.19145774 -3.73213798 2.72967006e-06 -2.86902209 -4.04089741 2.72966974e-06 -3.39518042 -3.91333566 -5.14165464e-06 -3.10154254 -4.30209988 -5.14165432e-06 -3.624196 -4.05924136 -1.32785776e-05 -3.37618154 -4.52688667 -1.32785776e-05 -3.02468488 -2.71540572 3.15589952e-05 -3.10234716 -2.92684437 2.4750063e-05 -3.21310274 -3.11945806 1.76755274e-05 -3.35319652 -3.28798877 1.03353975e-05 -3.51389314 -3.4233783 2.72966974e-06 -3.68881821 -3.52457158 -5.141654e-06 -3.87221033 -3.59159626 -1.32785763e-05 -4.05842305 -3.62479438 -2.16810912e-05 -3.87388594 -4.167121 -2.16810912e-05 -4.24218554 -3.62505278 -3.03492096e-05 -4.13963281 -4.23424134 -3.03492096e-05 -3.68934858 -4.70944806 -2.16810925e-05 -4.03707979 -4.84342972 -3.03492096e-05 -4.41681467 -4.25786809 -3.92829223e-05 -4.41452691 -4.92189665 -3.92829248e-05 -4.69391484 -4.23618231 -4.84822344e-05 -4.80715197 -4.93879657 -4.84822344e-05 -4.95999314 -4.17096543 -5.79471435e-05 -5.19993516 -4.89283769 -5.79471383e-05 -5.21039156 -4.06488398 -6.76776418e-05 -5.58530472 -4.78414066 -6.76776418e-05 -5.44045384 -3.92060412 -7.76737447e-05 -5.95560916 -4.61282991 -7.76737447e-05 -5.64552345 -3.74079252 -8.79354523e-05 -6.30265563 -4.37898383 -8.79354523e-05 -5.82094153 -3.52811444 -9.8462749e-05 -6.6172222 -4.08301825 -9.8462749e-05 -4.41910222 -3.59383921 -3.92829248e-05 -4.58067801 -3.53356754 -4.84822344e-05 -4.72005107 -3.44909328 -5.79471383e-05 -4.83547899 -3.34562764 -6.76776418e-05 -4.92529913 -3.22837862 -7.76737447e-05 -4.98839068 -3.10260087 -8.79354523e-05 -5.02466145 -2.97321096 -9.8462749e-05 -5.07592199 -2.77796144 -0.000109255645 -5.96480661 -3.29128644 -0.000109255645 -6.85369064 -3.8046111 -0.000109255645 -2.59893046 -1.69866305 5.03922155e-05 -2.86940628 -1.54919698 5.61387523e-05 -2.72480821 -1.85351091 5.03922155e-05 -2.95370148 -1.69658753 5.61387523e-05 -2.3630111 -2.25951168 3.81023279e-05 -2.5269894 -2.04268551 4.43800689e-05 -2.58492886 -2.40105242 3.81023279e-05 -2.69931678 -2.1960627 4.43800689e-05 -2.85068646 -2.0083586 5.03922155e-05 -3.03799639 -1.84397791 5.61387523e-05 -2.35466241 -1.88930765 4.43800689e-05 -2.14109431 -2.11797061 3.81023279e-05 -2.23564174 -2.49939244 3.15589978e-05 -1.9629776 -2.38138673 3.15589952e-05 -2.14764725 -2.75773041 2.4750063e-05 -1.82545037 -2.6761204 2.4750063e-05 -2.10179552 -3.02992754 1.76755287e-05 -1.73413639 -2.99832826 1.76755287e-05 -2.10072088 -3.30927523 1.03353975e-05 -1.6949283 -3.34102435 1.03353975e-05 -2.14436898 -3.58130042 2.72967006e-06 -1.71075185 -3.68747601 2.72966974e-06 -2.23019921 -3.84008376 -5.14165464e-06 -1.78151947 -4.02994453 -5.14165432e-06 -2.35557963 -4.08094958 -1.32785776e-05 -1.90697019 -4.36193511 -1.32785776e-05 -2.50830587 -2.61739816 3.15589952e-05 -2.46984409 -2.83934049 2.4750063e-05 -2.46945435 -3.06152665 1.76755274e-05 -2.5065136 -3.27752522 1.03353975e-05 -2.57798636 -3.4751244 2.72966974e-06 -2.67887925 -3.65022316 -5.141654e-06 -2.80418898 -3.7999642 -1.32785763e-05 -2.94885497 -3.92182079 -2.16810912e-05 -2.51787772 -4.29922113 -2.16810912e-05 -3.10786859 -4.0139258 -3.03492096e-05 -2.71446104 -4.49022224 -3.03492096e-05 -2.08690019 -4.6766213 -2.16810925e-05 -2.32105319 -4.96651852 -3.03492096e-05 -2.94269434 -4.6492748 -3.92829223e-05 -2.60869867 -5.22319646 -3.92829248e-05 -3.19351292 -4.76904433 -4.84822344e-05 -2.94027169 -5.43414457 -4.84822344e-05 -3.45655177 -4.84560388 -5.79471435e-05 -3.30341168 -5.59073457 -5.79471383e-05 -3.72644425 -4.87893433 -6.76776418e-05 -3.69149984 -5.68928534 -6.76776418e-05 -3.99782364 -4.86901538 -7.76737447e-05 -4.09784809 -5.72607768 -7.76737447e-05 -4.26532492 -4.81582847 -8.79354523e-05 -4.51532218 -5.69708448 -8.79354523e-05 -4.52358092 -4.71935341 -9.8462749e-05 -4.93572791 -5.59805422 -9.8462749e-05 -3.27668988 -4.07535267 -3.92829248e-05 -3.4467546 -4.10394397 -4.84822344e-05 -3.60969215 -4.10047335 -5.79471383e-05 -3.76138836 -4.06858315 -6.76776418e-05 -3.89779956 -4.0119531 -7.76737447e-05 -4.01532742 -3.93457222 -8.79354523e-05 -4.11143389 -3.84065267 -9.8462749e-05 -4.25345144 -3.69719187 -0.000109255645 -4.76658531 -4.58618629 -0.000109255645 -5.27971913 -5.47518078 -0.000109255645 -2.64796288 -1.52399594 5.03922155e-05 -2.95693518 -1.52979252 5.61387523e-05 -2.6795526 -1.72103703 5.03922155e-05 -2.95624157 -1.69958386 5.61387523e-05 -2.16322686 -1.89174585 3.81023279e-05 -2.4136492 -1.78595776 4.43800689e-05 -2.28464284 -2.12528246 3.81023279e-05 -2.48620045 -2.00494984 4.43800689e-05 -2.71114264 -1.91807827 5.03922155e-05 -2.95554796 -1.86937519 5.61387523e-05 -2.34109841 -1.56696522 4.43800689e-05 -2.04181153 -1.65820913 3.81023279e-05 -1.93298138 -2.03580404 3.15589978e-05 -1.75584994 -1.79727604 3.15589952e-05 -1.72760694 -2.21553409 2.4750063e-05 -1.48938133 -1.98375958 2.4750063e-05 -1.5517998 -2.4283379 1.76755287e-05 -1.24919731 -2.21714278 1.76755287e-05 -1.4111955 -2.66972284 1.03353975e-05 -1.04389406 -2.49432244 1.03353975e-05 -1.31298338 -2.92712778 2.72967006e-06 -0.884372208 -2.80227032 2.72966974e-06 -1.25792302 -3.19415587 -5.14165464e-06 -0.774424371 -3.13424035 -5.14165432e-06 -1.24607292 -3.46544207 -1.32785776e-05 -0.717072998 -3.48447818 -1.32785776e-05 -2.11011281 -2.27433204 3.15589952e-05 -1.96583255 -2.44730859 2.4750063e-05 -1.85440218 -2.63953285 1.76755274e-05 -1.77849735 -2.84512289 1.03353975e-05 -1.74159487 -3.05198503 2.72966974e-06 -1.74142152 -3.2540713 -5.141654e-06 -1.77507285 -3.44640596 -1.32785763e-05 -1.83942859 -3.62426974 -2.16810912e-05 -1.27749141 -3.73561966 -2.16810912e-05 -1.93108636 -3.78354192 -3.03492096e-05 -1.35223718 -3.99932293 -3.03492096e-05 -0.715554019 -3.84696926 -2.16810925e-05 -0.773388155 -4.21510402 -3.03492096e-05 -1.47036678 -4.25118315 -3.92829223e-05 -0.894157565 -4.58121636 -3.92829248e-05 -1.62769731 -4.48031579 -4.84822344e-05 -1.0758346 -4.92968915 -4.84822344e-05 -1.81721618 -4.67813792 -5.79471435e-05 -1.31202787 -5.24687012 -5.79471383e-05 -2.03428483 -4.84194876 -6.76776418e-05 -1.59884721 -5.52626165 -6.76776418e-05 -2.27426604 -4.96904867 -7.76737447e-05 -1.93235881 -5.76129867 -7.76737447e-05 -2.53252226 -5.05673785 -8.79354523e-05 -2.30839865 -5.94492672 -8.79354523e-05 -2.80441572 -5.10231556 -9.8462749e-05 -2.72199584 -6.06936626 -9.8462749e-05 -2.04657633 -3.92114935 -3.92829248e-05 -2.17956116 -4.0309425 -4.84822344e-05 -2.32240457 -4.10940558 -5.79471383e-05 -2.46972237 -4.15763602 -6.76776418e-05 -2.61617327 -4.17679868 -7.76737447e-05 -2.75664567 -4.16854866 -8.79354523e-05 -2.88683598 -4.13526488 -9.8462749e-05 -3.08155711 -4.08203296 -0.000109255645 -3.08144758 -5.10849186 -0.000109255645 -3.08133755 -6.13495028 -0.000109255645 -2.77776048 -1.39724568 5.03922155e-05 -3.04243967 -1.55675154 5.61387523e-05 -2.7065971 -1.58368277 5.03922155e-05 -2.95694323 -1.70344839 5.61387523e-05 -2.17409151 -1.47335793 3.81023279e-05 -2.44385766 -1.506954 4.43800689e-05 -2.16247255 -1.73631467 3.81023279e-05 -2.39719277 -1.73288244 4.43800689e-05 -2.63543413 -1.77012049 5.03922155e-05 -2.87144709 -1.85014541 5.61387523e-05 -2.49052315 -1.28102553 4.43800689e-05 -2.18571121 -1.2104016 3.81023279e-05 -1.90266402 -1.48299318 3.15589978e-05 -1.86852779 -1.1878562 3.15589952e-05 -1.63493944 -1.53595663 2.4750063e-05 -1.54451743 -1.21612122 2.4750063e-05 -1.37628417 -1.63234648 1.76755287e-05 -1.21982029 -1.29814483 1.76755287e-05 -1.1338246 -1.77108969 1.03353975e-05 -0.903432578 -1.43553775 1.03353975e-05 -0.920067906 -1.94490285 2.72967006e-06 -0.611308651 -1.6224674 2.72966974e-06 -0.738870286 -2.14862576 -5.14165464e-06 -0.350105906 -1.85498798 -5.14165432e-06 -0.592964586 -2.37764133 -1.32785776e-05 -0.125319185 -2.12962702 -1.32785776e-05 -1.93680012 -1.77813006 3.15589952e-05 -1.7253617 -1.85579228 2.4750063e-05 -1.53274789 -1.96654808 1.76755274e-05 -1.36421719 -2.10664167 1.03353975e-05 -1.2288278 -2.26733837 2.72966974e-06 -1.12763436 -2.44226355 -5.141654e-06 -1.06060976 -2.62565571 -1.32785763e-05 -1.02741164 -2.81186824 -2.16810912e-05 -0.485084943 -2.62733128 -2.16810912e-05 -1.02715339 -2.99563082 -3.03492096e-05 -0.417964777 -2.89307786 -3.03492096e-05 0.0572421132 -2.44279392 -2.16810925e-05 0.191223704 -2.79052517 -3.03492096e-05 -0.394337858 -3.17026 -3.92829223e-05 0.269690715 -3.16797243 -3.92829248e-05 -0.416023878 -3.44735993 -4.84822344e-05 0.28659039 -3.56059724 -4.84822344e-05 -0.481240745 -3.71343842 -5.79471435e-05 0.240631513 -3.95338043 -5.79471383e-05 -0.58732203 -3.96383713 -6.76776418e-05 0.131934576 -4.33875034 -6.76776418e-05 -0.731601883 -4.19389941 -7.76737447e-05 -0.0393763648 -4.7090541 -7.76737447e-05 -0.911413783 -4.39896841 -8.79354523e-05 -0.273222459 -5.05610097 -8.79354523e-05 -1.12409153 -4.57438708 -9.8462749e-05 -0.569188245 -5.37066727 -9.8462749e-05 -1.05836682 -3.17254741 -3.92829248e-05 -1.11863839 -3.33412354 -4.84822344e-05 -1.20311294 -3.47349617 -5.79471383e-05 -1.30657878 -3.58892401 -6.76776418e-05 -1.42382725 -3.67874463 -7.76737447e-05 -1.54960494 -3.74183614 -8.79354523e-05 -1.67899519 -3.77810691 -9.8462749e-05 -1.87424459 -3.82936737 -0.000109255645 -1.36091978 -4.71825152 -0.000109255645 -0.847595189 -5.60713598 -0.000109255645 -2.95354268 -1.35237561 5.03922155e-05 -3.10300896 -1.62285159 5.61387523e-05 -2.79869492 -1.47825332 5.03922155e-05 -2.95561841 -1.70714664 5.61387523e-05 -2.39269411 -1.11645654 3.81023279e-05 -2.60952033 -1.28043458 4.43800689e-05 -2.25115331 -1.33837422 3.81023279e-05 -2.45614334 -1.45276211 4.43800689e-05 -2.64384743 -1.6041319 5.03922155e-05 -2.80822787 -1.79144169 5.61387523e-05 -2.76289817 -1.10810762 4.43800689e-05 -2.53423529 -0.894539566 3.81023279e-05 -2.15281328 -0.989087117 3.15589978e-05 -2.27081888 -0.71642284 3.15589952e-05 -1.89447524 -0.901092581 2.4750063e-05 -1.97608513 -0.578895906 2.4750063e-05 -1.62227817 -0.855240912 1.76755287e-05 -1.65387739 -0.487581903 1.76755287e-05 -1.34293056 -0.854166473 1.03353975e-05 -1.31118116 -0.448373872 1.03353975e-05 -1.07090517 -0.897814752 2.72967006e-06 -0.964729518 -0.464197736 2.72966974e-06 -0.812121884 -0.983645066 -5.14165464e-06 -0.622261043 -0.534965111 -5.14165432e-06 -0.571256094 -1.1090256 -1.32785776e-05 -0.290270474 -0.660416153 -1.32785776e-05 -2.03480769 -1.26175138 3.15589952e-05 -1.81286541 -1.22328951 2.4750063e-05 -1.59067913 -1.22289996 1.76755274e-05 -1.37468049 -1.25995934 1.03353975e-05 -1.1770814 -1.33143195 2.72966974e-06 -1.00198276 -1.43232497 -5.141654e-06 -0.85224159 -1.55763492 -1.32785763e-05 -0.730385092 -1.70230076 -2.16810912e-05 -0.352984666 -1.27132366 -2.16810912e-05 -0.638279996 -1.86131452 -3.03492096e-05 -0.161983591 -1.4679069 -3.03492096e-05 0.0244157315 -0.840346089 -2.16810925e-05 0.314312783 -1.07449939 -3.03492096e-05 -0.00293111356 -1.69614025 -3.92829223e-05 0.570990775 -1.36214484 -3.92829248e-05 0.116838348 -1.94695887 -4.84822344e-05 0.781938745 -1.69371814 -4.84822344e-05 0.193398063 -2.20999801 -5.79471435e-05 0.938528835 -2.05685788 -5.79471383e-05 0.226728203 -2.47989028 -6.76776418e-05 1.03707934 -2.44494639 -6.76776418e-05 0.21680943 -2.75127015 -7.76737447e-05 1.07387185 -2.85129473 -7.76737447e-05 0.163622278 -3.01877119 -8.79354523e-05 1.04487847 -3.26876892 -8.79354523e-05 0.0671471338 -3.27702704 -9.8462749e-05 0.945847724 -3.68917416 -9.8462749e-05 -0.576853399 -2.03013568 -3.92829248e-05 -0.548262096 -2.2002004 -4.84822344e-05 -0.55173272 -2.36313795 -5.79471383e-05 -0.583622832 -2.51483431 -6.76776418e-05 -0.640252885 -2.65124551 -7.76737447e-05 -0.717633923 -2.76877326 -8.79354523e-05 -0.811553553 -2.86487958 -9.8462749e-05 -0.955014416 -3.00689737 -0.000109255645 -0.0660199857 -3.52003143 -0.000109255645 0.822974529 -4.03316563 -0.000109255645</float_array>
        <technique_common><accessor source="#vfx_kurp_0950-mesh-positions-array" count="756" stride="3"><param name="X" type="float"/><param name="Y" type="float"/><param name="Z" type="float"/></accessor></technique_common>
      </source>
      <source id="vfx_kurp_0950-mesh-normals">
        <float_array id="vfx_kurp_0950-mesh-normals-array" count="2268">-6.42492088e-06 1.89175672e-05 1 -8.99946826e-06 1.78324685e-05 1 -7.52025022e-06 2.0065919e-05 1 -1.01994596e-05 1.88877767e-05 1 -9.04013324e-07 2.36465542e-05 1 -4.44124535e-06 2.21695404e-05 1 -2.08235458e-06 2.71968275e-05 1 -5.88841291e-06 2.48229115e-05 1 -9.02421258e-06 2.19244032e-05 1 -1.18489717e-05 2.03307781e-05 1 -3.3805172e-06 2.05211911e-05 1 -1.53141013e-08 2.14598146e-05 1 2.96999775e-06 2.44034943e-05 1 3.53209627e-06 2.16748938e-05 1 7.03867812e-06 2.43457345e-05 1 7.11022017e-06 2.11230079e-05 1 1.11608068e-05 2.34786484e-05 1 1.05852454e-05 1.98635716e-05 1 1.54135262e-05 2.21484456e-05 1 1.40264411e-05 1.82190091e-05 1 1.96742198e-05 2.02995561e-05 1 1.72995314e-05 1.61477497e-05 1 2.35944037e-05 1.76064101e-05 1 2.01244053e-05 1.34543994e-05 1 2.69773666e-05 1.41088606e-05 1 2.23583951e-05 1.02120467e-05 1 2.319205e-06 2.89125873e-05 1 7.21672732e-06 2.97976251e-05 1 1.24986514e-05 2.97787138e-05 0.999999999 1.83687063e-05 2.93130167e-05 0.999999999 2.46880643e-05 2.8129618e-05 0.999999999 3.10481346e-05 2.56998506e-05 0.999999999 3.72211648e-05 2.196672e-05 0.999999999 4.29749148e-05 1.68961024e-05 0.999999999 2.96580384e-05 9.90223469e-06 1 4.79132405e-05 1.04490831e-05 0.999999999 3.14559484e-05 5.11412556e-06 0.999999999 2.38972614e-05 6.53857174e-06 1 2.4654303e-05 2.57863776e-06 1 3.26018743e-05 -7.76382695e-08 0.999999999 2.48577456e-05 -1.51357368e-06 1 3.33522086e-05 -5.57595566e-06 0.999999999 2.46951784e-05 -5.65516632e-06 1 3.32913348e-05 -1.12709852e-05 0.999999999 2.39017685e-05 -9.7330841e-06 1 3.20736802e-05 -1.69409772e-05 0.999999999 2.22995092e-05 -1.35801332e-05 1 2.97140689e-05 -2.23657607e-05 0.999999999 1.99395053e-05 -1.70441938e-05 1 2.62376707e-05 -2.73111056e-05 0.999999999 1.69027514e-05 -1.99826441e-05 1 2.21771438e-05 -3.09708493e-05 0.999999999 1.53260025e-05 -2.40415757e-05 1 5.24943606e-05 2.72303206e-06 0.999999999 5.70814562e-05 -6.40560866e-06 0.999999998 6.06180852e-05 -1.69884448e-05 0.999999998 6.24281486e-05 -2.8892645e-05 0.999999998 6.23536542e-05 -4.20491076e-05 0.999999997 5.99203039e-05 -5.62592119e-05 0.999999997 4.05306618e-05 -5.0561549e-05 0.999999998 2.99037128e-05 -4.40866652e-05 0.999999999 2.00871815e-05 -3.21812577e-05 0.999999999 1.50200857e-05 -2.6009101e-05 1 3.89462716e-06 1.95955585e-05 1 1.12246403e-06 1.99430994e-05 1 3.52022715e-06 2.11377205e-05 1 6.10895196e-07 2.14570213e-05 1 1.10403766e-05 2.09305141e-05 1 7.23852908e-06 2.14200118e-05 1 1.17950361e-05 2.45943359e-05 1 7.31193598e-06 2.44414797e-05 1 3.1470047e-06 2.34991876e-05 1 -9.61391975e-08 2.35314671e-05 1 7.33297605e-06 1.94621265e-05 1 1.07166523e-05 1.85923849e-05 1 1.47738433e-05 1.96490402e-05 1 1.38963323e-05 1.70049616e-05 1 1.82685411e-05 1.75646807e-05 1 1.67191325e-05 1.47379507e-05 1 2.14048699e-05 1.47527015e-05 1 1.90988789e-05 1.19097378e-05 1 2.44227285e-05 1.14743514e-05 1 2.12567582e-05 8.76490266e-06 1 2.71881512e-05 7.74281959e-06 1 2.30557066e-05 5.33459865e-06 1 2.92365585e-05 3.45039819e-06 1 2.41554475e-05 1.58964725e-06 1 3.04175161e-05 -1.2700534e-06 1 2.44689585e-05 -2.33530744e-06 1 1.64647851e-05 2.38794286e-05 1 2.11486886e-05 2.21971284e-05 1 2.57135139e-05 1.9539786e-05 0.999999999 3.05642761e-05 1.62014602e-05 0.999999999 3.54452881e-05 1.20169187e-05 0.999999999 3.97384e-05 6.7326552e-06 0.999999999 4.32178409e-05 4.13156778e-07 0.999999999 4.56654165e-05 -6.85500394e-06 0.999999999 3.06357284e-05 -6.25343456e-06 1 4.67186201e-05 -1.49074475e-05 0.999999999 2.97987129e-05 -1.1299012e-05 0.999999999 2.39649236e-05 -6.28606394e-06 1 2.26405697e-05 -1.00939847e-05 1 2.81952292e-05 -1.6368173e-05 0.999999999 2.07706544e-05 -1.3739669e-05 1 2.60958797e-05 -2.15050223e-05 0.999999999 1.85590666e-05 -1.72451045e-05 1 2.31956413e-05 -2.64066211e-05 0.999999999 1.58329936e-05 -2.03799783e-05 1 1.93061354e-05 -3.07081597e-05 0.999999999 1.25218756e-05 -2.29104947e-05 1 1.45502575e-05 -3.42263512e-05 0.999999999 8.74602092e-06 -2.4730458e-05 1 9.06693525e-06 -3.67709465e-05 0.999999999 4.64689028e-06 -2.57568514e-05 1 3.72054371e-06 -3.79101107e-05 0.999999999 1.2519205e-06 -2.84836197e-05 1 4.68229642e-05 -2.38889674e-05 0.999999999 4.62311708e-05 -3.40881343e-05 0.999999998 4.4002577e-05 -4.50214714e-05 0.999999998 3.96180324e-05 -5.62358348e-05 0.999999998 3.29752929e-05 -6.75924277e-05 0.999999997 2.37629072e-05 -7.86820676e-05 0.999999997 9.81980886e-06 -6.40529109e-05 0.999999998 3.85404114e-06 -5.31320228e-05 0.999999999 1.30538495e-06 -3.79133953e-05 0.999999999 3.2246619e-09 -3.00345838e-05 1 -1.50229332e-05 1.31706248e-05 1 -1.67100103e-05 1.09436249e-05 1 -1.65456882e-05 1.3617464e-05 1 -1.82768812e-05 1.12575611e-05 1 -1.26061739e-05 2.00265029e-05 1 -1.4931003e-05 1.69787555e-05 1 -1.54017867e-05 2.25119567e-05 1 -1.75109667e-05 1.85530551e-05 1 -1.87773933e-05 1.44749843e-05 1 -2.04268969e-05 1.1682493e-05 1 -1.31882071e-05 1.60816065e-05 1 -1.07431655e-05 1.85770816e-05 1 -9.62965492e-06 2.2619042e-05 1 -7.77856217e-06 2.05370544e-05 1 -6.07719568e-06 2.46033575e-05 1 -4.40387654e-06 2.18481682e-05 1 -2.07378113e-06 2.59135002e-05 1 -7.6469779e-07 2.2494974e-05 1 2.27428296e-06 2.68878866e-05 1 3.03774928e-06 2.27913507e-05 1 6.88859009e-06 2.74170481e-05 1 6.90795637e-06 2.26341272e-05 1 1.16301368e-05 2.7044791e-05 1 1.07010405e-05 2.17140502e-05 1 1.63086497e-05 2.57073109e-05 1 1.42569084e-05 2.00230899e-05 1 -1.24478019e-05 2.61986296e-05 1 -8.64894691e-06 2.94138602e-05 1 -4.06520592e-06 3.20384424e-05 0.999999999 1.25126106e-06 3.45701563e-05 0.999999999 7.31567241e-06 3.67050007e-05 0.999999999 1.40385334e-05 3.77807984e-05 0.999999999 2.12511082e-05 3.76343227e-05 0.999999999 2.87693082e-05 3.61199054e-05 0.999999999 2.0733491e-05 2.34046086e-05 1 3.62695161e-05 3.30057819e-05 0.999999999 2.46845807e-05 2.01569388e-05 0.999999999 1.74263477e-05 1.76112046e-05 1 2.00619283e-05 1.45603138e-05 1 2.8272868e-05 1.62337041e-05 0.999999999 2.2284229e-05 1.11180841e-05 1 3.16718263e-05 1.18471873e-05 0.999999999 2.42142286e-05 7.45007508e-06 1 3.4466616e-05 6.88470653e-06 0.999999999 2.55660701e-05 3.52178891e-06 1 3.62471144e-05 1.36552992e-06 0.999999999 2.61020069e-05 -6.10983513e-07 1 3.69160202e-05 -4.51227484e-06 0.999999999 2.57902124e-05 -4.79094772e-06 1 3.6378038e-05 -1.0533269e-05 0.999999999 2.46295325e-05 -8.85409849e-06 1 3.46913874e-05 -1.57329644e-05 0.999999999 2.52934999e-05 -1.31576109e-05 1 4.40999217e-05 2.86054003e-05 0.999999999 5.26367921e-05 2.29933255e-05 0.999999998 6.09910035e-05 1.559662e-05 0.999999998 6.851067e-05 6.19231382e-06 0.999999998 7.50243765e-05 -5.23875375e-06 0.999999997 8.00221075e-05 -1.87617326e-05 0.999999997 6.03813594e-05 -2.35222409e-05 0.999999998 4.79406996e-05 -2.32283055e-05 0.999999999 3.34866385e-05 -1.7826192e-05 0.999999999 2.60123295e-05 -1.50144938e-05 1 -1.95955564e-05 3.89461995e-06 1 -1.99431002e-05 1.12245094e-06 1 -2.11377192e-05 3.52023212e-06 1 -2.14570233e-05 6.10895074e-07 1 -2.09305229e-05 1.10403736e-05 1 -2.14200074e-05 7.2385379e-06 1 -2.45943201e-05 1.17950305e-05 1 -2.4441457e-05 7.31195119e-06 1 -2.34991913e-05 3.14702566e-06 1 -2.35314803e-05 -9.61310208e-08 1 -1.94621259e-05 7.33298057e-06 1 -1.85923937e-05 1.07166493e-05 1 -1.96490456e-05 1.47738381e-05 1 -1.70049569e-05 1.3896335e-05 1 -1.75646843e-05 1.82685391e-05 1 -1.47379472e-05 1.67191345e-05 1 -1.4752697e-05 2.14048599e-05 1 -1.19097312e-05 1.90988743e-05 1 -1.14743523e-05 2.44227279e-05 1 -8.76489991e-06 2.12567598e-05 1 -7.74282286e-06 2.71881514e-05 1 -5.33459511e-06 2.30557086e-05 1 -3.45039655e-06 2.92365447e-05 1 -1.58965028e-06 2.41554437e-05 1 1.2700514e-06 3.04175087e-05 1 2.33530259e-06 2.44689578e-05 1 -2.38794445e-05 1.64647781e-05 1 -2.21971416e-05 2.11486789e-05 1 -1.95397964e-05 2.57135037e-05 0.999999999 -1.62014621e-05 3.05642708e-05 0.999999999 -1.2016934e-05 3.54452918e-05 0.999999999 -6.73266799e-06 3.97384094e-05 0.999999999 -4.13157022e-07 4.32178449e-05 0.999999999 6.85500408e-06 4.56653871e-05 0.999999999 6.25343341e-06 3.06357341e-05 1 1.49074439e-05 4.67186264e-05 0.999999999 1.12990087e-05 2.97987151e-05 0.999999999 6.28606103e-06 2.39649177e-05 1 1.00939877e-05 2.26405683e-05 1 1.63681728e-05 2.81952333e-05 0.999999999 1.37396659e-05 2.07706525e-05 1 2.1505017e-05 2.60958745e-05 0.999999999 1.72451054e-05 1.85590651e-05 1 2.64066155e-05 2.31956365e-05 0.999999999 2.03799734e-05 1.58329984e-05 1 3.07081584e-05 1.93061376e-05 0.999999999 2.291049e-05 1.25218729e-05 1 3.42263517e-05 1.45502567e-05 0.999999999 2.47304578e-05 8.74602131e-06 1 3.67709465e-05 9.06693525e-06 0.999999999 2.57568514e-05 4.64689028e-06 1 3.7910117e-05 3.72054735e-06 0.999999999 2.84836191e-05 1.25191801e-06 1 2.38889485e-05 4.68229532e-05 0.999999999 3.40881324e-05 4.62311887e-05 0.999999998 4.50214763e-05 4.40025904e-05 0.999999998 5.62358343e-05 3.96180332e-05 0.999999998 6.75924547e-05 3.29753043e-05 0.999999997 7.86820433e-05 2.37628911e-05 0.999999997 6.40529159e-05 9.81980753e-06 0.999999998 5.31320413e-05 3.85404551e-06 0.999999999 3.7913389e-05 1.30538131e-06 0.999999999 3.00345899e-05 3.22502745e-09 1 -1.89175591e-05 -6.42492773e-06 1 -1.78324529e-05 -8.99947353e-06 1 -2.00659194e-05 -7.52024229e-06 1 -1.88877697e-05 -1.01994609e-05 1 -2.36465497e-05 -9.04013868e-07 1 -2.21695452e-05 -4.44124075e-06 1 -2.71968262e-05 -2.08235694e-06 1 -2.48229053e-05 -5.88838361e-06 1 -2.1924409e-05 -9.02419154e-06 1 -2.03307902e-05 -1.18489944e-05 1 -2.05211942e-05 -3.38051902e-06 1 -2.14598101e-05 -1.53146452e-08 1 -2.440349e-05 2.96999394e-06 1 -2.16748956e-05 3.53208476e-06 1 -2.43457331e-05 7.03866843e-06 1 -2.11230043e-05 7.11021387e-06 1 -2.3478644e-05 1.1160801e-05 1 -1.98635737e-05 1.058524e-05 1 -2.21484579e-05 1.54135275e-05 1 -1.82190116e-05 1.40264418e-05 1 -2.02995577e-05 1.96742189e-05 1 -1.61477439e-05 1.72995285e-05 1 -1.7606404e-05 2.35943967e-05 1 -1.34543967e-05 2.01244026e-05 1 -1.41088614e-05 2.69773704e-05 1 -1.02120484e-05 2.23583962e-05 1 -2.89125679e-05 2.31920779e-06 1 -2.97976221e-05 7.21671854e-06 1 -2.97787169e-05 1.24986496e-05 0.999999999 -2.93130232e-05 1.83687068e-05 0.999999999 -2.81296259e-05 2.46880597e-05 0.999999999 -2.56998515e-05 3.10481299e-05 0.999999999 -2.19667187e-05 3.72211614e-05 0.999999999 -1.6896101e-05 4.29749114e-05 0.999999999 -9.90223587e-06 2.96580377e-05 1 -1.04490841e-05 4.79132441e-05 0.999999999 -5.11412465e-06 3.14559468e-05 0.999999999 -6.53857395e-06 2.38972644e-05 1 -2.57863515e-06 2.46543003e-05 1 7.76400232e-08 3.26018858e-05 0.999999999 1.51357592e-06 2.4857749e-05 1 5.5759516e-06 3.33522083e-05 0.999999999 5.65517062e-06 2.46951746e-05 1 1.12709839e-05 3.32913299e-05 0.999999999 9.73308319e-06 2.39017701e-05 1 1.69409736e-05 3.20736865e-05 0.999999999 1.35801323e-05 2.22995108e-05 1 2.23657557e-05 2.97140703e-05 0.999999999 1.70441904e-05 1.99395076e-05 1 2.73111092e-05 2.62376791e-05 0.999999999 1.99826401e-05 1.69027512e-05 1 3.09708511e-05 2.2177148e-05 0.999999999 2.4041575e-05 1.53260037e-05 1 -2.72303206e-06 5.24943606e-05 0.999999999 6.40559291e-06 5.70814472e-05 0.999999998 1.69884398e-05 6.06180866e-05 0.999999998 2.88926324e-05 6.24281413e-05 0.999999998 4.20491193e-05 6.23536777e-05 0.999999997 5.62592189e-05 5.99203353e-05 0.999999997 5.05615737e-05 4.05306918e-05 0.999999998 4.40866933e-05 2.99037369e-05 0.999999999 3.21812726e-05 2.00871922e-05 0.999999999 2.60091055e-05 1.5020089e-05 1 -1.31706397e-05 -1.50229292e-05 1 -1.09436498e-05 -1.6709989e-05 1 -1.36174724e-05 -1.65456846e-05 1 -1.12575713e-05 -1.82768671e-05 1 -2.00265022e-05 -1.26061569e-05 1 -1.6978756e-05 -1.49310022e-05 1 -2.25119614e-05 -1.54017749e-05 1 -1.85530636e-05 -1.75109847e-05 1 -1.44749784e-05 -1.87773962e-05 1 -1.16824772e-05 -2.04269025e-05 1 -1.60816083e-05 -1.3188204e-05 1 -1.85770838e-05 -1.0743158e-05 1 -2.26190441e-05 -9.62965118e-06 1 -2.05370549e-05 -7.77857585e-06 1 -2.46033582e-05 -6.07719084e-06 1 -2.18481621e-05 -4.40387984e-06 1 -2.59135108e-05 -2.07378096e-06 1 -2.24949783e-05 -7.64701307e-07 1 -2.68878843e-05 2.27428635e-06 1 -2.27913467e-05 3.03774952e-06 1 -2.74170427e-05 6.88859531e-06 1 -2.26341272e-05 6.90795637e-06 1 -2.70447872e-05 1.16301411e-05 1 -2.1714044e-05 1.07010461e-05 1 -2.57073114e-05 1.63086578e-05 1 -2.0023087e-05 1.42569143e-05 1 -2.61986359e-05 -1.24477874e-05 1 -2.94138609e-05 -8.64892373e-06 1 -3.20384467e-05 -4.06518744e-06 0.999999999 -3.45701665e-05 1.25126779e-06 0.999999999 -3.67049712e-05 7.31568315e-06 0.999999999 -3.77807858e-05 1.40385407e-05 0.999999999 -3.76343367e-05 2.12511253e-05 0.999999999 -3.61199079e-05 2.87693236e-05 0.999999999 -2.3404605e-05 2.07334994e-05 1 -3.30057894e-05 3.62695454e-05 0.999999999 -2.01569373e-05 2.46845899e-05 0.999999999 -1.76112036e-05 1.74263525e-05 1 -1.45603152e-05 2.00619338e-05 1 -1.62336971e-05 2.82728762e-05 0.999999999 -1.11180799e-05 2.22842251e-05 1 -1.18471839e-05 3.16718367e-05 0.999999999 -7.45006854e-06 2.42142282e-05 1 -6.88470411e-06 3.446663e-05 0.999999999 -3.52178837e-06 2.55660746e-05 1 -1.36552411e-06 3.62471262e-05 0.999999999 6.1098521e-07 2.61020058e-05 1 4.5122823e-06 3.69160182e-05 0.999999999 4.79095542e-06 2.57902063e-05 1 1.0533279e-05 3.63780353e-05 0.999999999 8.85410594e-06 2.46295305e-05 1 1.5732973e-05 3.46913944e-05 0.999999999 1.31576159e-05 2.52934985e-05 1 -2.86053903e-05 4.40999443e-05 0.999999999 -2.29932813e-05 5.26367546e-05 0.999999998 -1.55966045e-05 6.09910167e-05 0.999999998 -6.19229953e-06 6.85107035e-05 0.999999998 5.23876635e-06 7.50243838e-05 0.999999997 1.87617676e-05 8.00221487e-05 0.999999997 2.35222553e-05 6.03813635e-05 0.999999998 2.32283074e-05 4.79406818e-05 0.999999999 1.78262005e-05 3.34866455e-05 0.999999999 1.50144995e-05 2.6012316e-05 1 -3.89464468e-06 -1.95955518e-05 1 -1.12247481e-06 -1.99431098e-05 1 -3.52023212e-06 -2.11377192e-05 1 -6.10900587e-07 -2.14570265e-05 1 -1.10403765e-05 -2.09305287e-05 1 -7.23854042e-06 -2.14199994e-05 1 -1.17950436e-05 -2.45943339e-05 1 -7.31194489e-06 -2.44414533e-05 1 -3.14699445e-06 -2.3499209e-05 1 9.61127091e-08 -2.35314467e-05 1 -7.33297602e-06 -1.94621338e-05 1 -1.07166435e-05 -1.85923966e-05 1 -1.4773849e-05 -1.96490413e-05 1 -1.38963368e-05 -1.70049538e-05 1 -1.82685375e-05 -1.7564676e-05 1 -1.67191322e-05 -1.47379474e-05 1 -2.14048624e-05 -1.47526927e-05 1 -1.90988783e-05 -1.1909728e-05 1 -2.44227383e-05 -1.14743599e-05 1 -2.12567681e-05 -8.76490367e-06 1 -2.71881535e-05 -7.74281931e-06 1 -2.30557035e-05 -5.33458584e-06 1 -2.9236554e-05 -3.45038407e-06 1 -2.41554467e-05 -1.58963416e-06 1 -3.0417506e-05 1.27006134e-06 1 -2.44689637e-05 2.3353055e-06 1 -1.64647901e-05 -2.38794347e-05 1 -2.11486815e-05 -2.2197119e-05 1 -2.57134939e-05 -1.95397697e-05 0.999999999 -3.05642816e-05 -1.62014724e-05 0.999999999 -3.54453159e-05 -1.20169432e-05 0.999999999 -3.9738409e-05 -6.73265411e-06 0.999999999 -4.32178089e-05 -4.13146708e-07 0.999999999 -4.56653876e-05 6.8550122e-06 0.999999999 -3.06357219e-05 6.25343414e-06 1 -4.6718669e-05 1.49074739e-05 0.999999999 -2.97987181e-05 1.12990174e-05 0.999999999 -2.39649208e-05 6.28605922e-06 1 -2.26405689e-05 1.00939852e-05 1 -2.81952245e-05 1.63681758e-05 0.999999999 -2.07706477e-05 1.37396666e-05 1 -2.60958781e-05 2.15050233e-05 0.999999999 -1.85590595e-05 1.72451086e-05 1 -2.3195638e-05 2.64066273e-05 0.999999999 -1.58329884e-05 2.03799834e-05 1 -1.93061291e-05 3.07081633e-05 0.999999999 -1.25218679e-05 2.29104929e-05 1 -1.4550249e-05 3.42263519e-05 0.999999999 -8.74601753e-06 2.47304558e-05 1 -9.06692792e-06 3.67709465e-05 0.999999999 -4.64688713e-06 2.57568533e-05 1 -3.72054214e-06 3.79101117e-05 0.999999999 -1.25191856e-06 2.84836145e-05 1 -4.68229395e-05 2.38889648e-05 0.999999999 -4.62311413e-05 3.40881304e-05 0.999999998 -4.40025687e-05 4.50214679e-05 0.999999998 -3.96180353e-05 5.62358499e-05 0.999999998 -3.29752786e-05 6.75924275e-05 0.999999997 -2.37628733e-05 7.86820452e-05 0.999999997 -9.81978947e-06 6.40529137e-05 0.999999998 -3.85403012e-06 5.31320292e-05 0.999999999 -1.30537173e-06 3.79133652e-05 0.999999999 -3.2241745e-09 3.00345757e-05 1 6.4249193e-06 -1.89175681e-05 1 8.99946617e-06 -1.78324676e-05 1 7.52024943e-06 -2.00659195e-05 1 1.01994588e-05 -1.88877772e-05 1 9.04011505e-07 -2.36465511e-05 1 4.4412442e-06 -2.21695348e-05 1 2.08235185e-06 -2.71968228e-05 1 5.88841136e-06 -2.48229061e-05 1 9.02421218e-06 -2.19244034e-05 1 1.18489708e-05 -2.03307786e-05 1 3.38051774e-06 -2.05211866e-05 1 1.53129481e-08 -2.1459809e-05 1 -2.96999763e-06 -2.44034964e-05 1 -3.53210124e-06 -2.16748925e-05 1 -7.03867588e-06 -2.43457311e-05 1 -7.11022153e-06 -2.11230056e-05 1 -1.1160806e-05 -2.34786426e-05 1 -1.05852412e-05 -1.98635681e-05 1 -1.54135269e-05 -2.21484481e-05 1 -1.40264441e-05 -1.82190003e-05 1 -1.96742266e-05 -2.0299559e-05 1 -1.72995363e-05 -1.61477521e-05 1 -2.35944046e-05 -1.76064122e-05 1 -2.01244097e-05 -1.34544027e-05 1 -2.69773626e-05 -1.41088602e-05 1 -2.23583923e-05 -1.02120443e-05 1 -2.31920615e-06 -2.89125816e-05 1 -7.21672187e-06 -2.97976345e-05 1 -1.2498649e-05 -2.97786998e-05 0.999999999 -1.83687032e-05 -2.93130149e-05 0.999999999 -2.46880728e-05 -2.81296324e-05 0.999999999 -3.10481416e-05 -2.56998604e-05 0.999999999 -3.72211454e-05 -2.196671e-05 0.999999999 -4.29749008e-05 -1.68961049e-05 0.999999999 -2.96580208e-05 -9.90222874e-06 1 -4.79132364e-05 -1.04490755e-05 0.999999999 -3.14559457e-05 -5.11412295e-06 0.999999999 -2.38972567e-05 -6.53857268e-06 1 -2.46543007e-05 -2.5786417e-06 1 -3.26018784e-05 7.76380258e-08 0.999999999 -2.48577418e-05 1.51357065e-06 1 -3.33521973e-05 5.57595797e-06 0.999999999 -2.46951703e-05 5.65516681e-06 1 -3.32913407e-05 1.12709881e-05 0.999999999 -2.39017694e-05 9.73308568e-06 1 -3.20736969e-05 1.69409843e-05 0.999999999 -2.22995037e-05 1.35801364e-05 1 -2.97140548e-05 2.23657562e-05 0.999999999 -1.99394998e-05 1.7044197e-05 1 -2.62376657e-05 2.73111043e-05 0.999999999 -1.69027506e-05 1.99826446e-05 1 -2.2177138e-05 3.09708485e-05 0.999999999 -1.53260006e-05 2.40415767e-05 1 -5.24944189e-05 -2.72302577e-06 0.999999999 -5.70813944e-05 6.40561074e-06 0.999999998 -6.06180112e-05 1.69884329e-05 0.999999998 -6.24282422e-05 2.88926833e-05 0.999999998 -6.23537017e-05 4.2049139e-05 0.999999997 -5.99202835e-05 5.62591984e-05 0.999999997 -4.05306639e-05 5.05615562e-05 0.999999998 -2.99037112e-05 4.40866661e-05 0.999999999 -2.00871811e-05 3.2181258e-05 0.999999999 -1.50200835e-05 2.60091002e-05 1 1.50229286e-05 -1.31706359e-05 1 1.67099992e-05 -1.09436439e-05 1 1.6545689e-05 -1.36174699e-05 1 1.82768806e-05 -1.12575656e-05 1 1.26061734e-05 -2.00265074e-05 1 1.49309972e-05 -1.69787547e-05 1 1.54017789e-05 -2.25119591e-05 1 1.75109736e-05 -1.85530616e-05 1 1.87774085e-05 -1.44749797e-05 1 2.04269114e-05 -1.16824762e-05 1 1.31882078e-05 -1.60816103e-05 1 1.0743167e-05 -1.85770828e-05 1 9.62965524e-06 -2.26190439e-05 1 7.77856269e-06 -2.05370562e-05 1 6.07719502e-06 -2.460336e-05 1 4.40387654e-06 -2.18481682e-05 1 2.07377798e-06 -2.5913502e-05 1 7.64701185e-07 -2.24949762e-05 1 -2.27428114e-06 -2.68878897e-05 1 -3.03774273e-06 -2.27913512e-05 1 -6.88858876e-06 -2.74170431e-05 1 -6.90795595e-06 -2.26341206e-05 1 -1.16301447e-05 -2.70447955e-05 1 -1.07010502e-05 -2.17140516e-05 1 -1.63086549e-05 -2.57073128e-05 1 -1.4256915e-05 -2.00230895e-05 1 1.24478023e-05 -2.61986335e-05 1 8.64894766e-06 -2.9413866e-05 1 4.06520156e-06 -3.20384512e-05 0.999999999 -1.25127167e-06 -3.45701561e-05 0.999999999 -7.3156786e-06 -3.6704979e-05 0.999999999 -1.4038541e-05 -3.7780807e-05 0.999999999 -2.12511114e-05 -3.76343245e-05 0.999999999 -2.87693244e-05 -3.6119921e-05 0.999999999 -2.07334886e-05 -2.34045946e-05 1 -3.62695063e-05 -3.30057552e-05 0.999999999 -2.46845776e-05 -2.01569296e-05 0.999999999 -1.74263473e-05 -1.76112017e-05 1 -2.00619262e-05 -1.4560321e-05 1 -2.82728712e-05 -1.62337058e-05 0.999999999 -2.2284224e-05 -1.1118089e-05 1 -3.16718459e-05 -1.18471971e-05 0.999999999 -2.42142288e-05 -7.45007469e-06 1 -3.44666201e-05 -6.88470677e-06 0.999999999 -2.55660728e-05 -3.52178418e-06 1 -3.62471325e-05 -1.36552775e-06 0.999999999 -2.61020177e-05 6.10980419e-07 1 -3.69160245e-05 4.51227866e-06 0.999999999 -2.57902151e-05 4.79095244e-06 1 -3.63780199e-05 1.05332669e-05 0.999999999 -2.46295323e-05 8.85409443e-06 1 -3.46913905e-05 1.57329626e-05 0.999999999 -2.5293494e-05 1.3157608e-05 1 -4.40999159e-05 -2.86053739e-05 0.999999999 -5.2636792e-05 -2.29933113e-05 0.999999998 -6.0991049e-05 -1.55966358e-05 0.999999998 -6.85107287e-05 -6.19231408e-06 0.999999998 -7.50244072e-05 5.23874865e-06 0.999999997 -8.00220447e-05 1.87617185e-05 0.999999997 -6.03813604e-05 2.35222571e-05 0.999999998 -4.79407367e-05 2.32283261e-05 0.999999999 -3.34866487e-05 1.78261987e-05 0.999999999 -2.6012329e-05 1.50144983e-05 1 1.95955459e-05 -3.89466907e-06 1 1.99431033e-05 -1.12247439e-06 1 2.11377172e-05 -3.52024691e-06 1 2.14570346e-05 -6.10892767e-07 1 2.09305156e-05 -1.10403883e-05 1 2.14200023e-05 -7.23854717e-06 1 2.4594321e-05 -1.17950468e-05 1 2.44414741e-05 -7.31193713e-06 1 2.34991955e-05 -3.14700748e-06 1 2.35314765e-05 9.61267171e-08 1 1.94621269e-05 -7.33299681e-06 1 1.859239e-05 -1.07166557e-05 1 1.96490374e-05 -1.47738512e-05 1 1.70049531e-05 -1.38963393e-05 1 1.75646774e-05 -1.82685472e-05 1 1.47379466e-05 -1.6719139e-05 1 1.47526918e-05 -2.14048713e-05 1 1.19097274e-05 -1.90988808e-05 1 1.14743444e-05 -2.44227388e-05 1 8.76489144e-06 -2.12567647e-05 1 7.74280856e-06 -2.71881576e-05 1 5.33458345e-06 -2.30557111e-05 1 3.4503791e-06 -2.92365527e-05 1 1.58963652e-06 -2.41554453e-05 1 -1.27006715e-06 -3.04175178e-05 1 -2.33531713e-06 -2.44689599e-05 1 2.38794226e-05 -1.64647928e-05 1 2.21971244e-05 -2.11486909e-05 1 1.95397801e-05 -2.57135173e-05 0.999999999 1.62014452e-05 -3.05642763e-05 0.999999999 1.20169195e-05 -3.54453086e-05 0.999999999 6.73263375e-06 -3.97383955e-05 0.999999999 4.13130111e-07 -4.32178311e-05 0.999999999 -6.85502249e-06 -4.56654062e-05 0.999999999 -6.25344426e-06 -3.06357298e-05 1 -1.49074741e-05 -4.67186396e-05 0.999999999 -1.12990222e-05 -2.97987062e-05 0.999999999 -6.28607364e-06 -2.3964925e-05 1 -1.00939931e-05 -2.26405662e-05 1 -1.63681895e-05 -2.81952261e-05 0.999999999 -1.37396752e-05 -2.07706474e-05 1 -2.15050319e-05 -2.60958705e-05 0.999999999 -1.72451123e-05 -1.85590532e-05 1 -2.64066224e-05 -2.31956174e-05 0.999999999 -2.0379983e-05 -1.58329782e-05 1 -3.07081643e-05 -1.93061129e-05 0.999999999 -2.29105038e-05 -1.25218636e-05 1 -3.42263567e-05 -1.45502407e-05 0.999999999 -2.47304655e-05 -8.74601526e-06 1 -3.67709641e-05 -9.06692653e-06 0.999999999 -2.57568549e-05 -4.64688071e-06 1 -3.79101117e-05 -3.72052747e-06 0.999999999 -2.84836184e-05 -1.25190819e-06 1 -2.38889878e-05 -4.68229507e-05 0.999999999 -3.40881587e-05 -4.62311576e-05 0.999999998 -4.50214914e-05 -4.4002557e-05 0.999999998 -5.62357924e-05 -3.96179602e-05 0.999999998 -6.7592434e-05 -3.29752529e-05 0.999999997 -7.86820885e-05 -2.3762871e-05 0.999999997 -6.4052958e-05 -9.8197856e-06 0.999999998 -5.31320604e-05 -3.8540271e-06 0.999999999 -3.7913349e-05 -1.30535609e-06 0.999999999 -3.00346008e-05 -3.22078897e-09 1 1.89175658e-05 6.42492691e-06 1 1.78324746e-05 8.99948319e-06 1 2.0065924e-05 7.52026335e-06 1 1.88877819e-05 1.01994615e-05 1 2.36465497e-05 9.04006535e-07 1 2.21695332e-05 4.44124329e-06 1 2.71968172e-05 2.08235069e-06 1 2.48229144e-05 5.88842246e-06 1 2.1924407e-05 9.02421688e-06 1 2.03307775e-05 1.18489327e-05 1 2.05211828e-05 3.38050611e-06 1 2.14598122e-05 1.53074346e-08 1 2.44034966e-05 -2.97000169e-06 1 2.16748952e-05 -3.53209864e-06 1 2.43457338e-05 -7.03868061e-06 1 2.11230111e-05 -7.11021835e-06 1 2.34786468e-05 -1.11608078e-05 1 1.98635659e-05 -1.05852466e-05 1 2.2148446e-05 -1.54135323e-05 1 1.82190069e-05 -1.40264445e-05 1 2.02995554e-05 -1.96742223e-05 1 1.61477445e-05 -1.72995323e-05 1 1.76064046e-05 -2.35944027e-05 1 1.34543904e-05 -2.01244084e-05 1 1.41088561e-05 -2.69773692e-05 1 1.02120399e-05 -2.23583969e-05 1 2.89125995e-05 -2.31920426e-06 1 2.97976159e-05 -7.21673684e-06 1 2.97787059e-05 -1.2498656e-05 0.999999999 2.93130185e-05 -1.83687095e-05 0.999999999 2.81296139e-05 -2.46880625e-05 0.999999999 2.56998487e-05 -3.10481315e-05 0.999999999 2.19667198e-05 -3.72211649e-05 0.999999999 1.6896101e-05 -4.29749114e-05 0.999999999 9.9022309e-06 -2.96580364e-05 1 1.0449088e-05 -4.79132544e-05 0.999999999 5.11412204e-06 -3.14559441e-05 0.999999999 6.53856871e-06 -2.38972653e-05 1 2.57863085e-06 -2.46542965e-05 1 -7.76450581e-08 -3.26018699e-05 0.999999999 -1.51357919e-06 -2.48577488e-05 1 -5.57595839e-06 -3.33522039e-05 0.999999999 -5.65516996e-06 -2.46951721e-05 1 -1.12709871e-05 -3.3291317e-05 0.999999999 -9.73308368e-06 -2.3901762e-05 1 -1.69409835e-05 -3.20736838e-05 0.999999999 -1.35801368e-05 -2.22995102e-05 1 -2.23657675e-05 -2.97140718e-05 0.999999999 -1.70441958e-05 -1.99395055e-05 1 -2.7311111e-05 -2.62376686e-05 0.999999999 -1.99826435e-05 -1.69027416e-05 1 -3.09708513e-05 -2.21771405e-05 0.999999999 -2.40415845e-05 -1.5325998e-05 1 2.72302635e-06 -5.24943471e-05 0.999999999 -6.40561132e-06 -5.70814662e-05 0.999999998 -1.69884499e-05 -6.06180546e-05 0.999999998 -2.88926715e-05 -6.24281681e-05 0.999999998 -4.20491463e-05 -6.23536891e-05 0.999999997 -5.62591311e-05 -5.9920211e-05 0.999999997 -5.05615248e-05 -4.0530631e-05 0.999999998 -4.40866933e-05 -2.99037369e-05 0.999999999 -3.21812726e-05 -2.0087185e-05 0.999999999 -2.60091104e-05 -1.50200804e-05 1 1.31706348e-05 1.50229232e-05 1 1.09436294e-05 1.67099951e-05 1 1.3617481e-05 1.65456733e-05 1 1.12575681e-05 1.827688e-05 1 2.00265071e-05 1.2606174e-05 1 1.69787644e-05 1.49309949e-05 1 2.25119701e-05 1.54017854e-05 1 1.85530676e-05 1.75109377e-05 1 1.4475004e-05 1.87773774e-05 1 1.16824924e-05 2.04269271e-05 1 1.60816145e-05 1.31882115e-05 1 1.85770813e-05 1.07431624e-05 1 2.26190403e-05 9.62963954e-06 1 2.05370524e-05 7.77855105e-06 1 2.46033618e-05 6.07718453e-06 1 2.18481723e-05 4.40387312e-06 1 2.59135095e-05 2.07377599e-06 1 2.24949808e-05 7.64693308e-07 1 2.68878821e-05 -2.27428975e-06 1 2.27913418e-05 -3.03775552e-06 1 2.74170332e-05 -6.88860077e-06 1 2.26341209e-05 -6.90796001e-06 1 2.70447892e-05 -1.16301483e-05 1 2.171405e-05 -1.07010511e-05 1 2.57073106e-05 -1.63086583e-05 1 2.00230839e-05 -1.42569181e-05 1 2.619864e-05 1.24477948e-05 1 2.94138607e-05 8.64892412e-06 1 3.20384463e-05 4.06518822e-06 0.999999999 3.45701649e-05 -1.2512687e-06 0.999999999 3.67049847e-05 -7.31569211e-06 0.999999999 3.77807735e-05 -1.4038552e-05 0.999999999 3.76343221e-05 -2.12511254e-05 0.999999999 3.61199011e-05 -2.87693191e-05 0.999999999 2.34045978e-05 -2.07335014e-05 1 3.30057794e-05 -3.62695428e-05 0.999999999 2.01569263e-05 -2.46845837e-05 0.999999999 1.76111964e-05 -1.74263545e-05 1 1.45603105e-05 -2.00619344e-05 1 1.62336934e-05 -2.82728742e-05 0.999999999 1.11180745e-05 -2.22842282e-05 1 1.18471733e-05 -3.16718302e-05 0.999999999 7.45006381e-06 -2.42142309e-05 1 6.8846955e-06 -3.44666224e-05 0.999999999 3.52178116e-06 -2.55660767e-05 1 1.36551502e-06 -3.62471104e-05 0.999999999 -6.10991211e-07 -2.61020008e-05 1 -4.51229363e-06 -3.69160058e-05 0.999999999 -4.79095766e-06 -2.57902097e-05 1 -1.05332849e-05 -3.63780324e-05 0.999999999 -8.85410412e-06 -2.46295337e-05 1 -1.57329788e-05 -3.46913915e-05 0.999999999 -1.3157617e-05 -2.52934929e-05 1 2.86053831e-05 -4.409994e-05 0.999999999 2.29932966e-05 -5.2636792e-05 0.999999998 1.55965879e-05 -6.09909843e-05 0.999999998 6.19229165e-06 -6.8510708e-05 0.999999998 -5.23879107e-06 -7.50244065e-05 0.999999997 -1.87617747e-05 -8.00220855e-05 0.999999997 -2.35222609e-05 -6.03813247e-05 0.999999998 -2.32283179e-05 -4.7940671e-05 0.999999999 -1.78262046e-05 -3.34866457e-05 0.999999999 -1.50145033e-05 -2.60123203e-05 1</float_array>
        <technique_common><accessor source="#vfx_kurp_0950-mesh-normals-array" count="756" stride="3"><param name="X" type="float"/><param name="Y" type="float"/><param name="Z" type="float"/></accessor></technique_common>
      </source>
      <source id="vfx_kurp_0950-mesh-uv0">
        <float_array id="vfx_kurp_0950-mesh-uv0-array" count="1512">1 0.0500000119 1 0 0.5 0.0500000119 0.5 0 0.5 0.149999976 0.5 0.0999999642 0 0.149999976 0 0.0999999642 0 0.0500000119 0 0 1 0.0999999642 1 0.149999976 0.5 0.199999988 1 0.199999988 0.5 0.25 1 0.25 0.5 0.300000012 1 0.300000012 0.5 0.349999964 1 0.349999964 0.5 0.399999976 1 0.399999976 0.5 0.449999988 1 0.449999988 0.5 0.5 1 0.5 0 0.199999988 0 0.25 0 0.300000012 0 0.349999964 0 0.399999976 0 0.449999988 0 0.5 0 0.549999952 0.5 0.549999952 0 0.600000024 0.5 0.600000024 1 0.549999952 1 0.600000024 0.5 0.649999976 1 0.649999976 0.5 0.699999988 1 0.699999988 0.5 0.75 1 0.75 0.5 0.800000012 1 0.800000012 0.5 0.850000024 1 0.850000024 0.5 0.899999976 1 0.899999976 0.5 0.949999988 1 0.949999988 0 0.649999976 0 0.699999988 0 0.75 0 0.800000012 0 0.850000024 0 0.899999976 0 0.949999988 0 1 0.5 1 1 1 1 0.0500000119 1 0 0.5 0.0500000119 0.5 0 0.5 0.149999976 0.5 0.0999999642 0 0.149999976 0 0.0999999642 0 0.0500000119 0 0 1 0.0999999642 1 0.149999976 0.5 0.199999988 1 0.199999988 0.5 0.25 1 0.25 0.5 0.300000012 1 0.300000012 0.5 0.349999964 1 0.349999964 0.5 0.399999976 1 0.399999976 0.5 0.449999988 1 0.449999988 0.5 0.5 1 0.5 0 0.199999988 0 0.25 0 0.300000012 0 0.349999964 0 0.399999976 0 0.449999988 0 0.5 0 0.549999952 0.5 0.549999952 0 0.600000024 0.5 0.600000024 1 0.549999952 1 0.600000024 0.5 0.649999976 1 0.649999976 0.5 0.699999988 1 0.699999988 0.5 0.75 1 0.75 0.5 0.800000012 1 0.800000012 0.5 0.850000024 1 0.850000024 0.5 0.899999976 1 0.899999976 0.5 0.949999988 1 0.949999988 0 0.649999976 0 0.699999988 0 0.75 0 0.800000012 0 0.850000024 0 0.899999976 0 0.949999988 0 1 0.5 1 1 1 1 0.0500000119 1 0 0.5 0.0500000119 0.5 0 0.5 0.149999976 0.5 0.0999999642 0 0.149999976 0 0.0999999642 0 0.0500000119 0 0 1 0.0999999642 1 0.149999976 0.5 0.199999988 1 0.199999988 0.5 0.25 1 0.25 0.5 0.300000012 1 0.300000012 0.5 0.349999964 1 0.349999964 0.5 0.399999976 1 0.399999976 0.5 0.449999988 1 0.449999988 0.5 0.5 1 0.5 0 0.199999988 0 0.25 0 0.300000012 0 0.349999964 0 0.399999976 0 0.449999988 0 0.5 0 0.549999952 0.5 0.549999952 0 0.600000024 0.5 0.600000024 1 0.549999952 1 0.600000024 0.5 0.649999976 1 0.649999976 0.5 0.699999988 1 0.699999988 0.5 0.75 1 0.75 0.5 0.800000012 1 0.800000012 0.5 0.850000024 1 0.850000024 0.5 0.899999976 1 0.899999976 0.5 0.949999988 1 0.949999988 0 0.649999976 0 0.699999988 0 0.75 0 0.800000012 0 0.850000024 0 0.899999976 0 0.949999988 0 1 0.5 1 1 1 1 0.0500000119 1 0 0.5 0.0500000119 0.5 0 0.5 0.149999976 0.5 0.0999999642 0 0.149999976 0 0.0999999642 0 0.0500000119 0 0 1 0.0999999642 1 0.149999976 0.5 0.199999988 1 0.199999988 0.5 0.25 1 0.25 0.5 0.300000012 1 0.300000012 0.5 0.349999964 1 0.349999964 0.5 0.399999976 1 0.399999976 0.5 0.449999988 1 0.449999988 0.5 0.5 1 0.5 0 0.199999988 0 0.25 0 0.300000012 0 0.349999964 0 0.399999976 0 0.449999988 0 0.5 0 0.549999952 0.5 0.549999952 0 0.600000024 0.5 0.600000024 1 0.549999952 1 0.600000024 0.5 0.649999976 1 0.649999976 0.5 0.699999988 1 0.699999988 0.5 0.75 1 0.75 0.5 0.800000012 1 0.800000012 0.5 0.850000024 1 0.850000024 0.5 0.899999976 1 0.899999976 0.5 0.949999988 1 0.949999988 0 0.649999976 0 0.699999988 0 0.75 0 0.800000012 0 0.850000024 0 0.899999976 0 0.949999988 0 1 0.5 1 1 1 1 0.0500000119 1 0 0.5 0.0500000119 0.5 0 0.5 0.149999976 0.5 0.0999999642 0 0.149999976 0 0.0999999642 0 0.0500000119 0 0 1 0.0999999642 1 0.149999976 0.5 0.199999988 1 0.199999988 0.5 0.25 1 0.25 0.5 0.300000012 1 0.300000012 0.5 0.349999964 1 0.349999964 0.5 0.399999976 1 0.399999976 0.5 0.449999988 1 0.449999988 0.5 0.5 1 0.5 0 0.199999988 0 0.25 0 0.300000012 0 0.349999964 0 0.399999976 0 0.449999988 0 0.5 0 0.549999952 0.5 0.549999952 0 0.600000024 0.5 0.600000024 1 0.549999952 1 0.600000024 0.5 0.649999976 1 0.649999976 0.5 0.699999988 1 0.699999988 0.5 0.75 1 0.75 0.5 0.800000012 1 0.800000012 0.5 0.850000024 1 0.850000024 0.5 0.899999976 1 0.899999976 0.5 0.949999988 1 0.949999988 0 0.649999976 0 0.699999988 0 0.75 0 0.800000012 0 0.850000024 0 0.899999976 0 0.949999988 0 1 0.5 1 1 1 1 0.0500000119 1 0 0.5 0.0500000119 0.5 0 0.5 0.149999976 0.5 0.0999999642 0 0.149999976 0 0.0999999642 0 0.0500000119 0 0 1 0.0999999642 1 0.149999976 0.5 0.199999988 1 0.199999988 0.5 0.25 1 0.25 0.5 0.300000012 1 0.300000012 0.5 0.349999964 1 0.349999964 0.5 0.399999976 1 0.399999976 0.5 0.449999988 1 0.449999988 0.5 0.5 1 0.5 0 0.199999988 0 0.25 0 0.300000012 0 0.349999964 0 0.399999976 0 0.449999988 0 0.5 0 0.549999952 0.5 0.549999952 0 0.600000024 0.5 0.600000024 1 0.549999952 1 0.600000024 0.5 0.649999976 1 0.649999976 0.5 0.699999988 1 0.699999988 0.5 0.75 1 0.75 0.5 0.800000012 1 0.800000012 0.5 0.850000024 1 0.850000024 0.5 0.899999976 1 0.899999976 0.5 0.949999988 1 0.949999988 0 0.649999976 0 0.699999988 0 0.75 0 0.800000012 0 0.850000024 0 0.899999976 0 0.949999988 0 1 0.5 1 1 1 1 0.0500000119 1 0 0.5 0.0500000119 0.5 0 0.5 0.149999976 0.5 0.0999999642 0 0.149999976 0 0.0999999642 0 0.0500000119 0 0 1 0.0999999642 1 0.149999976 0.5 0.199999988 1 0.199999988 0.5 0.25 1 0.25 0.5 0.300000012 1 0.300000012 0.5 0.349999964 1 0.349999964 0.5 0.399999976 1 0.399999976 0.5 0.449999988 1 0.449999988 0.5 0.5 1 0.5 0 0.199999988 0 0.25 0 0.300000012 0 0.349999964 0 0.399999976 0 0.449999988 0 0.5 0 0.549999952 0.5 0.549999952 0 0.600000024 0.5 0.600000024 1 0.549999952 1 0.600000024 0.5 0.649999976 1 0.649999976 0.5 0.699999988 1 0.699999988 0.5 0.75 1 0.75 0.5 0.800000012 1 0.800000012 0.5 0.850000024 1 0.850000024 0.5 0.899999976 1 0.899999976 0.5 0.949999988 1 0.949999988 0 0.649999976 0 0.699999988 0 0.75 0 0.800000012 0 0.850000024 0 0.899999976 0 0.949999988 0 1 0.5 1 1 1 1 0.0500000119 1 0 0.5 0.0500000119 0.5 0 0.5 0.149999976 0.5 0.0999999642 0 0.149999976 0 0.0999999642 0 0.0500000119 0 0 1 0.0999999642 1 0.149999976 0.5 0.199999988 1 0.199999988 0.5 0.25 1 0.25 0.5 0.300000012 1 0.300000012 0.5 0.349999964 1 0.349999964 0.5 0.399999976 1 0.399999976 0.5 0.449999988 1 0.449999988 0.5 0.5 1 0.5 0 0.199999988 0 0.25 0 0.300000012 0 0.349999964 0 0.399999976 0 0.449999988 0 0.5 0 0.549999952 0.5 0.549999952 0 0.600000024 0.5 0.600000024 1 0.549999952 1 0.600000024 0.5 0.649999976 1 0.649999976 0.5 0.699999988 1 0.699999988 0.5 0.75 1 0.75 0.5 0.800000012 1 0.800000012 0.5 0.850000024 1 0.850000024 0.5 0.899999976 1 0.899999976 0.5 0.949999988 1 0.949999988 0 0.649999976 0 0.699999988 0 0.75 0 0.800000012 0 0.850000024 0 0.899999976 0 0.949999988 0 1 0.5 1 1 1 1 0.0500000119 1 0 0.5 0.0500000119 0.5 0 0.5 0.149999976 0.5 0.0999999642 0 0.149999976 0 0.0999999642 0 0.0500000119 0 0 1 0.0999999642 1 0.149999976 0.5 0.199999988 1 0.199999988 0.5 0.25 1 0.25 0.5 0.300000012 1 0.300000012 0.5 0.349999964 1 0.349999964 0.5 0.399999976 1 0.399999976 0.5 0.449999988 1 0.449999988 0.5 0.5 1 0.5 0 0.199999988 0 0.25 0 0.300000012 0 0.349999964 0 0.399999976 0 0.449999988 0 0.5 0 0.549999952 0.5 0.549999952 0 0.600000024 0.5 0.600000024 1 0.549999952 1 0.600000024 0.5 0.649999976 1 0.649999976 0.5 0.699999988 1 0.699999988 0.5 0.75 1 0.75 0.5 0.800000012 1 0.800000012 0.5 0.850000024 1 0.850000024 0.5 0.899999976 1 0.899999976 0.5 0.949999988 1 0.949999988 0 0.649999976 0 0.699999988 0 0.75 0 0.800000012 0 0.850000024 0 0.899999976 0 0.949999988 0 1 0.5 1 1 1 1 0.0500000119 1 0 0.5 0.0500000119 0.5 0 0.5 0.149999976 0.5 0.0999999642 0 0.149999976 0 0.0999999642 0 0.0500000119 0 0 1 0.0999999642 1 0.149999976 0.5 0.199999988 1 0.199999988 0.5 0.25 1 0.25 0.5 0.300000012 1 0.300000012 0.5 0.349999964 1 0.349999964 0.5 0.399999976 1 0.399999976 0.5 0.449999988 1 0.449999988 0.5 0.5 1 0.5 0 0.199999988 0 0.25 0 0.300000012 0 0.349999964 0 0.399999976 0 0.449999988 0 0.5 0 0.549999952 0.5 0.549999952 0 0.600000024 0.5 0.600000024 1 0.549999952 1 0.600000024 0.5 0.649999976 1 0.649999976 0.5 0.699999988 1 0.699999988 0.5 0.75 1 0.75 0.5 0.800000012 1 0.800000012 0.5 0.850000024 1 0.850000024 0.5 0.899999976 1 0.899999976 0.5 0.949999988 1 0.949999988 0 0.649999976 0 0.699999988 0 0.75 0 0.800000012 0 0.850000024 0 0.899999976 0 0.949999988 0 1 0.5 1 1 1 1 0.0500000119 1 0 0.5 0.0500000119 0.5 0 0.5 0.149999976 0.5 0.0999999642 0 0.149999976 0 0.0999999642 0 0.0500000119 0 0 1 0.0999999642 1 0.149999976 0.5 0.199999988 1 0.199999988 0.5 0.25 1 0.25 0.5 0.300000012 1 0.300000012 0.5 0.349999964 1 0.349999964 0.5 0.399999976 1 0.399999976 0.5 0.449999988 1 0.449999988 0.5 0.5 1 0.5 0 0.199999988 0 0.25 0 0.300000012 0 0.349999964 0 0.399999976 0 0.449999988 0 0.5 0 0.549999952 0.5 0.549999952 0 0.600000024 0.5 0.600000024 1 0.549999952 1 0.600000024 0.5 0.649999976 1 0.649999976 0.5 0.699999988 1 0.699999988 0.5 0.75 1 0.75 0.5 0.800000012 1 0.800000012 0.5 0.850000024 1 0.850000024 0.5 0.899999976 1 0.899999976 0.5 0.949999988 1 0.949999988 0 0.649999976 0 0.699999988 0 0.75 0 0.800000012 0 0.850000024 0 0.899999976 0 0.949999988 0 1 0.5 1 1 1 1 0.0500000119 1 0 0.5 0.0500000119 0.5 0 0.5 0.149999976 0.5 0.0999999642 0 0.149999976 0 0.0999999642 0 0.0500000119 0 0 1 0.0999999642 1 0.149999976 0.5 0.199999988 1 0.199999988 0.5 0.25 1 0.25 0.5 0.300000012 1 0.300000012 0.5 0.349999964 1 0.349999964 0.5 0.399999976 1 0.399999976 0.5 0.449999988 1 0.449999988 0.5 0.5 1 0.5 0 0.199999988 0 0.25 0 0.300000012 0 0.349999964 0 0.399999976 0 0.449999988 0 0.5 0 0.549999952 0.5 0.549999952 0 0.600000024 0.5 0.600000024 1 0.549999952 1 0.600000024 0.5 0.649999976 1 0.649999976 0.5 0.699999988 1 0.699999988 0.5 0.75 1 0.75 0.5 0.800000012 1 0.800000012 0.5 0.850000024 1 0.850000024 0.5 0.899999976 1 0.899999976 0.5 0.949999988 1 0.949999988 0 0.649999976 0 0.699999988 0 0.75 0 0.800000012 0 0.850000024 0 0.899999976 0 0.949999988 0 1 0.5 1 1 1</float_array>
        <technique_common><accessor source="#vfx_kurp_0950-mesh-uv0-array" count="756" stride="2"><param name="S" type="float"/><param name="T" type="float"/></accessor></technique_common>
      </source>
      <vertices id="vfx_kurp_0950-mesh-vertices"><input semantic="POSITION" source="#vfx_kurp_0950-mesh-positions"/></vertices>
      <triangles material="PreviewMaterial" count="960">
        <input semantic="VERTEX" source="#vfx_kurp_0950-mesh-vertices" offset="0"/>
        <input semantic="NORMAL" source="#vfx_kurp_0950-mesh-normals" offset="1"/>
        <input semantic="TEXCOORD" source="#vfx_kurp_0950-mesh-uv0" offset="2" set="0"/>
        <p>0 0 0 1 1 1 2 2 2 3 3 3 2 2 2 1 1 1 4 4 4 5 5 5 6 6 6 6 6 6 5 5 5 7 7 7 2 2 2 7 7 7 5 5 5 7 7 7 2 2 2 8 8 8 3 3 3 8 8 8 2 2 2 8 8 8 3 3 3 9 9 9 5 5 5 0 0 0 2 2 2 0 0 0 5 5 5 10 10 10 4 4 4 10 10 10 5 5 5 10 10 10 4 4 4 11 11 11 12 12 12 11 11 11 4 4 4 11 11 11 12 12 12 13 13 13 14 14 14 13 13 13 12 12 12 13 13 13 14 14 14 15 15 15 16 16 16 15 15 15 14 14 14 15 15 15 16 16 16 17 17 17 18 18 18 17 17 17 16 16 16 17 17 17 18 18 18 19 19 19 20 20 20 19 19 19 18 18 18 19 19 19 20 20 20 21 21 21 22 22 22 21 21 21 20 20 20 21 21 21 22 22 22 23 23 23 24 24 24 23 23 23 22 22 22 25 25 25 23 23 23 24 24 24 26 26 26 4 4 4 6 6 6 4 4 4 26 26 26 12 12 12 27 27 27 12 12 12 26 26 26 12 12 12 27 27 27 14 14 14 28 28 28 14 14 14 27 27 27 14 14 14 28 28 28 16 16 16 29 29 29 16 16 16 28 28 28 16 16 16 29 29 29 18 18 18 30 30 30 18 18 18 29 29 29 18 18 18 30 30 30 20 20 20 31 31 31 20 20 20 30 30 30 20 20 20 31 31 31 22 22 22 32 32 32 22 22 22 31 31 31 22 22 22 32 32 32 24 24 24 33 33 33 24 24 24 32 32 32 24 24 24 33 33 33 34 34 34 35 35 35 34 34 34 33 33 33 36 36 36 34 34 34 35 35 35 34 34 34 25 25 25 24 24 24 25 25 25 34 34 34 37 37 37 36 36 36 37 37 37 34 34 34 37 37 37 36 36 36 38 38 38 39 39 39 38 38 38 36 36 36 38 38 38 39 39 39 40 40 40 41 41 41 40 40 40 39 39 39 40 40 40 41 41 41 42 42 42 43 43 43 42 42 42 41 41 41 42 42 42 43 43 43 44 44 44 45 45 45 44 44 44 43 43 43 44 44 44 45 45 45 46 46 46 47 47 47 46 46 46 45 45 45 46 46 46 47 47 47 48 48 48 49 49 49 48 48 48 47 47 47 48 48 48 49 49 49 50 50 50 51 51 51 50 50 50 49 49 49 52 52 52 50 50 50 51 51 51 53 53 53 36 36 36 35 35 35 36 36 36 53 53 53 39 39 39 54 54 54 39 39 39 53 53 53 39 39 39 54 54 54 41 41 41 55 55 55 41 41 41 54 54 54 41 41 41 55 55 55 43 43 43 56 56 56 43 43 43 55 55 55 43 43 43 56 56 56 45 45 45 57 57 57 45 45 45 56 56 56 45 45 45 57 57 57 47 47 47 58 58 58 47 47 47 57 57 57 47 47 47 58 58 58 49 49 49 59 59 59 49 49 49 58 58 58 49 49 49 59 59 59 51 51 51 60 60 60 51 51 51 59 59 59 61 61 61 51 51 51 60 60 60 51 51 51 61 61 61 52 52 52 62 62 62 52 52 52 61 61 61 63 63 63 64 64 64 65 65 65 66 66 66 65 65 65 64 64 64 67 67 67 68 68 68 69 69 69 69 69 69 68 68 68 70 70 70 65 65 65 70 70 70 68 68 68 70 70 70 65 65 65 71 71 71 66 66 66 71 71 71 65 65 65 71 71 71 66 66 66 72 72 72 68 68 68 63 63 63 65 65 65 63 63 63 68 68 68 73 73 73 67 67 67 73 73 73 68 68 68 73 73 73 67 67 67 74 74 74 75 75 75 74 74 74 67 67 67 74 74 74 75 75 75 76 76 76 77 77 77 76 76 76 75 75 75 76 76 76 77 77 77 78 78 78 79 79 79 78 78 78 77 77 77 78 78 78 79 79 79 80 80 80 81 81 81 80 80 80 79 79 79 80 80 80 81 81 81 82 82 82 83 83 83 82 82 82 81 81 81 82 82 82 83 83 83 84 84 84 85 85 85 84 84 84 83 83 83 84 84 84 85 85 85 86 86 86 87 87 87 86 86 86 85 85 85 88 88 88 86 86 86 87 87 87 89 89 89 67 67 67 69 69 69 67 67 67 89 89 89 75 75 75 90 90 90 75 75 75 89 89 89 75 75 75 90 90 90 77 77 77 91 91 91 77 77 77 90 90 90 77 77 77 91 91 91 79 79 79 92 92 92 79 79 79 91 91 91 79 79 79 92 92 92 81 81 81 93 93 93 81 81 81 92 92 92 81 81 81 93 93 93 83 83 83 94 94 94 83 83 83 93 93 93 83 83 83 94 94 94 85 85 85 95 95 95 85 85 85 94 94 94 85 85 85 95 95 95 87 87 87 96 96 96 87 87 87 95 95 95 87 87 87 96 96 96 97 97 97 98 98 98 97 97 97 96 96 96 99 99 99 97 97 97 98 98 98 97 97 97 88 88 88 87 87 87 88 88 88 97 97 97 100 100 100 99 99 99 100 100 100 97 97 97 100 100 100 99 99 99 101 101 101 102 102 102 101 101 101 99 99 99 101 101 101 102 102 102 103 103 103 104 104 104 103 103 103 102 102 102 103 103 103 104 104 104 105 105 105 106 106 106 105 105 105 104 104 104 105 105 105 106 106 106 107 107 107 108 108 108 107 107 107 106 106 106 107 107 107 108 108 108 109 109 109 110 110 110 109 109 109 108 108 108 109 109 109 110 110 110 111 111 111 112 112 112 111 111 111 110 110 110 111 111 111 112 112 112 113 113 113 114 114 114 113 113 113 112 112 112 115 115 115 113 113 113 114 114 114 116 116 116 99 99 99 98 98 98 99 99 99 116 116 116 102 102 102 117 117 117 102 102 102 116 116 116 102 102 102 117 117 117 104 104 104 118 118 118 104 104 104 117 117 117 104 104 104 118 118 118 106 106 106 119 119 119 106 106 106 118 118 118 106 106 106 119 119 119 108 108 108 120 120 120 108 108 108 119 119 119 108 108 108 120 120 120 110 110 110 121 121 121 110 110 110 120 120 120 110 110 110 121 121 121 112 112 112 122 122 122 112 112 112 121 121 121 112 112 112 122 122 122 114 114 114 123 123 123 114 114 114 122 122 122 124 124 124 114 114 114 123 123 123 114 114 114 124 124 124 115 115 115 125 125 125 115 115 115 124 124 124 126 126 126 127 127 127 128 128 128 129 129 129 128 128 128 127 127 127 130 130 130 131 131 131 132 132 132 132 132 132 131 131 131 133 133 133 128 128 128 133 133 133 131 131 131 133 133 133 128 128 128 134 134 134 129 129 129 134 134 134 128 128 128 134 134 134 129 129 129 135 135 135 131 131 131 126 126 126 128 128 128 126 126 126 131 131 131 136 136 136 130 130 130 136 136 136 131 131 131 136 136 136 130 130 130 137 137 137 138 138 138 137 137 137 130 130 130 137 137 137 138 138 138 139 139 139 140 140 140 139 139 139 138 138 138 139 139 139 140 140 140 141 141 141 142 142 142 141 141 141 140 140 140 141 141 141 142 142 142 143 143 143 144 144 144 143 143 143 142 142 142 143 143 143 144 144 144 145 145 145 146 146 146 145 145 145 144 144 144 145 145 145 146 146 146 147 147 147 148 148 148 147 147 147 146 146 146 147 147 147 148 148 148 149 149 149 150 150 150 149 149 149 148 148 148 151 151 151 149 149 149 150 150 150 152 152 152 130 130 130 132 132 132 130 130 130 152 152 152 138 138 138 153 153 153 138 138 138 152 152 152 138 138 138 153 153 153 140 140 140 154 154 154 140 140 140 153 153 153 140 140 140 154 154 154 142 142 142 155 155 155 142 142 142 154 154 154 142 142 142 155 155 155 144 144 144 156 156 156 144 144 144 155 155 155 144 144 144 156 156 156 146 146 146 157 157 157 146 146 146 156 156 156 146 146 146 157 157 157 148 148 148 158 158 158 148 148 148 157 157 157 148 148 148 158 158 158 150 150 150 159 159 159 150 150 150 158 158 158 150 150 150 159 159 159 160 160 160 161 161 161 160 160 160 159 159 159 162 162 162 160 160 160 161 161 161 160 160 160 151 151 151 150 150 150 151 151 151 160 160 160 163 163 163 162 162 162 163 163 163 160 160 160 163 163 163 162 162 162 164 164 164 165 165 165 164 164 164 162 162 162 164 164 164 165 165 165 166 166 166 167 167 167 166 166 166 165 165 165 166 166 166 167 167 167 168 168 168 169 169 169 168 168 168 167 167 167 168 168 168 169 169 169 170 170 170 171 171 171 170 170 170 169 169 169 170 170 170 171 171 171 172 172 172 173 173 173 172 172 172 171 171 171 172 172 172 173 173 173 174 174 174 175 175 175 174 174 174 173 173 173 174 174 174 175 175 175 176 176 176 177 177 177 176 176 176 175 175 175 178 178 178 176 176 176 177 177 177 179 179 179 162 162 162 161 161 161 162 162 162 179 179 179 165 165 165 180 180 180 165 165 165 179 179 179 165 165 165 180 180 180 167 167 167 181 181 181 167 167 167 180 180 180 167 167 167 181 181 181 169 169 169 182 182 182 169 169 169 181 181 181 169 169 169 182 182 182 171 171 171 183 183 183 171 171 171 182 182 182 171 171 171 183 183 183 173 173 173 184 184 184 173 173 173 183 183 183 173 173 173 184 184 184 175 175 175 185 185 185 175 175 175 184 184 184 175 175 175 185 185 185 177 177 177 186 186 186 177 177 177 185 185 185 187 187 187 177 177 177 186 186 186 177 177 177 187 187 187 178 178 178 188 188 188 178 178 178 187 187 187 189 189 189 190 190 190 191 191 191 192 192 192 191 191 191 190 190 190 193 193 193 194 194 194 195 195 195 195 195 195 194 194 194 196 196 196 191 191 191 196 196 196 194 194 194 196 196 196 191 191 191 197 197 197 192 192 192 197 197 197 191 191 191 197 197 197 192 192 192 198 198 198 194 194 194 189 189 189 191 191 191 189 189 189 194 194 194 199 199 199 193 193 193 199 199 199 194 194 194 199 199 199 193 193 193 200 200 200 201 201 201 200 200 200 193 193 193 200 200 200 201 201 201 202 202 202 203 203 203 202 202 202 201 201 201 202 202 202 203 203 203 204 204 204 205 205 205 204 204 204 203 203 203 204 204 204 205 205 205 206 206 206 207 207 207 206 206 206 205 205 205 206 206 206 207 207 207 208 208 208 209 209 209 208 208 208 207 207 207 208 208 208 209 209 209 210 210 210 211 211 211 210 210 210 209 209 209 210 210 210 211 211 211 212 212 212 213 213 213 212 212 212 211 211 211 214 214 214 212 212 212 213 213 213 215 215 215 193 193 193 195 195 195 193 193 193 215 215 215 201 201 201 216 216 216 201 201 201 215 215 215 201 201 201 216 216 216 203 203 203 217 217 217 203 203 203 216 216 216 203 203 203 217 217 217 205 205 205 218 218 218 205 205 205 217 217 217 205 205 205 218 218 218 207 207 207 219 219 219 207 207 207 218 218 218 207 207 207 219 219 219 209 209 209 220 220 220 209 209 209 219 219 219 209 209 209 220 220 220 211 211 211 221 221 221 211 211 211 220 220 220 211 211 211 221 221 221 213 213 213 222 222 222 213 213 213 221 221 221 213 213 213 222 222 222 223 223 223 224 224 224 223 223 223 222 222 222 225 225 225 223 223 223 224 224 224 223 223 223 214 214 214 213 213 213 214 214 214 223 223 223 226 226 226 225 225 225 226 226 226 223 223 223 226 226 226 225 225 225 227 227 227 228 228 228 227 227 227 225 225 225 227 227 227 228 228 228 229 229 229 230 230 230 229 229 229 228 228 228 229 229 229 230 230 230 231 231 231 232 232 232 231 231 231 230 230 230 231 231 231 232 232 232 233 233 233 234 234 234 233 233 233 232 232 232 233 233 233 234 234 234 235 235 235 236 236 236 235 235 235 234 234 234 235 235 235 236 236 236 237 237 237 238 238 238 237 237 237 236 236 236 237 237 237 238 238 238 239 239 239 240 240 240 239 239 239 238 238 238 241 241 241 239 239 239 240 240 240 242 242 242 225 225 225 224 224 224 225 225 225 242 242 242 228 228 228 243 243 243 228 228 228 242 242 242 228 228 228 243 243 243 230 230 230 244 244 244 230 230 230 243 243 243 230 230 230 244 244 244 232 232 232 245 245 245 232 232 232 244 244 244 232 232 232 245 245 245 234 234 234 246 246 246 234 234 234 245 245 245 234 234 234 246 246 246 236 236 236 247 247 247 236 236 236 246 246 246 236 236 236 247 247 247 238 238 238 248 248 248 238 238 238 247 247 247 238 238 238 248 248 248 240 240 240 249 249 249 240 240 240 248 248 248 250 250 250 240 240 240 249 249 249 240 240 240 250 250 250 241 241 241 251 251 251 241 241 241 250 250 250 252 252 252 253 253 253 254 254 254 255 255 255 254 254 254 253 253 253 256 256 256 257 257 257 258 258 258 258 258 258 257 257 257 259 259 259 254 254 254 259 259 259 257 257 257 259 259 259 254 254 254 260 260 260 255 255 255 260 260 260 254 254 254 260 260 260 255 255 255 261 261 261 257 257 257 252 252 252 254 254 254 252 252 252 257 257 257 262 262 262 256 256 256 262 262 262 257 257 257 262 262 262 256 256 256 263 263 263 264 264 264 263 263 263 256 256 256 263 263 263 264 264 264 265 265 265 266 266 266 265 265 265 264 264 264 265 265 265 266 266 266 267 267 267 268 268 268 267 267 267 266 266 266 267 267 267 268 268 268 269 269 269 270 270 270 269 269 269 268 268 268 269 269 269 270 270 270 271 271 271 272 272 272 271 271 271 270 270 270 271 271 271 272 272 272 273 273 273 274 274 274 273 273 273 272 272 272 273 273 273 274 274 274 275 275 275 276 276 276 275 275 275 274 274 274 277 277 277 275 275 275 276 276 276 278 278 278 256 256 256 258 258 258 256 256 256 278 278 278 264 264 264 279 279 279 264 264 264 278 278 278 264 264 264 279 279 279 266 266 266 280 280 280 266 266 266 279 279 279 266 266 266 280 280 280 268 268 268 281 281 281 268 268 268 280 280 280 268 268 268 281 281 281 270 270 270 282 282 282 270 270 270 281 281 281 270 270 270 282 282 282 272 272 272 283 283 283 272 272 272 282 282 282 272 272 272 283 283 283 274 274 274 284 284 284 274 274 274 283 283 283 274 274 274 284 284 284 276 276 276 285 285 285 276 276 276 284 284 284 276 276 276 285 285 285 286 286 286 287 287 287 286 286 286 285 285 285 288 288 288 286 286 286 287 287 287 286 286 286 277 277 277 276 276 276 277 277 277 286 286 286 289 289 289 288 288 288 289 289 289 286 286 286 289 289 289 288 288 288 290 290 290 291 291 291 290 290 290 288 288 288 290 290 290 291 291 291 292 292 292 293 293 293 292 292 292 291 291 291 292 292 292 293 293 293 294 294 294 295 295 295 294 294 294 293 293 293 294 294 294 295 295 295 296 296 296 297 297 297 296 296 296 295 295 295 296 296 296 297 297 297 298 298 298 299 299 299 298 298 298 297 297 297 298 298 298 299 299 299 300 300 300 301 301 301 300 300 300 299 299 299 300 300 300 301 301 301 302 302 302 303 303 303 302 302 302 301 301 301 304 304 304 302 302 302 303 303 303 305 305 305 288 288 288 287 287 287 288 288 288 305 305 305 291 291 291 306 306 306 291 291 291 305 305 305 291 291 291 306 306 306 293 293 293 307 307 307 293 293 293 306 306 306 293 293 293 307 307 307 295 295 295 308 308 308 295 295 295 307 307 307 295 295 295 308 308 308 297 297 297 309 309 309 297 297 297 308 308 308 297 297 297 309 309 309 299 299 299 310 310 310 299 299 299 309 309 309 299 299 299 310 310 310 301 301 301 311 311 311 301 301 301 310 310 310 301 301 301 311 311 311 303 303 303 312 312 312 303 303 303 311 311 311 313 313 313 303 303 303 312 312 312 303 303 303 313 313 313 304 304 304 314 314 314 304 304 304 313 313 313 315 315 315 316 316 316 317 317 317 318 318 318 317 317 317 316 316 316 319 319 319 320 320 320 321 321 321 321 321 321 320 320 320 322 322 322 317 317 317 322 322 322 320 320 320 322 322 322 317 317 317 323 323 323 318 318 318 323 323 323 317 317 317 323 323 323 318 318 318 324 324 324 320 320 320 315 315 315 317 317 317 315 315 315 320 320 320 325 325 325 319 319 319 325 325 325 320 320 320 325 325 325 319 319 319 326 326 326 327 327 327 326 326 326 319 319 319 326 326 326 327 327 327 328 328 328 329 329 329 328 328 328 327 327 327 328 328 328 329 329 329 330 330 330 331 331 331 330 330 330 329 329 329 330 330 330 331 331 331 332 332 332 333 333 333 332 332 332 331 331 331 332 332 332 333 333 333 334 334 334 335 335 335 334 334 334 333 333 333 334 334 334 335 335 335 336 336 336 337 337 337 336 336 336 335 335 335 336 336 336 337 337 337 338 338 338 339 339 339 338 338 338 337 337 337 340 340 340 338 338 338 339 339 339 341 341 341 319 319 319 321 321 321 319 319 319 341 341 341 327 327 327 342 342 342 327 327 327 341 341 341 327 327 327 342 342 342 329 329 329 343 343 343 329 329 329 342 342 342 329 329 329 343 343 343 331 331 331 344 344 344 331 331 331 343 343 343 331 331 331 344 344 344 333 333 333 345 345 345 333 333 333 344 344 344 333 333 333 345 345 345 335 335 335 346 346 346 335 335 335 345 345 345 335 335 335 346 346 346 337 337 337 347 347 347 337 337 337 346 346 346 337 337 337 347 347 347 339 339 339 348 348 348 339 339 339 347 347 347 339 339 339 348 348 348 349 349 349 350 350 350 349 349 349 348 348 348 351 351 351 349 349 349 350 350 350 349 349 349 340 340 340 339 339 339 340 340 340 349 349 349 352 352 352 351 351 351 352 352 352 349 349 349 352 352 352 351 351 351 353 353 353 354 354 354 353 353 353 351 351 351 353 353 353 354 354 354 355 355 355 356 356 356 355 355 355 354 354 354 355 355 355 356 356 356 357 357 357 358 358 358 357 357 357 356 356 356 357 357 357 358 358 358 359 359 359 360 360 360 359 359 359 358 358 358 359 359 359 360 360 360 361 361 361 362 362 362 361 361 361 360 360 360 361 361 361 362 362 362 363 363 363 364 364 364 363 363 363 362 362 362 363 363 363 364 364 364 365 365 365 366 366 366 365 365 365 364 364 364 367 367 367 365 365 365 366 366 366 368 368 368 351 351 351 350 350 350 351 351 351 368 368 368 354 354 354 369 369 369 354 354 354 368 368 368 354 354 354 369 369 369 356 356 356 370 370 370 356 356 356 369 369 369 356 356 356 370 370 370 358 358 358 371 371 371 358 358 358 370 370 370 358 358 358 371 371 371 360 360 360 372 372 372 360 360 360 371 371 371 360 360 360 372 372 372 362 362 362 373 373 373 362 362 362 372 372 372 362 362 362 373 373 373 364 364 364 374 374 374 364 364 364 373 373 373 364 364 364 374 374 374 366 366 366 375 375 375 366 366 366 374 374 374 376 376 376 366 366 366 375 375 375 366 366 366 376 376 376 367 367 367 377 377 377 367 367 367 376 376 376 378 378 378 379 379 379 380 380 380 381 381 381 380 380 380 379 379 379 382 382 382 383 383 383 384 384 384 384 384 384 383 383 383 385 385 385 380 380 380 385 385 385 383 383 383 385 385 385 380 380 380 386 386 386 381 381 381 386 386 386 380 380 380 386 386 386 381 381 381 387 387 387 383 383 383 378 378 378 380 380 380 378 378 378 383 383 383 388 388 388 382 382 382 388 388 388 383 383 383 388 388 388 382 382 382 389 389 389 390 390 390 389 389 389 382 382 382 389 389 389 390 390 390 391 391 391 392 392 392 391 391 391 390 390 390 391 391 391 392 392 392 393 393 393 394 394 394 393 393 393 392 392 392 393 393 393 394 394 394 395 395 395 396 396 396 395 395 395 394 394 394 395 395 395 396 396 396 397 397 397 398 398 398 397 397 397 396 396 396 397 397 397 398 398 398 399 399 399 400 400 400 399 399 399 398 398 398 399 399 399 400 400 400 401 401 401 402 402 402 401 401 401 400 400 400 403 403 403 401 401 401 402 402 402 404 404 404 382 382 382 384 384 384 382 382 382 404 404 404 390 390 390 405 405 405 390 390 390 404 404 404 390 390 390 405 405 405 392 392 392 406 406 406 392 392 392 405 405 405 392 392 392 406 406 406 394 394 394 407 407 407 394 394 394 406 406 406 394 394 394 407 407 407 396 396 396 408 408 408 396 396 396 407 407 407 396 396 396 408 408 408 398 398 398 409 409 409 398 398 398 408 408 408 398 398 398 409 409 409 400 400 400 410 410 410 400 400 400 409 409 409 400 400 400 410 410 410 402 402 402 411 411 411 402 402 402 410 410 410 402 402 402 411 411 411 412 412 412 413 413 413 412 412 412 411 411 411 414 414 414 412 412 412 413 413 413 412 412 412 403 403 403 402 402 402 403 403 403 412 412 412 415 415 415 414 414 414 415 415 415 412 412 412 415 415 415 414 414 414 416 416 416 417 417 417 416 416 416 414 414 414 416 416 416 417 417 417 418 418 418 419 419 419 418 418 418 417 417 417 418 418 418 419 419 419 420 420 420 421 421 421 420 420 420 419 419 419 420 420 420 421 421 421 422 422 422 423 423 423 422 422 422 421 421 421 422 422 422 423 423 423 424 424 424 425 425 425 424 424 424 423 423 423 424 424 424 425 425 425 426 426 426 427 427 427 426 426 426 425 425 425 426 426 426 427 427 427 428 428 428 429 429 429 428 428 428 427 427 427 430 430 430 428 428 428 429 429 429 431 431 431 414 414 414 413 413 413 414 414 414 431 431 431 417 417 417 432 432 432 417 417 417 431 431 431 417 417 417 432 432 432 419 419 419 433 433 433 419 419 419 432 432 432 419 419 419 433 433 433 421 421 421 434 434 434 421 421 421 433 433 433 421 421 421 434 434 434 423 423 423 435 435 435 423 423 423 434 434 434 423 423 423 435 435 435 425 425 425 436 436 436 425 425 425 435 435 435 425 425 425 436 436 436 427 427 427 437 437 437 427 427 427 436 436 436 427 427 427 437 437 437 429 429 429 438 438 438 429 429 429 437 437 437 439 439 439 429 429 429 438 438 438 429 429 429 439 439 439 430 430 430 440 440 440 430 430 430 439 439 439 441 441 441 442 442 442 443 443 443 444 444 444 443 443 443 442 442 442 445 445 445 446 446 446 447 447 447 447 447 447 446 446 446 448 448 448 443 443 443 448 448 448 446 446 446 448 448 448 443 443 443 449 449 449 444 444 444 449 449 449 443 443 443 449 449 449 444 444 444 450 450 450 446 446 446 441 441 441 443 443 443 441 441 441 446 446 446 451 451 451 445 445 445 451 451 451 446 446 446 451 451 451 445 445 445 452 452 452 453 453 453 452 452 452 445 445 445 452 452 452 453 453 453 454 454 454 455 455 455 454 454 454 453 453 453 454 454 454 455 455 455 456 456 456 457 457 457 456 456 456 455 455 455 456 456 456 457 457 457 458 458 458 459 459 459 458 458 458 457 457 457 458 458 458 459 459 459 460 460 460 461 461 461 460 460 460 459 459 459 460 460 460 461 461 461 462 462 462 463 463 463 462 462 462 461 461 461 462 462 462 463 463 463 464 464 464 465 465 465 464 464 464 463 463 463 466 466 466 464 464 464 465 465 465 467 467 467 445 445 445 447 447 447 445 445 445 467 467 467 453 453 453 468 468 468 453 453 453 467 467 467 453 453 453 468 468 468 455 455 455 469 469 469 455 455 455 468 468 468 455 455 455 469 469 469 457 457 457 470 470 470 457 457 457 469 469 469 457 457 457 470 470 470 459 459 459 471 471 471 459 459 459 470 470 470 459 459 459 471 471 471 461 461 461 472 472 472 461 461 461 471 471 471 461 461 461 472 472 472 463 463 463 473 473 473 463 463 463 472 472 472 463 463 463 473 473 473 465 465 465 474 474 474 465 465 465 473 473 473 465 465 465 474 474 474 475 475 475 476 476 476 475 475 475 474 474 474 477 477 477 475 475 475 476 476 476 475 475 475 466 466 466 465 465 465 466 466 466 475 475 475 478 478 478 477 477 477 478 478 478 475 475 475 478 478 478 477 477 477 479 479 479 480 480 480 479 479 479 477 477 477 479 479 479 480 480 480 481 481 481 482 482 482 481 481 481 480 480 480 481 481 481 482 482 482 483 483 483 484 484 484 483 483 483 482 482 482 483 483 483 484 484 484 485 485 485 486 486 486 485 485 485 484 484 484 485 485 485 486 486 486 487 487 487 488 488 488 487 487 487 486 486 486 487 487 487 488 488 488 489 489 489 490 490 490 489 489 489 488 488 488 489 489 489 490 490 490 491 491 491 492 492 492 491 491 491 490 490 490 493 493 493 491 491 491 492 492 492 494 494 494 477 477 477 476 476 476 477 477 477 494 494 494 480 480 480 495 495 495 480 480 480 494 494 494 480 480 480 495 495 495 482 482 482 496 496 496 482 482 482 495 495 495 482 482 482 496 496 496 484 484 484 497 497 497 484 484 484 496 496 496 484 484 484 497 497 497 486 486 486 498 498 498 486 486 486 497 497 497 486 486 486 498 498 498 488 488 488 499 499 499 488 488 488 498 498 498 488 488 488 499 499 499 490 490 490 500 500 500 490 490 490 499 499 499 490 490 490 500 500 500 492 492 492 501 501 501 492 492 492 500 500 500 502 502 502 492 492 492 501 501 501 492 492 492 502 502 502 493 493 493 503 503 503 493 493 493 502 502 502 504 504 504 505 505 505 506 506 506 507 507 507 506 506 506 505 505 505 508 508 508 509 509 509 510 510 510 510 510 510 509 509 509 511 511 511 506 506 506 511 511 511 509 509 509 511 511 511 506 506 506 512 512 512 507 507 507 512 512 512 506 506 506 512 512 512 507 507 507 513 513 513 509 509 509 504 504 504 506 506 506 504 504 504 509 509 509 514 514 514 508 508 508 514 514 514 509 509 509 514 514 514 508 508 508 515 515 515 516 516 516 515 515 515 508 508 508 515 515 515 516 516 516 517 517 517 518 518 518 517 517 517 516 516 516 517 517 517 518 518 518 519 519 519 520 520 520 519 519 519 518 518 518 519 519 519 520 520 520 521 521 521 522 522 522 521 521 521 520 520 520 521 521 521 522 522 522 523 523 523 524 524 524 523 523 523 522 522 522 523 523 523 524 524 524 525 525 525 526 526 526 525 525 525 524 524 524 525 525 525 526 526 526 527 527 527 528 528 528 527 527 527 526 526 526 529 529 529 527 527 527 528 528 528 530 530 530 508 508 508 510 510 510 508 508 508 530 530 530 516 516 516 531 531 531 516 516 516 530 530 530 516 516 516 531 531 531 518 518 518 532 532 532 518 518 518 531 531 531 518 518 518 532 532 532 520 520 520 533 533 533 520 520 520 532 532 532 520 520 520 533 533 533 522 522 522 534 534 534 522 522 522 533 533 533 522 522 522 534 534 534 524 524 524 535 535 535 524 524 524 534 534 534 524 524 524 535 535 535 526 526 526 536 536 536 526 526 526 535 535 535 526 526 526 536 536 536 528 528 528 537 537 537 528 528 528 536 536 536 528 528 528 537 537 537 538 538 538 539 539 539 538 538 538 537 537 537 540 540 540 538 538 538 539 539 539 538 538 538 529 529 529 528 528 528 529 529 529 538 538 538 541 541 541 540 540 540 541 541 541 538 538 538 541 541 541 540 540 540 542 542 542 543 543 543 542 542 542 540 540 540 542 542 542 543 543 543 544 544 544 545 545 545 544 544 544 543 543 543 544 544 544 545 545 545 546 546 546 547 547 547 546 546 546 545 545 545 546 546 546 547 547 547 548 548 548 549 549 549 548 548 548 547 547 547 548 548 548 549 549 549 550 550 550 551 551 551 550 550 550 549 549 549 550 550 550 551 551 551 552 552 552 553 553 553 552 552 552 551 551 551 552 552 552 553 553 553 554 554 554 555 555 555 554 554 554 553 553 553 556 556 556 554 554 554 555 555 555 557 557 557 540 540 540 539 539 539 540 540 540 557 557 557 543 543 543 558 558 558 543 543 543 557 557 557 543 543 543 558 558 558 545 545 545 559 559 559 545 545 545 558 558 558 545 545 545 559 559 559 547 547 547 560 560 560 547 547 547 559 559 559 547 547 547 560 560 560 549 549 549 561 561 561 549 549 549 560 560 560 549 549 549 561 561 561 551 551 551 562 562 562 551 551 551 561 561 561 551 551 551 562 562 562 553 553 553 563 563 563 553 553 553 562 562 562 553 553 553 563 563 563 555 555 555 564 564 564 555 555 555 563 563 563 565 565 565 555 555 555 564 564 564 555 555 555 565 565 565 556 556 556 566 566 566 556 556 556 565 565 565 567 567 567 568 568 568 569 569 569 570 570 570 569 569 569 568 568 568 571 571 571 572 572 572 573 573 573 573 573 573 572 572 572 574 574 574 569 569 569 574 574 574 572 572 572 574 574 574 569 569 569 575 575 575 570 570 570 575 575 575 569 569 569 575 575 575 570 570 570 576 576 576 572 572 572 567 567 567 569 569 569 567 567 567 572 572 572 577 577 577 571 571 571 577 577 577 572 572 572 577 577 577 571 571 571 578 578 578 579 579 579 578 578 578 571 571 571 578 578 578 579 579 579 580 580 580 581 581 581 580 580 580 579 579 579 580 580 580 581 581 581 582 582 582 583 583 583 582 582 582 581 581 581 582 582 582 583 583 583 584 584 584 585 585 585 584 584 584 583 583 583 584 584 584 585 585 585 586 586 586 587 587 587 586 586 586 585 585 585 586 586 586 587 587 587 588 588 588 589 589 589 588 588 588 587 587 587 588 588 588 589 589 589 590 590 590 591 591 591 590 590 590 589 589 589 592 592 592 590 590 590 591 591 591 593 593 593 571 571 571 573 573 573 571 571 571 593 593 593 579 579 579 594 594 594 579 579 579 593 593 593 579 579 579 594 594 594 581 581 581 595 595 595 581 581 581 594 594 594 581 581 581 595 595 595 583 583 583 596 596 596 583 583 583 595 595 595 583 583 583 596 596 596 585 585 585 597 597 597 585 585 585 596 596 596 585 585 585 597 597 597 587 587 587 598 598 598 587 587 587 597 597 597 587 587 587 598 598 598 589 589 589 599 599 599 589 589 589 598 598 598 589 589 589 599 599 599 591 591 591 600 600 600 591 591 591 599 599 599 591 591 591 600 600 600 601 601 601 602 602 602 601 601 601 600 600 600 603 603 603 601 601 601 602 602 602 601 601 601 592 592 592 591 591 591 592 592 592 601 601 601 604 604 604 603 603 603 604 604 604 601 601 601 604 604 604 603 603 603 605 605 605 606 606 606 605 605 605 603 603 603 605 605 605 606 606 606 607 607 607 608 608 608 607 607 607 606 606 606 607 607 607 608 608 608 609 609 609 610 610 610 609 609 609 608 608 608 609 609 609 610 610 610 611 611 611 612 612 612 611 611 611 610 610 610 611 611 611 612 612 612 613 613 613 614 614 614 613 613 613 612 612 612 613 613 613 614 614 614 615 615 615 616 616 616 615 615 615 614 614 614 615 615 615 616 616 616 617 617 617 618 618 618 617 617 617 616 616 616 619 619 619 617 617 617 618 618 618 620 620 620 603 603 603 602 602 602 603 603 603 620 620 620 606 606 606 621 621 621 606 606 606 620 620 620 606 606 606 621 621 621 608 608 608 622 622 622 608 608 608 621 621 621 608 608 608 622 622 622 610 610 610 623 623 623 610 610 610 622 622 622 610 610 610 623 623 623 612 612 612 624 624 624 612 612 612 623 623 623 612 612 612 624 624 624 614 614 614 625 625 625 614 614 614 624 624 624 614 614 614 625 625 625 616 616 616 626 626 626 616 616 616 625 625 625 616 616 616 626 626 626 618 618 618 627 627 627 618 618 618 626 626 626 628 628 628 618 618 618 627 627 627 618 618 618 628 628 628 619 619 619 629 629 629 619 619 619 628 628 628 630 630 630 631 631 631 632 632 632 633 633 633 632 632 632 631 631 631 634 634 634 635 635 635 636 636 636 636 636 636 635 635 635 637 637 637 632 632 632 637 637 637 635 635 635 637 637 637 632 632 632 638 638 638 633 633 633 638 638 638 632 632 632 638 638 638 633 633 633 639 639 639 635 635 635 630 630 630 632 632 632 630 630 630 635 635 635 640 640 640 634 634 634 640 640 640 635 635 635 640 640 640 634 634 634 641 641 641 642 642 642 641 641 641 634 634 634 641 641 641 642 642 642 643 643 643 644 644 644 643 643 643 642 642 642 643 643 643 644 644 644 645 645 645 646 646 646 645 645 645 644 644 644 645 645 645 646 646 646 647 647 647 648 648 648 647 647 647 646 646 646 647 647 647 648 648 648 649 649 649 650 650 650 649 649 649 648 648 648 649 649 649 650 650 650 651 651 651 652 652 652 651 651 651 650 650 650 651 651 651 652 652 652 653 653 653 654 654 654 653 653 653 652 652 652 655 655 655 653 653 653 654 654 654 656 656 656 634 634 634 636 636 636 634 634 634 656 656 656 642 642 642 657 657 657 642 642 642 656 656 656 642 642 642 657 657 657 644 644 644 658 658 658 644 644 644 657 657 657 644 644 644 658 658 658 646 646 646 659 659 659 646 646 646 658 658 658 646 646 646 659 659 659 648 648 648 660 660 660 648 648 648 659 659 659 648 648 648 660 660 660 650 650 650 661 661 661 650 650 650 660 660 660 650 650 650 661 661 661 652 652 652 662 662 662 652 652 652 661 661 661 652 652 652 662 662 662 654 654 654 663 663 663 654 654 654 662 662 662 654 654 654 663 663 663 664 664 664 665 665 665 664 664 664 663 663 663 666 666 666 664 664 664 665 665 665 664 664 664 655 655 655 654 654 654 655 655 655 664 664 664 667 667 667 666 666 666 667 667 667 664 664 664 667 667 667 666 666 666 668 668 668 669 669 669 668 668 668 666 666 666 668 668 668 669 669 669 670 670 670 671 671 671 670 670 670 669 669 669 670 670 670 671 671 671 672 672 672 673 673 673 672 672 672 671 671 671 672 672 672 673 673 673 674 674 674 675 675 675 674 674 674 673 673 673 674 674 674 675 675 675 676 676 676 677 677 677 676 676 676 675 675 675 676 676 676 677 677 677 678 678 678 679 679 679 678 678 678 677 677 677 678 678 678 679 679 679 680 680 680 681 681 681 680 680 680 679 679 679 682 682 682 680 680 680 681 681 681 683 683 683 666 666 666 665 665 665 666 666 666 683 683 683 669 669 669 684 684 684 669 669 669 683 683 683 669 669 669 684 684 684 671 671 671 685 685 685 671 671 671 684 684 684 671 671 671 685 685 685 673 673 673 686 686 686 673 673 673 685 685 685 673 673 673 686 686 686 675 675 675 687 687 687 675 675 675 686 686 686 675 675 675 687 687 687 677 677 677 688 688 688 677 677 677 687 687 687 677 677 677 688 688 688 679 679 679 689 689 689 679 679 679 688 688 688 679 679 679 689 689 689 681 681 681 690 690 690 681 681 681 689 689 689 691 691 691 681 681 681 690 690 690 681 681 681 691 691 691 682 682 682 692 692 692 682 682 682 691 691 691 693 693 693 694 694 694 695 695 695 696 696 696 695 695 695 694 694 694 697 697 697 698 698 698 699 699 699 699 699 699 698 698 698 700 700 700 695 695 695 700 700 700 698 698 698 700 700 700 695 695 695 701 701 701 696 696 696 701 701 701 695 695 695 701 701 701 696 696 696 702 702 702 698 698 698 693 693 693 695 695 695 693 693 693 698 698 698 703 703 703 697 697 697 703 703 703 698 698 698 703 703 703 697 697 697 704 704 704 705 705 705 704 704 704 697 697 697 704 704 704 705 705 705 706 706 706 707 707 707 706 706 706 705 705 705 706 706 706 707 707 707 708 708 708 709 709 709 708 708 708 707 707 707 708 708 708 709 709 709 710 710 710 711 711 711 710 710 710 709 709 709 710 710 710 711 711 711 712 712 712 713 713 713 712 712 712 711 711 711 712 712 712 713 713 713 714 714 714 715 715 715 714 714 714 713 713 713 714 714 714 715 715 715 716 716 716 717 717 717 716 716 716 715 715 715 718 718 718 716 716 716 717 717 717 719 719 719 697 697 697 699 699 699 697 697 697 719 719 719 705 705 705 720 720 720 705 705 705 719 719 719 705 705 705 720 720 720 707 707 707 721 721 721 707 707 707 720 720 720 707 707 707 721 721 721 709 709 709 722 722 722 709 709 709 721 721 721 709 709 709 722 722 722 711 711 711 723 723 723 711 711 711 722 722 722 711 711 711 723 723 723 713 713 713 724 724 724 713 713 713 723 723 723 713 713 713 724 724 724 715 715 715 725 725 725 715 715 715 724 724 724 715 715 715 725 725 725 717 717 717 726 726 726 717 717 717 725 725 725 717 717 717 726 726 726 727 727 727 728 728 728 727 727 727 726 726 726 729 729 729 727 727 727 728 728 728 727 727 727 718 718 718 717 717 717 718 718 718 727 727 727 730 730 730 729 729 729 730 730 730 727 727 727 730 730 730 729 729 729 731 731 731 732 732 732 731 731 731 729 729 729 731 731 731 732 732 732 733 733 733 734 734 734 733 733 733 732 732 732 733 733 733 734 734 734 735 735 735 736 736 736 735 735 735 734 734 734 735 735 735 736 736 736 737 737 737 738 738 738 737 737 737 736 736 736 737 737 737 738 738 738 739 739 739 740 740 740 739 739 739 738 738 738 739 739 739 740 740 740 741 741 741 742 742 742 741 741 741 740 740 740 741 741 741 742 742 742 743 743 743 744 744 744 743 743 743 742 742 742 745 745 745 743 743 743 744 744 744 746 746 746 729 729 729 728 728 728 729 729 729 746 746 746 732 732 732 747 747 747 732 732 732 746 746 746 732 732 732 747 747 747 734 734 734 748 748 748 734 734 734 747 747 747 734 734 734 748 748 748 736 736 736 749 749 749 736 736 736 748 748 748 736 736 736 749 749 749 738 738 738 750 750 750 738 738 738 749 749 749 738 738 738 750 750 750 740 740 740 751 751 751 740 740 740 750 750 750 740 740 740 751 751 751 742 742 742 752 752 752 742 742 742 751 751 751 742 742 742 752 752 752 744 744 744 753 753 753 744 744 744 752 752 752 754 754 754 744 744 744 753 753 753 744 744 744 754 754 754 745 745 745 755 755 755 745 745 745 754 754 754</p>
      </triangles>
    </mesh></geometry>
  </library_geometries>
  <library_visual_scenes>
    <visual_scene id="Scene" name="Scene">
      <node id="vfx_kurp_0950" name="vfx_kurp_0950" type="NODE">
        <instance_geometry url="#vfx_kurp_0950-mesh"><bind_material><technique_common><instance_material symbol="PreviewMaterial" target="#PreviewMaterial"><bind_vertex_input semantic="UVSET0" input_semantic="TEXCOORD" input_set="0"/></instance_material></technique_common></bind_material></instance_geometry>
      </node>
    </visual_scene>
  </library_visual_scenes>
  <scene><instance_visual_scene url="#Scene"/></scene>
</COLLADA>
