<?xml version="1.0" encoding="utf-8"?>
<COLLADA xmlns="http://www.collada.org/2005/11/COLLADASchema" version="1.4.1">
  <asset>
    <contributor><authoring_tool>Morrobroom Kurpulio VFX preview converter</authoring_tool></contributor>
    <unit name="unit" meter="1"/>
    <up_axis>Z_UP</up_axis>
  </asset>
  <library_images>
    <image id="VFXTexture" name="darkmap_newgen-1.dds">
      <init_from>../../../Textures/Kurp/darkmap_newgen-1.dds</init_from>
    </image>
  </library_images>
  <library_effects>
    <effect id="PreviewEffect">
      <profile_COMMON>
        <newparam sid="VFXTexture-surface">
          <surface type="2D"><init_from>VFXTexture</init_from></surface>
        </newparam>
        <newparam sid="VFXTexture-sampler">
          <sampler2D><source>VFXTexture-surface</source></sampler2D>
        </newparam>
        <technique sid="common"><phong>
          <emission><color>0.08 0.08 0.08 1</color></emission>
          <ambient><color>0.2 0.2 0.2 1</color></ambient>
          <diffuse><texture texture="VFXTexture-sampler" texcoord="UVSET0"/></diffuse>
          <specular><color>0.15 0.15 0.15 1</color></specular>
          <shininess><float>8</float></shininess>
          <transparent opaque="A_ONE"><texture texture="VFXTexture-sampler" texcoord="UVSET0"/></transparent>
          <transparency><float>1</float></transparency>
        </phong></technique>
      </profile_COMMON>
      <extra><technique profile="GOOGLEEARTH"><double_sided>1</double_sided></technique></extra>
    </effect>
  </library_effects>
  <library_materials><material id="PreviewMaterial" name="PreviewMaterial"><instance_effect url="#PreviewEffect"/></material></library_materials>
  <library_geometries>
    <geometry id="vfx_kurp_0951-mesh" name="vfx_kurp_0951"><mesh>
      <source id="vfx_kurp_0951-mesh-positions">
        <float_array id="vfx_kurp_0951-mesh-positions-array" count="2268">-3.14525147 -1.19730258 4.43787741e-05 -3.06852269 -1.46004196 5.03909193e-05 -2.91932303 -1.15063779 4.43787741e-05 -2.88208495 -1.38887908 5.03909193e-05 -2.80206012 -1.62489186 5.61374546e-05 -2.94875699 -1.71038819 5.61374546e-05 -3.09545386 -1.79588452 5.61374546e-05 -3.25495981 -1.53120523 5.03909193e-05 -3.37117984 -1.24396818 4.43787741e-05 -3.17884754 -0.927536543 3.81010322e-05 -3.44180378 -0.939156308 3.81010322e-05 -3.16921234 -0.65610905 3.15577037e-05 -3.46434924 -0.621972898 3.15577011e-05 -3.11624889 -0.388384618 2.47487706e-05 -3.43608427 -0.297962542 2.47487706e-05 -3.01985914 -0.129729255 1.76742368e-05 -3.35406071 0.0267345125 1.76742368e-05 -2.8811159 0.11273019 1.03341075e-05 -3.21666785 0.343122131 1.03341075e-05 -2.70730278 0.326486834 2.72838158e-06 -3.02973827 0.635246068 2.72838126e-06 -2.91589087 -0.915917513 3.81010322e-05 -2.87407544 -0.690245201 3.15577011e-05 -2.79641332 -0.478806682 2.47487706e-05 -2.68565761 -0.28619295 1.76742355e-05 -2.545564 -0.117662362 1.03341075e-05 -2.38486741 0.0177271367 2.72838126e-06 -2.20994222 0.118920479 -5.14294114e-06 -2.50357999 0.507684559 -5.14294179e-06 -2.02655014 0.185945139 -1.32798617e-05 -2.27456445 0.653590223 -1.3279863e-05 -1.8403376 0.219143165 -2.16823745e-05 -2.02487455 0.761469836 -2.16823745e-05 -2.7972178 0.896448712 -5.14294147e-06 -2.52257885 1.12123545 -1.3279863e-05 -2.20941194 1.30379675 -2.16823758e-05 -1.75912803 0.828589981 -3.03504907e-05 -1.86168086 1.43777833 -3.03504907e-05 -1.48194601 0.852216845 -3.92842037e-05 -1.48423367 1.51624532 -3.92842063e-05 -1.20484604 0.830530979 -4.8483511e-05 -1.09160899 1.53314505 -4.8483511e-05 -0.938767715 0.765314148 -5.79484229e-05 -0.698825728 1.48718625 -5.79484177e-05 -0.688369075 0.659232867 -6.76789187e-05 -0.313456058 1.37848934 -6.76789187e-05 -0.458306712 0.514953116 -7.76750191e-05 0.0568479639 1.20717852 -7.76750191e-05 -1.65657515 0.219401556 -3.03504907e-05 -1.47965848 0.188188099 -3.92842063e-05 -1.3180825 0.127916564 -4.8483511e-05 -1.17870974 0.043442115 -5.79484177e-05 -1.063282 -0.0600235988 -6.76789187e-05 -0.973461369 -0.177272275 -7.76750191e-05 -0.910369835 -0.303050009 -8.79367241e-05 -0.253237637 0.335141266 -8.79367241e-05 -0.874099147 -0.432439944 -9.84640182e-05 -0.0778191175 0.122463509 -9.84640182e-05 -0.822838625 -0.627689426 -0.000109256912 0.0660454584 -0.114364718 -0.000109256912 0.403894562 0.973332542 -8.79367241e-05 0.718460905 0.677366946 -9.84640182e-05 0.95492951 0.398959972 -0.000109256912 -2.86624802 -1.16709399 4.43800577e-05 -2.93116862 -1.43299734 5.03922029e-05 -2.64725578 -1.23964526 4.43800577e-05 -2.73412744 -1.46458739 5.03922029e-05 -2.78283016 -1.70899279 5.61387382e-05 -2.95262177 -1.70968648 5.61387382e-05 -3.12241308 -1.71038 5.61387382e-05 -3.12820972 -1.40140809 5.03922029e-05 -3.08524062 -1.09454346 4.43800577e-05 -2.76046019 -0.916671801 3.81023183e-05 -2.99399663 -0.795256552 3.81023183e-05 -2.61640195 -0.68642623 3.15589899e-05 -2.85493 -0.509294981 3.15589873e-05 -2.43667205 -0.481051805 2.47500568e-05 -2.66844658 -0.242826277 2.47500568e-05 -2.22386836 -0.305244556 1.76755243e-05 -2.43506357 -0.00264220713 1.76755243e-05 -1.98248362 -0.164640195 1.03353949e-05 -2.15788412 0.202661097 1.03353949e-05 -1.72507858 -0.0664280169 2.72966937e-06 -1.84993638 0.362183053 2.72966905e-06 -2.52692338 -1.03808767 3.81023183e-05 -2.37787409 -0.863557491 3.15589873e-05 -2.20489746 -0.719277442 2.47500568e-05 -2.01267334 -0.607846917 1.7675523e-05 -1.80708345 -0.531941925 1.03353949e-05 -1.60022135 -0.495039463 2.72966905e-06 -1.39813496 -0.494866045 -5.1416527e-06 -1.4580507 -0.011367566 -5.14165335e-06 -1.20580044 -0.528517028 -1.32785729e-05 -1.18676462 0.000482629375 -1.32785742e-05 -1.02793667 -0.592872981 -2.16810858e-05 -0.916587013 -0.0309358162 -2.16810858e-05 -1.51796639 0.472130974 -5.14165303e-06 -1.16772871 0.529482472 -1.32785742e-05 -0.805237565 0.531001714 -2.16810871e-05 -0.652883689 -0.10568135 -3.03492019e-05 -0.437102849 0.473167647 -3.03492019e-05 -0.401023595 -0.223810888 -3.92829124e-05 -0.0709905109 0.352398464 -3.9282915e-05 -0.171890895 -0.381141371 -4.84822222e-05 0.277482295 0.170721725 -4.84822222e-05 0.0259312814 -0.570659979 -5.79471289e-05 0.594663191 -0.0654713834 -5.79471238e-05 0.189742202 -0.78772838 -6.76776247e-05 0.874054608 -0.35229049 -6.76776247e-05 0.316842174 -1.02770949 -7.76737251e-05 1.1090919 -0.685802025 -7.76737251e-05 -0.86866451 -0.684530422 -3.03492019e-05 -0.731056908 -0.800020395 -3.9282915e-05 -0.621263766 -0.933005062 -4.84822222e-05 -0.542800607 -1.07584844 -5.79471238e-05 -0.494570166 -1.22316625 -6.76776247e-05 -0.47540752 -1.36961693 -7.76737251e-05 -0.4836575 -1.51008938 -8.79354301e-05 0.404531265 -1.2859656 -8.79354301e-05 -0.516941158 -1.6402797 -9.84627242e-05 0.450109314 -1.55785929 -9.84627242e-05 -0.570172955 -1.835001 -0.000109255618 0.456285546 -1.83489074 -0.000109255618 1.29272007 -1.0618419 -8.79354301e-05 1.4171597 -1.47543874 -9.84627242e-05 1.48274405 -1.83478057 -0.000109255618 -3.37177099 -1.36296569 4.43800577e-05 -3.17395221 -1.55214027 5.03922029e-05 -3.19944364 -1.20958853 4.43800577e-05 -3.04807371 -1.39729244 5.03922029e-05 -2.86076382 -1.5616731 5.61387382e-05 -2.94505899 -1.70906364 5.61387382e-05 -3.02935388 -1.85645401 5.61387382e-05 -3.29982964 -1.70698795 5.03922029e-05 -3.54409794 -1.51634355 4.43800577e-05 -3.53574894 -1.14613943 3.81023183e-05 -3.75766598 -1.28768063 3.81023183e-05 -3.66311861 -0.906258801 3.15589899e-05 -3.93578269 -1.02426448 3.15589873e-05 -3.75111307 -0.647920881 2.47500568e-05 -4.07330989 -0.729530863 2.47500568e-05 -3.79696478 -0.375723804 1.76755243e-05 -4.16462383 -0.407323069 1.76755243e-05 -3.79803941 -0.0963761684 1.03353949e-05 -4.203832 -0.064626902 1.03353949e-05 -3.75439131 0.175648966 2.72966937e-06 -4.18800835 0.281824546 2.72966905e-06 -3.31383156 -1.00459881 3.81023183e-05 -3.39045452 -0.788253119 3.15589873e-05 -3.42891628 -0.566310826 2.47500568e-05 -3.42930607 -0.344124636 1.7675523e-05 -3.39224686 -0.128126045 1.03353949e-05 -3.32077411 0.0694730928 2.72966905e-06 -3.21988115 0.244571676 -5.1416527e-06 -3.66856109 0.43443225 -5.14165335e-06 -3.09457129 0.394312767 -1.32785729e-05 -3.54318054 0.675298104 -1.32785742e-05 -2.94990556 0.516169383 -2.16810858e-05 -3.3808827 0.893569661 -2.16810858e-05 -4.11724111 0.624292971 -5.14165303e-06 -3.99179003 0.956283502 -1.32785742e-05 -3.81186029 1.27096969 -2.16810871e-05 -3.18429957 1.08457065 -3.03492019e-05 -3.57770718 1.56086693 -3.03492019e-05 -2.95606631 1.24362316 -3.92829124e-05 -3.29006175 1.81754481 -3.9282915e-05 -2.70524778 1.36339267 -4.84822222e-05 -2.95848879 2.02849286 -4.84822222e-05 -2.4422087 1.43995255 -5.79471289e-05 -2.59534904 2.18508312 -5.79471238e-05 -2.17231649 1.47328286 -6.76776247e-05 -2.20726063 2.28363365 -6.76776247e-05 -1.90093679 1.46336411 -7.76737251e-05 -1.80091256 2.3204263 -7.76737251e-05 -2.79089182 0.608274456 -3.03492019e-05 -2.6220707 0.669701225 -3.9282915e-05 -2.45200602 0.698292517 -4.84822222e-05 -2.2890685 0.694821888 -5.79471238e-05 -2.13737226 0.662931926 -6.76776247e-05 -2.00096094 0.606301965 -7.76737251e-05 -1.88343315 0.528920981 -8.79354301e-05 -1.63343578 1.41017708 -8.79354301e-05 -1.78732684 0.435001367 -9.84627242e-05 -1.37517994 1.31370197 -9.84627242e-05 -1.64530913 0.291540602 -0.000109255618 -1.13217539 1.180535 -0.000109255618 -1.3834383 2.29143305 -8.79354301e-05 -0.963033028 2.19240258 -9.84627242e-05 -0.61904169 2.06952946 -0.000109255618 -3.48511102 -1.61969366 4.43800577e-05 -3.21920772 -1.68461431 5.03922029e-05 -3.41255954 -1.40070137 4.43800577e-05 -3.18761743 -1.48757287 5.03922029e-05 -2.94321219 -1.53627588 5.61387382e-05 -2.94251856 -1.70606722 5.61387382e-05 -2.94182493 -1.87585858 5.61387382e-05 -3.25079681 -1.88165509 5.03922029e-05 -3.5576616 -1.83868616 4.43800577e-05 -3.7355331 -1.51390559 3.81023183e-05 -3.85694837 -1.74744234 3.81023183e-05 -3.96577866 -1.36984754 3.15589899e-05 -4.14291001 -1.6083756 3.15589873e-05 -4.17115316 -1.19011769 2.47500568e-05 -4.40937884 -1.4218923 2.47500568e-05 -4.34696056 -0.977314084 1.76755243e-05 -4.64956295 -1.18850922 1.76755243e-05 -4.487565 -0.735929191 1.03353949e-05 -4.85486615 -0.911329608 1.03353949e-05 -4.58577695 -0.478524219 2.72966937e-06 -5.01438825 -0.603381959 2.72966905e-06 -3.61411735 -1.28036901 3.81023183e-05 -3.78864763 -1.13131962 3.15589873e-05 -3.93292757 -0.958342928 2.47500568e-05 -4.04435821 -0.766118874 1.7675523e-05 -4.12026302 -0.560528874 1.03353949e-05 -4.15716548 -0.353666772 2.72966905e-06 -4.15733891 -0.151580396 -5.1416527e-06 -4.64083744 -0.211496268 -5.14165335e-06 -4.12368788 0.0407540501 -1.32785729e-05 -4.65268776 0.0597899399 -1.32785742e-05 -4.05933214 0.218617794 -2.16810858e-05 -4.62126912 0.32996756 -2.16810858e-05 -5.12433606 -0.271411994 -5.14165303e-06 -5.18168755 0.0788256829 -1.32785742e-05 -5.18320707 0.441316964 -2.16810871e-05 -4.54652373 0.593670753 -3.03492019e-05 -5.12537279 0.809451732 -3.03492019e-05 -4.42839415 0.84553092 -3.92829124e-05 -5.00460354 1.17556391 -3.9282915e-05 -4.27106365 1.07466351 -4.84822222e-05 -4.82292669 1.52403692 -4.84822222e-05 -4.08154498 1.27248589 -5.79471289e-05 -4.58673376 1.84121765 -5.79471238e-05 -3.86447668 1.4362969 -6.76776247e-05 -4.29991447 2.12060912 -6.76776247e-05 -3.62449552 1.56339678 -7.76737251e-05 -3.96640295 2.35564646 -7.76737251e-05 -3.96767447 0.37789009 -3.03492019e-05 -3.8521846 0.515497634 -3.9282915e-05 -3.71919988 0.625290902 -4.84822222e-05 -3.5763565 0.703753966 -5.79471238e-05 -3.42903873 0.751984386 -6.76776247e-05 -3.28258809 0.771147106 -7.76737251e-05 -3.14211563 0.762896937 -8.79354301e-05 -3.36623934 1.65108593 -8.79354301e-05 -3.01192528 0.729613394 -9.84627242e-05 -3.09434581 1.69666409 -9.84627242e-05 -2.81720405 0.676381555 -0.000109255618 -2.81731431 1.70284021 -0.000109255618 -3.5903632 2.53927484 -8.79354301e-05 -3.17676624 2.66371425 -9.84627242e-05 -2.81742447 2.72929871 -0.000109255618 -3.45490251 -1.8986968 4.43800577e-05 -3.19216314 -1.82196802 5.03922029e-05 -3.50156708 -1.67276824 4.43800577e-05 -3.2633258 -1.63553015 5.03922029e-05 -3.02731319 -1.55550541 5.61387382e-05 -2.94181678 -1.70220223 5.61387382e-05 -2.85632036 -1.84889905 5.61387382e-05 -3.12099978 -2.00840508 5.03922029e-05 -3.40823688 -2.12462516 4.43800577e-05 -3.72466829 -1.93229273 3.81023183e-05 -3.71304859 -2.19524902 3.81023183e-05 -3.996096 -1.92265766 3.15589899e-05 -4.03023193 -2.21779445 3.15589873e-05 -4.26382035 -1.86969419 2.47500568e-05 -4.35424235 -2.18952953 2.47500568e-05 -4.52247588 -1.77330448 1.76755243e-05 -4.67893955 -2.10750605 1.76755243e-05 -4.76493521 -1.63456128 1.03353949e-05 -4.995327 -1.97011314 1.03353949e-05 -4.97869171 -1.46074807 2.72966937e-06 -5.28745109 -1.78318364 2.72966905e-06 -3.7362874 -1.66933609 3.81023183e-05 -3.96195977 -1.62752074 3.15589873e-05 -4.17339845 -1.54985866 2.47500568e-05 -4.36601219 -1.43910295 1.7675523e-05 -4.5345427 -1.2990093 1.03353949e-05 -4.6699322 -1.13831271 2.72966905e-06 -4.77112547 -0.963387482 -5.1416527e-06 -5.15988947 -1.2570252 -5.14165335e-06 -4.8381502 -0.779995441 -1.32785729e-05 -5.30579514 -1.02800967 -1.32785742e-05 -4.8713483 -0.593782944 -2.16810858e-05 -5.4136749 -0.778319853 -2.16810858e-05 -5.54865377 -1.5506631 -5.14165303e-06 -5.77344037 -1.27602406 -1.32785742e-05 -5.95600162 -0.962857226 -2.16810871e-05 -5.48079504 -0.512573328 -3.03492019e-05 -6.08998325 -0.61512608 -3.03492019e-05 -5.50442172 -0.235391297 -3.92829124e-05 -6.16845038 -0.237678975 -3.9282915e-05 -5.48273607 0.0417085454 -4.84822222e-05 -6.18534996 0.154945797 -4.84822222e-05 -5.41751898 0.307786923 -5.79471289e-05 -6.13939123 0.547728825 -5.79471238e-05 -5.31143785 0.558185495 -6.76776247e-05 -6.03069445 0.933098562 -6.76776247e-05 -5.16715819 0.788248015 -7.76737251e-05 -5.8593837 1.30340254 -7.76737251e-05 -4.87160654 -0.410020407 -3.03492019e-05 -4.84039297 -0.233103766 -3.9282915e-05 -4.78012155 -0.0715277572 -4.84822222e-05 -4.6956471 0.0678449977 -5.79471238e-05 -4.59218143 0.183272722 -6.76776247e-05 -4.4749326 0.273093342 -7.76737251e-05 -4.34915494 0.336184833 -8.79354301e-05 -4.98734632 0.993316968 -8.79354301e-05 -4.21976509 0.372455568 -9.84627242e-05 -4.77466862 1.1687356 -9.84627242e-05 -4.02451573 0.423716021 -0.000109255618 -4.5378404 1.3126 -0.000109255618 -5.62553779 1.65044925 -8.79354301e-05 -5.32957206 1.96501548 -9.84627242e-05 -5.05116516 2.20148414 -0.000109255618 -3.28923946 -2.12521622 4.43800577e-05 -3.10006491 -1.92739752 5.03922029e-05 -3.44261669 -1.95288892 4.43800577e-05 -3.25491265 -1.80151914 5.03922029e-05 -3.09053196 -1.6142092 5.61387382e-05 -2.94314146 -1.69850422 5.61387382e-05 -2.79575125 -1.7827994 5.61387382e-05 -2.94521718 -2.0532752 5.03922029e-05 -3.13586167 -2.29754313 4.43800577e-05 -3.50606577 -2.28919434 3.81023183e-05 -3.36452478 -2.51111134 3.81023183e-05 -3.74594653 -2.41656377 3.15589899e-05 -3.62794068 -2.68922781 3.15589873e-05 -4.0042845 -2.50455832 2.47500568e-05 -3.92267451 -2.82675483 2.47500568e-05 -4.2764815 -2.55041001 1.76755243e-05 -4.24488216 -2.91806884 1.76755243e-05 -4.55582903 -2.55148447 1.03353949e-05 -4.58757836 -2.95727695 1.03353949e-05 -4.82785427 -2.50783619 2.72966937e-06 -4.93402976 -2.94145305 2.72966905e-06 -3.64760638 -2.06727664 3.81023183e-05 -3.86395208 -2.14389958 3.15589873e-05 -4.08589431 -2.18236147 2.47500568e-05 -4.30808052 -2.18275103 1.7675523e-05 -4.52407908 -2.14569171 1.03353949e-05 -4.72167814 -2.0742191 2.72966905e-06 -4.89677691 -1.97332615 -5.1416527e-06 -5.08663742 -2.42200586 -5.14165335e-06 -5.046518 -1.84801629 -1.32785729e-05 -5.3275035 -2.2966256 -1.32785742e-05 -5.16837432 -1.70335039 -2.16810858e-05 -5.54577479 -2.13432755 -2.16810858e-05 -5.27649821 -2.87068576 -5.14165303e-06 -5.60848899 -2.74523494 -1.32785742e-05 -5.92317479 -2.56530484 -2.16810871e-05 -5.73677567 -1.93774426 -3.03492019e-05 -6.2130717 -2.33115162 -3.03492019e-05 -5.89582789 -1.70951083 -3.92829124e-05 -6.46975012 -2.04350661 -3.9282915e-05 -6.01559754 -1.45869239 -4.84822222e-05 -6.68069797 -1.71193333 -4.84822222e-05 -6.092157 -1.19565335 -5.79471289e-05 -6.83728814 -1.34879373 -5.79471238e-05 -6.12548751 -0.925761157 -6.76776247e-05 -6.93583867 -0.960705325 -6.76776247e-05 -6.11556886 -0.654381616 -7.76737251e-05 -6.97263099 -0.554357158 -7.76737251e-05 -5.26047939 -1.54433666 -3.03492019e-05 -5.32190608 -1.37551569 -3.9282915e-05 -5.35049737 -1.205451 -4.84822222e-05 -5.34702683 -1.04251334 -5.79471238e-05 -5.31513663 -0.89081716 -6.76776247e-05 -5.25850682 -0.754405928 -7.76737251e-05 -5.18112564 -0.636878119 -8.79354301e-05 -6.06238164 -0.386880594 -8.79354301e-05 -5.08720618 -0.540771901 -9.84627242e-05 -5.96590674 -0.128624734 -9.84627242e-05 -4.94374534 -0.398754145 -0.000109255618 -5.83273964 0.114379602 -0.000109255618 -6.94363734 -0.136882899 -8.79354301e-05 -6.84460721 0.283522286 -9.84627242e-05 -6.72173364 0.627513518 -0.000109255618 -3.03251193 -2.23855672 4.43800577e-05 -2.96759102 -1.97265324 5.03922029e-05 -3.25150389 -2.16600527 4.43800577e-05 -3.1646325 -1.94106333 5.03922029e-05 -3.11592948 -1.69665778 5.61387382e-05 -2.94613815 -1.69596429 5.61387382e-05 -2.77634682 -1.69527079 5.61387382e-05 -2.77055019 -2.00424268 5.03922029e-05 -2.81351931 -2.31110729 4.43800577e-05 -3.13829976 -2.48897891 3.81023183e-05 -2.90476301 -2.61039403 3.81023183e-05 -3.28235787 -2.71922436 3.15589899e-05 -3.04382997 -2.8963557 3.15589873e-05 -3.46208777 -2.92459879 2.47500568e-05 -3.23031325 -3.16282432 2.47500568e-05 -3.67489165 -3.10040605 1.76755243e-05 -3.46369659 -3.40300848 1.76755243e-05 -3.91627644 -3.24101034 1.03353949e-05 -3.74087594 -3.60831163 1.03353949e-05 -4.17368133 -3.33922243 2.72966937e-06 -4.04882371 -3.76783351 2.72966905e-06 -3.37183659 -2.367563 3.81023183e-05 -3.52088576 -2.54209307 3.15589873e-05 -3.69386241 -2.68637308 2.47500568e-05 -3.88608669 -2.79780365 1.7675523e-05 -4.09167675 -2.87370869 1.03353949e-05 -4.29853873 -2.91061103 2.72966905e-06 -4.50062498 -2.91078435 -5.1416527e-06 -4.44070936 -3.39428278 -5.14165335e-06 -4.69295945 -2.87713328 -1.32785729e-05 -4.71199544 -3.40613297 -1.32785742e-05 -4.87082345 -2.81277743 -2.16810858e-05 -4.98217329 -3.37471462 -2.16810858e-05 -4.38079397 -3.87778149 -5.14165303e-06 -4.73103135 -3.93513282 -1.32785742e-05 -5.09352257 -3.9366521 -2.16810871e-05 -5.24587645 -3.29996896 -3.03492019e-05 -5.4616573 -3.87881789 -3.03492019e-05 -5.49773645 -3.18183932 -3.92829124e-05 -5.82776952 -3.75804857 -3.9282915e-05 -5.72686936 -3.02450894 -4.84822222e-05 -6.17624276 -3.57637201 -4.84822222e-05 -5.92469108 -2.83499006 -5.79471289e-05 -6.49342333 -3.34017866 -5.79471238e-05 -6.08850213 -2.61792169 -6.76776247e-05 -6.77281503 -3.05335967 -6.76776247e-05 -6.21560201 -2.37794053 -7.76737251e-05 -7.00785207 -2.71984798 -7.76737251e-05 -5.03009562 -2.72111997 -3.03492019e-05 -5.1677028 -2.60562972 -3.9282915e-05 -5.27749632 -2.47264524 -4.84822222e-05 -5.35595941 -2.32980182 -5.79471238e-05 -5.40418987 -2.18248398 -6.76776247e-05 -5.42335255 -2.03603341 -7.76737251e-05 -5.41510242 -1.89556088 -8.79354301e-05 -6.30329116 -2.11968435 -8.79354301e-05 -5.38181869 -1.76537052 -9.84627242e-05 -6.34886932 -1.84779082 -9.84627242e-05 -5.32858685 -1.57064929 -0.000109255618 -6.35504515 -1.57075914 -0.000109255618 -7.19148016 -2.34380806 -8.79354301e-05 -7.31591986 -1.93021127 -9.84627242e-05 -7.38150403 -1.57086933 -0.000109255618 -2.75350832 -2.20834774 4.43800577e-05 -2.83023709 -1.94560837 5.03922029e-05 -2.97943675 -2.25501254 4.43800577e-05 -3.01667483 -2.01677124 5.03922029e-05 -3.09669966 -1.78075847 5.61387382e-05 -2.95000279 -1.69526215 5.61387382e-05 -2.80330591 -1.60976583 5.61387382e-05 -2.64379996 -1.87444511 5.03922029e-05 -2.52757995 -2.16168215 4.43800577e-05 -2.71991222 -2.47811382 3.81023183e-05 -2.45695598 -2.46649405 3.81023183e-05 -2.72954746 -2.74954124 3.15589899e-05 -2.43441052 -2.78367746 3.15589873e-05 -2.78251091 -3.01726567 2.47500568e-05 -2.46267549 -3.10768782 2.47500568e-05 -2.87890081 -3.27592112 1.76755243e-05 -2.54469905 -3.43238488 1.76755243e-05 -3.01764386 -3.51838055 1.03353949e-05 -2.68209206 -3.74877258 1.03353949e-05 -3.19145721 -3.73213713 2.72966937e-06 -2.86902164 -4.04089652 2.72966905e-06 -2.98286891 -2.48973281 3.81023183e-05 -3.02468436 -2.71540509 3.15589873e-05 -3.10234663 -2.92684369 2.47500568e-05 -3.2131022 -3.11945734 1.7675523e-05 -3.35319595 -3.28798801 1.03353949e-05 -3.51389254 -3.42337751 2.72966905e-06 -3.68881758 -3.52457077 -5.1416527e-06 -3.39517986 -3.91333477 -5.14165335e-06 -3.87220966 -3.59159543 -1.32785729e-05 -3.62419539 -4.05924044 -1.32785742e-05 -4.05842235 -3.62479354 -2.16810858e-05 -3.87388529 -4.16712005 -2.16810858e-05 -3.10154205 -4.30209893 -5.14165303e-06 -3.376181 -4.52688567 -1.32785742e-05 -3.68934798 -4.70944701 -2.16810871e-05 -4.13963211 -4.23424037 -3.03492019e-05 -4.03707913 -4.84342863 -3.03492019e-05 -4.41681391 -4.2578671 -3.92829124e-05 -4.41452617 -4.92189553 -3.9282915e-05 -4.69391403 -4.23618132 -4.84822222e-05 -4.80715115 -4.93879544 -4.84822222e-05 -4.95999228 -4.17096445 -5.79471289e-05 -5.19993427 -4.89283656 -5.79471238e-05 -5.21039064 -4.06488301 -6.76776247e-05 -5.58530375 -4.78413953 -6.76776247e-05 -5.44045287 -3.92060318 -7.76737251e-05 -5.95560811 -4.61282881 -7.76737251e-05 -4.2421848 -3.62505193 -3.03492019e-05 -4.41910144 -3.59383836 -3.9282915e-05 -4.5806772 -3.5335667 -4.84822222e-05 -4.72005023 -3.44909245 -5.79471238e-05 -4.83547812 -3.34562682 -6.76776247e-05 -4.92529825 -3.22837783 -7.76737251e-05 -4.98838978 -3.1026001 -8.79354301e-05 -5.64552243 -3.74079161 -8.79354301e-05 -5.02466054 -2.97321021 -9.84627242e-05 -5.82094047 -3.52811356 -9.84627242e-05 -5.07592106 -2.77796073 -0.000109255618 -5.96480551 -3.29128561 -0.000109255618 -6.3026545 -4.37898276 -8.79354301e-05 -6.617221 -4.08301723 -9.84627242e-05 -6.85368939 -3.80461013 -0.000109255618 -2.52698896 -2.04268502 4.43800577e-05 -2.72480772 -1.85351046 5.03922029e-05 -2.69931631 -2.19606218 4.43800577e-05 -2.85068595 -2.00835811 5.03922029e-05 -3.03799584 -1.84397745 5.61387382e-05 -2.95370094 -1.6965871 5.61387382e-05 -2.86940575 -1.54919658 5.61387382e-05 -2.59892999 -1.69866264 5.03922029e-05 -2.35466199 -1.8893072 4.43800577e-05 -2.36301069 -2.25951115 3.81023183e-05 -2.14109394 -2.11797012 3.81023183e-05 -2.23564136 -2.49939188 3.15589899e-05 -1.96297728 -2.3813862 3.15589873e-05 -2.1476469 -2.7577298 2.47500568e-05 -1.82545008 -2.67611982 2.47500568e-05 -2.10179519 -3.02992687 1.76755243e-05 -1.73413614 -2.99832761 1.76755243e-05 -2.10072056 -3.30927451 1.03353949e-05 -1.69492806 -3.34102363 1.03353949e-05 -2.14436866 -3.58129965 2.72966937e-06 -1.71075162 -3.68747523 2.72966905e-06 -2.58492841 -2.40105187 3.81023183e-05 -2.50830545 -2.61739756 3.15589873e-05 -2.46984369 -2.83933985 2.47500568e-05 -2.46945394 -3.06152597 1.7675523e-05 -2.5065132 -3.27752449 1.03353949e-05 -2.57798595 -3.47512363 2.72966905e-06 -2.67887882 -3.65022235 -5.1416527e-06 -2.23019888 -3.84008293 -5.14165335e-06 -2.80418854 -3.79996336 -1.32785729e-05 -2.35557928 -4.0809487 -1.32785742e-05 -2.9488545 -3.92181991 -2.16810858e-05 -2.51787735 -4.29922019 -2.16810858e-05 -1.78151924 -4.02994367 -5.14165303e-06 -1.90696994 -4.36193418 -1.32785742e-05 -2.08689991 -4.6766203 -2.16810871e-05 -2.71446063 -4.49022127 -3.03492019e-05 -2.32105288 -4.96651746 -3.03492019e-05 -2.94269389 -4.64927378 -3.92829124e-05 -2.60869831 -5.22319534 -3.9282915e-05 -3.19351242 -4.76904328 -4.84822222e-05 -2.94027127 -5.43414339 -4.84822222e-05 -3.45655122 -4.84560281 -5.79471289e-05 -3.30341119 -5.59073336 -5.79471238e-05 -3.72644365 -4.87893325 -6.76776247e-05 -3.69149927 -5.6892841 -6.76776247e-05 -3.99782298 -4.86901429 -7.76737251e-05 -4.09784744 -5.72607642 -7.76737251e-05 -3.10786809 -4.0139249 -3.03492019e-05 -3.27668935 -4.07535176 -3.9282915e-05 -3.44675404 -4.10394305 -4.84822222e-05 -3.60969155 -4.10047242 -5.79471238e-05 -3.76138773 -4.06858223 -6.76776247e-05 -3.8977989 -4.01195218 -7.76737251e-05 -4.01532673 -3.93457131 -8.79354301e-05 -4.26532421 -4.81582738 -8.79354301e-05 -4.11143318 -3.84065178 -9.84627242e-05 -4.52358016 -4.71935233 -9.84627242e-05 -4.25345071 -3.69719101 -0.000109255618 -4.76658449 -4.58618523 -0.000109255618 -4.51532144 -5.69708321 -8.79354301e-05 -4.93572709 -5.59805296 -9.84627242e-05 -5.27971824 -5.47517953 -0.000109255618 -2.41364877 -1.78595733 4.43800577e-05 -2.67955212 -1.72103661 5.03922029e-05 -2.48620001 -2.00494936 4.43800577e-05 -2.71114215 -1.9180778 5.03922029e-05 -2.95554743 -1.86937473 5.61387382e-05 -2.95624103 -1.69958343 5.61387382e-05 -2.95693463 -1.52979213 5.61387382e-05 -2.64796239 -1.52399555 5.03922029e-05 -2.34109799 -1.56696483 4.43800577e-05 -2.16322649 -1.89174541 3.81023183e-05 -2.04181118 -1.65820873 3.81023183e-05 -1.93298105 -2.03580358 3.15589899e-05 -1.75584965 -1.79727563 3.15589873e-05 -1.72760666 -2.21553359 2.47500568e-05 -1.48938109 -1.98375914 2.47500568e-05 -1.55179956 -2.42833736 1.76755243e-05 -1.24919712 -2.2171423 1.76755243e-05 -1.4111953 -2.66972227 1.03353949e-05 -1.04389392 -2.49432191 1.03353949e-05 -1.31298321 -2.92712716 2.72966937e-06 -0.884372115 -2.80226973 2.72966905e-06 -2.28464245 -2.12528197 3.81023183e-05 -2.11011246 -2.27433152 3.15589873e-05 -1.96583223 -2.44730805 2.47500568e-05 -1.85440189 -2.63953227 1.7675523e-05 -1.77849708 -2.84512227 1.03353949e-05 -1.74159462 -3.05198437 2.72966905e-06 -1.74142127 -3.2540706 -5.1416527e-06 -1.25792286 -3.19415519 -5.14165335e-06 -1.77507259 -3.44640522 -1.32785729e-05 -1.24607278 -3.46544134 -1.32785742e-05 -1.83942833 -3.62426896 -2.16810858e-05 -1.27749126 -3.73561887 -2.16810858e-05 -0.77442431 -3.1342397 -5.14165303e-06 -0.717072958 -3.48447746 -1.32785742e-05 -0.715553991 -3.84696847 -2.16810871e-05 -1.35223703 -3.99932209 -3.03492019e-05 -0.773388126 -4.21510315 -3.03492019e-05 -1.47036661 -4.25118225 -3.92829124e-05 -0.894157523 -4.58121542 -3.9282915e-05 -1.62769712 -4.48031485 -4.84822222e-05 -1.07583453 -4.92968813 -4.84822222e-05 -1.81721595 -4.67813693 -5.79471289e-05 -1.31202776 -5.24686903 -5.79471238e-05 -2.03428457 -4.84194773 -6.76776247e-05 -1.59884706 -5.5262605 -6.76776247e-05 -2.27426573 -4.96904761 -7.76737251e-05 -1.93235859 -5.76129746 -7.76737251e-05 -1.93108608 -3.78354111 -3.03492019e-05 -2.04657604 -3.92114851 -3.9282915e-05 -2.17956084 -4.03094163 -4.84822222e-05 -2.32240423 -4.10940469 -5.79471238e-05 -2.469722 -4.15763511 -6.76776247e-05 -2.61617287 -4.17679777 -7.76737251e-05 -2.75664524 -4.16854775 -8.79354301e-05 -2.53252191 -5.05673676 -8.79354301e-05 -2.88683553 -4.13526397 -9.84627242e-05 -2.80441531 -5.10231446 -9.84627242e-05 -3.08155661 -4.08203205 -0.000109255618 -3.08144712 -5.10849075 -0.000109255618 -2.30839837 -5.94492547 -8.79354301e-05 -2.72199548 -6.06936496 -9.84627242e-05 -3.08133712 -6.13494896 -0.000109255618 -2.44385722 -1.50695363 4.43800577e-05 -2.7065966 -1.58368238 5.03922029e-05 -2.39719234 -1.73288202 4.43800577e-05 -2.63543366 -1.77012006 5.03922029e-05 -2.87144657 -1.85014495 5.61387382e-05 -2.95694269 -1.70344796 5.61387382e-05 -3.04243911 -1.55675114 5.61387382e-05 -2.77775996 -1.39724532 5.03922029e-05 -2.49052269 -1.2810252 4.43800577e-05 -2.17409112 -1.47335757 3.81023183e-05 -2.1857108 -1.21040129 3.81023183e-05 -1.90266369 -1.48299283 3.15589899e-05 -1.86852745 -1.1878559 3.15589873e-05 -1.63493916 -1.53595627 2.47500568e-05 -1.54451716 -1.21612093 2.47500568e-05 -1.37628394 -1.63234611 1.76755243e-05 -1.21982008 -1.29814454 1.76755243e-05 -1.13382442 -1.7710893 1.03353949e-05 -0.903432441 -1.43553744 1.03353949e-05 -0.92006778 -1.94490243 2.72966937e-06 -0.611308577 -1.62246706 2.72966905e-06 -2.16247217 -1.73631426 3.81023183e-05 -1.93679978 -1.77812965 3.15589873e-05 -1.72536141 -1.85579186 2.47500568e-05 -1.53274764 -1.96654764 1.7675523e-05 -1.36421698 -2.10664121 1.03353949e-05 -1.22882762 -2.26733788 2.72966905e-06 -1.12763421 -2.44226303 -5.1416527e-06 -0.738870202 -2.14862531 -5.14165335e-06 -1.06060962 -2.62565515 -1.32785729e-05 -0.592964538 -2.37764084 -1.32785742e-05 -1.02741152 -2.81186765 -2.16810858e-05 -0.485084925 -2.62733074 -2.16810858e-05 -0.350105891 -1.8549876 -5.14165303e-06 -0.125319223 -2.12962659 -1.32785742e-05 0.057242029 -2.44279343 -2.16810871e-05 -0.41796478 -2.89307727 -3.03492019e-05 0.191223583 -2.79052462 -3.03492019e-05 -0.394337874 -3.17025936 -3.92829124e-05 0.269690567 -3.16797181 -3.9282915e-05 -0.416023898 -3.44735922 -4.84822222e-05 0.286590227 -3.56059654 -4.84822222e-05 -0.48124076 -3.71343766 -5.79471289e-05 0.240631347 -3.95337965 -5.79471238e-05 -0.587322031 -3.96383632 -6.76776247e-05 0.13193442 -4.33874947 -6.76776247e-05 -0.731601862 -4.19389855 -7.76737251e-05 -0.0393764972 -4.70905316 -7.76737251e-05 -1.02715328 -2.99563019 -3.03492019e-05 -1.0583667 -3.17254674 -3.9282915e-05 -1.11863827 -3.33412284 -4.84822222e-05 -1.2031128 -3.47349545 -5.79471238e-05 -1.30657863 -3.58892325 -6.76776247e-05 -1.42382708 -3.67874385 -7.76737251e-05 -1.54960474 -3.74183534 -8.79354301e-05 -0.911413732 -4.3989675 -8.79354301e-05 -1.67899496 -3.7781061 -9.84627242e-05 -1.12409144 -4.57438613 -9.84627242e-05 -1.87424433 -3.82936655 -0.000109255618 -1.36091965 -4.71825054 -0.000109255618 -0.273222555 -5.05609995 -8.79354301e-05 -0.569188291 -5.37066618 -9.84627242e-05 -0.847595186 -5.60713484 -0.000109255618 -2.60951985 -1.28043425 4.43800577e-05 -2.7986944 -1.47825294 5.03922029e-05 -2.4561429 -1.45276175 4.43800577e-05 -2.64384695 -1.6041315 5.03922029e-05 -2.80822736 -1.79144125 5.61387382e-05 -2.95561788 -1.70714621 5.61387382e-05 -3.10300839 -1.62285117 5.61387382e-05 -2.95354213 -1.35237525 5.03922029e-05 -2.76289765 -1.10810732 4.43800577e-05 -2.39269366 -1.11645625 3.81023183e-05 -2.53423481 -0.894539312 3.81023183e-05 -2.15281288 -0.989086856 3.15589899e-05 -2.27081845 -0.716422629 3.15589873e-05 -1.89447489 -0.901092344 2.47500568e-05 -1.97608475 -0.578895732 2.47500568e-05 -1.62227787 -0.855240693 1.76755243e-05 -1.65387707 -0.487581756 1.76755243e-05 -1.34293032 -0.854166262 1.03353949e-05 -1.31118091 -0.448373744 1.03353949e-05 -1.07090498 -0.897814541 2.72966937e-06 -0.964729339 -0.464197614 2.72966905e-06 -2.2511529 -1.33837388 3.81023183e-05 -2.03480732 -1.26175106 3.15589873e-05 -1.81286508 -1.22328921 2.47500568e-05 -1.59067885 -1.22289967 1.7675523e-05 -1.37468026 -1.25995905 1.03353949e-05 -1.1770812 -1.33143165 2.72966905e-06 -1.0019826 -1.43232465 -5.1416527e-06 -0.812121751 -0.983644846 -5.14165335e-06 -0.852241466 -1.55763458 -1.32785729e-05 -0.571256013 -1.10902536 -1.32785742e-05 -0.730384997 -1.7023004 -2.16810858e-05 -0.352984634 -1.2713234 -2.16810858e-05 -0.622260935 -0.534964985 -5.14165303e-06 -0.290270435 -0.660416012 -1.32785742e-05 0.0244157016 -0.840345922 -2.16810871e-05 -0.161983603 -1.4679066 -3.03492019e-05 0.314312688 -1.07449919 -3.03492019e-05 -0.00293116352 -1.69613991 -3.92829124e-05 0.57099062 -1.36214458 -3.9282915e-05 0.116838267 -1.94695848 -4.84822222e-05 0.781938539 -1.69371782 -4.84822222e-05 0.193397959 -2.20999757 -5.79471289e-05 0.938528586 -2.0568575 -5.79471238e-05 0.226728083 -2.47988979 -6.76776247e-05 1.03707906 -2.44494593 -6.76776247e-05 0.216809305 -2.75126961 -7.76737251e-05 1.07387156 -2.85129419 -7.76737251e-05 -0.638279924 -1.86131413 -3.03492019e-05 -0.576853344 -2.03013526 -3.9282915e-05 -0.548262052 -2.20019995 -4.84822222e-05 -0.55173268 -2.36313746 -5.79471238e-05 -0.58362279 -2.51483379 -6.76776247e-05 -0.640252836 -2.65124496 -7.76737251e-05 -0.717633862 -2.76877268 -8.79354301e-05 0.163622156 -3.01877059 -8.79354301e-05 -0.811553476 -2.86487899 -9.84627242e-05 0.0671470227 -3.27702639 -9.84627242e-05 -0.955014315 -3.00689674 -0.000109255618 -0.0660200775 -3.52003072 -0.000109255618 1.04487816 -3.2687683 -8.79354301e-05 0.945847425 -3.68917345 -9.84627242e-05 0.822974245 -4.03316485 -0.000109255618</float_array>
        <technique_common><accessor source="#vfx_kurp_0951-mesh-positions-array" count="756" stride="3"><param name="X" type="float"/><param name="Y" type="float"/><param name="Z" type="float"/></accessor></technique_common>
      </source>
      <source id="vfx_kurp_0951-mesh-normals">
        <float_array id="vfx_kurp_0951-mesh-normals-array" count="2268">-4.44124492e-06 2.21695417e-05 1 -7.5202502e-06 2.00659202e-05 1 -5.88841338e-06 2.48229145e-05 1 -9.02421239e-06 2.19244046e-05 1 -1.18489717e-05 2.03307795e-05 1 -1.01994596e-05 1.8887778e-05 1 -8.99946819e-06 1.78324697e-05 1 -6.42492065e-06 1.89175684e-05 1 -3.38051676e-06 2.05211922e-05 1 -9.04012666e-07 2.36465555e-05 1 -1.53134625e-08 2.14598157e-05 1 2.96999864e-06 2.44034955e-05 1 3.5320971e-06 2.16748949e-05 1 7.03867921e-06 2.43457355e-05 1 7.11022116e-06 2.11230088e-05 1 1.11608081e-05 2.34786493e-05 1 1.05852466e-05 1.98635723e-05 1 1.54135277e-05 2.21484463e-05 1 1.40264424e-05 1.82190097e-05 1 1.96742215e-05 2.02995566e-05 1 1.72995328e-05 1.61477501e-05 1 -2.08235466e-06 2.71968285e-05 1 2.31920598e-06 2.89125887e-05 1 7.21672858e-06 2.97976264e-05 1 1.2498653e-05 2.9778715e-05 0.999999999 1.83687082e-05 2.93130177e-05 0.999999999 2.46880664e-05 2.81296188e-05 0.999999999 3.1048137e-05 2.5699851e-05 0.999999999 2.35944024e-05 1.76064083e-05 1 3.72211674e-05 2.196672e-05 0.999999999 2.69773701e-05 1.41088613e-05 1 4.29749175e-05 1.6896102e-05 0.999999999 2.96580402e-05 9.90223432e-06 1 2.01244067e-05 1.34543995e-05 1 2.23583965e-05 1.02120465e-05 1 2.38972629e-05 6.53857136e-06 1 3.14559502e-05 5.11412489e-06 0.999999999 2.46543044e-05 2.57863716e-06 1 3.2601876e-05 -7.76392451e-08 0.999999999 2.48577469e-05 -1.51357449e-06 1 3.33522101e-05 -5.57595694e-06 0.999999999 2.46951796e-05 -5.65516735e-06 1 3.32913362e-05 -1.12709868e-05 0.999999999 2.39017694e-05 -9.73308532e-06 1 3.20736813e-05 -1.6940979e-05 0.999999999 2.22995099e-05 -1.35801345e-05 1 2.97140698e-05 -2.23657627e-05 0.999999999 1.99395059e-05 -1.70441953e-05 1 4.79132433e-05 1.04490822e-05 0.999999999 5.24943634e-05 2.72303063e-06 0.999999999 5.7081459e-05 -6.40561069e-06 0.999999998 6.06180878e-05 -1.69884475e-05 0.999999998 6.2428151e-05 -2.88926483e-05 0.999999998 6.23536562e-05 -4.20491117e-05 0.999999997 5.99203053e-05 -5.62592166e-05 0.999999997 2.62376704e-05 -2.73111082e-05 0.999999999 4.05306624e-05 -5.05615528e-05 0.999999998 2.2177142e-05 -3.09708486e-05 0.999999999 2.99037131e-05 -4.40866684e-05 0.999999999 2.00871816e-05 -3.218126e-05 0.999999999 1.69027517e-05 -1.99826457e-05 1 1.53260026e-05 -2.40415774e-05 1 1.50200857e-05 -2.60091028e-05 1 7.23853055e-06 2.14200119e-05 1 3.52022796e-06 2.11377215e-05 1 7.31193642e-06 2.44414783e-05 1 3.14700556e-06 2.34991887e-05 1 -9.61385012e-08 2.35314684e-05 1 6.10895867e-07 2.14570224e-05 1 1.12246456e-06 1.99431024e-05 1 3.89462795e-06 1.95955594e-05 1 7.33297701e-06 1.94621272e-05 1 1.10403778e-05 2.09305148e-05 1 1.07166534e-05 1.85923856e-05 1 1.47738447e-05 1.96490407e-05 1 1.38963335e-05 1.70049621e-05 1 1.82685426e-05 1.75646811e-05 1 1.67191338e-05 1.4737951e-05 1 2.14048715e-05 1.47527016e-05 1 1.90988803e-05 1.19097379e-05 1 2.44227301e-05 1.14743512e-05 1 2.12567596e-05 8.76490248e-06 1 2.71881526e-05 7.74281957e-06 1 2.30557079e-05 5.33459824e-06 1 1.17950343e-05 2.4594335e-05 1 1.64647867e-05 2.38794294e-05 1 2.11486904e-05 2.21971289e-05 1 2.57135158e-05 1.95397862e-05 0.999999999 3.05642781e-05 1.62014601e-05 0.999999999 3.54452902e-05 1.20169183e-05 0.999999999 3.97384022e-05 6.73265436e-06 0.999999999 2.92365601e-05 3.4503975e-06 1 4.32178431e-05 4.13155512e-07 0.999999999 3.04175201e-05 -1.27005504e-06 1 4.56654186e-05 -6.85500566e-06 0.999999999 3.06357289e-05 -6.25343423e-06 1 2.41554488e-05 1.58964661e-06 1 2.44689597e-05 -2.33530829e-06 1 2.39649246e-05 -6.28606498e-06 1 2.97987141e-05 -1.12990135e-05 0.999999999 2.26405706e-05 -1.00939859e-05 1 2.81952302e-05 -1.63681747e-05 0.999999999 2.0770655e-05 -1.37396704e-05 1 2.60958804e-05 -2.15050242e-05 0.999999999 1.85590671e-05 -1.7245106e-05 1 2.31956417e-05 -2.64066232e-05 0.999999999 1.58329938e-05 -2.03799798e-05 1 1.93061355e-05 -3.07081618e-05 0.999999999 1.25218756e-05 -2.29104963e-05 1 1.45502576e-05 -3.42263532e-05 0.999999999 8.74602063e-06 -2.47304595e-05 1 4.67186221e-05 -1.49074497e-05 0.999999999 4.68229659e-05 -2.38889701e-05 0.999999999 4.62311722e-05 -3.40881374e-05 0.999999998 4.4002578e-05 -4.50214751e-05 0.999999998 3.96180328e-05 -5.62358388e-05 0.999999998 3.29752926e-05 -6.75924322e-05 0.999999997 2.37629061e-05 -7.86820723e-05 0.999999997 9.06693541e-06 -3.67709482e-05 0.999999999 9.81980746e-06 -6.40529145e-05 0.999999998 3.72054277e-06 -3.79101128e-05 0.999999999 3.85403976e-06 -5.31320257e-05 0.999999999 1.30538389e-06 -3.79133973e-05 0.999999999 4.64688975e-06 -2.57568529e-05 1 1.25191971e-06 -2.84836212e-05 1 3.22376697e-09 -3.00345854e-05 1 -1.49310032e-05 1.69787569e-05 1 -1.654569e-05 1.36174666e-05 1 -1.75109692e-05 1.85530595e-05 1 -1.87773939e-05 1.44749856e-05 1 -2.04268976e-05 1.16824942e-05 1 -1.82768818e-05 1.12575622e-05 1 -1.67100101e-05 1.09436264e-05 1 -1.50229336e-05 1.31706259e-05 1 -1.31882073e-05 1.60816077e-05 1 -1.2606174e-05 2.00265043e-05 1 -1.07431655e-05 1.85770829e-05 1 -9.62965474e-06 2.26190434e-05 1 -7.77856196e-06 2.05370557e-05 1 -6.07719526e-06 2.46033589e-05 1 -4.40387612e-06 2.18481694e-05 1 -2.07378047e-06 2.59135016e-05 1 -7.6469716e-07 2.24949752e-05 1 2.27428388e-06 2.68878879e-05 1 3.03775011e-06 2.27913518e-05 1 6.88858969e-06 2.74170484e-05 1 6.9079574e-06 2.26341281e-05 1 -1.54017868e-05 2.25119584e-05 1 -1.24478017e-05 2.61986313e-05 1 -8.64894647e-06 2.94138619e-05 1 -4.06520517e-06 3.20384441e-05 0.999999999 1.25126216e-06 3.45701581e-05 0.999999999 7.31567388e-06 3.67050023e-05 0.999999999 1.40385352e-05 3.77808e-05 0.999999999 1.16301398e-05 2.70447929e-05 1 2.12511104e-05 3.7634324e-05 0.999999999 1.6308652e-05 2.57073142e-05 1 2.87693108e-05 3.61199064e-05 0.999999999 2.07334928e-05 2.34046091e-05 1 1.07010417e-05 2.1714051e-05 1 1.42569098e-05 2.00230905e-05 1 1.74263492e-05 1.7611205e-05 1 2.46845826e-05 2.01569391e-05 0.999999999 2.00619297e-05 1.4560314e-05 1 2.82728699e-05 1.62337041e-05 0.999999999 2.22842304e-05 1.1118084e-05 1 3.16718283e-05 1.1847187e-05 0.999999999 2.42142301e-05 7.45007474e-06 1 3.4466618e-05 6.88470586e-06 0.999999999 2.55660715e-05 3.52178833e-06 1 3.62471163e-05 1.36552891e-06 0.999999999 2.61020082e-05 -6.10984322e-07 1 3.69160188e-05 -4.51227799e-06 0.999999999 2.57902136e-05 -4.79094873e-06 1 3.6269519e-05 3.30057825e-05 0.999999999 4.40999248e-05 2.86054005e-05 0.999999999 5.26367955e-05 2.29933252e-05 0.999999998 6.09910071e-05 1.5596619e-05 0.999999998 6.85106737e-05 6.1923121e-06 0.999999998 7.50243803e-05 -5.23875626e-06 0.999999997 8.0022111e-05 -1.8761736e-05 0.999999997 3.63780337e-05 -1.05332678e-05 0.999999999 6.03813618e-05 -2.35222439e-05 0.999999998 3.46913919e-05 -1.57329645e-05 0.999999999 4.79407014e-05 -2.32283082e-05 0.999999999 3.34866397e-05 -1.78261939e-05 0.999999999 2.46295335e-05 -8.85409968e-06 1 2.52935008e-05 -1.31576123e-05 1 2.60123304e-05 -1.50144954e-05 1 -2.14200066e-05 7.23853779e-06 1 -2.11377202e-05 3.52023293e-06 1 -2.44414596e-05 7.31195139e-06 1 -2.34991899e-05 3.14702586e-06 1 -2.35314815e-05 -9.61303245e-08 1 -2.14570265e-05 6.10895623e-07 1 -1.99431012e-05 1.12245159e-06 1 -1.95955573e-05 3.89462073e-06 1 -1.94621267e-05 7.33298152e-06 1 -2.09305253e-05 1.10403759e-05 1 -1.85923943e-05 1.07166504e-05 1 -1.96490461e-05 1.47738395e-05 1 -1.70049574e-05 1.38963362e-05 1 -1.75646846e-05 1.82685406e-05 1 -1.47379474e-05 1.67191358e-05 1 -1.47526971e-05 2.14048614e-05 1 -1.19097313e-05 1.90988757e-05 1 -1.14743522e-05 2.44227295e-05 1 -8.76489973e-06 2.12567612e-05 1 -7.74282296e-06 2.71881549e-05 1 -5.3345947e-06 2.30557099e-05 1 -2.4594321e-05 1.17950319e-05 1 -2.38794453e-05 1.64647796e-05 1 -2.21971422e-05 2.11486806e-05 1 -1.95397966e-05 2.57135056e-05 0.999999999 -1.6201462e-05 3.05642728e-05 0.999999999 -1.20169336e-05 3.5445294e-05 0.999999999 -6.73266715e-06 3.97384116e-05 0.999999999 -3.4503978e-06 2.92365515e-05 1 -4.13155755e-07 4.32178472e-05 0.999999999 1.27005304e-06 3.04175127e-05 1 6.85500579e-06 4.56653893e-05 0.999999999 6.25343398e-06 3.0635733e-05 1 -1.58964964e-06 2.4155445e-05 1 2.33530344e-06 2.4468959e-05 1 6.28606207e-06 2.39649187e-05 1 1.12990101e-05 2.97987163e-05 0.999999999 1.00939889e-05 2.26405691e-05 1 1.63681745e-05 2.81952343e-05 0.999999999 1.37396672e-05 2.07706532e-05 1 2.15050188e-05 2.60958752e-05 0.999999999 1.72451069e-05 1.85590655e-05 1 2.64066176e-05 2.31956369e-05 0.999999999 2.0379975e-05 1.58329986e-05 1 3.07081606e-05 1.93061377e-05 0.999999999 2.29104916e-05 1.25218728e-05 1 3.42263473e-05 1.45502532e-05 0.999999999 2.47304593e-05 8.74602103e-06 1 1.49074461e-05 4.67186284e-05 0.999999999 2.38889512e-05 4.68229549e-05 0.999999999 3.40881356e-05 4.623119e-05 0.999999998 4.502148e-05 4.40025913e-05 0.999999998 5.62358384e-05 3.96180335e-05 0.999999998 6.75924592e-05 3.2975304e-05 0.999999997 7.8682048e-05 2.376289e-05 0.999999997 3.67709487e-05 9.06693462e-06 0.999999999 6.40529195e-05 9.81980612e-06 0.999999998 3.79101191e-05 3.72054641e-06 0.999999999 5.31320442e-05 3.85404413e-06 0.999999999 3.7913391e-05 1.30538025e-06 0.999999999 2.57568529e-05 4.64688975e-06 1 2.84836206e-05 1.25191723e-06 1 3.00345915e-05 3.22413251e-09 1 -2.2169546e-05 -4.44124111e-06 1 -2.00659191e-05 -7.52024117e-06 1 -2.48229067e-05 -5.88838317e-06 1 -2.19244105e-05 -9.02419115e-06 1 -2.03307916e-05 -1.18489944e-05 1 -1.8887771e-05 -1.01994608e-05 1 -1.78324557e-05 -8.99947427e-06 1 -1.89175602e-05 -6.42492749e-06 1 -2.05211954e-05 -3.38051858e-06 1 -2.36465494e-05 -9.040123e-07 1 -2.14598112e-05 -1.53140065e-08 1 -2.44034912e-05 2.96999482e-06 1 -2.16748966e-05 3.53208559e-06 1 -2.43457341e-05 7.03866952e-06 1 -2.11230052e-05 7.11021486e-06 1 -2.34786448e-05 1.11608023e-05 1 -1.98635744e-05 1.05852412e-05 1 -2.21484586e-05 1.5413529e-05 1 -1.82190121e-05 1.40264431e-05 1 -2.02995537e-05 1.96742147e-05 1 -1.61477442e-05 1.72995298e-05 1 -2.71968245e-05 -2.08235442e-06 1 -2.89125693e-05 2.31920877e-06 1 -2.97976234e-05 7.2167198e-06 1 -2.97787181e-05 1.24986511e-05 0.999999999 -2.93130242e-05 1.83687086e-05 0.999999999 -2.81296266e-05 2.46880618e-05 0.999999999 -2.56998519e-05 3.10481322e-05 0.999999999 -1.76064044e-05 2.35943983e-05 1 -2.19667187e-05 3.72211639e-05 0.999999999 -1.41088604e-05 2.69773706e-05 1 -1.68961006e-05 4.29749141e-05 0.999999999 -9.9022355e-06 2.96580395e-05 1 -1.34543967e-05 2.01244041e-05 1 -1.02120482e-05 2.23583977e-05 1 -6.53857358e-06 2.38972658e-05 1 -5.11412476e-06 3.14559481e-05 0.999999999 -2.57863455e-06 2.46543017e-05 1 7.76409988e-08 3.26018875e-05 0.999999999 1.51357674e-06 2.48577503e-05 1 5.57595288e-06 3.33522099e-05 0.999999999 5.65517165e-06 2.46951757e-05 1 1.12709855e-05 3.32913312e-05 0.999999999 9.73308441e-06 2.3901771e-05 1 1.69409754e-05 3.20736876e-05 0.999999999 1.35801336e-05 2.22995115e-05 1 2.23657582e-05 2.97140703e-05 0.999999999 1.70441919e-05 1.99395081e-05 1 -1.04490832e-05 4.79132469e-05 0.999999999 -2.72303063e-06 5.24943634e-05 0.999999999 6.40559494e-06 5.70814499e-05 0.999999998 1.69884425e-05 6.06180892e-05 0.999999998 2.88926357e-05 6.24281437e-05 0.999999998 4.20491233e-05 6.23536797e-05 0.999999997 5.62592236e-05 5.99203367e-05 0.999999997 2.7311106e-05 2.62376744e-05 0.999999999 5.05615775e-05 4.05306924e-05 0.999999998 3.09708564e-05 2.21771502e-05 0.999999999 4.40866965e-05 2.99037371e-05 0.999999999 3.21812748e-05 2.00871923e-05 0.999999999 1.99826416e-05 1.69027515e-05 1 2.40415767e-05 1.53260037e-05 1 2.60091073e-05 1.5020089e-05 1 -1.69787573e-05 -1.49310024e-05 1 -1.36174736e-05 -1.65456851e-05 1 -1.85530651e-05 -1.7510985e-05 1 -1.44749797e-05 -1.87773968e-05 1 -1.16824784e-05 -2.04269032e-05 1 -1.12575724e-05 -1.82768677e-05 1 -1.09436508e-05 -1.67099895e-05 1 -1.31706408e-05 -1.50229296e-05 1 -1.60816095e-05 -1.31882042e-05 1 -2.00265036e-05 -1.2606157e-05 1 -1.85770851e-05 -1.0743158e-05 1 -2.26190456e-05 -9.629651e-06 1 -2.05370562e-05 -7.77857564e-06 1 -2.46033596e-05 -6.07719042e-06 1 -2.18481633e-05 -4.40387942e-06 1 -2.59135122e-05 -2.07378029e-06 1 -2.24949794e-05 -7.64700676e-07 1 -2.68878857e-05 2.27428727e-06 1 -2.27913478e-05 3.03775036e-06 1 -2.74170439e-05 6.88859648e-06 1 -2.26341281e-05 6.9079574e-06 1 -2.2511963e-05 -1.54017751e-05 1 -2.61986376e-05 -1.24477873e-05 1 -2.94138627e-05 -8.6489233e-06 1 -3.20384485e-05 -4.06518669e-06 0.999999999 -3.45701683e-05 1.25126888e-06 0.999999999 -3.67049728e-05 7.31568462e-06 0.999999999 -3.77807873e-05 1.40385425e-05 0.999999999 -2.70447882e-05 1.16301425e-05 1 -3.7634338e-05 2.12511275e-05 0.999999999 -2.57073122e-05 1.63086595e-05 1 -3.61199089e-05 2.87693261e-05 0.999999999 -2.34046065e-05 2.07335027e-05 1 -2.17140448e-05 1.07010473e-05 1 -2.00230876e-05 1.42569156e-05 1 -1.7611204e-05 1.74263539e-05 1 -2.01569376e-05 2.46845918e-05 0.999999999 -1.45603153e-05 2.00619353e-05 1 -1.62336971e-05 2.82728782e-05 0.999999999 -1.11180798e-05 2.22842266e-05 1 -1.18471835e-05 3.16718387e-05 0.999999999 -7.4500682e-06 2.42142297e-05 1 -6.88470344e-06 3.4466632e-05 0.999999999 -3.52178779e-06 2.5566076e-05 1 -1.3655231e-06 3.62471281e-05 0.999999999 6.10986019e-07 2.61020071e-05 1 4.51228363e-06 3.691602e-05 0.999999999 4.79095643e-06 2.57902075e-05 1 -3.300579e-05 3.62695483e-05 0.999999999 -2.86053904e-05 4.40999474e-05 0.999999999 -2.29932809e-05 5.2636758e-05 0.999999998 -1.55966035e-05 6.09910203e-05 0.999999998 -6.19229781e-06 6.85107072e-05 0.999999998 5.23876886e-06 7.50243875e-05 0.999999997 1.8761771e-05 8.00221523e-05 0.999999997 1.05332822e-05 3.63780378e-05 0.999999999 2.35222583e-05 6.03813659e-05 0.999999998 1.57329748e-05 3.46913957e-05 0.999999999 2.32283101e-05 4.79406835e-05 0.999999999 1.78262024e-05 3.34866467e-05 0.999999999 8.85410713e-06 2.46295315e-05 1 1.31576173e-05 2.52934994e-05 1 1.50145011e-05 2.60123169e-05 1 -7.23854143e-06 -2.14200003e-05 1 -3.52023281e-06 -2.11377222e-05 1 -7.311946e-06 -2.44414544e-05 1 -3.14699598e-06 -2.34992126e-05 1 9.61120128e-08 -2.3531448e-05 1 -6.10901258e-07 -2.14570276e-05 1 -1.12247547e-06 -1.99431108e-05 1 -3.89464546e-06 -1.95955527e-05 1 -7.33297698e-06 -1.94621346e-05 1 -1.10403777e-05 -2.09305295e-05 1 -1.07166446e-05 -1.85923973e-05 1 -1.47738503e-05 -1.96490419e-05 1 -1.38963381e-05 -1.70049542e-05 1 -1.8268539e-05 -1.75646764e-05 1 -1.67191335e-05 -1.47379477e-05 1 -2.14048639e-05 -1.47526928e-05 1 -1.90988797e-05 -1.1909728e-05 1 -2.44227399e-05 -1.14743598e-05 1 -2.12567695e-05 -8.76490349e-06 1 -2.71881551e-05 -7.7428189e-06 1 -2.30557048e-05 -5.33458542e-06 1 -1.17950458e-05 -2.45943332e-05 1 -1.64647916e-05 -2.38794354e-05 1 -2.11486832e-05 -2.21971195e-05 1 -2.57134958e-05 -1.953977e-05 0.999999999 -3.05642837e-05 -1.62014724e-05 0.999999999 -3.54453181e-05 -1.20169428e-05 0.999999999 -3.97384112e-05 -6.73265328e-06 0.999999999 -2.92365532e-05 -3.45038405e-06 1 -4.32178111e-05 -4.13145442e-07 0.999999999 -3.04175075e-05 1.27006231e-06 1 -4.56653898e-05 6.85501391e-06 0.999999999 -3.06357239e-05 6.25343289e-06 1 -2.4155448e-05 -1.58963352e-06 1 -2.44689649e-05 2.33530634e-06 1 -2.39649219e-05 6.28606025e-06 1 -2.97987193e-05 1.12990189e-05 0.999999999 -2.26405698e-05 1.00939864e-05 1 -2.81952255e-05 1.63681775e-05 0.999999999 -2.07706483e-05 1.37396679e-05 1 -2.60958788e-05 2.15050251e-05 0.999999999 -1.855906e-05 1.72451101e-05 1 -2.31956384e-05 2.64066293e-05 0.999999999 -1.58329887e-05 2.03799849e-05 1 -1.93061292e-05 3.07081655e-05 0.999999999 -1.25218679e-05 2.29104944e-05 1 -1.45502487e-05 3.42263541e-05 0.999999999 -8.74601724e-06 2.47304573e-05 1 -4.67186709e-05 1.49074761e-05 0.999999999 -4.68229413e-05 2.38889675e-05 0.999999999 -4.62311426e-05 3.40881335e-05 0.999999998 -4.40025696e-05 4.50214715e-05 0.999999998 -3.96180357e-05 5.62358539e-05 0.999999998 -3.29752783e-05 6.7592432e-05 0.999999997 -2.37628722e-05 7.86820499e-05 0.999999997 -9.06692753e-06 3.67709528e-05 0.999999999 -9.81978806e-06 6.40529173e-05 0.999999998 -3.72053938e-06 3.79101106e-05 0.999999999 -3.85402873e-06 5.31320321e-05 0.999999999 -1.30537067e-06 3.79133672e-05 0.999999999 -4.6468866e-06 2.57568547e-05 1 -1.25191777e-06 2.8483616e-05 1 -3.22327957e-09 3.00345773e-05 1 4.44124429e-06 -2.21695379e-05 1 7.52024922e-06 -2.00659207e-05 1 5.88841184e-06 -2.48229091e-05 1 9.024212e-06 -2.19244048e-05 1 1.18489708e-05 -2.033078e-05 1 1.01994589e-05 -1.88877784e-05 1 8.9994661e-06 -1.78324688e-05 1 6.42491907e-06 -1.89175693e-05 1 3.38051731e-06 -2.05211877e-05 1 9.04010847e-07 -2.36465523e-05 1 1.53123093e-08 -2.14598101e-05 1 -2.96999851e-06 -2.44034975e-05 1 -3.53210207e-06 -2.16748935e-05 1 -7.03867697e-06 -2.43457321e-05 1 -7.11022253e-06 -2.11230064e-05 1 -1.11608072e-05 -2.34786435e-05 1 -1.05852423e-05 -1.98635688e-05 1 -1.54135284e-05 -2.21484488e-05 1 -1.40264454e-05 -1.82190009e-05 1 -1.96742282e-05 -2.02995594e-05 1 -1.72995377e-05 -1.61477524e-05 1 2.08235114e-06 -2.71968243e-05 1 -2.31920713e-06 -2.89125831e-05 1 -7.21672313e-06 -2.97976359e-05 1 -1.24986505e-05 -2.9778701e-05 0.999999999 -1.8368705e-05 -2.93130158e-05 0.999999999 -2.46880749e-05 -2.81296331e-05 0.999999999 -3.10481439e-05 -2.56998608e-05 0.999999999 -2.35944095e-05 -1.76064143e-05 1 -3.72211479e-05 -2.196671e-05 0.999999999 -2.69773692e-05 -1.41088627e-05 1 -4.29749035e-05 -1.68961045e-05 0.999999999 -2.96580195e-05 -9.90222655e-06 1 -2.01244111e-05 -1.34544028e-05 1 -2.23583937e-05 -1.02120441e-05 1 -2.38972581e-05 -6.5385723e-06 1 -3.1455947e-05 -5.11412307e-06 0.999999999 -2.46543021e-05 -2.57864109e-06 1 -3.26018801e-05 7.76390014e-08 0.999999999 -2.4857743e-05 1.51357147e-06 1 -3.33521989e-05 5.57595925e-06 0.999999999 -2.46951714e-05 5.65516783e-06 1 -3.32913421e-05 1.12709897e-05 0.999999999 -2.39017704e-05 9.73308689e-06 1 -3.2073698e-05 1.69409862e-05 0.999999999 -2.22995044e-05 1.35801377e-05 1 -2.97140559e-05 2.23657623e-05 0.999999999 -1.99395003e-05 1.70441984e-05 1 -4.79132392e-05 -1.04490746e-05 0.999999999 -5.24944217e-05 -2.72302435e-06 0.999999999 -5.70813972e-05 6.40561277e-06 0.999999998 -6.06180138e-05 1.69884356e-05 0.999999998 -6.24282445e-05 2.88926867e-05 0.999999998 -6.23537037e-05 4.2049143e-05 0.999999997 -5.99202849e-05 5.62592031e-05 0.999999997 -2.62376671e-05 2.7311106e-05 0.999999999 -4.05306645e-05 5.056156e-05 0.999999998 -2.21771401e-05 3.09708539e-05 0.999999999 -2.99037115e-05 4.40866693e-05 0.999999999 -2.00871812e-05 3.21812602e-05 0.999999999 -1.69027509e-05 1.99826461e-05 1 -1.53260007e-05 2.40415784e-05 1 -1.50200835e-05 2.6009102e-05 1 1.49309997e-05 -1.69787589e-05 1 1.65456894e-05 -1.36174711e-05 1 1.75109739e-05 -1.85530631e-05 1 1.87774091e-05 -1.4474981e-05 1 2.04269121e-05 -1.16824774e-05 1 1.82768803e-05 -1.12575651e-05 1 1.67099998e-05 -1.09436449e-05 1 1.50229289e-05 -1.3170637e-05 1 1.3188208e-05 -1.60816115e-05 1 1.26061734e-05 -2.00265088e-05 1 1.0743167e-05 -1.85770841e-05 1 9.62965506e-06 -2.26190453e-05 1 7.77856248e-06 -2.05370575e-05 1 6.0771946e-06 -2.46033614e-05 1 4.40387612e-06 -2.18481694e-05 1 2.07377732e-06 -2.59135034e-05 1 7.64700554e-07 -2.24949774e-05 1 -2.27428206e-06 -2.6887891e-05 1 -3.03774357e-06 -2.27913523e-05 1 -6.8885906e-06 -2.74170468e-05 1 -6.90795698e-06 -2.26341216e-05 1 1.5401779e-05 -2.25119608e-05 1 1.24478022e-05 -2.61986353e-05 1 8.64894723e-06 -2.94138678e-05 1 4.06520081e-06 -3.2038453e-05 0.999999999 -1.25127276e-06 -3.45701579e-05 0.999999999 -7.31568007e-06 -3.67049807e-05 0.999999999 -1.40385429e-05 -3.77808086e-05 0.999999999 -1.16301461e-05 -2.70447966e-05 1 -2.12511136e-05 -3.76343258e-05 0.999999999 -1.63086561e-05 -2.57073145e-05 1 -2.8769327e-05 -3.6119922e-05 0.999999999 -2.07334919e-05 -2.34045961e-05 1 -1.07010514e-05 -2.17140524e-05 1 -1.42569163e-05 -2.00230901e-05 1 -1.74263487e-05 -1.76112021e-05 1 -2.46845799e-05 -2.01569292e-05 0.999999999 -2.00619277e-05 -1.45603212e-05 1 -2.82728731e-05 -1.62337058e-05 0.999999999 -2.22842255e-05 -1.11180889e-05 1 -3.16718479e-05 -1.18471967e-05 0.999999999 -2.42142303e-05 -7.45007435e-06 1 -3.4466622e-05 -6.8847061e-06 0.999999999 -2.55660742e-05 -3.5217836e-06 1 -3.62471344e-05 -1.36552674e-06 0.999999999 -2.6102019e-05 6.10981228e-07 1 -3.69160263e-05 4.51227999e-06 0.999999999 -2.57902163e-05 4.79095346e-06 1 -3.62695092e-05 -3.30057559e-05 0.999999999 -4.40999191e-05 -2.8605374e-05 0.999999999 -5.26367954e-05 -2.29933109e-05 0.999999998 -6.09910526e-05 -1.55966348e-05 0.999999998 -6.85107324e-05 -6.19231236e-06 0.999999998 -7.50244109e-05 5.23875116e-06 0.999999997 -8.00220483e-05 1.87617218e-05 0.999999997 -3.63780215e-05 1.05332685e-05 0.999999999 -6.03813628e-05 2.35222601e-05 0.999999998 -3.46913921e-05 1.57329685e-05 0.999999999 -4.79407384e-05 2.32283288e-05 0.999999999 -3.34866498e-05 1.78262006e-05 0.999999999 -2.46295333e-05 8.85409562e-06 1 -2.52934949e-05 1.31576094e-05 1 -2.60123299e-05 1.50144999e-05 1 2.14200032e-05 -7.23854819e-06 1 2.11377187e-05 -3.52024851e-06 1 2.4441476e-05 -7.31193981e-06 1 2.34991962e-05 -3.14700756e-06 1 2.35314777e-05 9.61260207e-08 1 2.14570382e-05 -6.10894104e-07 1 1.99431047e-05 -1.12247583e-06 1 1.95955468e-05 -3.89466985e-06 1 1.94621277e-05 -7.33299777e-06 1 2.09305163e-05 -1.10403895e-05 1 1.85923907e-05 -1.07166568e-05 1 1.96490379e-05 -1.47738526e-05 1 1.70049536e-05 -1.38963405e-05 1 1.75646778e-05 -1.82685487e-05 1 1.47379469e-05 -1.67191403e-05 1 1.47526919e-05 -2.14048729e-05 1 1.19097274e-05 -1.90988821e-05 1 1.14743443e-05 -2.44227404e-05 1 8.76489126e-06 -2.12567661e-05 1 7.74280854e-06 -2.7188159e-05 1 5.33458303e-06 -2.30557125e-05 1 2.4594322e-05 -1.17950481e-05 1 2.38794233e-05 -1.64647944e-05 1 2.2197125e-05 -2.11486927e-05 1 1.95397803e-05 -2.57135192e-05 0.999999999 1.62014451e-05 -3.05642784e-05 0.999999999 1.20169191e-05 -3.54453108e-05 0.999999999 6.73263291e-06 -3.97383978e-05 0.999999999 3.45038089e-06 -2.9236555e-05 1 4.13128845e-07 -4.32178333e-05 0.999999999 -1.27006903e-06 -3.04175177e-05 1 -6.85502421e-06 -4.56654083e-05 0.999999999 -6.2534455e-06 -3.06357312e-05 1 1.58963589e-06 -2.41554466e-05 1 -2.33531798e-06 -2.44689611e-05 1 -6.28607468e-06 -2.3964926e-05 1 -1.12990237e-05 -2.97987074e-05 0.999999999 -1.00939943e-05 -2.2640567e-05 1 -1.63681912e-05 -2.81952271e-05 0.999999999 -1.37396765e-05 -2.0770648e-05 1 -2.15050338e-05 -2.60958712e-05 0.999999999 -1.72451137e-05 -1.85590537e-05 1 -2.64066244e-05 -2.31956178e-05 0.999999999 -2.03799845e-05 -1.58329784e-05 1 -3.07081664e-05 -1.9306113e-05 0.999999999 -2.29105053e-05 -1.25218636e-05 1 -3.42263589e-05 -1.45502404e-05 0.999999999 -2.4730467e-05 -8.74601497e-06 1 -1.49074762e-05 -4.67186416e-05 0.999999999 -2.38889904e-05 -4.68229524e-05 0.999999999 -3.40881619e-05 -4.6231159e-05 0.999999998 -4.5021495e-05 -4.4002558e-05 0.999999998 -5.62357965e-05 -3.96179605e-05 0.999999998 -6.75924384e-05 -3.29752526e-05 0.999999997 -7.86820933e-05 -2.37628699e-05 0.999999997 -3.67709699e-05 -9.06692693e-06 0.999999999 -6.40529616e-05 -9.8197842e-06 0.999999998 -3.79101097e-05 -3.72052629e-06 0.999999999 -5.31320632e-05 -3.85402571e-06 0.999999999 -3.7913351e-05 -1.30535503e-06 0.999999999 -2.57568563e-05 -4.64688018e-06 1 -2.84836199e-05 -1.25190741e-06 1 -3.00346023e-05 -3.21989404e-09 1 2.21695345e-05 4.44124286e-06 1 2.00659234e-05 7.52026282e-06 1 2.48229154e-05 5.88842281e-06 1 2.192441e-05 9.0242176e-06 1 2.03307789e-05 1.18489327e-05 1 1.88877832e-05 1.01994615e-05 1 1.78324758e-05 8.99948312e-06 1 1.8917567e-05 6.42492668e-06 1 2.05211839e-05 3.38050567e-06 1 2.36465494e-05 9.04004968e-07 1 2.14598133e-05 1.53067958e-08 1 2.44034978e-05 -2.97000257e-06 1 2.16748962e-05 -3.53209947e-06 1 2.43457348e-05 -7.0386817e-06 1 2.1123012e-05 -7.11021935e-06 1 2.34786477e-05 -1.1160809e-05 1 1.98635667e-05 -1.05852477e-05 1 2.21484467e-05 -1.54135338e-05 1 1.82190074e-05 -1.40264458e-05 1 2.02995559e-05 -1.96742239e-05 1 1.61477448e-05 -1.72995337e-05 1 2.71968186e-05 2.08234999e-06 1 2.89126009e-05 -2.31920525e-06 1 2.97976172e-05 -7.2167381e-06 1 2.97787071e-05 -1.24986575e-05 0.999999999 2.93130195e-05 -1.83687113e-05 0.999999999 2.81296146e-05 -2.46880646e-05 0.999999999 2.56998491e-05 -3.10481338e-05 0.999999999 1.76064061e-05 -2.35944058e-05 1 2.19667199e-05 -3.72211675e-05 0.999999999 1.41088562e-05 -2.69773709e-05 1 1.68961006e-05 -4.29749141e-05 0.999999999 9.90223013e-06 -2.96580384e-05 1 1.34543905e-05 -2.01244098e-05 1 1.02120397e-05 -2.23583984e-05 1 6.53856834e-06 -2.38972667e-05 1 5.11412137e-06 -3.14559459e-05 0.999999999 2.57863025e-06 -2.46542979e-05 1 -7.76460337e-08 -3.26018715e-05 0.999999999 -1.51358001e-06 -2.48577501e-05 1 -5.57595967e-06 -3.33522054e-05 0.999999999 -5.65517099e-06 -2.46951733e-05 1 -1.12709887e-05 -3.32913184e-05 0.999999999 -9.7330849e-06 -2.39017629e-05 1 -1.69409853e-05 -3.2073685e-05 0.999999999 -1.35801381e-05 -2.2299511e-05 1 -2.23657722e-05 -2.97140752e-05 0.999999999 -1.70441973e-05 -1.9939506e-05 1 1.04490871e-05 -4.79132572e-05 0.999999999 2.72302493e-06 -5.24943499e-05 0.999999999 -6.40561335e-06 -5.70814689e-05 0.999999998 -1.69884526e-05 -6.06180572e-05 0.999999998 -2.88926748e-05 -6.24281705e-05 0.999999998 -4.20491503e-05 -6.23536911e-05 0.999999997 -5.62591357e-05 -5.99202124e-05 0.999999997 -2.73111101e-05 -2.62376673e-05 0.999999999 -5.05615286e-05 -4.05306316e-05 0.999999998 -3.09708506e-05 -2.21771385e-05 0.999999999 -4.40866965e-05 -2.99037371e-05 0.999999999 -3.21812748e-05 -2.0087185e-05 0.999999999 -1.99826451e-05 -1.69027419e-05 1 -2.40415862e-05 -1.53259981e-05 1 -2.60091122e-05 -1.50200804e-05 1 1.69787657e-05 1.49309952e-05 1 1.36174822e-05 1.65456738e-05 1 1.85530678e-05 1.75109367e-05 1 1.44750037e-05 1.8777377e-05 1 1.16824936e-05 2.04269278e-05 1 1.12575665e-05 1.8276878e-05 1 1.09436305e-05 1.67099957e-05 1 1.31706359e-05 1.50229236e-05 1 1.60816157e-05 1.31882117e-05 1 2.00265085e-05 1.2606174e-05 1 1.85770825e-05 1.07431624e-05 1 2.26190418e-05 9.62963936e-06 1 2.05370537e-05 7.77855084e-06 1 2.46033633e-05 6.07718411e-06 1 2.18481735e-05 4.40387269e-06 1 2.59135109e-05 2.07377532e-06 1 2.2494982e-05 7.64692677e-07 1 2.68878834e-05 -2.27429067e-06 1 2.27913428e-05 -3.03775636e-06 1 2.74170369e-05 -6.8886026e-06 1 2.26341218e-05 -6.90796104e-06 1 2.25119717e-05 1.54017856e-05 1 2.61986417e-05 1.24477946e-05 1 2.94138625e-05 8.64892369e-06 1 3.20384481e-05 4.06518748e-06 0.999999999 3.45701667e-05 -1.25126979e-06 0.999999999 3.67049864e-05 -7.31569358e-06 0.999999999 3.7780775e-05 -1.40385539e-05 0.999999999 2.70447946e-05 -1.16301535e-05 1 3.76343234e-05 -2.12511276e-05 0.999999999 2.57073114e-05 -1.63086599e-05 1 3.61199022e-05 -2.87693216e-05 0.999999999 2.34045981e-05 -2.07334991e-05 1 2.17140508e-05 -1.07010523e-05 1 2.00230846e-05 -1.42569195e-05 1 1.76111968e-05 -1.7426356e-05 1 2.01569285e-05 -2.46845887e-05 0.999999999 1.45603107e-05 -2.00619358e-05 1 1.62336934e-05 -2.82728761e-05 0.999999999 1.11180744e-05 -2.22842297e-05 1 1.1847173e-05 -3.16718322e-05 0.999999999 7.45006347e-06 -2.42142324e-05 1 6.88469483e-06 -3.44666244e-05 0.999999999 3.52178058e-06 -2.55660781e-05 1 1.36551401e-06 -3.62471123e-05 0.999999999 -6.1099202e-07 -2.61020022e-05 1 -4.51229497e-06 -3.69160076e-05 0.999999999 -4.79095867e-06 -2.57902109e-05 1 3.300578e-05 -3.62695456e-05 0.999999999 2.86053832e-05 -4.40999432e-05 0.999999999 2.29932962e-05 -5.26367954e-05 0.999999998 1.55965869e-05 -6.09909879e-05 0.999999998 6.19228993e-06 -6.85107117e-05 0.999999998 -5.23879358e-06 -7.50244102e-05 0.999999997 -1.8761778e-05 -8.00220891e-05 0.999999997 -1.05332862e-05 -3.6378038e-05 0.999999999 -2.35222639e-05 -6.03813272e-05 0.999999998 -1.57329807e-05 -3.46913928e-05 0.999999999 -2.32283205e-05 -4.79406728e-05 0.999999999 -1.78262065e-05 -3.34866469e-05 0.999999999 -8.85410531e-06 -2.46295347e-05 1 -1.31576185e-05 -2.52934938e-05 1 -1.50145049e-05 -2.60123212e-05 1</float_array>
        <technique_common><accessor source="#vfx_kurp_0951-mesh-normals-array" count="756" stride="3"><param name="X" type="float"/><param name="Y" type="float"/><param name="Z" type="float"/></accessor></technique_common>
      </source>
      <source id="vfx_kurp_0951-mesh-uv0">
        <float_array id="vfx_kurp_0951-mesh-uv0-array" count="1512">0.5 0.199999988 0.5 0.150000036 0 0.199999988 0 0.150000036 0 0.100000024 0.5 0.100000024 1 0.100000024 1 0.150000036 1 0.199999988 0.5 0.25 1 0.25 0.5 0.300000012 1 0.300000012 0.5 0.350000024 1 0.350000024 0.5 0.400000036 1 0.400000036 0.5 0.449999988 1 0.449999988 0.5 0.5 1 0.5 0 0.25 0 0.300000012 0 0.350000024 0 0.400000036 0 0.449999988 0 0.5 0 0.550000012 0.5 0.550000012 0 0.600000024 0.5 0.600000024 0 0.649999976 0.5 0.649999976 1 0.550000012 1 0.600000024 1 0.649999976 0.5 0.700000048 1 0.700000048 0.5 0.75 1 0.75 0.5 0.800000012 1 0.800000012 0.5 0.850000024 1 0.850000024 0.5 0.900000036 1 0.900000036 0.5 0.950000048 1 0.950000048 0 0.700000048 0 0.75 0 0.800000012 0 0.850000024 0 0.900000036 0 0.950000048 0 1 0.5 1 0 1.04999995 0.5 1.04999995 0 1.10000002 0.5 1.10000002 1 1 1 1.04999995 1 1.10000002 0.5 0.199999988 0.5 0.150000036 0 0.199999988 0 0.150000036 0 0.100000024 0.5 0.100000024 1 0.100000024 1 0.150000036 1 0.199999988 0.5 0.25 1 0.25 0.5 0.300000012 1 0.300000012 0.5 0.350000024 1 0.350000024 0.5 0.400000036 1 0.400000036 0.5 0.449999988 1 0.449999988 0.5 0.5 1 0.5 0 0.25 0 0.300000012 0 0.350000024 0 0.400000036 0 0.449999988 0 0.5 0 0.550000012 0.5 0.550000012 0 0.600000024 0.5 0.600000024 0 0.649999976 0.5 0.649999976 1 0.550000012 1 0.600000024 1 0.649999976 0.5 0.700000048 1 0.700000048 0.5 0.75 1 0.75 0.5 0.800000012 1 0.800000012 0.5 0.850000024 1 0.850000024 0.5 0.900000036 1 0.900000036 0.5 0.950000048 1 0.950000048 0 0.700000048 0 0.75 0 0.800000012 0 0.850000024 0 0.900000036 0 0.950000048 0 1 0.5 1 0 1.04999995 0.5 1.04999995 0 1.10000002 0.5 1.10000002 1 1 1 1.04999995 1 1.10000002 0.5 0.199999988 0.5 0.150000036 0 0.199999988 0 0.150000036 0 0.100000024 0.5 0.100000024 1 0.100000024 1 0.150000036 1 0.199999988 0.5 0.25 1 0.25 0.5 0.300000012 1 0.300000012 0.5 0.350000024 1 0.350000024 0.5 0.400000036 1 0.400000036 0.5 0.449999988 1 0.449999988 0.5 0.5 1 0.5 0 0.25 0 0.300000012 0 0.350000024 0 0.400000036 0 0.449999988 0 0.5 0 0.550000012 0.5 0.550000012 0 0.600000024 0.5 0.600000024 0 0.649999976 0.5 0.649999976 1 0.550000012 1 0.600000024 1 0.649999976 0.5 0.700000048 1 0.700000048 0.5 0.75 1 0.75 0.5 0.800000012 1 0.800000012 0.5 0.850000024 1 0.850000024 0.5 0.900000036 1 0.900000036 0.5 0.950000048 1 0.950000048 0 0.700000048 0 0.75 0 0.800000012 0 0.850000024 0 0.900000036 0 0.950000048 0 1 0.5 1 0 1.04999995 0.5 1.04999995 0 1.10000002 0.5 1.10000002 1 1 1 1.04999995 1 1.10000002 0.5 0.199999988 0.5 0.150000036 0 0.199999988 0 0.150000036 0 0.100000024 0.5 0.100000024 1 0.100000024 1 0.150000036 1 0.199999988 0.5 0.25 1 0.25 0.5 0.300000012 1 0.300000012 0.5 0.350000024 1 0.350000024 0.5 0.400000036 1 0.400000036 0.5 0.449999988 1 0.449999988 0.5 0.5 1 0.5 0 0.25 0 0.300000012 0 0.350000024 0 0.400000036 0 0.449999988 0 0.5 0 0.550000012 0.5 0.550000012 0 0.600000024 0.5 0.600000024 0 0.649999976 0.5 0.649999976 1 0.550000012 1 0.600000024 1 0.649999976 0.5 0.700000048 1 0.700000048 0.5 0.75 1 0.75 0.5 0.800000012 1 0.800000012 0.5 0.850000024 1 0.850000024 0.5 0.900000036 1 0.900000036 0.5 0.950000048 1 0.950000048 0 0.700000048 0 0.75 0 0.800000012 0 0.850000024 0 0.900000036 0 0.950000048 0 1 0.5 1 0 1.04999995 0.5 1.04999995 0 1.10000002 0.5 1.10000002 1 1 1 1.04999995 1 1.10000002 0.5 0.199999988 0.5 0.150000036 0 0.199999988 0 0.150000036 0 0.100000024 0.5 0.100000024 1 0.100000024 1 0.150000036 1 0.199999988 0.5 0.25 1 0.25 0.5 0.300000012 1 0.300000012 0.5 0.350000024 1 0.350000024 0.5 0.400000036 1 0.400000036 0.5 0.449999988 1 0.449999988 0.5 0.5 1 0.5 0 0.25 0 0.300000012 0 0.350000024 0 0.400000036 0 0.449999988 0 0.5 0 0.550000012 0.5 0.550000012 0 0.600000024 0.5 0.600000024 0 0.649999976 0.5 0.649999976 1 0.550000012 1 0.600000024 1 0.649999976 0.5 0.700000048 1 0.700000048 0.5 0.75 1 0.75 0.5 0.800000012 1 0.800000012 0.5 0.850000024 1 0.850000024 0.5 0.900000036 1 0.900000036 0.5 0.950000048 1 0.950000048 0 0.700000048 0 0.75 0 0.800000012 0 0.850000024 0 0.900000036 0 0.950000048 0 1 0.5 1 0 1.04999995 0.5 1.04999995 0 1.10000002 0.5 1.10000002 1 1 1 1.04999995 1 1.10000002 0.5 0.199999988 0.5 0.150000036 0 0.199999988 0 0.150000036 0 0.100000024 0.5 0.100000024 1 0.100000024 1 0.150000036 1 0.199999988 0.5 0.25 1 0.25 0.5 0.300000012 1 0.300000012 0.5 0.350000024 1 0.350000024 0.5 0.400000036 1 0.400000036 0.5 0.449999988 1 0.449999988 0.5 0.5 1 0.5 0 0.25 0 0.300000012 0 0.350000024 0 0.400000036 0 0.449999988 0 0.5 0 0.550000012 0.5 0.550000012 0 0.600000024 0.5 0.600000024 0 0.649999976 0.5 0.649999976 1 0.550000012 1 0.600000024 1 0.649999976 0.5 0.700000048 1 0.700000048 0.5 0.75 1 0.75 0.5 0.800000012 1 0.800000012 0.5 0.850000024 1 0.850000024 0.5 0.900000036 1 0.900000036 0.5 0.950000048 1 0.950000048 0 0.700000048 0 0.75 0 0.800000012 0 0.850000024 0 0.900000036 0 0.950000048 0 1 0.5 1 0 1.04999995 0.5 1.04999995 0 1.10000002 0.5 1.10000002 1 1 1 1.04999995 1 1.10000002 0.5 0.199999988 0.5 0.150000036 0 0.199999988 0 0.150000036 0 0.100000024 0.5 0.100000024 1 0.100000024 1 0.150000036 1 0.199999988 0.5 0.25 1 0.25 0.5 0.300000012 1 0.300000012 0.5 0.350000024 1 0.350000024 0.5 0.400000036 1 0.400000036 0.5 0.449999988 1 0.449999988 0.5 0.5 1 0.5 0 0.25 0 0.300000012 0 0.350000024 0 0.400000036 0 0.449999988 0 0.5 0 0.550000012 0.5 0.550000012 0 0.600000024 0.5 0.600000024 0 0.649999976 0.5 0.649999976 1 0.550000012 1 0.600000024 1 0.649999976 0.5 0.700000048 1 0.700000048 0.5 0.75 1 0.75 0.5 0.800000012 1 0.800000012 0.5 0.850000024 1 0.850000024 0.5 0.900000036 1 0.900000036 0.5 0.950000048 1 0.950000048 0 0.700000048 0 0.75 0 0.800000012 0 0.850000024 0 0.900000036 0 0.950000048 0 1 0.5 1 0 1.04999995 0.5 1.04999995 0 1.10000002 0.5 1.10000002 1 1 1 1.04999995 1 1.10000002 0.5 0.199999988 0.5 0.150000036 0 0.199999988 0 0.150000036 0 0.100000024 0.5 0.100000024 1 0.100000024 1 0.150000036 1 0.199999988 0.5 0.25 1 0.25 0.5 0.300000012 1 0.300000012 0.5 0.350000024 1 0.350000024 0.5 0.400000036 1 0.400000036 0.5 0.449999988 1 0.449999988 0.5 0.5 1 0.5 0 0.25 0 0.300000012 0 0.350000024 0 0.400000036 0 0.449999988 0 0.5 0 0.550000012 0.5 0.550000012 0 0.600000024 0.5 0.600000024 0 0.649999976 0.5 0.649999976 1 0.550000012 1 0.600000024 1 0.649999976 0.5 0.700000048 1 0.700000048 0.5 0.75 1 0.75 0.5 0.800000012 1 0.800000012 0.5 0.850000024 1 0.850000024 0.5 0.900000036 1 0.900000036 0.5 0.950000048 1 0.950000048 0 0.700000048 0 0.75 0 0.800000012 0 0.850000024 0 0.900000036 0 0.950000048 0 1 0.5 1 0 1.04999995 0.5 1.04999995 0 1.10000002 0.5 1.10000002 1 1 1 1.04999995 1 1.10000002 0.5 0.199999988 0.5 0.150000036 0 0.199999988 0 0.150000036 0 0.100000024 0.5 0.100000024 1 0.100000024 1 0.150000036 1 0.199999988 0.5 0.25 1 0.25 0.5 0.300000012 1 0.300000012 0.5 0.350000024 1 0.350000024 0.5 0.400000036 1 0.400000036 0.5 0.449999988 1 0.449999988 0.5 0.5 1 0.5 0 0.25 0 0.300000012 0 0.350000024 0 0.400000036 0 0.449999988 0 0.5 0 0.550000012 0.5 0.550000012 0 0.600000024 0.5 0.600000024 0 0.649999976 0.5 0.649999976 1 0.550000012 1 0.600000024 1 0.649999976 0.5 0.700000048 1 0.700000048 0.5 0.75 1 0.75 0.5 0.800000012 1 0.800000012 0.5 0.850000024 1 0.850000024 0.5 0.900000036 1 0.900000036 0.5 0.950000048 1 0.950000048 0 0.700000048 0 0.75 0 0.800000012 0 0.850000024 0 0.900000036 0 0.950000048 0 1 0.5 1 0 1.04999995 0.5 1.04999995 0 1.10000002 0.5 1.10000002 1 1 1 1.04999995 1 1.10000002 0.5 0.199999988 0.5 0.150000036 0 0.199999988 0 0.150000036 0 0.100000024 0.5 0.100000024 1 0.100000024 1 0.150000036 1 0.199999988 0.5 0.25 1 0.25 0.5 0.300000012 1 0.300000012 0.5 0.350000024 1 0.350000024 0.5 0.400000036 1 0.400000036 0.5 0.449999988 1 0.449999988 0.5 0.5 1 0.5 0 0.25 0 0.300000012 0 0.350000024 0 0.400000036 0 0.449999988 0 0.5 0 0.550000012 0.5 0.550000012 0 0.600000024 0.5 0.600000024 0 0.649999976 0.5 0.649999976 1 0.550000012 1 0.600000024 1 0.649999976 0.5 0.700000048 1 0.700000048 0.5 0.75 1 0.75 0.5 0.800000012 1 0.800000012 0.5 0.850000024 1 0.850000024 0.5 0.900000036 1 0.900000036 0.5 0.950000048 1 0.950000048 0 0.700000048 0 0.75 0 0.800000012 0 0.850000024 0 0.900000036 0 0.950000048 0 1 0.5 1 0 1.04999995 0.5 1.04999995 0 1.10000002 0.5 1.10000002 1 1 1 1.04999995 1 1.10000002 0.5 0.199999988 0.5 0.150000036 0 0.199999988 0 0.150000036 0 0.100000024 0.5 0.100000024 1 0.100000024 1 0.150000036 1 0.199999988 0.5 0.25 1 0.25 0.5 0.300000012 1 0.300000012 0.5 0.350000024 1 0.350000024 0.5 0.400000036 1 0.400000036 0.5 0.449999988 1 0.449999988 0.5 0.5 1 0.5 0 0.25 0 0.300000012 0 0.350000024 0 0.400000036 0 0.449999988 0 0.5 0 0.550000012 0.5 0.550000012 0 0.600000024 0.5 0.600000024 0 0.649999976 0.5 0.649999976 1 0.550000012 1 0.600000024 1 0.649999976 0.5 0.700000048 1 0.700000048 0.5 0.75 1 0.75 0.5 0.800000012 1 0.800000012 0.5 0.850000024 1 0.850000024 0.5 0.900000036 1 0.900000036 0.5 0.950000048 1 0.950000048 0 0.700000048 0 0.75 0 0.800000012 0 0.850000024 0 0.900000036 0 0.950000048 0 1 0.5 1 0 1.04999995 0.5 1.04999995 0 1.10000002 0.5 1.10000002 1 1 1 1.04999995 1 1.10000002 0.5 0.199999988 0.5 0.150000036 0 0.199999988 0 0.150000036 0 0.100000024 0.5 0.100000024 1 0.100000024 1 0.150000036 1 0.199999988 0.5 0.25 1 0.25 0.5 0.300000012 1 0.300000012 0.5 0.350000024 1 0.350000024 0.5 0.400000036 1 0.400000036 0.5 0.449999988 1 0.449999988 0.5 0.5 1 0.5 0 0.25 0 0.300000012 0 0.350000024 0 0.400000036 0 0.449999988 0 0.5 0 0.550000012 0.5 0.550000012 0 0.600000024 0.5 0.600000024 0 0.649999976 0.5 0.649999976 1 0.550000012 1 0.600000024 1 0.649999976 0.5 0.700000048 1 0.700000048 0.5 0.75 1 0.75 0.5 0.800000012 1 0.800000012 0.5 0.850000024 1 0.850000024 0.5 0.900000036 1 0.900000036 0.5 0.950000048 1 0.950000048 0 0.700000048 0 0.75 0 0.800000012 0 0.850000024 0 0.900000036 0 0.950000048 0 1 0.5 1 0 1.04999995 0.5 1.04999995 0 1.10000002 0.5 1.10000002 1 1 1 1.04999995 1 1.10000002</float_array>
        <technique_common><accessor source="#vfx_kurp_0951-mesh-uv0-array" count="756" stride="2"><param name="S" type="float"/><param name="T" type="float"/></accessor></technique_common>
      </source>
      <vertices id="vfx_kurp_0951-mesh-vertices"><input semantic="POSITION" source="#vfx_kurp_0951-mesh-positions"/></vertices>
      <triangles material="PreviewMaterial" count="960">
        <input semantic="VERTEX" source="#vfx_kurp_0951-mesh-vertices" offset="0"/>
        <input semantic="NORMAL" source="#vfx_kurp_0951-mesh-normals" offset="1"/>
        <input semantic="TEXCOORD" source="#vfx_kurp_0951-mesh-uv0" offset="2" set="0"/>
        <p>0 0 0 1 1 1 2 2 2 3 3 3 2 2 2 1 1 1 4 4 4 3 3 3 5 5 5 1 1 1 5 5 5 3 3 3 5 5 5 1 1 1 6 6 6 6 6 6 1 1 1 7 7 7 0 0 0 7 7 7 1 1 1 7 7 7 0 0 0 8 8 8 9 9 9 8 8 8 0 0 0 8 8 8 9 9 9 10 10 10 11 11 11 10 10 10 9 9 9 10 10 10 11 11 11 12 12 12 13 13 13 12 12 12 11 11 11 12 12 12 13 13 13 14 14 14 15 15 15 14 14 14 13 13 13 14 14 14 15 15 15 16 16 16 17 17 17 16 16 16 15 15 15 16 16 16 17 17 17 18 18 18 19 19 19 18 18 18 17 17 17 18 18 18 19 19 19 20 20 20 21 21 21 0 0 0 2 2 2 0 0 0 21 21 21 9 9 9 22 22 22 9 9 9 21 21 21 9 9 9 22 22 22 11 11 11 23 23 23 11 11 11 22 22 22 11 11 11 23 23 23 13 13 13 24 24 24 13 13 13 23 23 23 13 13 13 24 24 24 15 15 15 25 25 25 15 15 15 24 24 24 15 15 15 25 25 25 17 17 17 26 26 26 17 17 17 25 25 25 17 17 17 26 26 26 19 19 19 27 27 27 19 19 19 26 26 26 19 19 19 27 27 27 28 28 28 29 29 29 28 28 28 27 27 27 28 28 28 29 29 29 30 30 30 31 31 31 30 30 30 29 29 29 32 32 32 30 30 30 31 31 31 19 19 19 28 28 28 20 20 20 20 20 20 28 28 28 33 33 33 30 30 30 33 33 33 28 28 28 33 33 33 30 30 30 34 34 34 32 32 32 34 34 34 30 30 30 34 34 34 32 32 32 35 35 35 36 36 36 35 35 35 32 32 32 35 35 35 36 36 36 37 37 37 38 38 38 37 37 37 36 36 36 37 37 37 38 38 38 39 39 39 40 40 40 39 39 39 38 38 38 39 39 39 40 40 40 41 41 41 42 42 42 41 41 41 40 40 40 41 41 41 42 42 42 43 43 43 44 44 44 43 43 43 42 42 42 43 43 43 44 44 44 45 45 45 46 46 46 45 45 45 44 44 44 45 45 45 46 46 46 47 47 47 48 48 48 32 32 32 31 31 31 32 32 32 48 48 48 36 36 36 49 49 49 36 36 36 48 48 48 36 36 36 49 49 49 38 38 38 50 50 50 38 38 38 49 49 49 38 38 38 50 50 50 40 40 40 51 51 51 40 40 40 50 50 50 40 40 40 51 51 51 42 42 42 52 52 52 42 42 42 51 51 51 42 42 42 52 52 52 44 44 44 53 53 53 44 44 44 52 52 52 44 44 44 53 53 53 46 46 46 54 54 54 46 46 46 53 53 53 46 46 46 54 54 54 55 55 55 56 56 56 55 55 55 54 54 54 55 55 55 56 56 56 57 57 57 58 58 58 57 57 57 56 56 56 59 59 59 57 57 57 58 58 58 46 46 46 55 55 55 47 47 47 47 47 47 55 55 55 60 60 60 57 57 57 60 60 60 55 55 55 60 60 60 57 57 57 61 61 61 59 59 59 61 61 61 57 57 57 61 61 61 59 59 59 62 62 62 63 63 63 64 64 64 65 65 65 66 66 66 65 65 65 64 64 64 67 67 67 66 66 66 68 68 68 64 64 64 68 68 68 66 66 66 68 68 68 64 64 64 69 69 69 69 69 69 64 64 64 70 70 70 63 63 63 70 70 70 64 64 64 70 70 70 63 63 63 71 71 71 72 72 72 71 71 71 63 63 63 71 71 71 72 72 72 73 73 73 74 74 74 73 73 73 72 72 72 73 73 73 74 74 74 75 75 75 76 76 76 75 75 75 74 74 74 75 75 75 76 76 76 77 77 77 78 78 78 77 77 77 76 76 76 77 77 77 78 78 78 79 79 79 80 80 80 79 79 79 78 78 78 79 79 79 80 80 80 81 81 81 82 82 82 81 81 81 80 80 80 81 81 81 82 82 82 83 83 83 84 84 84 63 63 63 65 65 65 63 63 63 84 84 84 72 72 72 85 85 85 72 72 72 84 84 84 72 72 72 85 85 85 74 74 74 86 86 86 74 74 74 85 85 85 74 74 74 86 86 86 76 76 76 87 87 87 76 76 76 86 86 86 76 76 76 87 87 87 78 78 78 88 88 88 78 78 78 87 87 87 78 78 78 88 88 88 80 80 80 89 89 89 80 80 80 88 88 88 80 80 80 89 89 89 82 82 82 90 90 90 82 82 82 89 89 89 82 82 82 90 90 90 91 91 91 92 92 92 91 91 91 90 90 90 91 91 91 92 92 92 93 93 93 94 94 94 93 93 93 92 92 92 95 95 95 93 93 93 94 94 94 82 82 82 91 91 91 83 83 83 83 83 83 91 91 91 96 96 96 93 93 93 96 96 96 91 91 91 96 96 96 93 93 93 97 97 97 95 95 95 97 97 97 93 93 93 97 97 97 95 95 95 98 98 98 99 99 99 98 98 98 95 95 95 98 98 98 99 99 99 100 100 100 101 101 101 100 100 100 99 99 99 100 100 100 101 101 101 102 102 102 103 103 103 102 102 102 101 101 101 102 102 102 103 103 103 104 104 104 105 105 105 104 104 104 103 103 103 104 104 104 105 105 105 106 106 106 107 107 107 106 106 106 105 105 105 106 106 106 107 107 107 108 108 108 109 109 109 108 108 108 107 107 107 108 108 108 109 109 109 110 110 110 111 111 111 95 95 95 94 94 94 95 95 95 111 111 111 99 99 99 112 112 112 99 99 99 111 111 111 99 99 99 112 112 112 101 101 101 113 113 113 101 101 101 112 112 112 101 101 101 113 113 113 103 103 103 114 114 114 103 103 103 113 113 113 103 103 103 114 114 114 105 105 105 115 115 115 105 105 105 114 114 114 105 105 105 115 115 115 107 107 107 116 116 116 107 107 107 115 115 115 107 107 107 116 116 116 109 109 109 117 117 117 109 109 109 116 116 116 109 109 109 117 117 117 118 118 118 119 119 119 118 118 118 117 117 117 118 118 118 119 119 119 120 120 120 121 121 121 120 120 120 119 119 119 122 122 122 120 120 120 121 121 121 109 109 109 118 118 118 110 110 110 110 110 110 118 118 118 123 123 123 120 120 120 123 123 123 118 118 118 123 123 123 120 120 120 124 124 124 122 122 122 124 124 124 120 120 120 124 124 124 122 122 122 125 125 125 126 126 126 127 127 127 128 128 128 129 129 129 128 128 128 127 127 127 130 130 130 129 129 129 131 131 131 127 127 127 131 131 131 129 129 129 131 131 131 127 127 127 132 132 132 132 132 132 127 127 127 133 133 133 126 126 126 133 133 133 127 127 127 133 133 133 126 126 126 134 134 134 135 135 135 134 134 134 126 126 126 134 134 134 135 135 135 136 136 136 137 137 137 136 136 136 135 135 135 136 136 136 137 137 137 138 138 138 139 139 139 138 138 138 137 137 137 138 138 138 139 139 139 140 140 140 141 141 141 140 140 140 139 139 139 140 140 140 141 141 141 142 142 142 143 143 143 142 142 142 141 141 141 142 142 142 143 143 143 144 144 144 145 145 145 144 144 144 143 143 143 144 144 144 145 145 145 146 146 146 147 147 147 126 126 126 128 128 128 126 126 126 147 147 147 135 135 135 148 148 148 135 135 135 147 147 147 135 135 135 148 148 148 137 137 137 149 149 149 137 137 137 148 148 148 137 137 137 149 149 149 139 139 139 150 150 150 139 139 139 149 149 149 139 139 139 150 150 150 141 141 141 151 151 151 141 141 141 150 150 150 141 141 141 151 151 151 143 143 143 152 152 152 143 143 143 151 151 151 143 143 143 152 152 152 145 145 145 153 153 153 145 145 145 152 152 152 145 145 145 153 153 153 154 154 154 155 155 155 154 154 154 153 153 153 154 154 154 155 155 155 156 156 156 157 157 157 156 156 156 155 155 155 158 158 158 156 156 156 157 157 157 145 145 145 154 154 154 146 146 146 146 146 146 154 154 154 159 159 159 156 156 156 159 159 159 154 154 154 159 159 159 156 156 156 160 160 160 158 158 158 160 160 160 156 156 156 160 160 160 158 158 158 161 161 161 162 162 162 161 161 161 158 158 158 161 161 161 162 162 162 163 163 163 164 164 164 163 163 163 162 162 162 163 163 163 164 164 164 165 165 165 166 166 166 165 165 165 164 164 164 165 165 165 166 166 166 167 167 167 168 168 168 167 167 167 166 166 166 167 167 167 168 168 168 169 169 169 170 170 170 169 169 169 168 168 168 169 169 169 170 170 170 171 171 171 172 172 172 171 171 171 170 170 170 171 171 171 172 172 172 173 173 173 174 174 174 158 158 158 157 157 157 158 158 158 174 174 174 162 162 162 175 175 175 162 162 162 174 174 174 162 162 162 175 175 175 164 164 164 176 176 176 164 164 164 175 175 175 164 164 164 176 176 176 166 166 166 177 177 177 166 166 166 176 176 176 166 166 166 177 177 177 168 168 168 178 178 178 168 168 168 177 177 177 168 168 168 178 178 178 170 170 170 179 179 179 170 170 170 178 178 178 170 170 170 179 179 179 172 172 172 180 180 180 172 172 172 179 179 179 172 172 172 180 180 180 181 181 181 182 182 182 181 181 181 180 180 180 181 181 181 182 182 182 183 183 183 184 184 184 183 183 183 182 182 182 185 185 185 183 183 183 184 184 184 172 172 172 181 181 181 173 173 173 173 173 173 181 181 181 186 186 186 183 183 183 186 186 186 181 181 181 186 186 186 183 183 183 187 187 187 185 185 185 187 187 187 183 183 183 187 187 187 185 185 185 188 188 188 189 189 189 190 190 190 191 191 191 192 192 192 191 191 191 190 190 190 193 193 193 192 192 192 194 194 194 190 190 190 194 194 194 192 192 192 194 194 194 190 190 190 195 195 195 195 195 195 190 190 190 196 196 196 189 189 189 196 196 196 190 190 190 196 196 196 189 189 189 197 197 197 198 198 198 197 197 197 189 189 189 197 197 197 198 198 198 199 199 199 200 200 200 199 199 199 198 198 198 199 199 199 200 200 200 201 201 201 202 202 202 201 201 201 200 200 200 201 201 201 202 202 202 203 203 203 204 204 204 203 203 203 202 202 202 203 203 203 204 204 204 205 205 205 206 206 206 205 205 205 204 204 204 205 205 205 206 206 206 207 207 207 208 208 208 207 207 207 206 206 206 207 207 207 208 208 208 209 209 209 210 210 210 189 189 189 191 191 191 189 189 189 210 210 210 198 198 198 211 211 211 198 198 198 210 210 210 198 198 198 211 211 211 200 200 200 212 212 212 200 200 200 211 211 211 200 200 200 212 212 212 202 202 202 213 213 213 202 202 202 212 212 212 202 202 202 213 213 213 204 204 204 214 214 214 204 204 204 213 213 213 204 204 204 214 214 214 206 206 206 215 215 215 206 206 206 214 214 214 206 206 206 215 215 215 208 208 208 216 216 216 208 208 208 215 215 215 208 208 208 216 216 216 217 217 217 218 218 218 217 217 217 216 216 216 217 217 217 218 218 218 219 219 219 220 220 220 219 219 219 218 218 218 221 221 221 219 219 219 220 220 220 208 208 208 217 217 217 209 209 209 209 209 209 217 217 217 222 222 222 219 219 219 222 222 222 217 217 217 222 222 222 219 219 219 223 223 223 221 221 221 223 223 223 219 219 219 223 223 223 221 221 221 224 224 224 225 225 225 224 224 224 221 221 221 224 224 224 225 225 225 226 226 226 227 227 227 226 226 226 225 225 225 226 226 226 227 227 227 228 228 228 229 229 229 228 228 228 227 227 227 228 228 228 229 229 229 230 230 230 231 231 231 230 230 230 229 229 229 230 230 230 231 231 231 232 232 232 233 233 233 232 232 232 231 231 231 232 232 232 233 233 233 234 234 234 235 235 235 234 234 234 233 233 233 234 234 234 235 235 235 236 236 236 237 237 237 221 221 221 220 220 220 221 221 221 237 237 237 225 225 225 238 238 238 225 225 225 237 237 237 225 225 225 238 238 238 227 227 227 239 239 239 227 227 227 238 238 238 227 227 227 239 239 239 229 229 229 240 240 240 229 229 229 239 239 239 229 229 229 240 240 240 231 231 231 241 241 241 231 231 231 240 240 240 231 231 231 241 241 241 233 233 233 242 242 242 233 233 233 241 241 241 233 233 233 242 242 242 235 235 235 243 243 243 235 235 235 242 242 242 235 235 235 243 243 243 244 244 244 245 245 245 244 244 244 243 243 243 244 244 244 245 245 245 246 246 246 247 247 247 246 246 246 245 245 245 248 248 248 246 246 246 247 247 247 235 235 235 244 244 244 236 236 236 236 236 236 244 244 244 249 249 249 246 246 246 249 249 249 244 244 244 249 249 249 246 246 246 250 250 250 248 248 248 250 250 250 246 246 246 250 250 250 248 248 248 251 251 251 252 252 252 253 253 253 254 254 254 255 255 255 254 254 254 253 253 253 256 256 256 255 255 255 257 257 257 253 253 253 257 257 257 255 255 255 257 257 257 253 253 253 258 258 258 258 258 258 253 253 253 259 259 259 252 252 252 259 259 259 253 253 253 259 259 259 252 252 252 260 260 260 261 261 261 260 260 260 252 252 252 260 260 260 261 261 261 262 262 262 263 263 263 262 262 262 261 261 261 262 262 262 263 263 263 264 264 264 265 265 265 264 264 264 263 263 263 264 264 264 265 265 265 266 266 266 267 267 267 266 266 266 265 265 265 266 266 266 267 267 267 268 268 268 269 269 269 268 268 268 267 267 267 268 268 268 269 269 269 270 270 270 271 271 271 270 270 270 269 269 269 270 270 270 271 271 271 272 272 272 273 273 273 252 252 252 254 254 254 252 252 252 273 273 273 261 261 261 274 274 274 261 261 261 273 273 273 261 261 261 274 274 274 263 263 263 275 275 275 263 263 263 274 274 274 263 263 263 275 275 275 265 265 265 276 276 276 265 265 265 275 275 275 265 265 265 276 276 276 267 267 267 277 277 277 267 267 267 276 276 276 267 267 267 277 277 277 269 269 269 278 278 278 269 269 269 277 277 277 269 269 269 278 278 278 271 271 271 279 279 279 271 271 271 278 278 278 271 271 271 279 279 279 280 280 280 281 281 281 280 280 280 279 279 279 280 280 280 281 281 281 282 282 282 283 283 283 282 282 282 281 281 281 284 284 284 282 282 282 283 283 283 271 271 271 280 280 280 272 272 272 272 272 272 280 280 280 285 285 285 282 282 282 285 285 285 280 280 280 285 285 285 282 282 282 286 286 286 284 284 284 286 286 286 282 282 282 286 286 286 284 284 284 287 287 287 288 288 288 287 287 287 284 284 284 287 287 287 288 288 288 289 289 289 290 290 290 289 289 289 288 288 288 289 289 289 290 290 290 291 291 291 292 292 292 291 291 291 290 290 290 291 291 291 292 292 292 293 293 293 294 294 294 293 293 293 292 292 292 293 293 293 294 294 294 295 295 295 296 296 296 295 295 295 294 294 294 295 295 295 296 296 296 297 297 297 298 298 298 297 297 297 296 296 296 297 297 297 298 298 298 299 299 299 300 300 300 284 284 284 283 283 283 284 284 284 300 300 300 288 288 288 301 301 301 288 288 288 300 300 300 288 288 288 301 301 301 290 290 290 302 302 302 290 290 290 301 301 301 290 290 290 302 302 302 292 292 292 303 303 303 292 292 292 302 302 302 292 292 292 303 303 303 294 294 294 304 304 304 294 294 294 303 303 303 294 294 294 304 304 304 296 296 296 305 305 305 296 296 296 304 304 304 296 296 296 305 305 305 298 298 298 306 306 306 298 298 298 305 305 305 298 298 298 306 306 306 307 307 307 308 308 308 307 307 307 306 306 306 307 307 307 308 308 308 309 309 309 310 310 310 309 309 309 308 308 308 311 311 311 309 309 309 310 310 310 298 298 298 307 307 307 299 299 299 299 299 299 307 307 307 312 312 312 309 309 309 312 312 312 307 307 307 312 312 312 309 309 309 313 313 313 311 311 311 313 313 313 309 309 309 313 313 313 311 311 311 314 314 314 315 315 315 316 316 316 317 317 317 318 318 318 317 317 317 316 316 316 319 319 319 318 318 318 320 320 320 316 316 316 320 320 320 318 318 318 320 320 320 316 316 316 321 321 321 321 321 321 316 316 316 322 322 322 315 315 315 322 322 322 316 316 316 322 322 322 315 315 315 323 323 323 324 324 324 323 323 323 315 315 315 323 323 323 324 324 324 325 325 325 326 326 326 325 325 325 324 324 324 325 325 325 326 326 326 327 327 327 328 328 328 327 327 327 326 326 326 327 327 327 328 328 328 329 329 329 330 330 330 329 329 329 328 328 328 329 329 329 330 330 330 331 331 331 332 332 332 331 331 331 330 330 330 331 331 331 332 332 332 333 333 333 334 334 334 333 333 333 332 332 332 333 333 333 334 334 334 335 335 335 336 336 336 315 315 315 317 317 317 315 315 315 336 336 336 324 324 324 337 337 337 324 324 324 336 336 336 324 324 324 337 337 337 326 326 326 338 338 338 326 326 326 337 337 337 326 326 326 338 338 338 328 328 328 339 339 339 328 328 328 338 338 338 328 328 328 339 339 339 330 330 330 340 340 340 330 330 330 339 339 339 330 330 330 340 340 340 332 332 332 341 341 341 332 332 332 340 340 340 332 332 332 341 341 341 334 334 334 342 342 342 334 334 334 341 341 341 334 334 334 342 342 342 343 343 343 344 344 344 343 343 343 342 342 342 343 343 343 344 344 344 345 345 345 346 346 346 345 345 345 344 344 344 347 347 347 345 345 345 346 346 346 334 334 334 343 343 343 335 335 335 335 335 335 343 343 343 348 348 348 345 345 345 348 348 348 343 343 343 348 348 348 345 345 345 349 349 349 347 347 347 349 349 349 345 345 345 349 349 349 347 347 347 350 350 350 351 351 351 350 350 350 347 347 347 350 350 350 351 351 351 352 352 352 353 353 353 352 352 352 351 351 351 352 352 352 353 353 353 354 354 354 355 355 355 354 354 354 353 353 353 354 354 354 355 355 355 356 356 356 357 357 357 356 356 356 355 355 355 356 356 356 357 357 357 358 358 358 359 359 359 358 358 358 357 357 357 358 358 358 359 359 359 360 360 360 361 361 361 360 360 360 359 359 359 360 360 360 361 361 361 362 362 362 363 363 363 347 347 347 346 346 346 347 347 347 363 363 363 351 351 351 364 364 364 351 351 351 363 363 363 351 351 351 364 364 364 353 353 353 365 365 365 353 353 353 364 364 364 353 353 353 365 365 365 355 355 355 366 366 366 355 355 355 365 365 365 355 355 355 366 366 366 357 357 357 367 367 367 357 357 357 366 366 366 357 357 357 367 367 367 359 359 359 368 368 368 359 359 359 367 367 367 359 359 359 368 368 368 361 361 361 369 369 369 361 361 361 368 368 368 361 361 361 369 369 369 370 370 370 371 371 371 370 370 370 369 369 369 370 370 370 371 371 371 372 372 372 373 373 373 372 372 372 371 371 371 374 374 374 372 372 372 373 373 373 361 361 361 370 370 370 362 362 362 362 362 362 370 370 370 375 375 375 372 372 372 375 375 375 370 370 370 375 375 375 372 372 372 376 376 376 374 374 374 376 376 376 372 372 372 376 376 376 374 374 374 377 377 377 378 378 378 379 379 379 380 380 380 381 381 381 380 380 380 379 379 379 382 382 382 381 381 381 383 383 383 379 379 379 383 383 383 381 381 381 383 383 383 379 379 379 384 384 384 384 384 384 379 379 379 385 385 385 378 378 378 385 385 385 379 379 379 385 385 385 378 378 378 386 386 386 387 387 387 386 386 386 378 378 378 386 386 386 387 387 387 388 388 388 389 389 389 388 388 388 387 387 387 388 388 388 389 389 389 390 390 390 391 391 391 390 390 390 389 389 389 390 390 390 391 391 391 392 392 392 393 393 393 392 392 392 391 391 391 392 392 392 393 393 393 394 394 394 395 395 395 394 394 394 393 393 393 394 394 394 395 395 395 396 396 396 397 397 397 396 396 396 395 395 395 396 396 396 397 397 397 398 398 398 399 399 399 378 378 378 380 380 380 378 378 378 399 399 399 387 387 387 400 400 400 387 387 387 399 399 399 387 387 387 400 400 400 389 389 389 401 401 401 389 389 389 400 400 400 389 389 389 401 401 401 391 391 391 402 402 402 391 391 391 401 401 401 391 391 391 402 402 402 393 393 393 403 403 403 393 393 393 402 402 402 393 393 393 403 403 403 395 395 395 404 404 404 395 395 395 403 403 403 395 395 395 404 404 404 397 397 397 405 405 405 397 397 397 404 404 404 397 397 397 405 405 405 406 406 406 407 407 407 406 406 406 405 405 405 406 406 406 407 407 407 408 408 408 409 409 409 408 408 408 407 407 407 410 410 410 408 408 408 409 409 409 397 397 397 406 406 406 398 398 398 398 398 398 406 406 406 411 411 411 408 408 408 411 411 411 406 406 406 411 411 411 408 408 408 412 412 412 410 410 410 412 412 412 408 408 408 412 412 412 410 410 410 413 413 413 414 414 414 413 413 413 410 410 410 413 413 413 414 414 414 415 415 415 416 416 416 415 415 415 414 414 414 415 415 415 416 416 416 417 417 417 418 418 418 417 417 417 416 416 416 417 417 417 418 418 418 419 419 419 420 420 420 419 419 419 418 418 418 419 419 419 420 420 420 421 421 421 422 422 422 421 421 421 420 420 420 421 421 421 422 422 422 423 423 423 424 424 424 423 423 423 422 422 422 423 423 423 424 424 424 425 425 425 426 426 426 410 410 410 409 409 409 410 410 410 426 426 426 414 414 414 427 427 427 414 414 414 426 426 426 414 414 414 427 427 427 416 416 416 428 428 428 416 416 416 427 427 427 416 416 416 428 428 428 418 418 418 429 429 429 418 418 418 428 428 428 418 418 418 429 429 429 420 420 420 430 430 430 420 420 420 429 429 429 420 420 420 430 430 430 422 422 422 431 431 431 422 422 422 430 430 430 422 422 422 431 431 431 424 424 424 432 432 432 424 424 424 431 431 431 424 424 424 432 432 432 433 433 433 434 434 434 433 433 433 432 432 432 433 433 433 434 434 434 435 435 435 436 436 436 435 435 435 434 434 434 437 437 437 435 435 435 436 436 436 424 424 424 433 433 433 425 425 425 425 425 425 433 433 433 438 438 438 435 435 435 438 438 438 433 433 433 438 438 438 435 435 435 439 439 439 437 437 437 439 439 439 435 435 435 439 439 439 437 437 437 440 440 440 441 441 441 442 442 442 443 443 443 444 444 444 443 443 443 442 442 442 445 445 445 444 444 444 446 446 446 442 442 442 446 446 446 444 444 444 446 446 446 442 442 442 447 447 447 447 447 447 442 442 442 448 448 448 441 441 441 448 448 448 442 442 442 448 448 448 441 441 441 449 449 449 450 450 450 449 449 449 441 441 441 449 449 449 450 450 450 451 451 451 452 452 452 451 451 451 450 450 450 451 451 451 452 452 452 453 453 453 454 454 454 453 453 453 452 452 452 453 453 453 454 454 454 455 455 455 456 456 456 455 455 455 454 454 454 455 455 455 456 456 456 457 457 457 458 458 458 457 457 457 456 456 456 457 457 457 458 458 458 459 459 459 460 460 460 459 459 459 458 458 458 459 459 459 460 460 460 461 461 461 462 462 462 441 441 441 443 443 443 441 441 441 462 462 462 450 450 450 463 463 463 450 450 450 462 462 462 450 450 450 463 463 463 452 452 452 464 464 464 452 452 452 463 463 463 452 452 452 464 464 464 454 454 454 465 465 465 454 454 454 464 464 464 454 454 454 465 465 465 456 456 456 466 466 466 456 456 456 465 465 465 456 456 456 466 466 466 458 458 458 467 467 467 458 458 458 466 466 466 458 458 458 467 467 467 460 460 460 468 468 468 460 460 460 467 467 467 460 460 460 468 468 468 469 469 469 470 470 470 469 469 469 468 468 468 469 469 469 470 470 470 471 471 471 472 472 472 471 471 471 470 470 470 473 473 473 471 471 471 472 472 472 460 460 460 469 469 469 461 461 461 461 461 461 469 469 469 474 474 474 471 471 471 474 474 474 469 469 469 474 474 474 471 471 471 475 475 475 473 473 473 475 475 475 471 471 471 475 475 475 473 473 473 476 476 476 477 477 477 476 476 476 473 473 473 476 476 476 477 477 477 478 478 478 479 479 479 478 478 478 477 477 477 478 478 478 479 479 479 480 480 480 481 481 481 480 480 480 479 479 479 480 480 480 481 481 481 482 482 482 483 483 483 482 482 482 481 481 481 482 482 482 483 483 483 484 484 484 485 485 485 484 484 484 483 483 483 484 484 484 485 485 485 486 486 486 487 487 487 486 486 486 485 485 485 486 486 486 487 487 487 488 488 488 489 489 489 473 473 473 472 472 472 473 473 473 489 489 489 477 477 477 490 490 490 477 477 477 489 489 489 477 477 477 490 490 490 479 479 479 491 491 491 479 479 479 490 490 490 479 479 479 491 491 491 481 481 481 492 492 492 481 481 481 491 491 491 481 481 481 492 492 492 483 483 483 493 493 493 483 483 483 492 492 492 483 483 483 493 493 493 485 485 485 494 494 494 485 485 485 493 493 493 485 485 485 494 494 494 487 487 487 495 495 495 487 487 487 494 494 494 487 487 487 495 495 495 496 496 496 497 497 497 496 496 496 495 495 495 496 496 496 497 497 497 498 498 498 499 499 499 498 498 498 497 497 497 500 500 500 498 498 498 499 499 499 487 487 487 496 496 496 488 488 488 488 488 488 496 496 496 501 501 501 498 498 498 501 501 501 496 496 496 501 501 501 498 498 498 502 502 502 500 500 500 502 502 502 498 498 498 502 502 502 500 500 500 503 503 503 504 504 504 505 505 505 506 506 506 507 507 507 506 506 506 505 505 505 508 508 508 507 507 507 509 509 509 505 505 505 509 509 509 507 507 507 509 509 509 505 505 505 510 510 510 510 510 510 505 505 505 511 511 511 504 504 504 511 511 511 505 505 505 511 511 511 504 504 504 512 512 512 513 513 513 512 512 512 504 504 504 512 512 512 513 513 513 514 514 514 515 515 515 514 514 514 513 513 513 514 514 514 515 515 515 516 516 516 517 517 517 516 516 516 515 515 515 516 516 516 517 517 517 518 518 518 519 519 519 518 518 518 517 517 517 518 518 518 519 519 519 520 520 520 521 521 521 520 520 520 519 519 519 520 520 520 521 521 521 522 522 522 523 523 523 522 522 522 521 521 521 522 522 522 523 523 523 524 524 524 525 525 525 504 504 504 506 506 506 504 504 504 525 525 525 513 513 513 526 526 526 513 513 513 525 525 525 513 513 513 526 526 526 515 515 515 527 527 527 515 515 515 526 526 526 515 515 515 527 527 527 517 517 517 528 528 528 517 517 517 527 527 527 517 517 517 528 528 528 519 519 519 529 529 529 519 519 519 528 528 528 519 519 519 529 529 529 521 521 521 530 530 530 521 521 521 529 529 529 521 521 521 530 530 530 523 523 523 531 531 531 523 523 523 530 530 530 523 523 523 531 531 531 532 532 532 533 533 533 532 532 532 531 531 531 532 532 532 533 533 533 534 534 534 535 535 535 534 534 534 533 533 533 536 536 536 534 534 534 535 535 535 523 523 523 532 532 532 524 524 524 524 524 524 532 532 532 537 537 537 534 534 534 537 537 537 532 532 532 537 537 537 534 534 534 538 538 538 536 536 536 538 538 538 534 534 534 538 538 538 536 536 536 539 539 539 540 540 540 539 539 539 536 536 536 539 539 539 540 540 540 541 541 541 542 542 542 541 541 541 540 540 540 541 541 541 542 542 542 543 543 543 544 544 544 543 543 543 542 542 542 543 543 543 544 544 544 545 545 545 546 546 546 545 545 545 544 544 544 545 545 545 546 546 546 547 547 547 548 548 548 547 547 547 546 546 546 547 547 547 548 548 548 549 549 549 550 550 550 549 549 549 548 548 548 549 549 549 550 550 550 551 551 551 552 552 552 536 536 536 535 535 535 536 536 536 552 552 552 540 540 540 553 553 553 540 540 540 552 552 552 540 540 540 553 553 553 542 542 542 554 554 554 542 542 542 553 553 553 542 542 542 554 554 554 544 544 544 555 555 555 544 544 544 554 554 554 544 544 544 555 555 555 546 546 546 556 556 556 546 546 546 555 555 555 546 546 546 556 556 556 548 548 548 557 557 557 548 548 548 556 556 556 548 548 548 557 557 557 550 550 550 558 558 558 550 550 550 557 557 557 550 550 550 558 558 558 559 559 559 560 560 560 559 559 559 558 558 558 559 559 559 560 560 560 561 561 561 562 562 562 561 561 561 560 560 560 563 563 563 561 561 561 562 562 562 550 550 550 559 559 559 551 551 551 551 551 551 559 559 559 564 564 564 561 561 561 564 564 564 559 559 559 564 564 564 561 561 561 565 565 565 563 563 563 565 565 565 561 561 561 565 565 565 563 563 563 566 566 566 567 567 567 568 568 568 569 569 569 570 570 570 569 569 569 568 568 568 571 571 571 570 570 570 572 572 572 568 568 568 572 572 572 570 570 570 572 572 572 568 568 568 573 573 573 573 573 573 568 568 568 574 574 574 567 567 567 574 574 574 568 568 568 574 574 574 567 567 567 575 575 575 576 576 576 575 575 575 567 567 567 575 575 575 576 576 576 577 577 577 578 578 578 577 577 577 576 576 576 577 577 577 578 578 578 579 579 579 580 580 580 579 579 579 578 578 578 579 579 579 580 580 580 581 581 581 582 582 582 581 581 581 580 580 580 581 581 581 582 582 582 583 583 583 584 584 584 583 583 583 582 582 582 583 583 583 584 584 584 585 585 585 586 586 586 585 585 585 584 584 584 585 585 585 586 586 586 587 587 587 588 588 588 567 567 567 569 569 569 567 567 567 588 588 588 576 576 576 589 589 589 576 576 576 588 588 588 576 576 576 589 589 589 578 578 578 590 590 590 578 578 578 589 589 589 578 578 578 590 590 590 580 580 580 591 591 591 580 580 580 590 590 590 580 580 580 591 591 591 582 582 582 592 592 592 582 582 582 591 591 591 582 582 582 592 592 592 584 584 584 593 593 593 584 584 584 592 592 592 584 584 584 593 593 593 586 586 586 594 594 594 586 586 586 593 593 593 586 586 586 594 594 594 595 595 595 596 596 596 595 595 595 594 594 594 595 595 595 596 596 596 597 597 597 598 598 598 597 597 597 596 596 596 599 599 599 597 597 597 598 598 598 586 586 586 595 595 595 587 587 587 587 587 587 595 595 595 600 600 600 597 597 597 600 600 600 595 595 595 600 600 600 597 597 597 601 601 601 599 599 599 601 601 601 597 597 597 601 601 601 599 599 599 602 602 602 603 603 603 602 602 602 599 599 599 602 602 602 603 603 603 604 604 604 605 605 605 604 604 604 603 603 603 604 604 604 605 605 605 606 606 606 607 607 607 606 606 606 605 605 605 606 606 606 607 607 607 608 608 608 609 609 609 608 608 608 607 607 607 608 608 608 609 609 609 610 610 610 611 611 611 610 610 610 609 609 609 610 610 610 611 611 611 612 612 612 613 613 613 612 612 612 611 611 611 612 612 612 613 613 613 614 614 614 615 615 615 599 599 599 598 598 598 599 599 599 615 615 615 603 603 603 616 616 616 603 603 603 615 615 615 603 603 603 616 616 616 605 605 605 617 617 617 605 605 605 616 616 616 605 605 605 617 617 617 607 607 607 618 618 618 607 607 607 617 617 617 607 607 607 618 618 618 609 609 609 619 619 619 609 609 609 618 618 618 609 609 609 619 619 619 611 611 611 620 620 620 611 611 611 619 619 619 611 611 611 620 620 620 613 613 613 621 621 621 613 613 613 620 620 620 613 613 613 621 621 621 622 622 622 623 623 623 622 622 622 621 621 621 622 622 622 623 623 623 624 624 624 625 625 625 624 624 624 623 623 623 626 626 626 624 624 624 625 625 625 613 613 613 622 622 622 614 614 614 614 614 614 622 622 622 627 627 627 624 624 624 627 627 627 622 622 622 627 627 627 624 624 624 628 628 628 626 626 626 628 628 628 624 624 624 628 628 628 626 626 626 629 629 629 630 630 630 631 631 631 632 632 632 633 633 633 632 632 632 631 631 631 634 634 634 633 633 633 635 635 635 631 631 631 635 635 635 633 633 633 635 635 635 631 631 631 636 636 636 636 636 636 631 631 631 637 637 637 630 630 630 637 637 637 631 631 631 637 637 637 630 630 630 638 638 638 639 639 639 638 638 638 630 630 630 638 638 638 639 639 639 640 640 640 641 641 641 640 640 640 639 639 639 640 640 640 641 641 641 642 642 642 643 643 643 642 642 642 641 641 641 642 642 642 643 643 643 644 644 644 645 645 645 644 644 644 643 643 643 644 644 644 645 645 645 646 646 646 647 647 647 646 646 646 645 645 645 646 646 646 647 647 647 648 648 648 649 649 649 648 648 648 647 647 647 648 648 648 649 649 649 650 650 650 651 651 651 630 630 630 632 632 632 630 630 630 651 651 651 639 639 639 652 652 652 639 639 639 651 651 651 639 639 639 652 652 652 641 641 641 653 653 653 641 641 641 652 652 652 641 641 641 653 653 653 643 643 643 654 654 654 643 643 643 653 653 653 643 643 643 654 654 654 645 645 645 655 655 655 645 645 645 654 654 654 645 645 645 655 655 655 647 647 647 656 656 656 647 647 647 655 655 655 647 647 647 656 656 656 649 649 649 657 657 657 649 649 649 656 656 656 649 649 649 657 657 657 658 658 658 659 659 659 658 658 658 657 657 657 658 658 658 659 659 659 660 660 660 661 661 661 660 660 660 659 659 659 662 662 662 660 660 660 661 661 661 649 649 649 658 658 658 650 650 650 650 650 650 658 658 658 663 663 663 660 660 660 663 663 663 658 658 658 663 663 663 660 660 660 664 664 664 662 662 662 664 664 664 660 660 660 664 664 664 662 662 662 665 665 665 666 666 666 665 665 665 662 662 662 665 665 665 666 666 666 667 667 667 668 668 668 667 667 667 666 666 666 667 667 667 668 668 668 669 669 669 670 670 670 669 669 669 668 668 668 669 669 669 670 670 670 671 671 671 672 672 672 671 671 671 670 670 670 671 671 671 672 672 672 673 673 673 674 674 674 673 673 673 672 672 672 673 673 673 674 674 674 675 675 675 676 676 676 675 675 675 674 674 674 675 675 675 676 676 676 677 677 677 678 678 678 662 662 662 661 661 661 662 662 662 678 678 678 666 666 666 679 679 679 666 666 666 678 678 678 666 666 666 679 679 679 668 668 668 680 680 680 668 668 668 679 679 679 668 668 668 680 680 680 670 670 670 681 681 681 670 670 670 680 680 680 670 670 670 681 681 681 672 672 672 682 682 682 672 672 672 681 681 681 672 672 672 682 682 682 674 674 674 683 683 683 674 674 674 682 682 682 674 674 674 683 683 683 676 676 676 684 684 684 676 676 676 683 683 683 676 676 676 684 684 684 685 685 685 686 686 686 685 685 685 684 684 684 685 685 685 686 686 686 687 687 687 688 688 688 687 687 687 686 686 686 689 689 689 687 687 687 688 688 688 676 676 676 685 685 685 677 677 677 677 677 677 685 685 685 690 690 690 687 687 687 690 690 690 685 685 685 690 690 690 687 687 687 691 691 691 689 689 689 691 691 691 687 687 687 691 691 691 689 689 689 692 692 692 693 693 693 694 694 694 695 695 695 696 696 696 695 695 695 694 694 694 697 697 697 696 696 696 698 698 698 694 694 694 698 698 698 696 696 696 698 698 698 694 694 694 699 699 699 699 699 699 694 694 694 700 700 700 693 693 693 700 700 700 694 694 694 700 700 700 693 693 693 701 701 701 702 702 702 701 701 701 693 693 693 701 701 701 702 702 702 703 703 703 704 704 704 703 703 703 702 702 702 703 703 703 704 704 704 705 705 705 706 706 706 705 705 705 704 704 704 705 705 705 706 706 706 707 707 707 708 708 708 707 707 707 706 706 706 707 707 707 708 708 708 709 709 709 710 710 710 709 709 709 708 708 708 709 709 709 710 710 710 711 711 711 712 712 712 711 711 711 710 710 710 711 711 711 712 712 712 713 713 713 714 714 714 693 693 693 695 695 695 693 693 693 714 714 714 702 702 702 715 715 715 702 702 702 714 714 714 702 702 702 715 715 715 704 704 704 716 716 716 704 704 704 715 715 715 704 704 704 716 716 716 706 706 706 717 717 717 706 706 706 716 716 716 706 706 706 717 717 717 708 708 708 718 718 718 708 708 708 717 717 717 708 708 708 718 718 718 710 710 710 719 719 719 710 710 710 718 718 718 710 710 710 719 719 719 712 712 712 720 720 720 712 712 712 719 719 719 712 712 712 720 720 720 721 721 721 722 722 722 721 721 721 720 720 720 721 721 721 722 722 722 723 723 723 724 724 724 723 723 723 722 722 722 725 725 725 723 723 723 724 724 724 712 712 712 721 721 721 713 713 713 713 713 713 721 721 721 726 726 726 723 723 723 726 726 726 721 721 721 726 726 726 723 723 723 727 727 727 725 725 725 727 727 727 723 723 723 727 727 727 725 725 725 728 728 728 729 729 729 728 728 728 725 725 725 728 728 728 729 729 729 730 730 730 731 731 731 730 730 730 729 729 729 730 730 730 731 731 731 732 732 732 733 733 733 732 732 732 731 731 731 732 732 732 733 733 733 734 734 734 735 735 735 734 734 734 733 733 733 734 734 734 735 735 735 736 736 736 737 737 737 736 736 736 735 735 735 736 736 736 737 737 737 738 738 738 739 739 739 738 738 738 737 737 737 738 738 738 739 739 739 740 740 740 741 741 741 725 725 725 724 724 724 725 725 725 741 741 741 729 729 729 742 742 742 729 729 729 741 741 741 729 729 729 742 742 742 731 731 731 743 743 743 731 731 731 742 742 742 731 731 731 743 743 743 733 733 733 744 744 744 733 733 733 743 743 743 733 733 733 744 744 744 735 735 735 745 745 745 735 735 735 744 744 744 735 735 735 745 745 745 737 737 737 746 746 746 737 737 737 745 745 745 737 737 737 746 746 746 739 739 739 747 747 747 739 739 739 746 746 746 739 739 739 747 747 747 748 748 748 749 749 749 748 748 748 747 747 747 748 748 748 749 749 749 750 750 750 751 751 751 750 750 750 749 749 749 752 752 752 750 750 750 751 751 751 739 739 739 748 748 748 740 740 740 740 740 740 748 748 748 753 753 753 750 750 750 753 753 753 748 748 748 753 753 753 750 750 750 754 754 754 752 752 752 754 754 754 750 750 750 754 754 754 752 752 752 755 755 755</p>
      </triangles>
    </mesh></geometry>
  </library_geometries>
  <library_visual_scenes>
    <visual_scene id="Scene" name="Scene">
      <node id="vfx_kurp_0951" name="vfx_kurp_0951" type="NODE">
        <instance_geometry url="#vfx_kurp_0951-mesh"><bind_material><technique_common><instance_material symbol="PreviewMaterial" target="#PreviewMaterial"><bind_vertex_input semantic="UVSET0" input_semantic="TEXCOORD" input_set="0"/></instance_material></technique_common></bind_material></instance_geometry>
      </node>
    </visual_scene>
  </library_visual_scenes>
  <scene><instance_visual_scene url="#Scene"/></scene>
</COLLADA>
