<?xml version="1.0" encoding="utf-8"?>
<COLLADA xmlns="http://www.collada.org/2005/11/COLLADASchema" version="1.4.1">
  <asset>
    <contributor><authoring_tool>Morrobroom Kurpulio VFX preview converter</authoring_tool></contributor>
    <unit name="unit" meter="1"/>
    <up_axis>Z_UP</up_axis>
  </asset>
  <library_images>
    <image id="VFXTexture" name="darkmap_newgen-1.dds">
      <init_from>../../../Textures/Kurp/darkmap_newgen-1.dds</init_from>
    </image>
  </library_images>
  <library_effects>
    <effect id="PreviewEffect">
      <profile_COMMON>
        <newparam sid="VFXTexture-surface">
          <surface type="2D"><init_from>VFXTexture</init_from></surface>
        </newparam>
        <newparam sid="VFXTexture-sampler">
          <sampler2D><source>VFXTexture-surface</source></sampler2D>
        </newparam>
        <technique sid="common"><phong>
          <emission><color>0.08 0.08 0.08 1</color></emission>
          <ambient><color>0.2 0.2 0.2 1</color></ambient>
          <diffuse><texture texture="VFXTexture-sampler" texcoord="UVSET0"/></diffuse>
          <specular><color>0.15 0.15 0.15 1</color></specular>
          <shininess><float>8</float></shininess>
          <transparent opaque="A_ONE"><texture texture="VFXTexture-sampler" texcoord="UVSET0"/></transparent>
          <transparency><float>1</float></transparency>
        </phong></technique>
      </profile_COMMON>
      <extra><technique profile="GOOGLEEARTH"><double_sided>1</double_sided></technique></extra>
    </effect>
  </library_effects>
  <library_materials><material id="PreviewMaterial" name="PreviewMaterial"><instance_effect url="#PreviewEffect"/></material></library_materials>
  <library_geometries>
    <geometry id="vfx_kurp_1025-mesh" name="vfx_kurp_1025"><mesh>
      <source id="vfx_kurp_1025-mesh-positions">
        <float_array id="vfx_kurp_1025-mesh-positions-array" count="2520">-2.53095644 -6.9511954 -2.2740815 -1.98667973 -6.71750832 -2.50223908 -3.14291032 -6.70103378 -2.8666719 -2.59863391 -6.46734699 -3.09482948 -1.38404011 -6.55520059 -2.79177051 -1.99599297 -6.30503821 -3.38436091 -0.743703913 -6.46334582 -3.13774355 -1.35565796 -6.21318287 -3.730335 -0.0885173643 -6.44419502 -3.5362075 -0.700471407 -6.19403266 -4.12879894 0.558859704 -6.50357582 -3.9852457 -0.0530931541 -6.25341403 -4.57783631 -3.612362 -7.00884266 -2.70447608 -3.00040869 -7.25900547 -2.11188526 -3.9960678 -7.39336665 -2.6112876 -3.38411507 -7.64353006 -2.01869678 -4.28904767 -7.8548871 -2.58789979 -3.67709391 -8.10505034 -1.99530918 -4.4916851 -8.38954116 -2.63282319 -3.87973106 -8.63970352 -2.0402332 -4.6083264 -8.98820488 -2.74298391 -3.99637309 -9.23836769 -2.15039226 -4.64535 -9.63635698 -2.91495773 -4.03339684 -9.88651964 -2.3223667 -4.60913521 -10.3149698 -3.14644184 -3.99718176 -10.5651316 -2.55385102 -4.50435172 -11.0022647 -3.43751055 -3.89239592 -11.2524264 -2.84492014 -4.33292464 -11.6760045 -3.7912929 -3.72096972 -11.9261665 -3.19870104 -2.95878113 -6.60641087 -2.32506277 -2.37186962 -6.36059149 -2.56914202 -2.71742274 -7.0447102 -2.81385413 -2.21416588 -6.82368218 -3.0269779 -1.72025412 -6.18900395 -2.87812594 -1.65840423 -6.67096717 -3.29806232 -1.02719615 -6.08977315 -3.24598833 -1.068447 -6.58642248 -3.62306884 -0.318484466 -6.06504294 -3.66794559 -0.464456803 -6.57234601 -3.99870999 0.380354123 -6.12150849 -4.14181254 0.133515494 -6.63376363 -4.42323837 -3.15343062 -7.33553486 -2.66243728 -3.46266741 -6.93071062 -2.15148699 -3.51212427 -7.69738139 -2.57525624 -3.87170563 -7.33769357 -2.0520831 -3.7884743 -8.12947181 -2.55306376 -4.18103562 -7.82891954 -2.02769543 -3.98202798 -8.62752624 -2.59482023 -4.39204453 -8.40107606 -2.07630036 -4.0957667 -9.18285518 -2.69825615 -4.51066724 -9.04461203 -2.19385475 -4.13452769 -9.78227613 -2.86085554 -4.54506558 -9.74356825 -2.37583126 -4.10333544 -10.4088423 -3.08100715 -4.50317024 -10.4766162 -2.61903986 -4.00600157 -11.0433299 -3.35898201 -4.39063586 -11.2191671 -2.92323739 -3.844274 -11.6661119 -3.69740018 -4.20957782 -11.9460859 -3.29203418 2.62929148 -5.48182263 -2.70242942 3.14185587 -5.71376453 -2.55442626 2.62929098 -5.48182226 -3.41180936 3.14185568 -5.71376504 -3.263806 3.60523676 -6.01501006 -2.36078357 3.605237 -6.01501012 -3.0701633 3.99589814 -6.37443666 -2.13574512 3.99589719 -6.37443615 -2.84512506 4.29111714 -6.78355605 -1.89848505 4.29111811 -6.78355595 -2.60786437 4.47197945 -7.23833515 -1.67109909 4.47197747 -7.2383345 -2.38047851 2.08903083 -5.33045886 -3.50606302 2.08903163 -5.33045952 -2.79668287 1.53843003 -5.26862194 -3.54486869 1.53842994 -5.26862173 -2.83548875 0.98998303 -5.30109027 -3.53235861 0.989984418 -5.30109092 -2.82297846 0.45208748 -5.42773043 -3.47722128 0.452087683 -5.4277305 -2.76784133 -0.0691359447 -5.64394263 -3.39103482 -0.0691354501 -5.64394241 -2.68165467 -0.567707795 -5.94212067 -3.28649569 -0.567707584 -5.94212134 -2.57711512 -1.0361865 -6.31365222 -3.17585629 -1.03618512 -6.31365169 -2.46647676 -1.4650903 -6.75093222 -3.06977005 -1.46509011 -6.75093112 -2.3603899 -1.84340788 -7.24887779 -2.97664632 -1.84340767 -7.24887787 -2.26726679 0.286776905 -5.57481615 -3.38746727 0.831258378 -5.47553749 -3.11836329 0.415803982 -6.13956337 -3.44157867 0.914849883 -6.0399163 -3.223983 1.39584413 -5.45098948 -2.8005476 1.42894516 -6.00631901 -2.96818083 1.9869572 -5.49856524 -2.4593581 1.96016483 -6.03955059 -2.6941592 2.60790988 -5.61463308 -2.12174586 2.50847304 -6.13960483 -2.42327329 3.25637536 -5.79796024 -1.81407779 3.06997386 -6.30777863 -2.17650125 -0.07025123 -6.30176327 -3.60406047 -0.243864859 -5.74715315 -3.58631242 -0.543380089 -6.51922808 -3.69914146 -0.763676788 -5.98462498 -3.69914134 -1.00040512 -6.78115269 -3.72036078 -1.27052496 -6.27322614 -3.71758072 -1.43465254 -7.07491767 -3.66782294 -1.75691612 -6.59536446 -3.64164178 -1.83659832 -7.38882264 -3.54834517 -2.21125225 -6.93406436 -3.4799841 -2.1949816 -7.71508136 -3.37497282 -2.61972134 -7.27765281 -3.2493364 -2.49792682 -8.05220945 -3.16584728 -2.96798352 -7.62353713 -2.97309043 -2.73374665 -8.40608557 -2.94254959 -3.24215344 -7.9799888 -2.67916189 -2.89143356 -8.78931776 -2.72800807 -3.42913558 -8.36540762 -2.3972978 0.354237461 -5.85881404 -3.06006053 0.876777759 -5.75828635 -2.81735261 0.354236385 -5.85881485 -3.76943985 0.876777265 -5.75828656 -3.52673255 1.41675911 -5.72800187 -2.5313265 1.41675891 -5.72800179 -3.24070645 1.9782466 -5.76726336 -2.22456727 1.9782458 -5.76726329 -2.9339468 2.56273593 -5.87447078 -1.92115026 2.56273617 -5.87447026 -2.6305302 3.16705029 -6.04983376 -1.6446814 3.16704847 -6.04983355 -2.35406134 -0.154835759 -6.02684572 -3.94967668 -0.154835563 -6.02684521 -3.24029673 -0.651852116 -6.25472855 -4.05347842 -0.651851317 -6.25472922 -3.34409868 -1.13411069 -6.53013936 -4.07346993 -1.13411049 -6.53013885 -3.36408936 -1.59456343 -6.83814603 -4.00971867 -1.59456352 -6.8381464 -3.30033872 -2.02271514 -7.16462245 -3.86994283 -2.02271464 -7.16462223 -3.16056351 -2.40608955 -7.50001591 -3.66897513 -2.40608905 -7.50001628 -2.95959477 -2.73160002 -7.84237902 -3.42750041 -2.73160041 -7.84237852 -2.71812088 -2.98645631 -8.19876305 -3.17015798 -2.9864567 -8.19876255 -2.46077783 -3.15859132 -8.58453696 -2.92316529 -3.15859141 -8.58453675 -2.21378576 0.92910515 -16.9719506 -2.12911922 0.128628416 -16.8372702 -1.98823846 0.769308117 -16.1269757 -2.16748778 0.0734594139 -16.0183281 -2.03500785 -0.708774162 -16.5648551 -1.89879459 -0.649528198 -15.7864776 -1.93720694 -1.56172703 -16.1683093 -1.87197794 -1.38226311 -15.4403573 -1.88346301 -2.40456122 -15.6573626 -1.90384593 -2.10448777 -14.9866634 -1.8727656 -3.21001937 -15.0354945 -1.97743605 -2.79494218 -14.428372 -1.89506436 1.42471854 -16.1035682 -2.31572572 1.6773181 -16.9549618 -2.29617494 2.03078163 -15.9418873 -2.45423365 2.36439458 -16.7758878 -2.4542332 2.58233347 -15.6405061 -2.55551365 2.98693179 -16.4310991 -2.56471714 3.0765135 -15.2040613 -2.59537753 3.54484366 -15.9256203 -2.5932777 3.51085633 -14.6433221 -2.55796569 4.03849197 -15.2732724 -2.51704607 3.88135232 -13.9740659 -2.43945441 4.46577143 -14.4949671 -2.33005396 4.18096203 -13.2149918 -2.24968399 4.81980575 -13.6156099 -2.04567271 4.39894785 -12.3852017 -2.01130257 5.08783781 -12.6603021 -1.69549643 4.52126329 -11.5017906 -1.7564936 5.25163854 -11.650718 -1.32477006 3.53013212 -15.998887 -3.16671624 2.85293616 -16.3750032 -2.85242685 3.13463761 -15.411169 -3.23409858 2.55152743 -15.73557 -2.97254867 2.09288471 -16.6936549 -2.50714347 1.90002102 -16.0015819 -2.68669897 1.2735757 -16.9453336 -2.15474619 1.19850882 -16.2001623 -2.39558499 0.421495275 -17.112455 -1.8189317 0.467477478 -16.3169847 -2.11830759 -0.43722131 -17.1701645 -1.52154022 -0.272692686 -16.3331571 -1.87266635 3.63495497 -15.0326632 -3.45392674 4.10650406 -15.5677956 -3.42791911 4.04321338 -14.6011384 -3.61782392 4.57139564 -15.0796799 -3.61782412 4.3554743 -14.1166136 -3.71625832 4.92171698 -14.531181 -3.72407124 4.57229869 -13.5801672 -3.74551614 5.16072322 -13.9208311 -3.74173636 4.69713366 -12.9956135 -3.7083207 5.29558922 -13.2515055 -3.67424557 4.73422303 -12.3703555 -3.61379745 5.33431989 -12.5316162 -3.533431 4.68656997 -11.7152619 -3.4767027 5.28266922 -11.7748525 -3.33860127 4.55439945 -11.0436909 -3.31598804 5.14180114 -10.9986117 -3.11468773 4.33451473 -10.3698991 -3.15277175 4.90722684 -10.2215481 -2.88958029 -1.79729649 -15.6415669 -4.39317891 -2.30868528 -15.3736595 -3.98778617 -1.49696909 -15.2493516 -3.84614919 -1.94704744 -15.02621 -3.49378091 -2.77196217 -15.007242 -3.51290213 -2.3516828 -14.7248637 -3.07530976 -3.17717057 -14.5480823 -2.98926599 -2.70171157 -14.3490549 -2.60644299 -3.51176205 -14.0123942 -2.42886036 -2.9864484 -13.909814 -2.09711374 -3.76102498 -13.4234964 -1.8336939 -3.19407099 -13.4232953 -1.55067205 -1.00923274 -15.3985808 -4.11316551 -1.24549032 -15.8168825 -4.70284146 -0.490811321 -15.4852692 -4.27520546 -0.659643562 -15.9159794 -4.88965229 0.0513181187 -15.5253227 -4.31573056 -0.0460919034 -15.9620977 -4.93060958 0.60936025 -15.5355122 -4.22431595 0.587596266 -15.9800504 -4.81120954 1.1740843 -15.5293832 -3.99866633 1.23164644 -15.9902894 -4.52832501 1.734573 -15.5136006 -3.64521047 1.87368159 -16.0035129 -4.09102896 2.27843062 -15.4855224 -3.17820631 2.49896451 -16.0170103 -3.51922227 2.79240553 -15.4326137 -2.61753264 3.09128983 -16.0136024 -2.84039078 3.26332676 -15.3339185 -1.98567917 3.63432999 -15.9635806 -2.08518848 -4.41025912 -7.74819416 -3.04572283 -3.96570255 -7.36564679 -2.94893897 -4.41025877 -7.74819465 -3.89236691 -3.96570323 -7.36564744 -3.79558264 -3.42802613 -7.0293969 -2.79789916 -3.42802623 -7.02939695 -3.64454407 -2.81342234 -6.74534509 -2.60769505 -2.81342271 -6.74534603 -3.45433913 -2.13806914 -6.52298464 -2.39832286 -2.13806952 -6.52298499 -3.24496757 -1.41587562 -6.37500473 -2.1925679 -1.41587616 -6.37500494 -3.03921219 -4.74792934 -8.17415533 -3.92609537 -4.74792895 -8.17415557 -3.07945066 -4.96942483 -8.64230413 -3.89476247 -4.96942503 -8.64230379 -3.04811673 -5.07111372 -9.15125734 -3.8028073 -5.07111348 -9.15125743 -2.95616218 -5.05505788 -9.69764877 -3.66005808 -5.05505793 -9.69764857 -2.81341254 -4.92788842 -10.2746751 -3.48018883 -4.92788876 -10.2746758 -2.63354371 -4.69879703 -10.8713866 -3.27898173 -4.69879677 -10.8713879 -2.43233557 -4.37708304 -11.4728443 -3.07264508 -4.37708252 -11.4728423 -2.22599934 -3.96986558 -12.0611566 -2.87641481 -3.96986739 -12.061157 -2.02977053 -3.48053934 -12.6172149 -2.70354818 -3.48053997 -12.6172153 -1.85690223 -4.70367039 -7.5844395 -3.46044329 -4.2244411 -7.17737225 -3.34647397 -4.12329667 -7.91139944 -3.47715433 -3.71170034 -7.55333228 -3.39613599 -3.64518067 -6.81715558 -3.17081277 -3.2135645 -7.24066347 -3.2677395 -2.98461387 -6.50966584 -2.95057709 -2.64286247 -6.97924016 -3.10515425 -2.26131554 -6.26525681 -2.70860116 -2.01367018 -6.77772142 -2.92575701 -1.4909483 -6.09834163 -2.4710004 -1.33835641 -6.64721986 -2.74926068 -4.43647332 -8.31140172 -3.50299326 -5.06695836 -8.03622391 -3.50287273 -4.64310125 -8.75116488 -3.4717249 -5.30370645 -8.53266397 -3.47172468 -4.73975778 -9.22833889 -3.38703182 -5.41006631 -9.07355727 -3.37230216 -4.72776317 -9.73891771 -3.25734605 -5.3889712 -9.65634406 -3.21597968 -4.61226624 -10.2760652 -3.0945561 -5.24879053 -10.2743414 -3.01837519 -4.40061567 -10.829534 -2.91252729 -5.00086406 -10.915868 -2.79732822 -4.10037763 -11.3858227 -2.72564851 -4.65651721 -11.5644228 -2.57097018 -3.71751062 -11.9290361 -2.54759939 -4.22425572 -12.199921 -2.35614804 -3.25513561 -12.4423229 -2.39042416 -3.70782628 -12.8007475 -2.16733541 -5.75883233 -12.131649 -2.67442703 -5.81449144 -11.3716177 -2.97973831 -5.09126883 -11.877385 -2.60078495 -5.15094882 -11.2143428 -2.86999746 -5.74498731 -10.5773345 -3.25240942 -5.10045583 -10.5228077 -3.11823059 -5.5595617 -9.76917562 -3.47090889 -4.94522854 -9.81939642 -3.32785609 -5.2659719 -8.96790305 -3.62692938 -4.69016878 -9.12086247 -3.49025165 -4.868361 -8.19256402 -3.72435581 -4.33824298 -8.44270227 -3.60528301 -4.91736834 -12.4966719 -2.33575674 -5.57022492 -12.8392041 -2.36937934 -4.62860487 -13.0590792 -2.10429366 -5.24541459 -13.4792937 -2.10429351 -4.22930212 -13.5538347 -1.93535313 -4.78811136 -14.0403567 -1.91910764 -3.72944318 -13.9722304 -1.85233601 -4.210131 -14.5136687 -1.84666051 -3.14426367 -14.3069974 -1.86845127 -3.53086975 -14.8922961 -1.90598261 -2.49274557 -14.551553 -1.98350986 -2.77513056 -15.1699071 -2.09757856 -1.79536223 -14.6993757 -2.18285958 -1.9697759 -15.3397661 -2.40172795 -1.07155401 -14.7436611 -2.43878495 -1.13999333 -15.3941112 -2.78029712 -0.337495249 -14.6773791 -2.71424876 -0.305988305 -15.3241279 -3.18190286 -5.42269441 -12.0019581 -2.18322691 -5.48110219 -11.2910092 -2.47075006 -5.42269467 -12.001958 -3.09164097 -5.48110247 -11.2910079 -3.37916412 -5.42191859 -10.5488283 -2.73193235 -5.42191887 -10.548827 -3.64034661 -5.2523251 -9.79382882 -2.94722991 -5.25232461 -9.79382945 -3.85564355 -4.97853054 -9.04466302 -3.10807543 -4.97853169 -9.04466204 -4.01649011 -4.60403797 -8.31850653 -3.21613114 -4.60403764 -8.31850701 -4.1245454 -5.24094026 -12.6649878 -2.80664527 -5.24093942 -12.6649873 -1.89823101 -4.93401534 -13.2660446 -2.55845242 -4.93401566 -13.2660453 -1.65003847 -4.50600013 -13.7939306 -2.38120478 -4.50599957 -13.793931 -1.47279052 -3.96777086 -14.2398743 -2.30273999 -3.9677706 -14.2398744 -1.39432594 -3.33653339 -14.5967103 -2.33898346 -3.33653312 -14.5967104 -1.4305694 -2.63401608 -14.8579263 -2.49003447 -2.63401524 -14.8579258 -1.58162052 -1.88369771 -15.0168555 -2.73880913 -1.88369804 -15.016855 -1.83039529 -1.10772078 -15.0661972 -3.05263853 -1.1077217 -15.0661973 -2.14422509 -0.324171367 -14.9980461 -3.38768443 -0.324171688 -14.9980468 -2.479271 -4.60586655 -10.1604298 -2.08090252 -4.63107008 -9.7509271 -1.86468769 -4.60586588 -10.1604294 -2.79028288 -4.63107029 -9.75092702 -2.57406763 -4.52210409 -9.33123686 -1.69555848 -4.52210429 -9.33123678 -2.40493853 -4.27791246 -8.91008177 -1.58908018 -4.2779125 -8.91008301 -2.29846022 -3.90804279 -8.50135298 -1.54583773 -3.90804343 -8.50135364 -2.25521809 -3.42942508 -8.12222333 -1.55322651 -3.42942529 -8.12222325 -2.26260603 -4.45965316 -10.5580107 -3.02443411 -4.45965326 -10.5580105 -2.31505374 -4.21701816 -10.950438 -3.23824357 -4.21701797 -10.9504369 -2.52886342 -3.91096237 -11.3533916 -3.39106145 -3.91096245 -11.3533926 -2.68168129 -3.57782844 -11.7897732 -3.44765577 -3.57782736 -11.789773 -2.73827624 -3.25089889 -12.2853172 -3.38552642 -3.25089869 -12.2853173 -2.67614606 -2.95385364 -12.8619281 -3.20025474 -2.95385344 -12.8619282 -2.49087458 -2.6954794 -13.5302921 -2.90776631 -2.6954798 -13.5302916 -2.19838658 -2.46700164 -14.2839257 -2.54292714 -2.46700203 -14.2839252 -1.83354719 -2.24283953 -15.0964515 -2.15460069 -2.24283991 -15.0964522 -1.44522012 -4.91517462 -10.1436387 -2.40620063 -4.9330289 -9.70844311 -2.18103771 -4.30217542 -10.1812015 -2.46451326 -4.33237249 -9.7964497 -2.25844184 -4.80199878 -9.25698202 -2.01312663 -4.24185516 -9.40674682 -2.09064483 -4.52224141 -8.79966466 -1.91949174 -4.02865631 -9.01936343 -1.97525694 -4.10633886 -8.35270864 -1.89916691 -3.69978461 -8.64608559 -1.91408782 -3.57533787 -7.93609034 -1.93544941 -3.26863666 -8.30153697 -1.89800993 -4.16334058 -10.5597249 -2.68363463 -4.76263445 -10.5601598 -2.65515625 -3.93736331 -10.9378274 -2.8832536 -4.50331515 -10.965646 -2.88325344 -3.65253219 -11.3284347 -3.02912163 -4.17541866 -11.3787121 -3.04265976 -3.33963158 -11.7499325 -3.09176648 -3.82151182 -11.8273305 -3.09164706 -3.02661586 -12.2224005 -3.05253901 -3.48093583 -12.3437794 -3.00333129 -2.7332338 -12.7621897 -2.90801188 -3.18190457 -12.9565249 -2.77210928 -2.4667602 -13.3760308 -2.67179997 -2.93504863 -13.6810463 -2.41641741 -2.21990567 -14.0563366 -2.37333554 -2.73004537 -14.51238 -1.97715137 -1.97154303 -14.7790518 -2.05370163 -2.53639103 -15.4217286 -1.51184733 -3.84729708 -14.7356373 -2.69302015 -4.0883522 -14.2312478 -2.3319503 -3.31736993 -14.3609041 -2.72376027 -3.55650813 -13.9392483 -2.41005966 -4.24400525 -13.6728962 -2.0593698 -3.72007959 -13.4655071 -2.15363085 -4.33388288 -13.0560031 -1.90231358 -3.81851949 -12.9415228 -1.97734866 -4.374023 -12.3699113 -1.85462557 -3.86036713 -12.3659567 -1.8822169 -4.37165705 -11.6096742 -1.88537403 -3.84865348 -11.7408105 -1.85188008 -2.99493348 -14.7211821 -3.05145321 -3.50463468 -15.1763234 -3.08313653 -2.58859938 -15.0037837 -3.3376293 -3.05471719 -15.5293048 -3.42218012 -2.10782493 -15.1908282 -3.52780667 -2.50734976 -15.7656515 -3.62976281 -1.57239162 -15.2709084 -3.58311826 -1.88860159 -15.8659802 -3.64824414 -1.00973263 -15.2456993 -3.49165786 -1.23680022 -15.8326951 -3.46067616 -0.449890093 -15.1314448 -3.27294349 -0.594758783 -15.6932348 -3.09761627 0.080458361 -14.9540422 -2.9741972 -0.000507018919 -15.491948 -2.63092166 0.563266 -14.7393613 -2.65978571 0.520720803 -15.2737275 -2.15713792 0.992398937 -14.5025578 -2.39686816 0.961234413 -15.0660808 -1.77576982 -1.72820064 -15.809768 -3.83766323 -2.20890809 -15.5652083 -3.45923175 -1.56607405 -15.0765429 -4.39618244 -2.04678209 -14.8319826 -4.01774971 -2.64271954 -15.2328056 -3.01281364 -2.48059353 -14.4995811 -3.57133244 -3.02005014 -14.8172187 -2.51648932 -2.85792355 -14.0839936 -3.07500812 -3.32929183 -14.3318691 -1.98116619 -3.16716759 -13.5986441 -2.5396852 -3.55722454 -13.7962384 -1.40958027 -3.39509678 -13.0630121 -1.96809928 -1.04626624 -15.2383458 -4.68409221 -1.20839341 -15.9715715 -4.12557341 -0.494104591 -15.3311287 -4.85832983 -0.656231181 -16.0643538 -4.29981103 0.0836870855 -15.3742396 -4.89931334 -0.078439491 -16.1074658 -4.34079412 0.679373871 -15.3882157 -4.79469145 0.517247876 -16.1214413 -4.23617182 1.28343027 -15.3898155 -4.54176875 1.12130368 -16.1230406 -3.98325036 1.88421779 -15.3875571 -4.14820806 1.72209119 -16.120781 -3.58968843 2.46821156 -15.3787195 -3.6309059 2.30608557 -16.1119452 -3.07238731 3.02074631 -15.3485414 -3.0133104 2.85862091 -16.0817677 -2.45479181 3.52714695 -15.2719113 -2.32174767 3.36502095 -16.0051369 -1.76322908 5.39615818 -9.62854765 -2.0965122 5.55203683 -10.4093059 -2.26729201 4.91840418 -9.5963028 -2.45226318 5.05258054 -10.2864805 -2.58810664 5.65808683 -11.1508297 -2.53860745 5.13655059 -10.9464232 -2.80415165 5.71363885 -11.8294171 -2.90399246 5.16868822 -11.5561988 -3.09620665 5.71041947 -12.4298531 -3.34713132 5.14236944 -12.1018471 -3.45313129 5.63286798 -12.945389 -3.84508405 5.0462948 -12.5755046 -3.85898351 4.73152919 -8.90057685 -2.39303133 5.18495278 -8.83909123 -2.02155269 4.4871826 -8.22654732 -2.39975704 4.90954091 -8.07529423 -2.02744216 4.18062379 -7.60120767 -2.45689087 4.56111018 -7.37139284 -2.09203395 3.80941896 -7.04837779 -2.5472438 4.13426907 -6.7574115 -2.19066734 3.37519323 -6.58617466 -2.65566588 3.62958816 -6.25558653 -2.30150628 2.88446621 -6.22535591 -2.77242547 3.0547962 -5.87804035 -2.41047665 2.34845041 -5.96878257 -2.8955466 2.42443362 -5.6260713 -2.51473712 1.7818818 -5.81216006 -3.03160191 1.75807228 -5.4912395 -2.62393939 1.2011428 -5.74583313 -3.19468632 1.07753078 -5.45798383 -2.75887512 2.96066062 -13.4970799 -2.48026234 2.73518313 -14.1282995 -2.77317889 3.8758716 -13.7729253 -2.15261958 3.65039469 -14.4041443 -2.44553614 2.57957416 -14.7694939 -3.14854113 3.49478572 -15.0453387 -2.82089879 2.50440378 -15.410429 -3.59794888 3.41961358 -15.6862745 -3.27030633 2.51169262 -16.0331437 -4.11857662 3.42690479 -16.3089903 -3.79093261 2.59635997 -16.6140052 -4.71408443 3.51157152 -16.8898489 -4.38643959 4.15235456 -13.1539405 -1.95391421 3.23714271 -12.878096 -2.28155696 4.45476522 -12.5431146 -1.8616647 3.53955366 -12.2672697 -2.18930725 4.75541926 -11.9332541 -1.88576465 3.8402077 -11.6574093 -2.2134072 5.02855123 -11.3181985 -2.03163383 4.11333996 -11.0423534 -2.35927638 5.25490177 -10.6970157 -2.29926703 4.3396911 -10.4211711 -2.62690979 5.42544902 -10.0773486 -2.68360211 4.51023701 -9.80150301 -3.01124382 5.54347622 -9.47712284 -3.17603718 4.62826406 -9.20127743 -3.5036789 5.62448276 -8.92418241 -3.76664805 4.70927104 -8.64833656 -4.09429039 5.69379798 -8.45373215 -4.44647227 4.77858508 -8.17788631 -4.77411378 6.01358361 -11.5074595 -3.07650234 5.78924593 -12.2259805 -3.20232386 5.45393896 -11.391809 -3.06000678 5.26952093 -12.0259478 -3.14485934 5.45227193 -12.906834 -3.43000475 4.98823771 -12.6267178 -3.30018032 5.01759008 -13.5335641 -3.7549977 4.62068195 -13.179867 -3.5229173 4.50119836 -14.0913989 -4.14933869 4.1784995 -13.6725414 -3.79382204 3.91744003 -14.5677535 -4.56644832 3.67257794 -14.0936954 -4.08075228 5.53380098 -10.7394282 -3.03243826 6.1141924 -10.7687484 -3.03362377 5.50581475 -10.0842595 -3.03598441 6.08605339 -10.0276429 -3.03598458 5.37183229 -9.44154801 -3.03735617 5.93137039 -9.30158761 -3.03556604 5.13870852 -8.82586005 -3.00345515 5.65937615 -8.60709753 -2.98459528 4.81724479 -8.25072927 -2.90867554 5.28481846 -7.95934184 -2.84608798 4.42045501 -7.72840582 -2.74071683 4.82541345 -7.37189246 -2.60225538 3.9615145 -7.26972681 -2.50375081 4.29883041 -6.85662682 -2.25907974 3.45184488 -6.88407263 -2.21829225 3.71984329 -6.42375103 -1.84613967 2.89975773 -6.57935963 -1.91777678 3.09829702 -6.08186978 -1.41166852 5.00401497 -9.80867795 -2.0266515 5.14906199 -10.5441778 -2.17901865 5.31043416 -9.41771498 -2.53308791 5.45548164 -10.1532167 -2.68545527 5.24384729 -11.2451781 -2.42127404 5.55026664 -10.8542161 -2.92770962 5.2871496 -11.8899043 -2.74818357 5.59356806 -11.4989421 -3.25461894 5.27152663 -12.4637374 -3.14620937 5.57794747 -12.0727775 -3.65264433 5.18364518 -12.9592743 -3.59614378 5.49006601 -12.5683132 -4.10257874 5.11126332 -8.67521824 -2.46646551 4.80484335 -9.06617723 -1.96002993 4.85130433 -7.95636936 -2.47288936 4.54488468 -8.34733041 -1.96645483 4.52393471 -7.29163202 -2.53370991 4.21751445 -7.68259132 -2.02727433 4.12535378 -6.7077881 -2.62822733 3.81893292 -7.09874681 -2.12179175 3.65669939 -6.22493426 -2.73816677 3.35027974 -6.6158959 -2.23173139 3.12506345 -5.8545096 -2.85177399 2.81864393 -6.24546992 -2.34533737 2.54322046 -5.59867142 -2.96669165 2.23680079 -5.98963129 -2.46025628 1.92816993 -5.45119893 -3.09095792 1.62174909 -5.84215882 -2.58452339 1.29884643 -5.39967773 -3.24183364 0.992426026 -5.79063776 -2.73539806 2.75355207 -5.21183934 -3.04161191 3.30885628 -5.46352428 -2.87429348 2.50635531 -5.74702382 -3.07240975 2.97806495 -5.96067772 -2.94239871 3.81254987 -5.78797051 -2.65453099 3.40314514 -6.24019303 -2.77299041 4.23765579 -6.17178803 -2.39840033 3.76113005 -6.57638647 -2.57670951 4.55799552 -6.60484919 -2.12776398 4.03240781 -6.96215356 -2.37024605 4.7517139 -7.08254431 -1.86795402 4.20071896 -7.393913 -2.1727242 2.00697071 -5.60852184 -3.15572312 2.17093382 -5.04650704 -3.14754194 1.49566418 -5.55257401 -3.19054751 1.58007662 -4.97825981 -3.19054769 0.984359181 -5.58320534 -3.18014893 0.993977528 -5.01272749 -3.17575978 0.481678475 -5.70044464 -3.1318074 0.420587715 -5.14955217 -3.11344277 -0.00567697095 -5.90065083 -3.05543212 -0.134803586 -5.38298857 -3.01701069 -0.4713036 -6.17766224 -2.9620602 -0.66683097 -5.70372157 -2.90095482 -0.907844009 -6.52438884 -2.86251661 -1.16802981 -6.10135231 -2.77903663 -1.30651076 -6.93441616 -2.76639664 -1.62815128 -6.56686581 -2.66298766 -1.65745543 -7.40321386 -2.68146158 -2.03486111 -7.09451467 -2.56183367 4.36243413 -6.85019541 -1.69563818 4.62957008 -7.38297588 -1.58760263 4.36243373 -6.85019546 -2.55601009 4.6295694 -7.38297623 -2.44797392 4.82804506 -7.99609423 -1.51300445 4.82804438 -7.99609458 -2.37337626 4.95604743 -8.67212979 -1.47993688 4.956046 -8.67212971 -2.34030858 5.00822055 -9.39278915 -1.48656403 5.00822045 -9.39278891 -2.34693583 4.97549604 -10.1412245 -1.52246228 4.97549638 -10.1412238 -2.38283357 4.02607615 -6.41203346 -2.6802148 4.02607611 -6.41203386 -1.819843 3.61940778 -6.07794871 -2.79691967 3.61940877 -6.07794924 -1.93654808 3.14289468 -5.85186343 -2.88037335 3.14289464 -5.85186382 -2.02000155 2.60036415 -5.73257899 -2.90777617 2.60036454 -5.73257893 -2.04740415 2.00016098 -5.71523894 -2.86406081 2.00016167 -5.71523859 -2.003689 1.35535117 -5.79349263 -2.74544228 1.35535098 -5.79349317 -1.88507048 0.682961911 -5.96186915 -2.56099671 0.682962448 -5.96186895 -1.70062542 0.00238444159 -6.21777205 -2.33188732 0.0023852704 -6.21777155 -1.47151562 -0.666704501 -6.56258501 -2.08830517 -0.666703963 -6.56258481 -1.22793306 4.59639649 -6.60148061 -2.11056665 4.87912717 -7.17450188 -1.99966853 4.13060886 -7.09268752 -2.14076905 4.38176544 -7.58692842 -2.03648455 5.09094254 -7.83453473 -1.92926056 4.56677345 -8.15523902 -1.95949811 5.23068083 -8.56166965 -1.90815136 4.68332919 -8.78240791 -1.91719214 5.29273036 -9.3350392 -1.93323789 4.72637331 -9.45241391 -1.90877185 5.2667582 -10.1356402 -1.99116673 4.68801338 -10.1503192 -1.92632542 3.81378086 -6.685086 -2.25745874 4.24092073 -6.13168261 -2.24206884 3.43141561 -6.37267622 -2.36648893 3.81013827 -5.77556904 -2.36648857 2.98498115 -6.15940977 -2.44621404 3.3032976 -5.53698237 -2.45345869 2.47875367 -6.04497749 -2.47759379 2.72364644 -5.41366443 -2.47594051 1.92074469 -6.02599335 -2.44814367 2.07984237 -5.39901792 -2.41593231 1.32287136 -6.09774962 -2.35485413 1.38620356 -5.4847546 -2.26873606 0.700313752 -6.25612682 -2.20547064 0.661793664 -5.6637933 -2.04487697 0.0702098048 -6.4991809 -2.01782173 -0.0714852665 -5.93271443 -1.76922562 -0.550056451 -6.82800453 -1.81724157 -0.791402741 -6.29317151 -1.47739751 5.73125974 -11.4507841 -2.71388455 5.52774744 -12.1270364 -2.81791749 5.73125982 -11.4507837 -3.42326449 5.52774605 -12.1270352 -3.52729743 5.21966451 -12.7677642 -3.00714935 5.21966371 -12.7677636 -3.71652908 4.81962998 -13.3576347 -3.27783136 4.81962976 -13.3576334 -3.98721068 4.34131815 -13.8828382 -3.60662718 4.34131855 -13.8828398 -4.31600691 3.7972323 -14.3315747 -3.95461856 3.79723208 -14.3315734 -4.66399954 5.82093629 -10.7552953 -3.38855461 5.82093591 -10.7552959 -2.67917508 5.79268293 -10.0571807 -3.39158178 5.79268386 -10.05718 -2.68220184 5.64852877 -9.37277293 -3.39214166 5.64852898 -9.37277301 -2.68276109 5.39644907 -8.71761384 -3.35024619 5.39644912 -8.71761407 -2.64086604 5.0490978 -8.10605969 -3.23494971 5.04909829 -8.10605947 -2.52556977 4.62169513 -7.55103339 -3.03137539 4.62169518 -7.55103362 -2.32199545 4.12952372 -7.06391004 -2.7445483 4.12952422 -7.06390982 -2.03516836 3.5855769 -6.65449988 -2.39923911 3.58557768 -6.65449937 -1.68985885 2.9988917 -6.33108299 -2.0358316 2.99889144 -6.33108175 -1.32645104 3.26412173 -13.6356142 -1.94164825 3.02838282 -14.3110581 -2.25350246 3.57045063 -13.630937 -2.68399094 3.35634093 -14.2191723 -2.95888413 2.87089364 -15.0019771 -2.65029814 3.20454781 -14.8127944 -3.31350385 2.80277375 -15.697298 -3.12187522 3.12501375 -15.4023264 -3.74091318 2.82497527 -16.3765401 -3.66488567 3.12056968 -15.9720544 -4.23865484 2.93011421 -17.0123036 -4.28400442 3.18803148 -16.5016774 -4.80941218 3.83011965 -13.051104 -2.49849931 3.55700246 -12.9769909 -1.72894515 4.11356855 -12.4776092 -2.41251183 3.87833287 -12.3287672 -1.63011427 4.39702856 -11.9059537 -2.4342561 4.19606737 -11.6806083 -1.65694326 4.65852985 -11.3326131 -2.56834814 4.48019283 -11.0232591 -1.81573548 4.88168642 -10.7584587 -2.81498589 4.70819691 -10.3536015 -2.10619249 5.05876997 -10.1914836 -3.1701989 4.8695623 -9.67873488 -2.5219181 5.19237597 -9.64814372 -3.62704003 4.96828632 -9.01808951 -3.05233068 5.29529097 -9.15297797 -4.1773202 5.02285955 -8.4030859 -3.68543016 5.388458 -8.73643077 -4.81339033 5.06349092 -7.87417346 -4.4106622 3.32945883 -15.7034913 -2.76689949 2.70024946 -16.0536566 -2.47946769 3.32945858 -15.7034912 -3.63413411 2.70024802 -16.0536553 -3.34670253 1.99569761 -16.3456091 -2.16445468 1.99569736 -16.345609 -3.03168952 1.23665808 -16.5700129 -1.84325185 1.236659 -16.5700116 -2.71048607 0.446452557 -16.7109257 -1.53720761 0.446452903 -16.7109262 -2.40444275 -0.351815561 -16.74659 -1.26610946 -0.351814647 -16.7465887 -2.13334368 3.86723221 -15.2986308 -3.87430323 3.86723246 -15.2986309 -3.00706819 4.30362607 -14.8387552 -4.05107339 4.30362632 -14.8387553 -3.18383876 4.63506973 -14.3223446 -4.15356299 4.63506997 -14.3223435 -3.28632774 4.86335464 -13.7493153 -4.17748869 4.86335429 -13.7493148 -3.31025364 4.99363758 -13.1230572 -4.1259281 4.99363783 -13.1230573 -3.25869388 5.03189359 -12.4514463 -4.00932315 5.03189413 -12.4514461 -3.14208811 4.98238147 -11.7466682 -3.84463076 4.98238262 -11.7466698 -2.97739634 4.84573147 -11.0239592 -3.65367863 4.84573291 -11.0239604 -2.786444 4.61812037 -10.2996259 -3.46083793 4.61812091 -10.2996257 -2.59360351 0.846797244 -16.5460496 -1.60201118 0.0993668488 -16.4252161 -1.46476658 0.846797512 -16.5460489 -2.69499292 0.0993659254 -16.4252142 -2.5577477 -0.679788049 -16.173931 -1.36999955 -0.679788377 -16.1739297 -2.46298129 -1.47137732 -15.8032785 -1.32799122 -1.47137529 -15.8032772 -2.42097286 -2.25256853 -15.3213381 -1.33640975 -2.25256708 -15.3213374 -2.4293917 -2.99926578 -14.7312903 -1.38201287 -2.99926726 -14.7312914 -2.4749943 1.54820774 -16.5252392 -2.85277786 1.54820746 -16.5252388 -1.75979623 2.19466412 -16.3546329 -3.00103577 2.19466385 -16.3546336 -1.90805434 2.78178045 -16.0317944 -3.10705212 2.78178076 -16.0317946 -2.01407069 3.3079439 -15.5615573 -3.14186388 3.30794421 -15.5615574 -2.04888224 3.77195795 -14.9561288 -3.08633 3.77195827 -14.9561301 -1.99334857 4.17064983 -14.2336891 -2.93564254 4.17065015 -14.2336892 -1.84266049 4.49699891 -13.4158473 -2.70133051 4.49699952 -13.4158483 -1.60834939 4.73926755 -12.5245087 -2.41027917 4.73926817 -12.5245097 -1.31729763 4.88140227 -11.578916 -2.10084241 4.88140289 -11.578917 -1.00786025 -3.62417951 -14.5629879 -2.31022559 -3.85048615 -14.0968954 -1.9856971 -3.53994977 -14.5299759 -3.10844649 -3.79732735 -14.0711972 -2.7578169 -4.00019338 -13.5765613 -1.73197692 -3.97047099 -13.5598635 -2.4796299 -4.08791374 -13.0024742 -1.57228233 -4.07404533 -12.9937726 -2.30077074 -4.12519353 -12.3700489 -1.50376844 -4.12048412 -12.3668396 -2.21998456 -4.11623334 -11.6784803 -1.50370947 -4.115511 -11.6779602 -2.21417607 -3.18719258 -14.9283816 -3.47789655 -3.30929405 -14.963404 -2.65732895 -2.73703091 -15.2486099 -3.79605794 -2.90217904 -15.27636 -2.96320003 -2.20026291 -15.469686 -3.99342435 -2.4114402 -15.4772576 -3.16443303 -1.60086155 -15.5779518 -4.02013515 -1.85859241 -15.5499693 -3.21582869 -0.972521383 -15.5758111 -3.86087008 -1.27493246 -15.4962518 -3.10419201 -0.352218464 -15.4837663 -3.54078178 -0.695391095 -15.3382243 -2.85351193 0.227360089 -15.3340134 -3.12079462 -0.151174641 -15.112056 -2.52004081 0.744402402 -15.1579458 -2.68410139 0.336756165 -14.8551417 -2.1791708 1.19191909 -14.972521 -2.31793738 0.761659183 -14.5918073 -1.90816262</float_array>
        <technique_common><accessor source="#vfx_kurp_1025-mesh-positions-array" count="840" stride="3"><param name="X" type="float"/><param name="Y" type="float"/><param name="Z" type="float"/></accessor></technique_common>
      </source>
      <source id="vfx_kurp_1025-mesh-normals">
        <float_array id="vfx_kurp_1025-mesh-normals-array" count="2520">-0.205816039 0.807164728 0.553285514 -0.0861020934 0.882886521 0.461625194 -0.225605924 0.79199318 0.567317169 -0.103797384 0.873364213 0.475879243 0.0128500404 0.925882994 0.377591786 -0.00208573827 0.92049763 0.390742578 0.0988424165 0.949231428 0.298646735 0.0859157694 0.946561775 0.3108686 0.180316566 0.959002035 0.218634472 0.168744917 0.958372897 0.230318353 0.214939668 0.959325767 0.183016424 0.214939674 0.959325793 0.18301628 -0.363733128 0.662171646 0.655154122 -0.34559788 0.681829528 0.644725213 -0.498544848 0.4840079 0.719158805 -0.487136156 0.501693685 0.714843907 -0.605151572 0.282648525 0.744245515 -0.601190107 0.291684289 0.743969577 -0.672851064 0.0926563586 0.733952481 -0.672700929 0.0931907149 0.734022445 -0.708026441 -0.066621423 0.703036375 -0.708657657 -0.0705892995 0.702012448 -0.722331682 -0.196009776 0.663187084 -0.722650569 -0.201567224 0.661170786 -0.723872003 -0.306236328 0.61824642 -0.723656409 -0.312229297 0.61549514 -0.715615146 -0.408623216 0.566499806 -0.714812865 -0.414637414 0.56313265 -0.707300182 -0.461258742 0.535692846 -0.707300976 -0.461257653 0.535692736 -0.528085781 0.483422305 -0.698160643 -0.494176153 0.517137284 -0.698826845 -0.527778164 0.489499698 -0.694147143 -0.493955841 0.523789249 -0.694011851 -0.467128882 0.542879027 -0.697906132 -0.467390096 0.548823354 -0.693065238 -0.446979973 0.561457287 -0.696401191 -0.447721918 0.566346922 -0.691951045 -0.432914492 0.574208473 -0.694888244 -0.433733202 0.578155702 -0.691094418 -0.427515981 0.581373114 -0.692268292 -0.428754491 0.584877107 -0.688540744 -0.567383345 0.44545569 -0.692564342 -0.567465288 0.441796273 -0.694837535 -0.60937551 0.393721927 -0.688218375 -0.609571097 0.393451228 -0.688199978 -0.649700181 0.338804875 -0.680515196 -0.651155518 0.340571633 -0.678238494 -0.685244364 0.285840364 -0.669877189 -0.688930438 0.286567804 -0.665773044 -0.714566373 0.238648641 -0.657603015 -0.720109938 0.23605263 -0.65247286 -0.737587081 0.199042555 -0.645249842 -0.743585752 0.19306675 -0.640160495 -0.754933814 0.167279461 -0.634107656 -0.76008081 0.159436897 -0.629965903 -0.767484109 0.142792566 -0.62496274 -0.771179249 0.134851252 -0.622171766 -0.774261819 0.127305941 -0.619928893 -0.777242503 0.119789405 -0.617692958 0.351355464 0.936242136 2.83857248e-07 0.492269543 0.870442816 -5.70908583e-07 0.332067131 0.943255756 2.3880195e-09 0.467062912 0.884224087 -5.97474416e-07 0.62834017 0.777938706 -6.8195753e-08 0.597202007 0.802090869 -9.64743372e-09 0.765310639 0.643661111 -4.70392341e-07 0.729310612 0.684182747 -1.19895287e-07 0.892803009 0.450447318 8.80416711e-07 0.859644754 0.510892256 4.73440304e-07 0.929215009 0.369539535 -2.14506169e-07 0.929216468 0.369535865 -2.27512313e-06 0.185152524 0.982709796 6.09302188e-07 0.197103484 0.980382689 3.77827344e-07 0.0250262638 0.999686794 -9.30297837e-09 0.0276002233 0.999619041 6.90306233e-08 -0.141265089 0.989971805 7.63335575e-07 -0.147909656 0.989000876 8.28468071e-07 -0.30088863 0.953659285 5.45758165e-07 -0.313235861 0.949675363 1.09074371e-07 -0.442494399 0.896771268 9.31371784e-08 -0.456183239 0.889885865 3.01862161e-07 -0.562301769 0.826932113 6.64279328e-07 -0.574750828 0.818328471 8.41204144e-07 -0.663711611 0.747988567 8.19653052e-07 -0.674172066 0.73857432 2.21227677e-07 -0.752407271 0.658698185 -2.92037099e-07 -0.760793431 0.648994111 -4.997248e-07 -0.796255827 0.604960046 -2.53595754e-07 -0.796256145 0.604959628 2.95817746e-07 0.353112181 0.160428095 -0.921723719 0.428130522 0.215465826 -0.877655248 0.323129584 0.175547608 -0.929930271 0.396567852 0.238623649 -0.886449487 0.47094295 0.268260165 -0.840386353 0.44236417 0.294959585 -0.8469432 0.486418896 0.316928221 -0.814219356 0.464586882 0.341453383 -0.817048724 0.481355649 0.358813969 -0.799718247 0.469157469 0.375535882 -0.799289729 0.473736032 0.379764793 -0.794577167 0.466078549 0.393065202 -0.792635183 0.222430417 0.109581031 -0.96877072 0.245040162 0.104108138 -0.963907057 0.100462063 0.0450857941 -0.993918832 0.109506347 0.047266203 -0.992861655 -0.0325720575 -0.014216548 -0.999368276 -0.0409660613 -0.00861258348 -0.999123418 -0.165506478 -0.0662198413 -0.983982997 -0.190652381 -0.0613612271 -0.97973796 -0.289161711 -0.110382118 -0.950894996 -0.326483443 -0.109032506 -0.938893218 -0.397640699 -0.146956202 -0.905696278 -0.44104206 -0.150523632 -0.884773721 -0.48826448 -0.176296559 -0.85470306 -0.531789249 -0.185429491 -0.826326871 -0.56094784 -0.198875544 -0.803608137 -0.599339277 -0.213471796 -0.771506464 -0.602058668 -0.214481533 -0.769105345 -0.635252629 -0.230803065 -0.737010205 -0.237211051 0.97145814 -7.68164324e-07 -0.103680605 0.994610644 -3.86756759e-07 -0.267115232 0.963664596 -5.77549761e-07 -0.142461216 0.989800385 -1.49175231e-07 0.0265707245 0.999646936 8.30053432e-09 -0.0129465829 0.999916189 8.18658667e-08 0.142532966 0.989790055 -6.95815115e-08 0.108277654 0.994120692 1.17033e-07 0.243955112 0.969786525 6.10299096e-07 0.216196142 0.976349952 5.42130292e-07 0.278688916 0.960381428 1.69717833e-07 0.278689942 0.960381131 -4.61194401e-07 -0.374474353 0.927237272 -5.80686352e-07 -0.357579942 0.933882533 -1.37852129e-07 -0.459759507 0.888043465 8.42710994e-07 -0.454109362 0.890945951 8.3177231e-07 -0.525493651 0.850797522 7.30655194e-08 -0.527000862 0.849864749 -2.31977373e-07 -0.578357959 0.815783103 8.86165392e-08 -0.584281218 0.811551267 2.95898054e-07 -0.627305353 0.778773391 2.50856267e-07 -0.637770104 0.770226781 4.25342657e-07 -0.683010397 0.730408651 6.18414298e-07 -0.70094849 0.7132119 1.8153379e-07 -0.756270439 0.654259141 -1.66372836e-07 -0.784690802 0.619887366 -8.73704966e-07 -0.850290544 0.526313586 -8.40615507e-07 -0.884118978 0.467261847 -5.7618577e-07 -0.913213491 0.407481436 -5.93566814e-07 -0.913213656 0.407481066 -2.37107604e-07 -0.203370202 -0.0832089105 -0.975559756 -0.165274276 -0.0709949141 -0.983689044 -0.202465658 -0.078947922 -0.976101881 -0.161166979 -0.0592200131 -0.985148819 -0.102570212 -0.0491055365 -0.993512958 -0.0958892239 -0.0301120799 -0.99493644 -0.0263497512 -0.0209187546 -0.999433888 -0.0193202356 0.00313290575 -0.999808438 0.0511248594 0.00918074553 -0.99865007 0.0570428261 0.0357086966 -0.997732933 0.0922836366 0.0430819786 -0.994800318 0.0908269397 0.0726582046 -0.993212592 -0.209256771 -0.0840102751 -0.974245286 -0.208222444 -0.0836907528 -0.974494367 -0.175479169 -0.0706575076 -0.981944284 -0.1739556 -0.0708856349 -0.982198898 -0.100793725 -0.0386717549 -0.994155481 -0.0978098593 -0.043390974 -0.994258746 0.00747357857 0.00732241145 -0.999945262 0.0171232375 -0.00102139694 -0.999852865 0.133779721 0.0588100339 -0.989264558 0.155519687 0.0523020861 -0.98644722 0.25906802 0.107240711 -0.959887072 0.291127467 0.107535817 -0.950621295 0.368271522 0.147767835 -0.917900187 0.402614992 0.155486907 -0.902067065 0.454241601 0.179444929 -0.872619095 0.483882832 0.191964658 -0.853819053 0.505347226 0.20298322 -0.838702566 0.529086297 0.215538741 -0.820737925 -0.248512064 -0.270540235 -0.930080499 -0.27304297 -0.297408503 -0.914874701 -0.240182894 -0.27219227 -0.931785139 -0.264870499 -0.299684573 -0.91653302 -0.285619205 -0.3124323 -0.905984397 -0.279432547 -0.31463842 -0.907149446 -0.29035047 -0.319588796 -0.901975391 -0.287275329 -0.320991197 -0.902461931 -0.290725936 -0.321968807 -0.901007501 -0.290652097 -0.321958467 -0.901035018 -0.291152565 -0.321506471 -0.901034835 -0.292035393 -0.320597104 -0.901073153 -0.201322925 -0.227555217 -0.952726458 -0.207713668 -0.227580208 -0.951347613 -0.145280852 -0.162277761 -0.975991497 -0.147525912 -0.165177991 -0.97516785 -0.07257978 -0.0776821285 -0.994332772 -0.0684503732 -0.0828937717 -0.994204792 0.0108954974 0.0177058397 -0.999783872 0.0231689404 0.014289429 -0.999629438 0.0952063776 0.111148415 -0.989232923 0.11478149 0.114507009 -0.98676915 0.170814676 0.19228473 -0.966358592 0.19311213 0.203402258 -0.959862087 0.232181462 0.256763987 -0.938170573 0.251979739 0.272536671 -0.928563392 0.278148583 0.305005714 -0.910826482 0.292731199 0.321541129 -0.900510826 0.303354168 0.335491765 -0.891864073 0.314594971 0.350514385 -0.882139258 -0.0423391609 0.82255096 -0.56711314 -0.00323091857 0.816596175 -0.577200353 -0.0391246303 0.824350596 -0.564725914 0.00694702283 0.820802371 -0.571170034 0.0615221167 0.804758388 -0.590405764 0.0778237744 0.810788427 -0.58014273 0.140075896 0.786315583 -0.601736277 0.159312377 0.793487668 -0.587364356 0.219553682 0.762847247 -0.608161376 0.239053517 0.770556214 -0.590843919 0.271218801 0.755210932 -0.596738478 0.286338434 0.76705322 -0.574142543 -0.047782212 0.823880994 -0.564745047 -0.0467226317 0.823736855 -0.565043883 -0.0116079514 0.820046479 -0.572179191 -0.0104578289 0.819452425 -0.573051793 0.0689190989 0.808829232 -0.583990951 0.068710555 0.805560917 -0.588515479 0.183382646 0.783078455 -0.594271772 0.186506448 0.775081778 -0.603708193 0.31268445 0.738466509 -0.59740744 0.326154508 0.723568222 -0.608335651 0.436204248 0.678391968 -0.59119387 0.460729235 0.65657005 -0.597197071 0.540086998 0.612484912 -0.577207299 0.569485769 0.587587373 -0.574827833 0.619622841 0.550923951 -0.559062014 0.647388586 0.5278724 -0.549762446 0.668327992 0.510822849 -0.540738118 0.691477871 0.491145255 -0.529749651 -0.716598454 0.697485954 -3.41517007e-07 -0.58535404 0.810777804 -3.32658218e-07 -0.72607939 0.687610878 -5.18670476e-07 -0.600839204 0.799369909 -7.99968886e-08 -0.466949843 0.884283803 -6.91708827e-08 -0.484874584 0.874583694 -1.97709109e-07 -0.357218599 0.934020809 -7.04353231e-07 -0.376293643 0.926500456 -7.24974274e-07 -0.247134403 0.968981211 -4.50562206e-07 -0.267081204 0.963674027 -2.47512765e-07 -0.200732845 0.97964602 -2.34288615e-07 -0.200733008 0.979645987 -1.26486117e-07 -0.849348197 0.527832966 1.55415741e-07 -0.849288705 0.527928684 2.39528019e-07 -0.946319948 0.323231428 -2.0353052e-08 -0.952132165 0.30568667 -1.25119379e-07 -0.995011988 0.0997554219 7.79514567e-08 -0.997641069 0.0686461741 1.84050646e-07 -0.994340212 -0.106242849 1.07308283e-07 -0.9902951 -0.138980625 -2.1231044e-07 -0.961777713 -0.273831392 -3.84914331e-07 -0.953537165 -0.301275415 -4.62432182e-07 -0.914298169 -0.405041799 -4.50736948e-07 -0.904410107 -0.426664222 3.51875399e-07 -0.858645579 -0.51256977 1.05089632e-06 -0.847986744 -0.530017435 5.23419535e-07 -0.793374469 -0.608733892 -7.48356678e-07 -0.782038477 -0.62323015 -1.62469608e-06 -0.750716328 -0.6606247 -1.41694414e-06 -0.75071599 -0.660625085 -8.49985919e-07 0.0432993235 0.115414262 -0.992373275 0.0811635335 0.22321038 -0.971385406 0.03432737 0.130573021 -0.990844245 0.0692093865 0.24117605 -0.96801042 0.112372049 0.314744526 -0.942501144 0.0980988246 0.330970736 -0.938528099 0.136248829 0.386237411 -0.912281162 0.120257348 0.399528568 -0.908798709 0.153179678 0.438593514 -0.885534706 0.137060802 0.449942508 -0.882477238 0.151293805 0.466823735 -0.871312679 0.134622054 0.477577429 -0.868214663 -0.00304062549 0.00793208582 -0.999963918 0.00194115006 0.000319648308 -0.999998065 -0.0383899322 -0.110477234 -0.993136946 -0.0380614862 -0.110741094 -0.993120201 -0.0685274357 -0.209934601 -0.975310952 -0.0724504092 -0.208177111 -0.975404136 -0.0921923449 -0.284370069 -0.954271573 -0.0984353782 -0.28519072 -0.953402711 -0.109438622 -0.335348294 -0.935716148 -0.115432926 -0.339161418 -0.933619179 -0.120927746 -0.367623322 -0.922078941 -0.125029638 -0.372354013 -0.919630403 -0.127636556 -0.386154688 -0.913560872 -0.129656566 -0.389810381 -0.91172202 -0.13079112 -0.395164246 -0.909251836 -0.131427438 -0.396931007 -0.908390117 -0.131590216 -0.39769877 -0.908030673 -0.131777398 -0.398500786 -0.907651828 0.228285606 -0.339214787 -0.912589179 0.231624901 -0.341656008 -0.910835373 0.229777476 -0.339068784 -0.912268969 0.228803893 -0.342543801 -0.911214861 0.221922039 -0.322317652 -0.92025102 0.212674433 -0.324472332 -0.921676348 0.201374003 -0.28671737 -0.936611798 0.185207771 -0.289543308 -0.939075479 0.17268349 -0.241091724 -0.955015808 0.150998475 -0.243447756 -0.958088018 0.137904139 -0.217223987 -0.966331303 0.112469286 -0.222626685 -0.968394557 0.211888932 -0.309728216 -0.926915052 0.209295324 -0.309526127 -0.927571584 0.171525231 -0.250409007 -0.952824446 0.171009854 -0.247097295 -0.953781189 0.106678936 -0.158695566 -0.981547412 0.109373236 -0.148143508 -0.982899281 0.0199964592 -0.0376122315 -0.999092319 0.022836289 -0.0151487263 -0.999624439 -0.0791287095 0.100811285 -0.991753867 -0.082519938 0.136932581 -0.987137239 -0.177318011 0.237665002 -0.955025481 -0.191131369 0.281989185 -0.94018663 -0.263702401 0.355708144 -0.896622976 -0.286427014 0.398364912 -0.871358114 -0.333492524 0.446625894 -0.830245775 -0.360737896 0.480559875 -0.799331206 -0.380813167 0.498166948 -0.778980759 -0.405081677 0.522681885 -0.750141641 -0.98052542 -0.196392212 5.64030466e-07 -0.999809974 -0.0194939714 3.22639766e-07 -0.988514977 -0.151122928 2.53830659e-07 -0.999844419 0.0176390807 3.42695324e-07 -0.990653481 0.136402641 5.04429639e-07 -0.986535983 0.163544348 1.24674886e-07 -0.962101475 0.272691681 -2.92859745e-07 -0.956626578 0.291316992 1.30861937e-08 -0.918399492 0.395654361 9.14272707e-07 -0.913075542 0.407790455 9.55939189e-07 -0.888768657 0.458356056 6.01067094e-07 -0.888768147 0.458357045 -5.65771974e-07 -0.940804133 -0.33895071 7.97098474e-07 -0.923186416 -0.384352495 4.53944849e-07 -0.848832356 -0.528662114 -7.32449124e-08 -0.826656954 -0.562706212 -3.5608389e-07 -0.718588906 -0.695435105 -1.49547354e-07 -0.702262226 -0.711918371 1.63141208e-07 -0.568656336 -0.822575207 8.69111797e-08 -0.565764906 -0.824566596 9.70229682e-08 -0.416182874 -0.909280933 4.40616329e-08 -0.427614677 -0.90396111 2.60391284e-07 -0.267453963 -0.96357064 6.02191209e-07 -0.290594018 -0.956846444 7.52200824e-07 -0.120033427 -0.992769851 5.63392354e-07 -0.152035749 -0.988374995 3.4942016e-07 0.0303484346 -0.99953938 6.15031802e-08 -0.00732502355 -0.999973172 -2.47595755e-07 0.0866497101 -0.996238841 -3.54574048e-07 0.0866490789 -0.996238896 -7.13942546e-07 -0.987145881 -0.159821803 -7.87475011e-07 -0.990039917 0.140786943 3.03761658e-08 -0.968221277 -0.250095101 -7.67436397e-07 -0.998519566 0.0543937164 3.07429064e-07 -0.914473615 0.404645532 3.13563098e-07 -0.933970903 0.357349062 3.15946567e-08 -0.801623347 0.597829415 -6.91905174e-07 -0.813269905 0.58188664 -6.63505684e-07 -0.682223257 0.731143917 -4.06832494e-07 -0.684774362 0.728755153 4.81226423e-08 -0.620928606 0.783867122 1.77787402e-08 -0.620928821 0.783866953 2.58838608e-07 -0.885158203 -0.465290185 -1.778646e-07 -0.911627762 -0.411016816 2.34991689e-07 -0.817761247 -0.575557593 9.1105208e-07 -0.830358458 -0.557229604 6.40065486e-07 -0.795501498 -0.605951621 -3.67328114e-07 -0.795689515 -0.60570471 -2.99189808e-07 -0.815255863 -0.579100922 7.84315289e-07 -0.815275334 -0.579073509 1.10009385e-06 -0.85956488 -0.51102663 6.14625595e-07 -0.866205615 -0.499687735 2.17356147e-07 -0.907279356 -0.420528442 2.36941526e-07 -0.916584805 -0.399840337 1.04292616e-07 -0.942248998 -0.334913161 -1.17198542e-07 -0.94859909 -0.316480279 -2.78197184e-07 -0.959594176 -0.281387665 -3.09714835e-07 -0.961522867 -0.27472491 -4.22709778e-07 -0.963987417 -0.265947853 -5.77997738e-07 -0.96398743 -0.265947803 -7.45886329e-07 -0.052358355 0.472450289 -0.879800731 -0.0595306879 0.411397058 -0.909510065 -0.0519164996 0.476523517 -0.877627492 -0.0430881037 0.429746532 -0.901920913 -0.0581294969 0.316060337 -0.946956612 -0.0234052484 0.328154528 -0.944334051 -0.0469488103 0.193134943 -0.980048317 -0.000869952977 0.18703551 -0.982352768 -0.0275515148 0.0548925946 -0.998112076 0.0201227756 0.0367122842 -0.999123257 0.0150439758 -0.0327043004 -0.999351844 0.0710805279 -0.0424425082 -0.996567204 -0.0447186204 0.463841864 -0.884788659 -0.038178846 0.488327215 -0.871825044 -0.0226216279 0.382429576 -0.923707682 -0.0201946535 0.43673174 -0.899365089 0.0026393037 0.220234917 -0.975443292 -0.00730853631 0.281868519 -0.959425205 0.00648655534 -0.00452451172 -0.999968726 -0.0165317731 0.0143098873 -0.999760935 -0.0287335076 -0.222829963 -0.974433781 -0.0572215853 -0.256980486 -0.964721058 -0.0911262482 -0.373939142 -0.922965614 -0.117433168 -0.415131891 -0.90215019 -0.15750688 -0.450278726 -0.878886029 -0.182227424 -0.473765283 -0.861591331 -0.216188685 -0.473561099 -0.853816337 -0.239158178 -0.479936387 -0.844076081 -0.251615433 -0.473350134 -0.844173753 -0.254347084 -0.482916932 -0.837913359 -0.352462868 0.436290308 -0.827901379 -0.336376558 0.386109961 -0.858935334 -0.353899341 0.429797329 -0.83068015 -0.333001872 0.388489981 -0.859177099 -0.284497385 0.286360101 -0.914909357 -0.266127015 0.303010945 -0.915074193 -0.193994945 0.1569142 -0.968371775 -0.156454873 0.187474257 -0.969729486 -0.077812975 0.0353172863 -0.996342225 -0.0294567016 0.0776489355 -0.996545506 0.0176679607 0.00777079752 -0.999813712 0.0755522464 0.0469196225 -0.996037352 -0.333740111 0.427406796 -0.840202933 -0.334257729 0.433795399 -0.836715796 -0.266521768 0.37798925 -0.886617321 -0.272305688 0.376996134 -0.885281609 -0.131241935 0.266701709 -0.954801421 -0.144532519 0.254088781 -0.95632068 0.0857897421 0.078191016 -0.993240296 0.0734830603 0.0478125601 -0.996149687 0.333062148 -0.154053955 -0.930234908 0.347872035 -0.208371967 -0.914093087 0.516290458 -0.346487633 -0.783192494 0.551708386 -0.399209051 -0.732290919 0.611575975 -0.465140332 -0.640015077 0.645860364 -0.496491422 -0.579966084 0.644807303 -0.533312434 -0.547541222 0.670542678 -0.546377397 -0.501840868 0.653871299 -0.558579236 -0.510334754 0.676738392 -0.56182677 -0.47578969 -0.621505604 -0.383101836 -0.683347472 -0.739068273 -0.297102061 -0.604572951 -0.602765796 -0.394872848 -0.693360533 -0.729712799 -0.304853015 -0.612032573 -0.819900609 -0.221000842 -0.528130305 -0.816305207 -0.22480435 -0.532079705 -0.878337629 -0.151224498 -0.453491081 -0.877702828 -0.152082415 -0.454432267 -0.9231883 -0.0819146146 -0.375517455 -0.923909794 -0.0806149381 -0.374021289 -0.941827699 -0.0454155137 -0.333013537 -0.941827973 -0.0454126096 -0.33301316 -0.424295033 -0.487469813 -0.763116575 -0.452581909 -0.474858087 -0.7547711 -0.205235427 -0.563934169 -0.799910415 -0.233441279 -0.556022717 -0.797711669 0.0182030463 -0.608398055 -0.793423251 0.00347585394 -0.606437148 -0.795123829 0.21212589 -0.621414592 -0.75421914 0.213474406 -0.621419729 -0.753834331 0.365447491 -0.613830674 -0.699757126 0.376489749 -0.612613571 -0.694953295 0.48470779 -0.595313694 -0.640827562 0.499646679 -0.592100864 -0.632273487 0.582250687 -0.570193839 -0.57953699 0.598482195 -0.564984927 -0.567988639 0.668982384 -0.538319523 -0.512517961 0.685351384 -0.531072488 -0.49825244 0.717610687 -0.515435607 -0.468359944 0.717610841 -0.515435816 -0.468359477 0.589408169 0.258378305 -0.765400981 0.570197233 0.318186524 -0.757385273 0.585495179 0.247850363 -0.771858532 0.559542922 0.298404206 -0.77321837 0.541877044 0.392971952 -0.742928203 0.521199267 0.365940689 -0.770998532 0.505065473 0.472167771 -0.722472466 0.472948965 0.443268467 -0.76146723 0.462035375 0.545799913 -0.699017716 0.420598656 0.521534131 -0.742360372 0.41809039 0.571284045 -0.706282497 0.370591003 0.559844587 -0.741104815 0.598942353 0.219494563 -0.770123493 0.599716498 0.222583069 -0.768633137 0.600385728 0.217348836 -0.769607992 0.600879684 0.21761806 -0.76914627 0.58936812 0.244922779 -0.769842875 0.590951539 0.248395345 -0.767512887 0.563642696 0.304839624 -0.767710697 0.56534643 0.317653353 -0.761235681 0.519497466 0.396686939 -0.756810316 0.517037854 0.423202935 -0.744023611 0.453816514 0.513202636 -0.72847349 0.440183191 0.55276791 -0.70759197 0.367997188 0.637591251 -0.67679795 0.338144171 0.682244113 -0.648229504 0.271227448 0.748069029 -0.605663603 0.227941293 0.786533397 -0.573940748 0.188678547 0.815115894 -0.547710221 0.143695515 0.84401679 -0.516708097 -0.384577408 -0.207635909 0.89943735 -0.40498042 -0.331574206 0.852085328 -0.381372665 -0.191026959 0.904468679 -0.403452492 -0.320731486 0.856946557 -0.417205812 -0.439148739 0.795668081 -0.41672313 -0.433711359 0.798896921 -0.423121755 -0.537143411 0.729688246 -0.423083198 -0.535914923 0.730613306 -0.422969016 -0.631734037 0.649622443 -0.422898612 -0.633551235 0.647896286 -0.420191569 -0.678732314 0.602296847 -0.420190906 -0.678733042 0.602296488 -0.348651312 -0.0447955714 0.936181403 -0.353559591 -0.0646519868 0.933175083 -0.305933055 0.108430387 0.945858244 -0.311147608 0.0912614766 0.945969613 -0.257124259 0.25429162 0.932321236 -0.260297363 0.245511707 0.933792956 -0.206954472 0.382783315 0.90035925 -0.206537429 0.383778226 0.900031424 -0.157908556 0.492597942 0.855810817 -0.153774722 0.501236068 0.85153728 -0.109198869 0.588878223 0.800810868 -0.101642685 0.60277834 0.791408262 -0.0573841247 0.678966607 0.731923089 -0.0463225598 0.696651082 0.715913047 0.00218041698 0.767974765 0.64047639 0.0166973536 0.787369691 0.616254954 0.0424288649 0.819533728 0.571458012 0.042428951 0.819533559 0.571458249 -0.00219853392 0.110424036 -0.993882135 -0.00557581366 0.2356641 -0.971818575 -0.0187758772 0.103078413 -0.994496007 -0.0398235884 0.224674578 -0.973619749 -0.0100003666 0.379856962 -0.924991179 -0.0653615912 0.36518019 -0.928639484 -0.0146335948 0.515136577 -0.856983176 -0.0908839476 0.499424298 -0.86157732 -0.0208151556 0.621642399 -0.783024557 -0.109454667 0.610569172 -0.784362774 -0.0708135471 0.663486695 -0.744829408 -0.145395957 0.670388412 -0.727625861 -0.00506656658 0.0232579069 -0.99971666 -0.000107218075 0.026753859 -0.999642046 -0.000288645263 -0.00310785293 -0.999995129 0.000869356063 -0.00189695805 -0.999997823 -0.00407488431 0.0261829396 -0.999648863 -3.4241177e-05 0.0307203434 -0.999528018 -0.0141464239 0.107626396 -0.994090759 -0.0046441162 0.123886781 -0.992285492 -0.0269045985 0.230553039 -0.97268774 -0.014789947 0.264692403 -0.964219471 -0.038961588 0.374224739 -0.926519206 -0.0302375944 0.423514821 -0.905384385 -0.0490317153 0.512132703 -0.857505677 -0.0476481707 0.565601424 -0.823301088 -0.0572758921 0.624246778 -0.779124786 -0.0634445942 0.671930099 -0.737892082 -0.0687649713 0.692852601 -0.717792904 -0.0781067106 0.726121114 -0.683116 0.818356514 0.0932082004 0.56710215 0.858484037 -0.00862481341 0.512767756 0.80762361 0.115972764 0.578181998 0.852392231 0.00917398801 0.522822459 0.885498227 -0.108902188 0.451700348 0.88284423 -0.0965414761 0.459636605 0.900007399 -0.212200425 0.380733059 0.899476686 -0.205309657 0.385732596 0.899280008 -0.32342977 0.294429366 0.899414877 -0.321893901 0.29569781 0.891476386 -0.380879237 0.245358634 0.891476499 -0.380879272 0.245358168 0.746875885 0.225129078 0.625694262 0.762827043 0.199039906 0.615205672 0.669455052 0.334495634 0.663281693 0.689683809 0.308220926 0.655237441 0.577000724 0.439506176 0.68840721 0.598509337 0.416988446 0.684037433 0.473229133 0.53535069 0.699609768 0.491608972 0.519757608 0.69869353 0.362153492 0.618957289 0.696948149 0.373285172 0.611336955 0.697800335 0.246195401 0.689452629 0.681206941 0.247801932 0.688581305 0.681505678 0.125665077 0.747069936 0.652759374 0.117831561 0.750298903 0.650513089 -2.40378388e-05 0.791576381 0.611070235 -0.0150378428 0.795860364 0.605293437 -0.0730404523 0.810346174 0.581381261 -0.0730400299 0.810346314 0.581381118 0.216055622 -0.0470971852 -0.975244494 0.303438551 -0.0775899913 -0.949686706 0.205551715 -0.0328306666 -0.978095414 0.29275768 -0.0557005027 -0.954562934 0.381689474 -0.113653843 -0.917276376 0.372870231 -0.0840317377 -0.924070592 0.44977391 -0.153877807 -0.879786935 0.445700566 -0.117838948 -0.88739224 0.508106514 -0.195491276 -0.838815195 0.511720076 -0.156657507 -0.844749069 0.537866764 -0.20159826 -0.818570391 0.546422603 -0.162824389 -0.821529401 0.113379284 -0.015151166 -0.993436249 0.122504533 -0.0223599822 -0.99221604 0.0211841232 -0.00203122589 -0.999773528 0.0278293357 -0.00301376592 -0.999608146 -0.0641784191 0.00764608865 -0.997909148 -0.0614149712 0.0113083786 -0.998048256 -0.136535538 0.0151127939 -0.990519889 -0.138447548 0.0209542349 -0.990148068 -0.192607988 0.0211089617 -0.981048712 -0.198168715 0.0265895633 -0.979807203 -0.232280322 0.0257270655 -0.972308578 -0.23899693 0.0293410125 -0.970576928 -0.257585728 0.0288302164 -0.965825249 -0.263104674 0.0304689726 -0.964286043 -0.271623325 0.030500969 -0.961920194 -0.274861032 0.0309066074 -0.960987094 -0.27686615 0.0309152183 -0.96041105 -0.278903333 0.0309735257 -0.959819552 0.85386525 0.520494126 -2.50996281e-07 0.928053739 0.372446314 -7.86486507e-07 0.840972137 0.541078428 -5.63009689e-07 0.922649882 0.385638684 -9.12943602e-07 0.969711528 0.24425305 -8.90403609e-07 0.968089285 0.250605541 -1.09551149e-06 0.991694306 0.128617271 -1.43633773e-06 0.991510333 0.130027915 -1.22254778e-06 0.999882115 0.0153543236 -5.6823433e-07 0.999912262 0.0132464317 3.90286064e-09 0.999045493 -0.0436818337 7.52498477e-08 0.999045504 -0.0436815815 3.38709257e-07 0.707428766 0.706784649 1.4015638e-07 0.729732293 0.683732974 1.48126489e-07 0.523019136 0.852320939 7.64497319e-08 0.547829639 0.836589915 -3.55968239e-08 0.316446391 0.948610395 3.13389313e-07 0.330596426 0.94377222 2.39836341e-07 0.123068434 0.992398186 5.68760074e-08 0.121677315 0.992569711 -2.50249903e-07 -0.0396733781 0.999212702 -2.77872746e-07 -0.0517636611 0.998659363 -9.70816309e-08 -0.173213689 0.984884266 2.57991902e-07 -0.19043379 0.981700041 3.55700441e-07 -0.287933264 0.957650477 1.51347129e-07 -0.307590003 0.951518991 -1.12132018e-07 -0.395193726 0.9185978 -9.93314454e-08 -0.416115494 0.90931177 -9.15278252e-08 -0.458093963 0.888903775 -1.49650709e-08 -0.458093988 0.888903762 6.61303443e-08 0.186475247 -0.11623173 -0.975559925 0.154279514 -0.0924846823 -0.983689186 0.182490552 -0.117991148 -0.976102089 0.142327613 -0.0960436461 -0.985148958 0.0998387693 -0.0544442111 -0.993512983 0.0805270276 -0.0601402643 -0.994936453 0.0323817527 -0.00912713971 -0.999433898 0.00876402865 -0.0175000043 -0.999808452 -0.0373604228 0.0360876766 -0.998650028 -0.0623356523 0.0253642836 -0.99773289 -0.0889353421 0.0496279748 -0.994800266 -0.11206721 0.0311407951 -0.993212561 0.190569735 -0.120536436 -0.974245423 0.189705434 -0.119884548 -0.974494507 0.159977154 -0.10095815 -0.981944378 0.159270651 -0.0995890985 -0.982198998 0.0903377182 -0.059108702 -0.99415555 0.0924185795 -0.0539273488 -0.994258843 -0.0103115528 0.00177670411 -0.999945256 -0.00919167869 0.0144842879 -0.999852848 -0.125970467 0.0740755738 -0.9892645 -0.133413926 0.0955134127 -0.986447116 -0.238555513 0.147338176 -0.959886831 -0.257553769 0.173163598 -0.950621073 -0.335318786 0.212181085 -0.917900048 -0.361674039 0.235514736 -0.902066904 -0.411310983 0.263362219 -0.872618827 -0.438807941 0.280073751 -0.853818649 -0.460302703 0.291032689 -0.838702209 -0.484374977 0.302936881 -0.820737551 0.979062846 -0.203558207 9.59020762e-08 0.93597551 -0.352065114 -1.79855689e-06 0.976923784 -0.213588201 -6.27486454e-07 0.928661879 -0.370927371 -2.17739609e-06 0.874259335 -0.48545918 -1.76825771e-06 0.859619709 -0.510934394 -1.38882421e-06 0.796826597 -0.604208055 -1.37642934e-06 0.774391412 -0.632706836 -3.64512475e-07 0.70419206 -0.710009537 1.06570814e-06 0.674864623 -0.737941556 1.03193478e-06 0.636268049 -0.771468061 1.68229927e-07 0.636267359 -0.77146863 -1.55542865e-06 0.998983816 -0.0450703454 3.84325122e-07 0.999090338 -0.042643831 -1.64730581e-08 0.992302431 0.123838142 -9.51168658e-07 0.992336304 0.123566421 -1.12834814e-06 0.959402812 0.282039437 -5.79726385e-07 0.95855307 0.284914042 -1.9619396e-07 0.906254642 0.422732213 -3.40331119e-08 0.901730797 0.432298011 -1.84416507e-07 0.83861001 0.544732275 -5.35094112e-07 0.827627812 0.561277298 -5.31914105e-07 0.759405868 0.650617189 -1.40750924e-07 0.740246804 0.672335236 -1.25905741e-07 0.668167254 0.744011102 -4.5097655e-07 0.640087675 0.768301873 -8.837865e-07 0.56173552 0.827316871 -1.0710772e-06 0.525171491 0.850996419 -1.28510961e-06 0.482766138 0.875749311 -1.29726189e-06 0.482766202 0.875749276 -1.38504322e-06 0.821564745 -0.460214304 0.336502843 0.839464808 -0.425012264 0.338619862 0.823100956 -0.459946979 0.333096972 0.843898434 -0.423941721 0.328799104 0.866186265 -0.366634127 0.339559673 0.873479592 -0.364879698 0.322329348 0.89374175 -0.295529367 0.337473075 0.903094367 -0.292982974 0.313976975 0.91664976 -0.222993136 0.331703602 0.926830948 -0.218960761 0.305025537 0.93169279 -0.184228199 0.313063117 0.941293755 -0.184658294 0.282608176 0.819351349 -0.465084934 0.335200494 0.819914506 -0.46408936 0.335203325 0.83608685 -0.434764874 0.33457179 0.83780678 -0.430945253 0.335210366 0.869106196 -0.368353683 0.330106019 0.871570754 -0.358484194 0.334445067 0.907454773 -0.271160273 0.320932922 0.910388008 -0.251045706 0.328891667 0.938781904 -0.155524498 0.307409609 0.940977332 -0.122922589 0.315359633 0.955931728 -0.0375244589 0.291181121 0.955631771 0.0048117973 0.294524641 0.959151814 0.0691950969 0.274298809 0.955835378 0.114659297 0.270614071 0.953131142 0.157246598 0.258485075 0.948012163 0.199231196 0.248152915 0.946467265 0.210782502 0.244479964 0.940990594 0.246165628 0.232248114 0.531971789 -0.846762078 -2.37561244e-07 0.422548466 -0.90634033 -1.63612228e-06 0.558517568 -0.829492692 -6.20390582e-07 0.447996507 -0.894035307 -1.68893943e-06 0.32127394 -0.946986302 -5.24536674e-07 0.345874116 -0.938280926 -3.67609253e-07 0.216876866 -0.976198968 -1.0241481e-06 0.242680953 -0.970106157 -8.03683481e-07 0.0957134487 -0.995408929 2.43145199e-07 0.124589454 -0.992208379 2.23036365e-07 0.044631346 -0.999003525 -3.93614589e-07 0.0446298717 -0.999003591 -1.41622727e-06 0.67806916 -0.734998105 -2.71741812e-07 0.653737888 -0.756721068 -2.6632986e-07 0.795311564 -0.606200887 -2.95643544e-07 0.779053825 -0.626957046 -9.83220201e-08 0.892313932 -0.451415382 1.06840878e-07 0.886597772 -0.462541232 4.37012892e-07 0.957291539 -0.289124382 4.21871594e-07 0.957958744 -0.286905985 2.88749775e-07 0.990611165 -0.136709618 -5.01457826e-08 0.992170679 -0.124889328 -4.10829494e-07 0.999998649 -0.00164377299 -5.34333754e-07 0.999893656 0.014583456 -8.19173424e-07 0.992874408 0.11916547 -9.38476313e-07 0.990572913 0.136986514 -1.20964432e-06 0.972218732 0.234074214 -1.17012596e-06 0.967636797 0.252347039 -1.11001963e-06 0.954007322 0.299783306 -9.45090348e-07 0.95400725 0.299783535 -6.84962092e-07 -0.0775380042 -0.996989397 -3.58475367e-07 -0.241006164 -0.970523585 -1.20232175e-06 -0.0533015551 -0.998578462 -8.78951483e-07 -0.227146101 -0.973860693 -1.36947111e-06 -0.369337507 -0.929295327 -1.06263529e-06 -0.363236734 -0.931696879 -1.22660753e-06 -0.475973552 -0.879459594 -1.66091777e-06 -0.474722065 -0.880135763 -1.71874905e-06 -0.572614648 -0.819824655 -1.49006073e-06 -0.574341179 -0.818616033 -4.61989734e-07 -0.619999065 -0.784602549 2.60801267e-08 -0.619997668 -0.784603653 1.63239633e-06 0.159216732 -0.987243654 1.85406922e-07 0.12747264 -0.991842087 1.82234568e-07 0.385141359 -0.922857591 -2.04533046e-07 0.357866699 -0.933772684 -4.48217678e-07 0.584099371 -0.811682158 -3.16516914e-07 0.571896314 -0.820325915 -2.47272297e-07 0.7327605 -0.680486627 -2.83393999e-07 0.733713724 -0.679458734 -4.90337594e-07 0.83351196 -0.552501414 -6.86163408e-07 0.840137608 -0.542373302 -7.29125308e-07 0.90003193 -0.435823961 -4.91567572e-07 0.907525754 -0.419996436 -4.91896034e-07 0.945073372 -0.326858258 -6.56249125e-07 0.951602909 -0.307330284 -8.28768799e-07 0.976165804 -0.217026087 -7.62234896e-07 0.980877509 -0.194626086 -7.44927467e-07 0.988890969 -0.148642699 -7.0843308e-07 0.988890969 -0.148642699 -7.08432967e-07 -0.894791473 -0.430430594 -0.118649578 -0.951429321 -0.296615854 -0.0824698851 -0.831499602 -0.545690486 -0.104068755 -0.919376702 -0.387043562 -0.0703118899 -0.980768161 -0.188655408 -0.0500294961 -0.968745895 -0.244933236 -0.039231376 -0.994682213 -0.0997575497 -0.0256071573 -0.991831998 -0.126366072 -0.017346599 -0.999652778 -0.0243512247 -0.0100668838 -0.999436762 -0.0331262401 -0.00536754466 -0.999941018 0.0101624214 -0.00383221726 -0.999973371 0.00722740216 -0.0010113835 -0.690170851 -0.712383461 -0.127177047 -0.788187658 -0.597539414 -0.147332498 -0.490145606 -0.86313429 -0.121476264 -0.597957299 -0.788276829 -0.145143754 -0.264849229 -0.961296656 -0.0759185403 -0.323152433 -0.942658364 -0.0834728359 -0.072238204 -0.99738261 0.00309376856 -0.060779503 -0.997594747 0.0333252629 0.0502431753 -0.993373288 0.10336892 0.0883033623 -0.981749779 0.168433627 0.091051405 -0.972061838 0.216345613 0.120001788 -0.945538759 0.302582263 0.0616523606 -0.939514215 0.336915458 0.0774645354 -0.896395897 0.436432861 0.00118013003 -0.884348456 0.466825895 0.0205764715 -0.815767516 0.578013814 -0.0180244392 -0.815385533 0.57863767 0.0118206415 -0.726336921 0.687237186</float_array>
        <technique_common><accessor source="#vfx_kurp_1025-mesh-normals-array" count="840" stride="3"><param name="X" type="float"/><param name="Y" type="float"/><param name="Z" type="float"/></accessor></technique_common>
      </source>
      <source id="vfx_kurp_1025-mesh-uv0">
        <float_array id="vfx_kurp_1025-mesh-uv0-array" count="1680">0.699999928 -14.1000004 0.699999928 -15.1000004 0.300000042 -14.1000004 0.300000042 -15.1000004 0.699999928 -16.1000004 0.300000042 -16.1000004 0.699999928 -17.1000004 0.300000042 -17.1000004 0.699999928 -18.1000004 0.300000042 -18.1000004 0.699999928 -19.1000004 0.300000042 -19.1000004 0.300000042 -13.1000004 0.699999928 -13.1000004 0.300000042 -12.1000004 0.699999928 -12.1000004 0.300000042 -11.1000004 0.699999928 -11.1000004 0.300000042 -10.0999994 0.699999928 -10.0999994 0.300000042 -9.09999943 0.699999928 -9.09999943 0.300000042 -8.09999943 0.699999928 -8.09999943 0.300000042 -7.09999943 0.699999928 -7.09999943 0.300000042 -6.0999999 0.699999928 -6.0999999 0.300000042 -5.09999943 0.699999928 -5.09999943 0.699999928 -14.1000004 0.699999928 -15.1000004 0.300000042 -14.1000004 0.300000042 -15.1000004 0.699999928 -16.1000004 0.300000042 -16.1000004 0.699999928 -17.1000004 0.300000042 -17.1000004 0.699999928 -18.1000004 0.300000042 -18.1000004 0.699999928 -19.1000004 0.300000042 -19.1000004 0.300000042 -13.1000004 0.699999928 -13.1000004 0.300000042 -12.1000004 0.699999928 -12.1000004 0.300000042 -11.1000004 0.699999928 -11.1000004 0.300000042 -10.0999994 0.699999928 -10.0999994 0.300000042 -9.09999943 0.699999928 -9.09999943 0.300000042 -8.09999943 0.699999928 -8.09999943 0.300000042 -7.09999943 0.699999928 -7.09999943 0.300000042 -6.0999999 0.699999928 -6.0999999 0.300000042 -5.09999943 0.699999928 -5.09999943 0.699999928 -14.1000004 0.699999928 -15.1000004 0.300000042 -14.1000004 0.300000042 -15.1000004 0.699999928 -16.1000004 0.300000042 -16.1000004 0.699999928 -17.1000004 0.300000042 -17.1000004 0.699999928 -18.1000004 0.300000042 -18.1000004 0.699999928 -19.1000004 0.300000042 -19.1000004 0.300000042 -13.1000004 0.699999928 -13.1000004 0.300000042 -12.1000004 0.699999928 -12.1000004 0.300000042 -11.1000004 0.699999928 -11.1000004 0.300000042 -10.0999994 0.699999928 -10.0999994 0.300000042 -9.09999943 0.699999928 -9.09999943 0.300000042 -8.09999943 0.699999928 -8.09999943 0.300000042 -7.09999943 0.699999928 -7.09999943 0.300000042 -6.0999999 0.699999928 -6.0999999 0.300000042 -5.09999943 0.699999928 -5.09999943 0.699999928 -14.1000004 0.699999928 -15.1000004 0.300000042 -14.1000004 0.300000042 -15.1000004 0.699999928 -16.1000004 0.300000042 -16.1000004 0.699999928 -17.1000004 0.300000042 -17.1000004 0.699999928 -18.1000004 0.300000042 -18.1000004 0.699999928 -19.1000004 0.300000042 -19.1000004 0.300000042 -13.1000004 0.699999928 -13.1000004 0.300000042 -12.1000004 0.699999928 -12.1000004 0.300000042 -11.1000004 0.699999928 -11.1000004 0.300000042 -10.0999994 0.699999928 -10.0999994 0.300000042 -9.09999943 0.699999928 -9.09999943 0.300000042 -8.09999943 0.699999928 -8.09999943 0.300000042 -7.09999943 0.699999928 -7.09999943 0.300000042 -6.0999999 0.699999928 -6.0999999 0.300000042 -5.09999943 0.699999928 -5.09999943 0.699999928 -14.1000004 0.699999928 -15.1000004 0.300000042 -14.1000004 0.300000042 -15.1000004 0.699999928 -16.1000004 0.300000042 -16.1000004 0.699999928 -17.1000004 0.300000042 -17.1000004 0.699999928 -18.1000004 0.300000042 -18.1000004 0.699999928 -19.1000004 0.300000042 -19.1000004 0.300000042 -13.1000004 0.699999928 -13.1000004 0.300000042 -12.1000004 0.699999928 -12.1000004 0.300000042 -11.1000004 0.699999928 -11.1000004 0.300000042 -10.0999994 0.699999928 -10.0999994 0.300000042 -9.09999943 0.699999928 -9.09999943 0.300000042 -8.09999943 0.699999928 -8.09999943 0.300000042 -7.09999943 0.699999928 -7.09999943 0.300000042 -6.0999999 0.699999928 -6.0999999 0.300000042 -5.09999943 0.699999928 -5.09999943 0.699999928 -14.1000004 0.699999928 -15.1000004 0.300000042 -14.1000004 0.300000042 -15.1000004 0.699999928 -16.1000004 0.300000042 -16.1000004 0.699999928 -17.1000004 0.300000042 -17.1000004 0.699999928 -18.1000004 0.300000042 -18.1000004 0.699999928 -19.1000004 0.300000042 -19.1000004 0.300000042 -13.1000004 0.699999928 -13.1000004 0.300000042 -12.1000004 0.699999928 -12.1000004 0.300000042 -11.1000004 0.699999928 -11.1000004 0.300000042 -10.0999994 0.699999928 -10.0999994 0.300000042 -9.09999943 0.699999928 -9.09999943 0.300000042 -8.09999943 0.699999928 -8.09999943 0.300000042 -7.09999943 0.699999928 -7.09999943 0.300000042 -6.0999999 0.699999928 -6.0999999 0.300000042 -5.09999943 0.699999928 -5.09999943 0.699999928 -14.1000004 0.699999928 -15.1000004 0.300000042 -14.1000004 0.300000042 -15.1000004 0.699999928 -16.1000004 0.300000042 -16.1000004 0.699999928 -17.1000004 0.300000042 -17.1000004 0.699999928 -18.1000004 0.300000042 -18.1000004 0.699999928 -19.1000004 0.300000042 -19.1000004 0.300000042 -13.1000004 0.699999928 -13.1000004 0.300000042 -12.1000004 0.699999928 -12.1000004 0.300000042 -11.1000004 0.699999928 -11.1000004 0.300000042 -10.0999994 0.699999928 -10.0999994 0.300000042 -9.09999943 0.699999928 -9.09999943 0.300000042 -8.09999943 0.699999928 -8.09999943 0.300000042 -7.09999943 0.699999928 -7.09999943 0.300000042 -6.0999999 0.699999928 -6.0999999 0.300000042 -5.09999943 0.699999928 -5.09999943 0.699999928 -14.1000004 0.699999928 -15.1000004 0.300000042 -14.1000004 0.300000042 -15.1000004 0.699999928 -16.1000004 0.300000042 -16.1000004 0.699999928 -17.1000004 0.300000042 -17.1000004 0.699999928 -18.1000004 0.300000042 -18.1000004 0.699999928 -19.1000004 0.300000042 -19.1000004 0.300000042 -13.1000004 0.699999928 -13.1000004 0.300000042 -12.1000004 0.699999928 -12.1000004 0.300000042 -11.1000004 0.699999928 -11.1000004 0.300000042 -10.0999994 0.699999928 -10.0999994 0.300000042 -9.09999943 0.699999928 -9.09999943 0.300000042 -8.09999943 0.699999928 -8.09999943 0.300000042 -7.09999943 0.699999928 -7.09999943 0.300000042 -6.0999999 0.699999928 -6.0999999 0.300000042 -5.09999943 0.699999928 -5.09999943 0.699999928 -14.1000004 0.699999928 -15.1000004 0.300000042 -14.1000004 0.300000042 -15.1000004 0.699999928 -16.1000004 0.300000042 -16.1000004 0.699999928 -17.1000004 0.300000042 -17.1000004 0.699999928 -18.1000004 0.300000042 -18.1000004 0.699999928 -19.1000004 0.300000042 -19.1000004 0.300000042 -13.1000004 0.699999928 -13.1000004 0.300000042 -12.1000004 0.699999928 -12.1000004 0.300000042 -11.1000004 0.699999928 -11.1000004 0.300000042 -10.0999994 0.699999928 -10.0999994 0.300000042 -9.09999943 0.699999928 -9.09999943 0.300000042 -8.09999943 0.699999928 -8.09999943 0.300000042 -7.09999943 0.699999928 -7.09999943 0.300000042 -6.0999999 0.699999928 -6.0999999 0.300000042 -5.09999943 0.699999928 -5.09999943 0.699999928 -14.1000004 0.699999928 -15.1000004 0.300000042 -14.1000004 0.300000042 -15.1000004 0.699999928 -16.1000004 0.300000042 -16.1000004 0.699999928 -17.1000004 0.300000042 -17.1000004 0.699999928 -18.1000004 0.300000042 -18.1000004 0.699999928 -19.1000004 0.300000042 -19.1000004 0.300000042 -13.1000004 0.699999928 -13.1000004 0.300000042 -12.1000004 0.699999928 -12.1000004 0.300000042 -11.1000004 0.699999928 -11.1000004 0.300000042 -10.0999994 0.699999928 -10.0999994 0.300000042 -9.09999943 0.699999928 -9.09999943 0.300000042 -8.09999943 0.699999928 -8.09999943 0.300000042 -7.09999943 0.699999928 -7.09999943 0.300000042 -6.0999999 0.699999928 -6.0999999 0.300000042 -5.09999943 0.699999928 -5.09999943 0.699999928 -14.1000004 0.699999928 -15.1000004 0.300000042 -14.1000004 0.300000042 -15.1000004 0.699999928 -16.1000004 0.300000042 -16.1000004 0.699999928 -17.1000004 0.300000042 -17.1000004 0.699999928 -18.1000004 0.300000042 -18.1000004 0.699999928 -19.1000004 0.300000042 -19.1000004 0.300000042 -13.1000004 0.699999928 -13.1000004 0.300000042 -12.1000004 0.699999928 -12.1000004 0.300000042 -11.1000004 0.699999928 -11.1000004 0.300000042 -10.0999994 0.699999928 -10.0999994 0.300000042 -9.09999943 0.699999928 -9.09999943 0.300000042 -8.09999943 0.699999928 -8.09999943 0.300000042 -7.09999943 0.699999928 -7.09999943 0.300000042 -6.0999999 0.699999928 -6.0999999 0.300000042 -5.09999943 0.699999928 -5.09999943 0.699999928 -14.1000004 0.699999928 -15.1000004 0.300000042 -14.1000004 0.300000042 -15.1000004 0.699999928 -16.1000004 0.300000042 -16.1000004 0.699999928 -17.1000004 0.300000042 -17.1000004 0.699999928 -18.1000004 0.300000042 -18.1000004 0.699999928 -19.1000004 0.300000042 -19.1000004 0.300000042 -13.1000004 0.699999928 -13.1000004 0.300000042 -12.1000004 0.699999928 -12.1000004 0.300000042 -11.1000004 0.699999928 -11.1000004 0.300000042 -10.0999994 0.699999928 -10.0999994 0.300000042 -9.09999943 0.699999928 -9.09999943 0.300000042 -8.09999943 0.699999928 -8.09999943 0.300000042 -7.09999943 0.699999928 -7.09999943 0.300000042 -6.0999999 0.699999928 -6.0999999 0.300000042 -5.09999943 0.699999928 -5.09999943 0.699999928 -14.1000004 0.699999928 -15.1000004 0.300000042 -14.1000004 0.300000042 -15.1000004 0.699999928 -16.1000004 0.300000042 -16.1000004 0.699999928 -17.1000004 0.300000042 -17.1000004 0.699999928 -18.1000004 0.300000042 -18.1000004 0.699999928 -19.1000004 0.300000042 -19.1000004 0.300000042 -13.1000004 0.699999928 -13.1000004 0.300000042 -12.1000004 0.699999928 -12.1000004 0.300000042 -11.1000004 0.699999928 -11.1000004 0.300000042 -10.0999994 0.699999928 -10.0999994 0.300000042 -9.09999943 0.699999928 -9.09999943 0.300000042 -8.09999943 0.699999928 -8.09999943 0.300000042 -7.09999943 0.699999928 -7.09999943 0.300000042 -6.0999999 0.699999928 -6.0999999 0.300000042 -5.09999943 0.699999928 -5.09999943 0.699999928 -14.1000004 0.699999928 -15.1000004 0.300000042 -14.1000004 0.300000042 -15.1000004 0.699999928 -16.1000004 0.300000042 -16.1000004 0.699999928 -17.1000004 0.300000042 -17.1000004 0.699999928 -18.1000004 0.300000042 -18.1000004 0.699999928 -19.1000004 0.300000042 -19.1000004 0.300000042 -13.1000004 0.699999928 -13.1000004 0.300000042 -12.1000004 0.699999928 -12.1000004 0.300000042 -11.1000004 0.699999928 -11.1000004 0.300000042 -10.0999994 0.699999928 -10.0999994 0.300000042 -9.09999943 0.699999928 -9.09999943 0.300000042 -8.09999943 0.699999928 -8.09999943 0.300000042 -7.09999943 0.699999928 -7.09999943 0.300000042 -6.0999999 0.699999928 -6.0999999 0.300000042 -5.09999943 0.699999928 -5.09999943 0.699999928 -14.1000004 0.699999928 -15.1000004 0.300000042 -14.1000004 0.300000042 -15.1000004 0.699999928 -16.1000004 0.300000042 -16.1000004 0.699999928 -17.1000004 0.300000042 -17.1000004 0.699999928 -18.1000004 0.300000042 -18.1000004 0.699999928 -19.1000004 0.300000042 -19.1000004 0.300000042 -13.1000004 0.699999928 -13.1000004 0.300000042 -12.1000004 0.699999928 -12.1000004 0.300000042 -11.1000004 0.699999928 -11.1000004 0.300000042 -10.0999994 0.699999928 -10.0999994 0.300000042 -9.09999943 0.699999928 -9.09999943 0.300000042 -8.09999943 0.699999928 -8.09999943 0.300000042 -7.09999943 0.699999928 -7.09999943 0.300000042 -6.0999999 0.699999928 -6.0999999 0.300000042 -5.09999943 0.699999928 -5.09999943 0.699999928 -14.1000004 0.699999928 -15.1000004 0.300000042 -14.1000004 0.300000042 -15.1000004 0.699999928 -16.1000004 0.300000042 -16.1000004 0.699999928 -17.1000004 0.300000042 -17.1000004 0.699999928 -18.1000004 0.300000042 -18.1000004 0.699999928 -19.1000004 0.300000042 -19.1000004 0.300000042 -13.1000004 0.699999928 -13.1000004 0.300000042 -12.1000004 0.699999928 -12.1000004 0.300000042 -11.1000004 0.699999928 -11.1000004 0.300000042 -10.0999994 0.699999928 -10.0999994 0.300000042 -9.09999943 0.699999928 -9.09999943 0.300000042 -8.09999943 0.699999928 -8.09999943 0.300000042 -7.09999943 0.699999928 -7.09999943 0.300000042 -6.0999999 0.699999928 -6.0999999 0.300000042 -5.09999943 0.699999928 -5.09999943 0.699999928 -14.1000004 0.699999928 -15.1000004 0.300000042 -14.1000004 0.300000042 -15.1000004 0.699999928 -16.1000004 0.300000042 -16.1000004 0.699999928 -17.1000004 0.300000042 -17.1000004 0.699999928 -18.1000004 0.300000042 -18.1000004 0.699999928 -19.1000004 0.300000042 -19.1000004 0.300000042 -13.1000004 0.699999928 -13.1000004 0.300000042 -12.1000004 0.699999928 -12.1000004 0.300000042 -11.1000004 0.699999928 -11.1000004 0.300000042 -10.0999994 0.699999928 -10.0999994 0.300000042 -9.09999943 0.699999928 -9.09999943 0.300000042 -8.09999943 0.699999928 -8.09999943 0.300000042 -7.09999943 0.699999928 -7.09999943 0.300000042 -6.0999999 0.699999928 -6.0999999 0.300000042 -5.09999943 0.699999928 -5.09999943 0.699999928 -14.1000004 0.699999928 -15.1000004 0.300000042 -14.1000004 0.300000042 -15.1000004 0.699999928 -16.1000004 0.300000042 -16.1000004 0.699999928 -17.1000004 0.300000042 -17.1000004 0.699999928 -18.1000004 0.300000042 -18.1000004 0.699999928 -19.1000004 0.300000042 -19.1000004 0.300000042 -13.1000004 0.699999928 -13.1000004 0.300000042 -12.1000004 0.699999928 -12.1000004 0.300000042 -11.1000004 0.699999928 -11.1000004 0.300000042 -10.0999994 0.699999928 -10.0999994 0.300000042 -9.09999943 0.699999928 -9.09999943 0.300000042 -8.09999943 0.699999928 -8.09999943 0.300000042 -7.09999943 0.699999928 -7.09999943 0.300000042 -6.0999999 0.699999928 -6.0999999 0.300000042 -5.09999943 0.699999928 -5.09999943 0.699999928 -14.1000004 0.699999928 -15.1000004 0.300000042 -14.1000004 0.300000042 -15.1000004 0.699999928 -16.1000004 0.300000042 -16.1000004 0.699999928 -17.1000004 0.300000042 -17.1000004 0.699999928 -18.1000004 0.300000042 -18.1000004 0.699999928 -19.1000004 0.300000042 -19.1000004 0.300000042 -13.1000004 0.699999928 -13.1000004 0.300000042 -12.1000004 0.699999928 -12.1000004 0.300000042 -11.1000004 0.699999928 -11.1000004 0.300000042 -10.0999994 0.699999928 -10.0999994 0.300000042 -9.09999943 0.699999928 -9.09999943 0.300000042 -8.09999943 0.699999928 -8.09999943 0.300000042 -7.09999943 0.699999928 -7.09999943 0.300000042 -6.0999999 0.699999928 -6.0999999 0.300000042 -5.09999943 0.699999928 -5.09999943 0.699999928 -14.1000004 0.699999928 -15.1000004 0.300000042 -14.1000004 0.300000042 -15.1000004 0.699999928 -16.1000004 0.300000042 -16.1000004 0.699999928 -17.1000004 0.300000042 -17.1000004 0.699999928 -18.1000004 0.300000042 -18.1000004 0.699999928 -19.1000004 0.300000042 -19.1000004 0.300000042 -13.1000004 0.699999928 -13.1000004 0.300000042 -12.1000004 0.699999928 -12.1000004 0.300000042 -11.1000004 0.699999928 -11.1000004 0.300000042 -10.0999994 0.699999928 -10.0999994 0.300000042 -9.09999943 0.699999928 -9.09999943 0.300000042 -8.09999943 0.699999928 -8.09999943 0.300000042 -7.09999943 0.699999928 -7.09999943 0.300000042 -6.0999999 0.699999928 -6.0999999 0.300000042 -5.09999943 0.699999928 -5.09999943 0.699999928 -14.1000004 0.699999928 -15.1000004 0.300000042 -14.1000004 0.300000042 -15.1000004 0.699999928 -16.1000004 0.300000042 -16.1000004 0.699999928 -17.1000004 0.300000042 -17.1000004 0.699999928 -18.1000004 0.300000042 -18.1000004 0.699999928 -19.1000004 0.300000042 -19.1000004 0.300000042 -13.1000004 0.699999928 -13.1000004 0.300000042 -12.1000004 0.699999928 -12.1000004 0.300000042 -11.1000004 0.699999928 -11.1000004 0.300000042 -10.0999994 0.699999928 -10.0999994 0.300000042 -9.09999943 0.699999928 -9.09999943 0.300000042 -8.09999943 0.699999928 -8.09999943 0.300000042 -7.09999943 0.699999928 -7.09999943 0.300000042 -6.0999999 0.699999928 -6.0999999 0.300000042 -5.09999943 0.699999928 -5.09999943 0.699999928 -14.1000004 0.699999928 -15.1000004 0.300000042 -14.1000004 0.300000042 -15.1000004 0.699999928 -16.1000004 0.300000042 -16.1000004 0.699999928 -17.1000004 0.300000042 -17.1000004 0.699999928 -18.1000004 0.300000042 -18.1000004 0.699999928 -19.1000004 0.300000042 -19.1000004 0.300000042 -13.1000004 0.699999928 -13.1000004 0.300000042 -12.1000004 0.699999928 -12.1000004 0.300000042 -11.1000004 0.699999928 -11.1000004 0.300000042 -10.0999994 0.699999928 -10.0999994 0.300000042 -9.09999943 0.699999928 -9.09999943 0.300000042 -8.09999943 0.699999928 -8.09999943 0.300000042 -7.09999943 0.699999928 -7.09999943 0.300000042 -6.0999999 0.699999928 -6.0999999 0.300000042 -5.09999943 0.699999928 -5.09999943 0.699999928 -14.1000004 0.699999928 -15.1000004 0.300000042 -14.1000004 0.300000042 -15.1000004 0.699999928 -16.1000004 0.300000042 -16.1000004 0.699999928 -17.1000004 0.300000042 -17.1000004 0.699999928 -18.1000004 0.300000042 -18.1000004 0.699999928 -19.1000004 0.300000042 -19.1000004 0.300000042 -13.1000004 0.699999928 -13.1000004 0.300000042 -12.1000004 0.699999928 -12.1000004 0.300000042 -11.1000004 0.699999928 -11.1000004 0.300000042 -10.0999994 0.699999928 -10.0999994 0.300000042 -9.09999943 0.699999928 -9.09999943 0.300000042 -8.09999943 0.699999928 -8.09999943 0.300000042 -7.09999943 0.699999928 -7.09999943 0.300000042 -6.0999999 0.699999928 -6.0999999 0.300000042 -5.09999943 0.699999928 -5.09999943 0.699999928 -14.1000004 0.699999928 -15.1000004 0.300000042 -14.1000004 0.300000042 -15.1000004 0.699999928 -16.1000004 0.300000042 -16.1000004 0.699999928 -17.1000004 0.300000042 -17.1000004 0.699999928 -18.1000004 0.300000042 -18.1000004 0.699999928 -19.1000004 0.300000042 -19.1000004 0.300000042 -13.1000004 0.699999928 -13.1000004 0.300000042 -12.1000004 0.699999928 -12.1000004 0.300000042 -11.1000004 0.699999928 -11.1000004 0.300000042 -10.0999994 0.699999928 -10.0999994 0.300000042 -9.09999943 0.699999928 -9.09999943 0.300000042 -8.09999943 0.699999928 -8.09999943 0.300000042 -7.09999943 0.699999928 -7.09999943 0.300000042 -6.0999999 0.699999928 -6.0999999 0.300000042 -5.09999943 0.699999928 -5.09999943 0.699999928 -14.1000004 0.699999928 -15.1000004 0.300000042 -14.1000004 0.300000042 -15.1000004 0.699999928 -16.1000004 0.300000042 -16.1000004 0.699999928 -17.1000004 0.300000042 -17.1000004 0.699999928 -18.1000004 0.300000042 -18.1000004 0.699999928 -19.1000004 0.300000042 -19.1000004 0.300000042 -13.1000004 0.699999928 -13.1000004 0.300000042 -12.1000004 0.699999928 -12.1000004 0.300000042 -11.1000004 0.699999928 -11.1000004 0.300000042 -10.0999994 0.699999928 -10.0999994 0.300000042 -9.09999943 0.699999928 -9.09999943 0.300000042 -8.09999943 0.699999928 -8.09999943 0.300000042 -7.09999943 0.699999928 -7.09999943 0.300000042 -6.0999999 0.699999928 -6.0999999 0.300000042 -5.09999943 0.699999928 -5.09999943 0.699999928 -14.1000004 0.699999928 -15.1000004 0.300000042 -14.1000004 0.300000042 -15.1000004 0.699999928 -16.1000004 0.300000042 -16.1000004 0.699999928 -17.1000004 0.300000042 -17.1000004 0.699999928 -18.1000004 0.300000042 -18.1000004 0.699999928 -19.1000004 0.300000042 -19.1000004 0.300000042 -13.1000004 0.699999928 -13.1000004 0.300000042 -12.1000004 0.699999928 -12.1000004 0.300000042 -11.1000004 0.699999928 -11.1000004 0.300000042 -10.0999994 0.699999928 -10.0999994 0.300000042 -9.09999943 0.699999928 -9.09999943 0.300000042 -8.09999943 0.699999928 -8.09999943 0.300000042 -7.09999943 0.699999928 -7.09999943 0.300000042 -6.0999999 0.699999928 -6.0999999 0.300000042 -5.09999943 0.699999928 -5.09999943 0.699999928 -14.1000004 0.699999928 -15.1000004 0.300000042 -14.1000004 0.300000042 -15.1000004 0.699999928 -16.1000004 0.300000042 -16.1000004 0.699999928 -17.1000004 0.300000042 -17.1000004 0.699999928 -18.1000004 0.300000042 -18.1000004 0.699999928 -19.1000004 0.300000042 -19.1000004 0.300000042 -13.1000004 0.699999928 -13.1000004 0.300000042 -12.1000004 0.699999928 -12.1000004 0.300000042 -11.1000004 0.699999928 -11.1000004 0.300000042 -10.0999994 0.699999928 -10.0999994 0.300000042 -9.09999943 0.699999928 -9.09999943 0.300000042 -8.09999943 0.699999928 -8.09999943 0.300000042 -7.09999943 0.699999928 -7.09999943 0.300000042 -6.0999999 0.699999928 -6.0999999 0.300000042 -5.09999943 0.699999928 -5.09999943 0.699999928 -14.1000004 0.699999928 -15.1000004 0.300000042 -14.1000004 0.300000042 -15.1000004 0.699999928 -16.1000004 0.300000042 -16.1000004 0.699999928 -17.1000004 0.300000042 -17.1000004 0.699999928 -18.1000004 0.300000042 -18.1000004 0.699999928 -19.1000004 0.300000042 -19.1000004 0.300000042 -13.1000004 0.699999928 -13.1000004 0.300000042 -12.1000004 0.699999928 -12.1000004 0.300000042 -11.1000004 0.699999928 -11.1000004 0.300000042 -10.0999994 0.699999928 -10.0999994 0.300000042 -9.09999943 0.699999928 -9.09999943 0.300000042 -8.09999943 0.699999928 -8.09999943 0.300000042 -7.09999943 0.699999928 -7.09999943 0.300000042 -6.0999999 0.699999928 -6.0999999 0.300000042 -5.09999943 0.699999928 -5.09999943</float_array>
        <technique_common><accessor source="#vfx_kurp_1025-mesh-uv0-array" count="840" stride="2"><param name="S" type="float"/><param name="T" type="float"/></accessor></technique_common>
      </source>
      <vertices id="vfx_kurp_1025-mesh-vertices"><input semantic="POSITION" source="#vfx_kurp_1025-mesh-positions"/></vertices>
      <triangles material="PreviewMaterial" count="784">
        <input semantic="VERTEX" source="#vfx_kurp_1025-mesh-vertices" offset="0"/>
        <input semantic="NORMAL" source="#vfx_kurp_1025-mesh-normals" offset="1"/>
        <input semantic="TEXCOORD" source="#vfx_kurp_1025-mesh-uv0" offset="2" set="0"/>
        <p>0 0 0 1 1 1 2 2 2 2 2 2 1 1 1 3 3 3 4 4 4 3 3 3 1 1 1 3 3 3 4 4 4 5 5 5 6 6 6 5 5 5 4 4 4 5 5 5 6 6 6 7 7 7 8 8 8 7 7 7 6 6 6 7 7 7 8 8 8 9 9 9 10 10 10 9 9 9 8 8 8 9 9 9 10 10 10 11 11 11 12 12 12 0 0 0 2 2 2 0 0 0 12 12 12 13 13 13 14 14 14 13 13 13 12 12 12 13 13 13 14 14 14 15 15 15 16 16 16 15 15 15 14 14 14 15 15 15 16 16 16 17 17 17 18 18 18 17 17 17 16 16 16 17 17 17 18 18 18 19 19 19 20 20 20 19 19 19 18 18 18 19 19 19 20 20 20 21 21 21 22 22 22 21 21 21 20 20 20 21 21 21 22 22 22 23 23 23 24 24 24 23 23 23 22 22 22 23 23 23 24 24 24 25 25 25 26 26 26 25 25 25 24 24 24 25 25 25 26 26 26 27 27 27 28 28 28 27 27 27 26 26 26 29 29 29 27 27 27 28 28 28 30 30 30 31 31 31 32 32 32 32 32 32 31 31 31 33 33 33 34 34 34 33 33 33 31 31 31 33 33 33 34 34 34 35 35 35 36 36 36 35 35 35 34 34 34 35 35 35 36 36 36 37 37 37 38 38 38 37 37 37 36 36 36 37 37 37 38 38 38 39 39 39 40 40 40 39 39 39 38 38 38 39 39 39 40 40 40 41 41 41 42 42 42 30 30 30 32 32 32 30 30 30 42 42 42 43 43 43 44 44 44 43 43 43 42 42 42 43 43 43 44 44 44 45 45 45 46 46 46 45 45 45 44 44 44 45 45 45 46 46 46 47 47 47 48 48 48 47 47 47 46 46 46 47 47 47 48 48 48 49 49 49 50 50 50 49 49 49 48 48 48 49 49 49 50 50 50 51 51 51 52 52 52 51 51 51 50 50 50 51 51 51 52 52 52 53 53 53 54 54 54 53 53 53 52 52 52 53 53 53 54 54 54 55 55 55 56 56 56 55 55 55 54 54 54 55 55 55 56 56 56 57 57 57 58 58 58 57 57 57 56 56 56 59 59 59 57 57 57 58 58 58 60 60 60 61 61 61 62 62 62 62 62 62 61 61 61 63 63 63 64 64 64 63 63 63 61 61 61 63 63 63 64 64 64 65 65 65 66 66 66 65 65 65 64 64 64 65 65 65 66 66 66 67 67 67 68 68 68 67 67 67 66 66 66 67 67 67 68 68 68 69 69 69 70 70 70 69 69 69 68 68 68 69 69 69 70 70 70 71 71 71 72 72 72 60 60 60 62 62 62 60 60 60 72 72 72 73 73 73 74 74 74 73 73 73 72 72 72 73 73 73 74 74 74 75 75 75 76 76 76 75 75 75 74 74 74 75 75 75 76 76 76 77 77 77 78 78 78 77 77 77 76 76 76 77 77 77 78 78 78 79 79 79 80 80 80 79 79 79 78 78 78 79 79 79 80 80 80 81 81 81 82 82 82 81 81 81 80 80 80 81 81 81 82 82 82 83 83 83 84 84 84 83 83 83 82 82 82 83 83 83 84 84 84 85 85 85 86 86 86 85 85 85 84 84 84 85 85 85 86 86 86 87 87 87 88 88 88 87 87 87 86 86 86 89 89 89 87 87 87 88 88 88 90 90 90 91 91 91 92 92 92 92 92 92 91 91 91 93 93 93 94 94 94 93 93 93 91 91 91 93 93 93 94 94 94 95 95 95 96 96 96 95 95 95 94 94 94 95 95 95 96 96 96 97 97 97 98 98 98 97 97 97 96 96 96 97 97 97 98 98 98 99 99 99 100 100 100 99 99 99 98 98 98 99 99 99 100 100 100 101 101 101 102 102 102 90 90 90 92 92 92 90 90 90 102 102 102 103 103 103 104 104 104 103 103 103 102 102 102 103 103 103 104 104 104 105 105 105 106 106 106 105 105 105 104 104 104 105 105 105 106 106 106 107 107 107 108 108 108 107 107 107 106 106 106 107 107 107 108 108 108 109 109 109 110 110 110 109 109 109 108 108 108 109 109 109 110 110 110 111 111 111 112 112 112 111 111 111 110 110 110 111 111 111 112 112 112 113 113 113 114 114 114 113 113 113 112 112 112 113 113 113 114 114 114 115 115 115 116 116 116 115 115 115 114 114 114 115 115 115 116 116 116 117 117 117 118 118 118 117 117 117 116 116 116 119 119 119 117 117 117 118 118 118 120 120 120 121 121 121 122 122 122 122 122 122 121 121 121 123 123 123 124 124 124 123 123 123 121 121 121 123 123 123 124 124 124 125 125 125 126 126 126 125 125 125 124 124 124 125 125 125 126 126 126 127 127 127 128 128 128 127 127 127 126 126 126 127 127 127 128 128 128 129 129 129 130 130 130 129 129 129 128 128 128 129 129 129 130 130 130 131 131 131 132 132 132 120 120 120 122 122 122 120 120 120 132 132 132 133 133 133 134 134 134 133 133 133 132 132 132 133 133 133 134 134 134 135 135 135 136 136 136 135 135 135 134 134 134 135 135 135 136 136 136 137 137 137 138 138 138 137 137 137 136 136 136 137 137 137 138 138 138 139 139 139 140 140 140 139 139 139 138 138 138 139 139 139 140 140 140 141 141 141 142 142 142 141 141 141 140 140 140 141 141 141 142 142 142 143 143 143 144 144 144 143 143 143 142 142 142 143 143 143 144 144 144 145 145 145 146 146 146 145 145 145 144 144 144 145 145 145 146 146 146 147 147 147 148 148 148 147 147 147 146 146 146 149 149 149 147 147 147 148 148 148 150 150 150 151 151 151 152 152 152 152 152 152 151 151 151 153 153 153 154 154 154 153 153 153 151 151 151 153 153 153 154 154 154 155 155 155 156 156 156 155 155 155 154 154 154 155 155 155 156 156 156 157 157 157 158 158 158 157 157 157 156 156 156 157 157 157 158 158 158 159 159 159 160 160 160 159 159 159 158 158 158 159 159 159 160 160 160 161 161 161 162 162 162 150 150 150 152 152 152 150 150 150 162 162 162 163 163 163 164 164 164 163 163 163 162 162 162 163 163 163 164 164 164 165 165 165 166 166 166 165 165 165 164 164 164 165 165 165 166 166 166 167 167 167 168 168 168 167 167 167 166 166 166 167 167 167 168 168 168 169 169 169 170 170 170 169 169 169 168 168 168 169 169 169 170 170 170 171 171 171 172 172 172 171 171 171 170 170 170 171 171 171 172 172 172 173 173 173 174 174 174 173 173 173 172 172 172 173 173 173 174 174 174 175 175 175 176 176 176 175 175 175 174 174 174 175 175 175 176 176 176 177 177 177 178 178 178 177 177 177 176 176 176 179 179 179 177 177 177 178 178 178 180 180 180 181 181 181 182 182 182 182 182 182 181 181 181 183 183 183 184 184 184 183 183 183 181 181 181 183 183 183 184 184 184 185 185 185 186 186 186 185 185 185 184 184 184 185 185 185 186 186 186 187 187 187 188 188 188 187 187 187 186 186 186 187 187 187 188 188 188 189 189 189 190 190 190 189 189 189 188 188 188 189 189 189 190 190 190 191 191 191 192 192 192 180 180 180 182 182 182 180 180 180 192 192 192 193 193 193 194 194 194 193 193 193 192 192 192 193 193 193 194 194 194 195 195 195 196 196 196 195 195 195 194 194 194 195 195 195 196 196 196 197 197 197 198 198 198 197 197 197 196 196 196 197 197 197 198 198 198 199 199 199 200 200 200 199 199 199 198 198 198 199 199 199 200 200 200 201 201 201 202 202 202 201 201 201 200 200 200 201 201 201 202 202 202 203 203 203 204 204 204 203 203 203 202 202 202 203 203 203 204 204 204 205 205 205 206 206 206 205 205 205 204 204 204 205 205 205 206 206 206 207 207 207 208 208 208 207 207 207 206 206 206 209 209 209 207 207 207 208 208 208 210 210 210 211 211 211 212 212 212 212 212 212 211 211 211 213 213 213 214 214 214 213 213 213 211 211 211 213 213 213 214 214 214 215 215 215 216 216 216 215 215 215 214 214 214 215 215 215 216 216 216 217 217 217 218 218 218 217 217 217 216 216 216 217 217 217 218 218 218 219 219 219 220 220 220 219 219 219 218 218 218 219 219 219 220 220 220 221 221 221 222 222 222 210 210 210 212 212 212 210 210 210 222 222 222 223 223 223 224 224 224 223 223 223 222 222 222 223 223 223 224 224 224 225 225 225 226 226 226 225 225 225 224 224 224 225 225 225 226 226 226 227 227 227 228 228 228 227 227 227 226 226 226 227 227 227 228 228 228 229 229 229 230 230 230 229 229 229 228 228 228 229 229 229 230 230 230 231 231 231 232 232 232 231 231 231 230 230 230 231 231 231 232 232 232 233 233 233 234 234 234 233 233 233 232 232 232 233 233 233 234 234 234 235 235 235 236 236 236 235 235 235 234 234 234 235 235 235 236 236 236 237 237 237 238 238 238 237 237 237 236 236 236 239 239 239 237 237 237 238 238 238 240 240 240 241 241 241 242 242 242 242 242 242 241 241 241 243 243 243 244 244 244 243 243 243 241 241 241 243 243 243 244 244 244 245 245 245 246 246 246 245 245 245 244 244 244 245 245 245 246 246 246 247 247 247 248 248 248 247 247 247 246 246 246 247 247 247 248 248 248 249 249 249 250 250 250 249 249 249 248 248 248 249 249 249 250 250 250 251 251 251 252 252 252 240 240 240 242 242 242 240 240 240 252 252 252 253 253 253 254 254 254 253 253 253 252 252 252 253 253 253 254 254 254 255 255 255 256 256 256 255 255 255 254 254 254 255 255 255 256 256 256 257 257 257 258 258 258 257 257 257 256 256 256 257 257 257 258 258 258 259 259 259 260 260 260 259 259 259 258 258 258 259 259 259 260 260 260 261 261 261 262 262 262 261 261 261 260 260 260 261 261 261 262 262 262 263 263 263 264 264 264 263 263 263 262 262 262 263 263 263 264 264 264 265 265 265 266 266 266 265 265 265 264 264 264 265 265 265 266 266 266 267 267 267 268 268 268 267 267 267 266 266 266 269 269 269 267 267 267 268 268 268 270 270 270 271 271 271 272 272 272 272 272 272 271 271 271 273 273 273 274 274 274 273 273 273 271 271 271 273 273 273 274 274 274 275 275 275 276 276 276 275 275 275 274 274 274 275 275 275 276 276 276 277 277 277 278 278 278 277 277 277 276 276 276 277 277 277 278 278 278 279 279 279 280 280 280 279 279 279 278 278 278 279 279 279 280 280 280 281 281 281 282 282 282 270 270 270 272 272 272 270 270 270 282 282 282 283 283 283 284 284 284 283 283 283 282 282 282 283 283 283 284 284 284 285 285 285 286 286 286 285 285 285 284 284 284 285 285 285 286 286 286 287 287 287 288 288 288 287 287 287 286 286 286 287 287 287 288 288 288 289 289 289 290 290 290 289 289 289 288 288 288 289 289 289 290 290 290 291 291 291 292 292 292 291 291 291 290 290 290 291 291 291 292 292 292 293 293 293 294 294 294 293 293 293 292 292 292 293 293 293 294 294 294 295 295 295 296 296 296 295 295 295 294 294 294 295 295 295 296 296 296 297 297 297 298 298 298 297 297 297 296 296 296 299 299 299 297 297 297 298 298 298 300 300 300 301 301 301 302 302 302 302 302 302 301 301 301 303 303 303 304 304 304 303 303 303 301 301 301 303 303 303 304 304 304 305 305 305 306 306 306 305 305 305 304 304 304 305 305 305 306 306 306 307 307 307 308 308 308 307 307 307 306 306 306 307 307 307 308 308 308 309 309 309 310 310 310 309 309 309 308 308 308 309 309 309 310 310 310 311 311 311 312 312 312 300 300 300 302 302 302 300 300 300 312 312 312 313 313 313 314 314 314 313 313 313 312 312 312 313 313 313 314 314 314 315 315 315 316 316 316 315 315 315 314 314 314 315 315 315 316 316 316 317 317 317 318 318 318 317 317 317 316 316 316 317 317 317 318 318 318 319 319 319 320 320 320 319 319 319 318 318 318 319 319 319 320 320 320 321 321 321 322 322 322 321 321 321 320 320 320 321 321 321 322 322 322 323 323 323 324 324 324 323 323 323 322 322 322 323 323 323 324 324 324 325 325 325 326 326 326 325 325 325 324 324 324 325 325 325 326 326 326 327 327 327 328 328 328 327 327 327 326 326 326 329 329 329 327 327 327 328 328 328 330 330 330 331 331 331 332 332 332 332 332 332 331 331 331 333 333 333 334 334 334 333 333 333 331 331 331 333 333 333 334 334 334 335 335 335 336 336 336 335 335 335 334 334 334 335 335 335 336 336 336 337 337 337 338 338 338 337 337 337 336 336 336 337 337 337 338 338 338 339 339 339 340 340 340 339 339 339 338 338 338 339 339 339 340 340 340 341 341 341 342 342 342 330 330 330 332 332 332 330 330 330 342 342 342 343 343 343 344 344 344 343 343 343 342 342 342 343 343 343 344 344 344 345 345 345 346 346 346 345 345 345 344 344 344 345 345 345 346 346 346 347 347 347 348 348 348 347 347 347 346 346 346 347 347 347 348 348 348 349 349 349 350 350 350 349 349 349 348 348 348 349 349 349 350 350 350 351 351 351 352 352 352 351 351 351 350 350 350 351 351 351 352 352 352 353 353 353 354 354 354 353 353 353 352 352 352 353 353 353 354 354 354 355 355 355 356 356 356 355 355 355 354 354 354 355 355 355 356 356 356 357 357 357 358 358 358 357 357 357 356 356 356 359 359 359 357 357 357 358 358 358 360 360 360 361 361 361 362 362 362 362 362 362 361 361 361 363 363 363 364 364 364 363 363 363 361 361 361 363 363 363 364 364 364 365 365 365 366 366 366 365 365 365 364 364 364 365 365 365 366 366 366 367 367 367 368 368 368 367 367 367 366 366 366 367 367 367 368 368 368 369 369 369 370 370 370 369 369 369 368 368 368 369 369 369 370 370 370 371 371 371 372 372 372 360 360 360 362 362 362 360 360 360 372 372 372 373 373 373 374 374 374 373 373 373 372 372 372 373 373 373 374 374 374 375 375 375 376 376 376 375 375 375 374 374 374 375 375 375 376 376 376 377 377 377 378 378 378 377 377 377 376 376 376 377 377 377 378 378 378 379 379 379 380 380 380 379 379 379 378 378 378 379 379 379 380 380 380 381 381 381 382 382 382 381 381 381 380 380 380 381 381 381 382 382 382 383 383 383 384 384 384 383 383 383 382 382 382 383 383 383 384 384 384 385 385 385 386 386 386 385 385 385 384 384 384 385 385 385 386 386 386 387 387 387 388 388 388 387 387 387 386 386 386 389 389 389 387 387 387 388 388 388 390 390 390 391 391 391 392 392 392 392 392 392 391 391 391 393 393 393 394 394 394 393 393 393 391 391 391 393 393 393 394 394 394 395 395 395 396 396 396 395 395 395 394 394 394 395 395 395 396 396 396 397 397 397 398 398 398 397 397 397 396 396 396 397 397 397 398 398 398 399 399 399 400 400 400 399 399 399 398 398 398 399 399 399 400 400 400 401 401 401 402 402 402 390 390 390 392 392 392 390 390 390 402 402 402 403 403 403 404 404 404 403 403 403 402 402 402 403 403 403 404 404 404 405 405 405 406 406 406 405 405 405 404 404 404 405 405 405 406 406 406 407 407 407 408 408 408 407 407 407 406 406 406 407 407 407 408 408 408 409 409 409 410 410 410 409 409 409 408 408 408 409 409 409 410 410 410 411 411 411 412 412 412 411 411 411 410 410 410 411 411 411 412 412 412 413 413 413 414 414 414 413 413 413 412 412 412 413 413 413 414 414 414 415 415 415 416 416 416 415 415 415 414 414 414 415 415 415 416 416 416 417 417 417 418 418 418 417 417 417 416 416 416 419 419 419 417 417 417 418 418 418 420 420 420 421 421 421 422 422 422 422 422 422 421 421 421 423 423 423 424 424 424 423 423 423 421 421 421 423 423 423 424 424 424 425 425 425 426 426 426 425 425 425 424 424 424 425 425 425 426 426 426 427 427 427 428 428 428 427 427 427 426 426 426 427 427 427 428 428 428 429 429 429 430 430 430 429 429 429 428 428 428 429 429 429 430 430 430 431 431 431 432 432 432 420 420 420 422 422 422 420 420 420 432 432 432 433 433 433 434 434 434 433 433 433 432 432 432 433 433 433 434 434 434 435 435 435 436 436 436 435 435 435 434 434 434 435 435 435 436 436 436 437 437 437 438 438 438 437 437 437 436 436 436 437 437 437 438 438 438 439 439 439 440 440 440 439 439 439 438 438 438 439 439 439 440 440 440 441 441 441 442 442 442 441 441 441 440 440 440 441 441 441 442 442 442 443 443 443 444 444 444 443 443 443 442 442 442 443 443 443 444 444 444 445 445 445 446 446 446 445 445 445 444 444 444 445 445 445 446 446 446 447 447 447 448 448 448 447 447 447 446 446 446 449 449 449 447 447 447 448 448 448 450 450 450 451 451 451 452 452 452 452 452 452 451 451 451 453 453 453 454 454 454 453 453 453 451 451 451 453 453 453 454 454 454 455 455 455 456 456 456 455 455 455 454 454 454 455 455 455 456 456 456 457 457 457 458 458 458 457 457 457 456 456 456 457 457 457 458 458 458 459 459 459 460 460 460 459 459 459 458 458 458 459 459 459 460 460 460 461 461 461 462 462 462 450 450 450 452 452 452 450 450 450 462 462 462 463 463 463 464 464 464 463 463 463 462 462 462 463 463 463 464 464 464 465 465 465 466 466 466 465 465 465 464 464 464 465 465 465 466 466 466 467 467 467 468 468 468 467 467 467 466 466 466 467 467 467 468 468 468 469 469 469 470 470 470 469 469 469 468 468 468 469 469 469 470 470 470 471 471 471 472 472 472 471 471 471 470 470 470 471 471 471 472 472 472 473 473 473 474 474 474 473 473 473 472 472 472 473 473 473 474 474 474 475 475 475 476 476 476 475 475 475 474 474 474 475 475 475 476 476 476 477 477 477 478 478 478 477 477 477 476 476 476 479 479 479 477 477 477 478 478 478 480 480 480 481 481 481 482 482 482 482 482 482 481 481 481 483 483 483 484 484 484 483 483 483 481 481 481 483 483 483 484 484 484 485 485 485 486 486 486 485 485 485 484 484 484 485 485 485 486 486 486 487 487 487 488 488 488 487 487 487 486 486 486 487 487 487 488 488 488 489 489 489 490 490 490 489 489 489 488 488 488 489 489 489 490 490 490 491 491 491 492 492 492 480 480 480 482 482 482 480 480 480 492 492 492 493 493 493 494 494 494 493 493 493 492 492 492 493 493 493 494 494 494 495 495 495 496 496 496 495 495 495 494 494 494 495 495 495 496 496 496 497 497 497 498 498 498 497 497 497 496 496 496 497 497 497 498 498 498 499 499 499 500 500 500 499 499 499 498 498 498 499 499 499 500 500 500 501 501 501 502 502 502 501 501 501 500 500 500 501 501 501 502 502 502 503 503 503 504 504 504 503 503 503 502 502 502 503 503 503 504 504 504 505 505 505 506 506 506 505 505 505 504 504 504 505 505 505 506 506 506 507 507 507 508 508 508 507 507 507 506 506 506 509 509 509 507 507 507 508 508 508 510 510 510 511 511 511 512 512 512 512 512 512 511 511 511 513 513 513 514 514 514 513 513 513 511 511 511 513 513 513 514 514 514 515 515 515 516 516 516 515 515 515 514 514 514 515 515 515 516 516 516 517 517 517 518 518 518 517 517 517 516 516 516 517 517 517 518 518 518 519 519 519 520 520 520 519 519 519 518 518 518 519 519 519 520 520 520 521 521 521 522 522 522 510 510 510 512 512 512 510 510 510 522 522 522 523 523 523 524 524 524 523 523 523 522 522 522 523 523 523 524 524 524 525 525 525 526 526 526 525 525 525 524 524 524 525 525 525 526 526 526 527 527 527 528 528 528 527 527 527 526 526 526 527 527 527 528 528 528 529 529 529 530 530 530 529 529 529 528 528 528 529 529 529 530 530 530 531 531 531 532 532 532 531 531 531 530 530 530 531 531 531 532 532 532 533 533 533 534 534 534 533 533 533 532 532 532 533 533 533 534 534 534 535 535 535 536 536 536 535 535 535 534 534 534 535 535 535 536 536 536 537 537 537 538 538 538 537 537 537 536 536 536 539 539 539 537 537 537 538 538 538 540 540 540 541 541 541 542 542 542 542 542 542 541 541 541 543 543 543 544 544 544 543 543 543 541 541 541 543 543 543 544 544 544 545 545 545 546 546 546 545 545 545 544 544 544 545 545 545 546 546 546 547 547 547 548 548 548 547 547 547 546 546 546 547 547 547 548 548 548 549 549 549 550 550 550 549 549 549 548 548 548 549 549 549 550 550 550 551 551 551 552 552 552 540 540 540 542 542 542 540 540 540 552 552 552 553 553 553 554 554 554 553 553 553 552 552 552 553 553 553 554 554 554 555 555 555 556 556 556 555 555 555 554 554 554 555 555 555 556 556 556 557 557 557 558 558 558 557 557 557 556 556 556 557 557 557 558 558 558 559 559 559 560 560 560 559 559 559 558 558 558 559 559 559 560 560 560 561 561 561 562 562 562 561 561 561 560 560 560 561 561 561 562 562 562 563 563 563 564 564 564 563 563 563 562 562 562 563 563 563 564 564 564 565 565 565 566 566 566 565 565 565 564 564 564 565 565 565 566 566 566 567 567 567 568 568 568 567 567 567 566 566 566 569 569 569 567 567 567 568 568 568 570 570 570 571 571 571 572 572 572 572 572 572 571 571 571 573 573 573 574 574 574 573 573 573 571 571 571 573 573 573 574 574 574 575 575 575 576 576 576 575 575 575 574 574 574 575 575 575 576 576 576 577 577 577 578 578 578 577 577 577 576 576 576 577 577 577 578 578 578 579 579 579 580 580 580 579 579 579 578 578 578 579 579 579 580 580 580 581 581 581 582 582 582 570 570 570 572 572 572 570 570 570 582 582 582 583 583 583 584 584 584 583 583 583 582 582 582 583 583 583 584 584 584 585 585 585 586 586 586 585 585 585 584 584 584 585 585 585 586 586 586 587 587 587 588 588 588 587 587 587 586 586 586 587 587 587 588 588 588 589 589 589 590 590 590 589 589 589 588 588 588 589 589 589 590 590 590 591 591 591 592 592 592 591 591 591 590 590 590 591 591 591 592 592 592 593 593 593 594 594 594 593 593 593 592 592 592 593 593 593 594 594 594 595 595 595 596 596 596 595 595 595 594 594 594 595 595 595 596 596 596 597 597 597 598 598 598 597 597 597 596 596 596 599 599 599 597 597 597 598 598 598 600 600 600 601 601 601 602 602 602 602 602 602 601 601 601 603 603 603 604 604 604 603 603 603 601 601 601 603 603 603 604 604 604 605 605 605 606 606 606 605 605 605 604 604 604 605 605 605 606 606 606 607 607 607 608 608 608 607 607 607 606 606 606 607 607 607 608 608 608 609 609 609 610 610 610 609 609 609 608 608 608 609 609 609 610 610 610 611 611 611 612 612 612 600 600 600 602 602 602 600 600 600 612 612 612 613 613 613 614 614 614 613 613 613 612 612 612 613 613 613 614 614 614 615 615 615 616 616 616 615 615 615 614 614 614 615 615 615 616 616 616 617 617 617 618 618 618 617 617 617 616 616 616 617 617 617 618 618 618 619 619 619 620 620 620 619 619 619 618 618 618 619 619 619 620 620 620 621 621 621 622 622 622 621 621 621 620 620 620 621 621 621 622 622 622 623 623 623 624 624 624 623 623 623 622 622 622 623 623 623 624 624 624 625 625 625 626 626 626 625 625 625 624 624 624 625 625 625 626 626 626 627 627 627 628 628 628 627 627 627 626 626 626 629 629 629 627 627 627 628 628 628 630 630 630 631 631 631 632 632 632 632 632 632 631 631 631 633 633 633 634 634 634 633 633 633 631 631 631 633 633 633 634 634 634 635 635 635 636 636 636 635 635 635 634 634 634 635 635 635 636 636 636 637 637 637 638 638 638 637 637 637 636 636 636 637 637 637 638 638 638 639 639 639 640 640 640 639 639 639 638 638 638 639 639 639 640 640 640 641 641 641 642 642 642 630 630 630 632 632 632 630 630 630 642 642 642 643 643 643 644 644 644 643 643 643 642 642 642 643 643 643 644 644 644 645 645 645 646 646 646 645 645 645 644 644 644 645 645 645 646 646 646 647 647 647 648 648 648 647 647 647 646 646 646 647 647 647 648 648 648 649 649 649 650 650 650 649 649 649 648 648 648 649 649 649 650 650 650 651 651 651 652 652 652 651 651 651 650 650 650 651 651 651 652 652 652 653 653 653 654 654 654 653 653 653 652 652 652 653 653 653 654 654 654 655 655 655 656 656 656 655 655 655 654 654 654 655 655 655 656 656 656 657 657 657 658 658 658 657 657 657 656 656 656 659 659 659 657 657 657 658 658 658 660 660 660 661 661 661 662 662 662 662 662 662 661 661 661 663 663 663 664 664 664 663 663 663 661 661 661 663 663 663 664 664 664 665 665 665 666 666 666 665 665 665 664 664 664 665 665 665 666 666 666 667 667 667 668 668 668 667 667 667 666 666 666 667 667 667 668 668 668 669 669 669 670 670 670 669 669 669 668 668 668 669 669 669 670 670 670 671 671 671 672 672 672 660 660 660 662 662 662 660 660 660 672 672 672 673 673 673 674 674 674 673 673 673 672 672 672 673 673 673 674 674 674 675 675 675 676 676 676 675 675 675 674 674 674 675 675 675 676 676 676 677 677 677 678 678 678 677 677 677 676 676 676 677 677 677 678 678 678 679 679 679 680 680 680 679 679 679 678 678 678 679 679 679 680 680 680 681 681 681 682 682 682 681 681 681 680 680 680 681 681 681 682 682 682 683 683 683 684 684 684 683 683 683 682 682 682 683 683 683 684 684 684 685 685 685 686 686 686 685 685 685 684 684 684 685 685 685 686 686 686 687 687 687 688 688 688 687 687 687 686 686 686 689 689 689 687 687 687 688 688 688 690 690 690 691 691 691 692 692 692 692 692 692 691 691 691 693 693 693 694 694 694 693 693 693 691 691 691 693 693 693 694 694 694 695 695 695 696 696 696 695 695 695 694 694 694 695 695 695 696 696 696 697 697 697 698 698 698 697 697 697 696 696 696 697 697 697 698 698 698 699 699 699 700 700 700 699 699 699 698 698 698 699 699 699 700 700 700 701 701 701 702 702 702 690 690 690 692 692 692 690 690 690 702 702 702 703 703 703 704 704 704 703 703 703 702 702 702 703 703 703 704 704 704 705 705 705 706 706 706 705 705 705 704 704 704 705 705 705 706 706 706 707 707 707 708 708 708 707 707 707 706 706 706 707 707 707 708 708 708 709 709 709 710 710 710 709 709 709 708 708 708 709 709 709 710 710 710 711 711 711 712 712 712 711 711 711 710 710 710 711 711 711 712 712 712 713 713 713 714 714 714 713 713 713 712 712 712 713 713 713 714 714 714 715 715 715 716 716 716 715 715 715 714 714 714 715 715 715 716 716 716 717 717 717 718 718 718 717 717 717 716 716 716 719 719 719 717 717 717 718 718 718 720 720 720 721 721 721 722 722 722 722 722 722 721 721 721 723 723 723 724 724 724 723 723 723 721 721 721 723 723 723 724 724 724 725 725 725 726 726 726 725 725 725 724 724 724 725 725 725 726 726 726 727 727 727 728 728 728 727 727 727 726 726 726 727 727 727 728 728 728 729 729 729 730 730 730 729 729 729 728 728 728 729 729 729 730 730 730 731 731 731 732 732 732 720 720 720 722 722 722 720 720 720 732 732 732 733 733 733 734 734 734 733 733 733 732 732 732 733 733 733 734 734 734 735 735 735 736 736 736 735 735 735 734 734 734 735 735 735 736 736 736 737 737 737 738 738 738 737 737 737 736 736 736 737 737 737 738 738 738 739 739 739 740 740 740 739 739 739 738 738 738 739 739 739 740 740 740 741 741 741 742 742 742 741 741 741 740 740 740 741 741 741 742 742 742 743 743 743 744 744 744 743 743 743 742 742 742 743 743 743 744 744 744 745 745 745 746 746 746 745 745 745 744 744 744 745 745 745 746 746 746 747 747 747 748 748 748 747 747 747 746 746 746 749 749 749 747 747 747 748 748 748 750 750 750 751 751 751 752 752 752 752 752 752 751 751 751 753 753 753 754 754 754 753 753 753 751 751 751 753 753 753 754 754 754 755 755 755 756 756 756 755 755 755 754 754 754 755 755 755 756 756 756 757 757 757 758 758 758 757 757 757 756 756 756 757 757 757 758 758 758 759 759 759 760 760 760 759 759 759 758 758 758 759 759 759 760 760 760 761 761 761 762 762 762 750 750 750 752 752 752 750 750 750 762 762 762 763 763 763 764 764 764 763 763 763 762 762 762 763 763 763 764 764 764 765 765 765 766 766 766 765 765 765 764 764 764 765 765 765 766 766 766 767 767 767 768 768 768 767 767 767 766 766 766 767 767 767 768 768 768 769 769 769 770 770 770 769 769 769 768 768 768 769 769 769 770 770 770 771 771 771 772 772 772 771 771 771 770 770 770 771 771 771 772 772 772 773 773 773 774 774 774 773 773 773 772 772 772 773 773 773 774 774 774 775 775 775 776 776 776 775 775 775 774 774 774 775 775 775 776 776 776 777 777 777 778 778 778 777 777 777 776 776 776 779 779 779 777 777 777 778 778 778 780 780 780 781 781 781 782 782 782 782 782 782 781 781 781 783 783 783 784 784 784 783 783 783 781 781 781 783 783 783 784 784 784 785 785 785 786 786 786 785 785 785 784 784 784 785 785 785 786 786 786 787 787 787 788 788 788 787 787 787 786 786 786 787 787 787 788 788 788 789 789 789 790 790 790 789 789 789 788 788 788 789 789 789 790 790 790 791 791 791 792 792 792 780 780 780 782 782 782 780 780 780 792 792 792 793 793 793 794 794 794 793 793 793 792 792 792 793 793 793 794 794 794 795 795 795 796 796 796 795 795 795 794 794 794 795 795 795 796 796 796 797 797 797 798 798 798 797 797 797 796 796 796 797 797 797 798 798 798 799 799 799 800 800 800 799 799 799 798 798 798 799 799 799 800 800 800 801 801 801 802 802 802 801 801 801 800 800 800 801 801 801 802 802 802 803 803 803 804 804 804 803 803 803 802 802 802 803 803 803 804 804 804 805 805 805 806 806 806 805 805 805 804 804 804 805 805 805 806 806 806 807 807 807 808 808 808 807 807 807 806 806 806 809 809 809 807 807 807 808 808 808 810 810 810 811 811 811 812 812 812 812 812 812 811 811 811 813 813 813 814 814 814 813 813 813 811 811 811 813 813 813 814 814 814 815 815 815 816 816 816 815 815 815 814 814 814 815 815 815 816 816 816 817 817 817 818 818 818 817 817 817 816 816 816 817 817 817 818 818 818 819 819 819 820 820 820 819 819 819 818 818 818 819 819 819 820 820 820 821 821 821 822 822 822 810 810 810 812 812 812 810 810 810 822 822 822 823 823 823 824 824 824 823 823 823 822 822 822 823 823 823 824 824 824 825 825 825 826 826 826 825 825 825 824 824 824 825 825 825 826 826 826 827 827 827 828 828 828 827 827 827 826 826 826 827 827 827 828 828 828 829 829 829 830 830 830 829 829 829 828 828 828 829 829 829 830 830 830 831 831 831 832 832 832 831 831 831 830 830 830 831 831 831 832 832 832 833 833 833 834 834 834 833 833 833 832 832 832 833 833 833 834 834 834 835 835 835 836 836 836 835 835 835 834 834 834 835 835 835 836 836 836 837 837 837 838 838 838 837 837 837 836 836 836 839 839 839 837 837 837 838 838 838</p>
      </triangles>
    </mesh></geometry>
  </library_geometries>
  <library_visual_scenes>
    <visual_scene id="Scene" name="Scene">
      <node id="vfx_kurp_1025" name="vfx_kurp_1025" type="NODE">
        <instance_geometry url="#vfx_kurp_1025-mesh"><bind_material><technique_common><instance_material symbol="PreviewMaterial" target="#PreviewMaterial"><bind_vertex_input semantic="UVSET0" input_semantic="TEXCOORD" input_set="0"/></instance_material></technique_common></bind_material></instance_geometry>
      </node>
    </visual_scene>
  </library_visual_scenes>
  <scene><instance_visual_scene url="#Scene"/></scene>
</COLLADA>
