<?xml version="1.0" encoding="utf-8"?>
<COLLADA xmlns="http://www.collada.org/2005/11/COLLADASchema" version="1.4.1">
  <asset>
    <contributor><authoring_tool>Morrobroom Kurpulio VFX preview converter</authoring_tool></contributor>
    <unit name="unit" meter="1"/>
    <up_axis>Z_UP</up_axis>
  </asset>
  <library_images>
    <image id="VFXTexture" name="darkmap_newgen-1.dds">
      <init_from>../../../Textures/Kurp/darkmap_newgen-1.dds</init_from>
    </image>
  </library_images>
  <library_effects>
    <effect id="PreviewEffect">
      <profile_COMMON>
        <newparam sid="VFXTexture-surface">
          <surface type="2D"><init_from>VFXTexture</init_from></surface>
        </newparam>
        <newparam sid="VFXTexture-sampler">
          <sampler2D><source>VFXTexture-surface</source></sampler2D>
        </newparam>
        <technique sid="common"><phong>
          <emission><color>0.08 0.08 0.08 1</color></emission>
          <ambient><color>0.2 0.2 0.2 1</color></ambient>
          <diffuse><texture texture="VFXTexture-sampler" texcoord="UVSET0"/></diffuse>
          <specular><color>0.15 0.15 0.15 1</color></specular>
          <shininess><float>8</float></shininess>
          <transparent opaque="A_ONE"><texture texture="VFXTexture-sampler" texcoord="UVSET0"/></transparent>
          <transparency><float>1</float></transparency>
        </phong></technique>
      </profile_COMMON>
      <extra><technique profile="GOOGLEEARTH"><double_sided>1</double_sided></technique></extra>
    </effect>
  </library_effects>
  <library_materials><material id="PreviewMaterial" name="PreviewMaterial"><instance_effect url="#PreviewEffect"/></material></library_materials>
  <library_geometries>
    <geometry id="vfx_kurp_1198-mesh" name="vfx_kurp_1198"><mesh>
      <source id="vfx_kurp_1198-mesh-positions">
        <float_array id="vfx_kurp_1198-mesh-positions-array" count="3054">-0.0646578965 0.999999901 0.0608331476 0.0568913829 0.999999901 -0.0607162557 0.0568913829 1.40000088 -0.0607162557 -0.0646578965 1.40000088 0.0608331476 0.0568913829 0.999999901 -0.0607162557 0.0568913829 0.999999901 0.0171483823 0.0568913829 1.40000088 0.0171483823 0.0568913829 1.40000088 -0.0607162557 0.0568913829 0.999999901 0.0171483823 -0.0882256774 0.999999901 0.162265545 -0.0882256774 1.40000088 0.162265545 0.0568913829 1.40000088 0.0171483823 -0.0882256774 0.999999901 0.162265545 -0.0646578965 0.999999901 0.185833126 -0.0646578965 1.40000088 0.185833126 -0.0882256774 1.40000088 0.162265545 -0.0646578965 0.999999901 0.185833126 0.0568913829 0.999999901 0.0642837319 0.0568913829 1.40000088 0.0642837319 -0.0646578965 1.40000088 0.185833126 0.0568913829 0.999999901 0.0642837319 0.0568913829 0.999999901 0.174049335 0.0568913829 1.40000088 0.174049335 0.0568913829 1.40000088 0.0642837319 0.0568913829 0.999999901 0.174049335 0.0902247123 0.999999901 0.174049335 0.0902247123 1.40000088 0.174049335 0.0568913829 1.40000088 0.174049335 0.0902247123 0.999999901 0.174049335 0.0902247123 0.999999901 -0.200955005 0.0902247123 1.40000088 -0.200955005 0.0902247123 1.40000088 0.174049335 0.0902247123 0.999999901 -0.200955005 0.0568913829 0.999999901 -0.200955005 0.0568913829 1.40000088 -0.200955005 0.0902247123 1.40000088 -0.200955005 0.0568913829 0.999999901 -0.200955005 0.0568913829 0.999999901 -0.107851598 0.0568913829 1.40000088 -0.107851598 0.0568913829 1.40000088 -0.200955005 0.0568913829 0.999999901 -0.107851598 -0.0882256774 0.999999901 0.0372655669 -0.0882256774 1.40000088 0.0372655669 0.0568913829 1.40000088 -0.107851598 -0.0882256774 0.999999901 0.0372655669 -0.0646578965 0.999999901 0.0608331476 -0.0646578965 1.40000088 0.0608331476 -0.0882256774 1.40000088 0.0372655669 0.343509705 0.943232706 0.149033133 0.343185036 0.943319605 -0.208832736 0.446712636 1.32969113 -0.208832736 0.447037344 1.32960416 0.149033133 0.343185036 0.943319605 -0.208832736 0.310987523 0.951946924 -0.20880012 0.414515143 1.33831845 -0.20880012 0.446712636 1.32969113 -0.208832736 0.310987523 0.951946924 -0.20880012 0.31128587 0.951867044 0.120818488 0.41481349 1.3382385 0.120818488 0.414515143 1.33831845 -0.20880012 0.31128587 0.951867044 0.120818488 0.19829618 0.982142617 0.0563407695 0.3018238 1.36851407 0.0563407695 0.41481349 1.3382385 0.120818488 0.19829618 0.982142617 0.0563407695 0.19829618 0.982142617 -0.208816142 0.3018238 1.36851407 -0.208816142 0.3018238 1.36851407 0.0563407695 0.19829618 0.982142617 -0.208816142 0.166098648 0.990769936 -0.208816142 0.269626249 1.37714139 -0.208816142 0.3018238 1.36851407 -0.208816142 0.166098648 0.990769936 -0.208816142 0.166098648 0.990769936 0.0760291845 0.269626268 1.37714139 0.0760291845 0.269626249 1.37714139 -0.208816142 0.166098648 0.990769936 0.0760291845 0.343535988 0.943225611 0.177279812 0.447063589 1.32959714 0.177279812 0.269626268 1.37714139 0.0760291845 0.343535988 0.943225611 0.177279812 0.343509705 0.943232706 0.149033133 0.447037344 1.32960416 0.149033133 0.447063589 1.32959714 0.177279812 0.384022552 0.932984751 0.000174126621 0.518234775 0.855497112 0.109102027 0.718234771 1.20190801 0.109102027 0.584022547 1.27939557 0.000174126621 0.518234775 0.855497112 0.109102027 0.518234775 0.855497112 0.199048572 0.718234771 1.20190801 0.199048572 0.718234771 1.20190801 0.109102027 0.518234775 0.855497112 0.199048572 0.547102306 0.838830242 0.199048572 0.747102339 1.18524137 0.199048572 0.718234771 1.20190801 0.199048572 0.547102306 0.838830242 0.199048572 0.547102306 0.838830242 -0.200955386 0.747102339 1.18524137 -0.200955386 0.747102339 1.18524137 0.199048572 0.547102306 0.838830242 -0.200955386 0.518234775 0.855497112 -0.200955386 0.718234771 1.20190801 -0.200955386 0.747102339 1.18524137 -0.200955386 0.518234775 0.855497112 -0.200955386 0.518234775 0.855497112 -0.128974721 0.718234771 1.20190801 -0.128974721 0.718234771 1.20190801 -0.200955386 0.518234775 0.855497112 -0.128974721 0.384022552 0.932984751 0.000174126621 0.584022547 1.27939557 0.000174126621 0.718234771 1.20190801 -0.128974721 0.431453924 0.905600108 -0.00207692618 0.518234966 0.855497036 -0.0855813961 0.718235 1.20190793 -0.0855813961 0.63145392 1.252011 -0.00207692618 0.518234966 0.855497036 -0.0855813961 0.518234966 0.855497036 0.068357447 0.718235 1.20190793 0.068357447 0.718235 1.20190793 -0.0855813961 0.518234966 0.855497036 0.068357447 0.431453924 0.905600108 -0.00207692618 0.63145392 1.252011 -0.00207692618 0.718235 1.20190793 0.068357447 0.653716111 0.760497343 0.0597581659 0.641589189 0.772624266 0.0883392124 0.924431895 1.05546751 0.0883392124 0.936558741 1.04334058 0.0597581659 0.641589189 0.772624266 0.0883392124 0.74782614 0.666386856 0.17848373 1.03066885 0.949230325 0.17848373 0.924431895 1.05546751 0.0883392124 0.74782614 0.666386856 0.17848373 0.74782614 0.666386856 0.149048583 1.03066885 0.949230325 0.149048583 1.03066885 0.949230325 0.17848373 0.74782614 0.666386856 -0.200955196 1.03066885 0.949230325 -0.200955196 0.74782614 0.666386856 -0.200955196 0.724255889 0.689957031 -0.200955196 1.0070986 0.972800576 -0.200955196 1.03066885 0.949230325 -0.200955196 0.724255889 0.689957031 -0.200955196 0.724255889 0.689957031 -0.0185835012 1.0070986 0.972800576 -0.0185835012 1.0070986 0.972800576 -0.200955196 0.724255889 0.689957031 -0.0185835012 0.671570191 0.742643263 -0.0650896153 0.95441282 1.0254865 -0.0650896153 1.0070986 0.972800576 -0.0185835012 0.671570191 0.742643263 -0.0650896153 0.659090561 0.755122969 -0.0368131749 0.941933191 1.03796621 -0.0368131749 0.95441282 1.0254865 -0.0650896153 0.659090561 0.755122969 -0.0368131749 0.724255889 0.689957031 0.0207092114 1.0070986 0.972800576 0.0207092114 0.941933191 1.03796621 -0.0368131749 0.724255889 0.689957031 0.0207092114 0.724255889 0.689957031 0.119613616 1.0070986 0.972800576 0.119613616 1.0070986 0.972800576 0.0207092114 0.724255889 0.689957031 0.119613616 0.653716111 0.760497343 0.0597581659 0.936558741 1.04334058 0.0597581659 1.0070986 0.972800576 0.119613616 0.868139476 0.496337956 -0.0485527123 0.81496832 0.588433024 0.0517238415 1.16137845 0.788433515 0.0517236507 1.21454961 0.696338409 -0.048552903 0.81496832 0.588433024 0.0517238415 0.897613887 0.445286703 0.17865234 1.24402402 0.645286698 0.17865234 1.16137845 0.788433515 0.0517236507 0.897613887 0.445286703 0.17865234 0.897704982 0.445128927 0.145069472 1.24411512 0.645128922 0.145069472 1.24402402 0.645286698 0.17865234 0.898638057 0.44351283 -0.19948978 1.24504819 0.643512864 -0.199489971 0.898638057 0.44351283 -0.19948978 0.88197134 0.472380361 -0.199674411 1.22838147 0.672380356 -0.199674411 1.24504819 0.643512864 -0.199489971 0.88197134 0.472380361 -0.199674411 0.881616115 0.472995709 -0.0683010181 1.22802625 0.672995743 -0.0683012089 1.22838147 0.672380356 -0.199674411 0.881616115 0.472995709 -0.0683010181 0.821672726 0.576820628 -0.210335345 1.16808286 0.776821043 -0.210335345 1.22802625 0.672995743 -0.0683012089 0.821672726 0.576820628 -0.210335345 0.808936749 0.598880182 -0.188829227 1.15534681 0.798880674 -0.188829227 1.16808286 0.776821043 -0.210335345 0.808936749 0.598880182 -0.188829227 0.868139476 0.496337956 -0.0485527123 1.21454961 0.696338409 -0.048552903 1.15534681 0.798880674 -0.188829227 0.881129054 0.473839253 0.111304824 0.840641079 0.543966624 0.0491191662 1.18705114 0.743967116 0.0491189755 1.22753919 0.673839249 0.111304634 0.840641079 0.543966624 0.0491191662 0.881506099 0.473186368 -0.0279480093 1.22791616 0.673186325 -0.0279482001 1.18705114 0.743967116 0.0491189755 0.881506099 0.473186368 -0.0279480093 0.881129054 0.473839253 0.111304824 1.22753919 0.673839249 0.111304634 1.22791616 0.673186325 -0.0279482001 0.978395288 0.21228004 -0.0523508156 0.939442575 0.357653495 0.14831349 1.32581281 0.461181974 0.14831349 1.36476559 0.315807717 -0.0523508156 0.939442575 0.357653495 0.14831349 0.946344889 0.331893913 0.168314129 1.33271512 0.435422354 0.168314129 1.32581281 0.461181974 0.14831349 0.946344889 0.331893913 0.168314129 0.948932779 0.322235711 0.15497852 1.33530301 0.425764189 0.15497852 1.33271512 0.435422354 0.168314129 0.990214364 0.168170544 -0.057689675 1.37658459 0.271698145 -0.057689675 0.990214364 0.168170544 -0.057689675 0.944929331 0.33717643 -0.203499217 1.33129956 0.440704946 -0.203499408 1.37658459 0.271698145 -0.057689675 0.944929331 0.33717643 -0.203499217 0.939406794 0.357787162 -0.177891537 1.32577695 0.461315641 -0.177891727 1.33129956 0.440704946 -0.203499408 0.939406794 0.357787162 -0.177891537 0.978395288 0.21228004 -0.0523508156 1.36476559 0.315807717 -0.0523508156 1.32577695 0.461315641 -0.177891727 1.00000028 0.129462888 0.150439612 1.00000028 0.101072309 0.167909199 1.40000012 0.101072309 0.167909199 1.40000012 0.129462888 0.150439612 1.00000028 0.101072309 0.167909199 1.00000028 0.0923373392 0.153714138 1.40000012 0.0923373392 0.153714138 1.40000012 0.101072309 0.167909199 1.00000028 0.0065328978 0.0142824003 1.40000012 0.0065328978 0.0142824003 1.00000028 0.0065328978 0.0142824003 1.00000028 -0.0880065898 0.167909199 1.40000012 -0.0880065898 0.167909199 1.40000012 0.0065328978 0.0142824003 1.00000028 -0.0880065898 0.167909199 1.00000028 -0.116397168 0.150439612 1.40000012 -0.116397168 0.150439612 1.40000012 -0.0880065898 0.167909199 1.00000028 -0.116397168 0.150439612 1.00000028 -0.0130364987 -0.0175209161 1.40000012 -0.013036575 -0.0175209161 1.40000012 -0.116397168 0.150439612 1.00000028 -0.0130364987 -0.0175209161 1.00000021 -0.116397168 -0.18548183 1.40000012 -0.116397168 -0.18548183 1.40000012 -0.013036575 -0.0175209161 1.00000021 -0.116397168 -0.18548183 1.00000021 -0.0880065898 -0.202951999 1.40000012 -0.0880065898 -0.202951999 1.40000012 -0.116397168 -0.18548183 1.00000021 -0.0880065898 -0.202951999 1.00000021 0.0065328978 -0.0493242348 1.40000012 0.0065328978 -0.0493242348 1.40000012 -0.0880065898 -0.202951999 1.00000021 0.0065328978 -0.0493242348 1.00000021 0.101072309 -0.202951999 1.40000012 0.101072309 -0.202951999 1.40000012 0.0065328978 -0.0493242348 1.00000021 0.101072309 -0.202951999 1.00000021 0.129462888 -0.18548183 1.40000012 0.129462888 -0.18548183 1.40000012 0.101072309 -0.202951999 1.00000021 0.129462888 -0.18548183 1.00000028 0.0261023706 -0.0175209161 1.40000012 0.0261023706 -0.0175209161 1.40000012 0.129462888 -0.18548183 1.00000028 0.0261023706 -0.0175209161 1.00000028 0.129462888 0.150439612 1.40000012 0.129462888 0.150439612 1.40000012 0.0261023706 -0.0175209161 0.951021326 -0.314445717 0.201120334 0.951021326 -0.314445565 0.169978672 1.33739163 -0.417973395 0.169978672 1.33739163 -0.417973395 0.201120334 0.951021326 -0.314445565 -0.205024333 1.33739163 -0.417973395 -0.205024333 0.951021326 -0.314445565 -0.205024333 0.959648645 -0.282248147 -0.205024333 1.34601895 -0.385775825 -0.205024333 1.33739163 -0.417973395 -0.205024333 0.959648645 -0.282248147 -0.205024333 0.959648645 -0.282248147 -0.0389406291 1.34601895 -0.385775825 -0.0389406291 1.34601895 -0.385775825 -0.205024333 0.959648645 -0.282248147 -0.0389406291 1.00193426 -0.124434735 0.0699786934 1.38830456 -0.227963862 0.0699786934 1.34601895 -0.385775825 -0.0389406291 1.00193426 -0.124434735 0.0699786934 0.951021326 -0.314445717 0.201120334 1.33739163 -0.417973395 0.201120334 1.38830456 -0.227963862 0.0699786934 0.959648645 -0.282248147 0.13883702 0.986381432 -0.182478405 0.0699786934 1.37275189 -0.286007608 0.0699786934 1.34601895 -0.385775825 0.13883702 0.986381432 -0.182478405 0.0699786934 0.959648645 -0.282248147 0.00112036226 1.34601895 -0.385775825 0.00112036226 1.37275189 -0.286007608 0.0699786934 0.959648645 -0.282248147 0.00112036226 0.959648645 -0.282248147 0.13883702 1.34601895 -0.385775825 0.13883702 1.34601895 -0.385775825 0.00112036226 0.891881847 -0.455218114 0.174046665 0.891881847 -0.455218114 -0.0709077915 1.23829198 -0.655217957 -0.0709077915 1.23829198 -0.655218262 0.174046665 0.891881847 -0.455218114 -0.0709077915 0.833548565 -0.556254336 0.104092186 1.1799587 -0.756254484 0.104092186 1.23829198 -0.655217957 -0.0709077915 0.833548565 -0.556254336 0.104092186 0.833548565 -0.556254336 0.174046665 1.1799587 -0.756254484 0.174046665 1.1799587 -0.756254484 0.104092186 0.833548565 -0.556254336 0.174046665 0.816881848 -0.585121981 0.174046665 1.16329198 -0.785121976 0.174046665 1.1799587 -0.756254484 0.174046665 0.816881848 -0.585121981 0.174046665 0.816881772 -0.585121828 -0.200956149 1.16329191 -0.785121976 -0.200956149 1.16329198 -0.785121976 0.174046665 0.816881772 -0.585121828 -0.200956149 0.833548565 -0.556254336 -0.200956149 1.1799587 -0.756254332 -0.200956149 1.16329191 -0.785121976 -0.200956149 0.833548565 -0.556254336 -0.200956149 0.833548565 -0.556254336 0.0440011778 1.1799587 -0.756254484 0.0440011778 1.1799587 -0.756254332 -0.200956149 0.833548565 -0.556254336 0.0440011778 0.891881847 -0.455218114 -0.13100166 1.23829198 -0.655217957 -0.13100166 1.1799587 -0.756254484 0.0440011778 0.891881847 -0.455218114 -0.13100166 0.891881847 -0.455218114 -0.200956149 1.23829198 -0.655217957 -0.200956149 1.23829198 -0.655217957 -0.13100166 0.891881847 -0.455218114 -0.200956149 0.908548564 -0.42635047 -0.200956149 1.2549587 -0.626350465 -0.200956149 1.23829198 -0.655217957 -0.200956149 0.908548564 -0.42635047 -0.200956149 0.908548564 -0.42635047 0.174046665 1.2549587 -0.626350465 0.174046665 1.2549587 -0.626350465 -0.200956149 0.908548564 -0.42635047 0.174046665 0.891881847 -0.455218114 0.174046665 1.23829198 -0.655218262 0.174046665 1.2549587 -0.626350465 0.174046665 0.773772642 -0.64044394 -0.0727609714 0.716011489 -0.698205017 -0.0107221732 0.998854119 -0.981047875 -0.0107221732 1.05661535 -0.923286646 -0.0727609714 0.716011489 -0.698205017 -0.0107221732 0.716011489 -0.698205322 0.190712886 0.998854119 -0.981047875 0.190712696 0.998854119 -0.981047875 -0.0107221732 0.716011489 -0.698205322 0.190712886 0.692441238 -0.721775573 0.190712886 0.975283868 -1.00461813 0.190712696 0.998854119 -0.981047875 0.190712696 0.692441238 -0.721775573 0.190712886 0.692441238 -0.721775573 0.0145925352 0.975283868 -1.00461813 0.0145923444 0.975283868 -1.00461813 0.190712696 0.692441238 -0.721775573 0.0145925352 0.637726121 -0.776490537 0.0733602317 0.920568751 -1.05933324 0.0733600409 0.975283868 -1.00461813 0.0145923444 0.637726121 -0.776490537 0.0733602317 0.623470483 -0.790746213 0.0468135633 0.906313075 -1.07358892 0.0468133725 0.920568751 -1.05933324 0.0733600409 0.623470483 -0.790746213 0.0468135633 0.692441238 -0.721775573 -0.0272636527 0.975283792 -1.00461813 -0.0272638434 0.906313075 -1.07358892 0.0468133725 0.692441238 -0.721775573 -0.0272636527 0.692441238 -0.721775268 -0.217623134 0.975283792 -1.00461813 -0.217623134 0.975283792 -1.00461813 -0.0272638434 0.692441238 -0.721775268 -0.217623134 0.716011489 -0.698205017 -0.217623134 0.998854119 -0.981047875 -0.217623134 0.975283792 -1.00461813 -0.217623134 0.716011489 -0.698205017 -0.217623134 0.716011489 -0.698205017 -0.0525816047 0.998854119 -0.981047875 -0.0525816047 0.998854119 -0.981047875 -0.217623134 0.716011489 -0.698205017 -0.0525816047 0.759517042 -0.654699616 -0.0993072583 1.04235975 -0.937542475 -0.0993072583 0.998854119 -0.981047875 -0.0525816047 0.759517042 -0.654699616 -0.0993072583 0.773772642 -0.64044394 -0.0727609714 1.05661535 -0.923286646 -0.0727609714 1.04235975 -0.937542475 -0.0993072583 0.484243649 -0.875125026 0.19904552 0.484243573 -0.875125026 -0.200956912 0.68424353 -1.22153508 -0.200956912 0.68424353 -1.22153539 0.19904552 0.484243573 -0.875125026 -0.200956912 0.513111027 -0.858458462 -0.200956912 0.71311087 -1.20486852 -0.200956912 0.68424353 -1.22153508 -0.200956912 0.513111027 -0.858458462 -0.200956912 0.513111027 -0.858458462 0.19904552 0.713110946 -1.20486867 0.19904552 0.71311087 -1.20486852 -0.200956912 0.513111027 -0.858458462 0.19904552 0.484243649 -0.875125026 0.19904552 0.68424353 -1.22153539 0.19904552 0.713110946 -1.20486867 0.19904552 0.224267153 -0.975186364 -0.064167603 0.247031893 -0.969086664 -0.0877410964 0.350559456 -1.35545682 -0.0877410964 0.327794716 -1.36155698 -0.064167603 0.247031893 -0.969086664 -0.0877410964 0.3538227 -0.940472162 0.0228084392 0.457350225 -1.32684262 0.0228084392 0.350559456 -1.35545682 -0.0877410964 0.3538227 -0.940472162 0.0228084392 0.248221697 -0.968767755 0.159456593 0.35174926 -1.35513821 0.159456593 0.457350225 -1.32684262 0.0228084392 0.248221697 -0.968767755 0.159456593 0.223078131 -0.97550512 0.138634459 0.326605675 -1.36187527 0.138634459 0.35174926 -1.35513821 0.159456593 0.223078131 -0.97550512 0.138634459 0.310672467 -0.952034204 0.0252826518 0.414200011 -1.33840482 0.0252826518 0.326605675 -1.36187527 0.138634459 0.310672467 -0.952034204 0.0252826518 0.224267153 -0.975186364 -0.064167603 0.327794716 -1.36155698 -0.064167603 0.414200011 -1.33840482 0.0252826518 0.247378077 -0.96899389 0.0126197645 0.22393188 -0.975276239 0.0354709427 0.327459404 -1.3616467 0.0354709427 0.350905639 -1.35536435 0.0126197645 0.22393188 -0.975276239 0.0354709427 0.151581932 -0.994662377 -0.0440807428 0.255109476 -1.38103268 -0.0440807428 0.327459404 -1.3616467 0.0354709427 0.14182924 -0.997275597 -0.0548067176 0.245356783 -1.3836459 -0.0548067176 0.14182924 -0.997275597 -0.0548067176 0.247404417 -0.968986718 -0.186595913 0.350931961 -1.35535733 -0.186595913 0.245356783 -1.3836459 -0.0548067176 0.247404417 -0.968986718 -0.186595913 0.272191671 -0.962345178 -0.165317913 0.375719253 -1.34871548 -0.165317913 0.350931961 -1.35535733 -0.186595913 0.272191671 -0.962345178 -0.165317913 0.184780288 -0.985766808 -0.05620633 0.288307851 -1.37213742 -0.05620633 0.375719253 -1.34871548 -0.165317913 0.184780288 -0.985766808 -0.05620633 0.247378077 -0.96899389 0.0126197645 0.350905639 -1.35536435 0.0126197645 0.288307851 -1.37213742 -0.05620633 0.103245676 -1.0000025 0.108410041 -0.0244859022 -1.0000025 0.202206187 -0.0244859738 -1.40000241 0.202206187 0.103245609 -1.40000241 0.108410041 -0.0244859022 -1.0000025 0.202206187 -0.0243830961 -1.0000025 0.169162899 -0.0243831677 -1.40000241 0.169162899 -0.0244859738 -1.40000241 0.202206187 -0.0233925385 -1.0000025 -0.146615788 -0.02339261 -1.40000241 -0.146615788 -0.0233925385 -1.0000025 -0.146615788 -0.0966213872 -1.0000025 -0.0916875914 -0.096621454 -1.40000241 -0.0916875914 -0.02339261 -1.40000241 -0.146615788 -0.0966213872 -1.0000025 -0.0916875914 -0.116619184 -1.0000025 -0.118360707 -0.116619251 -1.40000241 -0.118360707 -0.096621454 -1.40000241 -0.0916875914 -0.116619184 -1.0000025 -0.118360707 0.0101518033 -1.0000025 -0.213439555 0.0101517317 -1.40000241 -0.213439555 -0.116619251 -1.40000241 -0.118360707 0.0101518033 -1.0000025 -0.213439555 0.00905356447 -1.0000025 0.136220137 0.00905350486 -1.40000241 0.136220137 0.0101517317 -1.40000241 -0.213439555 0.00905356447 -1.0000025 0.136220137 0.0835135918 -1.0000025 0.0815435201 0.0835135155 -1.40000241 0.0815435201 0.00905350486 -1.40000241 0.136220137 0.0835135918 -1.0000025 0.0815435201 0.103245676 -1.0000025 0.108410041 0.103245609 -1.40000241 0.108410041 0.0835135155 -1.40000241 0.0815435201 -0.319099648 -0.949775141 -0.150799366 -0.319099648 -0.949775446 0.111643188 -0.422627325 -1.33614591 0.111642997 -0.422627325 -1.3361456 -0.150799366 -0.319099648 -0.949775446 0.111643188 -0.237096247 -0.971748101 0.0479713238 -0.340623924 -1.35811856 0.0479713238 -0.422627325 -1.33614591 0.111642997 -0.237096247 -0.971748101 0.0479713238 -0.178927265 -0.987334496 0.108192604 -0.282455018 -1.3737048 0.108192604 -0.340623924 -1.35811856 0.0479713238 -0.178927265 -0.987334496 0.108192604 -0.201691795 -0.981234643 0.131760184 -0.305219548 -1.36760495 0.131760184 -0.282455018 -1.3737048 0.108192604 -0.201691795 -0.981234643 0.131760184 -0.240117621 -0.970938623 0.0919814852 -0.343645279 -1.35730893 0.0919814852 -0.305219548 -1.36760495 0.131760184 -0.240117621 -0.970938623 0.0919814852 -0.351297218 -0.941148127 0.178309971 -0.454824895 -1.32751859 0.17830978 -0.343645279 -1.35730893 0.0919814852 -0.351297218 -0.941148127 0.178309971 -0.351297218 -0.941148127 0.144976584 -0.454824895 -1.32751859 0.144976393 -0.454824895 -1.32751859 0.17830978 -0.351297218 -0.941147821 -0.20925159 -0.454824895 -1.32751828 -0.20925159 -0.351297218 -0.941147821 -0.20925159 -0.239889902 -0.970999353 -0.141022679 -0.343417618 -1.35736996 -0.141022679 -0.454824895 -1.32751828 -0.20925159 -0.239889902 -0.970999353 -0.141022679 -0.199199825 -0.981902368 -0.168919941 -0.302727578 -1.36827267 -0.168919941 -0.343417618 -1.35736996 -0.141022679 -0.199199825 -0.981902368 -0.168919941 -0.181419235 -0.986666772 -0.141131016 -0.284947007 -1.37303708 -0.141131016 -0.302727578 -1.36827267 -0.168919941 -0.181419235 -0.986666772 -0.141131016 -0.2389257 -0.971257837 -0.101697919 -0.342453377 -1.35762814 -0.101697919 -0.284947007 -1.37303708 -0.141131016 -0.2389257 -0.971257837 -0.101697919 -0.319099648 -0.949775141 -0.150799366 -0.422627325 -1.3361456 -0.150799366 -0.342453377 -1.35762814 -0.101697919 -0.402711211 -0.922197474 0.135731093 -0.426729879 -0.908330287 0.154221112 -0.626729913 -1.25474034 0.154220921 -0.602711244 -1.26860753 0.135731093 -0.426729879 -0.908330287 0.154221112 -0.486889371 -0.873597011 0.0500215328 -0.686889404 -1.22000722 0.0500215328 -0.626729913 -1.25474034 0.154220921 -0.486889371 -0.873597011 0.0500215328 -0.486889371 -0.873597164 0.169976192 -0.686889404 -1.22000722 0.169976002 -0.686889404 -1.22000722 0.0500215328 -0.486889371 -0.873597164 0.169976192 -0.515756786 -0.856930599 0.169976192 -0.715756744 -1.2033405 0.169976002 -0.686889404 -1.22000722 0.169976002 -0.515756786 -0.856930599 0.169976192 -0.515756786 -0.856930447 0.0500217236 -0.715756744 -1.2033405 0.0500215328 -0.715756744 -1.2033405 0.169976002 -0.515756786 -0.856930447 0.0500217236 -0.575916239 -0.822197476 0.154221112 -0.775916273 -1.16860753 0.154220921 -0.715756744 -1.2033405 0.0500215328 -0.575916239 -0.822197476 0.154221112 -0.599934908 -0.808330289 0.135731284 -0.799934903 -1.15474035 0.135731093 -0.775916273 -1.16860753 0.154220921 -0.599934908 -0.808330289 0.135731284 -0.515756786 -0.856930447 -0.0100694785 -0.715756744 -1.2033405 -0.0100694785 -0.799934903 -1.15474035 0.135731093 -0.515756786 -0.856930447 -0.0100694785 -0.515756748 -0.856930447 -0.205025668 -0.715756744 -1.2033405 -0.205025668 -0.715756744 -1.2033405 -0.0100694785 -0.515756748 -0.856930447 -0.205025668 -0.486889371 -0.873597011 -0.205025668 -0.686889328 -1.22000722 -0.205025859 -0.715756744 -1.2033405 -0.205025668 -0.486889371 -0.873597011 -0.205025668 -0.486889371 -0.873597011 -0.0100694785 -0.686889404 -1.22000722 -0.0100694785 -0.686889328 -1.22000722 -0.205025859 -0.486889371 -0.873597011 -0.0100694785 -0.402711211 -0.922197474 0.135731093 -0.602711244 -1.26860753 0.135731093 -0.686889404 -1.22000722 -0.0100694785 -0.744220183 -0.669995331 0.0911889819 -0.663688569 -0.750527098 0.181941181 -0.946531275 -1.03336965 0.181941181 -1.02706297 -0.952838037 0.0911889819 -0.663688569 -0.750527098 0.181941181 -0.678373779 -0.73584204 0.208010059 -0.961216485 -1.01868459 0.208010059 -0.946531275 -1.03336965 0.181941181 -0.678373779 -0.73584204 0.208010059 -0.767924406 -0.646291261 0.107101219 -1.05076711 -0.929133814 0.107101219 -0.961216485 -1.01868459 0.208010059 -0.776943495 -0.637272096 0.0969394471 -1.05978628 -0.920114802 0.0969394471 -0.776943495 -0.637272096 0.0969394471 -0.669718994 -0.744496672 -0.102143285 -0.952561701 -1.02733923 -0.102143285 -1.05978628 -0.920114802 0.0969394471 -0.669718994 -0.744496672 -0.102143285 -0.750300505 -0.663915009 -0.192818637 -1.03314321 -0.946757562 -0.192818828 -0.952561701 -1.02733923 -0.102143285 -0.750300505 -0.663915009 -0.192818637 -0.735623 -0.67859259 -0.218903537 -1.01846578 -0.961435144 -0.218903727 -1.03314321 -0.946757562 -0.192818828 -0.735623 -0.67859259 -0.218903537 -0.636987977 -0.77722769 -0.107905385 -0.919830683 -1.06007024 -0.107905385 -1.01846578 -0.961435144 -0.218903727 -0.636987977 -0.77722769 -0.107905385 -0.744220183 -0.669995331 0.0911889819 -1.02706297 -0.952838037 0.0911889819 -0.919830683 -1.06007024 -0.107905385 -0.806117002 -0.603765779 0.059454516 -0.862624721 -0.505891483 0.20072227 -1.20903485 -0.705891479 0.20072227 -1.15252706 -0.803765775 0.059454516 -0.862624721 -0.505891483 0.20072227 -0.869132518 -0.494619816 0.184454494 -1.21554265 -0.694619659 0.184454494 -1.20903485 -0.705891479 0.20072227 -0.919132517 -0.408017188 0.059454516 -1.26554257 -0.60801703 0.059454516 -0.919132517 -0.408017188 0.059454516 -0.906116923 -0.430560827 0.0386323729 -1.25252706 -0.630560823 0.0386323729 -1.26554257 -0.60801703 0.059454516 -0.906116923 -0.430560827 0.0386323729 -0.870958004 -0.49145789 0.126528518 -1.21736814 -0.691457886 0.126528518 -1.25252706 -0.630560823 0.0386323729 -0.870958004 -0.49145789 0.126528518 -0.870958004 -0.491457737 -0.200957866 -1.21736814 -0.69145758 -0.200957866 -1.21736814 -0.691457886 0.126528518 -0.870958004 -0.491457737 -0.200957866 -0.854291439 -0.520325229 -0.200957866 -1.20070157 -0.720325225 -0.200957866 -1.21736814 -0.69145758 -0.200957866 -0.854291439 -0.520325229 -0.200957866 -0.854291439 -0.520325229 0.126528518 -1.20070157 -0.720325225 0.126528518 -1.20070157 -0.720325225 -0.200957866 -0.854291439 -0.520325229 0.126528518 -0.81913252 -0.581222292 0.0386323729 -1.16554265 -0.781222288 0.0386323729 -1.20070157 -0.720325225 0.126528518 -0.81913252 -0.581222292 0.0386323729 -0.806117002 -0.603765779 0.059454516 -1.15252706 -0.803765775 0.059454516 -1.16554265 -0.781222288 0.0386323729 -0.937624414 -0.364442054 0.0727897437 -0.98902311 -0.172618862 0.205184703 -1.37539334 -0.276146921 0.205184703 -1.32399472 -0.467969426 0.0727897437 -0.98902311 -0.172618862 0.205184703 -0.98902311 -0.172618862 0.174043041 -1.37539334 -0.276146921 0.174043041 -1.37539334 -0.276146921 0.205184703 -0.989022958 -0.172618862 -0.207099719 -1.37539334 -0.276146844 -0.207099719 -0.989022958 -0.172618862 -0.207099719 -0.937927607 -0.36331031 -0.0754846651 -1.32429791 -0.466837834 -0.0754846651 -1.37539334 -0.276146844 -0.207099719 -0.937927607 -0.36331031 -0.0754846651 -0.970250604 -0.242679285 0.00234983856 -1.35662091 -0.346206734 0.00234983856 -1.32429791 -0.466837834 -0.0754846651 -0.970250604 -0.242679285 0.00234983856 -0.937624414 -0.364442054 0.0727897437 -1.32399472 -0.467969426 0.0727897437 -1.35662091 -0.346206734 0.00234983856 -0.980395791 -0.20481689 0.14290158 -0.954148767 -0.302771981 0.075296572 -1.34051907 -0.406299506 0.075296572 -1.36676602 -0.308344338 0.14290158 -0.954148767 -0.302771981 0.075296572 -0.980395791 -0.204816737 0.0186317273 -1.36676602 -0.308344338 0.0186317273 -1.34051907 -0.406299506 0.075296572 -0.980395791 -0.204816737 0.0186317273 -0.980395791 -0.20481689 0.14290158 -1.36676602 -0.308344338 0.14290158 -1.36676602 -0.308344338 0.0186317273 -0.95384527 -0.303904488 -0.0764289887 -0.980395638 -0.204816966 -0.144816395 -1.36676602 -0.308344338 -0.144816395 -1.34021573 -0.407432013 -0.0764289887 -0.980395638 -0.204816966 -0.144816395 -0.980395638 -0.204816966 -0.0124941001 -1.36676602 -0.308344491 -0.0124941001 -1.36676602 -0.308344338 -0.144816395 -0.980395638 -0.204816966 -0.0124941001 -0.95384527 -0.303904488 -0.0764289887 -1.34021573 -0.407432013 -0.0764289887 -1.36676602 -0.308344491 -0.0124941001 -0.999999901 -0.098027189 0.161065441 -0.999999901 -0.0118943784 0.0318658655 -1.39999982 -0.0118942258 0.0318658655 -1.39999982 -0.0980271127 0.161065251 -0.999999901 -0.0118943784 0.0318658655 -0.999999901 0.104772184 0.206866031 -1.39999982 0.104772413 0.20686584 -1.39999982 -0.0118942258 0.0318658655 -0.999999901 0.104772184 0.206866031 -0.999999749 0.10477226 -0.198180576 -1.39999982 0.104772413 -0.198180576 -1.39999982 0.104772413 0.20686584 -0.999999749 0.10477226 -0.198180576 -0.999999749 0.0714390548 -0.198180576 -1.39999982 0.0714392074 -0.198180576 -1.39999982 0.104772413 -0.198180576 -0.999999749 0.0714390548 -0.198180576 -0.999999901 0.0714389785 0.096774843 -1.39999982 0.0714392074 0.0967746522 -1.39999982 0.0714392074 -0.198180576 -0.999999901 0.0714389785 0.096774843 -0.999999901 -0.0118943784 -0.0282253378 -1.39999982 -0.0118942258 -0.0282253378 -1.39999982 0.0714392074 0.0967746522 -0.999999901 -0.0118943784 -0.0282253378 -0.999999901 -0.0952275827 0.096774843 -1.39999982 -0.0952274301 0.0967746522 -1.39999982 -0.0118942258 -0.0282253378 -0.999999901 -0.0952275827 0.096774843 -0.999999901 -0.0952275827 -0.198180576 -1.39999982 -0.0952274301 -0.198180576 -1.39999982 -0.0952274301 0.0967746522 -0.999999901 -0.0952275827 -0.198180576 -0.999999901 -0.12856117 -0.198180576 -1.39999982 -0.128561017 -0.198180576 -1.39999982 -0.0952274301 -0.198180576 -0.999999901 -0.12856117 -0.198180576 -0.999999978 -0.12856117 0.206866031 -1.39999982 -0.128561093 0.20686584 -1.39999982 -0.128561017 -0.198180576 -0.999999978 -0.12856117 0.206866031 -0.999999901 -0.098027189 0.161065441 -1.39999982 -0.0980271127 0.161065251 -1.39999982 -0.128561093 0.20686584 -0.992321145 0.160310055 0.160115582 -0.969663217 0.2448706 0.0616288934 -1.35603345 0.348398353 0.0616287027 -1.37869138 0.263837808 0.160115391 -0.969663217 0.2448706 0.0616288934 -0.9394676 0.357562019 0.192878871 -1.32583783 0.461089963 0.192878681 -1.35603345 0.348398353 0.0616287027 -0.9394676 0.357562019 0.192878871 -0.9394676 0.357562019 0.149042288 -1.32583783 0.461089963 0.149042098 -1.32583783 0.461089963 0.192878681 -0.939467524 0.357562095 -0.200958629 -1.32583783 0.461090001 -0.200958629 -0.939467524 0.357562095 -0.200958629 -0.948094919 0.325364296 -0.200958629 -1.33446515 0.42889224 -0.200958629 -1.32583783 0.461090001 -0.200958629 -0.948094919 0.325364296 -0.200958629 -0.948094919 0.325364296 -0.0822942715 -1.33446515 0.428892202 -0.0822944623 -1.33446515 0.42889224 -0.200958629 -0.948094919 0.325364296 -0.0822942715 -0.969663217 0.2448706 0.0114557109 -1.35603345 0.348398353 0.0114555201 -1.33446515 0.428892202 -0.0822944623 -0.969663217 0.2448706 0.0114557109 -0.991231438 0.164376904 -0.0822942715 -1.37760159 0.267904657 -0.0822944623 -1.35603345 0.348398353 0.0114555201 -0.991231438 0.164376904 -0.0822942715 -0.991231438 0.164376904 -0.200958629 -1.37760159 0.267904657 -0.200958629 -1.37760159 0.267904657 -0.0822944623 -0.991231438 0.164376904 -0.200958629 -0.999858758 0.132179181 -0.200958629 -1.38622906 0.235706858 -0.200958629 -1.37760159 0.267904657 -0.200958629 -0.999858758 0.132179181 -0.200958629 -0.999858834 0.132179105 0.192878871 -1.38622906 0.235706858 0.192878681 -1.38622906 0.235706858 -0.200958629 -0.999858834 0.132179105 0.192878871 -0.992321145 0.160310055 0.160115582 -1.37869138 0.263837808 0.160115391 -1.38622906 0.235706858 0.192878681 -0.948094995 0.325363915 -0.0321210973 -0.948095072 0.325363915 0.105205696 -1.3344653 0.428891821 0.105205505 -1.3344653 0.428891859 -0.0321212881 -0.948095072 0.325363915 0.105205696 -0.963892114 0.266408457 0.0365423004 -1.35026227 0.36993621 0.0365421096 -1.3344653 0.428891821 0.105205505 -0.963892114 0.266408457 0.0365423004 -0.948094995 0.325363915 -0.0321210973 -1.3344653 0.428891859 -0.0321212881 -1.35026227 0.36993621 0.0365421096 -0.975434396 0.223332362 0.0365423004 -0.991231515 0.164376904 0.105205696 -1.37760175 0.267904581 0.105205505 -1.36180463 0.326860039 0.0365421096 -0.991231515 0.164376904 0.105205696 -0.991231438 0.164376904 -0.0321210973 -1.37760159 0.267904657 -0.0321212881 -1.37760175 0.267904581 0.105205505 -0.991231438 0.164376904 -0.0321210973 -0.975434396 0.223332362 0.0365423004 -1.36180463 0.326860039 0.0365421096 -1.37760159 0.267904657 -0.0321212881 -0.836092892 0.551844737 0.144973151 -0.836092816 0.551844775 -0.205027385 -1.18250287 0.751844923 -0.205027385 -1.18250287 0.751844923 0.144973151 -0.836092816 0.551844775 -0.205027385 -0.85275938 0.522977398 -0.205027385 -1.19916944 0.722977584 -0.205027385 -1.18250287 0.751844923 -0.205027385 -0.85275938 0.522977398 -0.205027385 -0.852759533 0.52297736 0.104738777 -1.19916944 0.722977508 0.104738777 -1.19916944 0.722977584 -0.205027385 -0.852759533 0.52297736 0.104738777 -0.901034297 0.439362974 0.00818937641 -1.24744428 0.639363084 0.00818937641 -1.19916944 0.722977508 0.104738777 -0.901034297 0.439362974 0.00818937641 -0.912818049 0.418952856 0.0317569559 -1.25922811 0.618952966 0.0317569559 -1.24744428 0.639363084 0.00818937641 -0.912818049 0.418952856 0.0317569559 -0.836092892 0.551844737 0.185210376 -1.18250287 0.751844923 0.185210376 -1.25922811 0.618952966 0.0317569559 -0.836092892 0.551844737 0.185210376 -0.836092892 0.551844737 0.144973151 -1.18250287 0.751844923 0.144973151 -1.18250287 0.751844923 0.185210376 -0.713716415 0.700497345 0.118540923 -0.705383972 0.708829711 0.106756942 -0.988226601 0.991672646 0.106756752 -0.996558892 0.983340203 0.118540733 -0.626340738 0.787872907 -0.00502683151 -0.909183329 1.07071584 -0.00502702225 -0.626340738 0.787872907 -0.00502683151 -0.713716338 0.700497345 -0.128595159 -0.996558892 0.983340203 -0.128595159 -0.909183329 1.07071584 -0.00502702225 -0.713716338 0.700497345 -0.128595159 -0.801091977 0.613121706 -0.00502702225 -1.08393453 0.895964641 -0.00502702225 -0.996558892 0.983340203 -0.128595159 -0.801091977 0.613121706 -0.00502702225 -0.713716415 0.700497345 0.118540923 -0.996558892 0.983340203 0.118540733 -1.08393453 0.895964641 -0.00502702225 -0.713716338 0.700497345 -0.0814592343 -0.659670624 0.754543059 -0.00502683151 -0.942513178 1.03738599 -0.00502702225 -0.996558892 0.983340203 -0.0814592343 -0.659670624 0.754543059 -0.00502683151 -0.713716415 0.700497345 0.0714053901 -0.996558892 0.983340203 0.0714051994 -0.942513178 1.03738599 -0.00502702225 -0.713716415 0.700497345 0.0714053901 -0.767762129 0.646451554 -0.00502702225 -1.05060468 0.929294489 -0.00502702225 -0.996558892 0.983340203 0.0714051994 -0.767762129 0.646451554 -0.00502702225 -0.713716338 0.700497345 -0.0814592343 -0.996558892 0.983340203 -0.0814592343 -1.05060468 0.929294489 -0.00502702225 -0.51100066 0.859674053 0.00532415736 -0.410161848 0.917893351 0.108704154 -0.610161691 1.26430364 0.108704154 -0.711000503 1.20608434 0.00532415736 -0.410161848 0.917893351 0.108704154 -0.410006743 0.91798292 0.0718602927 -0.610006586 1.26439321 0.0718602927 -0.610161691 1.26430364 0.108704154 -0.409109259 0.918501032 -0.141914365 -0.609109102 1.26491132 -0.141914365 -0.409109259 0.918501032 -0.141914365 -0.510859936 0.859755306 -0.0391040889 -0.710859817 1.20616559 -0.0391040889 -0.609109102 1.26491132 -0.141914365 -0.510859936 0.859755306 -0.0391040889 -0.611337038 0.801744825 -0.14211559 -0.811336881 1.14815519 -0.14211559 -0.710859817 1.20616559 -0.0391040889 -0.611337038 0.801744825 -0.14211559 -0.611337076 0.801744901 0.10670182 -0.811336957 1.14815519 0.10670182 -0.811336881 1.14815519 -0.14211559 -0.611337076 0.801744901 0.10670182 -0.51100066 0.859674053 0.00532415736 -0.711000503 1.20608434 0.00532415736 -0.811336957 1.14815519 0.10670182 -0.438286733 0.901655482 -0.0681409916 -0.438719015 0.901405925 0.0348541061 -0.638718896 1.24781613 0.0348541061 -0.638286576 1.24806577 -0.0681409916 -0.438719015 0.901405925 0.0348541061 -0.489101285 0.872317714 -0.0168003198 -0.689101166 1.218728 -0.0168003198 -0.638718896 1.24781613 0.0348541061 -0.489101285 0.872317714 -0.0168003198 -0.438286733 0.901655482 -0.0681409916 -0.638286576 1.24806577 -0.0681409916 -0.689101166 1.218728 -0.0168003198 -0.582469279 0.818411618 -0.0679451069 -0.532759693 0.847111492 -0.0169796105 -0.732759536 1.19352178 -0.0169796105 -0.78246916 1.1648219 -0.0679451069 -0.532759693 0.847111492 -0.0169796105 -0.582469317 0.818411694 0.0332431595 -0.78246916 1.1648219 0.0332431595 -0.732759536 1.19352178 -0.0169796105 -0.582469317 0.818411694 0.0332431595 -0.582469279 0.818411618 -0.0679451069 -0.78246916 1.1648219 -0.0679451069 -0.78246916 1.1648219 0.0332431595 -0.390614997 0.930611094 0.0207532711 -0.273752454 0.961924264 0.202231364 -0.377279922 1.34829465 0.202231174 -0.494142445 1.31698148 0.0207532711 -0.273752454 0.961924264 0.202231364 -0.260357794 0.96551336 0.181430774 -0.363885223 1.35188382 0.181430584 -0.377279922 1.34829465 0.202231174 -0.156800333 0.993261468 0.0206178494 -0.260327791 1.37963177 0.0206178494 -0.156800333 0.993261468 0.0206178494 -0.253340582 0.967393548 -0.0895759658 -0.356868049 1.35376401 -0.0895759658 -0.260327791 1.37963177 0.0206178494 -0.253340582 0.967393548 -0.0895759658 -0.164116303 0.991301095 -0.193981548 -0.267643751 1.37767148 -0.193981548 -0.356868049 1.35376401 -0.0895759658 -0.164116303 0.991301095 -0.193981548 -0.188232761 0.984839074 -0.216073985 -0.291760209 1.37120953 -0.216073985 -0.267643751 1.37767148 -0.193981548 -0.188232761 0.984839074 -0.216073985 -0.275099176 0.961563394 -0.11441879 -0.378626624 1.34793378 -0.11441879 -0.291760209 1.37120953 -0.216073985 -0.275099176 0.961563394 -0.11441879 -0.359921676 0.938835276 -0.211234279 -0.463449124 1.32520566 -0.211234279 -0.378626624 1.34793378 -0.11441879 -0.359921676 0.938835276 -0.211234279 -0.383765822 0.932446268 -0.188838382 -0.487293309 1.31881665 -0.188838382 -0.463449124 1.32520566 -0.211234279 -0.383765822 0.932446268 -0.188838382 -0.296564115 0.955811899 -0.089299591 -0.400091582 1.34218228 -0.089299591 -0.487293309 1.31881665 -0.188838382 -0.296564115 0.955811899 -0.089299591 -0.390614997 0.930611094 0.0207532711 -0.494142445 1.31698148 0.0207532711 -0.400091582 1.34218228 -0.089299591 -0.274805883 0.961641977 -0.0644622884 -0.19751863 0.982351052 0.0237539119 -0.301046098 1.36872144 0.0237539119 -0.378333312 1.34801236 -0.0644622884 -0.19751863 0.982351052 0.0237539119 -0.273752454 0.961924264 0.142139975 -0.377279884 1.34829465 0.142139975 -0.301046098 1.36872144 0.0237539119 -0.273752454 0.961924264 0.142139975 -0.350075027 0.941473673 0.0236184902 -0.453602476 1.32784406 0.0236184902 -0.377279884 1.34829465 0.142139975 -0.350075027 0.941473673 0.0236184902 -0.274805883 0.961641977 -0.0644622884 -0.378333312 1.34801236 -0.0644622884 -0.453602476 1.32784406 0.0236184902</float_array>
        <technique_common><accessor source="#vfx_kurp_1198-mesh-positions-array" count="1018" stride="3"><param name="X" type="float"/><param name="Y" type="float"/><param name="Z" type="float"/></accessor></technique_common>
      </source>
      <source id="vfx_kurp_1198-mesh-normals">
        <float_array id="vfx_kurp_1198-mesh-normals-array" count="3054">0.707107169 0 0.707106394 0.707107139 0 0.707106424 0.707107169 0 0.707106394 0.707107139 0 0.707106424 -1 0 0 -1 0 0 -1 0 0 -1 0 0 -0.70710702 0 -0.707106543 -0.70710702 0 -0.707106543 -0.70710702 0 -0.707106543 -0.70710702 0 -0.707106543 -0.707103741 0 0.707109821 -0.707103741 0 0.707109821 -0.707103801 0 0.707109761 -0.707103741 0 0.707109821 0.707107139 0 0.707106424 0.707107079 0 0.707106483 0.707107079 0 0.707106483 0.707107079 0 0.707106483 -1 0 0 -1 0 0 -1 0 0 -1 0 0 0 0 1 0 0 1 0 0 1 0 0 1 1 0 0 1 0 0 1 0 0 1 0 0 0 0 -1 0 0 -1 0 0 -1 0 0 -1 -1 0 0 -1 0 0 -1 0 0 -1 0 0 -0.70710702 0 -0.707106543 -0.70710702 0 -0.707106543 -0.70710702 0 -0.707106543 -0.70710702 0 -0.707106543 -0.707103741 0 0.707109821 -0.707103741 0 0.707109821 -0.707103801 0 0.707109761 -0.707103741 0 0.707109821 0.965925574 -0.258818239 -0.000951520632 0.965925619 -0.258818116 -0.000939170175 0.965925592 -0.258818214 -0.000939254899 0.965925582 -0.258818211 -0.000950606198 -0.000945129372 0.000253245874 -0.999999521 -0.000945129314 0.000253245845 -0.999999521 -0.000945129837 0.000253245933 -0.999999521 -0.000945129779 0.000253245903 -0.999999521 -0.965925594 0.258818215 0.000937035851 -0.965925579 0.25881827 0.000937009643 -0.965925594 0.258818215 0.000937043243 -0.965925602 0.258818187 0.000937069444 0.466281392 -0.124939369 -0.875769272 0.466281415 -0.124939367 -0.87576926 0.466281415 -0.124939367 -0.87576926 0.466281415 -0.124939367 -0.87576926 0.965926009 -0.258818363 0 0.965926009 -0.258818363 0 0.965926009 -0.258818363 0 0.965926009 -0.258818363 0 0 0 -1 0 0 -1 0 0 -1 0 0 -1 -0.965926017 0.258818335 2.54800934e-08 -0.965926009 0.258818363 0 -0.965926017 0.258818335 3.91991338e-08 -0.965926028 0.258818292 6.46792258e-08 -0.466266508 0.124935335 0.875777772 -0.466266485 0.124935329 0.875777785 -0.466266507 0.124935357 0.875777769 -0.466266576 0.124935389 0.875777728 0.965925562 -0.258818236 -0.000963707617 0.965925574 -0.258818239 -0.000951520632 0.965925582 -0.258818211 -0.000950606198 0.965925587 -0.258818153 -0.000961794064 -0.497998917 0.287519213 0.818125774 -0.497998921 0.287519185 0.818125781 -0.497998959 0.28751925 0.818125735 -0.497998955 0.287519277 0.818125728 -0.866025868 0.499999197 0 -0.866025868 0.499999197 0 -0.866025855 0.499999219 0 -0.866025868 0.499999197 0 0 0 1 0 0 1 0 0 1 0 0 1 0.866025975 -0.499999011 0 0.866025975 -0.499999011 0 0.866025975 -0.499999011 0 0.866025975 -0.499999011 0 0 0 -1 0 0 -1 0 0 -1 0 0 -1 -0.866025855 0.499999219 0 -0.866025868 0.499999197 0 -0.866025855 0.499999219 0 -0.866025868 0.499999197 0 -0.554423802 0.320096131 -0.768213977 -0.554423807 0.320096104 -0.768213985 -0.554423868 0.320096135 -0.768213927 -0.554423935 0.320096139 -0.768213878 0.554413724 -0.320090287 0.768223686 0.554413749 -0.320090301 0.768223661 0.554413673 -0.320090202 0.768223758 0.554413673 -0.320090202 0.768223758 -0.866025801 0.499999312 0 -0.866025814 0.49999929 0 -0.866025827 0.499999267 0 -0.866025814 0.49999929 0 0.49800882 -0.28752491 -0.818117743 0.498008838 -0.287524934 -0.818117723 0.498008751 -0.287524905 -0.818117787 0.498008729 -0.287524909 -0.818117799 -0.606326289 0.606325097 -0.514527267 -0.606326233 0.6063251 -0.514527329 -0.606326772 0.60632552 -0.514526199 -0.606326828 0.606325517 -0.514526137 -0.36380187 0.363800916 0.85749466 -0.363801812 0.363800828 0.857494723 -0.363801861 0.363801116 0.857494579 -0.363801934 0.363801249 0.857494492 0.707107735 -0.707105828 0 0.707107735 -0.707105828 0 0.707107735 -0.707105828 0 0.707107735 -0.707105828 0 0.707107735 -0.707105828 0 0.707107735 -0.707105828 0 0 0 -1 0 0 -1 0 0 -1 0 0 -1 -0.707107854 0.707105708 0 -0.707107854 0.707105708 0 -0.707107854 0.707105708 0 -0.707107854 0.707105708 0 0.374406514 -0.374405679 -0.848316067 0.374406426 -0.374405622 -0.848316131 0.374407087 -0.374406014 -0.848315666 0.374407175 -0.374406072 -0.848315602 -0.599853389 0.599852077 -0.529484086 -0.599853389 0.599852077 -0.529484086 -0.599853389 0.599852077 -0.529484086 -0.599853389 0.599852077 -0.529484086 -0.374408572 0.374407529 0.848314343 -0.374408518 0.374407416 0.848314416 -0.374408809 0.374407974 0.848314041 -0.374408841 0.374408066 0.848313987 -0.707107854 0.707105708 0 -0.707107854 0.707105708 0 -0.707107854 0.707105708 0 -0.707107854 0.707105708 0 0.363804966 -0.363804162 -0.85749197 0.363804904 -0.363804099 -0.857492023 0.363805379 -0.363804336 -0.857491721 0.363805467 -0.363804394 -0.857491659 -0.343027293 0.594138562 -0.727551817 -0.343027293 0.594138562 -0.727551817 -0.343027238 0.594138509 -0.727551885 -0.343027197 0.59413849 -0.727551921 -0.304525937 0.52745413 0.793130565 -0.30452591 0.527454314 0.793130454 -0.30452592 0.527453913 0.793130717 -0.304525937 0.527453773 0.793130803 0.499992696 -0.866012629 0.00542487109 0.499992709 -0.866012651 0.00542035151 0.499992683 -0.866012666 0.00542032422 0.499992674 -0.866012642 0.0054248707 0.499992788 -0.866012633 0.00541587779 0.499992718 -0.866012674 0.00541582319 0.00276925153 -0.00479653375 -0.999984662 0.00276942429 -0.00479678334 -0.99998466 0.00276632679 -0.00479232105 -0.99998469 0.0027661538 -0.00479207193 -0.999984692 -0.49999276 0.866012696 -0.00540837461 -0.499992783 0.866012683 -0.00540832238 -0.499992737 0.866012708 -0.00540852929 -0.499992689 0.866012736 -0.00540858171 0.382085946 -0.661791379 -0.645013566 0.38208636 -0.661791552 -0.645013143 0.3820853 -0.661791098 -0.645014238 0.382084897 -0.661790891 -0.645014688 -0.322558873 0.558686781 -0.764084324 -0.322558935 0.558686904 -0.764084208 -0.32255804 0.55868571 -0.764085459 -0.322557983 0.558685655 -0.764085523 -0.38208272 0.661785585 0.645021422 -0.382082734 0.661785787 0.645021206 -0.382082788 0.661785242 0.645021734 -0.382082815 0.661784998 0.645021967 0.304536454 -0.527472184 -0.793114521 0.304536758 -0.527472433 -0.793114239 0.304535298 -0.527471122 -0.793115671 0.304535035 -0.527470893 -0.793115924 0.34302423 -0.594134401 0.727556659 0.343024313 -0.594134807 0.727556288 0.343024039 -0.594133009 0.727557885 0.343023956 -0.594132603 0.727558256 -0.4999927 0.866012695 -0.00541407756 -0.499992722 0.866012682 -0.00541408493 -0.4999927 0.866012695 -0.00541405614 -0.4999927 0.866012695 -0.00541404823 -0.207054501 0.772733469 -0.600009516 -0.207055179 0.772733859 -0.60000878 -0.207053947 0.772733161 -0.600010104 -0.207053259 0.772732795 -0.600010813 -0.155289727 0.579544315 0.800008429 -0.155289722 0.579544355 0.800008402 -0.155289647 0.579543879 0.800008761 -0.155289633 0.579543881 0.800008763 0.207077802 -0.772818211 0.599892321 0.207067035 -0.772780087 0.599945148 0.207067501 -0.772779986 0.599945117 0.207077996 -0.772819224 0.599890949 0.207055789 -0.772742677 0.599997213 0.20705658 -0.77274149 0.599998469 0.165694533 -0.618377679 -0.768215053 0.165694999 -0.618378051 -0.768214653 0.165694074 -0.618377271 -0.768215481 0.16569363 -0.618376926 -0.768215854 -0.198839697 0.742072174 -0.64014972 -0.198839682 0.742072176 -0.640149722 -0.198839785 0.742072409 -0.64014942 -0.198839785 0.742072409 -0.64014942 -0.165697893 0.618391474 0.768203224 -0.165697739 0.618391991 0.768202841 -0.165698117 0.61839082 0.768203702 -0.165698243 0.618390313 0.768204083 0 0.52406395 0.851678916 0 0.52406395 0.851678916 0 0.52406395 0.851678916 0 0.52406395 0.851678916 0 -0.85167042 0.524077758 0 -0.851663953 0.524088267 0 -0.851663979 0.524088224 0 -0.851670446 0.524077715 0 -0.851657502 0.524098749 0 -0.851657502 0.524098749 0 0.851658525 0.524097086 0 0.851658525 0.524097086 0 0.851658525 0.524097086 0 0.851658525 0.524097086 0 -0.52406395 0.851678916 0 -0.52406395 0.851678916 0 -0.52406395 0.851678916 0 -0.52406395 0.851678916 -1.15071025e-07 -0.851657572 -0.524098636 -1.62440859e-07 -0.851657529 -0.524098706 -4.73698314e-08 -0.851657641 -0.524098523 0 -0.851657684 -0.524098453 -4.73699309e-08 -0.851658118 0.524097748 0 -0.851658049 0.524097861 -1.15071042e-07 -0.851658188 0.524097635 -1.62440999e-07 -0.851658231 0.524097565 0 -0.524076644 -0.851671105 0 -0.524076644 -0.851671105 0 -0.524076644 -0.851671105 0 -0.524076644 -0.851671105 0 0.851659999 -0.524094692 0 0.851659999 -0.524094692 0 0.851659999 -0.524094692 0 0.851659999 -0.524094692 0 -0.851660181 -0.524094396 0 -0.851660181 -0.524094396 0 -0.851660181 -0.524094396 0 -0.851660181 -0.524094396 0 0.524076644 -0.851671105 0 0.524076644 -0.851671105 0 0.524076644 -0.851671105 0 0.524076644 -0.851671105 0 0.851658413 0.524097269 0 0.851658413 0.524097269 0 0.851658413 0.524097269 0 0.851658413 0.524097269 0 0.851657866 -0.524098157 0 0.851657866 -0.524098157 0 0.851657866 -0.524098157 0 0.851657866 -0.524098157 -0.25881955 -0.965925691 -4.49874004e-06 -0.25881955 -0.965925691 -2.36641994e-06 -0.258819368 -0.96592574 -1.17051419e-07 -0.258819186 -0.965925788 0 -0.25881955 -0.965925691 0 -0.25881955 -0.965925691 0 0 0 -1 0 0 -1 0 0 -1 0 0 -1 0.258819186 0.965925788 0 0.258819186 0.965925788 0 0.258819186 0.965925788 0 0.258819186 0.965925788 0 0.143567788 0.53579665 -0.832051825 0.143568084 0.53579557 -0.83205247 0.143567367 0.535798185 -0.832050909 0.143567071 0.535799266 -0.832050265 0.143567294 0.535797538 0.832051339 0.143566414 0.535796761 0.832051991 0.143568115 0.535798139 0.83205081 0.143568995 0.535798916 0.832050158 -0.143567289 -0.535793883 -0.832053693 -0.14356741 -0.535792816 -0.832054359 -0.143566961 -0.535797398 -0.832051486 -0.143566862 -0.53579849 -0.8320508 -0.14356613 -0.535794254 0.832053654 -0.143565508 -0.535793372 0.83205433 -0.143568173 -0.53579712 0.832051457 -0.143568796 -0.535798001 0.832050781 0.258819186 0.965925788 0 0.258819186 0.965925788 0 0.258819186 0.965925788 0 0.258819186 0.965925788 0 -0.499999936 -0.866025441 -3.77420232e-07 -0.499999728 -0.866025561 0 -0.500000122 -0.866025333 -7.01514925e-07 -0.500000308 -0.866025226 -1.07893495e-06 0.416025223 0.720576647 0.554700198 0.416025457 0.720576699 0.554699954 0.416024954 0.720576527 0.554700555 0.41602472 0.720576475 0.554700799 0.500000308 0.866025226 0 0.500000308 0.866025226 0 0.500000308 0.866025226 0 0.500000308 0.866025226 0 0 0 1 0 0 1 0 0 1 0 0 1 -0.500000122 -0.866025333 -8.1700684e-08 -0.500000308 -0.866025226 -2.50659359e-07 -0.500000167 -0.866025308 -6.72341881e-08 -0.500000007 -0.8660254 1.01724511e-07 0 0 -1 0 0 -1 0 0 -1 0 0 -1 0.500000192 0.866025293 1.88709697e-07 0.500000308 0.866025226 0 0.500000122 0.866025333 3.50751551e-07 0.500000007 0.8660254 5.39461276e-07 -0.416027161 -0.720580344 -0.554693941 -0.416027109 -0.720580596 -0.554693653 -0.416027242 -0.720580031 -0.554694287 -0.416027283 -0.720579813 -0.554694541 -0.499999728 -0.866025561 0 -0.499999728 -0.866025561 0 -0.499999706 -0.866025574 0 -0.499999728 -0.866025561 0 0 0 -1 0 0 -1 0 0 -1 0 0 -1 0.500000007 0.8660254 0 0.500000007 0.8660254 0 0.500000007 0.8660254 0 0.500000007 0.8660254 0 0 0 1 0 0 1 0 0 1 0 0 1 0.427670701 0.427670433 0.796364095 0.427670808 0.42767048 0.796364012 0.427670213 0.427670183 0.796364491 0.427670111 0.427670111 0.796364586 0.707106811 0.707106751 7.53113663e-07 0.707106662 0.7071069 1.0712728e-06 0.70710696 0.707106602 3.18159101e-07 0.707107079 0.707106483 0 3.37174924e-07 -3.37174924e-07 1 3.37174924e-07 -3.37174924e-07 1 3.37174924e-07 -3.37174924e-07 1 3.37174924e-07 -3.37174924e-07 1 -0.707106662 -0.7071069 0 -0.707106722 -0.707106841 0 -0.707106662 -0.7071069 0 -0.707106722 -0.707106841 0 0.427673453 0.427672857 0.796361316 0.427673561 0.427672905 0.796361232 0.427673097 0.42767265 0.796361618 0.427673054 0.427672637 0.796361648 -0.563124002 -0.563124241 0.60479951 -0.563124063 -0.563124242 0.604799452 -0.563123773 -0.563124011 0.604799937 -0.563123773 -0.563124011 0.604799937 -0.427666041 -0.427665475 -0.79636926 -0.427666036 -0.427665499 -0.79636925 -0.427665945 -0.42766526 -0.796369427 -0.427665912 -0.427665196 -0.796369479 -0.707107049 -0.707106513 -8.13047884e-07 -0.707107169 -0.707106394 -1.13360122e-06 -0.7071069 -0.707106662 -3.20553801e-07 -0.707106781 -0.707106781 0 0 0 -1 0 0 -1 0 0 -1 0 0 -1 0.707107079 0.707106483 0 0.707107079 0.707106483 0 0.707107079 0.707106483 0 0.707107079 0.707106483 0 -0.427660555 -0.427660316 -0.796374977 -0.42766053 -0.427660322 -0.796374987 -0.427660401 -0.427660043 -0.796375206 -0.427660406 -0.427660019 -0.796375216 0.563121455 0.563121455 -0.604804475 0.563121498 0.563121498 -0.604804397 0.563120554 0.563120316 -0.604806375 0.563120533 0.563120235 -0.604806471 -0.86602552 -0.499999799 -1.08144521e-07 -0.866025374 -0.500000051 1.65180222e-07 -0.86602552 -0.499999799 -1.0814241e-07 -0.866025681 -0.49999952 -3.81467058e-07 0 0 -1 0 0 -1 0 0 -1 0 0 -1 0.866025507 0.499999821 1.27767405e-08 0.86602552 0.499999799 0 0.86602552 0.499999799 1.27766377e-08 0.866025507 0.499999821 2.55533834e-08 0 0 1 0 0 1 0 0 1 0 0 1 -0.683095593 -0.183034902 -0.707020958 -0.683095623 -0.183034909 -0.707020927 -0.683094035 -0.183034304 -0.707022618 -0.68309401 -0.183034267 -0.707022652 0.682986734 0.183005571 -0.707133708 0.682986683 0.183005499 -0.707133777 0.682986924 0.183005738 -0.707133482 0.682986978 0.183005796 -0.707133415 0.754240802 0.202098025 0.624721699 0.7542408 0.202098039 0.624721697 0.754240914 0.202097993 0.624721574 0.754240942 0.202098 0.624721537 -0.603367978 -0.161671935 0.780902855 -0.603367914 -0.161671919 0.780902908 -0.60336877 -0.161672044 0.780902221 -0.603368808 -0.161672038 0.780902192 -0.75425209 -0.202100981 -0.624707114 -0.754252017 -0.202100918 -0.624707222 -0.754252247 -0.202101184 -0.624706858 -0.75425232 -0.202101247 -0.62470675 -0.683001036 -0.183009325 0.707118923 -0.683000978 -0.18300931 0.707118984 -0.683001038 -0.183009311 0.707118925 -0.683001038 -0.183009311 0.707118925 0.662099675 0.177408848 0.728114085 0.662099706 0.177408856 0.728114055 0.662099184 0.177408785 0.728114547 0.662099122 0.177408784 0.728114604 -0.703254829 -0.188436436 0.685510288 -0.703293266 -0.188446746 0.68546802 -0.703293359 -0.188446709 0.685467935 -0.703255099 -0.188436399 0.685510022 -0.703331759 -0.188457054 0.685425689 -0.703331727 -0.188457077 0.685425716 -0.743499029 -0.199219701 -0.638373484 -0.74349898 -0.199219659 -0.638373553 -0.743499123 -0.199219829 -0.638373335 -0.7434992 -0.199219847 -0.638373239 0.616544544 0.165202543 -0.769792794 0.616544668 0.165202604 -0.769792681 0.616543117 0.165202008 -0.769794051 0.616543054 0.165201992 -0.769794105 0.743488605 0.199216946 0.638386484 0.74348866 0.199216944 0.63838642 0.74348835 0.199216986 0.638386768 0.743488262 0.199217039 0.638386854 0.703241947 0.188432933 -0.685524466 0.703242002 0.188432961 -0.685524402 0.703241869 0.188432853 -0.685524568 0.703241812 0.188432839 -0.68552463 0.591881934 -1.04142402e-07 0.806024675 0.591881934 -1.05836755e-07 0.806024675 0.591881867 -1.00475325e-07 0.806024724 0.591881867 -9.8780972e-08 0.806024724 -0.99999516 1.7881308e-07 -0.00311123949 -0.99999512 1.78813097e-07 -0.00312404896 -0.99999512 1.78813097e-07 -0.00312404849 -0.99999516 1.78813094e-07 -0.00311123972 -0.99999508 1.78813101e-07 -0.00313685796 -0.99999508 1.78813087e-07 -0.00313685773 0.600045852 -1.01167962e-07 0.799965609 0.600045814 -1.00143469e-07 0.799965638 0.60004588 -1.06272093e-07 0.799965588 0.60004588 -1.07296589e-07 0.799965588 -0.800101347 1.3353136e-07 0.599864846 -0.800101347 1.33531345e-07 0.599864846 -0.800101347 1.33531345e-07 0.599864846 -0.800101347 1.33531345e-07 0.599864846 -0.60000246 1.05571273e-07 -0.799998155 -0.60000246 1.07288818e-07 -0.799998155 -0.60000246 1.01853763e-07 -0.799998155 -0.60000246 1.00136225e-07 -0.799998155 0.999995068 -1.62639938e-07 0.00314084818 0.999995067 -1.49010918e-07 0.00314086354 0.999995068 -1.6518405e-07 0.00314084492 0.999995068 -1.78813099e-07 0.00314082978 -0.591874612 1.09322928e-07 -0.806030052 -0.591874583 1.12891133e-07 -0.806030072 -0.59187465 9.17644329e-08 -0.806030023 -0.59187465 8.81962153e-08 -0.806030023 0.805976041 -1.35528909e-07 -0.591948157 0.805976041 -1.34511795e-07 -0.591948157 0.805975914 -1.52710641e-07 -0.59194833 0.805975914 -1.53727754e-07 -0.59194833 0.965925811 -0.258819103 -3.00962398e-07 0.965925811 -0.258819103 -3.00962312e-07 0.965925811 -0.258819103 -3.00962454e-07 0.965925811 -0.258819103 -3.0096254e-07 -0.579553842 0.155291095 -0.800001263 -0.579554084 0.155291081 -0.80000109 -0.579553007 0.15529114 -0.800001859 -0.579552832 0.155291156 -0.800001983 0.683014447 -0.183013393 -0.707104916 0.683014324 -0.183013407 -0.707105031 0.683014964 -0.183013388 -0.707104419 0.683015026 -0.183013374 -0.707104362 0.683012307 -0.183012843 0.707107127 0.683012308 -0.183012829 0.707107128 0.683012246 -0.183012843 0.707107185 0.683012308 -0.183012829 0.707107128 -0.682990362 0.183006805 0.707129885 -0.682990303 0.183006791 0.707129946 -0.682991018 0.183007118 0.70712917 -0.682991075 0.183007148 0.707129108 0.579565054 -0.155294345 0.799992509 0.579565217 -0.15529446 0.799992369 0.579564744 -0.155294044 0.799992792 0.579564581 -0.155293929 0.799992932 -0.965925811 0.258819103 0 -0.965925803 0.258819131 1.11489355e-07 -0.965925811 0.258819103 1.1148937e-07 -0.965925811 0.258819103 0 -0.965925811 0.258819103 2.22978656e-07 -0.965925811 0.258819103 2.22978712e-07 0.491795512 -0.131776244 -0.860681239 0.491795535 -0.131776242 -0.860681227 0.49179549 -0.131776231 -0.860681254 0.491795512 -0.131776244 -0.860681239 -0.533329559 0.142905432 -0.833749135 -0.533329491 0.142905415 -0.833749181 -0.533330499 0.142905518 -0.833748518 -0.533330567 0.142905535 -0.833748472 0.80527486 -0.21577308 -0.552244853 0.805274836 -0.215773059 -0.552244896 0.805275069 -0.215773117 -0.552244534 0.805275119 -0.215773099 -0.552244468 0.533390463 -0.142921642 0.833707394 0.533390396 -0.14292161 0.833707442 0.533390877 -0.142921864 0.83370709 0.533390944 -0.142921896 0.833707042 -0.491800668 0.13177763 0.860678081 -0.491800669 0.131777615 0.860678083 -0.491800779 0.131777702 0.860678007 -0.491800826 0.131777722 0.860677977 0.480391922 -0.277354957 0.832044367 0.480392068 -0.277355075 0.832044243 0.480389 -0.27735287 0.83204675 0.480388854 -0.277352753 0.832046873 -0.720576945 0.416025342 0.554699721 -0.720577006 0.416025314 0.554699663 -0.720576918 0.416025178 0.554699879 -0.720576918 0.416025178 0.554699879 0.866025308 -0.500000167 -5.18053229e-07 0.866025293 -0.500000192 -6.36023475e-07 0.866025374 -0.500000051 -1.17970201e-07 0.8660254 -0.500000007 0 -2.38418338e-07 -4.12953568e-07 1 -2.38418238e-07 -4.12953653e-07 1 -2.38420114e-07 -4.12952318e-07 1 -2.38420228e-07 -4.12952232e-07 1 -0.866025374 0.500000051 5.18053972e-07 -0.866025374 0.500000051 6.36024243e-07 -0.866025333 0.500000122 1.17970288e-07 -0.866025308 0.500000167 0 0.720576992 -0.416025752 0.554699354 0.720576998 -0.416025815 0.554699299 0.720576884 -0.41602561 0.554699601 0.72057684 -0.416025589 0.554699673 -0.480389058 0.277352422 0.832046866 -0.480389085 0.277352391 0.832046861 -0.480389425 0.277352636 0.832046583 -0.480389444 0.277352659 0.832046564 -0.720576609 0.416025266 -0.554700215 -0.720576752 0.416025215 -0.554700068 -0.720576358 0.416025318 -0.554700503 -0.720576229 0.416025312 -0.554700674 -0.866025333 0.500000122 -1.20530942e-07 -0.866025333 0.500000122 -1.69454723e-07 -0.866025333 0.500000122 -4.89237773e-08 -0.866025374 0.500000051 0 -3.64889203e-08 5.42527914e-07 -1 2.38418309e-07 4.12953199e-07 -1 -4.68053986e-06 2.73145474e-06 -1 -4.95544555e-06 2.86102863e-06 -1 0.866025428 -0.499999959 9.7847502e-08 0.8660254 -0.500000007 0 0.866025466 -0.499999892 2.4106169e-07 0.866025481 -0.499999866 3.38909122e-07 0.720576036 -0.416024946 -0.5547012 0.720576001 -0.416024901 -0.554701279 0.720576182 -0.416024902 -0.554701042 0.720576235 -0.416024898 -0.554700977 0.440662263 -0.440662471 -0.782069918 0.440662263 -0.440662471 -0.782069918 0.440662379 -0.440662469 -0.782069854 0.440662412 -0.440662532 -0.7820698 0.553058633 -0.553058931 0.623098681 0.553058613 -0.553058911 0.623098718 0.553058613 -0.553058911 0.623098718 0.553058613 -0.553058911 0.623098718 -0.44064352 0.440643758 0.782091022 -0.440626418 0.440626567 0.782110343 -0.440626955 0.440627193 0.782109688 -0.44064352 0.440643758 0.782091022 -0.440609265 0.440609385 0.782129686 -0.440610356 0.440610565 0.782128406 -0.56251454 0.562514839 -0.605932709 -0.562514479 0.562514837 -0.605932767 -0.5625146 0.562514779 -0.605932709 -0.562514661 0.56251478 -0.605932651 -0.440267235 0.440267026 0.782514989 -0.440267169 0.4402669 0.782515097 -0.440267424 0.440267544 0.782514591 -0.440267473 0.440267741 0.782514452 -0.553301162 0.553302116 -0.62266732 -0.55330116 0.553302054 -0.622667377 -0.553301754 0.553302469 -0.622666481 -0.553301798 0.553302513 -0.622666403 0.44028628 -0.440286429 -0.782493356 0.440286169 -0.440286408 -0.78249343 0.440286571 -0.440286481 -0.782493163 0.44028672 -0.440286541 -0.782493045 0.562511743 -0.562511981 0.605937959 0.562511742 -0.56251192 0.605938017 0.562511743 -0.562511981 0.605937959 0.562511744 -0.562512042 0.605937901 0.39043268 -0.676249197 0.624699405 0.39043272 -0.676249214 0.624699361 0.390432748 -0.676249091 0.624699477 0.390432722 -0.676249099 0.624699484 -0.390419784 0.676227336 0.624731128 -0.390427 0.67623974 0.624713192 -0.390426298 0.676238461 0.624715015 -0.39041849 0.676224632 0.624734863 -0.390434086 0.676252066 0.62469542 -0.390434109 0.676252174 0.624695289 -0.312321989 0.540957567 -0.780909653 -0.312322047 0.540957624 -0.78090959 -0.312321299 0.540956605 -0.780910595 -0.312321251 0.540956506 -0.780910683 0.390432396 -0.676248624 -0.624700202 0.390432369 -0.67624869 -0.624700148 0.390432355 -0.676248665 -0.624700184 0.390432369 -0.67624869 -0.624700148 -0.499999843 0.866025494 5.79748294e-07 -0.49999975 0.866025548 4.03512976e-07 -0.499999914 0.866025454 6.30790571e-07 -0.500000007 0.8660254 8.07025867e-07 0 0 -1 0 0 -1 0 0 -1 0 0 -1 0.500000007 -0.8660254 0 0.500000007 -0.8660254 0 0.499999984 -0.866025413 0 0.500000007 -0.8660254 0 -0.390432396 0.676248624 -0.624700202 -0.390432369 0.67624869 -0.624700148 -0.390432355 0.676248665 -0.624700184 -0.390432369 0.67624869 -0.624700148 0.312323331 -0.540959714 -0.780907629 0.312323362 -0.540959777 -0.780907573 0.312323031 -0.540959293 -0.78090804 0.312323031 -0.540959293 -0.78090804 0.143568631 -0.535804256 0.832046782 0.143568843 -0.535803794 0.832047043 0.143568455 -0.535804742 0.832046499 0.143568249 -0.535805231 0.83204622 -0.25882015 0.96592553 0 -0.258820052 0.965925556 2.01519917e-08 -0.25882015 0.96592553 9.66754017e-08 -0.25882015 0.96592553 0 -0.258819843 0.965925613 -1.03616754e-07 -0.258819997 0.965925571 4.94300634e-08 0.143569318 -0.535807662 -0.83204447 0.143569053 -0.535807432 -0.832044664 0.14356956 -0.53580785 -0.832044307 0.143569825 -0.535808079 -0.832044114 0.136895879 -0.510903115 0.848668089 0.136895881 -0.510903184 0.848668047 0.136895909 -0.510902999 0.848668154 0.136895896 -0.510902886 0.848668224 0.126251323 -0.471177331 -0.8729562 0.126251293 -0.471177332 -0.872956203 0.126251402 -0.471177468 -0.872956114 0.12625143 -0.471177489 -0.872956099 -0.143563837 0.535788002 -0.832058076 -0.143563847 0.535788043 -0.832058047 -0.143563759 0.53578787 -0.832058175 -0.14356373 0.535787872 -0.832058178 -0.126247512 0.471162176 0.87296493 -0.126247524 0.471162105 0.872964967 -0.126247524 0.471162433 0.87296479 -0.126247512 0.471162505 0.872964753 0.258818782 -0.965925897 -9.58598231e-07 0.258818711 -0.965925916 -1.18603655e-06 0.258819019 -0.965925833 -2.27438283e-07 0.258819075 -0.965925818 0 -0.143564879 0.535792645 0.832054907 -0.143564867 0.535792715 0.832054863 -0.1435649 0.535792309 0.832055119 -0.143564912 0.535792239 0.832055162 0.258818739 -0.965925908 -2.265408e-07 0.25881881 -0.965925889 0 0.25881853 -0.965925964 -8.87319775e-07 0.258818446 -0.965925987 -1.11386066e-06 -0.136897262 0.510908113 -0.848664857 -0.136897248 0.510908114 -0.848664859 -0.136897294 0.510908181 -0.848664811 -0.136897294 0.510908181 -0.848664811 5.59183425e-08 0.832049497 0.554701393 3.17402337e-07 0.832050973 0.554699178 -6.03746283e-09 0.832050542 0.554699825 -1.05801603e-07 0.832049304 0.554701682 -6.10183933e-07 -0.832050643 0.554699674 -7.40604713e-07 -0.832050734 0.554699536 -4.47822974e-07 -0.83205045 0.554699962 -3.17402029e-07 -0.832050331 0.554700141 4.77598292e-07 1 9.34276372e-08 3.81469675e-07 1 1.8835857e-07 4.76075996e-07 1 9.49309822e-08 5.72204726e-07 1 0 0 0 -1 0 0 -1 0 0 -1 0 0 -1 -4.95053087e-07 -1 -1.54034836e-07 -5.72204556e-07 -1 -2.58662936e-07 -4.58621173e-07 -1 -1.04628107e-07 -3.81469647e-07 -1 0 4.14198471e-07 0.83205045 -0.554699962 3.17402138e-07 0.832050615 -0.554699715 6.43808454e-07 0.832050093 -0.554700499 7.40604896e-07 0.832049973 -0.554700678 -1.13398671e-07 -0.832050927 -0.554699247 -5.29011897e-08 -0.832051046 -0.554699068 -2.56904654e-07 -0.832050734 -0.554699536 -3.17402205e-07 -0.832050643 -0.554699674 3.81469818e-07 1 0 3.81469761e-07 1 0 3.81469789e-07 1 0 3.81469789e-07 1 0 0 0 -1 0 0 -1 0 0 -1 0 0 -1 -2.86863497e-07 -1 -9.49309609e-08 -1.90734937e-07 -1 0 -2.85341173e-07 -1 -9.34275803e-08 -3.81469761e-07 -1 -1.88358527e-07 -1.05802621e-07 0.832048185 0.55470336 5.59183425e-08 0.832049497 0.554701393 -1.05801603e-07 0.832049304 0.554701682 -1.05802644e-07 0.832048139 0.554703429 0.193443267 0.721940215 0.664365884 0.193443924 0.721942723 0.664362967 0.193443939 0.721942721 0.664362966 0.193443275 0.721940244 0.664365851 -0.193444493 -0.721941302 0.664364347 -0.193444591 -0.721941459 0.664364148 -0.193444286 -0.721941131 0.664364592 -0.193444151 -0.721941007 0.664364767 0.258819885 0.965925601 0 0.258819843 0.965925613 9.64886034e-08 0.258819843 0.965925613 5.26386745e-08 0.25881987 0.965925605 0 0.258819731 0.965925642 2.66972622e-07 0.258819787 0.965925628 1.79272674e-07 0 0 -1 0 0 -1 0 0 -1 0 0 -1 -0.258819815 -0.96592562 -5.70091557e-08 -0.258819787 -0.965925628 0 -0.25881987 -0.965925605 -2.53506861e-07 -0.258819885 -0.965925601 -3.10516137e-07 -0.19344385 -0.721942248 -0.664363505 -0.19344385 -0.721942305 -0.664363443 -0.193443927 -0.721941781 -0.664363991 -0.193443935 -0.721941693 -0.664364084 0.193444504 0.721942242 -0.664363321 0.193444519 0.72194224 -0.664363319 0.193444504 0.721942299 -0.664363259 0.193444475 0.721942304 -0.664363263 0.258819466 0.965925713 0 0.258819494 0.965925706 0 0.258819466 0.965925713 0 0.258819494 0.965925706 0 0 0 -1 0 0 -1 0 0 -1 0 0 -1 -0.258819312 -0.965925755 -1.19800944e-07 -0.258819396 -0.965925732 -2.37256808e-07 -0.258819312 -0.965925755 -1.17455905e-07 -0.258819186 -0.965925788 0 0.193442624 0.721937763 0.664368737 0.193443267 0.721940215 0.664365884 0.193443275 0.721940244 0.664365851 0.19344261 0.721937765 0.664368739 -0.258819787 -0.965925628 -1.70008348e-07 -0.258819787 -0.965925628 -1.43791182e-07 -0.258819787 -0.965925628 -2.42099985e-07 -0.258819815 -0.96592562 -2.68317162e-07 0.193442943 0.721936233 -0.664370305 0.193442941 0.721936348 -0.664370182 0.193442992 0.721935713 -0.664370857 0.193442984 0.721935685 -0.66437089 0.193442511 0.721936237 0.664370428 0.193442539 0.721936347 0.6643703 0.193442172 0.721935713 0.664371095 0.193442094 0.721935638 0.6643712 -0.193442121 -0.721936462 -0.664370296 -0.193442121 -0.721936462 -0.664370296 -0.193442121 -0.721936462 -0.664370296 -0.193442121 -0.721936462 -0.664370296 0.258819438 0.965925721 2.8704492e-07 0.258819466 0.965925713 1.43791016e-07 0.258819312 0.965925755 6.80962388e-07 0.258819257 0.96592577 8.24216229e-07 -0.193442803 -0.721936452 0.664370108 -0.193442761 -0.721936401 0.664370176 -0.193443016 -0.721936766 0.664369706 -0.193443059 -0.721936817 0.664369638 0.500000538 0.866025093 5.51545336e-08 0.500000423 0.86602516 2.03380369e-07 0.500000468 0.866025134 9.30713125e-08 0.500000538 0.866025093 0 0 0 -1 0 0 -1 0 0 -1 0 0 -1 -0.500000538 -0.866025093 -2.94363134e-07 -0.500000538 -0.866025093 -3.52944541e-07 -0.500000493 -0.866025119 -2.71879268e-07 -0.500000468 -0.866025134 -2.13297905e-07 0.353553387 0.612371688 -0.70710743 0.353553389 0.612371751 -0.707107375 0.353553355 0.612371505 -0.707107605 0.353553327 0.612371449 -0.707107668 -0.353553797 -0.612372569 -0.707106462 -0.353553799 -0.612372632 -0.707106406 -0.353553573 -0.612372117 -0.707106967 -0.353553558 -0.612372091 -0.707106996 -0.353557256 -0.612378414 0.707099671 -0.353557349 -0.61237842 0.707099619 -0.353557122 -0.61237832 0.707099819 -0.353557055 -0.612378307 0.707099864 0.500000538 0.866025093 0 0.500000538 0.866025093 5.51545336e-08 0.500000538 0.866025093 0 0.500000538 0.866025093 0 0.50000388 0.50000388 0.707101294 0.500001726 0.500001667 0.707104382 0.500002262 0.500002143 0.707103666 0.500005069 0.50000489 0.707099739 0.499999616 0.499999467 0.70710743 0.499999528 0.499999468 0.707107491 0.500001431 0.500000776 -0.707105221 0.500001495 0.500000958 -0.707105047 0.500001326 0.500000432 -0.707105538 0.500001307 0.500000235 -0.707105691 -0.500001012 -0.500000356 -0.707105814 -0.500001006 -0.500000291 -0.707105864 -0.500001018 -0.500000422 -0.707105763 -0.500001024 -0.500000488 -0.707105712 -0.500000837 -0.499999764 0.707106356 -0.500000961 -0.499999799 0.707106243 -0.500000479 -0.499999704 0.707106652 -0.500000289 -0.499999663 0.707106815 -0.500001134 -0.500000061 0.707105936 -0.500001316 -0.500000124 0.707105763 -0.500000361 -0.499999735 0.707106714 -0.500000178 -0.499999672 0.707106887 -0.500000058 -0.499999879 -0.707106826 -0.500000065 -0.499999857 -0.707106837 -0.50000011 -0.499999842 -0.707106815 -0.500000065 -0.499999857 -0.707106837 0.500000847 0.500000072 -0.707106131 0.500000889 0.500000234 -0.707105987 0.500000599 0.499999496 -0.707106714 0.500000542 0.49999938 -0.707106837 0.500000049 0.499999483 0.707107112 0.500000012 0.499999476 0.707107144 0.500000179 0.499999583 0.707106949 0.500000238 0.499999612 0.707106887 -0.574980018 -0.331964551 0.747795102 -0.57498009 -0.331964528 0.747795058 -0.574980084 -0.331964555 0.74779505 -0.57498009 -0.331964528 0.747795058 0.866015427 0.499993648 0.00486126585 0.866015443 0.499993687 0.00485441839 0.866015443 0.499993687 0.00485441792 0.866015427 0.499993648 0.00486126585 0.8660155 0.499993655 0.00484757035 0.866015487 0.499993678 0.00484757028 -0.570298133 -0.329261451 -0.752560255 -0.570298127 -0.329261477 -0.752560247 -0.570298078 -0.329261394 -0.752560321 -0.570298084 -0.329261367 -0.752560328 0.574987404 0.331968691 -0.747787586 0.57498735 0.331968634 -0.747787652 0.574987473 0.331968815 -0.747787478 0.574987527 0.331968872 -0.747787411 -0.86602564 -0.499999591 -8.08089679e-08 -0.866025614 -0.499999635 2.05399215e-08 -0.866025668 -0.499999542 -1.64197314e-07 -0.866025694 -0.499999498 -2.65546194e-07 0.570286696 0.329254809 0.752571827 0.570286696 0.329254809 0.752571827 0.57028657 0.329254775 0.752571938 0.57028657 0.329254775 0.752571938 -0.866015397 -0.499993844 -0.0048463574 -0.866015385 -0.499993867 -0.00484624651 -0.866015477 -0.499993702 -0.0048468261 -0.866015462 -0.499993727 -0.00484693764 0.574995648 0.331973559 -0.747779086 0.574995588 0.331973529 -0.747779145 0.574995776 0.331973713 -0.747778919 0.57499581 0.331973728 -0.747778886 0.57027895 0.32925037 0.752579639 0.570278996 0.329250332 0.752579621 0.57027883 0.329250309 0.752579757 0.57027883 0.329250309 0.752579757 -0.575000224 -0.331976144 0.747774419 -0.575000224 -0.331976144 0.747774419 -0.575000039 -0.331976081 0.74777459 -0.574999999 -0.331976092 0.747774615 -0.570269225 -0.329244762 -0.752589462 -0.570269225 -0.329244762 -0.752589462 -0.570269056 -0.329244618 -0.752589653 -0.570269056 -0.329244618 -0.752589653 0.866025627 0.499999613 -4.25399698e-08 0.866025627 0.499999613 -5.05067455e-08 0.866025627 0.499999613 -7.96678013e-09 0.866025627 0.499999613 0 -0.803699781 -0.215350148 0.554698996 -0.803699836 -0.215350102 0.554698934 -0.803699675 -0.215350211 0.554699125 -0.803699569 -0.215350275 0.554699253 0.803696829 0.215349753 0.554703426 0.803695623 0.215349362 0.554705325 0.803695069 0.215349313 0.554706147 0.803695807 0.215349587 0.554704971 0.803694468 0.215348954 0.554707157 0.803694363 0.215349017 0.554707285 0.715471362 0.191709631 -0.671824492 0.715471335 0.191709625 -0.671824522 0.715471385 0.191709682 -0.671824453 0.715471438 0.19170971 -0.671824388 0.723430614 0.193842302 0.66262607 0.723430616 0.193842287 0.662626072 0.723430616 0.193842287 0.662626072 0.723430588 0.193842296 0.6626261 0.640095899 0.171512815 -0.748906266 0.640095932 0.171512823 -0.748906235 0.640096139 0.171512949 -0.748906029 0.640096139 0.171512949 -0.748906029 -0.72345764 -0.19384955 -0.662594443 -0.723457695 -0.193849564 -0.662594379 -0.723457642 -0.193849536 -0.662594444 -0.723457644 -0.193849521 -0.662594446 0.715460201 0.191706648 -0.671837229 0.71546017 0.191706654 -0.67183726 0.715460201 0.191706648 -0.671837229 0.71546017 0.191706654 -0.67183726 -0.649033539 -0.17390777 -0.740615658 -0.649033601 -0.173907785 -0.7406156 -0.649033083 -0.173907596 -0.740616098 -0.649033083 -0.173907596 -0.740616098 -0.715485162 -0.191713379 0.671808725 -0.715485164 -0.191713365 0.671808727 -0.715485075 -0.191713372 0.671808819 -0.715485104 -0.19171338 0.671808787 -0.72342902 -0.193841888 -0.662627931 -0.723428963 -0.193841889 -0.662627993 -0.723429018 -0.193841903 -0.66262793 -0.723429016 -0.193841917 -0.662627928 -0.715465125 -0.191707983 0.671831604 -0.715465125 -0.191707983 0.671831604 -0.7154653 -0.191707967 0.671831422 -0.7154653 -0.191707967 0.671831422 -0.803702069 -0.215350929 -0.554695377 -0.803702048 -0.215350894 -0.554695422 -0.803702107 -0.215350983 -0.554695302 -0.803702128 -0.215351019 -0.554695257 0.803697 0.215349588 -0.554703243 0.803697003 0.215349573 -0.554703244 0.803696984 0.215349524 -0.554703291 0.803696986 0.215349509 -0.554703293 0.723447727 0.193846878 0.662606048 0.723447731 0.193846849 0.662606052 0.723447672 0.193846864 0.662606112 0.723447672 0.193846864 0.662606112</float_array>
        <technique_common><accessor source="#vfx_kurp_1198-mesh-normals-array" count="1018" stride="3"><param name="X" type="float"/><param name="Y" type="float"/><param name="Z" type="float"/></accessor></technique_common>
      </source>
      <source id="vfx_kurp_1198-mesh-uv0">
        <float_array id="vfx_kurp_1198-mesh-uv0-array" count="2036">-1.5 1 -1.05447006 1 -1.05447006 0 -1.5 0 -1.05447006 1 -0.85265708 1 -0.85265708 0 -1.05447006 0 -0.85265708 1 -0.320741296 1 -0.320741296 0 -0.85265708 0 -0.320741296 1 -0.234355807 1 -0.234355807 0 -0.320741296 0 -0.234355807 1 0.211174011 1 0.211174011 0 -0.234355807 0 0.211174011 1 0.495669484 1 0.495669484 0 0.211174011 0 0.495669484 1 0.58206439 1 0.58206439 0 0.495669484 0 0.58206439 1 1.55400586 1 1.55400586 0 0.58206439 0 1.55400586 1 1.64040065 1 1.64040065 0 1.55400586 0 1.64040065 1 1.88169885 1 1.88169885 0 1.64040065 0 1.88169885 1 2.41361475 1 2.41361475 0 1.88169885 0 2.41361475 1 2.5 1 2.5 0 2.41361475 0 -1.5 1 -0.645764232 1 -0.645764232 0 -1.5 0 -0.645764232 1 -0.566195726 1 -0.566195726 0 -0.645764232 0 -0.566195726 1 0.220612288 1 0.220612288 0 -0.566195726 0 0.220612288 1 0.5394485 1 0.5394485 0 0.220612288 0 0.5394485 1 1.17238259 1 1.17238259 0 0.5394485 0 1.17238259 1 1.25195122 1 1.25195122 0 1.17238259 0 1.25195122 1 1.93188262 1 1.93188262 0 1.25195122 0 1.93188262 1 2.43257356 1 2.43257356 0 1.93188262 0 2.43257356 1 2.5 1 2.5 0 2.43257356 0 -1.5 1 -0.756969213 1 -0.756969213 0 -1.5 0 -0.756969213 1 -0.404151917 1 -0.404151917 0 -0.756969213 0 -0.404151917 1 -0.273401141 1 -0.273401141 0 -0.404151917 0 -0.273401141 1 1.29560709 1 1.29560709 0 -0.273401141 0 1.29560709 1 1.42635798 1 1.42635798 0 1.29560709 0 1.42635798 1 1.70870352 1 1.70870352 0 1.42635798 0 1.70870352 1 2.5 1 2.5 0 1.70870352 0 -1.5 1 -0.217609882 1 -0.217609882 0 -1.5 0 -0.217609882 1 1.29581809 1 1.29581809 0 -0.217609882 0 1.29581809 1 2.5 1 2.5 0 1.29581809 0 -1.5 1 -1.39322937 1 -1.39322937 0 -1.5 0 -1.39322937 1 -0.831982315 1 -0.831982315 0 -1.39322937 0 -0.831982315 1 -0.73769325 1 -0.73769325 0 -0.831982315 0 0.383454323 1 0.383454323 0 0.383454323 1 0.490230203 1 0.490230203 0 0.383454323 0 0.490230203 1 1.07440543 1 1.07440543 0 0.490230203 0 1.07440543 1 1.35575461 1 1.35575461 0 1.07440543 0 1.35575461 1 1.46252728 1 1.46252728 0 1.35575461 0 1.46252728 1 1.81052017 1 1.81052017 0 1.46252728 0 1.81052017 1 2.12733865 1 2.12733865 0 1.81052017 0 2.12733865 1 2.5 1 2.5 0 2.12733865 0 -1.5 1 -1.0503267 1 -1.0503267 0 -1.5 0 -1.0503267 1 -0.409175992 1 -0.409175992 0 -1.0503267 0 -0.409175992 1 -0.305857062 1 -0.305857062 0 -0.409175992 0 0.754179716 1 0.754179716 0 0.754179716 1 0.856730938 1 0.856730938 0 0.754179716 0 0.856730938 1 1.26089382 1 1.26089382 0 0.856730938 0 1.26089382 1 1.83270264 1 1.83270264 0 1.26089382 0 1.83270264 1 1.93526316 1 1.93526316 0 1.83270264 0 1.93526316 1 2.5 1 2.5 0 1.93526316 0 -1.5 1 -0.345324874 1 -0.345324874 0 -1.5 0 -0.345324874 1 0.925113678 1 0.925113678 0 -0.345324874 0 0.925113678 1 2.5 1 2.5 0 0.925113678 0 -1.5 1 -0.520043135 1 -0.520043135 0 -1.5 0 -0.520043135 1 -0.389809132 1 -0.389809132 0 -0.520043135 0 -0.389809132 1 -0.324691057 1 -0.324691057 0 -0.389809132 0 0.713876486 1 0.713876486 0 0.713876486 1 1.60368085 1 1.60368085 0 0.713876486 0 1.60368085 1 1.73390484 1 1.73390484 0 1.60368085 0 1.73390484 1 2.5 1 2.5 0 1.73390484 0 -1.5 1 -1.41888034 1 -1.41888034 0 -1.5 0 -1.41888034 1 -1.37832081 1 -1.37832081 0 -1.41888034 0 -0.979916096 1 -0.979916096 0 -0.979916096 1 -0.540951848 1 -0.540951848 0 -0.979916096 0 -0.540951848 1 -0.459832191 1 -0.459832191 0 -0.540951848 0 -0.459832191 1 0.0200889111 1 0.0200889111 0 -0.459832191 0 0.0200889111 1 0.500004053 1 0.500004053 0 0.0200889111 0 0.500004053 1 0.581124544 1 0.581124544 0 0.500004053 0 0.581124544 1 1.0200839 1 1.0200839 0 0.581124544 0 1.0200839 1 1.4590435 1 1.4590435 0 1.0200839 0 1.4590435 1 1.54016376 1 1.54016376 0 1.4590435 0 1.54016376 1 2.02007914 1 2.02007914 0 1.54016376 0 2.02007914 1 2.5 1 2.5 0 2.02007914 0 -1.5 1 -1.38003194 1 -1.38003194 0 -1.5 0 0.0645934343 1 0.0645934343 0 0.0645934343 1 0.193004489 1 0.193004489 0 0.0645934343 0 0.193004489 1 0.832802773 1 0.832802773 0 0.193004489 0 0.832802773 1 1.58923578 1 1.58923578 0 0.832802773 0 1.58923578 1 2.5 1 2.5 0 1.58923578 0 -1.5 1 -0.213577628 1 -0.213577628 0 -1.5 0 -0.213577628 1 1.07284474 1 1.07284474 0 -0.213577628 0 1.07284474 1 2.5 1 2.5 0 1.07284474 0 -1.5 1 -0.99331969 1 -0.99331969 0 -1.5 0 -0.99331969 1 -0.558271825 1 -0.558271825 0 -0.99331969 0 -0.558271825 1 -0.413573265 1 -0.413573265 0 -0.558271825 0 -0.413573265 1 -0.344624281 1 -0.344624281 0 -0.413573265 0 -0.344624281 1 0.431050897 1 0.431050897 0 -0.344624281 0 0.431050897 1 0.5 1 0.5 0 0.431050897 0 0.5 1 1.00668025 1 1.00668025 0 0.5 0 1.00668025 1 1.44172812 1 1.44172812 0 1.00668025 0 1.44172812 1 1.58642673 1 1.58642673 0 1.44172812 0 1.58642673 1 1.65537572 1 1.65537572 0 1.58642673 0 1.65537572 1 2.43105078 1 2.43105078 0 1.65537572 0 2.43105078 1 2.5 1 2.5 0 2.43105078 0 -1.5 1 -1.17584944 1 -1.17584944 0 -1.5 0 -1.17584944 1 -0.539285421 1 -0.539285421 0 -1.17584944 0 -0.539285421 1 -0.433946967 1 -0.433946967 0 -0.539285421 0 -0.433946967 1 0.12261939 1 0.12261939 0 -0.433946967 0 0.12261939 1 0.429676652 1 0.429676652 0 0.12261939 0 0.429676652 1 0.535017967 1 0.535017967 0 0.429676652 0 0.535017967 1 0.922073126 1 0.922073126 0 0.535017967 0 0.922073126 1 1.52362823 1 1.52362823 0 0.922073126 0 1.52362823 1 1.62896657 1 1.62896657 0 1.52362823 0 1.62896657 1 2.15051389 1 2.15051389 0 1.62896657 0 2.15051389 1 2.39465976 1 2.39465976 0 2.15051389 0 2.39465976 1 2.5 1 2.5 0 2.39465976 0 -1.5 1 0.346154332 1 0.346154332 0 -1.5 0 0.346154332 1 0.5 1 0.5 0 0.346154332 0 0.5 1 2.34615445 1 2.34615445 0 0.5 0 2.34615445 1 2.5 1 2.5 0 2.34615445 0 -1.5 1 -1.30089688 1 -1.30089688 0 -1.5 0 -1.30089688 1 -0.3670398 1 -0.3670398 0 -1.30089688 0 -0.3670398 1 0.67823267 1 0.67823267 0 -0.3670398 0 0.67823267 1 0.877336025 1 0.877336025 0 0.67823267 0 0.877336025 1 1.74439311 1 1.74439311 0 0.877336025 0 1.74439311 1 2.5 1 2.5 0 1.74439311 0 -1.5 1 -1.27707243 1 -1.27707243 0 -1.5 0 -1.27707243 1 -0.546412885 1 -0.546412885 0 -1.27707243 0 -0.44790864 1 -0.44790864 0 -0.44790864 1 0.697006702 1 0.697006702 0 -0.44790864 0 0.697006702 1 0.919924736 1 0.919924736 0 0.697006702 0 0.919924736 1 1.86784029 1 1.86784029 0 0.919924736 0 1.86784029 1 2.5 1 2.5 0 1.86784029 0 -1.5 1 -0.999302864 1 -0.999302864 0 -1.5 0 -0.999302864 1 -0.894900441 1 -0.894900441 0 -0.999302864 0 0.102816224 1 0.102816224 0 0.102816224 1 0.39203763 1 0.39203763 0 0.102816224 0 0.39203763 1 0.497362733 1 0.497362733 0 0.39203763 0 0.497362733 1 0.998038054 1 0.998038054 0 0.497362733 0 0.998038054 1 2.10280395 1 2.10280395 0 0.998038054 0 2.10280395 1 2.39467907 1 2.39467907 0 2.10280395 0 2.39467907 1 2.5 1 2.5 0 2.39467907 0 -1.5 1 -0.781212389 1 -0.781212389 0 -1.5 0 -0.781212389 1 -0.490564704 1 -0.490564704 0 -0.781212389 0 -0.490564704 1 -0.257308364 1 -0.257308364 0 -0.490564704 0 -0.257308364 1 -0.166023254 1 -0.166023254 0 -0.257308364 0 -0.166023254 1 -0.0119421482 1 -0.0119421482 0 -0.166023254 0 -0.0119421482 1 0.382120252 1 0.382120252 0 -0.0119421482 0 0.382120252 1 0.473415732 1 0.473415732 0 0.382120252 0 1.44359136 1 1.44359136 0 1.44359136 1 1.81061792 1 1.81061792 0 1.44359136 0 1.81061792 1 1.94899964 1 1.94899964 0 1.81061792 0 1.94899964 1 2.04029322 1 2.04029322 0 1.94899964 0 2.04029322 1 2.23587251 1 2.23587251 0 2.04029322 0 2.23587251 1 2.5 1 2.5 0 2.23587251 0 -1.5 1 -1.40225554 1 -1.40225554 0 -1.5 0 -1.40225554 1 -1.03502631 1 -1.03502631 0 -1.40225554 0 -1.03502631 1 -0.683272898 1 -0.683272898 0 -1.03502631 0 -0.683272898 1 -0.585526943 1 -0.585526943 0 -0.683272898 0 -0.585526943 1 -0.233773589 1 -0.233773589 0 -0.585526943 0 -0.233773589 1 0.133455634 1 0.133455634 0 -0.233773589 0 0.133455634 1 0.231200099 1 0.231200099 0 0.133455634 0 0.231200099 1 0.745044708 1 0.745044708 0 0.231200099 0 0.745044708 1 1.31672716 1 1.31672716 0 0.745044708 0 1.31672716 1 1.41447306 1 1.41447306 0 1.31672716 0 1.41447306 1 1.98615575 1 1.98615575 0 1.41447306 0 1.98615575 1 2.5 1 2.5 0 1.98615575 0 -1.5 1 -1.02055717 1 -1.02055717 0 -1.5 0 -1.02055717 1 -0.91082412 1 -0.91082412 0 -1.02055717 0 -0.91082412 1 -0.377701163 1 -0.377701163 0 -0.91082412 0 -0.324010134 1 -0.324010134 0 -0.324010134 1 0.499910951 1 0.499910951 0 -0.324010134 0 0.499910951 1 0.979374647 1 0.979374647 0 0.499910951 0 0.979374647 1 1.08912683 1 1.08912683 0 0.979374647 0 1.08912683 1 1.67602682 1 1.67602682 0 1.08912683 0 1.67602682 1 2.5 1 2.5 0 1.67602682 0 -1.5 1 -0.960737646 1 -0.960737646 0 -1.5 0 -0.960737646 1 -0.898636401 1 -0.898636401 0 -0.960737646 0 -0.421475291 1 -0.421475291 0 -0.421475291 1 -0.322112203 1 -0.322112203 0 -0.421475291 0 -0.322112203 1 0.0134145021 1 0.0134145021 0 -0.322112203 0 0.0134145021 1 0.989582539 1 0.989582539 0 0.0134145021 0 0.989582539 1 1.08894229 1 1.08894229 0 0.989582539 0 1.08894229 1 2.06511021 1 2.06511021 0 1.08894229 0 2.06511021 1 2.40063691 1 2.40063691 0 2.06511021 0 2.40063691 1 2.5 1 2.5 0 2.40063691 0 -1.5 1 -0.690782964 1 -0.690782964 0 -1.5 0 -0.690782964 1 -0.585198939 1 -0.585198939 0 -0.690782964 0 0.707040548 1 0.707040548 0 0.707040548 1 1.51148391 1 1.51148391 0 0.707040548 0 1.51148391 1 2.01040769 1 2.01040769 0 1.51148391 0 2.01040769 1 2.5 1 2.5 0 2.01040769 0 -1.5 1 -0.154446721 1 -0.154446721 0 -1.5 0 -0.154446721 1 1.12805486 1 1.12805486 0 -0.154446721 0 1.12805486 1 2.5 1 2.5 0 1.12805486 0 -1.5 1 -0.190114379 1 -0.190114379 0 -1.5 0 -0.190114379 1 1.21574473 1 1.21574473 0 -0.190114379 0 1.21574473 1 2.5 1 2.5 0 1.21574473 0 -1.5 1 -1.21609843 1 -1.21609843 0 -1.5 0 -1.21609843 1 -0.831555009 1 -0.831555009 0 -1.21609843 0 -0.831555009 1 -0.0909940004 1 -0.0909940004 0 -0.831555009 0 -0.0909940004 1 -0.0300495625 1 -0.0300495625 0 -0.0909940004 0 -0.0300495625 1 0.509227276 1 0.509227276 0 -0.0300495625 0 0.509227276 1 0.783901215 1 0.783901215 0 0.509227276 0 0.783901215 1 1.05857515 1 1.05857515 0 0.783901215 0 1.05857515 1 1.59785199 1 1.59785199 0 1.05857515 0 1.59785199 1 1.65879703 1 1.65879703 0 1.59785199 0 1.65879703 1 2.39935803 1 2.39935803 0 1.65879703 0 2.39935803 1 2.5 1 2.5 0 2.39935803 0 -1.5 1 -1.18880677 1 -1.18880677 0 -1.5 0 -1.18880677 1 -0.774089158 1 -0.774089158 0 -1.18880677 0 -0.774089158 1 -0.6705634 1 -0.6705634 0 -0.774089158 0 0.156006455 1 0.156006455 0 0.156006455 1 0.234727979 1 0.234727979 0 0.156006455 0 0.234727979 1 0.514966726 1 0.514966726 0 0.234727979 0 0.514966726 1 0.811193466 1 0.811193466 0 0.514966726 0 0.811193466 1 1.10741997 1 1.10741997 0 0.811193466 0 1.10741997 1 1.38765883 1 1.38765883 0 1.10741997 0 1.38765883 1 1.46638036 1 1.46638036 0 1.38765883 0 1.46638036 1 2.39647579 1 2.39647579 0 1.46638036 0 2.39647579 1 2.5 1 2.5 0 2.39647579 0 -1.5 1 0.210889816 1 0.210889816 0 -1.5 0 0.210889816 1 1.35544515 1 1.35544515 0 0.210889816 0 1.35544515 1 2.5 1 2.5 0 1.35544515 0 -1.5 1 -0.355444789 1 -0.355444789 0 -1.5 0 -0.355444789 1 1.35544515 1 1.35544515 0 -0.355444789 0 1.35544515 1 2.5 1 2.5 0 1.35544515 0 -1.5 1 -0.250246644 1 -0.250246644 0 -1.5 0 -0.250246644 1 -0.131222963 1 -0.131222963 0 -0.250246644 0 -0.131222963 1 0.974864483 1 0.974864483 0 -0.131222963 0 0.974864483 1 1.46241689 1 1.46241689 0 0.974864483 0 1.46241689 1 1.58142781 1 1.58142781 0 1.46241689 0 1.58142781 1 2.35632396 1 2.35632396 0 1.58142781 0 2.35632396 1 2.5 1 2.5 0 2.35632396 0 -1.5 1 -1.40463626 1 -1.40463626 0 -1.5 0 -0.5 1 -0.5 0 -0.5 1 0.5 1 0.5 0 -0.5 0 0.5 1 1.5 1 1.5 0 0.5 0 1.5 1 2.5 1 2.5 0 1.5 0 -1.5 1 -0.50000006 1 -0.50000006 0 -1.5 0 -0.50000006 1 0.499999881 1 0.499999881 0 -0.50000006 0 0.499999881 1 1.5 1 1.5 0 0.499999881 0 1.5 1 2.5 1 2.5 0 1.5 0 -1.5 1 -0.944080114 1 -0.944080114 0 -1.5 0 -0.944080114 1 -0.812537074 1 -0.812537074 0 -0.944080114 0 -0.0493015051 1 -0.0493015051 0 -0.0493015051 1 0.50809288 1 0.50809288 0 -0.0493015051 0 0.50809288 1 1.06202364 1 1.06202364 0 0.50809288 0 1.06202364 1 1.95036125 1 1.95036125 0 1.06202364 0 1.95036125 1 2.5 1 2.5 0 1.95036125 0 -1.5 1 0.0921446085 1 0.0921446085 0 -1.5 0 0.0921446085 1 1.29478168 1 1.29478168 0 0.0921446085 0 1.29478168 1 2.5 1 2.5 0 1.29478168 0 -1.5 1 -0.292209029 1 -0.292209029 0 -1.5 0 -0.292209029 1 0.907854557 1 0.907854557 0 -0.292209029 0 0.907854557 1 2.5 1 2.5 0 0.907854557 0 -1.5 1 -0.84843117 1 -0.84843117 0 -1.5 0 -0.84843117 1 -0.77374953 1 -0.77374953 0 -0.84843117 0 -0.196372032 1 -0.196372032 0 -0.196372032 1 0.248049617 1 0.248049617 0 -0.196372032 0 0.248049617 1 0.664494038 1 0.664494038 0 0.248049617 0 0.664494038 1 0.764086962 1 0.764086962 0 0.664494038 0 0.764086962 1 1.16954565 1 1.16954565 0 0.764086962 0 1.16954565 1 1.56001735 1 1.56001735 0 1.16954565 0 1.56001735 1 1.6595881 1 1.6595881 0 1.56001735 0 1.6595881 1 2.06102943 1 2.06102943 0 1.6595881 0 2.06102943 1 2.5 1 2.5 0 2.06102943 0 -1.5 1 -0.586371839 1 -0.586371839 0 -1.5 0 -0.586371839 1 0.505106449 1 0.505106449 0 -0.586371839 0 0.505106449 1 1.59784031 1 1.59784031 0 0.505106449 0 1.59784031 1 2.5 1 2.5 0 1.59784031 0</float_array>
        <technique_common><accessor source="#vfx_kurp_1198-mesh-uv0-array" count="1018" stride="2"><param name="S" type="float"/><param name="T" type="float"/></accessor></technique_common>
      </source>
      <vertices id="vfx_kurp_1198-mesh-vertices"><input semantic="POSITION" source="#vfx_kurp_1198-mesh-positions"/></vertices>
      <triangles material="PreviewMaterial" count="524">
        <input semantic="VERTEX" source="#vfx_kurp_1198-mesh-vertices" offset="0"/>
        <input semantic="NORMAL" source="#vfx_kurp_1198-mesh-normals" offset="1"/>
        <input semantic="TEXCOORD" source="#vfx_kurp_1198-mesh-uv0" offset="2" set="0"/>
        <p>0 0 0 1 1 1 2 2 2 0 0 0 2 2 2 3 3 3 4 4 4 5 5 5 6 6 6 4 4 4 6 6 6 7 7 7 8 8 8 9 9 9 10 10 10 8 8 8 10 10 10 11 11 11 12 12 12 13 13 13 14 14 14 12 12 12 14 14 14 15 15 15 16 16 16 17 17 17 18 18 18 16 16 16 18 18 18 19 19 19 20 20 20 21 21 21 22 22 22 20 20 20 22 22 22 23 23 23 24 24 24 25 25 25 26 26 26 24 24 24 26 26 26 27 27 27 28 28 28 29 29 29 30 30 30 28 28 28 30 30 30 31 31 31 32 32 32 33 33 33 34 34 34 32 32 32 34 34 34 35 35 35 36 36 36 37 37 37 38 38 38 36 36 36 38 38 38 39 39 39 40 40 40 41 41 41 42 42 42 40 40 40 42 42 42 43 43 43 44 44 44 45 45 45 46 46 46 44 44 44 46 46 46 47 47 47 48 48 48 49 49 49 50 50 50 48 48 48 50 50 50 51 51 51 52 52 52 53 53 53 54 54 54 52 52 52 54 54 54 55 55 55 56 56 56 57 57 57 58 58 58 56 56 56 58 58 58 59 59 59 60 60 60 61 61 61 62 62 62 60 60 60 62 62 62 63 63 63 64 64 64 65 65 65 66 66 66 64 64 64 66 66 66 67 67 67 68 68 68 69 69 69 70 70 70 68 68 68 70 70 70 71 71 71 72 72 72 73 73 73 74 74 74 72 72 72 74 74 74 75 75 75 76 76 76 77 77 77 78 78 78 76 76 76 78 78 78 79 79 79 80 80 80 81 81 81 82 82 82 80 80 80 82 82 82 83 83 83 84 84 84 85 85 85 86 86 86 84 84 84 86 86 86 87 87 87 88 88 88 89 89 89 90 90 90 88 88 88 90 90 90 91 91 91 92 92 92 93 93 93 94 94 94 92 92 92 94 94 94 95 95 95 96 96 96 97 97 97 98 98 98 96 96 96 98 98 98 99 99 99 100 100 100 101 101 101 102 102 102 100 100 100 102 102 102 103 103 103 104 104 104 105 105 105 106 106 106 104 104 104 106 106 106 107 107 107 108 108 108 109 109 109 110 110 110 108 108 108 110 110 110 111 111 111 112 112 112 113 113 113 114 114 114 112 112 112 114 114 114 115 115 115 116 116 116 117 117 117 118 118 118 116 116 116 118 118 118 119 119 119 120 120 120 121 121 121 122 122 122 120 120 120 122 122 122 123 123 123 124 124 124 125 125 125 126 126 126 124 124 124 126 126 126 127 127 127 128 128 128 129 129 129 130 130 130 128 128 128 130 130 130 131 131 131 132 132 132 133 133 133 134 134 134 132 132 132 134 134 134 135 135 135 133 133 133 136 136 136 137 137 137 133 133 133 137 137 137 134 134 134 138 138 138 139 139 139 140 140 140 138 138 138 140 140 140 141 141 141 142 142 142 143 143 143 144 144 144 142 142 142 144 144 144 145 145 145 146 146 146 147 147 147 148 148 148 146 146 146 148 148 148 149 149 149 150 150 150 151 151 151 152 152 152 150 150 150 152 152 152 153 153 153 154 154 154 155 155 155 156 156 156 154 154 154 156 156 156 157 157 157 158 158 158 159 159 159 160 160 160 158 158 158 160 160 160 161 161 161 162 162 162 163 163 163 164 164 164 162 162 162 164 164 164 165 165 165 166 166 166 167 167 167 168 168 168 166 166 166 168 168 168 169 169 169 170 170 170 171 171 171 172 172 172 170 170 170 172 172 172 173 173 173 174 174 174 175 175 175 176 176 176 174 174 174 176 176 176 177 177 177 175 175 175 178 178 178 179 179 179 175 175 175 179 179 179 176 176 176 180 180 180 181 181 181 182 182 182 180 180 180 182 182 182 183 183 183 184 184 184 185 185 185 186 186 186 184 184 184 186 186 186 187 187 187 188 188 188 189 189 189 190 190 190 188 188 188 190 190 190 191 191 191 192 192 192 193 193 193 194 194 194 192 192 192 194 194 194 195 195 195 196 196 196 197 197 197 198 198 198 196 196 196 198 198 198 199 199 199 200 200 200 201 201 201 202 202 202 200 200 200 202 202 202 203 203 203 204 204 204 205 205 205 206 206 206 204 204 204 206 206 206 207 207 207 208 208 208 209 209 209 210 210 210 208 208 208 210 210 210 211 211 211 212 212 212 213 213 213 214 214 214 212 212 212 214 214 214 215 215 215 216 216 216 217 217 217 218 218 218 216 216 216 218 218 218 219 219 219 220 220 220 221 221 221 222 222 222 220 220 220 222 222 222 223 223 223 221 221 221 224 224 224 225 225 225 221 221 221 225 225 225 222 222 222 226 226 226 227 227 227 228 228 228 226 226 226 228 228 228 229 229 229 230 230 230 231 231 231 232 232 232 230 230 230 232 232 232 233 233 233 234 234 234 235 235 235 236 236 236 234 234 234 236 236 236 237 237 237 238 238 238 239 239 239 240 240 240 238 238 238 240 240 240 241 241 241 242 242 242 243 243 243 244 244 244 242 242 242 244 244 244 245 245 245 243 243 243 246 246 246 247 247 247 243 243 243 247 247 247 244 244 244 248 248 248 249 249 249 250 250 250 248 248 248 250 250 250 251 251 251 252 252 252 253 253 253 254 254 254 252 252 252 254 254 254 255 255 255 256 256 256 257 257 257 258 258 258 256 256 256 258 258 258 259 259 259 260 260 260 261 261 261 262 262 262 260 260 260 262 262 262 263 263 263 264 264 264 265 265 265 266 266 266 264 264 264 266 266 266 267 267 267 268 268 268 269 269 269 270 270 270 268 268 268 270 270 270 271 271 271 272 272 272 273 273 273 274 274 274 272 272 272 274 274 274 275 275 275 276 276 276 277 277 277 278 278 278 276 276 276 278 278 278 279 279 279 280 280 280 281 281 281 282 282 282 280 280 280 282 282 282 283 283 283 284 284 284 285 285 285 286 286 286 284 284 284 286 286 286 287 287 287 288 288 288 289 289 289 290 290 290 288 288 288 290 290 290 291 291 291 289 289 289 292 292 292 293 293 293 289 289 289 293 293 293 290 290 290 294 294 294 295 295 295 296 296 296 294 294 294 296 296 296 297 297 297 298 298 298 299 299 299 300 300 300 298 298 298 300 300 300 301 301 301 302 302 302 303 303 303 304 304 304 302 302 302 304 304 304 305 305 305 306 306 306 307 307 307 308 308 308 306 306 306 308 308 308 309 309 309 310 310 310 311 311 311 312 312 312 310 310 310 312 312 312 313 313 313 314 314 314 315 315 315 316 316 316 314 314 314 316 316 316 317 317 317 318 318 318 319 319 319 320 320 320 318 318 318 320 320 320 321 321 321 322 322 322 323 323 323 324 324 324 322 322 322 324 324 324 325 325 325 326 326 326 327 327 327 328 328 328 326 326 326 328 328 328 329 329 329 330 330 330 331 331 331 332 332 332 330 330 330 332 332 332 333 333 333 334 334 334 335 335 335 336 336 336 334 334 334 336 336 336 337 337 337 338 338 338 339 339 339 340 340 340 338 338 338 340 340 340 341 341 341 342 342 342 343 343 343 344 344 344 342 342 342 344 344 344 345 345 345 346 346 346 347 347 347 348 348 348 346 346 346 348 348 348 349 349 349 350 350 350 351 351 351 352 352 352 350 350 350 352 352 352 353 353 353 354 354 354 355 355 355 356 356 356 354 354 354 356 356 356 357 357 357 358 358 358 359 359 359 360 360 360 358 358 358 360 360 360 361 361 361 362 362 362 363 363 363 364 364 364 362 362 362 364 364 364 365 365 365 366 366 366 367 367 367 368 368 368 366 366 366 368 368 368 369 369 369 370 370 370 371 371 371 372 372 372 370 370 370 372 372 372 373 373 373 374 374 374 375 375 375 376 376 376 374 374 374 376 376 376 377 377 377 378 378 378 379 379 379 380 380 380 378 378 378 380 380 380 381 381 381 382 382 382 383 383 383 384 384 384 382 382 382 384 384 384 385 385 385 386 386 386 387 387 387 388 388 388 386 386 386 388 388 388 389 389 389 390 390 390 391 391 391 392 392 392 390 390 390 392 392 392 393 393 393 394 394 394 395 395 395 396 396 396 394 394 394 396 396 396 397 397 397 398 398 398 399 399 399 400 400 400 398 398 398 400 400 400 401 401 401 402 402 402 403 403 403 404 404 404 402 402 402 404 404 404 405 405 405 406 406 406 407 407 407 408 408 408 406 406 406 408 408 408 409 409 409 410 410 410 411 411 411 412 412 412 410 410 410 412 412 412 413 413 413 414 414 414 415 415 415 416 416 416 414 414 414 416 416 416 417 417 417 418 418 418 419 419 419 420 420 420 418 418 418 420 420 420 421 421 421 422 422 422 423 423 423 424 424 424 422 422 422 424 424 424 425 425 425 426 426 426 427 427 427 428 428 428 426 426 426 428 428 428 429 429 429 430 430 430 431 431 431 432 432 432 430 430 430 432 432 432 433 433 433 434 434 434 435 435 435 436 436 436 434 434 434 436 436 436 437 437 437 438 438 438 439 439 439 440 440 440 438 438 438 440 440 440 441 441 441 442 442 442 443 443 443 444 444 444 442 442 442 444 444 444 445 445 445 446 446 446 447 447 447 448 448 448 446 446 446 448 448 448 449 449 449 450 450 450 451 451 451 452 452 452 450 450 450 452 452 452 453 453 453 454 454 454 455 455 455 456 456 456 454 454 454 456 456 456 457 457 457 458 458 458 459 459 459 460 460 460 458 458 458 460 460 460 461 461 461 462 462 462 463 463 463 464 464 464 462 462 462 464 464 464 465 465 465 463 463 463 466 466 466 467 467 467 463 463 463 467 467 467 464 464 464 468 468 468 469 469 469 470 470 470 468 468 468 470 470 470 471 471 471 472 472 472 473 473 473 474 474 474 472 472 472 474 474 474 475 475 475 476 476 476 477 477 477 478 478 478 476 476 476 478 478 478 479 479 479 480 480 480 481 481 481 482 482 482 480 480 480 482 482 482 483 483 483 484 484 484 485 485 485 486 486 486 484 484 484 486 486 486 487 487 487 488 488 488 489 489 489 490 490 490 488 488 488 490 490 490 491 491 491 489 489 489 492 492 492 493 493 493 489 489 489 493 493 493 490 490 490 494 494 494 495 495 495 496 496 496 494 494 494 496 496 496 497 497 497 498 498 498 499 499 499 500 500 500 498 498 498 500 500 500 501 501 501 502 502 502 503 503 503 504 504 504 502 502 502 504 504 504 505 505 505 506 506 506 507 507 507 508 508 508 506 506 506 508 508 508 509 509 509 510 510 510 511 511 511 512 512 512 510 510 510 512 512 512 513 513 513 514 514 514 515 515 515 516 516 516 514 514 514 516 516 516 517 517 517 518 518 518 519 519 519 520 520 520 518 518 518 520 520 520 521 521 521 522 522 522 523 523 523 524 524 524 522 522 522 524 524 524 525 525 525 526 526 526 527 527 527 528 528 528 526 526 526 528 528 528 529 529 529 530 530 530 531 531 531 532 532 532 530 530 530 532 532 532 533 533 533 534 534 534 535 535 535 536 536 536 534 534 534 536 536 536 537 537 537 538 538 538 539 539 539 540 540 540 538 538 538 540 540 540 541 541 541 542 542 542 543 543 543 544 544 544 542 542 542 544 544 544 545 545 545 543 543 543 546 546 546 547 547 547 543 543 543 547 547 547 544 544 544 548 548 548 549 549 549 550 550 550 548 548 548 550 550 550 551 551 551 552 552 552 553 553 553 554 554 554 552 552 552 554 554 554 555 555 555 556 556 556 557 557 557 558 558 558 556 556 556 558 558 558 559 559 559 560 560 560 561 561 561 562 562 562 560 560 560 562 562 562 563 563 563 564 564 564 565 565 565 566 566 566 564 564 564 566 566 566 567 567 567 568 568 568 569 569 569 570 570 570 568 568 568 570 570 570 571 571 571 572 572 572 573 573 573 574 574 574 572 572 572 574 574 574 575 575 575 576 576 576 577 577 577 578 578 578 576 576 576 578 578 578 579 579 579 580 580 580 581 581 581 582 582 582 580 580 580 582 582 582 583 583 583 584 584 584 585 585 585 586 586 586 584 584 584 586 586 586 587 587 587 588 588 588 589 589 589 590 590 590 588 588 588 590 590 590 591 591 591 592 592 592 593 593 593 594 594 594 592 592 592 594 594 594 595 595 595 596 596 596 597 597 597 598 598 598 596 596 596 598 598 598 599 599 599 600 600 600 601 601 601 602 602 602 600 600 600 602 602 602 603 603 603 604 604 604 605 605 605 606 606 606 604 604 604 606 606 606 607 607 607 608 608 608 609 609 609 610 610 610 608 608 608 610 610 610 611 611 611 612 612 612 613 613 613 614 614 614 612 612 612 614 614 614 615 615 615 616 616 616 617 617 617 618 618 618 616 616 616 618 618 618 619 619 619 620 620 620 621 621 621 622 622 622 620 620 620 622 622 622 623 623 623 624 624 624 625 625 625 626 626 626 624 624 624 626 626 626 627 627 627 625 625 625 628 628 628 629 629 629 625 625 625 629 629 629 626 626 626 630 630 630 631 631 631 632 632 632 630 630 630 632 632 632 633 633 633 634 634 634 635 635 635 636 636 636 634 634 634 636 636 636 637 637 637 638 638 638 639 639 639 640 640 640 638 638 638 640 640 640 641 641 641 642 642 642 643 643 643 644 644 644 642 642 642 644 644 644 645 645 645 646 646 646 647 647 647 648 648 648 646 646 646 648 648 648 649 649 649 650 650 650 651 651 651 652 652 652 650 650 650 652 652 652 653 653 653 654 654 654 655 655 655 656 656 656 654 654 654 656 656 656 657 657 657 655 655 655 658 658 658 659 659 659 655 655 655 659 659 659 656 656 656 660 660 660 661 661 661 662 662 662 660 660 660 662 662 662 663 663 663 664 664 664 665 665 665 666 666 666 664 664 664 666 666 666 667 667 667 668 668 668 669 669 669 670 670 670 668 668 668 670 670 670 671 671 671 672 672 672 673 673 673 674 674 674 672 672 672 674 674 674 675 675 675 676 676 676 677 677 677 678 678 678 676 676 676 678 678 678 679 679 679 680 680 680 681 681 681 682 682 682 680 680 680 682 682 682 683 683 683 684 684 684 685 685 685 686 686 686 684 684 684 686 686 686 687 687 687 688 688 688 689 689 689 690 690 690 688 688 688 690 690 690 691 691 691 692 692 692 693 693 693 694 694 694 692 692 692 694 694 694 695 695 695 693 693 693 696 696 696 697 697 697 693 693 693 697 697 697 694 694 694 698 698 698 699 699 699 700 700 700 698 698 698 700 700 700 701 701 701 702 702 702 703 703 703 704 704 704 702 702 702 704 704 704 705 705 705 706 706 706 707 707 707 708 708 708 706 706 706 708 708 708 709 709 709 710 710 710 711 711 711 712 712 712 710 710 710 712 712 712 713 713 713 714 714 714 715 715 715 716 716 716 714 714 714 716 716 716 717 717 717 718 718 718 719 719 719 720 720 720 718 718 718 720 720 720 721 721 721 722 722 722 723 723 723 724 724 724 722 722 722 724 724 724 725 725 725 726 726 726 727 727 727 728 728 728 726 726 726 728 728 728 729 729 729 730 730 730 731 731 731 732 732 732 730 730 730 732 732 732 733 733 733 734 734 734 735 735 735 736 736 736 734 734 734 736 736 736 737 737 737 738 738 738 739 739 739 740 740 740 738 738 738 740 740 740 741 741 741 742 742 742 743 743 743 744 744 744 742 742 742 744 744 744 745 745 745 746 746 746 747 747 747 748 748 748 746 746 746 748 748 748 749 749 749 750 750 750 751 751 751 752 752 752 750 750 750 752 752 752 753 753 753 754 754 754 755 755 755 756 756 756 754 754 754 756 756 756 757 757 757 758 758 758 759 759 759 760 760 760 758 758 758 760 760 760 761 761 761 762 762 762 763 763 763 764 764 764 762 762 762 764 764 764 765 765 765 766 766 766 767 767 767 768 768 768 766 766 766 768 768 768 769 769 769 770 770 770 771 771 771 772 772 772 770 770 770 772 772 772 773 773 773 774 774 774 775 775 775 776 776 776 774 774 774 776 776 776 777 777 777 778 778 778 779 779 779 780 780 780 778 778 778 780 780 780 781 781 781 782 782 782 783 783 783 784 784 784 782 782 782 784 784 784 785 785 785 786 786 786 787 787 787 788 788 788 786 786 786 788 788 788 789 789 789 787 787 787 790 790 790 791 791 791 787 787 787 791 791 791 788 788 788 792 792 792 793 793 793 794 794 794 792 792 792 794 794 794 795 795 795 796 796 796 797 797 797 798 798 798 796 796 796 798 798 798 799 799 799 800 800 800 801 801 801 802 802 802 800 800 800 802 802 802 803 803 803 804 804 804 805 805 805 806 806 806 804 804 804 806 806 806 807 807 807 808 808 808 809 809 809 810 810 810 808 808 808 810 810 810 811 811 811 812 812 812 813 813 813 814 814 814 812 812 812 814 814 814 815 815 815 816 816 816 817 817 817 818 818 818 816 816 816 818 818 818 819 819 819 820 820 820 821 821 821 822 822 822 820 820 820 822 822 822 823 823 823 824 824 824 825 825 825 826 826 826 824 824 824 826 826 826 827 827 827 828 828 828 829 829 829 830 830 830 828 828 828 830 830 830 831 831 831 832 832 832 833 833 833 834 834 834 832 832 832 834 834 834 835 835 835 836 836 836 837 837 837 838 838 838 836 836 836 838 838 838 839 839 839 840 840 840 841 841 841 842 842 842 840 840 840 842 842 842 843 843 843 844 844 844 845 845 845 846 846 846 844 844 844 846 846 846 847 847 847 848 848 848 849 849 849 850 850 850 848 848 848 850 850 850 851 851 851 852 852 852 853 853 853 854 854 854 852 852 852 854 854 854 855 855 855 856 856 856 857 857 857 858 858 858 856 856 856 858 858 858 859 859 859 860 860 860 861 861 861 862 862 862 860 860 860 862 862 862 863 863 863 864 864 864 865 865 865 866 866 866 864 864 864 866 866 866 867 867 867 868 868 868 869 869 869 870 870 870 868 868 868 870 870 870 871 871 871 872 872 872 873 873 873 874 874 874 872 872 872 874 874 874 875 875 875 876 876 876 877 877 877 878 878 878 876 876 876 878 878 878 879 879 879 877 877 877 880 880 880 881 881 881 877 877 877 881 881 881 878 878 878 882 882 882 883 883 883 884 884 884 882 882 882 884 884 884 885 885 885 886 886 886 887 887 887 888 888 888 886 886 886 888 888 888 889 889 889 890 890 890 891 891 891 892 892 892 890 890 890 892 892 892 893 893 893 894 894 894 895 895 895 896 896 896 894 894 894 896 896 896 897 897 897 898 898 898 899 899 899 900 900 900 898 898 898 900 900 900 901 901 901 902 902 902 903 903 903 904 904 904 902 902 902 904 904 904 905 905 905 906 906 906 907 907 907 908 908 908 906 906 906 908 908 908 909 909 909 910 910 910 911 911 911 912 912 912 910 910 910 912 912 912 913 913 913 914 914 914 915 915 915 916 916 916 914 914 914 916 916 916 917 917 917 915 915 915 918 918 918 919 919 919 915 915 915 919 919 919 916 916 916 920 920 920 921 921 921 922 922 922 920 920 920 922 922 922 923 923 923 924 924 924 925 925 925 926 926 926 924 924 924 926 926 926 927 927 927 928 928 928 929 929 929 930 930 930 928 928 928 930 930 930 931 931 931 932 932 932 933 933 933 934 934 934 932 932 932 934 934 934 935 935 935 936 936 936 937 937 937 938 938 938 936 936 936 938 938 938 939 939 939 940 940 940 941 941 941 942 942 942 940 940 940 942 942 942 943 943 943 944 944 944 945 945 945 946 946 946 944 944 944 946 946 946 947 947 947 948 948 948 949 949 949 950 950 950 948 948 948 950 950 950 951 951 951 952 952 952 953 953 953 954 954 954 952 952 952 954 954 954 955 955 955 956 956 956 957 957 957 958 958 958 956 956 956 958 958 958 959 959 959 960 960 960 961 961 961 962 962 962 960 960 960 962 962 962 963 963 963 964 964 964 965 965 965 966 966 966 964 964 964 966 966 966 967 967 967 965 965 965 968 968 968 969 969 969 965 965 965 969 969 969 966 966 966 970 970 970 971 971 971 972 972 972 970 970 970 972 972 972 973 973 973 974 974 974 975 975 975 976 976 976 974 974 974 976 976 976 977 977 977 978 978 978 979 979 979 980 980 980 978 978 978 980 980 980 981 981 981 982 982 982 983 983 983 984 984 984 982 982 982 984 984 984 985 985 985 986 986 986 987 987 987 988 988 988 986 986 986 988 988 988 989 989 989 990 990 990 991 991 991 992 992 992 990 990 990 992 992 992 993 993 993 994 994 994 995 995 995 996 996 996 994 994 994 996 996 996 997 997 997 998 998 998 999 999 999 1000 1000 1000 998 998 998 1000 1000 1000 1001 1001 1001 1002 1002 1002 1003 1003 1003 1004 1004 1004 1002 1002 1002 1004 1004 1004 1005 1005 1005 1006 1006 1006 1007 1007 1007 1008 1008 1008 1006 1006 1006 1008 1008 1008 1009 1009 1009 1010 1010 1010 1011 1011 1011 1012 1012 1012 1010 1010 1010 1012 1012 1012 1013 1013 1013 1014 1014 1014 1015 1015 1015 1016 1016 1016 1014 1014 1014 1016 1016 1016 1017 1017 1017</p>
      </triangles>
    </mesh></geometry>
  </library_geometries>
  <library_visual_scenes>
    <visual_scene id="Scene" name="Scene">
      <node id="vfx_kurp_1198" name="vfx_kurp_1198" type="NODE">
        <instance_geometry url="#vfx_kurp_1198-mesh"><bind_material><technique_common><instance_material symbol="PreviewMaterial" target="#PreviewMaterial"><bind_vertex_input semantic="UVSET0" input_semantic="TEXCOORD" input_set="0"/></instance_material></technique_common></bind_material></instance_geometry>
      </node>
    </visual_scene>
  </library_visual_scenes>
  <scene><instance_visual_scene url="#Scene"/></scene>
</COLLADA>
