<?xml version="1.0" encoding="utf-8"?>
<COLLADA xmlns="http://www.collada.org/2005/11/COLLADASchema" version="1.4.1">
  <asset>
    <contributor><authoring_tool>Morrobroom Kurpulio VFX preview converter</authoring_tool></contributor>
    <unit name="unit" meter="1"/>
    <up_axis>Z_UP</up_axis>
  </asset>
  <library_images>
    <image id="VFXTexture" name="darkmap_newgen-1.dds">
      <init_from>../../../Textures/Kurp/darkmap_newgen-1.dds</init_from>
    </image>
  </library_images>
  <library_effects>
    <effect id="PreviewEffect">
      <profile_COMMON>
        <newparam sid="VFXTexture-surface">
          <surface type="2D"><init_from>VFXTexture</init_from></surface>
        </newparam>
        <newparam sid="VFXTexture-sampler">
          <sampler2D><source>VFXTexture-surface</source></sampler2D>
        </newparam>
        <technique sid="common"><phong>
          <emission><color>0.08 0.08 0.08 1</color></emission>
          <ambient><color>0.2 0.2 0.2 1</color></ambient>
          <diffuse><texture texture="VFXTexture-sampler" texcoord="UVSET0"/></diffuse>
          <specular><color>0.15 0.15 0.15 1</color></specular>
          <shininess><float>8</float></shininess>
          <transparent opaque="A_ONE"><texture texture="VFXTexture-sampler" texcoord="UVSET0"/></transparent>
          <transparency><float>1</float></transparency>
        </phong></technique>
      </profile_COMMON>
      <extra><technique profile="GOOGLEEARTH"><double_sided>1</double_sided></technique></extra>
    </effect>
  </library_effects>
  <library_materials><material id="PreviewMaterial" name="PreviewMaterial"><instance_effect url="#PreviewEffect"/></material></library_materials>
  <library_geometries>
    <geometry id="vfx_kurp_0257-mesh" name="vfx_kurp_0257"><mesh>
      <source id="vfx_kurp_0257-mesh-positions">
        <float_array id="vfx_kurp_0257-mesh-positions-array" count="8148">-3.17377944 -0.254734522 -0.0690687227 -3.16183861 -0.651753371 -0.00231645023 -3.51175519 -0.291359203 -0.0699376136 -3.43562082 -0.681163955 -0.00301882081 -3.83723543 -0.392023467 -0.0711216861 -3.6757964 -0.754845062 -0.00388955605 -3.51435737 -1.11766666 0.063342574 -3.35948627 -1.07096867 0.0638998184 -3.1498973 -1.048772 0.0644356969 -2.90947135 -1.05765413 0.0648678885 -2.87022766 -0.662383718 -0.00179157126 -2.66559215 -1.09597812 0.0651506293 -2.58195354 -0.707660898 -0.00145729191 -2.43540705 -1.15920465 0.0652734399 -2.30777196 -0.783042345 -0.00131120197 -2.23815799 -1.24031126 0.0652358003 -2.06114663 -0.884707109 -0.0013598873 -2.08478895 -1.3341204 0.0650428589 -1.84561016 -1.0169925 -0.00163323389 -1.91970947 -1.47737375 0.0646106687 -1.64814543 -1.18751363 -0.00214571739 -1.70923293 -1.67127065 0.0639997803 -1.44911931 -1.3710856 -0.00272472313 -2.83098562 -0.267112967 -0.0684509939 -2.49831459 -0.31934359 -0.0680651846 -2.18013686 -0.406880044 -0.0678960118 -1.88413512 -0.529102893 -0.0679553927 -1.60643133 -0.699864439 -0.068309236 -1.3765812 -0.897653465 -0.0689022571 -1.18900557 -1.07090041 -0.0694490446 -1.21455657 -1.54662875 -0.00318987376 -1.0043539 -1.20958588 -0.0698180175 -1.01163233 -1.6531807 -0.00335168503 -0.853537462 -1.28877068 -0.0699381785 -1.42475909 -1.88367164 0.0634380709 -1.16972635 -2.017591 0.0632347902 -0.877333949 -2.11907724 0.0632785031 -0.77422349 -1.73546831 -0.00331562294 -0.535601058 -2.1856721 0.0636059577 -0.48471375 -1.79172875 -0.00303731195 -0.12760581 -2.20907884 0.0642951936 -0.147744503 -1.81239444 -0.00247515986 0.296728391 -2.10804162 0.0656784704 0.133113707 -1.74619786 -0.00156319528 0.631338655 -1.8744171 0.0675875947 0.349376869 -1.59494038 -0.000327910023 0.855215956 -1.56192838 0.0696950935 0.501695769 -1.38153485 0.00111020453 0.978347699 -1.21366154 0.071791892 0.59072235 -1.12889359 0.00263066528 -0.671112993 -1.35185937 -0.0699097034 -0.433826506 -1.39778528 -0.0696806276 -0.167883173 -1.41571003 -0.0692455325 -0.0305010446 -1.38435374 -0.0688048717 0.0674145932 -1.31546378 -0.0682434589 0.148175285 -1.20114176 -0.067474727 0.203096966 -1.04412577 -0.0665305862 0.616907311 -0.850606561 0.00416210047 0.220332051 -0.860347735 -0.0655193247 0.573472489 -0.568866757 0.00557308024 0.193107003 -0.681193082 -0.064621307 1.0134825 -0.840865281 0.0738435165 0.95383803 -0.456540725 0.0757675004 0.784006952 -0.0981358973 0.0773338763 0.458543767 -0.324628133 0.00664213989 0.47993817 0.191347316 0.0782662653 0.272941794 -0.146775396 0.00721737909 0.0518474522 0.330773874 0.0781537041 0.0174881094 -0.0641942556 0.0071468946 -0.44239275 0.269722393 0.0768435238 -0.309480649 -0.103879026 0.00628393386 -0.833624345 0.00998452693 0.0746826708 -0.538067243 -0.254621401 0.00502679852 -1.04135329 -0.363864748 0.0722812324 -0.661451558 -0.478662393 0.00358986497 -1.0895851 -0.753445504 0.0701141673 -0.692896352 -0.737917564 0.00214901232 0.133080144 -0.551119949 -0.0640496238 0.0659450979 -0.484897676 -0.0638315223 -0.0168712612 -0.459162361 -0.0638598627 -0.17656854 -0.47748042 -0.0642756867 -0.242510223 -0.519227622 -0.0646291065 -0.281549825 -0.593459954 -0.0651015219 -0.296207769 -0.722389019 -0.0658160833 -0.645665426 -0.994302094 0.000880493313 -0.269705895 -0.866502734 -0.0665292502 -0.513947497 -1.23311357 -0.000126273434 -0.21313116 -0.973765115 -0.0669866182 -1.02162495 -1.12210145 0.0682901948 -0.814763855 -1.49246191 0.066733987 -0.365556392 -1.76015635 0.0662069122 -0.294161998 -1.36940446 -0.000412456397 -0.294161998 -1.36940446 -0.000412456397 -0.21313116 -0.973765115 -0.0669866182 -0.222767644 -0.978652406 -0.0670318255 -3.15895213 -0.718448954 -0.399513529 -3.16183861 -0.651753371 -0.00231645023 -3.42159928 -0.746608167 -0.400187128 -3.43562082 -0.681163955 -0.00301882081 -3.64697796 -0.815608745 -0.401003276 -3.6757964 -0.754845062 -0.00388955605 -3.70461571 -0.694081539 0.393224596 -3.44964269 -0.615719804 0.394149458 -3.16472534 -0.585057863 0.394880691 -2.86423672 -0.595991312 0.395421823 -2.87022766 -0.662383718 -0.00179157126 -2.56826032 -0.642474739 0.395764798 -2.58195354 -0.707660898 -0.00145729191 -2.28644726 -0.719964666 0.39591502 -2.30777196 -0.783042345 -0.00131120197 -2.03125678 -0.825195489 0.395864526 -2.06114663 -0.884707109 -0.0013598873 -1.8049366 -0.964155062 0.395577202 -1.84561016 -1.0169925 -0.00163323389 -1.60185415 -1.13940625 0.39505072 -1.64814543 -1.18751363 -0.00214571739 -1.40481426 -1.32118716 0.394477375 -1.44911931 -1.3710856 -0.00272472313 -2.87622074 -0.728775965 -0.399004803 -2.59564665 -0.77284707 -0.398679458 -2.32909698 -0.846120129 -0.398537452 -2.09103658 -0.944218753 -0.398584056 -1.88628382 -1.06982996 -0.398843425 -1.69443678 -1.23562108 -0.399342077 -1.49342445 -1.42098395 -0.399926531 -1.21455657 -1.54662875 -0.00318987376 -1.25020392 -1.60292086 -0.400408602 -1.01163233 -1.6531807 -0.00335168503 -1.03824053 -1.71422012 -0.400577613 -1.17890928 -1.4903369 0.394028802 -0.98502348 -1.59214186 0.393874288 -0.757152752 -1.67109889 0.393909003 -0.77422349 -1.73546831 -0.00331562294 -0.476701844 -1.72556674 0.394178768 -0.48471375 -1.79172875 -0.00303731195 -0.152053002 -1.74575686 0.394718848 -0.147744503 -1.81239444 -0.00247515986 0.103917298 -1.68560381 0.39554908 0.133113707 -1.74619786 -0.00156319528 0.299651267 -1.54863421 0.396667479 0.349376869 -1.59494038 -0.000327910023 0.439557514 -1.35241615 0.397989498 0.501695769 -1.38153485 0.00111020453 0.522668263 -1.11636228 0.399409974 0.59072235 -1.12889359 0.00263066528 -0.791294226 -1.79983784 -0.400540187 -0.492725692 -1.85789088 -0.400253375 -0.14343599 -1.87903201 -0.399669151 0.162310089 -1.80679179 -0.398675391 0.399102017 -1.64124678 -0.397323273 0.563833833 -1.41065397 -0.395769048 0.658776521 -1.14142501 -0.394148654 0.616907311 -0.850606561 0.00416210047 0.686513918 -0.846744038 -0.392526867 0.573472489 -0.568866757 0.00557308024 0.640267324 -0.547209637 -0.391026957 0.547300686 -0.854469089 0.400851146 0.506677725 -0.59052435 0.402173165 0.401272266 -0.366088983 0.403155934 0.458543767 -0.324628133 0.00664213989 0.236220097 -0.207599999 0.403669253 0.272941794 -0.146775396 0.00721737909 0.0107128418 -0.13487973 0.403606102 0.0174881094 -0.0641942556 0.0071468946 -0.287240389 -0.170858133 0.402820648 -0.309480649 -0.103879026 0.00628393386 -0.487614042 -0.30269393 0.401720295 -0.538067243 -0.254621401 0.00502679852 -0.596367558 -0.500748414 0.400450666 -0.661451558 -0.478662393 0.00358986497 -0.624900498 -0.737396514 0.399135855 -0.692896352 -0.737917564 0.00214901232 0.515814853 -0.283167132 -0.389871627 0.309663225 -0.0859504246 -0.389234474 0.0242633862 0.00649113428 -0.389312211 -0.33172092 -0.0369000123 -0.390252783 -0.588520576 -0.206549306 -0.391666687 -0.726535507 -0.456576423 -0.39327089 -0.760892336 -0.738438154 -0.394837675 -0.645665426 -0.994302094 0.000880493313 -0.710065653 -1.01429784 -0.396202602 -0.513947497 -1.23311357 -0.000126273434 -0.565313037 -1.27592842 -0.397304682 -0.581265313 -0.974306376 0.39796359 -0.462581976 -1.19029885 0.397052174 -0.282592899 -1.30379589 0.396807806 -0.294161998 -1.36940446 -0.000412456397 -0.305731162 -1.43501293 -0.397632579 2.90534936 -1.12034217 0.00138187358 3.19696005 -1.13097253 0.00190681493 2.89935844 -1.18673467 -0.39583152 3.19984686 -1.19766806 -0.395290235 3.47074253 -1.10156163 0.00260921342 3.48476451 -1.16700579 -0.39455931 3.7397376 -1.08864399 -0.393634357 3.71091829 -1.02788048 0.00347979501 3.68209954 -0.96711697 0.400593486 3.45672086 -1.03611753 0.399777338 3.19407387 -1.06427674 0.399103922 2.91134236 -1.05394992 0.398595014 2.61707511 -1.07506518 0.00104758038 2.6307684 -1.00987903 0.398269761 2.34289372 -0.999683856 0.000901673216 2.36421864 -0.936606017 0.398127832 2.09626817 -0.898019249 0.000950253395 2.12615828 -0.838507539 0.398174436 1.88073173 -0.765734003 0.00122360042 1.92140538 -0.712896484 0.398433791 1.6832668 -0.595212983 0.00173619218 1.72955828 -0.547105497 0.398932521 2.60338208 -1.14025139 -0.396174495 2.32156903 -1.06276152 -0.396324717 2.06637837 -0.957530889 -0.396274114 1.8400582 -0.818571374 -0.39598679 1.63697561 -0.643320341 -0.395460322 1.43993554 -0.4615396 -0.394886868 1.4842407 -0.411641188 0.0023149849 1.21403048 -0.29239 -0.394438242 1.24967781 -0.236098077 0.00278041875 1.02014477 -0.190585258 -0.394283765 1.04675357 -0.129546251 0.00294210082 0.792273911 -0.111628224 -0.394318448 0.809344674 -0.0472588063 0.00290611599 1.52854583 -0.361742662 0.399516922 1.28532517 -0.179806118 0.399999018 1.0733617 -0.0685068785 0.400168021 0.826415491 0.017110685 0.400130623 0.519834888 0.00900146257 0.0026277983 0.527846835 0.0751636258 0.399843852 0.182865641 0.0296669325 0.00206572727 0.178557136 0.0963045451 0.399259704 -0.0979925336 -0.0365297692 0.00115379545 -0.127188942 0.0240642666 0.398265954 -0.314255625 -0.187787274 -8.14441127e-05 -0.36398082 -0.141480818 0.396913884 -0.466574437 -0.401192808 -0.00151952295 -0.52871248 -0.372073674 0.39535969 0.511823044 -0.0571606424 -0.394588236 0.187174174 -0.0369705819 -0.395128272 -0.0687961565 -0.0971237397 -0.395958428 -0.264530057 -0.234093355 -0.397076804 -0.40443621 -0.430311487 -0.398398808 -0.487546817 -0.666365296 -0.399819218 -0.555600905 -0.653833983 -0.00303994644 -0.512179159 -0.928258403 -0.401260394 -0.581785719 -0.932120977 -0.0045714321 -0.471556075 -1.19220318 -0.402582429 -0.538350782 -1.21386082 -0.00598238174 -0.36615049 -1.41663836 -0.403565181 -0.423421946 -1.45809929 -0.00705140822 -0.62365506 -0.641302625 0.393739331 -0.651392305 -0.935983495 0.39211756 -0.605145605 -1.23551787 0.390617687 -0.480693003 -1.49956025 0.389462355 -0.237819913 -1.63595171 -0.00762667956 -0.274541287 -1.6967767 0.388825189 0.017633827 -1.71853276 -0.007556187 0.0108586163 -1.78921811 0.388902899 0.344602584 -1.67884794 -0.00669325662 0.366842896 -1.74582689 0.389843404 0.573189089 -1.52810548 -0.00543615125 0.623642451 -1.57617747 0.391257252 0.696573337 -1.30406455 -0.00399928771 0.761657313 -1.32615039 0.39286144 -0.201098276 -1.57512715 -0.404078496 0.0244090501 -1.6478474 -0.404015367 0.322362237 -1.61186876 -0.403229953 0.522735833 -1.48003298 -0.402129603 0.631489293 -1.28197848 -0.400860033 0.66002214 -1.04533046 -0.39954526 0.728018039 -1.04480928 -0.00255851517 0.61638683 -0.80842069 -0.398372978 0.680786988 -0.788424901 -0.00128990335 0.497703414 -0.592428358 -0.397461598 0.549068922 -0.549613579 -0.00028315057 0.317714233 -0.478931345 -0.39721717 0.329283362 -0.413322883 3.00297576e-06 0.796014011 -1.04428869 0.394428181 0.745187156 -0.76842911 0.395793114 0.600434508 -0.506798722 0.396895257 0.340852507 -0.347714356 0.39722313 2.90534936 -1.12034217 0.00138187358 3.19696005 -1.13097253 0.00190681493 2.94459289 -0.72507177 -0.0652777685 3.18501899 -0.733953834 -0.0648453947 3.47074253 -1.10156163 0.00260921342 3.39460768 -0.711757139 -0.0643094539 3.5494786 -0.665059039 -0.0637523923 3.71091829 -1.02788048 0.00347979501 3.8723575 -1.39070204 0.0707117714 3.54687728 -1.49136639 0.0695276992 3.20890141 -1.52799103 0.0686590529 2.86610749 -1.51561292 0.0680413107 2.61707511 -1.07506518 0.00104758038 2.53343641 -1.46338245 0.0676555786 2.34289372 -0.999683856 0.000901673216 2.21525863 -1.37584615 0.0674863151 2.09626817 -0.898019249 0.000950253395 1.91925689 -1.25362335 0.0675458641 1.88073173 -0.765734003 0.00122360042 1.64155294 -1.08286209 0.0678997322 1.6832668 -0.595212983 0.00173619218 1.41170284 -0.885073145 0.0684926696 2.70071375 -0.686748047 -0.0655603406 2.47052857 -0.62352162 -0.0656830741 2.27327938 -0.542415163 -0.0656454485 2.11991035 -0.448606083 -0.0654525069 1.95483083 -0.305352866 -0.0650204074 1.74435412 -0.111456097 -0.0644093651 1.4842407 -0.411641188 0.0023149849 1.45988015 0.100944713 -0.0638476696 1.24967781 -0.236098077 0.00278041875 1.20484746 0.234863899 -0.0636443884 1.04675357 -0.129546251 0.00294210082 0.91245495 0.336349968 -0.0636879857 0.809344674 -0.0472588063 0.00290611599 1.22412712 -0.711826409 0.0690395728 1.0394753 -0.57314103 0.0694085316 0.888658903 -0.493956217 0.0695286541 0.706234408 -0.430867724 0.0695002373 0.519834888 0.00900146257 0.0026277983 0.468947841 -0.38494204 0.0692711933 0.182865641 0.0296669325 0.00206572727 0.203004494 -0.367017322 0.0688361361 -0.0979925336 -0.0365297692 0.00115379545 0.0656223686 -0.398373613 0.0683954967 -0.314255625 -0.187787274 -8.14441127e-05 -0.0322932409 -0.467263574 0.0678340838 -0.466574437 -0.401192808 -0.00151952295 -0.113053871 -0.581585697 0.0670653711 0.570721954 0.402944832 -0.0640154703 0.16272677 0.426351122 -0.064704634 -0.261607447 0.325314023 -0.0660878626 -0.596217552 0.0916892677 -0.0679969352 -0.820094751 -0.220799582 -0.0701043375 -0.943226318 -0.569066355 -0.072201099 -0.555600905 -0.653833983 -0.00303994644 -0.978360904 -0.941862439 -0.0742527024 -0.581785719 -0.932120977 -0.0045714321 -0.918716331 -1.32618685 -0.0761767179 -0.538350782 -1.21386082 -0.00598238174 -0.748884989 -1.68459152 -0.077743027 -0.423421946 -1.45809929 -0.00705140822 -0.167975483 -0.73860167 0.0661212483 -0.185210489 -0.922379626 0.0651099987 -0.157985361 -1.1015342 0.064212006 -0.0979584561 -1.2316072 0.0636403197 -0.237819913 -1.63595171 -0.00762667956 -0.0308233498 -1.29782952 0.0634221927 0.017633827 -1.71853276 -0.007556187 0.0519930277 -1.32356477 0.0634505443 0.344602584 -1.67884794 -0.00669325662 0.211690295 -1.30524662 0.0638663384 0.573189089 -1.52810548 -0.00543615125 0.277631963 -1.26349945 0.0642197365 0.696573337 -1.30406455 -0.00399928771 0.316671521 -1.18926713 0.0646921656 -0.444816092 -1.97407454 -0.078675509 -0.0167253342 -2.11350086 -0.0785629485 0.477514857 -2.05244914 -0.0772528444 0.868746285 -1.79271125 -0.0750920342 1.07647509 -1.41886198 -0.07269066 1.12470674 -1.02928114 -0.0705236708 0.728018039 -1.04480928 -0.00255851517 1.05674643 -0.66062544 -0.0686995896 0.680786988 -0.788424901 -0.00128990335 0.849885185 -0.290265172 -0.0671435024 0.549068922 -0.549613579 -0.00028315057 0.40067756 -0.0225710444 -0.0666163721 0.329283362 -0.413322883 3.00297576e-06 0.331329401 -1.06033802 0.0654067115 0.304827471 -0.91622438 0.0661198804 0.248252668 -0.808962076 0.0665772309 0.248252668 -0.808962076 0.0665772309 0.329283362 -0.413322883 3.00297576e-06 0.257889157 -0.804074784 0.0666224346 -1.71714213 -0.677141882 -0.404771166 -1.72101514 -0.663830123 -0.00224185201 -1.94038001 -0.729677206 -0.404464289 -1.94176037 -0.715781515 -0.00193845735 -2.1829527 -0.752712482 -0.403641119 -2.18151252 -0.738548441 -0.00112477116 -2.44768596 -0.739530824 -0.40219173 -2.44337217 -0.72550568 0.000309083894 -2.67349254 -0.705680292 -0.400630093 -2.66852334 -0.691745571 0.00186626615 -2.66355386 -0.677810843 0.404362563 -2.43905811 -0.711480536 0.402809836 -2.1800727 -0.724384419 0.401391716 -1.94314034 -0.701885793 0.400587662 -1.72488861 -0.650518471 0.400287632 -1.52202709 -0.576722664 0.400383638 -1.516178 -0.589320013 -0.00214498963 -1.33137626 -0.486924171 0.400767862 -1.32414824 -0.498876156 -0.00175806982 -1.14982781 -0.387592415 0.40133256 -1.14182659 -0.399124063 -0.00119091651 -0.974284074 -0.285255519 0.401969101 -0.966113837 -0.29668931 -0.000553780583 -0.801612622 -0.18649801 0.402567709 -0.793909937 -0.198197254 4.31585645e-05 -1.51032884 -0.60191736 -0.404673442 -1.31692014 -0.510828168 -0.40428391 -1.13382523 -0.410655713 -0.403714401 -0.957943567 -0.308123093 -0.403076807 -0.786207088 -0.209896363 -0.402481259 -0.622115158 -0.11027309 0.000490248915 -0.615601205 -0.122575312 -0.402037242 -0.447629969 -0.0395423756 0.000677138808 -0.443140699 -0.0526564424 -0.401852346 -0.267354565 0.00736953537 0.000493915155 -0.265771962 -0.00649117406 -0.402032582 -0.0781895645 0.0238372276 -0.000169540798 -0.0802040213 0.00966778298 -0.40268331 -0.628629051 -0.0979708534 0.403017698 -0.452119163 -0.026428291 0.403206659 -0.268937159 0.0212302583 0.403020363 -0.0761750974 0.0380066784 0.402344219 0.132406357 0.028629561 0.401216639 0.129492952 0.0144848122 -0.00129249465 0.126579552 0.000340080059 -0.403801617 -1.8377726 -0.278605825 -0.0161046413 -1.72101514 -0.663830123 -0.00224185201 -2.00826105 -0.318785581 -0.0158710893 -1.94176037 -0.715781515 -0.00193845735 -2.19116747 -0.336143819 -0.0152502651 -2.18151252 -0.738548441 -0.00112477116 -2.39510125 -0.325901425 -0.0141323548 -2.44337217 -0.72550568 0.000309083894 -2.60703998 -0.293963082 -0.0126642366 -2.66852334 -0.691745571 0.00186626615 -2.73000706 -1.08952801 0.0163969079 -2.49164336 -1.12510989 0.0147505848 -2.17185819 -1.14095305 0.0130007563 -1.87525972 -1.11277742 0.0119943425 -1.60425828 -1.04905453 0.0116211391 -1.35959504 -0.960145223 0.0117354861 -1.516178 -0.589320013 -0.00214498963 -1.13977018 -0.856692734 0.0121772448 -1.32414824 -0.498876156 -0.00175806982 -0.941863652 -0.748468411 0.0127919947 -1.14182659 -0.399124063 -0.00119091651 -0.762743909 -0.644060868 0.0134412181 -0.966113837 -0.29668931 -0.000553780583 -0.599963645 -0.550918198 0.0140062207 -0.793909937 -0.198197254 4.31585645e-05 -1.67276105 -0.218494808 -0.0160253886 -1.50852649 -0.141059561 -0.0156932309 -1.34178958 -0.049779665 -0.0151738735 -1.16948389 0.0506822801 -0.0145489161 -0.987856097 0.154523833 -0.0139198055 -0.622115158 -0.11027309 0.000490248915 -0.792097758 0.254603405 -0.0134119792 -0.447629969 -0.0395423756 0.000677138808 -0.576801818 0.341698648 -0.0131838892 -0.267354565 0.00736953537 0.000493915155 -0.33793741 0.403660386 -0.0134295339 -0.0781895645 0.0238372276 -0.000169540798 -0.0762667564 0.426351199 -0.0143485544 -0.452132563 -0.475149655 0.0143924545 -0.31845815 -0.420783391 0.0145382279 -0.196771768 -0.388921295 0.0144173606 -0.0801123681 -0.378676773 0.0140094701 0.109450309 -0.387531173 0.0129799199 0.129492952 0.0144848122 -0.00129249465 0.149535606 0.416500739 -0.0155649075 -3.69370014 -1.36380631 0.343494223 -3.59373813 -1.63704134 -0.0014775078 -3.9465691 -1.4796036 0.344204465 -3.80766648 -1.73510534 -0.000875626366 -4.1846179 -1.63087632 0.345317077 -4.01568586 -1.86739486 9.75033547e-05 -4.41032667 -1.81237593 0.346771916 -4.2192336 -2.03115532 0.00141000996 -4.59928758 -1.98586558 0.348215751 -4.40364054 -2.20052701 0.00281984272 -4.20799368 -2.41518859 -0.342575576 -4.02814091 -2.24993484 -0.343951252 -3.84675478 -2.10391368 -0.345122156 -3.66876382 -1.99060707 -0.345956053 -3.49377686 -1.91027678 -0.346449477 -3.31954484 -1.86210147 -0.346606891 -3.37246432 -1.57595811 -0.00167669 -3.14103077 -1.84554022 -0.346423663 -3.14240756 -1.55461051 -0.00144044648 -2.95127946 -1.86232853 -0.3458679 -2.90213052 -1.57575354 -0.000737758809 -2.68791168 -1.92223107 -0.344711904 -2.63451487 -1.6364374 0.000435021371 -2.37677645 -1.95478766 -0.343747284 -2.37405832 -1.66387725 0.00124439482 -3.42538413 -1.28981495 0.343253818 -3.14378426 -1.26368084 0.343542862 -2.85298237 -1.28917891 0.34439248 -2.58111854 -1.35064397 0.345582072 -2.37133972 -1.37296698 0.346236026 -2.14201406 -1.64508057 0.00151111581 -2.19254722 -1.35850662 0.346441928 -1.9265468 -1.58858811 0.00134887603 -2.02054266 -1.31323054 0.34631057 -1.71582009 -1.50293987 0.000871053221 -1.8362936 -1.2381703 0.345890824 -1.4979976 -1.39667647 0.000190753441 -1.62814556 -1.13656521 0.34524019 -2.09148104 -1.93165473 -0.343419543 -1.83255129 -1.8639457 -0.343612679 -1.59534661 -1.76770969 -0.344148808 -1.36784976 -1.656788 -0.344858529 -1.14792066 -1.54561945 -0.345586141 -1.2782219 -1.28558549 -0.000536239402 -1.40852301 -1.02555149 0.344513631 -3.71341246 -1.31349173 -0.292423042 -3.59373813 -1.63704134 -0.0014775078 -3.9745132 -1.43303785 -0.291690066 -3.80766648 -1.73510534 -0.000875626366 -4.21890947 -1.58832337 -0.290547922 -4.01568586 -1.86739486 9.75033547e-05 -4.44930305 -1.77357282 -0.289063391 -4.2192336 -2.03115532 0.00141000996 -4.63922691 -1.94793297 -0.287612095 -4.40364054 -2.20052701 0.00281984272 -4.16805393 -2.45312074 0.293252145 -3.9891639 -2.28873744 0.291883439 -3.81246208 -2.14646625 0.290742775 -3.64081895 -2.03717234 0.28993838 -3.47406362 -1.96059078 0.289467537 -3.30977592 -1.91514406 0.289318866 -3.37246432 -1.57595811 -0.00167669 -3.14215784 -1.89959484 0.289490958 -3.14240756 -1.55461051 -0.00144044648 -2.96308705 -1.91546242 0.290015923 -2.90213052 -1.57575354 -0.000737758809 -2.70061711 -1.97519992 0.291168368 -2.63451487 -1.6364374 0.000435021371 -2.37876919 -2.00883815 0.292165564 -2.37405832 -1.66387725 0.00124439482 -3.43515245 -1.23677198 -0.292671882 -3.14265712 -1.20962608 -0.292372005 -2.84117454 -1.23604459 -0.291491316 -2.5684127 -1.2976749 -0.290298416 -2.36934686 -1.31891622 -0.289676977 -2.14201406 -1.64508057 0.00151111581 -2.20181103 -1.30537255 -0.28948396 -1.9265468 -1.58858811 0.00134887603 -2.03899393 -1.26246744 -0.28960898 -1.71582009 -1.50293987 0.000871053221 -1.86034206 -1.18964543 -0.290016238 -1.4979976 -1.39667647 0.000190753441 -1.65423923 -1.08902504 -0.290660763 -2.08221696 -1.98478849 0.292506374 -1.81409981 -1.91470851 0.29230664 -1.57129805 -1.81623423 0.291758268 -1.34175604 -1.7043278 0.291042224 -1.12179464 -1.59314302 0.290314618 -1.2782219 -1.28558549 -0.000536239402 -1.43464906 -0.978027749 -0.291387128 -3.05970449 -1.82390529 0.302517553 -2.94364267 -2.05235234 -0.00130180271 -3.268682 -1.95167835 0.303142988 -3.12042829 -2.16053552 -0.000771567607 -3.46098011 -2.10891877 0.304123271 -3.28845813 -2.29802761 8.53761017e-05 -3.63931821 -2.29129679 0.305404192 -3.44927787 -2.4625701 0.00124187034 -3.78636261 -2.46281761 0.306676277 -3.59277138 -2.63001243 0.00248364794 -3.3991805 -2.79720721 -0.30170901 -3.25923736 -2.63384336 -0.302920605 -3.11593653 -2.48713654 -0.303951875 -2.97217453 -2.36939292 -0.304686123 -2.82758148 -2.28080014 -0.305120969 -2.68027699 -2.22040421 -0.305259646 -2.75655619 -1.97573663 -0.00147703859 -2.52591307 -2.18720399 -0.305098176 -2.5576227 -1.93294631 -0.00126905346 -2.35822568 -2.18198755 -0.304608345 -2.34529739 -1.92624013 -0.000649920918 -2.12164425 -2.20675323 -0.303590241 -2.10491929 -1.95124352 0.000382989218 -1.8461603 -2.20259748 -0.302740645 -1.87428716 -1.94792753 0.00109599321 -2.8328357 -1.73106935 0.302305877 -2.58933288 -1.67868901 0.302560439 -2.33236921 -1.6704931 0.303308826 -2.08819444 -1.69573409 0.304356373 -1.90241401 -1.69325757 0.304932464 -1.67334856 -1.90715955 0.00133096198 -1.74758621 -1.6618652 0.305113874 -1.49085842 -1.83516686 0.00118814708 -1.60192533 -1.60423815 0.304998107 -1.31557039 -1.73817643 0.00076715157 -1.44868057 -1.51928241 0.304628502 -1.13623929 -1.62241501 0.000167949537 -1.27732088 -1.40860886 0.304055388 -1.59911114 -2.15245408 -0.302451888 -1.37979133 -2.06609589 -0.302622056 -1.18246028 -1.95707033 -0.303094245 -0.995157828 -1.83622118 -0.303719458 -0.814499025 -1.71594958 -0.304360225 -0.955706408 -1.50222714 -0.000472365826 -1.0969138 -1.28850482 0.303415448 -3.0822174 -1.78197543 -0.257539962 -2.94364267 -2.05235234 -0.00130180271 -3.2980001 -1.91388991 -0.256894189 -3.12042829 -2.16053552 -0.000771567607 -3.49542821 -2.0753049 -0.255888273 -3.28845813 -2.29802761 8.53761017e-05 -3.67746972 -2.26145325 -0.254580758 -3.44927787 -2.4625701 0.00124187034 -3.82526449 -2.43383609 -0.253302397 -3.59277138 -2.63001243 0.00248364794 -3.36027807 -2.82618812 0.25826972 -3.22108537 -2.66368667 0.25706422 -3.08148794 -2.52075018 0.256059543 -2.94285582 -2.40718085 0.255350774 -2.80506794 -2.32272924 0.254936357 -2.66617264 -2.26576195 0.254805507 -2.75655619 -1.97573663 -0.00147703859 -2.52123044 -2.23458928 0.254956984 -2.5576227 -1.93294631 -0.00126905346 -2.36297924 -2.22968781 0.255419379 -2.34529739 -1.92624013 -0.000649920918 -2.1272004 -2.25440318 0.256434634 -2.10491929 -1.95124352 0.000382989218 -1.84223528 -2.25007001 0.257312949 -1.87428716 -1.94792753 0.00109599321 -2.84693916 -1.68571093 -0.257759192 -2.59401488 -1.63130333 -0.257495 -2.32761526 -1.62279252 -0.256719283 -2.08263802 -1.64808383 -0.255668473 -1.90633881 -1.64578487 -0.255121193 -1.67334856 -1.90715955 0.00133096198 -1.76125839 -1.6163744 -0.254951261 -1.49085842 -1.83516686 0.00118814708 -1.62338279 -1.56178396 -0.255061182 -1.31557039 -1.73817643 0.00076715157 -1.47479771 -1.47937242 -0.255419927 -1.13623929 -1.62241501 0.000167949537 -1.3051231 -1.36977432 -0.255987609 -1.58543875 -2.19794458 0.257613017 -1.3583337 -2.10854968 0.257437168 -1.15634296 -1.99698016 0.256954076 -0.967355527 -1.87505547 0.256323508 -0.78667006 -1.75476612 0.255682554 -0.955706408 -1.50222714 -0.000472365826 -1.12474265 -1.24968801 -0.256627401 -0.766160145 -2.9347838 0.186201767 -0.611839631 -2.96734013 -0.00080127501 -0.785585596 -3.08429225 0.186586875 -0.628228074 -3.09385315 -0.000474984574 -0.784445544 -3.23718095 0.187190031 -0.627186193 -3.22748393 5.26037417e-05 -0.765865688 -3.39308182 0.187978668 -0.610393301 -3.36810122 0.000764285463 -0.740409385 -3.5297896 0.188761559 -0.58552145 -3.50153244 0.00152863905 -0.430633358 -3.47327524 -0.185704183 -0.454920851 -3.3431211 -0.186450057 -0.46992695 -3.21778741 -0.187084714 -0.470870706 -3.10341434 -0.187536819 -0.457519101 -2.99989671 -0.187804362 -0.429603599 -2.90596508 -0.187889711 -0.576341441 -2.84807584 -0.000909049479 -0.38592565 -2.81914822 -0.187790354 -0.520054298 -2.73619103 -0.000781104916 -0.323688981 -2.73674792 -0.187488952 -0.441298831 -2.6318167 -0.000400100829 -0.220482262 -2.63289578 -0.186862271 -0.33651248 -2.52623627 0.000235696062 -0.11612117 -2.49922928 -0.186339431 -0.249064453 -2.41439492 0.00067445701 -0.723079276 -2.7901866 0.186071529 -0.654183051 -2.65323363 0.186228266 -0.558908717 -2.52688573 0.186688828 -0.452542667 -2.41957701 0.187333683 -0.382007567 -2.32956101 0.18768833 -0.191033684 -2.30232959 0.000819088792 -0.337283864 -2.24321962 0.187799944 -0.155093631 -2.18705348 0.000731166006 -0.308675581 -2.15114478 0.187728649 -0.133917765 -2.06557915 0.000472039473 -0.290240271 -2.04488385 0.187501118 -0.1201794 -1.93492014 0.00010326922 -0.277140369 -1.9200104 0.187148364 -0.044783493 -2.36143956 -0.18616166 -0.00151167836 -2.22296217 -0.186266359 0.0224047899 -2.08627456 -0.186557057 0.0367815242 -1.94983001 -0.186941842 0.0488703547 -1.81679309 -0.187336292 -0.108099021 -1.80197617 -0.000290909642 -0.265068382 -1.78715911 0.186754476 -0.794951973 -2.92938905 -0.158517916 -0.611839631 -2.96734013 -0.00080127501 -0.815019309 -3.08375853 -0.158120556 -0.628228074 -3.09385315 -0.000474984574 -0.813858639 -3.24071754 -0.157501325 -0.627186193 -3.22748393 5.26037417e-05 -0.794901076 -3.39984953 -0.156696468 -0.610393301 -3.36810122 0.000764285463 -0.769321164 -3.53725007 -0.155909719 -0.58552145 -3.50153244 0.00152863905 -0.401721618 -3.46581454 0.158966927 -0.425885579 -3.33635269 0.158225039 -0.44051397 -3.21425011 0.157606601 -0.441436951 -3.1039478 0.15717045 -0.428727282 -3.00529121 0.156915282 -0.402414666 -2.91671447 0.156834722 -0.576341441 -2.84807584 -0.000909049479 -0.361402141 -2.83519724 0.156927997 -0.520054298 -2.73619103 -0.000781104916 -0.302657405 -2.7574418 0.157212548 -0.441298831 -2.6318167 -0.000400100829 -0.19978465 -2.65395506 0.157837428 -0.33651248 -2.52623627 0.000235696062 -0.0918483709 -2.51567473 0.158378025 -0.249064453 -2.41439492 0.00067445701 -0.750268272 -2.77943673 -0.158652944 -0.678706437 -2.63718433 -0.158490239 -0.579940367 -2.50619138 -0.158012819 -0.473240374 -2.3985175 -0.157366021 -0.406280456 -2.31311485 -0.157029227 -0.191033684 -2.30232959 0.000819088792 -0.364369613 -2.23221168 -0.156924539 -0.155093631 -2.18705348 0.000731166006 -0.337311241 -2.14504142 -0.156992318 -0.133917765 -2.06557915 0.000472039473 -0.319455321 -2.04199633 -0.157213173 -0.1201794 -1.93492014 0.00010326922 -0.306490349 -1.91834585 -0.157562553 -0.0176977182 -2.3724475 0.158562762 0.0271239046 -2.22906531 0.158454531 0.0516197766 -2.08916197 0.158157188 0.0661314325 -1.95149434 0.157768983 0.0782220998 -1.81843804 0.157374514 -0.108099021 -1.80197617 -0.000290909642 -0.294420177 -1.78551406 -0.157956359 -1.63185482 -2.77014025 0.227636687 -1.46679868 -2.86980654 -0.000979341884 -1.71442682 -2.93492324 0.228107448 -1.53661385 -3.00926461 -0.000580426062 -1.77461724 -3.1118824 0.228844861 -1.58917001 -3.1639523 6.45983354e-05 -1.81588611 -3.29933501 0.229809085 -1.62635332 -3.33304199 0.000934567944 -1.84149515 -3.46739639 0.230765942 -1.65131904 -3.49708577 0.00186921643 -1.46114286 -3.52677538 -0.227027676 -1.43682072 -3.36674949 -0.227939549 -1.40372335 -3.21602282 -0.228715385 -1.35880094 -3.08360649 -0.229268145 -1.30174268 -2.96947336 -0.229595307 -1.23172775 -2.87226547 -0.229699618 -1.37783885 -2.74640412 -0.00111117299 -1.14637832 -2.78961248 -0.229578242 -1.26784802 -2.63988418 -0.000954729482 -1.04138088 -2.71952385 -0.229209822 -1.13494073 -2.55107354 -0.000488893772 -0.880455864 -2.64115267 -0.228443593 -0.971496928 -2.4713427 0.000288404965 -0.706204132 -2.52882677 -0.227804408 -0.825550403 -2.37740866 0.00082467356 -1.52395006 -2.62054303 0.227477426 -1.38931797 -2.49015594 0.227668845 -1.22850065 -2.38262325 0.228231943 -1.06253791 -2.30153247 0.229020203 -0.944896456 -2.22599074 0.22945377 -0.713474146 -2.27138165 0.00100150489 -0.858531115 -2.14430738 0.229590217 -0.625608591 -2.15276094 0.000893979167 -0.788463356 -2.04952176 0.229503094 -0.552293841 -2.02104572 0.000577205225 -0.72443274 -1.93426661 0.229224872 -0.483870334 -1.87573488 0.000126353365 -0.659073716 -1.79537803 0.228793653 -0.568417131 -2.39845616 -0.227587123 -0.46275373 -2.25600071 -0.22771518 -0.380154844 -2.10782505 -0.2280705 -0.308666866 -1.95609185 -0.228540919 -0.241190957 -1.80737265 -0.229023181 -0.41644148 -1.72711922 -0.000355519605 -0.591691909 -1.64686601 0.228312146 -1.66292288 -2.75232912 -0.193791918 -1.46679868 -2.86980654 -0.000979341884 -1.74819152 -2.92246582 -0.193305984 -1.53661385 -3.00926461 -0.000580426062 -1.80999545 -3.10413251 -0.192549017 -1.58917001 -3.1639523 6.45983354e-05 -1.85212802 -3.2954672 -0.191564966 -1.62635332 -3.33304199 0.000934567944 -1.87787326 -3.46437767 -0.190603159 -1.65131904 -3.49708577 0.00186921643 -1.42476449 -3.52979331 0.194341374 -1.40057842 -3.37061697 0.193434285 -1.36834471 -3.22377188 0.19267829 -1.32503611 -3.09606364 0.192144965 -1.27067455 -2.98728398 0.191833143 -1.20466432 -2.89561297 0.191734642 -1.37783885 -2.74640412 -0.00111117299 -1.12452386 -2.81800546 0.191848486 -1.26784802 -2.63988418 -0.000954729482 -1.02542622 -2.75187469 0.192196486 -1.13494073 -2.55107354 -0.000488893772 -0.865033716 -2.673791 0.192960295 -0.971496928 -2.4713427 0.000288404965 -0.684798639 -2.55757709 0.193621236 -0.825550403 -2.37740866 0.00082467356 -1.55101316 -2.59719472 -0.193956961 -1.41117227 -2.46176243 -0.193758114 -1.2444551 -2.35027212 -0.193174428 -1.07795994 -2.26889424 -0.192383762 -0.966301984 -2.19724006 -0.191971913 -0.713474146 -2.27138165 0.00100150489 -0.885371531 -2.1207029 -0.191844131 -0.625608591 -2.15276094 0.000893979167 -0.819066081 -2.03095556 -0.191926846 -0.552293841 -2.02104572 0.000577205225 -0.756998075 -1.91918002 -0.19219687 -0.483870334 -1.87573488 0.000126353365 -0.692286792 -1.78164899 -0.19262396 -0.541576755 -2.4220604 0.193847056 -0.43215104 -2.27456655 0.193714721 -0.347589672 -2.12291131 0.193351235 -0.275453851 -1.96982078 0.192876605 -0.207968027 -1.82107949 0.192394327 -0.41644148 -1.72711922 -0.000355519605 -0.624914927 -1.63315895 -0.19310545 -2.61444596 -2.46555483 0.30251688 -2.44175422 -2.65485837 -0.00130218122 -2.78186507 -2.64435235 0.303142536 -2.58335811 -2.80620252 -0.000772340691 -2.92536135 -2.84711287 0.304122571 -2.70871929 -2.98346639 8.48150367e-05 -3.04870922 -3.07038765 0.305403794 -2.81992953 -3.18488521 0.0012411922 -3.14478326 -3.2748655 0.306675404 -2.91366685 -3.38448669 0.00248276845 -2.68255041 -3.49410811 -0.301709531 -2.59114986 -3.2993835 -0.302921254 -2.49207798 -3.11982057 -0.303952507 -2.38485113 -2.96805293 -0.304686881 -2.26906212 -2.84416267 -0.305121393 -2.14315284 -2.74673008 -0.305260013 -2.28181663 -2.53120034 -0.0014772127 -2.00319872 -2.67363192 -0.305098599 -2.10145464 -2.4369927 -0.00126933825 -1.84295208 -2.62396095 -0.304608884 -1.89857753 -2.37400179 -0.000650238811 -1.60831545 -2.58484832 -0.303590469 -1.66021795 -2.33410744 0.000382842464 -1.34387983 -2.50750128 -0.302741014 -1.43879214 -2.26951054 0.00109570197 -2.42048055 -2.31567074 0.302305406 -2.19971085 -2.20035378 0.302560062 -1.95420294 -2.12404276 0.303308406 -1.71212051 -2.08336669 0.304356231 -1.53370425 -2.03151988 0.304932432 -1.25595897 -2.17671848 0.00133077351 -1.3928216 -1.96004109 0.305113785 -1.09922112 -2.05874009 0.00118797307 -1.26775951 -1.86571471 0.304998081 -0.956080913 -1.91858339 0.000767089456 -1.14266277 -1.743027 0.304628448 -0.81404073 -1.75925713 0.0001680217 -1.00695184 -1.5907271 0.304055453 -1.11909626 -2.39339622 -0.302452237 -0.930682718 -2.25176571 -0.30262218 -0.769498867 -2.09413997 -0.303094384 -0.62112965 -1.92778705 -0.30371941 -0.479010332 -1.76375973 -0.304360201 -0.672020565 -1.59534397 -0.000472325302 -0.865030757 -1.42692832 0.303415615 -2.64730945 -2.43113189 -0.257540407 -2.44175422 -2.65485837 -0.00130218122 -2.82018545 -2.61573289 -0.256894839 -2.58335811 -2.80620252 -0.000772340691 -2.96751502 -2.82388295 -0.255889124 -2.70871929 -2.98346639 8.48150367e-05 -3.09342875 -3.0517778 -0.254581392 -2.81992953 -3.18488521 0.0012411922 -3.18999681 -3.25728651 -0.25330322 -2.91366685 -3.38448669 0.00248276845 -2.63733649 -3.51168677 0.258268877 -2.54642982 -3.31799275 0.257063561 -2.44992394 -3.14305015 0.256058971 -2.34653029 -2.99667204 0.255350368 -2.23619848 -2.8785851 0.254935829 -2.11748222 -2.78669615 0.254804985 -2.28181663 -2.53120034 -0.0014772127 -1.98607018 -2.71806069 0.254956573 -2.10145464 -2.4369927 -0.00126933825 -1.83483499 -2.67120556 0.255419123 -1.89857753 -2.37400179 -0.000650238811 -1.60098544 -2.63225814 0.256434269 -1.66021795 -2.33410744 0.000382842464 -1.32745819 -2.55221552 0.257312695 -1.43879214 -2.26951054 0.00109570197 -2.44615072 -2.27570396 -0.257759628 -2.21683923 -2.15592449 -0.257495342 -1.96231974 -2.07679795 -0.256719572 -1.71945032 -2.03595682 -0.255668829 -1.55012569 -1.98680498 -0.255121417 -1.25595897 -2.17671848 0.00133077351 -1.41811112 -1.91983163 -0.254951314 -1.09922112 -2.05874009 0.00118797307 -1.299745 -1.83050512 -0.25506139 -0.956080913 -1.91858339 0.000767089456 -1.17846242 -1.71151035 -0.255420104 -0.81404073 -1.75925713 0.0001680217 -1.04408947 -1.56069553 -0.255987664 -1.09380668 -2.43360518 0.257612875 -0.898697288 -2.28697495 0.257437122 -0.733699168 -2.12565649 0.256954175 -0.583991992 -1.95781837 0.256323522 -0.441851819 -1.79376681 0.255682756 -0.672020565 -1.59534397 -0.000472325302 -0.902189263 -1.39692099 -0.256627316 -4.38141726 -1.07825048 -0.383373456 -4.31060411 -0.76134035 0.00164961087 -4.67809825 -0.986948603 -0.384166153 -4.56161176 -0.68398905 0.000978036045 -4.96354623 -0.854232296 -0.385408033 -4.81106592 -0.567904424 -0.000108163346 -5.239743 -0.686270932 -0.387031203 -5.06015661 -0.416344409 -0.00157345396 -5.47410958 -0.521820155 -0.388642823 -5.28888417 -0.255787012 -0.00314692688 -5.10365815 0.0102464559 0.382349026 -4.88057029 -0.146417659 0.38388463 -4.65858664 -0.281576482 0.385191283 -4.4451256 -0.381029392 0.38612186 -4.23979193 -0.444429816 0.386672772 -4.03997754 -0.472359 0.386848237 -4.05685556 -0.796700582 0.00187131582 -3.84002988 -0.464681883 0.386643532 -3.79917559 -0.786811836 0.0016078289 -3.63250526 -0.418464844 0.386023048 -3.53637644 -0.728416181 0.000823597132 -3.34980053 -0.313816145 0.384732724 -3.24908461 -0.622284216 -0.000485589437 -3.01025486 -0.232469414 0.383656136 -2.96487192 -0.553981431 -0.00138900986 -4.07373382 -1.12104194 -0.383105453 -3.75832181 -1.10894176 -0.383428086 -3.44024796 -1.03836744 -0.384376218 -3.14836896 -0.930752151 -0.385704176 -2.91948936 -0.875493334 -0.386434185 -2.70536503 -0.540980465 -0.00168680964 -2.71953942 -0.865450861 -0.386664061 -2.45871 -0.572106591 -0.00150589424 -2.52261191 -0.890496328 -0.386517496 -2.21305386 -0.636185592 -0.000972582284 -2.30779702 -0.94671607 -0.38604912 -1.95654302 -0.722042841 -0.000213471855 -2.06267005 -1.02882786 -0.385322997 -2.69119067 -0.216509922 0.383290273 -2.3948082 -0.253716705 0.383505616 -2.11831066 -0.325654966 0.384104047 -1.85041582 -0.415257648 0.384896113 -1.59085937 -0.50623579 0.385708016 -1.69716734 -0.812957652 0.000597943766 -1.80347529 -1.11967939 -0.384512084 -4.39590097 -1.13679758 0.326373696 -4.31060411 -0.76134035 0.00164961087 -4.70223669 -1.04254641 0.325555776 -4.56161176 -0.68398905 0.000978036045 -4.99529323 -0.906314436 0.324281025 -4.81106592 -0.567904424 -0.000108163346 -5.27722039 -0.734886122 0.322624264 -5.06015661 -0.416344409 -0.00157345396 -5.51277911 -0.569612331 0.321004678 -5.28888417 -0.255787012 -0.00314692688 -5.06498836 0.0580380806 -0.327297955 -4.84309247 -0.0978028886 -0.325770807 -4.62683886 -0.229494714 -0.324497716 -4.42098641 -0.325431992 -0.323599674 -4.22530757 -0.385883264 -0.323074502 -4.03689422 -0.412241672 -0.322908563 -4.05685556 -0.796700582 0.00187131582 -3.84915085 -0.405031863 -0.323100923 -3.79917559 -0.786811836 0.0016078289 -3.65331078 -0.361389285 -0.323686673 -3.53637644 -0.728416181 0.000823597132 -3.37157552 -0.257054127 -0.324973153 -3.24908461 -0.622284216 -0.000485589437 -3.02033333 -0.172950047 -0.326086175 -2.96487192 -0.553981431 -0.00138900986 -4.0768162 -1.1811597 0.326651589 -3.74919977 -1.16859194 0.326316456 -3.41944188 -1.09544327 0.325333714 -3.12659358 -0.987514433 0.324002066 -2.90941049 -0.935013053 0.323308492 -2.70536503 -0.540980465 -0.00168680964 -2.7220504 -0.925595872 0.323093004 -2.45871 -0.572106591 -0.00150589424 -2.53563484 -0.949355986 0.323232349 -2.21305386 -0.636185592 -0.000972582284 -2.32733945 -1.00391434 0.323686936 -1.95654302 -0.722042841 -0.000213471855 -2.08461908 -1.08523444 0.324406113 -2.68867937 -0.156365175 -0.326466685 -2.38178514 -0.194857351 -0.326243969 -2.09876801 -0.268456955 -0.325631827 -1.82846678 -0.358851345 -0.324832874 -1.56887219 -0.449842869 -0.32402087 -1.69716734 -0.812957652 0.000597943766 -1.82546248 -1.17607242 0.325216758 -4.2458802 -0.870251866 0.38337277 -4.17506736 -1.18716223 -0.00165007743 -4.542561 -0.961553901 0.3841655 -4.42607445 -1.26451355 -0.000978148756 -4.82800908 -1.09427015 0.385407605 -4.67552898 -1.38059814 0.0001079019 -5.10420607 -1.26223158 0.387031136 -4.92461933 -1.53215825 0.0015732234 -5.33857288 -1.42668241 0.388642806 -5.15334696 -1.6927157 0.0031469141 -4.96812135 -1.95874926 -0.38234867 -4.74503345 -1.80208516 -0.383884257 -4.52304975 -1.66692637 -0.385191032 -4.30958875 -1.56747335 -0.386121701 -4.10425515 -1.50407292 -0.386672646 -3.90444074 -1.47614375 -0.386848035 -3.92131833 -1.15180198 -0.00187193855 -3.70449307 -1.48382076 -0.386643779 -3.66363833 -1.1616906 -0.00160815132 -3.49696849 -1.53003783 -0.386023093 -3.40083925 -1.22008624 -0.000823556397 -3.21426364 -1.63468651 -0.384732564 -3.11354739 -1.32621817 0.000485207053 -2.87471807 -1.71603308 -0.383656088 -2.82933518 -1.39452091 0.00138876844 -3.93819644 -0.82746042 0.383104619 -3.62278426 -0.839560567 0.383427419 -3.30471073 -0.910134862 0.384375832 -3.01283193 -1.01775003 0.385703501 -2.78395209 -1.07300879 0.386433471 -2.569828 -1.40752188 0.00168665013 -2.58400221 -1.08305128 0.386663442 -2.32317317 -1.37639572 0.00150561995 -2.38707483 -1.05800574 0.386516833 -2.07751674 -1.31231666 0.000972132805 -2.17225992 -1.00178599 0.386048352 -1.82100593 -1.22645944 0.000213048011 -1.92713288 -0.919674175 0.385322252 -2.55565389 -1.73199256 -0.383289897 -2.25927149 -1.69478581 -0.383505425 -1.98277382 -1.62284744 -0.384103856 -1.71487906 -1.53324473 -0.384896079 -1.45532247 -1.44226658 -0.385708074 -1.56163024 -1.13554451 -0.000598452105 -1.66793806 -0.828822636 0.384511247 -4.26036382 -0.811705213 -0.326374459 -4.17506736 -1.18716223 -0.00165007743 -4.56669936 -0.905956434 -0.325556378 -4.42607445 -1.26451355 -0.000978148756 -4.85975593 -1.04218838 -0.324281594 -4.67552898 -1.38059814 0.0001079019 -5.14168301 -1.21361681 -0.322624675 -4.92461933 -1.53215825 0.0015732234 -5.37724184 -1.37889063 -0.321004665 -5.15334696 -1.6927157 0.0031469141 -4.92945144 -2.00654052 0.32729855 -4.7075555 -1.85069955 0.325770967 -4.49130173 -1.7190077 0.324497426 -4.28544923 -1.62307043 0.323599773 -4.08977044 -1.56261902 0.323074515 -3.90135725 -1.53626063 0.32290871 -3.92131833 -1.15180198 -0.00187193855 -3.71361404 -1.54347039 0.323100685 -3.66363833 -1.1616906 -0.00160815132 -3.51777387 -1.58711301 0.323686623 -3.40083925 -1.22008624 -0.000823556397 -3.23603875 -1.6914481 0.32497312 -3.11354739 -1.32621817 0.000485207053 -2.88479647 -1.77555208 0.326086385 -2.82933518 -1.39452091 0.00138876844 -3.94127878 -0.767343052 -0.32665253 -3.61366264 -0.779910649 -0.326317324 -3.28390462 -0.853059353 -0.325334072 -2.99105658 -0.960988175 -0.324002582 -2.77387334 -1.01348946 -0.323308882 -2.569828 -1.40752188 0.00168665013 -2.5865133 -1.02290666 -0.323093404 -2.32317317 -1.37639572 0.00150561995 -2.40009772 -0.999146471 -0.323232717 -2.07751674 -1.31231666 0.000972132805 -2.19180235 -0.944588103 -0.323687467 -1.82100593 -1.22645944 0.000213048011 -1.94908182 -0.863268016 -0.324406664 -2.55314239 -1.79213697 0.326466733 -2.24624816 -1.7536447 0.326244 -1.96323117 -1.6800451 0.3256319 -1.69292998 -1.5896507 0.324832683 -1.43333514 -1.49865912 0.324020555 -1.56163024 -1.13554451 -0.000598452105 -1.68992541 -0.772429949 -0.32521755 -3.74195493 -0.46816899 -0.355832207 -3.64899327 -0.181466235 0.00153102655 -4.0081841 -0.358030942 -0.356568126 -3.87422804 -0.0881865526 0.00090727274 -4.26043662 -0.210597928 -0.357720398 -4.0946635 0.0407511711 -0.000100384142 -4.50107914 -0.0313988665 -0.359227236 -4.31168199 0.202439723 -0.00146023027 -4.70337182 0.140922973 -0.360722825 -4.50910156 0.370674146 -0.00292064865 -4.31483162 0.600425365 0.354881163 -4.12228502 0.436278515 0.356306256 -3.92889127 0.292100554 0.357519053 -3.74027218 0.181657913 0.358382824 -3.55603226 0.105236857 0.358893957 -3.37381197 0.0620737797 0.359057096 -3.41757792 -0.236180426 0.00173687811 -3.18837597 0.0518024254 0.358867183 -3.17860021 -0.249422227 0.00149238494 -2.99259098 0.0764873544 0.358291171 -2.93067902 -0.218283879 0.00076421883 -2.72225804 0.148638795 0.357093572 -2.65597862 -0.145160235 -0.000450745416 -2.40142294 0.194320421 0.356094445 -2.38740897 -0.106726634 -0.00128927262 -3.46134415 -0.534434545 -0.355583278 -3.16882487 -0.550646793 -0.355882869 -2.86876732 -0.513054991 -0.356763007 -2.58969922 -0.438959026 -0.357995399 -2.37339497 -0.407773454 -0.358672899 -2.1464725 -0.117251015 -0.00156572303 -2.18775135 -0.415859145 -0.358886308 -1.92124497 -0.167436508 -0.00139763108 -2.00794849 -0.456106757 -0.358750148 -1.6998023 -0.247986618 -0.000902635729 -1.81432331 -0.526715629 -0.358315562 -1.47022043 -0.349604479 -0.00019811786 -1.59493587 -0.623883658 -0.357641565 -2.10519351 0.181357315 0.355754708 -1.8345416 0.12123386 0.355954749 -1.58528146 0.0307424678 0.356510108 -1.3455051 -0.0753252003 0.357245238 -1.11355366 -0.181939752 0.357998866 -1.23843067 -0.456144812 0.000555000162 -1.36330768 -0.730349757 -0.356888928 -3.76042363 -0.521013568 0.302927282 -3.64899327 -0.181466235 0.00153102655 -4.03531879 -0.407311592 0.302167522 -3.87422804 -0.0881865526 0.00090727274 -4.29429687 -0.255968984 0.300984695 -4.0946635 0.0407511711 -0.000100384142 -4.53993347 -0.0730684916 0.299446944 -4.31168199 0.202439723 -0.00146023027 -4.74325641 0.100117503 0.297943566 -4.50910156 0.370674146 -0.00292064865 -4.2749466 0.641230446 -0.303785198 -4.08343012 0.477947722 -0.302367375 -3.8950301 0.337471332 -0.301185799 -3.71313691 0.230938087 -0.300352274 -3.53756271 0.158080958 -0.299865046 -3.36574152 0.117359512 -0.299711054 -3.41757792 -0.236180426 0.00173687811 -3.19162406 0.107716365 -0.299889253 -3.17860021 -0.249422227 0.00149238494 -3.00686008 0.131037023 -0.300433189 -2.93067902 -0.218283879 0.00076421883 -2.73745017 0.202982926 -0.301627142 -2.65597862 -0.145160235 -0.000450745416 -2.40556707 0.250196724 -0.302660301 -2.38740897 -0.106726634 -0.00128927262 -3.46941386 -0.589720826 0.30318484 -3.16557622 -0.606560985 0.302873779 -2.8544979 -0.567605021 0.301961627 -2.57450661 -0.493303445 0.300725604 -2.36925042 -0.463650088 0.300081876 -2.1464725 -0.117251015 -0.00156572303 -2.19529542 -0.471220241 0.299881885 -1.92124497 -0.167436508 -0.00139763108 -2.02509467 -0.509367067 0.300011222 -1.6998023 -0.247986618 -0.000902635729 -1.83734987 -0.577874439 0.300433276 -1.47022043 -0.349604479 -0.00019811786 -1.62011746 -0.674101831 0.301100709 -2.09764921 0.236718101 -0.303013302 -1.81739521 0.174493876 -0.302806651 -1.56225464 0.081901054 -0.302238586 -1.32032341 -0.0251072666 -0.301496906 -1.08833777 -0.131737465 -0.300743141 -1.23843067 -0.456144812 0.000555000162 -1.38852348 -0.780552198 0.301853149 -3.18218161 0.129698896 -0.355831714 -3.04794972 0.399554464 0.00153143169 -3.42925445 0.277899759 -0.356567466 -3.25696255 0.525034968 0.000907815744 -3.65700235 0.460926206 -0.357719738 -3.45596978 0.685075508 -0.000100188726 -3.86858218 0.673658833 -0.359226878 -3.64676636 0.877004809 -0.00146003459 -4.043246 0.873933254 -0.360722296 -3.81721328 1.07251764 -0.00292033525 -3.59118086 1.27110232 0.354881351 -3.42495108 1.08035102 0.356306597 -3.254938 0.90922524 0.357519301 -3.08467143 0.772170241 0.358382948 -2.91371821 0.669410676 0.358894302 -2.73985707 0.599843113 0.359057335 -2.82713542 0.311306153 0.00173718808 -2.55796413 0.562333227 0.358867287 -2.59272469 0.262961251 0.00149253796 -2.36067966 0.557870895 0.358291382 -2.34292206 0.257191952 0.00076431728 -2.08266134 0.589360456 0.357093626 -2.06044064 0.28899901 -0.00045061618 -1.75859752 0.587220906 0.356094429 -1.78913977 0.287399551 -0.00128909774 -2.9144141 0.0227694221 -0.355582729 -2.62748521 -0.0364105296 -0.355882289 -2.3251647 -0.0434867693 -0.356762594 -2.03821995 -0.0113623168 -0.357995027 -1.8196816 -0.0124215262 -0.358672627 -1.55239046 0.241453437 -0.00156571724 -1.63726115 -0.0478003112 -0.358886033 -1.33702846 0.158596912 -0.00139769434 -1.46536099 -0.114127695 -0.358750024 -1.12988839 0.0462661746 -0.000902704277 -1.28426796 -0.212523023 -0.358315357 -0.917805683 -0.088102425 -0.000198106141 -1.08161181 -0.340986828 -0.357641302 -1.46751985 0.530707349 0.355754636 -1.208696 0.4313217 0.35595459 -0.975508934 0.305055455 0.356509941 -0.753999516 0.164782125 0.357245085 -0.540309972 0.025121996 0.357998697 -0.704265039 -0.227665279 0.000555023797 -0.86822013 -0.480452438 -0.356888832 -3.20824267 0.0801562368 0.302927398 -3.04794972 0.399554464 0.00153143169 -3.46336101 0.233160231 0.302168103 -3.25696255 0.525034968 0.000907815744 -3.69718465 0.421045533 0.300985108 -3.45596978 0.685075508 -0.000100188726 -3.91315739 0.638175672 0.299447254 -3.64676636 0.877004809 -0.00146003459 -4.08871284 0.839456612 0.297943918 -3.81721328 1.07251764 -0.00292033525 -3.5457134 1.30557812 -0.303784741 -3.38037509 1.11583363 -0.30236714 -3.21475524 0.949105408 -0.301185514 -3.05056412 0.816909333 -0.300352226 -2.88765648 0.718952693 -0.299864765 -2.72372065 0.653333947 -0.299710735 -2.82713542 0.311306153 0.00173718808 -2.5529298 0.618114746 -0.299889089 -2.59272469 0.262961251 0.00149253796 -2.3667469 0.613928606 -0.300432953 -2.34292206 0.257191952 0.00076431728 -2.08967202 0.645351113 -0.301627034 -2.06044064 0.28899901 -0.00045061618 -1.75445482 0.643097476 -0.302660232 -1.78913977 0.287399551 -0.00128909774 -2.93054984 -0.0307220517 0.303185218 -2.63251921 -0.0921924903 0.302874363 -2.31909708 -0.0995450061 0.301961848 -2.03120895 -0.067353328 0.300725908 -1.82382409 -0.0682985347 0.300082172 -1.55239046 0.241453437 -0.00156571724 -1.65288811 -0.101443334 0.299882168 -1.33702846 0.158596912 -0.00139769434 -1.49017528 -0.164276655 0.300011436 -1.12988839 0.0462661746 -0.000902704277 -1.31458828 -0.259726119 0.300433383 -0.917805683 -0.088102425 -0.000198106141 -1.11392488 -0.386941732 0.301100876 -1.45189269 0.584350019 -0.303013343 -1.18388153 0.481470337 -0.302806733 -0.945188393 0.35225831 -0.302238615 -0.721686344 0.210736792 -0.301496951 -0.50796536 0.0710561216 -0.3007433 -0.704265039 -0.227665279 0.000555023797 -0.90056472 -0.526386742 0.301853283 -2.57762901 0.587916443 -0.333262299 -2.40950008 0.814664285 0.0014335534 -2.78107391 0.765179676 -0.333951446 -2.58158807 0.964721791 0.000849482642 -2.9609757 0.971376472 -0.335030907 -2.73876859 1.14500004 -9.45331996e-05 -3.12108628 1.20230494 -0.336442169 -2.88313653 1.35333065 -0.00136827384 -3.24920703 1.41567779 -0.337843157 -3.008152 1.56161981 -0.00273624932 -2.76709717 1.70756227 0.332370734 -2.64518681 1.50435659 0.333705453 -2.51656213 1.31862406 0.334841201 -2.38210264 1.16426418 0.335650381 -2.24137178 1.04141284 0.336129238 -2.09250336 0.948687477 0.336282005 -2.22041067 0.69699592 0.00162636432 -1.93095906 0.884199935 0.336104222 -2.0122244 0.613884337 0.00139739024 -1.74979041 0.847652891 0.335564749 -1.78284762 0.567498475 0.000715468323 -1.48827246 0.83098227 0.334443 -1.51716219 0.550386829 -0.000422478891 -1.1898277 0.775734948 0.333507333 -1.26727759 0.504311503 -0.00120761152 -2.34831807 0.445304525 -0.333029154 -2.09348991 0.343569002 -0.333309579 -1.81590485 0.287344361 -0.334133936 -1.54605211 0.269791651 -0.335288011 -1.34472743 0.232888314 -0.335922611 -1.05654111 0.423027315 -0.00146657114 -1.1823464 0.170278883 -0.336122435 -0.87159221 0.311226555 -0.00130921398 -1.03475319 0.0808634413 -0.335994867 -0.699069562 0.173601315 -0.000845505931 -0.883955794 -0.0396308611 -0.335587779 -0.525612576 0.0148440134 -0.000185509976 -0.718219654 -0.191394102 -0.334956436 -0.930736004 0.675775861 0.333189216 -0.708431257 0.541589815 0.33337654 -0.514183435 0.386833666 0.333896738 -0.333005487 0.22108224 0.334585366 -0.158936882 0.0571818397 0.335291267 -0.351665265 -0.148942235 0.00051989069 -0.544393655 -0.355066204 -0.334251559 -2.60980289 0.546521101 0.283712373 -2.40950008 0.814664285 0.0014335534 -2.81987629 0.729535588 0.283001126 -2.58158807 0.964721791 0.000849482642 -3.00458125 0.941210972 0.281893158 -2.73876859 1.14500004 -9.45331996e-05 -3.16801965 1.17691661 0.280452693 -2.88313653 1.35333065 -0.00136827384 -3.29679679 1.39136409 0.279044369 -3.008152 1.56161981 -0.00273624932 -2.71950679 1.73187562 -0.284516916 -2.59825301 1.52974441 -0.283189043 -2.4729561 1.34878881 -0.28208233 -2.34329946 1.19990772 -0.281301963 -2.2091973 1.08280759 -0.280845266 -2.06883107 0.995354678 -0.280700988 -2.22041067 0.69699592 0.00162636432 -1.91714674 0.934804363 -0.28086794 -2.0122244 0.613884337 0.00139739024 -1.74616864 0.900337105 -0.2813773 -1.78284762 0.567498475 0.000715468323 -1.4855317 0.883759578 -0.282495546 -1.51716219 0.550386829 -0.000422478891 -1.17682193 0.826573598 -0.283463063 -1.26727759 0.504311503 -0.00120761152 -2.37198973 0.398636554 0.283954007 -2.1073021 0.292964058 0.283662798 -1.81952617 0.234659639 0.282808312 -1.54879274 0.217013826 0.281650834 -1.35773299 0.182049223 0.281047816 -1.05654111 0.423027315 -0.00146657114 -1.20557374 0.123387583 0.28086068 -0.87159221 0.311226555 -0.00130921398 -1.06587724 0.0387041337 0.280981803 -0.699069562 0.173601315 -0.000845505931 -0.919672342 -0.0781688553 0.281377064 -0.525612576 0.0148440134 -0.000185509976 -0.755568321 -0.228453604 0.282002272 -0.907508441 0.722666784 -0.283793737 -0.67730712 0.583748774 -0.283600082 -0.478466813 0.425371387 -0.283067953 -0.295656758 0.258141541 -0.282373218 -0.121562526 0.0942170153 -0.281667281 -0.351665265 -0.148942235 0.00051989069 -0.581767978 -0.39210154 0.282707032 -1.80026406 0.896691914 -0.30656702 -1.61139076 1.07489111 0.00131965277 -1.95588464 1.0900749 -0.307200784 -1.74300682 1.23857274 0.00078252205 -2.08551242 1.30585873 -0.308193624 -1.85624291 1.42721551 -8.60062616e-05 -2.1932234 1.54084464 -0.30949177 -1.95334582 1.63919444 -0.00125754784 -2.27479868 1.75476649 -0.310780574 -2.03292978 1.848011 -0.00251576151 -1.79106113 1.94125594 0.305748867 -1.71346851 1.73754467 0.306976658 -1.62697374 1.54857307 0.308021426 -1.53012925 1.38707102 0.308765644 -1.42251776 1.25309096 0.309206057 -1.30267222 1.14507948 0.309346518 -1.45914782 0.937796335 0.00149698251 -1.1667877 1.060594 0.309182857 -1.28403084 0.828913483 0.00128611718 -1.00861952 0.998243196 0.308686563 -1.08379311 0.749868361 0.000658806686 -0.774476163 0.940918901 0.307654682 -0.845946863 0.69147174 -0.000388025106 -0.513120121 0.842696305 0.30679376 -0.627086806 0.609396474 -0.00111050212 -1.61562364 0.730513502 -0.30635263 -1.40127405 0.597233192 -0.30661073 -1.1589667 0.501493649 -0.307369095 -0.917417597 0.442024755 -0.308430817 -0.741053321 0.376096683 -0.309014741 -0.449365094 0.501756592 -0.00134874158 -0.604107684 0.293177016 -0.309198573 -0.299924555 0.370644343 -0.00120404536 -0.484882637 0.188369069 -0.309081359 -0.165907326 0.218151433 -0.000777592427 -0.367774028 0.054898151 -0.308706897 -0.0344560916 0.0463700694 -0.000170572839 -0.242185649 -0.10930256 -0.308126253 -0.294622539 0.710336343 0.306501026 -0.11496645 0.552919714 0.306673251 0.0359593385 0.381404844 0.307151679 0.17327346 0.202042785 0.307785042 0.304448093 0.0255050066 0.308434294 0.0966271112 -0.130044768 0.000478214721 -0.111193867 -0.285594435 -0.307477907 -1.83608534 0.864398545 0.260987915 -1.61139076 1.07489111 0.00131965277 -1.99678028 1.06406028 0.260333633 -1.74300682 1.23857274 0.00078252205 -2.12987306 1.28558126 0.259314522 -1.85624291 1.42721551 -8.60062616e-05 -2.23982636 1.52543059 0.257989571 -1.95334582 1.63919444 -0.00125754784 -2.32182267 1.74043175 0.256694304 -2.03292978 1.848011 -0.00251576151 -1.74403672 1.95559004 -0.261725773 -1.66686514 1.75295796 -0.260504407 -1.58261288 1.56884986 -0.259486458 -1.48923335 1.41308497 -0.25876855 -1.38669619 1.28538367 -0.258348525 -1.27369908 1.18352002 -0.258215945 -1.45914782 0.937796335 0.00149698251 -1.14610808 1.10419219 -0.25836961 -1.28403084 0.828913483 0.00128611718 -0.996832916 1.04537042 -0.258838192 -1.08379311 0.749868361 0.000658806686 -0.763472241 0.988272632 -0.25986694 -0.845946863 0.69147174 -0.000388025106 -0.493133143 0.886636779 -0.260757132 -0.627086806 0.609396474 -0.00111050212 -1.6445964 0.692072322 0.261209919 -1.42195351 0.553634554 0.26094189 -1.17075314 0.454366093 0.260155817 -0.928421399 0.394670624 0.259090978 -0.761040174 0.332155779 0.258536252 -0.449365094 0.501756592 -0.00134874158 -0.632714208 0.254461785 0.258363961 -0.299924555 0.370644343 -0.00120404536 -0.519876383 0.155214267 0.258475306 -0.165907326 0.218151433 -0.000777592427 -0.406342099 0.0257644547 0.258838847 -0.0344560916 0.0463700694 -0.000170572839 -0.281993069 -0.136833786 0.259413894 -0.266015961 0.74905122 -0.261061387 -0.0799726713 0.586074248 -0.260883331 0.0745274506 0.410538237 -0.260393981 0.21308089 0.229573804 -0.259754981 0.344274856 0.0530100548 -0.259105677 0.0966271112 -0.130044768 0.000478214721 -0.151020639 -0.313099594 0.260062123 -0.991395191 1.18781604 -0.235834416 -0.803284447 1.25502644 0.00101510954 -1.04130513 1.37212995 -0.236322018 -0.845456241 1.41100019 0.000601915504 -1.06598289 1.56419773 -0.237085829 -0.866968532 1.57888295 -6.62239389e-05 -1.06928825 1.76302459 -0.23808449 -0.869906438 1.75822382 -0.000967442212 -1.06068615 1.93893818 -0.239075878 -0.861478237 1.92992555 -0.0019354063 -0.662270288 1.92091293 0.235204973 -0.670524684 1.75342327 0.236149504 -0.667954282 1.59356864 0.236953243 -0.64960738 1.44987066 0.237525741 -0.615173812 1.32223743 0.23786457 -0.564099666 1.20912134 0.237972589 -0.738368192 1.11141319 0.00115155102 -0.494458865 1.10762634 0.237846691 -0.648622242 0.980611146 0.000989358452 -0.402281365 1.01484306 0.237464917 -0.531961456 0.863071823 0.000506761794 -0.255023629 0.902134432 0.236671116 -0.382426121 0.748463964 -0.000298531198 -0.101225921 0.752205855 0.236008844 -0.253581054 0.623037794 -0.000854268966 -0.912636821 1.01370527 -0.235669549 -0.80278565 0.853596185 -0.235868042 -0.661641533 0.711300713 -0.236451459 -0.509828569 0.594793568 -0.237268247 -0.405936075 0.493869759 -0.23771742 -0.161616019 0.492306949 -0.00103756106 -0.335064031 0.393150099 -0.237858839 -0.0968262992 0.353774194 -0.000926246446 -0.283437619 0.282482698 -0.237768653 -0.049506934 0.204941787 -0.000598174313 -0.242155631 0.152274742 -0.23748056 -0.00995315733 0.0433123959 -0.000131197507 -0.204391016 -0.0022028664 -0.237033891 0.0118320206 0.591463896 0.235783671 0.0897850767 0.425065825 0.235916161 0.143141791 0.257608914 0.236284197 0.184484713 0.0888277334 0.236771433 0.222374484 -0.0760673238 0.23727092 0.0279101529 -0.121467779 0.000367909356 -0.166554137 -0.166868172 -0.236535133 -1.02660733 1.17612839 0.200771483 -0.803284447 1.25502644 0.00101510954 -1.07815296 1.36643322 0.200268192 -0.845456241 1.41100019 0.000601915504 -1.10349983 1.56361327 0.199484169 -0.866968532 1.57888295 -6.62239389e-05 -1.10688291 1.76655932 0.198464958 -0.869906438 1.75822382 -0.000967442212 -1.09824407 1.94336335 0.197468555 -0.861478237 1.92992555 -0.0019354063 -0.624712392 1.9164875 -0.201339291 -0.632929947 1.74988795 -0.200399712 -0.630437246 1.59415251 -0.199616587 -0.612759496 1.45556692 -0.199064294 -0.579961689 1.33392459 -0.198741178 -0.531813619 1.2272552 -0.198639191 -0.738368192 1.11141319 0.00115155102 -0.466422899 1.13195567 -0.198757389 -0.648622242 0.980611146 0.000989358452 -0.3794209 1.04440558 -0.199117868 -0.531961456 0.863071823 0.000506761794 -0.23264461 0.93209835 -0.19990926 -0.382426121 0.748463964 -0.000298531198 -0.0735722027 0.776990312 -0.200594057 -0.253581054 0.623037794 -0.000854268966 -0.944922803 0.995570819 0.200942358 -0.830821602 0.829266498 0.200736183 -0.684502011 0.681737885 0.200131464 -0.532207604 0.564829402 0.199312277 -0.433589825 0.469084988 0.198885582 -0.161616019 0.492306949 -0.00103756106 -0.367176584 0.374709438 0.198753037 -0.0968262992 0.353774194 -0.000926246446 -0.318332804 0.269932465 0.198838725 -0.049506934 0.204941787 -0.000598174313 -0.278327047 0.14366156 0.199118372 -0.00995315733 0.0433123959 -0.000131197507 -0.240940644 -0.00930421867 0.199560765 0.0439445312 0.609904334 -0.200828104 0.124680173 0.437615793 -0.200691148 0.179313119 0.266221892 -0.200314662 0.221034285 0.0959289394 -0.199823104 0.258929633 -0.0689903851 -0.199323597 0.0279101529 -0.121467779 0.000367909356 -0.203109332 -0.173945213 0.200059427 0.773623393 1.11141333 0.00115134312 0.838539686 1.2550267 0.00101492144 0.567068875 1.22725531 -0.198639433 0.615216945 1.33392464 -0.19874139 0.880711525 1.41100035 0.00060166457 0.648014848 1.45556701 -0.19906456 0.902223861 1.57888318 -6.64705391e-05 0.665692598 1.59415258 -0.199616843 0.905161877 1.75822395 -0.000967679889 0.668185378 1.7498882 -0.200399995 0.659967815 1.91648749 -0.201339567 0.896733616 1.92992585 -0.0019356638 1.1334995 1.94336362 0.197468364 1.14213823 1.76655955 0.198464705 1.13875517 1.56361355 0.199483987 1.11340825 1.36643345 0.200267974 1.06186257 1.17612862 0.200771263 0.980177952 0.995571059 0.200942182 0.683877426 0.980611252 0.000989203136 0.866076706 0.829266666 0.200736029 0.5672166 0.863071969 0.000506574392 0.719757062 0.681738006 0.200131254 0.417681224 0.748463966 -0.000298772693 0.567462654 0.564829503 0.199312084 0.501678109 1.13195571 -0.198757607 0.414676061 1.04440561 -0.199118095 0.267899787 0.932098368 -0.199909514 0.108827323 0.776990293 -0.200594308 0.288836132 0.623037792 -0.000854485789 -0.00868944977 0.609904309 -0.200828355 0.196871068 0.492306966 -0.00103778228 -0.0894251209 0.437615732 -0.200691394 0.132081293 0.353774162 -0.000926471705 -0.144058125 0.266221797 -0.200314906 0.0847618983 0.204941742 -0.000598388189 -0.185779321 0.0959288134 -0.199823323 0.0452080784 0.0433123343 -0.000131403234 -0.223674715 -0.0689905312 -0.19932381 0.00734472616 -0.121467861 0.000367714192 0.468844871 0.469085091 0.198885387 0.402431562 0.374709494 0.198752845 0.35358776 0.269932513 0.198838539 0.313581973 0.143661585 0.199118185 0.276195539 -0.00930420708 0.199560595 0.238364176 -0.173945227 0.200059253 0.773623393 1.11141333 0.00115134312 0.838539686 1.2550267 0.00101492144 0.599354888 1.20912151 0.237972389 0.650429058 1.32223759 0.237864357 0.880711525 1.41100035 0.00060166457 0.684862625 1.44987093 0.237525532 0.902223861 1.57888318 -6.64705391e-05 0.703209599 1.59356891 0.236952979 0.905161877 1.75822395 -0.000967679889 0.705780006 1.75342345 0.236149229 0.697525642 1.9209133 0.235204684 0.896733616 1.92992585 -0.0019356638 1.09594165 1.93893854 -0.239076089 1.10454367 1.7630248 -0.238084674 1.10123834 1.56419811 -0.237086145 1.07656047 1.37213014 -0.236322235 1.02665047 1.18781628 -0.235834578 0.947892008 1.01370543 -0.235669689 0.683877426 0.980611252 0.000989203136 0.838040819 0.853596308 -0.235868223 0.5672166 0.863071969 0.000506574392 0.6968967 0.711300827 -0.236451688 0.417681224 0.748463966 -0.000298772693 0.545083674 0.594793656 -0.237268441 0.529714047 1.10762638 0.237846464 0.437536542 1.01484318 0.237464672 0.29027873 0.902134481 0.236670853 0.136480988 0.752205872 0.236008606 0.288836132 0.623037792 -0.000854485789 0.0234230072 0.591463915 0.235783398 0.196871068 0.492306966 -0.00103778228 -0.0545300848 0.425065766 0.235915905 0.132081293 0.353774162 -0.000926471705 -0.107886859 0.257608855 0.236283959 0.0847618983 0.204941742 -0.000598388189 -0.149229827 0.0888276517 0.236771211 0.0452080784 0.0433123343 -0.000131403234 -0.187119628 -0.076067424 0.237270695 0.00734472616 -0.121467861 0.000367714192 0.441191144 0.493869804 -0.237717604 0.370319083 0.393150127 -0.237859033 0.31869264 0.28248269 -0.237768849 0.277410621 0.152274721 -0.237480751 0.239645979 -0.0022029004 -0.237034082 0.201809044 -0.166868226 -0.236535299 1.4944033 0.937796536 0.00149615963 1.64664627 1.07489129 0.0013186935 1.30895461 1.18352013 -0.258216776 1.42195181 1.28538366 -0.258349435 1.77826246 1.238573 0.000781590478 1.52448901 1.41308508 -0.258769567 1.89149857 1.4272158 -8.69746833e-05 1.61786861 1.56884998 -0.259487501 1.98860165 1.63919464 -0.0012587864 1.70212101 1.7529581 -0.260505716 1.77929269 1.95559036 -0.261727093 2.06818579 1.84801134 -0.0025169997 2.35707846 1.74043197 0.256693051 2.27508206 1.52543095 0.257988375 2.16512865 1.28558159 0.259313307 2.03203577 1.06406046 0.260332644 1.87134071 0.864398892 0.260987158 1.67985175 0.692072556 0.261209282 1.3192862 0.828913655 0.00128540888 1.4572088 0.553634764 0.260941425 1.11904839 0.74986847 0.00065818983 1.20600836 0.45436633 0.260155296 0.881202145 0.691471844 -0.000388604211 0.963676539 0.394670808 0.259090463 1.18136353 1.10419224 -0.258370407 1.03208828 1.04537032 -0.258838975 0.798727696 0.988272654 -0.259867701 0.528388493 0.886636812 -0.260757753 0.662342053 0.609396535 -0.00111099594 0.301271243 0.749051143 -0.261061933 0.484620279 0.50175667 -0.0013492141 0.115227877 0.586074139 -0.260883818 0.335179671 0.370644382 -0.00120442341 -0.0392723169 0.410538174 -0.260394348 0.201162383 0.218151459 -0.000777894486 -0.177825865 0.22957371 -0.259755257 0.0697110486 0.0463700815 -0.000170772125 -0.309019934 0.0530099317 -0.259105859 -0.0613722394 -0.130044761 0.000478117769 0.796295328 0.332155964 0.258535817 0.667969263 0.254461933 0.258363607 0.555131442 0.155214421 0.25847503 0.441597078 0.0257645976 0.25883863 0.31724796 -0.136833677 0.259413758 0.18627545 -0.313099509 0.260062109 1.4944033 0.937796536 0.00149615963 1.64664627 1.07489129 0.0013186935 1.3379278 1.14507992 0.309345691 1.4577734 1.25309123 0.309205146 1.77826246 1.238573 0.000781590478 1.56538495 1.38707131 0.308764632 1.89149857 1.4272158 -8.69746833e-05 1.66222937 1.54857336 0.308020336 1.98860165 1.63919464 -0.0012587864 1.74872439 1.73754492 0.306975418 1.82631698 1.94125633 0.305747557 2.06818579 1.84801134 -0.0025169997 2.31005468 1.75476649 -0.310781802 2.22847911 1.54084465 -0.309493054 2.1207682 1.30585883 -0.308194748 1.99114031 1.09007488 -0.307201759 1.83551944 0.896692004 -0.306567808 1.65087901 0.730513509 -0.306353305 1.3192862 0.828913655 0.00128540888 1.43652936 0.597233115 -0.306611346 1.11904839 0.74986847 0.00065818983 1.19422192 0.501493623 -0.307369682 0.881202145 0.691471844 -0.000388604211 0.952672823 0.442024686 -0.308431357 1.20204316 1.06059431 0.309182048 1.04387495 0.998243442 0.308685816 0.809731555 0.940919175 0.307653926 0.548375481 0.84269662 0.306793131 0.662342053 0.609396535 -0.00111099594 0.329877831 0.710336559 0.306500506 0.484620279 0.50175667 -0.0013492141 0.150221664 0.552919929 0.306672802 0.335179671 0.370644382 -0.00120442341 -0.00070423891 0.381405014 0.30715132 0.201162383 0.218151459 -0.000777894486 -0.138018435 0.202042974 0.307784794 0.0697110486 0.0463700815 -0.000170772125 -0.269193156 0.0255051537 0.30843415 -0.0613722394 -0.130044761 0.000478117769 0.776308462 0.376096611 -0.309015176 0.63936281 0.293176907 -0.309198968 0.520137643 0.188368941 -0.30908166 0.403029008 0.0548980347 -0.308707141 0.277440559 -0.109302706 -0.308126419 0.146448682 -0.285594576 -0.307477976 2.25566551 0.696996061 0.00162638247 2.44475511 0.814664536 0.00143341525 2.10408619 0.995354842 -0.280701229 2.24445243 1.08280763 -0.28084528 2.61684316 0.964722116 0.000849391061 2.37855471 1.19990789 -0.281302079 2.7740238 1.14500023 -9.48069602e-05 2.50821106 1.34878894 -0.282082535 2.91839157 1.35333087 -0.00136842204 2.63350815 1.52974448 -0.283189352 2.75476204 1.73187552 -0.28451716 3.04340727 1.56162018 -0.00273649994 3.33205168 1.39136442 0.279044593 3.20327445 1.17691685 0.280452878 3.03983606 0.941211321 0.281893046 2.85513133 0.729535955 0.283001169 2.64505785 0.5465214 0.283712538 2.40724465 0.398636873 0.283954058 2.04747943 0.613884558 0.00139724838 2.14255689 0.292964356 0.283662719 1.81810254 0.567498668 0.000715451123 1.85478109 0.234659935 0.282808356 1.55241727 0.550387 -0.000422604281 1.58404763 0.21701413 0.281650799 1.95240177 0.934804498 -0.280868159 1.78142379 0.900337128 -0.281377559 1.52078692 0.883759721 -0.282495839 1.21207712 0.826573597 -0.283463483 1.30253265 0.504311677 -0.00120777384 0.942763562 0.722666838 -0.283794017 1.09179616 0.423027421 -0.00146673115 0.712562255 0.583748845 -0.283600381 0.906847214 0.311226683 -0.00130935687 0.513721937 0.425371409 -0.283068268 0.734324574 0.173601468 -0.000845633623 0.330911888 0.25814157 -0.282373539 0.560867565 0.0148441658 -0.000185639849 0.156817639 0.0942170574 -0.281667575 0.386920278 -0.148942076 0.000519748132 1.39298794 0.18204946 0.281047869 1.2408287 0.123387852 0.280860716 1.1011322 0.0387043881 0.280981752 0.954927204 -0.0781686066 0.281377051 0.79082327 -0.22845337 0.282002302 0.617022916 -0.392101271 0.282707102 2.25566551 0.696996061 0.00162638247 2.44475511 0.814664536 0.00143341525 2.12775827 0.948687727 0.336281852 2.27662679 1.04141307 0.33612925 2.61684316 0.964722116 0.000849391061 2.41735761 1.16426452 0.335650303 2.7740238 1.14500023 -9.48069602e-05 2.55181713 1.31862433 0.334841203 2.91839157 1.35333087 -0.00136842204 2.68044201 1.50435678 0.333705181 2.80235234 1.70756254 0.332370487 3.04340727 1.56162018 -0.00273649994 3.28446228 1.41567809 -0.337843305 3.15634147 1.20230515 -0.336442333 2.99623083 0.971376522 -0.335030866 2.816329 0.765179955 -0.333951492 2.61288398 0.587916609 -0.333262363 2.38357311 0.445304672 -0.333029136 2.04747943 0.613884558 0.00139724838 2.12874496 0.34356912 -0.333309616 1.81810254 0.567498668 0.000715451123 1.85115987 0.287344481 -0.334134014 1.55241727 0.550387 -0.000422604281 1.58130712 0.269791755 -0.335288105 1.96621413 0.884200183 0.33610405 1.78504544 0.847653046 0.335564686 1.5235275 0.830982408 0.334443033 1.22508274 0.775735072 0.33350722 1.30253265 0.504311677 -0.00120777384 0.965991041 0.675776012 0.333189031 1.09179616 0.423027421 -0.00146673115 0.74368626 0.541590015 0.33337633 0.906847214 0.311226683 -0.00130935687 0.549438429 0.386833832 0.333896526 0.734324574 0.173601468 -0.000845633623 0.368260483 0.221082424 0.334585206 0.560867565 0.0148441658 -0.000185639849 0.194191853 0.0571820227 0.33529111 0.386920278 -0.148942076 0.000519748132 1.37998244 0.232888387 -0.335922775 1.21760142 0.170279022 -0.336122564 1.07000834 0.0808635725 -0.33599511 0.919210846 -0.0396307544 -0.335587886 0.75347467 -0.191393996 -0.334956562 0.579648734 -0.355066092 -0.334251694 2.86239053 0.311307061 0.00173713192 3.08320481 0.399555556 0.00153128466 2.75897605 0.653334803 -0.299710877 2.9229119 0.71895361 -0.299864806 3.29221802 0.525036077 0.000907716696 3.08581963 0.816910295 -0.300352262 3.49122503 0.685076697 -0.000100289497 3.2500107 0.949106515 -0.301185596 3.68202165 0.877006045 -0.0014600384 3.41563055 1.11583477 -0.302367179 3.58096924 1.30557941 -0.303784981 3.852469 1.07251897 -0.00292071197 4.12396797 0.839458131 0.297943654 3.94841281 0.638177123 0.299447103 3.73243972 0.421046824 0.300985047 3.49861587 0.233161473 0.302168066 3.24349767 0.080157387 0.302927284 2.96580487 -0.0307209322 0.303185295 2.62797958 0.26296214 0.00149250008 2.66777415 -0.0921915094 0.302874323 2.37817718 0.257192715 0.000764197863 2.35435192 -0.099544151 0.30196188 2.09569572 0.288999678 -0.000450762828 2.06646385 -0.0673526067 0.300725835 2.58818514 0.618115571 -0.299889231 2.40200218 0.613929387 -0.300433086 2.12492737 0.645351727 -0.30162713 1.7897101 0.643098018 -0.302660422 1.82439472 0.287400196 -0.00128913704 1.48714795 0.584350444 -0.303013482 1.58764547 0.241453957 -0.00156579878 1.21913673 0.481470632 -0.302806918 1.37228351 0.158597361 -0.00139787293 0.980443512 0.352258503 -0.302238778 1.16514338 0.0462665153 -0.000902783641 0.756941386 0.210736895 -0.301497059 0.953060493 -0.0881021515 -0.000198174214 0.543220311 0.0710561605 -0.300743356 0.739519827 -0.227665078 0.000554931632 1.85907896 -0.0682978495 0.300082029 1.68814304 -0.101442654 0.299882098 1.52543013 -0.164276081 0.300011326 1.34984311 -0.259725649 0.30043328 1.14917964 -0.386941325 0.301100818 0.93581938 -0.526386415 0.301853236 2.86239053 0.311307061 0.00173713192 3.08320481 0.399555556 0.00153128466 2.77511232 0.5998441 0.359056952 2.94897352 0.669411727 0.358894115 3.29221802 0.525036077 0.000907716696 3.11992671 0.772171411 0.358382872 3.49122503 0.685076697 -0.000100289497 3.29019319 0.909226463 0.35751898 3.68202165 0.877006045 -0.0014600384 3.46020643 1.08035233 0.356306156 3.62643647 1.27110354 0.354881165 3.852469 1.07251897 -0.00292071197 4.07850149 0.873934573 -0.36072259 3.90383755 0.673660074 -0.359226848 3.69225783 0.460927366 -0.357719809 3.46450946 0.277900883 -0.356567257 3.2174366 0.129699845 -0.355831581 2.9496692 0.0227703295 -0.355582814 2.62797958 0.26296214 0.00149250008 2.66274027 -0.0364097549 -0.355882342 2.37817718 0.257192715 0.000764197863 2.36041964 -0.0434861292 -0.356762626 2.09569572 0.288999678 -0.000450762828 2.07347495 -0.011361794 -0.357994966 2.59321938 0.562334198 0.358867217 2.39593474 0.557871752 0.358291112 2.11791647 0.589361259 0.35709344 1.79385269 0.587221652 0.356094193 1.82439472 0.287400196 -0.00128913704 1.50277503 0.530707981 0.355754474 1.58764547 0.241453957 -0.00156579878 1.24395112 0.431322233 0.355954363 1.37228351 0.158597361 -0.00139787293 1.01076389 0.305055886 0.356509703 1.16514338 0.0462665153 -0.000902783641 0.789254467 0.164782438 0.357244892 0.953060493 -0.0881021515 -0.000198174214 0.575564855 0.025122239 0.357998543 0.739519827 -0.227665078 0.000554931632 1.85493677 -0.0124210721 -0.358672758 1.67251616 -0.0477998693 -0.358886089 1.50061589 -0.114127374 -0.35874998 1.31952288 -0.212522707 -0.358315309 1.11686663 -0.340986606 -0.357641314 0.903474876 -0.480452324 -0.356888757 3.45283296 -0.23617908 0.00173705706 3.68424807 -0.181464534 0.00153149002 3.40099672 0.117361041 -0.299710733 3.57281796 0.158082498 -0.299864604 3.90948293 -0.0881847817 0.000907893648 3.74839188 0.230939786 -0.300352188 4.12991869 0.0407530053 -0.000100072362 3.93028533 0.337472891 -0.30118554 4.34693688 0.202441747 -0.00145972753 4.11868539 0.477949633 -0.302367161 4.31020157 0.641232365 -0.303784666 4.5443569 0.370676246 -0.0029205655 4.77851156 0.100119855 0.297943814 4.57518843 -0.0730663367 0.299447371 4.3295519 -0.255966973 0.300985213 4.07057385 -0.407309564 0.302168129 3.79567855 -0.521011723 0.302927614 3.50466898 -0.58971919 0.303185337 3.21385536 -0.249420828 0.00149270928 3.20083153 -0.606559505 0.302874238 2.96593416 -0.218282601 0.000764451026 2.88975287 -0.567603744 0.301961909 2.69123359 -0.145159089 -0.000450579701 2.60976159 -0.493302246 0.300726026 3.22687917 0.10771772 -0.299889246 3.04211499 0.131038252 -0.300432882 2.77270543 0.202983969 -0.301627031 2.44082229 0.250197626 -0.302660241 2.42266403 -0.106725682 -0.00128905484 2.13290431 0.236718872 -0.303013333 2.18172746 -0.117250089 -0.00156556143 1.85265028 0.174494472 -0.302806675 1.95649999 -0.167435836 -0.00139775791 1.5975097 0.0819014909 -0.302238615 1.73505732 -0.247985992 -0.000902737844 1.35557842 -0.025106954 -0.301496906 1.5054755 -0.349604039 -0.000198037445 1.12359289 -0.131737249 -0.300743312 1.27368574 -0.456144463 0.000555024573 2.40450561 -0.463649056 0.300082117 2.23055039 -0.47121925 0.299882105 2.06034974 -0.509366225 0.300011373 1.87260488 -0.577873673 0.300433385 1.65537257 -0.67410122 0.30110087 1.42377851 -0.780551727 0.301853248 3.45283296 -0.23617908 0.00173705706 3.68424807 -0.181464534 0.00153149002 3.4090669 0.062075355 0.35905736 3.59128721 0.105238534 0.3588945 3.90948293 -0.0881847817 0.000907893648 3.77552726 0.181659645 0.358383032 4.12991869 0.0407530053 -0.000100072362 3.96414618 0.292102323 0.35751933 4.34693688 0.202441747 -0.00145972753 4.15754021 0.436280585 0.356306724 4.3500866 0.600427464 0.354881704 4.5443569 0.370676246 -0.0029205655 4.73862712 0.140925196 -0.3607225 4.53633424 -0.0313968706 -0.359226794 4.29569186 -0.210595976 -0.35772009 4.04343911 -0.358029092 -0.35656737 3.77720971 -0.468167237 -0.355831617 3.49659942 -0.534433115 -0.355583035 3.21385536 -0.249420828 0.00149270928 3.20407993 -0.55064539 -0.355882318 2.96593416 -0.218282601 0.000764451026 2.90402244 -0.51305388 -0.356762651 2.69123359 -0.145159089 -0.000450579701 2.62495422 -0.438957983 -0.357994968 3.22363096 0.0518039535 0.358867247 3.02784598 0.0764887583 0.358291308 2.7575131 0.148640019 0.357093654 2.43667805 0.194321469 0.356094426 2.42266403 -0.106725682 -0.00128905484 2.14044858 0.18135824 0.355754771 2.18172746 -0.117250089 -0.00156556143 1.86979659 0.121234586 0.355954756 1.95649999 -0.167435836 -0.00139775791 1.62053636 0.0307431104 0.356509992 1.73505732 -0.247985992 -0.000902737844 1.38076019 -0.0753247148 0.357245198 1.5054755 -0.349604039 -0.000198037445 1.14880872 -0.181939385 0.357998745 1.27368574 -0.456144463 0.000555024573 2.40865006 -0.407772578 -0.358672781 2.22300651 -0.415858377 -0.358886048 2.04320356 -0.456105972 -0.358749999 1.84957839 -0.52671501 -0.358315415 1.63019096 -0.623883207 -0.357641343 1.39856278 -0.730349383 -0.356888819 3.95657333 -1.15180096 -0.00187097256 4.21032199 -1.18716099 -0.00164908584 3.93661201 -1.53625941 0.322909423 4.12502535 -1.56261776 0.323075362 4.46132947 -1.26451248 -0.000977020961 4.32070404 -1.62306919 0.323600688 4.71078405 -1.38059676 0.000109388656 4.52655647 -1.71900641 0.32449873 4.9598743 -1.53215706 0.00157446887 4.74281026 -1.85069831 0.325772004 4.96470638 -2.00653892 0.327299515 5.1886021 -1.6927141 0.0031483055 5.41249713 -1.37888918 -0.321003298 5.17693809 -1.21361538 -0.322623249 4.89501118 -1.04218722 -0.324280499 4.60195446 -0.905955257 -0.325555096 4.29561879 -0.811704179 -0.326373352 3.97653405 -0.767342047 -0.326651581 3.69889333 -1.16168956 -0.0016074861 3.64891795 -0.779909756 -0.326316419 3.43609436 -1.22008528 -0.000823071707 3.31915964 -0.853058554 -0.325333461 3.14880235 -1.32621718 0.00048593226 3.02631135 -0.96098742 -0.324001813 3.74886885 -1.54346932 0.32310163 3.55302847 -1.58711203 0.323687351 3.27129338 -1.69144682 0.324973936 2.92005113 -1.77555103 0.326086867 2.86459005 -1.39452015 0.00138938211 2.58839696 -1.79213604 0.326467272 2.60508274 -1.40752119 0.00168723 2.28150294 -1.75364397 0.326244403 2.35842778 -1.37639492 0.00150606942 1.99848563 -1.68004446 0.325632117 2.11277157 -1.31231597 0.000972666421 1.7281845 -1.58965003 0.324832919 1.85626071 -1.22645891 0.000213297395 1.46858976 -1.49865856 0.324020733 1.59688502 -1.13554419 -0.000598247524 2.80912826 -1.01348883 -0.323308239 2.62176817 -1.02290592 -0.323092919 2.43535273 -0.999145959 -0.323232341 2.22705724 -0.94458754 -0.323687019 1.98433671 -0.863267593 -0.324406423 1.72518022 -0.772429593 -0.325217313 3.95657333 -1.15180096 -0.00187097256 4.21032199 -1.18716099 -0.00164908584 3.93969584 -1.47614276 -0.386847346 4.13951 -1.50407175 -0.386671728 4.46132947 -1.26451248 -0.000977020961 4.3448435 -1.56747227 -0.386120662 4.71078405 -1.38059676 0.000109388656 4.55830472 -1.66692532 -0.385189903 4.9598743 -1.53215706 0.00157446887 4.78028832 -1.80208386 -0.383883251 5.00337666 -1.95874792 -0.382347435 5.1886021 -1.6927141 0.0031483055 5.37382764 -1.42668074 0.388644048 5.13946089 -1.26222988 0.387032245 4.86326384 -1.09426858 0.385408374 4.57781576 -0.961552604 0.384166649 4.2811351 -0.870250575 0.383373644 3.97345151 -0.827459131 0.383105458 3.69889333 -1.16168956 -0.0016074861 3.65803922 -0.839559583 0.383428064 3.43609436 -1.22008528 -0.000823071707 3.33996552 -0.910133846 0.384376378 3.14880235 -1.32621718 0.00048593226 3.04808669 -1.01774908 0.385704183 3.73974799 -1.48381977 -0.386642824 3.53222337 -1.5300368 -0.386022339 3.24951841 -1.63468568 -0.384731952 2.909973 -1.71603238 -0.383655428 2.86459005 -1.39452015 0.00138938211 2.59090855 -1.73199187 -0.383289502 2.60508274 -1.40752119 0.00168723 2.29452626 -1.69478523 -0.383505043 2.35842778 -1.37639492 0.00150606942 2.01802865 -1.62284703 -0.384103565 2.11277157 -1.31231597 0.000972666421 1.75013381 -1.53324442 -0.384895845 1.85626071 -1.22645891 0.000213297395 1.49057729 -1.44226618 -0.385707985 1.59688502 -1.13554419 -0.000598247524 2.81920693 -1.07300797 0.386434177 2.61925692 -1.0830505 0.386663962 2.4223295 -1.05800492 0.386517152 2.20751453 -1.00178526 0.386048853 1.96238758 -0.919673407 0.385322394 1.70319274 -0.828822079 0.384511428 4.09211025 -0.796700015 0.00187201284 4.34585911 -0.761339759 0.00164996929 4.07214949 -0.412241246 -0.322908607 4.26056281 -0.385882765 -0.32307423 4.5968664 -0.683988597 0.000978223488 4.45624145 -0.325431511 -0.323599334 4.84632094 -0.567904042 -0.000107827037 4.66209382 -0.229494392 -0.324497169 5.09541161 -0.416343954 -0.00157278368 4.87834755 -0.097802493 -0.325770375 5.10024384 0.0580384974 -0.327297928 5.32413926 -0.255786587 -0.00314647412 5.54803382 -0.569611746 0.321005076 5.31247481 -0.73488549 0.322624903 5.03054805 -0.906313813 0.324281851 4.73749118 -1.04254585 0.325556271 4.43115562 -1.13679695 0.326374352 4.11207076 -1.18115909 0.326652269 3.83443061 -0.78681133 0.00160791834 3.78445459 -1.16859137 0.326317062 3.57163116 -0.728415748 0.000823630644 3.45469637 -1.09544259 0.325333964 3.28433966 -0.622283706 -0.000485440215 3.16184827 -0.987513828 0.324002214 3.88440627 -0.405031489 -0.323100582 3.68856578 -0.361388944 -0.323686549 3.40683065 -0.257053796 -0.324973046 3.05558866 -0.172949621 -0.326086283 3.00012698 -0.553980945 -0.00138878578 2.72393451 -0.156364752 -0.326466722 2.74062 -0.540979994 -0.00168682096 2.41704052 -0.194856903 -0.326244051 2.49396505 -0.572106 -0.00150588245 2.13402328 -0.268456507 -0.325632057 2.24830888 -0.636185002 -0.000972457819 1.86372199 -0.358850861 -0.324832932 1.99179781 -0.722042275 -0.000213310511 1.60412724 -0.449842365 -0.324020881 1.73242226 -0.812957174 0.000597990371 2.94466527 -0.935012461 0.323308621 2.75730511 -0.925595139 0.323093219 2.57088962 -0.949355332 0.323232455 2.36259419 -1.00391375 0.323687113 2.11987374 -1.08523378 0.324406234 1.86071714 -1.17607171 0.325216937 4.09211025 -0.796700015 0.00187201284 4.34585911 -0.761339759 0.00164996929 4.07523248 -0.472358428 0.386848599 4.27504707 -0.444429217 0.386673057 4.5968664 -0.683988597 0.000978223488 4.48038068 -0.381028839 0.386122112 4.84632094 -0.567904042 -0.000107827037 4.69384156 -0.281575972 0.385191261 5.09541161 -0.416343954 -0.00157278368 4.91582557 -0.14641717 0.383884851 5.13891362 0.0102469593 0.382349446 5.32413926 -0.255786587 -0.00314647412 5.50936461 -0.521819709 -0.388642242 5.27499816 -0.686270502 -0.387030879 4.99880099 -0.854231956 -0.385407194 4.71335278 -0.986948204 -0.384165607 4.41667214 -1.0782502 -0.383372696 4.10898855 -1.1210416 -0.383104698 3.83443061 -0.78681133 0.00160791834 3.79357628 -1.1089414 -0.383427589 3.57163116 -0.728415748 0.000823630644 3.47550254 -1.03836705 -0.384375849 3.28433966 -0.622283706 -0.000485440215 3.1836238 -0.930751653 -0.385703764 3.87528486 -0.464681398 0.386643671 3.66776024 -0.418464218 0.386023321 3.38505556 -0.313815504 0.384732638 3.04550998 -0.232468875 0.383656162 3.00012698 -0.553980945 -0.00138878578 2.72644568 -0.216509295 0.383290047 2.74062 -0.540979994 -0.00168682096 2.4300634 -0.253716143 0.383505499 2.49396505 -0.572106 -0.00150588245 2.15356569 -0.32565434 0.38410393 2.24830888 -0.636185002 -0.000972457819 1.88567086 -0.415257008 0.384895893 1.99179781 -0.722042275 -0.000213310511 1.62611431 -0.506235145 0.38570785 1.73242226 -0.812957174 0.000597990371 2.95474417 -0.875492975 -0.386433887 2.75479433 -0.865450324 -0.386663767 2.55786686 -0.89049582 -0.386517249 2.34305189 -0.946715643 -0.38604886 2.09792484 -1.0288274 -0.38532276 1.83873015 -1.11967885 -0.384511954 2.31707117 -2.53119981 -0.001476416 2.47700838 -2.65485801 -0.00130124294 2.15273675 -2.78669544 0.254805944 2.27145286 -2.87858452 0.254936853 2.61861227 -2.80620168 -0.000771182291 2.38178464 -2.99667122 0.255351463 2.74397392 -2.98346608 8.60741954e-05 2.48517827 -3.14304947 0.256060019 2.85518377 -3.1848847 0.00124238773 2.58168407 -3.31799198 0.257064765 2.67259076 -3.51168597 0.258270156 2.9489211 -3.38448603 0.00248412241 3.22525125 -3.25728564 -0.253301836 3.12868337 -3.05177719 -0.254580249 3.00276954 -2.82388221 -0.255887949 2.85543989 -2.61573214 -0.25689366 2.68256403 -2.43113124 -0.257539493 2.48140536 -2.2757035 -0.257758869 2.13670918 -2.43699235 -0.00126845619 2.25209377 -2.15592417 -0.257494524 1.93383195 -2.3740012 -0.000649549172 1.99757435 -2.07679756 -0.256718846 1.69547242 -2.33410688 0.000383461178 1.75470502 -2.03595645 -0.255668062 2.0213245 -2.71806006 0.254957442 1.87008945 -2.67120486 0.255419824 1.63623992 -2.63225754 0.256434947 1.36271267 -2.55221533 0.257313284 1.47404666 -2.26951019 0.00109625162 1.12906118 -2.43360483 0.257613404 1.29121353 -2.17671836 0.00133133243 0.933951719 -2.28697472 0.257437562 1.13447567 -2.05873968 0.00118840519 0.768953688 -2.12565613 0.25695447 0.991335476 -1.91858322 0.000767435341 0.619246591 -1.9578182 0.256323745 0.849295409 -1.75925684 0.000168264664 0.477106397 -1.79376663 0.255682856 0.707275207 -1.59534368 -0.000472136949 1.58538049 -1.98680484 -0.255120834 1.45336581 -1.91983141 -0.254950886 1.33499969 -1.83050486 -0.255060844 1.21371723 -1.7115102 -0.255419672 1.07934423 -1.56069548 -0.255987293 0.937444084 -1.39692084 -0.256627163 2.31707117 -2.53119981 -0.001476416 2.47700838 -2.65485801 -0.00130124294 2.17840756 -2.74672973 -0.305259069 2.30431669 -2.84416236 -0.305120315 2.61861227 -2.80620168 -0.000771182291 2.42010555 -2.96805249 -0.304685622 2.74397392 -2.98346608 8.60741954e-05 2.52733262 -3.11982026 -0.303951113 2.85518377 -3.1848847 0.00124238773 2.62640434 -3.2993828 -0.30291995 2.71780498 -3.49410791 -0.301708189 2.9489211 -3.38448603 0.00248412241 3.18003743 -3.27486459 0.30667674 3.08396346 -3.07038678 0.305404786 2.96061569 -2.84711204 0.304123596 2.81711942 -2.64435174 0.303143534 2.64970055 -2.46555405 0.302517905 2.45573503 -2.31567007 0.302306298 2.13670918 -2.43699235 -0.00126845619 2.23496527 -2.20035309 0.302560812 1.93383195 -2.3740012 -0.000649549172 1.98945741 -2.12404222 0.303309097 1.69547242 -2.33410688 0.000383461178 1.74737503 -2.0833662 0.304356724 2.03845338 -2.67363178 -0.305097618 1.87820665 -2.62396087 -0.304607895 1.64357005 -2.58484824 -0.303589708 1.37913455 -2.50750109 -0.302740247 1.47404666 -2.26951019 0.00109625162 1.15435097 -2.39339593 -0.302451546 1.29121353 -2.17671836 0.00133133243 0.965937416 -2.25176578 -0.302621625 1.13447567 -2.05873968 0.00118840519 0.80475355 -2.09413975 -0.30309389 0.991335476 -1.91858322 0.000767435341 0.656384309 -1.92778682 -0.303719071 0.849295409 -1.75925684 0.000168264664 0.514265106 -1.76375966 -0.304359934 0.707275207 -1.59534368 -0.000472136949 1.56895878 -2.03151954 0.304932873 1.42807607 -1.96004054 0.305114149 1.30301405 -1.86571428 0.304998443 1.17791738 -1.74302669 0.30462878 1.04220646 -1.59072674 0.304055613 0.900285347 -1.42692793 0.303415712 1.41309279 -2.74640399 -0.00111079533 1.50205261 -2.86980646 -0.00097902346 1.23991824 -2.89561281 0.191734857 1.30592847 -2.9872838 0.191833365 1.5718677 -3.00926509 -0.000580077352 1.36028993 -3.09606335 0.192145396 1.62442377 -3.16395206 6.49686109e-05 1.40359842 -3.22377185 0.192678552 1.66160704 -3.33304213 0.000935040627 1.43583207 -3.37061661 0.193434622 1.46001813 -3.52979354 0.194341612 1.6865726 -3.49708567 0.00186946197 1.9131269 -3.46437759 -0.190602742 1.8873818 -3.29546697 -0.191564654 1.84524926 -3.10413248 -0.192548607 1.78344534 -2.92246587 -0.193305546 1.69817682 -2.7523291 -0.193791469 1.58626728 -2.59719471 -0.193956529 1.30310217 -2.63988413 -0.000954368362 1.44642644 -2.46176244 -0.193757665 1.17019477 -2.55107329 -0.000488626831 1.27970935 -2.3502722 -0.19317406 1.00675106 -2.47134248 0.000288594982 1.11321425 -2.26889426 -0.192383437 1.15977789 -2.81800534 0.191848892 1.06068021 -2.75187437 0.192196755 0.900287846 -2.67379071 0.192960567 0.720052824 -2.55757687 0.193621451 0.860804596 -2.37740838 0.000824930361 0.576830907 -2.42206005 0.193847218 0.748728451 -2.2713816 0.00100174436 0.467405395 -2.27456638 0.193714902 0.660862963 -2.15276093 0.000894196717 0.382844091 -2.12291117 0.193351375 0.587548273 -2.02104543 0.000577414977 0.310708338 -1.96982055 0.192876767 0.519124834 -1.8757347 0.000126538875 0.243222568 -1.82107925 0.192394494 0.45169609 -1.72711901 -0.000355341237 1.00155631 -2.1972399 -0.191971672 0.920625899 -2.12070268 -0.191843788 0.854320573 -2.03095547 -0.191926574 0.792252586 -1.9191799 -0.192196611 0.727541371 -1.78164884 -0.192623733 0.66016961 -1.63315864 -0.193105205 1.41309279 -2.74640399 -0.00111079533 1.50205261 -2.86980646 -0.00097902346 1.26698172 -2.87226534 -0.229699346 1.33699664 -2.96947321 -0.229594999 1.5718677 -3.00926509 -0.000580077352 1.39405482 -3.08360652 -0.229267867 1.62442377 -3.16395206 6.49686109e-05 1.438977 -3.21602273 -0.228715133 1.66160704 -3.33304213 0.000935040627 1.4720744 -3.36674944 -0.22793922 1.49639634 -3.52677532 -0.227027339 1.6865726 -3.49708567 0.00186946197 1.87674875 -3.46739628 0.23076644 1.85113972 -3.29933482 0.229809347 1.80987089 -3.11188228 0.228845317 1.74968072 -2.93492338 0.228107844 1.66710873 -2.77013991 0.227636983 1.55920406 -2.62054285 0.227477748 1.30310217 -2.63988413 -0.000954368362 1.42457206 -2.49015553 0.227669276 1.17019477 -2.55107329 -0.000488626831 1.2637548 -2.38262313 0.228232255 1.00675106 -2.47134248 0.000288594982 1.09779211 -2.30153238 0.229020606 1.18163232 -2.78961224 -0.229577897 1.07663486 -2.71952391 -0.229209448 0.915709971 -2.64115259 -0.228443319 0.741458318 -2.52882651 -0.227804192 0.860804596 -2.37740838 0.000824930361 0.603671418 -2.39845583 -0.227586952 0.748728451 -2.2713816 0.00100174436 0.4980081 -2.25600042 -0.227714958 0.660862963 -2.15276093 0.000894196717 0.415409355 -2.10782474 -0.228070357 0.587548273 -2.02104543 0.000577414977 0.343921436 -1.9560917 -0.228540779 0.519124834 -1.8757347 0.000126538875 0.276445614 -1.80737234 -0.229023018 0.45169609 -1.72711901 -0.000355341237 0.980150867 -2.22599073 0.229454076 0.893785426 -2.14430714 0.229590503 0.823717784 -2.04952145 0.229503369 0.759687228 -1.93426635 0.229225202 0.69432823 -1.79537782 0.228793902 0.626946547 -1.6468658 0.228312361 0.611595789 -2.8480757 -0.000908691828 0.647093928 -2.96734004 -0.000800867098 0.437669009 -2.91671455 0.156835121 0.4639816 -3.00529121 0.156915693 0.663482366 -3.09385296 -0.000474537036 0.476691191 -3.10394765 0.157170889 0.662440448 -3.22748355 5.30741208e-05 0.475768167 -3.21424995 0.157607034 0.645647496 -3.36810139 0.00076475905 0.461139739 -3.33635279 0.158225459 0.436975711 -3.46581467 0.158967395 0.620775504 -3.50153236 0.00152911541 0.804575349 -3.53725004 -0.155909217 0.830155279 -3.39984975 -0.15669603 0.849112888 -3.24071761 -0.157500901 0.850273686 -3.08375848 -0.158120025 0.830206313 -2.92938885 -0.158517519 0.785522593 -2.77943659 -0.158652538 0.555308684 -2.73619084 -0.000780711589 0.713960904 -2.6371844 -0.158489863 0.476553283 -2.63181662 -0.000399739363 0.61519485 -2.50619128 -0.158012472 0.371766884 -2.52623612 0.000236006518 0.508494893 -2.39851751 -0.157365766 0.396656475 -2.83519704 0.156928379 0.337911718 -2.75744172 0.157212945 0.235038937 -2.65395497 0.157837744 0.127102753 -2.51567459 0.158378332 0.28431893 -2.41439497 0.000674749921 0.0529521974 -2.37244739 0.158563021 0.226288173 -2.30232946 0.000819387635 0.00813055247 -2.22906528 0.158454805 0.190348188 -2.18705332 0.000731413597 -0.0163652748 -2.08916183 0.158157453 0.169172347 -2.0655793 0.000472288325 -0.0308768411 -1.95149436 0.157769227 0.155434061 -1.93492017 0.000103496913 -0.0429674406 -1.81843813 0.157374739 0.14335369 -1.80197608 -0.000290662241 0.441535012 -2.31311488 -0.157028922 0.399624233 -2.23221177 -0.15692431 0.372565873 -2.14504134 -0.15699202 0.354709936 -2.04199628 -0.157212884 0.341744995 -1.91834585 -0.157562265 0.329674851 -1.78551414 -0.157956105 0.611595789 -2.8480757 -0.000908691828 0.647093928 -2.96734004 -0.000800867098 0.464857934 -2.90596478 -0.187889371 0.492773435 -2.99989654 -0.187804043 0.663482366 -3.09385296 -0.000474537036 0.50612506 -3.10341427 -0.187536423 0.662440448 -3.22748355 5.30741208e-05 0.50518129 -3.21778732 -0.18708433 0.645647496 -3.36810139 0.00076475905 0.490175132 -3.34312093 -0.186449624 0.465887527 -3.47327537 -0.185703776 0.620775504 -3.50153236 0.00152911541 0.775663473 -3.5297896 0.188762071 0.801119847 -3.39308186 0.187979231 0.8196998 -3.23718071 0.187190614 0.820839787 -3.08429211 0.186587441 0.801414367 -2.93478379 0.186202333 0.758333606 -2.79018663 0.186072029 0.555308684 -2.73619084 -0.000780711589 0.689437351 -2.65323355 0.186228699 0.476553283 -2.63181662 -0.000399739363 0.594163151 -2.52688536 0.18668926 0.371766884 -2.52623612 0.000236006518 0.48779707 -2.41957669 0.187334067 0.421179997 -2.81914814 -0.187790037 0.358943387 -2.73674789 -0.187488657 0.255736649 -2.63289581 -0.186861993 0.15137567 -2.499229 -0.186339175 0.28431893 -2.41439497 0.000674749921 0.0800380198 -2.36143949 -0.186161474 0.226288173 -2.30232946 0.000819387635 0.0367662714 -2.22296207 -0.186266176 0.190348188 -2.18705332 0.000731413597 0.0128498279 -2.08627449 -0.186556845 0.169172347 -2.0655793 0.000472288325 -0.00152686903 -1.94982988 -0.186941673 0.155434061 -1.93492017 0.000103496913 -0.0136156721 -1.81679318 -0.187336115 0.14335369 -1.80197608 -0.000290662241 0.417262028 -2.32956073 0.18768866 0.372538308 -2.24321969 0.187800254 0.343930079 -2.15114481 0.187728999 0.325494811 -2.04488387 0.187501466 0.312394919 -1.92001036 0.187148681 0.300323011 -1.78715899 0.186754787 2.79181047 -1.97573673 -0.00147632697 2.97889697 -2.05235244 -0.00130114443 2.70142688 -2.26576203 0.254806096 2.84032197 -2.32272918 0.254936944 3.15568235 -2.16053582 -0.000770938649 2.97810987 -2.40718092 0.255351541 3.3237123 -2.29802758 8.60872027e-05 3.11674185 -2.52075018 0.256060148 3.48453192 -2.46257051 0.00124241276 3.25633938 -2.66368696 0.257064908 3.39553199 -2.82618868 0.258270297 3.62802554 -2.63001252 0.00248444199 3.8605188 -2.43383644 -0.253301777 3.71272398 -2.26145345 -0.254580113 3.53068248 -2.07530505 -0.255887743 3.33325475 -1.91389026 -0.256893587 3.11747215 -1.78197565 -0.257539554 2.88219388 -1.68571098 -0.257758843 2.59287723 -1.93294651 -0.0012684267 2.6292695 -1.63130331 -0.257494416 2.38055184 -1.92624028 -0.000649458726 2.36287008 -1.62279249 -0.256718944 2.14017383 -1.95124355 0.000383433464 2.11789275 -1.64808364 -0.255668125 2.55648476 -2.23458926 0.254957638 2.3982335 -2.2296876 0.255420025 2.16245456 -2.25440304 0.256435053 1.87748945 -2.2500698 0.257313285 1.90954158 -1.94792742 0.00109632512 1.62069295 -2.1979442 0.257613415 1.70860309 -1.90715937 0.00133129353 1.39358801 -2.10854941 0.257437595 1.52611283 -1.8351666 0.00118839423 1.19159737 -1.99697982 0.256954493 1.35082493 -1.73817592 0.000767446272 1.00260996 -1.875055 0.256323731 1.17149397 -1.62241451 0.00016819918 0.82192458 -1.75476561 0.255682817 0.990961119 -1.5022267 -0.000472196937 1.94159354 -1.64578459 -0.255120811 1.796513 -1.6163741 -0.254950882 1.65863755 -1.56178369 -0.255060898 1.51005249 -1.47937201 -0.255419768 1.34037799 -1.36977402 -0.255987375 1.15999762 -1.24968767 -0.256627202 2.79181047 -1.97573673 -0.00147632697 2.97889697 -2.05235244 -0.00130114443 2.71553123 -2.22040414 -0.305259052 2.86283568 -2.28080037 -0.305120364 3.15568235 -2.16053582 -0.000770938649 3.00742876 -2.36939296 -0.304685493 3.3237123 -2.29802758 8.60872027e-05 3.15119079 -2.48713692 -0.303951142 3.48453192 -2.46257051 0.00124241276 3.29449142 -2.63384384 -0.302919771 3.43443436 -2.79720744 -0.301707998 3.62802554 -2.63001252 0.00248444199 3.8216167 -2.46281786 0.306676792 3.67457253 -2.29129741 0.305405024 3.49623441 -2.10891884 0.304123866 3.30393651 -1.95167856 0.30314375 3.09495888 -1.82390535 0.30251803 2.86809018 -1.73106945 0.302306351 2.59287723 -1.93294651 -0.0012684267 2.62458743 -1.67868897 0.30256089 2.38055184 -1.92624028 -0.000649458726 2.36762396 -1.67049309 0.303309153 2.14017383 -1.95124355 0.000383433464 2.12344908 -1.69573393 0.304356743 2.56116727 -2.18720399 -0.305097638 2.39347996 -2.18198741 -0.304607965 2.15689853 -2.20675318 -0.303589754 1.88141448 -2.20259731 -0.30274038 1.90954158 -1.94792742 0.00109632512 1.63436528 -2.15245366 -0.302451577 1.70860309 -1.90715937 0.00133129353 1.4150457 -2.06609559 -0.302621769 1.52611283 -1.8351666 0.00118839423 1.21771463 -1.95707001 -0.30309398 1.35082493 -1.73817592 0.000767446272 1.03041232 -1.83622063 -0.303719196 1.17149397 -1.62241451 0.00016819918 0.849753569 -1.71594909 -0.304360054 0.990961119 -1.5022267 -0.000472196937 1.93766877 -1.69325751 0.304933038 1.78284093 -1.66186507 0.305114294 1.63718001 -1.60423784 0.304998451 1.48393526 -1.51928219 0.304628817 1.31257568 -1.4086085 0.304055724 1.13216868 -1.28850443 0.30341573 3.40771869 -1.57595675 -0.00167567589 3.62899235 -1.63703968 -0.00147705488 3.34503022 -1.91514243 0.289319889 3.50931814 -1.96058911 0.289468634 3.84292075 -1.73510353 -0.000874835102 3.67607326 -2.03717058 0.289939296 4.05094013 -1.86739284 9.84467895e-05 3.84771646 -2.14646447 0.290743945 4.2544879 -2.03115312 0.00141135144 4.02441817 -2.28873546 0.291884777 4.20330791 -2.45311855 0.29325324 4.43889477 -2.20052511 0.00282113078 4.67448106 -1.94793082 -0.287610674 4.48455731 -1.77357086 -0.289062102 4.25416373 -1.58832171 -0.290546897 4.00976753 -1.4330364 -0.291689024 3.74866668 -1.31349023 -0.292422225 3.47040674 -1.23677068 -0.292671439 3.17766193 -1.55460909 -0.00143971521 3.17791141 -1.20962485 -0.292371455 2.93738527 -1.57575228 -0.00073693829 2.87642901 -1.23604369 -0.291490841 2.66976956 -1.63643616 0.000435744481 2.60366736 -1.2976741 -0.290297963 3.17741218 -1.89959327 0.289491919 2.99834126 -1.91546081 0.290016858 2.73587161 -1.97519862 0.291169347 2.41402362 -2.00883665 0.292166457 2.40931274 -1.66387626 0.00124488506 2.11747141 -1.98478727 0.292507018 2.1772686 -1.64507971 0.00151174916 1.84935436 -1.91470765 0.292307391 1.96180147 -1.58858747 0.00134942961 1.60655261 -1.81623337 0.291758833 1.75107476 -1.50293927 0.000871384853 1.37701067 -1.70432718 0.291042625 1.53325236 -1.39667595 0.000191052741 1.15704924 -1.59314251 0.290314914 1.31347659 -1.285585 -0.0005361674 2.40460141 -1.31891537 -0.289676717 2.23706559 -1.30537183 -0.289483657 2.07424867 -1.2624669 -0.289608686 1.89559678 -1.18964495 -0.290016155 1.68949389 -1.08902463 -0.290660573 1.4699039 -0.9780275 -0.291387211 3.40771869 -1.57595675 -0.00167567589 3.62899235 -1.63703968 -0.00147705488 3.35479923 -1.86210023 -0.346606077 3.52903109 -1.9102755 -0.346448477 3.84292075 -1.73510353 -0.000874835102 3.70401831 -1.99060584 -0.345954806 4.05094013 -1.86739284 9.84467895e-05 3.88200892 -2.10391213 -0.345120952 4.2544879 -2.03115312 0.00141135144 4.0633953 -2.2499332 -0.343950015 4.24324771 -2.41518687 -0.342574112 4.43889477 -2.20052511 0.00282113078 4.6345419 -1.98586309 0.348216892 4.44558076 -1.81237347 0.346772902 4.21987164 -1.63087421 0.34531803 3.98182326 -1.47960168 0.344205473 3.7289543 -1.36380444 0.343495008 3.46063866 -1.28981316 0.3432546 3.17766193 -1.55460909 -0.00143971521 3.17903887 -1.26367932 0.343543617 2.93738527 -1.57575228 -0.00073693829 2.8882369 -1.28917749 0.344392995 2.66976956 -1.63643616 0.000435744481 2.61637297 -1.35064261 0.345582501 3.17628518 -1.84553907 -0.346422696 2.98653394 -1.86232723 -0.345866933 2.72316629 -1.92223028 -0.34471101 2.412031 -1.95478686 -0.343746554 2.40931274 -1.66387626 0.00124488506 2.12673573 -1.93165407 -0.343418826 2.1772686 -1.64507971 0.00151174916 1.867806 -1.86394532 -0.343612033 1.96180147 -1.58858747 0.00134942961 1.63060138 -1.76770934 -0.344148232 1.75107476 -1.50293927 0.000871384853 1.40310447 -1.65678768 -0.344858131 1.53325236 -1.39667595 0.000191052741 1.1831755 -1.54561929 -0.345585863 1.31347659 -1.285585 -0.0005361674 2.4065943 -1.37296583 0.346236433 2.22780172 -1.35850553 0.346442384 2.05579703 -1.3132296 0.346310816 1.87154812 -1.23816932 0.34589104 1.66340027 -1.13656432 0.345240344 1.44377775 -1.02555082 0.344513658 1.5512995 -1.19340745 0.00173575736 1.75613653 -1.11889743 0.00183265117 1.39471658 -0.822582267 -0.0121445048 1.63937988 -0.733672945 -0.0120300665 1.97688181 -1.06694603 0.00152913411 1.91038119 -0.66995002 -0.0124032389 2.21663411 -1.04417907 0.000715630213 2.20697967 -0.641774451 -0.0134096525 2.47849366 -1.05722179 -0.000718148188 2.52676484 -0.65761761 -0.015159481 2.76512844 -0.693199485 -0.0168057274 2.70364491 -1.09098186 -0.00227540734 2.64216159 -1.48876442 0.0122549277 2.43022268 -1.45682604 0.0137230313 2.22628899 -1.44658371 0.014841033 2.04338249 -1.46394202 0.0154619342 1.87289419 -1.5041218 0.0156952872 1.70788259 -1.56423273 0.0156159886 1.35926966 -1.2838513 0.00134874631 1.54364795 -1.64166801 0.0152838238 1.1769481 -1.38360342 0.00078168428 1.37691109 -1.73294792 0.014764428 1.0012353 -1.48603817 0.000144502738 1.2046054 -1.83340999 0.0141394482 1.17489163 -0.926034775 -0.0125862706 0.976985187 -1.03425914 -0.01320112 0.797865339 -1.13866668 -0.0138504153 0.635085116 -1.23180928 -0.0144154451 0.829031415 -1.58453021 -0.000452604401 0.487254018 -1.30757795 -0.0148017299 0.657236616 -1.67245448 -0.000899698064 0.353579581 -1.36194409 -0.0149475232 0.482751432 -1.74318529 -0.00108663144 0.231893236 -1.39380627 -0.014826682 0.302476052 -1.79009721 -0.000903426977 0.115233835 -1.40405082 -0.0144188238 0.113311036 -1.80656492 -0.000239993767 -0.0743288458 -1.39519636 -0.0133892818 -0.094371486 -1.79721233 0.00088296229 1.02297759 -1.9372513 0.0135102337 0.827219273 -2.03733112 0.013002374 0.611923287 -2.12442625 0.0127742712 0.373058891 -2.18638813 0.0130198565 0.11138823 -2.20907889 0.0139388377 -0.114414159 -2.19922843 0.0151551804 1.5512995 -1.19340745 0.00173575736 1.75613653 -1.11889743 0.00183265117 1.55714862 -1.20600458 -0.40079278 1.76001029 -1.13220886 -0.400696805 1.97688181 -1.06694603 0.00152913411 1.97826188 -1.08084157 -0.400996636 2.21663411 -1.04417907 0.000715630213 2.21519406 -1.05834291 -0.401800704 2.47849366 -1.05722179 -0.000718148188 2.47417975 -1.07124684 -0.403218886 2.6986754 -1.10491645 -0.404771705 2.70364491 -1.09098186 -0.00227540734 2.70861402 -1.07704748 0.400220938 2.48280743 -1.0431969 0.401782576 2.21807425 -1.03001532 0.403232224 1.97550146 -1.05305043 0.404055134 1.75226362 -1.10558592 0.404362011 1.54545037 -1.18081045 0.404264249 1.35926966 -1.2838513 0.00134874631 1.35204165 -1.27189968 0.403874588 1.1769481 -1.38360342 0.00078168428 1.16894669 -1.37207195 0.403305079 1.0012353 -1.48603817 0.000144502738 0.993064988 -1.47460471 0.402667394 1.36649776 -1.29580314 -0.401177049 1.18494931 -1.39513506 -0.401741792 1.00940554 -1.49747189 -0.402378362 0.836734107 -1.5962294 -0.402977039 0.829031415 -1.58453021 -0.000452604401 0.663750531 -1.68475647 -0.403427104 0.657236616 -1.67245448 -0.000899698064 0.487240624 -1.75629905 -0.403616091 0.482751432 -1.74318529 -0.00108663144 0.304058668 -1.80395771 -0.403429837 0.302476052 -1.79009721 -0.000903426977 0.111296581 -1.82073402 -0.402753694 0.113311036 -1.80656492 -0.000239993767 -0.0972848771 -1.81135692 -0.401626146 -0.094371486 -1.79721233 0.00088296229 0.821328587 -1.57283142 0.402071858 0.650722617 -1.66015238 0.401627777 0.478262135 -1.73007132 0.401442834 0.300893386 -1.77623659 0.401623023 0.115325455 -1.79239558 0.402273749 -0.0914581196 -1.78306788 0.403392032</float_array>
        <technique_common><accessor source="#vfx_kurp_0257-mesh-positions-array" count="2716" stride="3"><param name="X" type="float"/><param name="Y" type="float"/><param name="Z" type="float"/></accessor></technique_common>
      </source>
      <source id="vfx_kurp_0257-mesh-normals">
        <float_array id="vfx_kurp_0257-mesh-normals-array" count="8148">0.00805428842 -0.165552867 -0.986168027 0.00801465315 -0.16557831 -0.986164078 0.0364524437 -0.162130916 -0.986095728 0.0363674712 -0.162208605 -0.986086089 0.0526410189 -0.159086944 -0.985860166 0.052334222 -0.159267207 -0.985847395 0.0516931968 -0.159673953 -0.98581542 0.0360397646 -0.162414463 -0.986064236 0.00791258487 -0.165623823 -0.986157259 -0.0144520672 -0.164899909 -0.98620442 -0.0144282605 -0.164889976 -0.986206429 -0.0339885828 -0.161849999 -0.986229869 -0.0340007887 -0.161849315 -0.98622956 -0.053287955 -0.156484779 -0.98624181 -0.0533586068 -0.156480149 -0.986238725 -0.0754441254 -0.147107506 -0.986239102 -0.0755618929 -0.147092294 -0.986232355 -0.0988878358 -0.132701322 -0.986210705 -0.0989216212 -0.132674751 -0.986210892 -0.111959155 -0.122344522 -0.986152608 -0.11187234 -0.12237016 -0.986159279 -0.1073166 -0.126186424 -0.986184635 -0.107331949 -0.12621769 -0.986178963 -0.0144198637 -0.164882759 -0.986207759 -0.0340090683 -0.161848897 -0.986229343 -0.0533948577 -0.156479516 -0.986236863 -0.0755857433 -0.147102967 -0.986228935 -0.0989705246 -0.132628673 -0.986212183 -0.111842066 -0.122370858 -0.986162626 -0.107406771 -0.126221751 -0.986170297 -0.089262853 -0.139258527 -0.986224724 -0.0894239575 -0.139188265 -0.986220048 -0.0659425709 -0.151592565 -0.98624098 -0.0658841511 -0.151600999 -0.986243588 -0.0891517827 -0.139310923 -0.98622737 -0.0659775394 -0.151586793 -0.986239529 -0.0424985867 -0.159801479 -0.986233926 -0.0424367665 -0.159801473 -0.986236589 -0.0193308598 -0.164360042 -0.986210979 -0.0195195678 -0.164416383 -0.98619787 0.0163800652 -0.164995919 -0.986158223 0.0166129705 -0.165100663 -0.986136796 0.0718772204 -0.150628881 -0.985973937 0.0716708757 -0.150713557 -0.985976019 0.122250573 -0.116230961 -0.985669905 0.122177141 -0.116242583 -0.985677639 0.153646531 -0.0736708515 -0.98537574 0.153635397 -0.0736187939 -0.985381367 0.168920207 -0.0314940595 -0.985126432 0.168919741 -0.031439273 -0.985128262 -0.0423301863 -0.159802529 -0.986240998 -0.0198555613 -0.16451379 -0.986174918 0.0161838661 -0.165435692 -0.986087782 0.0711751078 -0.150929434 -0.98597891 0.122359234 -0.115835844 -0.985702934 0.153748196 -0.0731549598 -0.985398317 0.168925655 -0.031244893 -0.985133433 0.172828102 0.0103288064 -0.984897844 0.172882549 0.0102625265 -0.984888981 0.165439731 0.05524345 -0.984671446 0.165823265 0.0547728241 -0.984633222 0.172807247 0.0103124287 -0.984901675 0.165352782 0.0552836614 -0.984683794 0.140598368 0.105060472 -0.984476712 0.140681749 0.105111776 -0.984459324 0.0897275825 0.151768119 -0.984335003 0.0895566818 0.151815487 -0.984343263 0.0181195899 0.175463375 -0.984319198 0.0183001665 0.175502413 -0.984308898 -0.0570220241 0.165566572 -0.984548729 -0.0571012128 0.165636296 -0.984532411 -0.123646289 0.120994876 -0.984922248 -0.123235688 0.1213058 -0.984935464 -0.160817285 0.0578285583 -0.985288617 -0.160755607 0.057833398 -0.985298398 -0.168955924 -6.54070211e-06 -0.985623607 -0.168945432 -4.09064204e-05 -0.985625405 0.141886375 0.104284302 -0.984374441 0.0897622423 0.151387758 -0.984390414 0.0178226333 0.175674978 -0.984286877 -0.0558365425 0.16681254 -0.984406348 -0.122287464 0.121653235 -0.985010795 -0.16101446 0.0558215869 -0.98537216 -0.168860037 -0.000567952061 -0.985639876 -0.15905109 -0.052520104 -0.9858724 -0.159902204 -0.0517553596 -0.985775161 -0.121540708 -0.113743607 -0.986047792 -0.137024708 -0.0952522234 -0.985977304 -0.158944296 -0.0524297311 -0.985894434 -0.121623065 -0.112844581 -0.986140928 -0.0917912397 -0.149746831 -0.984454293 -0.0937203233 -0.149068228 -0.98437552 -0.0982451048 0.184668917 0.977877953 -0.0982451048 0.184668917 0.977877953 -0.0982451018 0.184668903 0.977877956 0.0343441399 -0.98556832 0.165757551 0.0343572059 -0.985577454 0.165700526 0.197422998 -0.966125597 0.16620918 0.197499657 -0.966135869 0.166058325 0.288349593 -0.943120116 0.165465884 0.288709276 -0.943047848 0.16525045 0.289185203 -0.942899915 0.165262424 0.197838676 -0.966064856 0.166067912 0.0344857952 -0.985572555 0.165702955 -0.0948763465 -0.981636795 0.165492242 -0.0948665598 -0.981634887 0.165509166 -0.207710665 -0.964109965 0.165373078 -0.207704967 -0.964112006 0.165368337 -0.31933329 -0.933109984 0.16532395 -0.319323778 -0.93311883 0.165292389 -0.447246789 -0.878990249 0.165367624 -0.447304281 -0.878972324 0.165307391 -0.581932919 -0.796210611 0.165537732 -0.581756907 -0.796332261 0.165571226 -0.656426329 -0.735995497 0.165575068 -0.656410499 -0.735999424 0.165620362 -0.630386887 -0.7584092 0.165613583 -0.63048473 -0.758343759 0.165540776 -0.0949076037 -0.981630908 0.165509238 -0.20769351 -0.964114511 0.165368124 -0.31924855 -0.933144712 0.165291592 -0.447162422 -0.879044946 0.165305026 -0.581820195 -0.796285289 0.165574754 -0.656503202 -0.735916442 0.165621664 -0.630356279 -0.758450089 0.165542814 -0.526195486 -0.834107441 0.16547836 -0.526072616 -0.834194507 0.165430129 -0.391791736 -0.905078989 0.165321684 -0.391828858 -0.905059632 0.165339679 -0.526293951 -0.834044843 0.165480746 -0.391745835 -0.905098993 0.165320944 -0.256210908 -0.952378373 0.165322126 -0.256267018 -0.952355975 0.165364184 -0.125110367 -0.97825184 0.165441026 -0.124925704 -0.978303805 0.165273208 0.0834015046 -0.982599709 0.165957831 0.082796158 -0.982705979 0.16563138 0.402076684 -0.900234322 0.167070362 0.402353078 -0.900128083 0.166977349 0.693130345 -0.700837631 0.168513916 0.69320185 -0.700732015 0.168658941 0.873990609 -0.455187039 0.170132818 0.873972911 -0.455164301 0.170284494 0.96200946 -0.212307004 0.171649453 0.961989607 -0.212347005 0.171711227 -0.256358488 -0.952331495 0.165363384 -0.124580111 -0.978345997 0.165284321 0.0834602272 -0.982647469 0.16564523 0.402504095 -0.900061553 0.166972016 0.692985735 -0.700948742 0.168646471 0.873826289 -0.455448263 0.170277702 0.961961678 -0.212474522 0.171709952 0.984512853 0.0282620592 0.173019358 0.984521337 0.0282112995 0.17297936 0.941923499 0.28701652 0.17436066 0.941954524 0.287023011 0.17418228 0.98451617 0.0281538015 0.173018135 0.942067659 0.286540828 0.174364217 0.799934002 0.573790973 0.175697215 0.799975251 0.573839924 0.175349192 0.504574265 0.845111122 0.176612576 0.504955491 0.844898124 0.176542098 0.0943326716 0.979832324 0.176153241 0.0939604674 0.979865121 0.176169735 -0.339539661 0.924115492 0.175280847 -0.339563754 0.924171892 0.174936475 -0.724131857 0.667552828 0.173223196 -0.724562235 0.66708308 0.173233172 -0.938205861 0.301237177 0.170369965 -0.938167923 0.301136662 0.170756139 -0.985182599 -0.0312617987 0.168635542 -0.985158236 -0.0312918729 0.168772238 0.799547382 0.574427462 0.175376951 0.504862305 0.844958232 0.17652093 0.093975496 0.979860691 0.176186358 -0.340183234 0.923938557 0.174965457 -0.724497257 0.667162821 0.17319785 -0.937934321 0.301871231 0.170742408 -0.985166535 -0.0310180655 0.168774341 -0.928102515 -0.332631158 0.167278914 -0.928197959 -0.33250341 0.167003085 -0.713442417 -0.680779128 0.165950887 -0.714080227 -0.68043888 0.164597571 -0.928376746 -0.331861864 0.167285145 -0.716598861 -0.677432706 0.166045179 -0.524388318 -0.836953889 0.156604853 -0.520585095 -0.839829334 0.153876084 -0.516138123 -0.842512315 0.154189612 0.0948906956 0.981633978 -0.16550072 -0.0344207122 0.985570419 -0.165729187 0.0948761097 0.981636788 -0.165492418 -0.0344864392 0.985572526 -0.16570299 -0.197652798 0.966091631 -0.166133477 -0.197839325 0.966064733 -0.166067857 -0.289185294 0.942899894 -0.165262384 -0.288793452 0.943003518 -0.165356301 -0.288349555 0.943120147 -0.165465776 -0.197423152 0.966125555 -0.16620924 -0.0343444156 0.985568258 -0.165757864 0.0949069748 0.981630964 -0.165509267 0.207701899 0.964112261 -0.165370702 0.207692973 0.964114621 -0.165368154 0.319292832 0.933126585 -0.165308388 0.31924813 0.933144835 -0.165291708 0.447210697 0.879014153 -0.165338174 0.447161895 0.879045168 -0.165305271 0.581874731 0.796249306 -0.165556152 0.581819544 0.796285734 -0.165574901 0.656460633 0.735959985 -0.165596914 0.656502829 0.735916717 -0.165621921 0.207710282 0.964110034 -0.165373159 0.319332719 0.933110191 -0.165323882 0.447246296 0.878990509 -0.165367578 0.581932549 0.796210902 -0.165537635 0.65642568 0.73599612 -0.165574871 0.630386354 0.758409617 -0.165613702 0.630367079 0.75843363 -0.165577095 0.52629345 0.834045109 -0.165481 0.526179522 0.834122296 -0.165454239 0.391745535 0.90509906 -0.165321289 0.391788883 0.905078538 -0.165330916 0.256210308 0.952378505 -0.165322296 0.256287601 0.952353981 -0.165343766 0.630355812 0.758450449 -0.165542945 0.526072039 0.834194925 -0.165429853 0.391828477 0.905059816 -0.165339572 0.256358038 0.952331614 -0.165363397 0.124832069 0.97830131 -0.165358706 0.124579552 0.978346055 -0.165284399 -0.0834838891 0.98262098 -0.165790381 -0.0834606789 0.982647404 -0.16564539 -0.402303823 0.900142934 -0.167015963 -0.402504288 0.900061419 -0.166972271 -0.693034358 0.700914965 -0.168587043 -0.692985972 0.700948477 -0.168646597 -0.873894598 0.455341814 -0.170211818 -0.873826507 0.455447852 -0.170277685 0.12510991 0.978251864 -0.165441229 -0.0834018985 0.982599679 -0.165957809 -0.402076976 0.900234224 -0.16707019 -0.693130591 0.700837438 -0.168513705 -0.873990851 0.455186619 -0.170132697 -0.96200954 0.212306662 -0.171649426 -0.961983195 0.212399573 -0.171682132 -0.984516172 -0.0281541993 -0.173018057 -0.984518816 -0.0281903499 -0.172997124 -0.942067507 -0.286541405 -0.174364088 -0.94200136 -0.2868194 -0.174264368 -0.79993358 -0.573791556 -0.175697233 -0.799692804 -0.574182023 -0.175517589 -0.961961781 0.21247411 -0.171709885 -0.984521324 -0.0282117395 -0.172979366 -0.941954402 -0.287023463 -0.174182191 -0.799546992 -0.574428013 -0.175376926 -0.50470343 -0.845044623 -0.176561696 -0.504861796 -0.844958557 -0.176520831 -0.0941695113 -0.979844303 -0.176173903 -0.0939751964 -0.979860734 -0.176186279 0.339948647 -0.923999208 -0.175101061 0.340183538 -0.923938465 -0.174965352 0.724300842 -0.667373376 -0.173208165 0.724497503 -0.667162574 -0.173197771 0.938035722 -0.301647336 -0.170580972 0.937934405 -0.301870963 -0.170742416 -0.504573843 -0.845111394 -0.176612482 -0.0943321444 -0.979832416 -0.176153008 0.339539909 -0.924115382 -0.17528095 0.724132007 -0.667552625 -0.173223353 0.938205927 -0.30123691 -0.170370079 0.985182561 0.0312621985 -0.168635692 0.985174153 0.0311122515 -0.168712525 0.92837653 0.331862384 -0.167285318 0.928264233 0.332256578 -0.167125943 0.716598553 0.677432991 -0.166045344 0.714888508 0.679451584 -0.165166482 0.524387816 0.836954212 -0.156604808 0.519538689 0.840245655 -0.155134747 0.985166532 0.0310185904 -0.168774262 0.928197752 0.332503983 -0.167003096 0.714079827 0.680439264 -0.164597719 0.5161376 0.84251261 -0.154189753 0.0144530828 0.164879439 0.986207827 -0.00794776861 0.165552679 0.986168922 0.0144521231 0.164900239 0.986204364 -0.00791313258 0.165623916 0.986157239 -0.0361877683 0.162169672 0.986099104 -0.0360395597 0.162414728 0.9860642 -0.0516923551 0.159674476 0.985815379 -0.052192081 0.159185793 0.985868079 -0.052640607 0.159086419 0.985860273 -0.0364521958 0.162130385 0.986095825 -0.00805404263 0.165552919 0.98616802 0.014419755 0.164882856 0.986207744 0.0340028226 0.16184638 0.986229972 0.0340091816 0.161848986 0.986229325 0.0533818139 0.156454998 0.986241459 0.0533947579 0.156479371 0.986236892 0.0756355178 0.147021528 0.986237263 0.075586085 0.147103162 0.98622888 0.0988241298 0.132774102 0.986207295 0.0989705251 0.132628881 0.986212155 0.111840088 0.122430252 0.986155479 0.111842003 0.122371116 0.986162601 0.0339887741 0.161850119 0.986229843 0.0532881255 0.156484984 0.986241768 0.0754439874 0.147107724 0.98623908 0.0988876929 0.132701563 0.986210687 0.111959459 0.122344729 0.986152547 0.107316466 0.126186422 0.98618465 0.107245738 0.126336596 0.986173117 0.089151919 0.139311056 0.986227339 0.089294684 0.1392694 0.986220307 0.0659776253 0.151586996 0.986239492 0.0659410432 0.151584362 0.986242343 0.0424986714 0.159801482 0.986233922 0.0424512086 0.159777448 0.98623986 0.107407275 0.126221902 0.986170223 0.0894237515 0.139188418 0.986220045 0.0658841596 0.15160117 0.986243562 0.042330286 0.159802675 0.986240971 0.0196056658 0.16433054 0.98621047 0.0198555726 0.164513948 0.986174892 -0.015847065 0.164966621 0.986171833 -0.0161837285 0.165435839 0.98608776 -0.0717017992 0.150620609 0.985987974 -0.0711750062 0.150929567 0.985978896 -0.122423067 0.116096883 0.985664297 -0.122359231 0.11583583 0.985702936 -0.153804973 0.0734704799 0.985365982 -0.153748068 0.073154949 0.985398338 0.0193308895 0.164360071 0.986210973 -0.0163799459 0.164995981 0.986158214 -0.0718772141 0.150628853 0.985973942 -0.122250498 0.116231009 0.985669908 -0.153646362 0.0736708609 0.985375766 -0.168920029 0.0314940251 0.985126464 -0.168879355 0.0314794806 0.985133902 -0.172807045 -0.0103125728 0.984901709 -0.17284151 -0.0103989592 0.984894753 -0.165352541 -0.0552836025 0.984683838 -0.16545845 -0.0554587376 0.984656199 -0.140598117 -0.105060454 0.98447675 -0.140571378 -0.105516212 0.984431824 -0.16892556 0.0312448468 0.98513345 -0.172882554 -0.0102625047 0.98488898 -0.165823146 -0.0547728072 0.984633243 -0.141886177 -0.104284417 0.984374458 -0.0897858255 -0.151575878 0.984359314 -0.0897621397 -0.151387826 0.984390413 -0.0180735459 -0.175569837 0.984301061 -0.0178225514 -0.175674959 0.984286882 0.0565797564 -0.165633223 0.984563033 0.0558367178 -0.166812384 0.984406364 0.123515559 -0.120904751 0.984949718 0.122287621 -0.121653179 0.985010782 0.161138587 -0.0573377536 0.985264806 0.161014667 -0.0558215387 0.985372129 -0.0897273273 -0.151768107 0.984335029 -0.0181194397 -0.17546328 0.984319218 0.0570222366 -0.165566541 0.984548721 0.123646436 -0.120994778 0.984922242 0.160817452 -0.0578283224 0.985288604 0.168955994 6.5958378e-06 0.985623595 0.168880298 -0.000120785671 0.985636561 0.158944281 0.0524297955 0.985894433 0.159029473 0.0529224598 0.985854371 0.12162301 0.112844811 0.986140909 0.120741789 0.115472605 0.985944977 0.0917911666 0.149746994 0.984454275 0.0946016067 0.150490526 0.984074762 0.168860237 0.000568025224 0.985639842 0.159902218 0.0517555255 0.98577515 0.13702464 0.0952525049 0.985977286 0.0982447512 -0.184669078 -0.977877958 0.0982447481 -0.184669064 -0.977877961 0.0982447481 -0.184669064 -0.977877961 0.285799773 -0.957670867 0.0344238323 0.285804393 -0.95766959 0.0344210002 0.162175524 -0.986155073 0.0346016126 0.162173048 -0.986155511 0.034600725 0.0226064976 -0.999128903 0.0350767946 0.0225961064 -0.999129073 0.0350786444 -0.098866601 -0.99445981 0.0357082756 -0.0988542718 -0.994460864 0.0357130547 -0.147923871 -0.988342215 0.0360304625 -0.147951928 -0.988337772 0.0360371434 -0.147980129 -0.988333304 0.0360438976 -0.0988423962 -0.994461869 0.035717936 0.0225852958 -0.999129247 0.0350806403 0.162170853 -0.986155905 0.0345997817 0.285809244 -0.957668246 0.0344181157 0.384110139 -0.922644253 0.0344526186 0.384102597 -0.922647268 0.034455978 0.452907827 -0.890886399 0.0345821244 0.452901466 -0.890889529 0.0345848189 0.491470105 -0.87020299 0.0346971455 0.491466919 -0.870204735 0.0346985106 0.49966574 -0.865521916 0.0347269438 0.499667187 -0.865521099 0.0347264966 0.475790072 -0.878876074 0.0346504552 0.475798531 -0.878871608 0.0346475772 0.384095183 -0.922650228 0.0344593539 0.452895241 -0.890892589 0.0345875057 0.491463904 -0.870206386 0.0346997964 0.499668817 -0.86552018 0.0347259394 0.475807042 -0.878867116 0.0346446505 0.415736402 -0.908830479 0.034502234 0.415754828 -0.908822272 0.0344963811 0.314238643 -0.948720112 0.0344125701 0.314264588 -0.948711811 0.034404477 0.169855613 -0.984861958 0.0345831475 0.169873345 -0.984859123 0.0345767951 0.0210667671 -0.999162572 0.035076275 0.0210982832 -0.999161742 0.035080979 0.415718545 -0.908838429 0.0345079915 0.314214001 -0.94872799 0.034420368 0.169839215 -0.984864572 0.0345892426 0.0210351033 -0.999163406 0.0350715231 -0.0447151345 -0.998373055 0.0353807738 -0.0447789766 -0.998369704 0.0353945918 -0.0448433508 -0.99836632 0.0354085543 0.00942044485 -0.0331052358 -0.999407474 0.00942408302 -0.0331111463 -0.999407244 0.00327729754 -0.0345221115 -0.999398561 0.00328613358 -0.0345231803 -0.999398495 -0.0036589243 -0.0351690327 -0.99937468 -0.00364388222 -0.035164538 -0.999374893 -0.00966140407 -0.0349529062 -0.999342259 -0.00970614585 -0.0349362876 -0.999342407 -0.0121309811 -0.0346432138 -0.999326116 -0.0121046177 -0.0346332372 -0.999326782 -0.0120728338 -0.0346384889 -0.999326984 -0.00968394835 -0.0349397226 -0.999342502 -0.00363608644 -0.0351654091 -0.999374891 0.00328259668 -0.0345242133 -0.999398471 0.00941179483 -0.0331147155 -0.999407241 0.0142870953 -0.0313794486 -0.999405428 0.0142806203 -0.0313757437 -0.999405637 0.0177010297 -0.0298039575 -0.999399018 0.0176973361 -0.0298004651 -0.999399188 0.0196165536 -0.028775697 -0.999393391 0.0196152434 -0.0287735435 -0.999393479 0.0200273487 -0.0285392918 -0.999392022 0.0200270786 -0.0285407738 -0.999391985 0.0188513199 -0.0291952374 -0.99939595 0.0188498131 -0.0292030931 -0.999395749 0.0143003749 -0.0313663292 -0.99940565 0.0177119328 -0.0297924217 -0.999399169 0.019621838 -0.0287699669 -0.999393452 0.0200247548 -0.0285421793 -0.999391992 0.0188360074 -0.0292096684 -0.999395818 0.0158468414 -0.0306914242 -0.999403279 0.0158507916 -0.0307006017 -0.999402934 0.0108031328 -0.0326686556 -0.99940785 0.0108110883 -0.032679822 -0.999407399 0.00363806431 -0.0344575394 -0.999399541 0.00365202416 -0.0344657019 -0.999399209 -0.00366581414 -0.0351830666 -0.999374161 -0.00375444004 -0.0351734568 -0.99937417 0.0158860058 -0.0306722519 -0.999403246 0.0108652974 -0.0326446896 -0.99940796 0.00369164824 -0.0344429917 -0.999399846 -0.003690924 -0.0351799434 -0.999374179 -0.0070447905 -0.0351579735 -0.999356937 -0.00698571321 -0.0351310654 -0.999358298 -0.00691616877 -0.0351345559 -0.999358659 -0.262737713 0.71788104 -0.644682641 -0.26284125 0.717812813 -0.644716405 -0.367069272 0.670842002 -0.644384325 -0.367183018 0.670745005 -0.644420491 -0.447973829 0.620129936 -0.644017322 -0.44805636 0.620039598 -0.644046889 -0.501584632 0.578030405 -0.643656514 -0.501564696 0.578022926 -0.643678765 -0.520350375 0.561329268 -0.643540939 -0.520428038 0.561234639 -0.643560672 -0.520509323 0.561135062 -0.643581764 -0.501566608 0.577991057 -0.643705892 -0.448191981 0.61989899 -0.644087875 -0.367391962 0.670579012 -0.644474153 -0.263059769 0.717684555 -0.644770066 -0.137538846 0.751820523 -0.644863526 -0.137465499 0.751856954 -0.644836691 -0.000348915728 0.764456132 -0.644675655 -0.000525115715 0.764436777 -0.644698487 0.120624702 0.755269891 -0.644218187 0.120634579 0.755208678 -0.644288096 0.127559909 0.754215029 -0.644118125 0.12708948 0.754302982 -0.644108124 0.0103848411 0.764334656 -0.644736138 0.0106422927 0.764361405 -0.644700228 -0.137445392 0.751874653 -0.64482034 -0.000630577891 0.764425607 -0.644711636 0.120746949 0.75514155 -0.644345725 0.126766787 0.754392449 -0.644066934 0.0110581298 0.764405851 -0.644640529 -0.128070203 0.753497535 -0.644856176 -0.128181762 0.753429934 -0.644912995 -0.242206965 0.725028198 -0.644724668 -0.242583182 0.724821234 -0.644815926 -0.313194115 0.697465621 -0.644555005 -0.313404212 0.697323286 -0.644606883 -0.341768333 0.683974188 -0.644494931 -0.341821239 0.68393606 -0.644507336 -0.128070076 0.753528059 -0.644820533 -0.242023314 0.725144152 -0.644663226 -0.313054073 0.697565528 -0.64451492 -0.341721777 0.68400777 -0.644483977 -0.346624085 0.681521956 -0.64449947 -0.346624055 0.681522141 -0.64449929 -0.34662446 0.681521861 -0.644499369 0.21947121 -0.606241062 -0.764397908 0.219435909 -0.606177664 -0.764458319 0.305598361 -0.567417206 -0.764622362 0.305570255 -0.567341984 -0.764689409 0.372389366 -0.525553265 -0.764931321 0.372361979 -0.525492268 -0.764986558 0.416666842 -0.490793562 -0.765186528 0.41649682 -0.490878858 -0.765224376 0.432139405 -0.477014748 -0.765318538 0.432182797 -0.476918709 -0.765353889 0.432294259 -0.47681666 -0.765354523 0.416645077 -0.490748423 -0.765227329 0.372604539 -0.525309775 -0.76499379 0.305921425 -0.56713587 -0.764701894 0.219797863 -0.606025763 -0.76447477 0.116144203 -0.634226491 -0.764373784 0.116139717 -0.634273153 -0.764335747 0.00283442376 -0.644676483 -0.764450258 0.00300098773 -0.644628897 -0.764489751 -0.0969904924 -0.637131246 -0.764628419 -0.0974501369 -0.636919444 -0.764746424 -0.102785652 -0.636267695 -0.764590433 -0.101841433 -0.63644941 -0.764565544 -0.00594899654 -0.644553693 -0.764535902 -0.00614848156 -0.644638448 -0.764462862 0.116050168 -0.634289815 -0.764335521 0.00312603135 -0.644641018 -0.764479029 -0.0971033303 -0.636979856 -0.764740221 -0.10200094 -0.636460707 -0.764534876 -0.00664418459 -0.644637425 -0.764459577 0.10850751 -0.635617237 -0.764340794 0.108422762 -0.635535352 -0.764420906 0.202829608 -0.612120827 -0.764308997 0.202934993 -0.611901482 -0.764456647 0.261314251 -0.589365567 -0.764436453 0.26136136 -0.58923045 -0.764524503 0.284759087 -0.578240848 -0.764558555 0.284781085 -0.578201608 -0.764580038 0.108310415 -0.635655115 -0.764337248 0.202365677 -0.612254208 -0.764325138 0.261011515 -0.589487769 -0.764445655 0.284682986 -0.578277034 -0.764559527 0.288731797 -0.576213556 -0.764599167 0.288731825 -0.576213452 -0.764599235 0.288732022 -0.57621323 -0.764599329 -0.346338841 0.681493406 -0.64468298 -0.346433494 0.681412991 -0.644717124 -0.444328618 0.622366678 -0.644384821 -0.444429732 0.622256719 -0.644421282 -0.518619574 0.562383526 -0.644017474 -0.518690751 0.562283399 -0.644047579 -0.566836623 0.514200056 -0.643657164 -0.566816359 0.514194295 -0.643679612 -0.583480741 0.495382691 -0.643541929 -0.583546772 0.495279748 -0.643561292 -0.583615514 0.495172147 -0.643581756 -0.566814217 0.514163333 -0.64370623 -0.518808193 0.562127968 -0.644088664 -0.444617087 0.622066888 -0.644475316 -0.346635645 0.681258927 -0.64477128 -0.226071267 0.730097076 -0.64486436 -0.226002879 0.730142154 -0.644837293 -0.0913617389 0.758976404 -0.644676547 -0.0915343455 0.758936503 -0.644699037 0.0298452568 0.764258578 -0.644218974 0.0298622672 0.76419914 -0.644288692 0.0368562505 0.76403688 -0.644118982 0.0363788089 0.764068269 -0.644108891 -0.0806897571 0.760133891 -0.64473687 -0.0804374124 0.760191048 -0.644701011 -0.225985263 0.730162214 -0.644820751 -0.0916378962 0.758912986 -0.644712009 0.0299813311 0.764145871 -0.644346342 0.0360474557 0.764118677 -0.64406772 -0.0800298519 0.760284568 -0.644641449 -0.216870027 0.732889274 -0.644857119 -0.21697253 0.732808917 -0.644913958 -0.326805237 0.691033614 -0.644725431 -0.32715402 0.690783354 -0.644816722 -0.394005782 0.655215548 -0.644555684 -0.394197646 0.655048817 -0.644607837 -0.420770707 0.638417748 -0.644495765 -0.420818619 0.638373568 -0.644508245 -0.21687325 0.732919845 -0.644821288 -0.326637033 0.691170325 -0.644664122 -0.393878799 0.655331356 -0.644515559 -0.42072829 0.638457013 -0.64448456 -0.425299935 0.635405018 -0.644500139 -0.425300048 0.635404885 -0.644500195 -0.425300118 0.635404849 -0.644500185 0.290088789 -0.575799576 -0.764397372 0.290046329 -0.575740703 -0.764457827 0.37098096 -0.526997518 -0.764621961 0.370944267 -0.526925857 -0.764689147 0.432312739 -0.477478794 -0.764931171 0.43227815 -0.477421834 -0.76498627 0.472136687 -0.437695449 -0.765186018 0.471977924 -0.437800833 -0.765223673 0.485859187 -0.422172282 -0.765317853 0.48589092 -0.422071295 -0.765353405 0.485988597 -0.421957536 -0.765354115 0.472109735 -0.43765246 -0.765227236 0.432497049 -0.477212476 -0.764993173 0.371268996 -0.526679426 -0.764701324 0.290388233 -0.575546691 -0.764474121 0.190828652 -0.615888399 -0.764372884 0.190830119 -0.615935058 -0.76433492 0.0795690114 -0.639754508 -0.764449437 0.0797291571 -0.639687181 -0.764489092 -0.0204435125 -0.644147788 -0.764627812 -0.0209251156 -0.64399232 -0.76474573 -0.0263004468 -0.643980579 -0.764589629 -0.0253415199 -0.644048686 -0.764564646 0.0708335266 -0.640678325 -0.764535084 0.0706458268 -0.640786054 -0.764462164 0.190743048 -0.61596204 -0.76433491 0.0798547309 -0.639684309 -0.764478388 -0.0205739444 -0.644011059 -0.764739478 -0.0254983715 -0.644078666 -0.764534175 0.0701531991 -0.640844316 -0.764458691 0.183412714 -0.618178198 -0.764339906 0.183318595 -0.618107123 -0.764419961 0.274265778 -0.583619376 -0.764307992 0.274344474 -0.583388774 -0.764455785 0.329624847 -0.55406272 -0.764435715 0.329655828 -0.553922537 -0.764523942 0.351578923 -0.540225192 -0.764558044 0.35159603 -0.540183776 -0.76457944 0.183220918 -0.618239107 -0.764336642 0.273821133 -0.583806297 -0.764324666 0.329338933 -0.554219674 -0.764445171 0.351507564 -0.540270445 -0.764558878 0.355281974 -0.53773949 -0.764598561 0.355282246 -0.537739118 -0.764598697 0.355282057 -0.537739352 -0.76459862 -0.748005673 0.157703428 -0.644683753 -0.748002739 0.157579569 -0.644717443 -0.763416754 0.0442995029 -0.644385299 -0.763394796 0.044151826 -0.644421448 -0.763296035 -0.0511842925 -0.644018113 -0.76326308 -0.0513021803 -0.644047791 -0.756011893 -0.118958906 -0.64365736 -0.75599504 -0.118945919 -0.643679553 -0.75179607 -0.143724092 -0.643541805 -0.751757196 -0.143840066 -0.643561305 -0.751715551 -0.143962526 -0.643582567 -0.755969221 -0.118964165 -0.643706505 -0.76321578 -0.0514914649 -0.644088738 -0.763364665 0.0438865567 -0.644475258 -0.748009819 0.157325808 -0.6447712 -0.710426688 0.281857972 -0.64486433 -0.710418447 0.281939832 -0.644837624 -0.648426696 0.404889235 -0.644676297 -0.648503429 0.404729595 -0.644699355 -0.576516942 0.502603733 -0.644218677 -0.576459807 0.502579418 -0.64428877 -0.571946499 0.507925407 -0.644118765 -0.572270677 0.507572607 -0.644108936 -0.642633976 0.413926994 -0.644737168 -0.642520415 0.414159492 -0.64470104 -0.710422572 0.281966218 -0.644821542 -0.648549519 0.404634619 -0.644712607 -0.576343237 0.502639119 -0.644346482 -0.572517534 0.507346738 -0.644067513 -0.642337769 0.414535803 -0.644641186 -0.706829855 0.290776365 -0.644857086 -0.706831841 0.290644974 -0.64491414 -0.743184509 0.178900874 -0.644725727 -0.743208403 0.1784722 -0.644816984 -0.757437603 0.104096395 -0.64455583 -0.757428132 0.103842777 -0.644607867 -0.761142327 0.0727150991 -0.644495828 -0.761137915 0.0726499012 -0.644508391 -0.706855595 0.290792734 -0.64482149 -0.743185567 0.179117951 -0.644664233 -0.757448094 0.104267804 -0.644515794 -0.761146262 0.0727725781 -0.644484694 -0.761636726 0.0672976403 -0.644500213 -0.761636681 0.0672976098 -0.64450027 -0.761636697 0.0672978366 -0.644500228 0.630406282 -0.135219793 -0.764397493 0.63033376 -0.135215665 -0.764458027 0.643134261 -0.0416081127 -0.764622186 0.643055503 -0.0415919698 -0.764689302 0.643035677 0.0372180899 -0.764931325 0.642969581 0.0372270105 -0.764986449 0.637028868 0.0931882471 -0.765186364 0.63701147 0.0929982682 -0.76522396 0.633545931 0.113612057 -0.765318139 0.633487863 0.113699154 -0.765353271 0.633459198 0.113848803 -0.765354751 0.636978867 0.093193941 -0.765227294 0.642943846 0.0375293871 -0.764993305 0.643067429 -0.0411849145 -0.764701304 0.630397005 -0.13482851 -0.764474256 0.59937086 -0.237672096 -0.764373304 0.59940801 -0.237700468 -0.764335348 0.548174529 -0.339295271 -0.76444974 0.548222413 -0.339129011 -0.764489176 0.488866383 -0.419945179 -0.764627822 0.48844322 -0.420222754 -0.764745747 0.485062387 -0.424401907 -0.764589761 0.485716993 -0.423697508 -0.76456486 0.543414852 -0.346678679 -0.764535278 0.543380991 -0.346892478 -0.764462365 0.599374761 -0.237785511 -0.764334971 0.548298851 -0.339028962 -0.764478733 0.488677718 -0.419960985 -0.764739733 0.485641869 -0.4238387 -0.764534323 0.543117418 -0.34731238 -0.764459012 0.596502643 -0.244885017 -0.764340189 0.596388209 -0.244913752 -0.764420276 0.626571804 -0.15244839 -0.764308356 0.626441608 -0.152242869 -0.76445603 0.638274466 -0.0907935882 -0.764435891 0.638184784 -0.090681836 -0.764524026 0.64126733 -0.0650162188 -0.76455811 0.64124575 -0.0649767107 -0.764579568 0.596430024 -0.245072196 -0.764336866 0.626438873 -0.152912163 -0.764324675 0.638217417 -0.091115174 -0.764445259 0.641257617 -0.0651000443 -0.764559123 0.641653764 -0.0605730693 -0.764598817 0.641653743 -0.0605729709 -0.764598842 0.641653711 -0.0605726725 -0.764598893 -0.654451161 0.395066148 -0.644683191 -0.65448888 0.394948394 -0.644717048 -0.706321474 0.293049908 -0.644384767 -0.70634917 0.29290282 -0.644421281 -0.737628361 0.202843277 -0.644017862 -0.73763594 0.202721121 -0.644047644 -0.753052379 0.136446655 -0.64365707 -0.753032122 0.136453012 -0.643679422 -0.757220751 0.1116734 -0.643541596 -0.757222103 0.111550348 -0.643561347 -0.757223367 0.111422149 -0.643582068 -0.75301375 0.136427312 -0.643706362 -0.737653463 0.202527184 -0.644088587 -0.706407887 0.292642235 -0.644475306 -0.654578831 0.394711007 -0.644771103 -0.578109257 0.499939784 -0.644864248 -0.578074789 0.50001435 -0.644837335 -0.479077041 0.59571615 -0.644676242 -0.479201695 0.595591229 -0.644699018 -0.379017242 0.664325637 -0.644218425 -0.378971059 0.664283909 -0.644288619 -0.372950108 0.667847051 -0.644118416 -0.373372275 0.667620104 -0.644109106 -0.470632825 0.602344718 -0.644736834 -0.470448939 0.602526688 -0.644701005 -0.578070387 0.50004035 -0.644821119 -0.479276945 0.595516061 -0.644712518 -0.378841719 0.664301167 -0.644346888 -0.373679423 0.667487828 -0.644068077 -0.470151874 0.602822679 -0.644641011 -0.571778337 0.507177459 -0.644857006 -0.571823183 0.50705485 -0.644913658 -0.642922799 0.413496417 -0.644725513 -0.643086552 0.413099652 -0.644816536 -0.680997869 0.347548227 -0.644555764 -0.681072638 0.347305326 -0.644607688 -0.694822925 0.319133758 -0.644495731 -0.694840299 0.319071003 -0.644508072 -0.571797072 0.507201632 -0.64482138 -0.642852133 0.413701692 -0.644664289 -0.680951218 0.347713478 -0.644515924 -0.694807627 0.319189199 -0.644484769 -0.697072204 0.314181064 -0.644500273 -0.697072346 0.314181027 -0.644500137 -0.697072472 0.314181091 -0.64449997 0.550799394 -0.335136736 -0.764397407 0.550732255 -0.335108926 -0.764457972 0.593623393 -0.250926628 -0.764622191 0.593554356 -0.25088563 -0.764689236 0.619469902 -0.176457562 -0.764931219 0.61941044 -0.176427459 -0.764986313 0.632215548 -0.121628425 -0.76518627 0.632136604 -0.121802175 -0.765223853 0.635647342 -0.101196496 -0.765318056 0.635621238 -0.101095428 -0.765353093 0.635643136 -0.100944373 -0.765354844 0.632170074 -0.121606499 -0.765227324 0.619485343 -0.176134048 -0.764993272 0.593699408 -0.250504732 -0.764701505 0.550919726 -0.334763316 -0.764474315 0.487778827 -0.421670064 -0.764373059 0.487804597 -0.421709018 -0.764335123 0.405992598 -0.500786366 -0.764449492 0.406092841 -0.500644619 -0.764489091 0.323448019 -0.55742772 -0.764627828 0.322957334 -0.557550185 -0.764745939 0.318389572 -0.560383994 -0.764589994 0.319239414 -0.559934346 -0.764565056 0.399068939 -0.506191382 -0.764535327 0.398966386 -0.506382571 -0.764462239 0.487745122 -0.421778288 -0.764334856 0.406198136 -0.500575316 -0.764478533 0.323265285 -0.557380435 -0.764739568 0.319122256 -0.560043187 -0.764534246 0.39857904 -0.506692679 -0.764458814 0.482697075 -0.427537117 -0.764339943 0.482579392 -0.427526868 -0.764419981 0.541509525 -0.350143573 -0.764308127 0.541454372 -0.349906127 -0.764455928 0.572848881 -0.295773495 -0.76443587 0.572801007 -0.295638407 -0.764523995 0.584157684 -0.272416484 -0.764558081 0.584150291 -0.272372297 -0.764579472 0.482566676 -0.427690114 -0.764336686 0.541231049 -0.350537583 -0.76432477 0.572689276 -0.296058366 -0.764445183 0.584120866 -0.272492515 -0.764559117 0.585984657 -0.268347902 -0.76459884 0.585984643 -0.268348004 -0.764598814 0.585984744 -0.268348198 -0.764598669 -0.515271588 0.56469355 -0.644683167 -0.51534098 0.564591495 -0.644717083 -0.593984053 0.481613383 -0.644384586 -0.594052225 0.481480253 -0.644421228 -0.649624804 0.404015913 -0.644017668 -0.649666704 0.403900776 -0.644047619 -0.683273715 0.344735696 -0.643656997 -0.68325241 0.344735924 -0.643679491 -0.694307246 0.322167158 -0.643541585 -0.694343372 0.322049628 -0.643561434 -0.694380959 0.3219262 -0.643582633 -0.683242038 0.344705763 -0.643706653 -0.649738545 0.403719604 -0.64408874 -0.594182174 0.481247422 -0.644475339 -0.515494737 0.5643891 -0.644771371 -0.412284373 0.643561801 -0.644864175 -0.412230114 0.643623512 -0.644837273 -0.290125437 0.707262286 -0.644676112 -0.290280811 0.707177769 -0.644698886 -0.174698112 0.744622835 -0.644218444 -0.174666207 0.74456966 -0.644288551 -0.167881184 0.746275547 -0.644118558 -0.168350112 0.746178296 -0.644108835 -0.280146397 0.711219006 -0.644736784 -0.279918216 0.711341408 -0.644700856 -0.412218369 0.643647191 -0.644821146 -0.290374075 0.707127443 -0.644712087 -0.17453732 0.744549729 -0.644346511 -0.168682351 0.746138846 -0.644067611 -0.279549772 0.711540507 -0.64464101 -0.404158364 0.648703018 -0.644856892 -0.404235994 0.648598226 -0.64491364 -0.498983109 0.579089788 -0.644725426 -0.49925284 0.57875566 -0.644816631 -0.554222492 0.526673939 -0.644555654 -0.55436303 0.526462287 -0.644607703 -0.575549376 0.503357018 -0.644495639 -0.575583873 0.503301513 -0.644508179 -0.404169698 0.648731409 -0.644821227 -0.498857136 0.579266569 -0.644664099 -0.554130999 0.526818973 -0.644515791 -0.575519006 0.50340592 -0.644484564 -0.579113238 0.499246946 -0.644500074 -0.579113436 0.499246599 -0.644500164 -0.579113402 0.499246849 -0.644500001 0.432913671 -0.477789505 -0.76439711 0.432857148 -0.477743738 -0.764457723 0.49789403 -0.40921224 -0.764622049 0.497839718 -0.409152807 -0.764689215 0.543828735 -0.345153116 -0.76493113 0.543780144 -0.345107973 -0.76498604 0.571624083 -0.296203422 -0.765185887 0.571499081 -0.296347165 -0.7652236 0.5807187 -0.277586904 -0.765317778 0.58072245 -0.277480975 -0.765353346 0.580786308 -0.277343838 -0.765354598 0.57158663 -0.296168449 -0.7652274 0.543935447 -0.344847199 -0.764993228 0.498086656 -0.408829698 -0.764701223 0.433134503 -0.477465631 -0.764474377 0.347908469 -0.542856425 -0.764373338 0.347921822 -0.542901461 -0.764335273 0.247017807 -0.595482035 -0.764449704 0.247153759 -0.595375015 -0.764489118 0.151783761 -0.626343384 -0.764627789 0.151278475 -0.626321426 -0.764745902 0.14609442 -0.627740929 -0.76458992 0.14703682 -0.627551287 -0.764564945 0.238843572 -0.598698446 -0.7645351 0.238691014 -0.598852462 -0.764462117 0.347845465 -0.542951045 -0.764334806 0.247274442 -0.595338574 -0.764478472 0.15162208 -0.626246082 -0.764739557 0.1468934 -0.627622376 -0.76453416 0.238232385 -0.599039047 -0.764458992 0.341369411 -0.547038505 -0.764340107 0.34125968 -0.546995111 -0.764420159 0.41974328 -0.489539108 -0.76430821 0.419757431 -0.489296544 -0.764455748 0.465235935 -0.446311261 -0.764435598 0.465228367 -0.446168187 -0.764523718 0.482713521 -0.427128602 -0.764557921 0.482719131 -0.4270837 -0.764579462 0.341201017 -0.547148374 -0.764336655 0.419364546 -0.489838034 -0.76432459 0.465001851 -0.446538758 -0.764445168 0.482656691 -0.427190843 -0.764559025 0.485621271 -0.423746278 -0.764598635 0.485621221 -0.423746443 -0.764598575 0.485621178 -0.423746159 -0.76459876 -0.166797935 -0.746031231 0.644682752 -0.16690916 -0.745977211 0.644716475 -0.276377157 -0.713010834 0.644384372 -0.276502384 -0.712929425 0.644420722 -0.363207989 -0.673291731 0.644017237 -0.3633018 -0.673212516 0.644047134 -0.421854382 -0.63854892 0.643656863 -0.421835867 -0.638538773 0.643679063 -0.442639515 -0.624439481 0.643541448 -0.442728946 -0.624356034 0.643560893 -0.442823409 -0.624267026 0.643582247 -0.421842041 -0.638507511 0.643706028 -0.363454113 -0.673091162 0.644088033 -0.27673126 -0.712791816 0.644474698 -0.167143064 -0.745878203 0.644770426 -0.0382403348 -0.763340556 0.644863453 -0.0381631627 -0.763366987 0.644836736 0.0994247261 -0.757963121 0.644675602 0.09924734 -0.75796687 0.644698526 0.218165052 -0.733066866 0.644218115 0.218166602 -0.733004911 0.644288083 0.224902859 -0.731115939 0.644118148 0.224447897 -0.73126451 0.644108189 0.110050603 -0.75644175 0.644736182 0.110309441 -0.756434673 0.64470025 -0.0381412063 -0.763381764 0.644820542 0.0991412488 -0.757969562 0.644711684 0.218268988 -0.73292365 0.644345848 0.224139894 -0.73139532 0.644066917 0.110727911 -0.756424512 0.644640432 -0.0286341549 -0.763767302 0.644856258 -0.02875363 -0.763714827 0.644913088 -0.145510405 -0.750437573 0.644724881 -0.145910376 -0.750281561 0.644816052 -0.2194877 -0.732375508 0.644555091 -0.219714619 -0.732261747 0.644607027 -0.249578343 -0.722728684 0.644495074 -0.249635924 -0.722697666 0.644507555 -0.0286298716 -0.763797633 0.644820523 -0.145313346 -0.750528512 0.644663465 -0.21933609 -0.732456135 0.644515082 -0.249527609 -0.722756058 0.64448402 -0.254712511 -0.720931198 0.644499608 -0.254712724 -0.720931181 0.644499543 -0.25471315 -0.720930989 0.64449959 0.138472924 0.629699193 0.764397918 0.13844683 0.629631359 0.764458519 0.228930207 0.602447658 0.764622639 0.228912106 0.602369502 0.76468963 0.300613508 0.569658827 0.764931591 0.30059397 0.569595314 0.764986564 0.349049016 0.540975581 0.765186385 0.348868838 0.541038705 0.765223923 0.366188058 0.52933403 0.765318098 0.366243301 0.529244939 0.765353277 0.366367416 0.529156318 0.765355151 0.349033604 0.540927102 0.765227687 0.300858331 0.569446465 0.764993456 0.229287438 0.602211703 0.764701469 0.138824926 0.629528737 0.764474466 0.0323778908 0.643959991 0.764373732 0.0323674103 0.64400554 0.7643358 -0.0813275669 0.639532454 0.764450173 -0.0811567376 0.639507172 0.764489477 -0.179314103 0.619023674 0.764628108 -0.179741906 0.61875374 0.764746138 -0.184946438 0.617411282 0.764590168 -0.184033893 0.61771465 0.764565326 -0.0900195723 0.638264541 0.76453571 -0.0902282201 0.638322499 0.764462724 0.032275652 0.644010876 0.764335184 -0.0810335701 0.639535266 0.764479041 -0.17940599 0.618858623 0.764740149 -0.184193568 0.617704921 0.764534735 -0.0907198657 0.638256789 0.764459402 0.0246245127 0.644342446 0.76434053 0.0245510769 0.644250162 0.764420679 0.121206272 0.633357126 0.764308701 0.121339292 0.633153415 0.764456362 0.182160556 0.61842931 0.76443621 0.182224919 0.618301453 0.764524292 0.20685684 0.610459503 0.764558332 0.2068838 0.610423487 0.764579793 0.0244240081 0.644354093 0.764337145 0.120728827 0.633428608 0.764325029 0.181844311 0.61851073 0.764445631 0.206776699 0.610485196 0.764559495 0.211060076 0.608967838 0.764599122 0.211059945 0.608967942 0.764599075 0.211060044 0.608967949 0.764599042 -0.166798294 0.746030791 -0.644683169 -0.166909773 0.745976507 -0.644717131 -0.276377538 0.71301022 -0.644384887 -0.276502567 0.712928923 -0.644421198 -0.363208127 0.673291315 -0.644017594 -0.36330172 0.673212144 -0.644047568 -0.421854557 0.638548609 -0.643657057 -0.421836151 0.638538143 -0.643679502 -0.442639483 0.624439194 -0.643541748 -0.442729113 0.624355502 -0.643561294 -0.442823227 0.62426696 -0.643582436 -0.421841986 0.638507164 -0.643706408 -0.363454323 0.673090406 -0.644088705 -0.276731375 0.712791346 -0.644475168 -0.167143146 0.74587769 -0.644770998 -0.0382411445 0.763339716 -0.644864399 -0.0381632161 0.763366507 -0.644837302 0.0994244276 0.757962542 -0.644676328 0.0992478814 0.757966479 -0.644698902 0.218165425 0.733066407 -0.644218512 0.218166491 0.733004459 -0.644288635 0.22490236 0.73111546 -0.644118866 0.224447393 0.73126411 -0.644108818 0.110050735 0.75644122 -0.644736781 0.110309621 0.75643418 -0.644700798 -0.0381411401 0.763381405 -0.64482097 0.0991416129 0.757969097 -0.644712175 0.218268742 0.732923286 -0.644346345 0.224139346 0.731394998 -0.644067473 0.110727693 0.75642385 -0.644641247 -0.028634313 0.763766722 -0.644856938 -0.0287537252 0.763714217 -0.644913806 -0.145510754 0.750436951 -0.644725526 -0.145910763 0.750280988 -0.644816631 -0.219487807 0.732374944 -0.644555694 -0.219714673 0.732261223 -0.644607604 -0.249578417 0.722728188 -0.644495601 -0.249635901 0.722697225 -0.644508059 -0.0286298019 0.763797094 -0.644821164 -0.145313618 0.750527885 -0.644664134 -0.219336324 0.732455479 -0.644515747 -0.249527684 0.722755601 -0.644484504 -0.25471262 0.720930735 -0.644500083 -0.25471306 0.720930552 -0.644500113 -0.254713242 0.720930585 -0.644500004 0.138472598 -0.629699897 -0.764397396 0.138446445 -0.62963217 -0.764457921 0.228930211 -0.60244846 -0.764622006 0.22891202 -0.602370332 -0.764689002 0.300613713 -0.569659562 -0.764930964 0.300594289 -0.569595889 -0.764986011 0.349048803 -0.540976379 -0.765185919 0.348868876 -0.541039139 -0.7652236 0.366187429 -0.529334944 -0.765317767 0.36624288 -0.529245488 -0.765353099 0.366366925 -0.529157964 -0.765354248 0.349032954 -0.540928589 -0.765226933 0.300858561 -0.569446673 -0.764993211 0.229287877 -0.602211777 -0.764701278 0.138825122 -0.629529367 -0.764473912 0.0323772887 -0.643961065 -0.764372853 0.0323673389 -0.644006396 -0.764335082 -0.0813276673 -0.639533035 -0.764449676 -0.0811558129 -0.639507411 -0.764489376 -0.1793138 -0.619023768 -0.764628103 -0.179741857 -0.618753828 -0.764746079 -0.184946373 -0.617411597 -0.764589929 -0.184034342 -0.617715078 -0.764564872 -0.0900196554 -0.638265211 -0.764535141 -0.0902283613 -0.638323154 -0.76446216 0.0322756746 -0.644011509 -0.76433465 -0.0810330106 -0.639536123 -0.764478383 -0.179406052 -0.618859198 -0.764739669 -0.184193736 -0.617705243 -0.764534434 -0.0907196055 -0.638257204 -0.764459087 0.0246244111 -0.644342863 -0.764340181 0.0245509663 -0.644250559 -0.764420348 0.121205915 -0.633357535 -0.764308419 0.121339207 -0.63315373 -0.764456115 0.182160299 -0.618429701 -0.764435955 0.18222459 -0.618301936 -0.764523979 0.206856873 -0.610459818 -0.764558072 0.206883622 -0.610424021 -0.764579414 0.0244238653 -0.644354665 -0.764336667 0.120728924 -0.633429138 -0.764324573 0.181844101 -0.618511554 -0.764445015 0.206776464 -0.610485997 -0.764558919 0.211059847 -0.608968474 -0.764598678 0.211059993 -0.608968325 -0.764598756 0.211059859 -0.60896855 -0.764598615 -0.235874991 -0.72714993 0.644682843 -0.235980829 -0.727085589 0.644716678 -0.341883361 -0.684020714 0.644384536 -0.342000363 -0.683928063 0.644420791 -0.424616257 -0.636351005 0.644017417 -0.424701967 -0.636263618 0.644047241 -0.479754416 -0.59627323 0.64365669 -0.479735083 -0.59626444 0.643679244 -0.499127928 -0.580280822 0.643541358 -0.499209574 -0.580188574 0.643561201 -0.499294581 -0.580092255 0.643582083 -0.479737924 -0.596233001 0.643706248 -0.424842642 -0.636127942 0.644088481 -0.342215196 -0.683769792 0.644474694 -0.236204498 -0.726965133 0.644770603 -0.10950125 -0.756412861 0.644863598 -0.10942651 -0.756446602 0.644836706 0.0280633855 -0.763940901 0.64467569 0.0278865541 -0.763928148 0.644698475 0.148612621 -0.750264771 0.644218179 0.148619845 -0.750203314 0.644288079 0.155502957 -0.748952941 0.644118252 0.155036058 -0.749058308 0.644108277 0.0387850143 -0.76342049 0.644736285 0.0390434397 -0.763437724 0.644700281 -0.109405773 -0.756463421 0.644820494 0.0277807845 -0.763920976 0.644711541 0.148729188 -0.750132013 0.644345863 0.1547172 -0.749159746 0.644066971 0.039460976 -0.76346673 0.644640507 -0.0999768388 -0.757736718 0.644856339 -0.100090956 -0.757673279 0.644913175 -0.215093006 -0.733528967 0.644724944 -0.215476657 -0.733336244 0.64481607 -0.287055198 -0.708624021 0.644555126 -0.287270446 -0.708489542 0.644607059 -0.316111338 -0.696203727 0.644495146 -0.316165802 -0.696167459 0.644507606 -0.099975397 -0.757767262 0.64482067 -0.214905334 -0.733637904 0.644663573 -0.286911832 -0.708718404 0.644515185 -0.316063384 -0.696235719 0.644484104 -0.321054937 -0.693933668 0.644499645 -0.321055159 -0.693933604 0.644499603 -0.321055327 -0.693933594 0.64449953 0.196787971 0.613979355 0.764397702 0.196755336 0.613914488 0.7644582 0.284298764 0.578382899 0.764622413 0.284273663 0.578306458 0.764689561 0.352600044 0.539029716 0.764931483 0.352574787 0.538968036 0.764986586 0.398138219 0.505940383 0.765186439 0.397964994 0.506019581 0.765224181 0.414112452 0.492746099 0.765318338 0.414159529 0.492651407 0.765353824 0.414274543 0.492553871 0.765354354 0.398118226 0.505894332 0.765227288 0.352823547 0.538795304 0.764993572 0.284633053 0.578113313 0.764701918 0.197123041 0.613776104 0.764474591 0.0924925504 0.638105233 0.764373495 0.0924866055 0.638151507 0.764335582 -0.021127532 0.644336655 0.764450066 -0.0209594087 0.644295338 0.764489517 -0.120602888 0.63308658 0.764628227 -0.121054241 0.632857886 0.76474621 -0.126361757 0.632008307 0.764590221 -0.125424944 0.632224965 0.764565352 -0.0299001728 0.64388753 0.764535695 -0.0301024842 0.643964749 0.764462715 0.0923966504 0.638164774 0.764335385 -0.0208343941 0.644311668 0.764479171 -0.120710202 0.632930862 0.764740198 -0.125584648 0.632230129 0.764534866 -0.0305980682 0.643945277 0.764459442 0.0848094663 0.639211098 0.764340583 0.0847279264 0.639126003 0.764420781 0.179939463 0.619236404 0.764308881 0.180053034 0.619021016 0.764456595 0.239229615 0.598670379 0.764436373 0.239281561 0.598537199 0.764524398 0.263071961 0.588424594 0.764558461 0.263095426 0.588386252 0.764579895 0.0846111268 0.639241362 0.764337255 0.17947121 0.6193524 0.764324989 0.238922569 0.598781401 0.764445446 0.262994342 0.588458121 0.764559361 0.267116901 0.586546493 0.764599093 0.267117095 0.586546312 0.764599164 0.267117281 0.586546224 0.764599167 -0.340545848 -0.684406701 0.644682863 -0.340641025 -0.684327374 0.644716788 -0.439033424 -0.626113385 0.644384731 -0.439135738 -0.626004265 0.64442103 -0.513830571 -0.56676216 0.6440177 -0.513902544 -0.566663196 0.644047357 -0.562454181 -0.518990312 0.643657012 -0.562433862 -0.518984761 0.643679243 -0.579256674 -0.500315712 0.64354168 -0.579324043 -0.500212521 0.643561254 -0.579394657 -0.500103499 0.643582413 -0.562432397 -0.518953003 0.643706129 -0.514021533 -0.566508794 0.644088231 -0.439324714 -0.62581634 0.644474751 -0.340844448 -0.684175194 0.644770786 -0.219870124 -0.731988967 0.644863769 -0.219801236 -0.732033325 0.6448369 -0.0849208162 -0.759724679 0.644675785 -0.085093556 -0.759685954 0.644698641 0.0363270567 -0.763978658 0.644218095 0.0363434188 -0.763918782 0.644288174 0.0433356148 -0.763697445 0.644118185 0.0428580795 -0.763732687 0.644108351 -0.0742395906 -0.760791375 0.644736354 -0.0739864445 -0.7608466 0.644700285 -0.219783711 -0.732052768 0.644820801 -0.0851971301 -0.759663105 0.644711886 0.0364621139 -0.763864236 0.644346136 0.0425279288 -0.763785967 0.644067056 -0.0735778055 -0.760936832 0.644640554 -0.210645268 -0.73470317 0.644856436 -0.210749002 -0.734623454 0.644913358 -0.320932053 -0.693781114 0.644725045 -0.321282856 -0.69353399 0.6448162 -0.388434003 -0.658534374 0.644555276 -0.388627166 -0.658369501 0.644607265 -0.415340369 -0.641964281 0.644495338 -0.415388749 -0.641920506 0.644507759 -0.210648403 -0.734733628 0.644820708 -0.3207625 -0.69391662 0.644663589 -0.388306009 -0.658649041 0.644515233 -0.415297569 -0.642003101 0.644484249 -0.419894891 -0.638989954 0.644499899 -0.419894966 -0.638990026 0.644499778 -0.419895052 -0.638990102 0.644499647 0.285194638 0.578238651 0.764397855 0.285152971 0.578179134 0.764458417 0.366497782 0.530124232 0.76462257 0.366461502 0.530052638 0.764689589 0.428247357 0.481127855 0.764931492 0.428213171 0.481070827 0.764986496 0.468407306 0.441683678 0.765186334 0.468247719 0.441787397 0.76522413 0.482260564 0.426277689 0.765318287 0.48229323 0.426176848 0.765353862 0.482393012 0.426062472 0.765354658 0.468380992 0.441640483 0.765227371 0.428434087 0.480862863 0.764993556 0.36678834 0.529809177 0.764701608 0.285495812 0.57798873 0.76447444 0.185598483 0.61748378 0.76437359 0.185599466 0.617530371 0.764335711 0.0741401 0.640405454 0.764450195 0.0743003325 0.640339769 0.764489661 -0.0259067923 0.643950548 0.764628361 -0.0263869019 0.643790911 0.764746359 -0.0317616709 0.643733554 0.764590287 -0.030803321 0.643809713 0.764565372 0.0653970431 0.641255347 0.764535681 0.0652083059 0.641361528 0.764462731 0.185511717 0.617557311 0.764335247 0.0744262035 0.640338012 0.764478888 -0.0260356655 0.643812587 0.76474015 -0.0309605745 0.643838478 0.764534798 0.0647152111 0.641415535 0.764459321 0.178162555 0.619711084 0.76434042 0.178069132 0.619639104 0.764420542 0.269305783 0.585923803 0.764308637 0.26938633 0.585694031 0.764456348 0.324913951 0.556837721 0.764436182 0.324945807 0.556698199 0.764524256 0.346984205 0.543187394 0.764558314 0.347001808 0.543145909 0.764579798 0.177970646 0.61977017 0.76433722 0.268859534 0.586107314 0.76432504 0.324626408 0.55699255 0.764445547 0.346912529 0.543231605 0.764559429 0.350708114 0.540732883 0.76459909 0.350707996 0.54073305 0.764599026 0.350708355 0.540732627 0.76459916 -0.455392008 -0.614004937 0.644682912 -0.455471761 -0.613910271 0.644716724 -0.542118531 -0.539329204 0.644384597 -0.542199866 -0.539204121 0.644420842 -0.605336484 -0.467770676 0.644017342 -0.605389964 -0.46766022 0.644047289 -0.644820004 -0.412205035 0.643656874 -0.644798896 -0.412202962 0.643679347 -0.65808415 -0.390870226 0.643541543 -0.658131952 -0.390757464 0.643561138 -0.658181698 -0.390639518 0.643581867 -0.644791578 -0.412172488 0.643706192 -0.605480119 -0.467486703 0.644088509 -0.542353069 -0.538985474 0.644474831 -0.455645365 -0.613724749 0.644770683 -0.344942357 -0.682030479 0.644863703 -0.344882343 -0.68208617 0.644836899 -0.216956075 -0.73302329 0.644675824 -0.217119786 -0.732954692 0.644698703 -0.0983373226 -0.758493585 0.644218327 -0.0983109389 -0.758437484 0.6442884 -0.0913884353 -0.759446829 0.64411852 -0.0918647123 -0.759397785 0.644108592 -0.206628283 -0.735948064 0.644736535 -0.206388718 -0.736046839 0.64470051 -0.344868109 -0.682108684 0.644820696 -0.217217676 -0.732914157 0.644711811 -0.098184693 -0.758404732 0.644346203 -0.092199271 -0.759392269 0.644067291 -0.206002182 -0.736207467 0.644640727 -0.336336886 -0.686321737 0.644856552 -0.336425005 -0.686225019 0.644913514 -0.437728364 -0.626676445 0.644725146 -0.438030413 -0.626371471 0.644816359 -0.497995532 -0.58012832 0.644555337 -0.498156602 -0.579932294 0.644607271 -0.52157555 -0.559092798 0.644495297 -0.521615492 -0.559041194 0.644507736 -0.336345321 -0.686351174 0.644820821 -0.437585138 -0.626839739 0.644663625 -0.497889667 -0.580263656 0.644515298 -0.521540323 -0.559138388 0.644484254 -0.525537277 -0.555365256 0.644499808 -0.525537404 -0.555365217 0.644499738 -0.525537484 -0.55536524 0.644499653 0.382264393 0.519201312 0.764397757 0.382212887 0.519150099 0.764458294 0.453859817 0.457562902 0.764622428 0.453811553 0.457498663 0.764689511 0.506050264 0.398488302 0.764931502 0.506006678 0.398437845 0.764986618 0.538662948 0.352607237 0.76518649 0.538524009 0.35273762 0.765224191 0.549597095 0.335008709 0.765318364 0.549611484 0.33490422 0.765353761 0.549689149 0.334773553 0.765355152 0.538629327 0.352568962 0.765227792 0.506187787 0.398194187 0.764993669 0.454090359 0.457201584 0.764701679 0.382516893 0.518902226 0.76447453 0.291103211 0.575318945 0.764373621 0.291112149 0.575364856 0.764335659 0.185398327 0.617449234 0.764450067 0.185544624 0.61735637 0.764489572 0.0875273902 0.638500293 0.764628231 0.0870267687 0.638427393 0.764746236 0.0817252143 0.639314318 0.764590212 0.0826821763 0.639221097 0.764565267 0.176940416 0.619820385 0.764535662 0.176773218 0.619958111 0.764462668 0.291030764 0.575406736 0.764335124 0.185668582 0.617332269 0.764478939 0.0873762294 0.638387079 0.764740042 0.0825323859 0.639276991 0.764534717 0.176297366 0.620097585 0.764459433 0.284173596 0.578816778 0.764340568 0.284068795 0.578762485 0.764420634 0.367971201 0.529555828 0.764308721 0.368010129 0.529315534 0.764456415 0.417610395 0.491160575 0.764436294 0.417617304 0.491017558 0.764524391 0.436942014 0.473848115 0.764558461 0.436952023 0.47380427 0.764579913 0.283995117 0.578908926 0.764337117 0.367564026 0.52981496 0.764325059 0.417354512 0.491363535 0.764445608 0.436879172 0.473904376 0.764559502 0.44017729 0.470778145 0.764599171 0.440177267 0.470778193 0.764599154 0.44017743 0.470777951 0.764599209 -0.556097539 -0.524537493 0.644682825 -0.556159402 -0.524430196 0.644716751 -0.628369637 -0.435798388 0.644384485 -0.62842775 -0.435660687 0.644420926 -0.678045441 -0.354254025 0.644017441 -0.678078749 -0.354135663 0.644047469 -0.707162602 -0.292620218 0.643657101 -0.7071415 -0.292622209 0.643679378 -0.716475863 -0.269288737 0.643541695 -0.716503169 -0.269169776 0.643561062 -0.716531507 -0.269044436 0.643581922 -0.707128981 -0.292593689 0.643706095 -0.678136983 -0.353949469 0.644088508 -0.628540127 -0.435418509 0.644475004 -0.556297722 -0.52421692 0.644770862 -0.459302975 -0.61089395 0.64486383 -0.459253511 -0.610959609 0.644836855 -0.342254514 -0.683560562 0.644675736 -0.342403434 -0.683464509 0.644698498 -0.229948389 -0.729456465 0.644218134 -0.229912546 -0.729405861 0.644288221 -0.223274521 -0.731614768 0.64411825 -0.223734633 -0.731482875 0.64410839 -0.332600311 -0.688252975 0.644736284 -0.332381884 -0.68839211 0.644700385 -0.459243549 -0.610984287 0.644820567 -0.342492924 -0.6834072 0.644711715 -0.229782361 -0.729395788 0.644346065 -0.224062976 -0.731418693 0.644067139 -0.332029533 -0.688618024 0.64464068 -0.451584451 -0.616629266 0.644856443 -0.451654109 -0.61651871 0.644913363 -0.540932195 -0.540112918 0.644725055 -0.54117609 -0.539759601 0.644816262 -0.592093095 -0.483708827 0.644555302 -0.592217336 -0.483487418 0.644607278 -0.611614701 -0.458860827 0.644495306 -0.611644973 -0.458802978 0.644507762 -0.45159791 -0.616656758 0.644820727 -0.540819899 -0.54029866 0.644663629 -0.592012627 -0.483860603 0.644515296 -0.611588004 -0.458911952 0.644484238 -0.614860658 -0.454495739 0.644499802 -0.614860782 -0.45449564 0.644499753 -0.614860895 -0.454495557 0.644499704 0.467464661 0.444041467 0.76439778 0.467405002 0.443999962 0.764458369 0.52712913 0.370792736 0.764622539 0.527070341 0.370738194 0.764689511 0.568140133 0.30347463 0.764931329 0.568088325 0.303432907 0.764986356 0.59219318 0.252581076 0.765186276 0.592079281 0.252733602 0.765224053 0.599868386 0.233336591 0.765318205 0.599864212 0.23323125 0.765353586 0.599917807 0.233089359 0.765354803 0.592153285 0.25254961 0.765227536 0.56822372 0.303160785 0.764993688 0.527292636 0.37039701 0.764701596 0.467661008 0.443702534 0.764474488 0.387569269 0.515289272 0.764373618 0.387586125 0.515332924 0.764335642 0.29090048 0.57531981 0.764450147 0.291028295 0.575202611 0.764489691 0.198243974 0.613223319 0.764628333 0.197738333 0.613239414 0.764746346 0.192675164 0.615043052 0.764590299 0.193600793 0.614783394 0.764565309 0.282990199 0.57913882 0.76453566 0.282849771 0.57930371 0.764462699 0.387513349 0.515388208 0.764335266 0.29114599 0.575157212 0.764479035 0.198075291 0.613138299 0.764740221 0.193463074 0.614864611 0.764534858 0.282405813 0.579524533 0.764459465 0.38136106 0.519949266 0.764340568 0.381248489 0.519914009 0.764420704 0.455210915 0.456744069 0.764308759 0.455207072 0.456500648 0.764456461 0.497340001 0.410231758 0.764436282 0.497321675 0.41008981 0.764524362 0.513332688 0.38979478 0.764558422 0.513334822 0.389749928 0.764579855 0.381201432 0.520071301 0.764337171 0.454855642 0.457070621 0.764325056 0.497123834 0.410476498 0.764445511 0.513280669 0.389861393 0.764559383 0.515978828 0.3862047 0.764599097 0.515978864 0.386204579 0.764599134 0.515978939 0.386204511 0.764599117 -0.719913097 -0.25711674 0.644682956 -0.719926765 -0.256993758 0.644716729 -0.750473542 -0.146826446 0.644384557 -0.750471548 -0.146677014 0.64442091 -0.763227907 -0.0521980922 0.644017485 -0.763210968 -0.0520764565 0.644047405 -0.765148078 0.0159400306 0.643657 -0.765129531 0.0159297951 0.643679301 -0.764309692 0.0410476122 0.643541598 -0.764286791 0.0411679923 0.643561106 -0.764262292 0.0412945323 0.643582094 -0.765106502 0.0159512841 0.643706141 -0.763189582 -0.0518826544 0.644088388 -0.750477313 -0.146409955 0.644474924 -0.719967881 -0.256743056 0.644770699 -0.665937174 -0.375071272 0.644863723 -0.665918279 -0.375150891 0.64483692 -0.587915044 -0.488619471 0.644675821 -0.588012793 -0.488471713 0.644698644 -0.50348709 -0.575746198 0.644218182 -0.503433859 -0.575714368 0.644288224 -0.498241334 -0.580402686 0.644118231 -0.498609879 -0.580097009 0.644108414 -0.58095722 -0.496793452 0.644736361 -0.580813055 -0.497008622 0.644700414 -0.665919046 -0.375177423 0.644820692 -0.588071657 -0.488383407 0.644711853 -0.503310573 -0.575757359 0.644346126 -0.498884788 -0.579906389 0.644067192 -0.580581008 -0.497357122 0.644640664 -0.661170981 -0.383422804 0.644856486 -0.661190429 -0.38329352 0.644913401 -0.712277769 -0.277470571 0.644725106 -0.712359275 -0.277049105 0.644816297 -0.736486447 -0.20527088 0.644555335 -0.736511336 -0.20501821 0.644607312 -0.744388475 -0.174675574 0.644495339 -0.744392973 -0.174610457 0.644507788 -0.661194343 -0.383442595 0.644820764 -0.712249472 -0.277685859 0.644663675 -0.736473684 -0.205442187 0.644515338 -0.744384555 -0.174733084 0.644484278 -0.745608641 -0.169374483 0.644499836 -0.745608715 -0.169374367 0.644499782 -0.745608788 -0.169374245 0.644499729 0.606418322 0.218981952 0.764397621 0.606347019 0.218967982 0.764458185 0.631651707 0.127940699 0.764622324 0.631575962 0.127914318 0.764689304 0.64218245 0.0498206484 0.76493111 0.642118224 0.0498031453 0.764986165 0.643776901 -0.00644796819 0.765186073 0.643733849 -0.00626249855 0.765223831 0.643079314 -0.0271547558 0.765317983 0.643033252 -0.0272494422 0.76535332 0.643025372 -0.0274009354 0.765354532 0.64372782 -0.00646056321 0.765227257 0.642132997 0.0494998287 0.764993451 0.631642504 0.127512335 0.764701479 0.606462068 0.218592711 0.764474321 0.561853031 0.316313856 0.764373414 0.561886035 0.316346876 0.764335488 0.497422125 0.410106556 0.764450026 0.497492041 0.409948062 0.764489539 0.427781226 0.48202374 0.764628234 0.427324506 0.482241665 0.764746195 0.423411465 0.485926507 0.764590192 0.424154953 0.485316987 0.764565234 0.491710664 0.416780553 0.764535541 0.49164829 0.416987941 0.764462567 0.561841575 0.316426822 0.764335078 0.497581561 0.409859404 0.764478815 0.427592647 0.482013706 0.764740031 0.424061552 0.485446673 0.764534714 0.491330331 0.417368507 0.764459309 0.558038417 0.323074159 0.764340378 0.557921175 0.323087093 0.764420495 0.60029608 0.235535754 0.764308527 0.600194822 0.235314317 0.764456243 0.620204658 0.176021864 0.764436058 0.62013088 0.175899168 0.764524149 0.626645824 0.150883284 0.764558203 0.626629769 0.15084131 0.764579644 0.55794121 0.323249971 0.764337009 0.600101797 0.235977405 0.764324864 0.620104922 0.176332797 0.764445309 0.626624923 0.150965114 0.764559181 0.627627824 0.146532805 0.764598883 0.627627806 0.1465327 0.764598917 0.627627844 0.146532534 0.764598918 -0.56183652 0.31640343 0.764348477 -0.606425154 0.218866781 0.764425186 -0.561853126 0.316313983 0.764373292 -0.606462136 0.21859312 0.76447415 -0.63164398 0.127799382 0.76465234 -0.631642545 0.127512721 0.764701381 -0.642161593 0.0497046239 0.764956168 -0.642133058 0.049500036 0.764993387 -0.643755583 -0.00643493953 0.765204117 -0.643727878 -0.00646040864 0.765227209 -0.643025432 -0.0274010511 0.765354477 -0.64305336 -0.0272745073 0.765335532 -0.643079411 -0.0271547371 0.765317903 -0.643777025 -0.00644779098 0.76518597 -0.642182513 0.0498207588 0.76493105 -0.631651697 0.127940811 0.764622314 -0.60641824 0.218982155 0.764397628 -0.561841565 0.316427212 0.764334924 -0.497525717 0.409945653 0.764468915 -0.497581611 0.409859513 0.764478725 -0.427729036 0.481971924 0.764690091 -0.427592763 0.482013714 0.764739961 -0.423791639 0.485613804 0.764578237 -0.424061605 0.485446921 0.764534526 -0.497422156 0.410106803 0.764449874 -0.42778131 0.482023995 0.764628027 -0.423411595 0.485926553 0.764590091 -0.491710653 0.416780697 0.764535469 -0.491573841 0.416990741 0.764508914 -0.557941256 0.323250122 0.764336911 -0.557907486 0.323236857 0.76436717 -0.600101865 0.235977583 0.764324756 -0.600118017 0.235774127 0.76437486 -0.620104973 0.176333038 0.764445212 -0.620111538 0.176166235 0.764478344 -0.626624963 0.150965338 0.764559103 -0.626627194 0.150908043 0.764568586 -0.627627875 0.146533015 0.764598801 -0.627627879 0.146532874 0.764598824 -0.491330352 0.417368728 0.764459175 -0.557921228 0.323087349 0.764420348 -0.600194903 0.23531454 0.764456111 -0.620130959 0.175899348 0.764524044 -0.626629828 0.150841506 0.764579557 -0.627627904 0.146532713 0.764598835 0.665965459 -0.375093802 0.644821407 0.720004372 -0.256882775 0.644674293 0.665937219 -0.37507118 0.644863731 0.719967877 -0.256743 0.644770725 0.750536348 -0.14655334 0.644373578 0.750477265 -0.146409927 0.644474987 0.763250286 -0.0519729005 0.644009176 0.763189451 -0.0518827764 0.644088534 0.765147832 0.016107146 0.643653133 0.765106315 0.0159512834 0.643706364 0.764262216 0.041294405 0.643582191 0.764303328 0.0411928183 0.643539878 0.764309574 0.0410475212 0.643541744 0.765148014 0.0159397032 0.643657084 0.763227781 -0.0521982512 0.644017622 0.750473408 -0.146826404 0.644384722 0.719912982 -0.257116716 0.644683095 0.665919012 -0.375177379 0.644820753 0.588041102 -0.488466822 0.644676528 0.588071603 -0.488383499 0.644711833 0.503807984 -0.575452725 0.644229522 0.503310573 -0.575757398 0.644346091 0.498229091 -0.580411439 0.644119814 0.498884904 -0.579906284 0.644067197 0.587914944 -0.488619563 0.644675843 0.503486969 -0.575746267 0.644218215 0.498241386 -0.580402527 0.644118334 0.580957127 -0.496793434 0.644736458 0.580881155 -0.496999526 0.64464607 0.66119423 -0.383442554 0.644820904 0.661053362 -0.383574532 0.644886836 0.712249392 -0.277685889 0.64466375 0.71212047 -0.277699247 0.644800407 0.736473588 -0.205442274 0.64451542 0.736403454 -0.205412628 0.644604999 0.744384447 -0.17473317 0.644484379 0.744371659 -0.174700444 0.644508021 0.745608538 -0.169374576 0.644499931 0.745608523 -0.169374425 0.644499988 0.580581029 -0.497357047 0.644640704 0.661190348 -0.383293561 0.64491346 0.712359176 -0.277049174 0.644816376 0.736511238 -0.205018281 0.644607401 0.744392874 -0.174610496 0.644507893 0.745608682 -0.169374325 0.64449983 -0.387517785 0.515365261 0.76434849 -0.467517076 0.44393901 0.764425234 -0.387568881 0.515289791 0.764373465 -0.467660683 0.443703229 0.764474284 -0.527178852 0.370660144 0.764652545 -0.527292664 0.370397458 0.76470136 -0.568167357 0.303360503 0.764956377 -0.568223538 0.303161687 0.764993466 -0.592168214 0.252585118 0.765204264 -0.592153092 0.252550432 0.765227414 -0.599917805 0.233089552 0.765354746 -0.599892612 0.233216823 0.765335722 -0.599868389 0.233337175 0.765318025 -0.592193029 0.252581627 0.765186211 -0.568139798 0.303474836 0.764931496 -0.527128741 0.370793531 0.764622422 -0.467464477 0.444042304 0.764397406 -0.387513209 0.515388797 0.76433494 -0.291059991 0.575214202 0.764468903 -0.2911458 0.57515771 0.764478732 -0.198216831 0.613155182 0.76469001 -0.198075314 0.613138541 0.764740021 -0.193148615 0.614909544 0.764578227 -0.193462936 0.614864924 0.764534641 -0.290900575 0.57532002 0.764449953 -0.198243983 0.613223781 0.76462796 -0.192674826 0.615043663 0.764589893 -0.282990059 0.579139242 0.764535391 -0.282780416 0.579276569 0.764508923 -0.381201395 0.520071712 0.764336909 -0.381175749 0.520045961 0.76436722 -0.454855522 0.45707115 0.764324811 -0.454952067 0.456891208 0.764374934 -0.497123667 0.410477088 0.764445303 -0.497196627 0.410326963 0.764478448 -0.513280518 0.38986196 0.764559195 -0.513305513 0.389810429 0.764568688 -0.515978685 0.386205296 0.764598892 -0.515978729 0.38620522 0.764598901 -0.282405533 0.579524998 0.764459215 -0.381248241 0.51991462 0.764420412 -0.455206934 0.456501188 0.76445622 -0.497321529 0.410090394 0.764524143 -0.513334674 0.389750487 0.764579669 -0.515978751 0.386205121 0.764598936 0.459319666 -0.610926016 0.644821562 0.556274965 -0.524359622 0.644674453 0.459303011 -0.610893792 0.644863954 0.556297631 -0.524217009 0.644770869 0.628536722 -0.435573361 0.644373677 0.628540223 -0.435418183 0.644475131 0.678156519 -0.354055959 0.644009405 0.678136958 -0.353949292 0.644088631 0.707229502 -0.292467443 0.643653033 0.707128865 -0.292593705 0.643706216 0.716531412 -0.269043837 0.643582279 0.716528265 -0.269154035 0.643539704 0.716475574 -0.269289487 0.643541704 0.707162513 -0.292620519 0.64365706 0.678045527 -0.354253584 0.644017594 0.628369508 -0.435798267 0.644384693 0.556097462 -0.524537321 0.644683031 0.459243715 -0.610983812 0.644820899 0.342431681 -0.683470845 0.644676778 0.342492961 -0.683406871 0.644712044 0.230360413 -0.729316198 0.644229745 0.229782428 -0.72939556 0.644346298 0.223259733 -0.731617732 0.644120009 0.224063211 -0.731418388 0.644067403 0.342254805 -0.683560168 0.644676 0.229948526 -0.729456161 0.644218429 0.223274478 -0.731614503 0.644118565 0.332600487 -0.688252473 0.644736729 0.332448083 -0.688410864 0.644646224 0.451597953 -0.61665652 0.644820925 0.45141594 -0.616720837 0.644886857 0.540819894 -0.540298493 0.644663774 0.540696486 -0.540258881 0.644800474 0.592012604 -0.483860409 0.644515462 0.591960248 -0.483805157 0.644605022 0.611588001 -0.458911731 0.644484399 0.611589417 -0.458876624 0.644508052 0.614860667 -0.454495484 0.644499973 0.614860675 -0.454495482 0.644499966 0.332029657 -0.688617746 0.644640914 0.451654184 -0.616518371 0.644913635 0.54117609 -0.539759404 0.644816427 0.592217327 -0.483487261 0.644607404 0.611644941 -0.458802833 0.644507895 0.614860858 -0.454495446 0.644499818 -0.291039628 0.575384585 0.764348425 -0.382334099 0.519109633 0.76442516 -0.291103299 0.575319251 0.764373357 -0.382517097 0.518902244 0.764474415 -0.453932121 0.457441025 0.76465243 -0.454090197 0.457201859 0.76470161 -0.506097745 0.398380299 0.764956345 -0.506187729 0.39819422 0.76499369 -0.538638391 0.352606376 0.765204174 -0.538629242 0.352569714 0.765227506 -0.549689174 0.334773947 0.765354961 -0.549642232 0.334895418 0.765335531 -0.549597639 0.335009301 0.765317714 -0.538663717 0.352607311 0.765185915 -0.506050751 0.398488519 0.764931067 -0.453859888 0.457563266 0.764622168 -0.382264405 0.519201755 0.76439745 -0.29103104 0.575406812 0.764334962 -0.185574281 0.617373036 0.764468914 -0.185668556 0.617332501 0.764478758 -0.0875127119 0.6384284 0.764689939 -0.0873761678 0.638387288 0.764739875 -0.0822152661 0.63926593 0.764578132 -0.0825325193 0.639277295 0.764534448 -0.185398721 0.617449385 0.764449849 -0.0875274275 0.63850067 0.764627912 -0.0817254267 0.639314656 0.764589907 -0.176940366 0.619820907 0.764535252 -0.176709976 0.61991928 0.764508777 -0.283995041 0.578909317 0.76433685 -0.28397455 0.578879388 0.76436713 -0.367564147 0.529815284 0.764324776 -0.367690751 0.52965513 0.764374878 -0.417354746 0.491363867 0.764445267 -0.417452848 0.491228952 0.764478408 -0.436879383 0.473904797 0.76455912 -0.436913029 0.473858423 0.764568637 -0.440177504 0.470778538 0.764598805 -0.440177531 0.470778464 0.764598835 -0.176297379 0.620098 0.764459093 -0.284068987 0.578762799 0.764420325 -0.368010298 0.529315771 0.76445617 -0.417617283 0.491017979 0.764524133 -0.436952137 0.473804592 0.764579649 -0.440177508 0.470778421 0.764598875 0.34495317 -0.682064898 0.644821514 0.4555981 -0.613861047 0.644674326 0.344942269 -0.682030395 0.64486384 0.455645292 -0.613724854 0.644770635 0.542322538 -0.53913735 0.644373481 0.542353189 -0.538985239 0.644474926 0.605480457 -0.46759561 0.644009132 0.605480004 -0.46748685 0.644088511 0.644912881 -0.412065697 0.643653041 0.64479164 -0.412172401 0.643706185 0.658181752 -0.390639366 0.643581903 0.658159506 -0.390746379 0.64353969 0.658084013 -0.390870182 0.64354171 0.644819968 -0.412204753 0.643657091 0.605336328 -0.467770455 0.644017648 0.542118223 -0.539329372 0.644384716 0.455392101 -0.61400475 0.644683024 0.344868167 -0.682108497 0.644820863 0.217146142 -0.732966175 0.644676771 0.217217682 -0.732913967 0.644712026 0.0987675147 -0.758428028 0.644229698 0.0981846077 -0.758404678 0.644346279 0.0913732392 -0.759447379 0.644120028 0.0921992936 -0.759392184 0.644067389 0.216956483 -0.73302303 0.644675982 0.0983378138 -0.758493463 0.644218396 0.0913883906 -0.759446954 0.644118379 0.206628133 -0.735948204 0.644736423 0.206450551 -0.736077198 0.644646049 0.336345212 -0.686351229 0.644820819 0.33615488 -0.686382428 0.644886857 0.437585061 -0.626839645 0.644663768 0.437470524 -0.626779019 0.644800436 0.497889684 -0.580263472 0.64451545 0.497847824 -0.580199922 0.644604991 0.52154032 -0.559138267 0.644484362 0.521547827 -0.559104055 0.644507968 0.525537253 -0.555365157 0.644499913 0.525537298 -0.555365085 0.644499939 0.206002171 -0.736207408 0.644640797 0.336424992 -0.686224983 0.644913557 0.438030456 -0.626371347 0.644816451 0.498156658 -0.57993207 0.64460743 0.52161544 -0.559041123 0.64450784 0.525537529 -0.555365024 0.644499803 -0.185524474 0.617536993 0.764348567 -0.285279659 0.578160504 0.76442524 -0.185598689 0.617483926 0.764373422 -0.285496024 0.577988804 0.764474304 -0.366590651 0.530016924 0.764652441 -0.366788459 0.529809175 0.764701552 -0.428313086 0.481029759 0.764956385 -0.428434298 0.480862958 0.764993378 -0.468382859 0.441678582 0.765204239 -0.468380665 0.441641007 0.765227269 -0.482392199 0.42606333 0.765354692 -0.482324375 0.426174494 0.765335546 -0.482260386 0.426278085 0.765318178 -0.468407285 0.441683666 0.765186353 -0.428247363 0.481128338 0.764931185 -0.366497949 0.5301246 0.764622235 -0.285194779 0.578238805 0.764397686 -0.185511713 0.617557622 0.764334997 -0.0743266262 0.64036132 0.764469052 -0.0744264582 0.640338128 0.764478766 0.025908286 0.643877075 0.764690181 0.026035575 0.64381283 0.764739948 0.0312709396 0.64377176 0.764578348 0.0309603144 0.64383854 0.764534756 -0.07414009 0.6404057 0.764449989 0.0259066263 0.643950612 0.764628312 0.0317615232 0.643733535 0.76459031 -0.0653970895 0.641255603 0.764535462 -0.0651529838 0.641311969 0.764509024 -0.17797091 0.6197704 0.764336972 -0.177955963 0.619737293 0.764367296 -0.268859706 0.586107518 0.764324823 -0.269012501 0.585972107 0.764374884 -0.324626408 0.556992864 0.764445318 -0.324746792 0.556877252 0.764478415 -0.346912512 0.543231975 0.764559174 -0.346953738 0.543192311 0.764568647 -0.350708155 0.54073313 0.764598896 -0.350708232 0.540733104 0.764598879 -0.0647152992 0.641415504 0.76445934 -0.178069176 0.619639236 0.764420425 -0.269386627 0.585694146 0.764456155 -0.324945892 0.556698296 0.764524149 -0.347001841 0.543146115 0.764579636 -0.350708368 0.540732899 0.764598961 0.219875144 -0.732024601 0.644821607 0.340773989 -0.684301005 0.64467451 0.219870637 -0.731988647 0.644863957 0.340844198 -0.684175316 0.644770789 0.439268245 -0.625960098 0.644373621 0.439325005 -0.625815864 0.644475014 0.514003048 -0.566615384 0.644009218 0.51402171 -0.566508233 0.644088584 0.56257004 -0.51886949 0.643653169 0.562432035 -0.518953081 0.643706381 0.579393872 -0.500104623 0.643582246 0.57935306 -0.500206402 0.643539888 0.579257017 -0.500315271 0.643541714 0.562454335 -0.51898994 0.643657178 0.513830611 -0.566761938 0.644017863 0.43903333 -0.626113337 0.644384842 0.340545831 -0.684406501 0.644683083 0.219783753 -0.732052701 0.644820863 0.0851176325 -0.759701901 0.644676671 0.0851974764 -0.759662913 0.644712067 -0.0358920504 -0.763989343 0.644229807 -0.0364617627 -0.763864032 0.644346398 -0.0433502864 -0.763694993 0.644120105 -0.0425276903 -0.763785682 0.644067409 0.0849211473 -0.759724426 0.644676039 -0.036326874 -0.763978484 0.644218312 -0.0433354009 -0.763697264 0.644118415 0.0742398479 -0.760791189 0.644736544 0.0740422708 -0.760887023 0.644646167 0.210648596 -0.734733401 0.644820905 0.210455546 -0.73473088 0.64488681 0.320762513 -0.693916499 0.644663713 0.320660394 -0.693836697 0.644800395 0.388306193 -0.658648686 0.644515484 0.388276187 -0.65857873 0.644605042 0.415297707 -0.642002845 0.644484415 0.415311127 -0.641970452 0.644508035 0.419894958 -0.638989863 0.644499946 0.419895013 -0.638989766 0.644500005 0.0735777853 -0.760936681 0.644640734 0.210749302 -0.73462319 0.64491356 0.321283273 -0.693533517 0.6448165 0.388627189 -0.65836931 0.644607446 0.415388801 -0.641920301 0.644507929 0.419895286 -0.638989719 0.644499874 -0.0924122396 0.638146725 0.764348569 -0.1968844 0.613914139 0.76442525 -0.0924939403 0.638104908 0.764373598 -0.197123307 0.613776512 0.764474195 -0.284406514 0.578290274 0.764652401 -0.284632788 0.57811414 0.764701391 -0.352679493 0.538942491 0.764956317 -0.352824037 0.538795461 0.764993235 -0.398115012 0.505931898 0.765204124 -0.398118704 0.505894228 0.765227108 -0.414275207 0.492552423 0.765354927 -0.4141908 0.492653533 0.765335533 -0.414111822 0.49274679 0.765318234 -0.398138217 0.505940538 0.765186338 -0.352599964 0.539030182 0.764931192 -0.284299011 0.578382887 0.764622331 -0.196788723 0.613979341 0.764397519 -0.0923967302 0.638165339 0.764334903 0.0209366368 0.644320457 0.76446897 0.0208339113 0.644311869 0.764479014 0.120593329 0.633013461 0.764690268 0.120709902 0.632931082 0.764740064 0.125881511 0.632118539 0.764578313 0.125584523 0.632230437 0.764534631 0.0211273917 0.644336771 0.764449971 0.120602737 0.63308682 0.764628052 0.126361349 0.632008517 0.764590115 0.0298999371 0.643887733 0.764535533 0.0301497752 0.643907624 0.764508968 -0.0846114409 0.639241726 0.764336915 -0.0846016676 0.639206634 0.764367344 -0.17947163 0.619352395 0.764324895 -0.179642856 0.619240859 0.764375041 -0.238922651 0.598781395 0.764445425 -0.23905866 0.598684987 0.764478412 -0.262994737 0.588458112 0.764559232 -0.2630413 0.588425032 0.764568673 -0.267117565 0.586546462 0.764598884 -0.267117565 0.586546462 0.764598884 0.0305975252 0.643945414 0.764459349 -0.0847285265 0.639126167 0.764420578 -0.180053599 0.619021364 0.764456181 -0.239281855 0.598537467 0.764524097 -0.263095779 0.588386348 0.764579699 -0.26711766 0.586546261 0.764599005 0.109500673 -0.756448829 0.644821504 0.236116223 -0.727079266 0.644674236 0.109500994 -0.756412851 0.644863653 0.23620457 -0.726965075 0.644770642 0.342138109 -0.683903792 0.644373431 0.34221575 -0.683769251 0.644474974 0.424808556 -0.636230935 0.64400923 0.424842741 -0.636127803 0.644088552 0.47988707 -0.596170444 0.643653013 0.479738059 -0.596233036 0.643706114 0.499294938 -0.58009211 0.643581937 0.499239609 -0.580186666 0.643539622 0.499128172 -0.580280459 0.643541495 0.47975463 -0.596272989 0.643656754 0.424616635 -0.636350787 0.644017383 0.341883603 -0.684020506 0.644384628 0.235874978 -0.7271499 0.644682882 0.109406262 -0.756463266 0.644820593 -0.0278650586 -0.763947508 0.644676465 -0.0277803075 -0.76392077 0.644711805 -0.148183794 -0.750339759 0.644229624 -0.148728818 -0.75013175 0.644346255 -0.155517197 -0.748948562 0.644119906 -0.154716916 -0.749159605 0.644067203 -0.0280631639 -0.763940614 0.64467604 -0.148612152 -0.75026465 0.644218428 -0.155502584 -0.748952877 0.644118416 -0.0387845887 -0.763420283 0.644736556 -0.0389942161 -0.763485975 0.644646118 0.0999757493 -0.757767044 0.644820872 0.0997850599 -0.75773616 0.644886698 0.214905435 -0.733637883 0.644663564 0.214816131 -0.733543979 0.644800172 0.286912234 -0.70871823 0.644515198 0.286892924 -0.708644494 0.644604865 0.3160638 -0.696235407 0.644484237 0.316081964 -0.696205243 0.644507914 0.321055049 -0.693933396 0.644499881 0.321055153 -0.693933305 0.644499928 -0.039460797 -0.76346663 0.644640637 0.100091275 -0.757673013 0.644913438 0.215476613 -0.733336036 0.644816321 0.287271058 -0.708489061 0.644607314 0.316166071 -0.696167205 0.644507749 0.321055271 -0.693933521 0.644499637 -0.0322926596 -0.643994615 -0.764348167 -0.138573464 -0.629644251 -0.764424955 -0.032377201 -0.643960941 -0.764372961 -0.138824815 -0.629529333 -0.764473995 -0.229045261 -0.602366463 -0.764652151 -0.229287179 -0.602211836 -0.764701441 -0.300700496 -0.569579888 -0.764956184 -0.300858303 -0.569446354 -0.76499355 -0.349026201 -0.540965091 -0.765204209 -0.349032771 -0.540928242 -0.765227262 -0.366366051 -0.529157845 -0.765354749 -0.366273634 -0.52924973 -0.765335448 -0.36618685 -0.529334992 -0.76531801 -0.34904859 -0.540976364 -0.765186026 -0.300613337 -0.569660101 -0.76493071 -0.228930095 -0.602448236 -0.764622217 -0.13847219 -0.629699981 -0.764397401 -0.0322754067 -0.644011506 -0.764334664 0.0811361933 -0.639534644 -0.764468676 0.0810334007 -0.639535982 -0.76447846 0.179297975 -0.618952205 -0.764689744 0.179406001 -0.618859233 -0.764739653 0.184479264 -0.617566303 -0.764577833 0.184193885 -0.617705309 -0.764534345 0.0813281516 -0.639533178 -0.764449505 0.179313892 -0.619024238 -0.764627701 0.184946591 -0.617411997 -0.764589553 0.0900201444 -0.638265351 -0.764534966 0.090270628 -0.638261578 -0.764508582 -0.0244236163 -0.644354802 -0.764336559 -0.0244170715 -0.644318968 -0.764366976 -0.120728352 -0.633429226 -0.764324591 -0.120909477 -0.633334127 -0.764374765 -0.181843891 -0.618511238 -0.764445321 -0.18198835 -0.61842803 -0.764478261 -0.206776182 -0.61048592 -0.764559057 -0.20682543 -0.610457506 -0.764568423 -0.211059642 -0.608968596 -0.764598637 -0.211059591 -0.608968608 -0.764598642 0.0907201251 -0.638257231 -0.764459002 -0.0245505587 -0.644250841 -0.764420123 -0.121338918 -0.633154046 -0.764455899 -0.182224384 -0.618302113 -0.764523885 -0.206883109 -0.610424206 -0.764579406 -0.21105971 -0.608968499 -0.764598696 0.0382366528 0.763375846 -0.644821895 0.167045092 0.745982879 -0.64467471 0.0382407843 0.763339907 -0.644864194 0.167143562 0.745877575 -0.644771023 0.276641932 0.712917754 -0.644373741 0.276731612 0.712791271 -0.64447515 0.363410542 0.673189917 -0.644009404 0.363454086 0.673090634 -0.644088601 0.421995524 0.638459581 -0.643652966 0.421841518 0.638507688 -0.643706195 0.442823002 0.624267171 -0.643582387 0.442758479 0.624356944 -0.643539693 0.442639328 0.624438951 -0.643542091 0.421854551 0.638548035 -0.64365763 0.363207563 0.67329115 -0.644018085 0.276377039 0.713010267 -0.644385049 0.166798529 0.746030461 -0.644683489 0.0381411608 0.763381159 -0.64482126 -0.0992282236 0.75798767 -0.644677014 -0.0991416516 0.757969063 -0.644712209 -0.217745482 0.733181175 -0.644229982 -0.21826883 0.732923187 -0.644346428 -0.224917156 0.731109848 -0.644120068 -0.224139732 0.731394833 -0.644067526 -0.0994242087 0.7579625 -0.644676412 -0.218165179 0.73306631 -0.644218705 -0.224902656 0.731115267 -0.644118981 -0.110050678 0.756441125 -0.644736902 -0.110265838 0.75648699 -0.644646321 0.0286298245 0.763797185 -0.644821056 0.0284433863 0.763748327 -0.644887174 0.145313471 0.750527886 -0.644664167 0.145233591 0.750425897 -0.644800882 0.219336057 0.732455458 -0.644515862 0.219323493 0.732380463 -0.644605355 0.249527828 0.72275538 -0.644484697 0.249548494 0.722727232 -0.64450826 0.254712799 0.720930589 -0.644500175 0.254712585 0.720930765 -0.644500063 -0.110727838 0.756423774 -0.644641311 0.0287542585 0.763714098 -0.644913923 0.145910659 0.750280943 -0.644816708 0.219714557 0.732261173 -0.644607701 0.249636011 0.722696927 -0.644508351 0.254712499 0.720930644 -0.644500232 -0.0322933291 0.643994218 0.764348473 -0.138573565 0.629644017 0.76442513 -0.0323775265 0.643960639 0.764373201 -0.138825617 0.629528704 0.764474368 -0.229045872 0.602365905 0.764652408 -0.229287569 0.602211428 0.764701645 -0.300700922 0.569579615 0.76495622 -0.300858456 0.569446399 0.764993456 -0.349026463 0.54096511 0.765204076 -0.349033037 0.540928042 0.765227282 -0.366366466 0.529157828 0.765354562 -0.366274441 0.529249201 0.765335428 -0.366187382 0.529334939 0.765317793 -0.349048956 0.540976288 0.765185913 -0.300613971 0.569659457 0.76493094 -0.228930413 0.602448138 0.764622199 -0.138472512 0.62969963 0.764397631 -0.0322758905 0.644011097 0.764334988 0.0811354057 0.639534344 0.764469011 0.0810333303 0.639535886 0.764478548 0.179298101 0.618951803 0.76469004 0.179405827 0.618858969 0.764739907 0.184479158 0.617565777 0.764578283 0.184193531 0.6177049 0.76453476 0.0813272112 0.639532755 0.764449959 0.179313697 0.619023635 0.764628235 0.184946557 0.617411348 0.764590085 0.0900197502 0.638264856 0.764535426 0.0902701552 0.638261095 0.764509041 -0.024424006 0.644354338 0.764336938 -0.0244172478 0.644318713 0.764367185 -0.120728878 0.633428843 0.764324825 -0.120909509 0.633333973 0.764374888 -0.181844148 0.618511316 0.764445196 -0.181988613 0.618427828 0.764478362 -0.206776435 0.610485811 0.764559076 -0.206826227 0.610456904 0.764568689 -0.211060107 0.608968241 0.764598792 -0.211060355 0.608967933 0.764598969 0.0907202033 0.638256949 0.764459228 -0.0245508088 0.644250652 0.764420274 -0.121339539 0.633153508 0.764456246 -0.182224758 0.618301651 0.764524169 -0.206883707 0.610423752 0.764579607 -0.211059847 0.608968474 0.764598678 0.0382362914 -0.763376249 0.644821439 0.16704487 -0.745983454 0.644674102 0.0382404075 -0.763340382 0.644863654 0.167143288 -0.74587817 0.644770406 0.276641409 -0.712918353 0.644373303 0.276731417 -0.712791618 0.64447485 0.363410156 -0.673190402 0.644009116 0.363453894 -0.67309085 0.644088483 0.421995385 -0.638459651 0.643652988 0.421841326 -0.638507834 0.643706176 0.442822897 -0.624267526 0.643582114 0.442758787 -0.624356756 0.643539663 0.442639519 -0.624439576 0.643541352 0.421854405 -0.638548934 0.643656835 0.363207751 -0.673291505 0.644017608 0.27637697 -0.713010496 0.644384825 0.166798389 -0.746030616 0.644683346 0.0381407362 -0.763381437 0.644820957 -0.0992281296 -0.757987787 0.64467689 -0.0991415343 -0.75796905 0.644712242 -0.217745578 -0.733181264 0.644229849 -0.218269229 -0.732923214 0.644346262 -0.224917082 -0.731110061 0.644119853 -0.224139885 -0.731395066 0.644067209 -0.0994250696 -0.757963017 0.644675671 -0.2181654 -0.733066745 0.644218135 -0.224902931 -0.731115659 0.64411844 -0.110050739 -0.756441492 0.644736461 -0.110265477 -0.756487286 0.644646035 0.0286298455 -0.763797301 0.644820918 0.0284429218 -0.763748645 0.644886817 0.145313388 -0.750528381 0.644663609 0.145233113 -0.75042655 0.644800229 0.219335885 -0.732456043 0.644515256 0.219323652 -0.732380807 0.644604909 0.249527472 -0.72275577 0.644484397 0.249548418 -0.722727439 0.644508058 0.254712431 -0.720930882 0.644499993 0.25471267 -0.72093074 0.644500058 -0.110728036 -0.756424272 0.644640693 0.0287532724 -0.763714618 0.644913352 0.145910468 -0.750281294 0.644816342 0.219714657 -0.732261496 0.6446073 0.249635705 -0.722697662 0.644507645 0.254712806 -0.72093114 0.644499556 -0.347851839 -0.542928114 -0.764348193 -0.432973351 -0.477690776 -0.764425013 -0.347908508 -0.542856945 -0.764372951 -0.433134595 -0.477466103 -0.76447403 -0.497953136 -0.409083694 -0.764652343 -0.498086419 -0.408829884 -0.764701279 -0.54386463 -0.345040984 -0.764956197 -0.543935444 -0.344846925 -0.764993354 -0.571598939 -0.296204564 -0.765204227 -0.571586529 -0.296168921 -0.765227293 -0.58078617 -0.277344181 -0.765354578 -0.580751377 -0.277468964 -0.765335752 -0.580718088 -0.277587383 -0.76531807 -0.571623828 -0.296203419 -0.765186078 -0.54382862 -0.345153159 -0.764931193 -0.497893439 -0.409212415 -0.76462234 -0.432913035 -0.477789575 -0.764397427 -0.347845172 -0.542951345 -0.764334726 -0.247184825 -0.595388484 -0.764468583 -0.247274467 -0.595338714 -0.764478354 -0.151762101 -0.626273075 -0.764689676 -0.151622162 -0.626246155 -0.764739481 -0.146576212 -0.627643272 -0.764577882 -0.146892912 -0.627622508 -0.764534146 -0.247017456 -0.595482588 -0.764449386 -0.151783627 -0.626343592 -0.764627645 -0.146093798 -0.627741243 -0.764589782 -0.23884327 -0.598698452 -0.76453519 -0.238623727 -0.598819952 -0.764508589 -0.341200872 -0.547148526 -0.764336611 -0.341177415 -0.547120729 -0.764366979 -0.419364333 -0.48983804 -0.764324702 -0.419474131 -0.489665882 -0.764374762 -0.46500159 -0.446539008 -0.764445181 -0.465085612 -0.446394861 -0.764478255 -0.482656407 -0.427191046 -0.76455909 -0.482685261 -0.427141491 -0.764568562 -0.485620872 -0.423746414 -0.764598814 -0.485620913 -0.423746452 -0.764598766 -0.238231426 -0.599039518 -0.764458923 -0.341259701 -0.546995067 -0.764420181 -0.419757404 -0.489296304 -0.764455917 -0.465227949 -0.446168236 -0.764523944 -0.48271884 -0.42708399 -0.764579484 -0.485620953 -0.423746462 -0.764598735 0.412298565 0.643595023 -0.644821944 0.515461883 0.564529373 -0.644674828 0.412284364 0.643561657 -0.644864325 0.515495277 0.564388667 -0.644771317 0.594167254 0.481401305 -0.644374159 0.594182306 0.481247031 -0.644475509 0.649750142 0.403827235 -0.644009563 0.649738533 0.40371967 -0.644088711 0.683352 0.344587691 -0.643653142 0.68324222 0.344705908 -0.643706381 0.694381337 0.321925743 -0.643582453 0.694369946 0.322035426 -0.643539869 0.694307349 0.322166331 -0.643541887 0.683273716 0.344734957 -0.643657392 0.649624548 0.404015913 -0.644017926 0.593983826 0.481613179 -0.644384948 0.515271715 0.564692863 -0.644683667 0.41221815 0.643647193 -0.644821284 0.290308341 0.707186253 -0.644677183 0.290374149 0.707127139 -0.644712388 0.175119787 0.744513775 -0.644230005 0.17453729 0.744549816 -0.644346418 0.167866105 0.746277521 -0.6441202 0.168682274 0.746138834 -0.644067644 0.290124589 0.707262382 -0.644676389 0.174698242 0.744622174 -0.644219173 0.167881394 0.746274704 -0.644119479 0.280146416 0.711218566 -0.644737262 0.279982237 0.711365388 -0.644646594 0.404169464 0.648731542 -0.64482124 0.403983306 0.648781816 -0.644887311 0.498857193 0.579266227 -0.644664362 0.49873729 0.579217298 -0.644801084 0.55413117 0.526818666 -0.644515895 0.55408293 0.526759998 -0.644605314 0.575519147 0.50340564 -0.644484657 0.575523206 0.503370702 -0.644508321 0.579113186 0.499246796 -0.644500236 0.579113346 0.499246397 -0.644500402 0.279549659 0.711540198 -0.6446414 0.404236344 0.648597499 -0.644914151 0.499252597 0.57875575 -0.644816738 0.554363114 0.526462049 -0.644607826 0.57558404 0.503301199 -0.644508274 0.579113398 0.499246675 -0.64450014 -0.487744922 -0.421754001 -0.764348385 -0.55082919 -0.335024311 -0.764425218 -0.487779215 -0.421669267 -0.764373251 -0.550919833 -0.33476356 -0.764474131 -0.593643983 -0.250785731 -0.76465243 -0.593699598 -0.250504901 -0.764701302 -0.619472488 -0.17633961 -0.764956325 -0.619485296 -0.176133147 -0.764993518 -0.632192118 -0.121636761 -0.765204303 -0.632170011 -0.121606178 -0.765227427 -0.635643311 -0.100943518 -0.765354811 -0.63564563 -0.101073388 -0.765335746 -0.635647385 -0.101195958 -0.765318091 -0.632215649 -0.121628284 -0.765186209 -0.619469813 -0.176457419 -0.764931324 -0.593623268 -0.250926194 -0.76462243 -0.550799477 -0.335136225 -0.764397571 -0.487745238 -0.421777931 -0.764334979 -0.406126501 -0.500648335 -0.764468776 -0.406198106 -0.500575257 -0.764478588 -0.323407245 -0.557366398 -0.764689775 -0.323265244 -0.557380512 -0.764739529 -0.318824511 -0.560153053 -0.764577981 -0.319122538 -0.560043022 -0.76453425 -0.405992981 -0.500785957 -0.764449557 -0.323448167 -0.557427725 -0.764627762 -0.318389638 -0.560384184 -0.764589828 -0.39906895 -0.506191331 -0.764535355 -0.398893118 -0.506370141 -0.764508706 -0.482566752 -0.427689925 -0.764336744 -0.482536237 -0.427670191 -0.76436705 -0.541231166 -0.350537457 -0.764324745 -0.541287533 -0.350341002 -0.764374901 -0.572689285 -0.296058022 -0.764445309 -0.572728904 -0.295895907 -0.764478394 -0.584120912 -0.27249221 -0.76455919 -0.584134453 -0.272436611 -0.764568658 -0.585984744 -0.268347602 -0.764598878 -0.585984763 -0.268347546 -0.764598883 -0.398579359 -0.50669223 -0.764458945 -0.482579448 -0.427526182 -0.764420329 -0.541454195 -0.349905986 -0.764456118 -0.57280098 -0.295638262 -0.764524071 -0.584150295 -0.272371828 -0.764579636 -0.585984789 -0.268347402 -0.764598914 0.578132519 0.499967826 -0.644821652 0.654587413 0.394854486 -0.644674533 0.578109479 0.499939794 -0.644864042 0.654579335 0.394710625 -0.644770825 0.706437768 0.292794076 -0.644373579 0.706408322 0.292641873 -0.644474993 0.737695349 0.202627018 -0.644009211 0.737653658 0.202526584 -0.644088553 0.753085565 0.136282596 -0.643653001 0.753013867 0.136427014 -0.643706289 0.757223249 0.111421173 -0.643582375 0.757243494 0.111529599 -0.643539773 0.757220798 0.111672888 -0.643541629 0.753052439 0.136446264 -0.643657084 0.737628521 0.202843457 -0.644017622 0.706321743 0.293048889 -0.644384935 0.654451258 0.395065603 -0.644683427 0.578070314 0.500040136 -0.644821351 0.479230822 0.595591133 -0.644677455 0.479276979 0.595515893 -0.644712648 0.379389906 0.664101439 -0.644230221 0.378841584 0.66430153 -0.644346593 0.372936722 0.66785265 -0.644120361 0.373679593 0.667488209 -0.644067584 0.479076539 0.59571677 -0.644676043 0.379017148 0.664325364 -0.644218761 0.372950607 0.667846301 -0.644118905 0.470633229 0.602344323 -0.644736908 0.470517757 0.602531366 -0.64464641 0.571797382 0.507201683 -0.644821066 0.571633016 0.507303126 -0.644886993 0.642852613 0.413701482 -0.644663944 0.642723666 0.413688751 -0.644800672 0.680951615 0.347713254 -0.644515625 0.680888763 0.347670318 -0.644605184 0.694807901 0.319189058 -0.644484542 0.694801867 0.31915448 -0.644508172 0.697072577 0.314180618 -0.644500087 0.697072576 0.314180572 -0.64450011 0.470152239 0.602822495 -0.644640917 0.571823507 0.507054156 -0.644913917 0.643086767 0.413099112 -0.644816667 0.681072755 0.347305337 -0.644607559 0.694840536 0.319070601 -0.644508015 0.697072754 0.31418054 -0.644499933 -0.599366549 -0.23776284 -0.764348463 -0.630397316 -0.135104805 -0.764425219 -0.59937096 -0.2376717 -0.764373348 -0.630396972 -0.134828521 -0.764474281 -0.643107243 -0.0414684684 -0.764652496 -0.643067286 -0.0411847026 -0.764701436 -0.642999387 0.0373306064 -0.764956348 -0.642943657 0.0375295576 -0.764993455 -0.637009587 0.0931724498 -0.765204339 -0.636978743 0.0931941072 -0.765227377 -0.633459329 0.113848811 -0.765354641 -0.633503966 0.113727312 -0.765335759 -0.633545836 0.113612238 -0.765318191 -0.637028935 0.0931882213 -0.765186312 -0.643035601 0.0372185047 -0.764931369 -0.643133998 -0.0416078752 -0.76462242 -0.630406134 -0.135220193 -0.764397544 -0.599374786 -0.237785496 -0.764334956 -0.548255325 -0.339121568 -0.764468875 -0.548299017 -0.339028915 -0.764478635 -0.488807192 -0.419901044 -0.7646899 -0.488677736 -0.419961046 -0.764739688 -0.485396745 -0.424040676 -0.764577991 -0.485641748 -0.423838936 -0.764534269 -0.548174511 -0.339295133 -0.764449814 -0.488866044 -0.419945483 -0.764627872 -0.485062303 -0.424401781 -0.764589884 -0.543414899 -0.346678567 -0.764535296 -0.543307692 -0.346905024 -0.764508768 -0.596429997 -0.245072154 -0.764336901 -0.596394824 -0.245063408 -0.76436715 -0.626438732 -0.15291207 -0.76432481 -0.626427332 -0.15270829 -0.764374892 -0.638217384 -0.0911149756 -0.76444531 -0.638201396 -0.0909489156 -0.764478432 -0.641257565 -0.0650998399 -0.764559184 -0.641252023 -0.0650428628 -0.764568682 -0.641653714 -0.0605728621 -0.764598875 -0.641653704 -0.0605727612 -0.764598892 -0.543117496 -0.347312215 -0.764459031 -0.596388256 -0.244913615 -0.764420283 -0.626441518 -0.152242415 -0.764456193 -0.63818462 -0.0906818164 -0.764524165 -0.641245682 -0.06497665 -0.76457963 -0.641653736 -0.0605727684 -0.764598864 0.710457822 0.281876803 -0.644821798 0.748065069 0.157458912 -0.644674603 0.710426793 0.281858227 -0.644864103 0.74801009 0.157325667 -0.644770921 0.763442763 0.0440203598 -0.644373614 0.76336492 0.043886315 -0.644474972 0.763288506 -0.0514104842 -0.644009021 0.763216043 -0.0514917148 -0.644088406 0.755989542 -0.119124696 -0.643652949 0.755969382 -0.118964735 -0.64370621 0.751715954 -0.143962788 -0.643582038 0.751770423 -0.143867639 -0.643539691 0.75179617 -0.143724554 -0.643541585 0.756012111 -0.118959083 -0.64365707 0.763296296 -0.051184361 -0.644017799 0.763417186 0.0442996269 -0.644384779 0.748006197 0.157703175 -0.644683207 0.710423127 0.281965886 -0.644821076 0.648531057 0.404720846 -0.644677055 0.648550021 0.404634183 -0.644712377 0.576795411 0.502269356 -0.644230198 0.576343489 0.502638597 -0.644346664 0.571935668 0.507935634 -0.644120317 0.572517398 0.507346645 -0.644067706 0.648426686 0.404889337 -0.644676243 0.576516864 0.502603787 -0.644218705 0.571946791 0.507924874 -0.644118925 0.642634426 0.4139268 -0.644736845 0.642586871 0.414141483 -0.644646372 0.70685595 0.290792647 -0.64482114 0.70673419 0.29094216 -0.644887156 0.74318581 0.179117816 -0.64466399 0.743059882 0.179148391 -0.644800641 0.757448304 0.104267648 -0.644515574 0.757374822 0.104247832 -0.644605126 0.761146435 0.0727723611 -0.644484513 0.761129355 0.0727416862 -0.644508147 0.76163685 0.0672976591 -0.644500065 0.761636843 0.067297612 -0.644500078 0.642337654 0.414535941 -0.644641212 0.706831948 0.29064557 -0.644913754 0.743208761 0.178472138 -0.644816589 0.757428454 0.103842491 -0.644607535 0.761138251 0.0726496364 -0.644508025 0.761636942 0.0672973716 -0.644499986 -0.19075544 -0.615941906 -0.764348043 -0.290173228 -0.575720537 -0.764424856 -0.190829052 -0.615888215 -0.764372933 -0.29038825 -0.575546876 -0.764473974 -0.3710731 -0.526888734 -0.764652219 -0.371269017 -0.526679606 -0.76470119 -0.432377488 -0.477380083 -0.764956185 -0.432497529 -0.477211818 -0.764993312 -0.472112262 -0.437690077 -0.765204161 -0.472109785 -0.437652271 -0.765227313 -0.485988687 -0.421956038 -0.765354883 -0.485921795 -0.42206824 -0.765335489 -0.485858779 -0.42217241 -0.76531804 -0.472136787 -0.437695016 -0.765186204 -0.432312733 -0.477478973 -0.764931063 -0.370981184 -0.526997157 -0.764622101 -0.290088924 -0.575799815 -0.764397142 -0.190743491 -0.615962076 -0.764334771 -0.0797553026 -0.639708451 -0.764468566 -0.0798549156 -0.639684098 -0.764478546 0.0204462583 -0.644074472 -0.764689496 0.0205739878 -0.644010967 -0.764739554 0.0258090716 -0.644014484 -0.764577815 0.0254978852 -0.644078443 -0.764534379 -0.0795696597 -0.639754536 -0.764449346 0.020443682 -0.644148347 -0.764627336 0.0263007072 -0.643980945 -0.764589311 -0.0708339334 -0.640678437 -0.764534953 -0.0705903081 -0.640736752 -0.764508615 -0.183221338 -0.618239155 -0.764336502 -0.183205965 -0.618206114 -0.764366911 -0.27382134 -0.583806408 -0.764324506 -0.273973147 -0.583669454 -0.764374701 -0.329339088 -0.554219628 -0.764445138 -0.329458493 -0.554103066 -0.764478184 -0.351507602 -0.540270237 -0.764559008 -0.351548424 -0.540230367 -0.764568412 -0.355282091 -0.537739282 -0.764598653 -0.355282015 -0.537739386 -0.764598615 -0.0701534489 -0.640843957 -0.76445897 -0.183318459 -0.618106921 -0.764420157 -0.274344493 -0.583388686 -0.764455846 -0.329656025 -0.553922602 -0.76452381 -0.35159617 -0.540183733 -0.764579405 -0.355282143 -0.537739197 -0.764598689 0.226076182 0.730133232 -0.644821699 0.346566599 0.68138534 -0.64467481 0.22607164 0.730097089 -0.644864214 0.346636246 0.681258701 -0.644771196 0.444561673 0.622211651 -0.644373789 0.444617057 0.622067078 -0.644475153 0.518790819 0.562234663 -0.644009526 0.518808832 0.562126947 -0.64408904 0.56695163 0.514077827 -0.643653507 0.56681432 0.514162612 -0.643706715 0.58361534 0.495171413 -0.643582479 0.58357545 0.495273361 -0.643540202 0.583480233 0.495383484 -0.643541779 0.566836788 0.514200065 -0.643657012 0.518619842 0.56238302 -0.644017701 0.444328713 0.622366271 -0.644385148 0.346339021 0.681492965 -0.644683349 0.225985277 0.730161808 -0.644821207 0.0915587918 0.758952099 -0.644677205 0.0916382213 0.75891251 -0.644712524 -0.0294102574 0.764266007 -0.644230167 -0.0299810408 0.764145565 -0.644346717 -0.036871127 0.764034922 -0.644120453 -0.0360475827 0.764118556 -0.644067856 0.0913623061 0.758976654 -0.644676172 -0.0298450866 0.764258952 -0.644218539 -0.0368560667 0.7640371 -0.644118731 0.0806904292 0.760133945 -0.644736722 0.0804935642 0.760231484 -0.644646319 0.216873523 0.732919939 -0.64482109 0.21668077 0.732918814 -0.644887166 0.326637098 0.691170346 -0.644664067 0.326534386 0.691091346 -0.64480078 0.393879211 0.655330892 -0.644515779 0.393848623 0.655261179 -0.644605343 0.420728607 0.638456644 -0.644484719 0.420741721 0.638424175 -0.644508322 0.425300001 0.635404864 -0.644500247 0.425300077 0.635404766 -0.644500293 0.0800295693 0.760284774 -0.644641242 0.216973286 0.732808778 -0.64491386 0.327154491 0.690783179 -0.64481667 0.394197848 0.655048945 -0.644607583 0.420819071 0.638373395 -0.64450812 0.425300452 0.635404739 -0.644500072 -0.116064959 -0.634271354 -0.764348595 -0.219563771 -0.60617301 -0.764425296 -0.116144156 -0.634227111 -0.764373277 -0.219797858 -0.606026474 -0.764474208 -0.305701612 -0.567320987 -0.764652484 -0.305921473 -0.567136078 -0.76470172 -0.372464732 -0.525463239 -0.764956475 -0.372603731 -0.525310411 -0.764993746 -0.416643093 -0.490785601 -0.765204566 -0.41664502 -0.490748213 -0.765227495 -0.43229488 -0.476815883 -0.765354657 -0.432215425 -0.476917676 -0.765336107 -0.432139417 -0.477014913 -0.765318429 -0.41666634 -0.490794342 -0.765186301 -0.372388892 -0.525553768 -0.764931206 -0.30559787 -0.567417337 -0.764622461 -0.21947073 -0.606241281 -0.764397872 -0.116049659 -0.63429061 -0.764334939 -0.00302427137 -0.644653516 -0.7644689 -0.00312592114 -0.644641557 -0.764478575 0.0969844381 -0.637058448 -0.764689841 0.0971039678 -0.636980541 -0.76473957 0.102302632 -0.636360506 -0.764577973 0.10200147 -0.636461345 -0.764534274 -0.00283428637 -0.64467691 -0.7644499 0.0969908463 -0.637131716 -0.764627983 0.102785806 -0.636268162 -0.764590024 0.00594965038 -0.644554485 -0.76453523 0.00619863927 -0.644583587 -0.764508715 -0.108309999 -0.635655756 -0.764336774 -0.108298817 -0.63562111 -0.76436717 -0.202365411 -0.612254784 -0.764324748 -0.202532165 -0.612136945 -0.764374962 -0.26101108 -0.589488455 -0.764445274 -0.261143606 -0.589386675 -0.764478492 -0.284682588 -0.578277574 -0.764559266 -0.284728046 -0.578242626 -0.764568771 -0.288731323 -0.576214037 -0.764598984 -0.288731323 -0.576214062 -0.764598966 0.00664444364 -0.644637872 -0.764459198 -0.108422484 -0.635535947 -0.76442045 -0.202934505 -0.61190211 -0.764456274 -0.261361118 -0.589230935 -0.764524212 -0.284780941 -0.57820209 -0.764579727 -0.28873138 -0.576214004 -0.764598987 0.137538516 0.751856736 -0.644821375 0.262975301 0.717801325 -0.644674529 0.137538137 0.751820347 -0.644863882 0.26305997 0.717683543 -0.64477111 0.367319394 0.670715197 -0.644373795 0.367391681 0.670578214 -0.644475144 0.44816108 0.62000301 -0.644009249 0.448191313 0.619898788 -0.644088534 0.50171283 0.577923025 -0.643653022 0.501566533 0.577990658 -0.64370631 0.520509864 0.56113402 -0.643582235 0.520457886 0.561230915 -0.64353978 0.520350111 0.561328881 -0.64354149 0.501584175 0.5780306 -0.643656695 0.447973445 0.620130514 -0.644017033 0.367069489 0.670842078 -0.644384122 0.262737485 0.717880961 -0.644682821 0.137445218 0.751874138 -0.644820977 0.000546864133 0.764455127 -0.644676709 0.000630171046 0.764425409 -0.644711872 -0.120194322 0.755328673 -0.644229711 -0.12074674 0.755141135 -0.644346251 -0.127574794 0.754210981 -0.644119917 -0.126766991 0.754392034 -0.644067379 0.000349058238 0.764455845 -0.644675995 -0.120625326 0.75526957 -0.644218447 -0.127560113 0.754214522 -0.644118678 -0.0103849178 0.764334162 -0.644736723 -0.0105921995 0.764407634 -0.64464624 0.128069503 0.753527842 -0.6448209 0.127877768 0.753504064 -0.644886736 0.242022956 0.725143964 -0.644663572 0.241930451 0.725053233 -0.64480033 0.313054092 0.697565101 -0.644515372 0.313032215 0.697492067 -0.644605034 0.341721649 0.684007468 -0.644484366 0.341738546 0.683976799 -0.644507955 0.346624053 0.681521586 -0.644499878 0.346624063 0.68152159 -0.644499869 -0.0110588503 0.764405535 -0.644640892 0.128181402 0.753429546 -0.644913519 0.242583221 0.724820727 -0.644816481 0.3134043 0.697322771 -0.644607398 0.341821118 0.68393572 -0.644507761 0.346624123 0.681521778 -0.644499638 -0.014290862 0.0313742718 0.999405536 -0.00941268264 0.0331113576 0.999407344 -0.0142870077 0.0313788642 0.999405447 -0.00941174003 0.0331138985 0.999407269 -0.00327863786 0.0345234112 0.999398511 -0.00328264052 0.0345232799 0.999398503 0.00364507255 0.0351661715 0.999374831 0.00363599632 0.0351648474 0.999374911 0.00966843362 0.0349454922 0.999342451 0.00968381289 0.0349391901 0.999342522 0.0120724363 0.0346377679 0.999327014 0.0121002923 0.0346400266 0.999326599 0.0121309421 0.0346426363 0.999326137 0.00966143005 0.0349524198 0.999342276 0.00365905947 0.0351690246 0.99937468 -0.00327740109 0.0345221872 0.999398558 -0.00942100478 0.0331046404 0.999407488 -0.0143004539 0.031365922 0.999405661 -0.017704826 0.0297989106 0.999399101 -0.0177117776 0.0297921211 0.999399181 -0.0196186919 0.0287727033 0.999393435 -0.0196217144 0.0287694283 0.99939347 -0.0200259635 0.0285404518 0.999392017 -0.0200247228 0.0285416636 0.999392007 -0.0177010389 0.029803218 0.99939904 -0.0196165732 0.0287752046 0.999393405 -0.020027451 0.028538986 0.999392029 -0.0188514152 0.0291946992 0.999395964 -0.0188421008 0.0292033015 0.999395889 -0.015885936 0.0306717455 0.999403262 -0.0158619809 0.0306903403 0.999403072 -0.0108653117 0.0326441736 0.999407976 -0.0108242652 0.0326692876 0.999407601 -0.00369182894 0.0344424495 0.999399864 -0.00365754937 0.0344594561 0.999399404 0.00369081551 0.0351794615 0.999374196 0.00372120053 0.0351772005 0.999374163 0.00704472253 0.0351575212 0.999356954 0.00697491164 0.0351443954 0.999357905 -0.0188361235 0.0292092208 0.999395828 -0.015850787 0.0307002058 0.999402947 -0.0108111376 0.0326794584 0.999407411 -0.0036521848 0.034465243 0.999399224 0.00375437531 0.03517299 0.999374187 0.00691606611 0.0351340487 0.999358678 -0.384111765 0.922643341 -0.0344589184 -0.285814165 0.957666585 -0.0344234757 -0.384110025 0.922644315 -0.0344522322 -0.285808926 0.957668352 -0.0344178053 -0.162180208 0.986154316 -0.0346012204 -0.162170921 0.986155908 -0.0345993874 -0.0225976328 0.99912912 -0.0350763351 -0.022585408 0.999129259 -0.0350802517 0.0988913265 0.994457358 -0.0357081063 0.0988423057 0.994461888 -0.0357176564 0.147979855 0.988333357 -0.036043549 0.147957287 0.988337213 -0.0360304557 0.147923937 0.98834223 -0.0360297797 0.0988665603 0.994459838 -0.0357076107 -0.0226064353 0.999128926 -0.0350761866 -0.16217538 0.98615511 -0.0346012286 -0.285800144 0.957670782 -0.034423102 -0.384095233 0.92265024 -0.0344584806 -0.45289499 0.890892955 -0.0345813663 -0.452895063 0.890892709 -0.0345867481 -0.491463795 0.870206569 -0.0346967706 -0.491463672 0.870206535 -0.0346993623 -0.49966825 0.865520485 -0.0347265003 -0.499669081 0.865520054 -0.0347252868 -0.452908177 0.890886233 -0.0345818388 -0.491470184 0.870202949 -0.0346970469 -0.499665613 0.865521995 -0.034726826 -0.47578989 0.878876177 -0.0346503325 -0.475792291 0.87887511 -0.0346444387 -0.415718475 0.908838475 -0.0345076152 -0.415723767 0.908836504 -0.034495781 -0.31421439 0.948727886 -0.0344196855 -0.31421958 0.948726737 -0.0344039695 -0.169839161 0.984864603 -0.0345886194 -0.169836366 0.984865516 -0.0345763533 -0.0210349601 0.999163436 -0.0350707701 -0.0211242535 0.999161226 -0.0350800636 0.0447153098 0.998373073 -0.0353800489 0.0447682109 0.99836972 -0.0354077682 -0.475806962 0.878867179 -0.0346441356 -0.415754705 0.908822337 -0.0344961579 -0.314264782 0.948711754 -0.0344042955 -0.169873425 0.984859117 -0.0345765775 -0.021098246 0.999161758 -0.0350805635 0.0448433568 0.998366343 -0.0354078777</float_array>
        <technique_common><accessor source="#vfx_kurp_0257-mesh-normals-array" count="2716" stride="3"><param name="X" type="float"/><param name="Y" type="float"/><param name="Z" type="float"/></accessor></technique_common>
      </source>
      <source id="vfx_kurp_0257-mesh-uv0">
        <float_array id="vfx_kurp_0257-mesh-uv0-array" count="5432">1 0.0666666031 0.5 0.0666666031 1 0.0333333015 0.5 0.0333333015 1 0 0.5 0 0 0 0 0.0333333015 0 0.0666666031 0 0.0999999642 0.5 0.0999999642 0 0.133333266 0.5 0.133333266 0 0.166666627 0.5 0.166666627 0 0.199999928 0.5 0.199999928 0 0.23333329 0.5 0.23333329 0 0.266666651 0.5 0.266666651 0 0.299999952 0.5 0.299999952 1 0.0999999642 1 0.133333266 1 0.166666627 1 0.199999928 1 0.23333329 1 0.266666651 1 0.299999952 0.5 0.333333313 1 0.333333313 0.5 0.366666615 1 0.366666615 0 0.333333313 0 0.366666615 0 0.399999976 0.5 0.399999976 0 0.433333278 0.5 0.433333278 0 0.466666639 0.5 0.466666639 0 0.5 0.5 0.5 0 0.533333302 0.5 0.533333302 0 0.566666603 0.5 0.566666603 0 0.599999964 0.5 0.599999964 1 0.399999976 1 0.433333278 1 0.466666639 1 0.5 1 0.533333302 1 0.566666603 1 0.599999964 0.5 0.633333325 1 0.633333325 0.5 0.666666627 1 0.666666627 0 0.633333325 0 0.666666627 0 0.699999988 0.5 0.699999988 0 0.733333349 0.5 0.733333349 0 0.766666651 0.5 0.766666651 0 0.799999952 0.5 0.799999952 0 0.833333313 0.5 0.833333313 0 0.866666675 0.5 0.866666675 0 0.899999976 0.5 0.899999976 1 0.699999988 1 0.733333349 1 0.766666651 1 0.799999952 1 0.833333313 1 0.866666675 1 0.899999976 0.5 0.933333337 1 0.933333337 0.5 0.966666639 1 0.966666639 0 0.933333337 0 0.966666639 0 1 0.5 1 0.5 1 1 0.966666639 1 1 1 0.0666666031 0.5 0.0666666031 1 0.0333333015 0.5 0.0333333015 1 0 0.5 0 0 0 0 0.0333333015 0 0.0666666031 0 0.0999999642 0.5 0.0999999642 0 0.133333266 0.5 0.133333266 0 0.166666627 0.5 0.166666627 0 0.199999928 0.5 0.199999928 0 0.23333329 0.5 0.23333329 0 0.266666651 0.5 0.266666651 0 0.299999952 0.5 0.299999952 1 0.0999999642 1 0.133333266 1 0.166666627 1 0.199999928 1 0.23333329 1 0.266666651 1 0.299999952 0.5 0.333333313 1 0.333333313 0.5 0.366666615 1 0.366666615 0 0.333333313 0 0.366666615 0 0.399999976 0.5 0.399999976 0 0.433333278 0.5 0.433333278 0 0.466666639 0.5 0.466666639 0 0.5 0.5 0.5 0 0.533333302 0.5 0.533333302 0 0.566666603 0.5 0.566666603 0 0.599999964 0.5 0.599999964 1 0.399999976 1 0.433333278 1 0.466666639 1 0.5 1 0.533333302 1 0.566666603 1 0.599999964 0.5 0.633333325 1 0.633333325 0.5 0.666666627 1 0.666666627 0 0.633333325 0 0.666666627 0 0.699999988 0.5 0.699999988 0 0.733333349 0.5 0.733333349 0 0.766666651 0.5 0.766666651 0 0.799999952 0.5 0.799999952 0 0.833333313 0.5 0.833333313 0 0.866666675 0.5 0.866666675 0 0.899999976 0.5 0.899999976 1 0.699999988 1 0.733333349 1 0.766666651 1 0.799999952 1 0.833333313 1 0.866666675 1 0.899999976 0.5 0.933333337 1 0.933333337 0.5 0.966666639 1 0.966666639 0 0.933333337 0 0.966666639 0 1 0.5 1 1 1 0.5 0.0999999642 0.5 0.0666666031 0 0.0999999642 0 0.0666666031 0.5 0.0333333015 0 0.0333333015 0 0 0.5 0 1 0 1 0.0333333015 1 0.0666666031 1 0.0999999642 0.5 0.133333266 1 0.133333266 0.5 0.166666627 1 0.166666627 0.5 0.199999928 1 0.199999928 0.5 0.23333329 1 0.23333329 0.5 0.266666651 1 0.266666651 0 0.133333266 0 0.166666627 0 0.199999928 0 0.23333329 0 0.266666651 0 0.299999952 0.5 0.299999952 0 0.333333313 0.5 0.333333313 0 0.366666615 0.5 0.366666615 0 0.399999976 0.5 0.399999976 1 0.299999952 1 0.333333313 1 0.366666615 1 0.399999976 0.5 0.433333278 1 0.433333278 0.5 0.466666639 1 0.466666639 0.5 0.5 1 0.5 0.5 0.533333302 1 0.533333302 0.5 0.566666603 1 0.566666603 0 0.433333278 0 0.466666639 0 0.5 0 0.533333302 0 0.566666603 0 0.599999964 0.5 0.599999964 0 0.633333325 0.5 0.633333325 0 0.666666627 0.5 0.666666627 0 0.699999988 0.5 0.699999988 1 0.599999964 1 0.633333325 1 0.666666627 1 0.699999988 0.5 0.733333349 1 0.733333349 0.5 0.766666651 1 0.766666651 0.5 0.799999952 1 0.799999952 0.5 0.833333313 1 0.833333313 0.5 0.866666675 1 0.866666675 0 0.733333349 0 0.766666651 0 0.799999952 0 0.833333313 0 0.866666675 0 0.899999976 0.5 0.899999976 0 0.933333337 0.5 0.933333337 0 0.966666639 0.5 0.966666639 0 1 0.5 1 1 0.899999976 1 0.933333337 1 0.966666639 1 1 0.5 0.0999999642 0.5 0.0666666031 0 0.0999999642 0 0.0666666031 0.5 0.0333333015 0 0.0333333015 0 0 0.5 0 1 0 1 0.0333333015 1 0.0666666031 1 0.0999999642 0.5 0.133333266 1 0.133333266 0.5 0.166666627 1 0.166666627 0.5 0.199999928 1 0.199999928 0.5 0.23333329 1 0.23333329 0.5 0.266666651 1 0.266666651 0 0.133333266 0 0.166666627 0 0.199999928 0 0.23333329 0 0.266666651 0 0.299999952 0.5 0.299999952 0 0.333333313 0.5 0.333333313 0 0.366666615 0.5 0.366666615 0 0.399999976 0.5 0.399999976 1 0.299999952 1 0.333333313 1 0.366666615 1 0.399999976 0.5 0.433333278 1 0.433333278 0.5 0.466666639 1 0.466666639 0.5 0.5 1 0.5 0.5 0.533333302 1 0.533333302 0.5 0.566666603 1 0.566666603 0 0.433333278 0 0.466666639 0 0.5 0 0.533333302 0 0.566666603 0 0.599999964 0.5 0.599999964 0 0.633333325 0.5 0.633333325 0 0.666666627 0.5 0.666666627 0 0.699999988 0.5 0.699999988 1 0.599999964 1 0.633333325 1 0.666666627 1 0.699999988 0.5 0.733333349 1 0.733333349 0.5 0.766666651 1 0.766666651 0.5 0.799999952 1 0.799999952 0.5 0.833333313 1 0.833333313 0.5 0.866666675 1 0.866666675 0 0.733333349 0 0.766666651 0 0.799999952 0 0.833333313 0 0.866666675 0 0.899999976 0.5 0.899999976 0 0.933333337 0.5 0.933333337 0 0.966666639 0.5 0.966666639 0 1 0.5 1 1 0.899999976 1 0.933333337 1 0.966666639 1 0.966666639 0.5 1 1 1 1 0.285714269 0.5 0.285714269 1 0.214285672 0.5 0.214285672 1 0.142857075 0.5 0.142857075 1 0.0714285374 0.5 0.0714285374 1 0 0.5 0 0 0 0 0.0714285374 0 0.142857075 0 0.214285672 0 0.285714269 0 0.357142806 0.5 0.357142806 0 0.428571403 0.5 0.428571403 0 0.5 0.5 0.5 0 0.571428537 0.5 0.571428537 0 0.642857134 0.5 0.642857134 1 0.357142806 1 0.428571403 1 0.5 1 0.571428537 1 0.642857134 0.5 0.714285731 1 0.714285731 0.5 0.785714269 1 0.785714269 0.5 0.857142866 1 0.857142866 0.5 0.928571403 1 0.928571403 0 0.714285731 0 0.785714269 0 0.857142866 0 0.928571403 0 1 0.5 1 1 1 1 0.285714269 0.5 0.285714269 1 0.214285672 0.5 0.214285672 1 0.142857075 0.5 0.142857075 1 0.0714285374 0.5 0.0714285374 1 0 0.5 0 0 0 0 0.0714285374 0 0.142857075 0 0.214285672 0 0.285714269 0 0.357142806 0.5 0.357142806 0 0.428571403 0.5 0.428571403 0 0.5 0.5 0.5 0 0.571428537 0.5 0.571428537 0 0.642857134 0.5 0.642857134 1 0.357142806 1 0.428571403 1 0.5 1 0.571428537 1 0.642857134 0.5 0.714285731 1 0.714285731 0.5 0.785714269 1 0.785714269 0.5 0.857142866 1 0.857142866 0.5 0.928571403 1 0.928571403 0 0.714285731 0 0.785714269 0 0.857142866 0 0.928571403 0 1 0.5 1 1 1 1 0.285714269 0.5 0.285714269 1 0.214285672 0.5 0.214285672 1 0.142857075 0.5 0.142857075 1 0.0714285374 0.5 0.0714285374 1 0 0.5 0 0 0 0 0.0714285374 0 0.142857075 0 0.214285672 0 0.285714269 0 0.357142806 0.5 0.357142806 0 0.428571403 0.5 0.428571403 0 0.5 0.5 0.5 0 0.571428537 0.5 0.571428537 0 0.642857134 0.5 0.642857134 1 0.357142806 1 0.428571403 1 0.5 1 0.571428537 1 0.642857134 0.5 0.714285731 1 0.714285731 0.5 0.785714269 1 0.785714269 0.5 0.857142866 1 0.857142866 0.5 0.928571403 1 0.928571403 0 0.714285731 0 0.785714269 0 0.857142866 0 0.928571403 0 1 0.5 1 1 1 1 0.285714269 0.5 0.285714269 1 0.214285672 0.5 0.214285672 1 0.142857075 0.5 0.142857075 1 0.0714285374 0.5 0.0714285374 1 0 0.5 0 0 0 0 0.0714285374 0 0.142857075 0 0.214285672 0 0.285714269 0 0.357142806 0.5 0.357142806 0 0.428571403 0.5 0.428571403 0 0.5 0.5 0.5 0 0.571428537 0.5 0.571428537 0 0.642857134 0.5 0.642857134 1 0.357142806 1 0.428571403 1 0.5 1 0.571428537 1 0.642857134 0.5 0.714285731 1 0.714285731 0.5 0.785714269 1 0.785714269 0.5 0.857142866 1 0.857142866 0.5 0.928571403 1 0.928571403 0 0.714285731 0 0.785714269 0 0.857142866 0 0.928571403 0 1 0.5 1 1 1 1 0.285714269 0.5 0.285714269 1 0.214285672 0.5 0.214285672 1 0.142857075 0.5 0.142857075 1 0.0714285374 0.5 0.0714285374 1 0 0.5 0 0 0 0 0.0714285374 0 0.142857075 0 0.214285672 0 0.285714269 0 0.357142806 0.5 0.357142806 0 0.428571403 0.5 0.428571403 0 0.5 0.5 0.5 0 0.571428537 0.5 0.571428537 0 0.642857134 0.5 0.642857134 1 0.357142806 1 0.428571403 1 0.5 1 0.571428537 1 0.642857134 0.5 0.714285731 1 0.714285731 0.5 0.785714269 1 0.785714269 0.5 0.857142866 1 0.857142866 0.5 0.928571403 1 0.928571403 0 0.714285731 0 0.785714269 0 0.857142866 0 0.928571403 0 1 0.5 1 1 1 1 0.285714269 0.5 0.285714269 1 0.214285672 0.5 0.214285672 1 0.142857075 0.5 0.142857075 1 0.0714285374 0.5 0.0714285374 1 0 0.5 0 0 0 0 0.0714285374 0 0.142857075 0 0.214285672 0 0.285714269 0 0.357142806 0.5 0.357142806 0 0.428571403 0.5 0.428571403 0 0.5 0.5 0.5 0 0.571428537 0.5 0.571428537 0 0.642857134 0.5 0.642857134 1 0.357142806 1 0.428571403 1 0.5 1 0.571428537 1 0.642857134 0.5 0.714285731 1 0.714285731 0.5 0.785714269 1 0.785714269 0.5 0.857142866 1 0.857142866 0.5 0.928571403 1 0.928571403 0 0.714285731 0 0.785714269 0 0.857142866 0 0.928571403 0 1 0.5 1 1 1 1 0.285714269 0.5 0.285714269 1 0.214285672 0.5 0.214285672 1 0.142857075 0.5 0.142857075 1 0.0714285374 0.5 0.0714285374 1 0 0.5 0 0 0 0 0.0714285374 0 0.142857075 0 0.214285672 0 0.285714269 0 0.357142806 0.5 0.357142806 0 0.428571403 0.5 0.428571403 0 0.5 0.5 0.5 0 0.571428537 0.5 0.571428537 0 0.642857134 0.5 0.642857134 1 0.357142806 1 0.428571403 1 0.5 1 0.571428537 1 0.642857134 0.5 0.714285731 1 0.714285731 0.5 0.785714269 1 0.785714269 0.5 0.857142866 1 0.857142866 0.5 0.928571403 1 0.928571403 0 0.714285731 0 0.785714269 0 0.857142866 0 0.928571403 0 1 0.5 1 1 1 1 0.285714269 0.5 0.285714269 1 0.214285672 0.5 0.214285672 1 0.142857075 0.5 0.142857075 1 0.0714285374 0.5 0.0714285374 1 0 0.5 0 0 0 0 0.0714285374 0 0.142857075 0 0.214285672 0 0.285714269 0 0.357142806 0.5 0.357142806 0 0.428571403 0.5 0.428571403 0 0.5 0.5 0.5 0 0.571428537 0.5 0.571428537 0 0.642857134 0.5 0.642857134 1 0.357142806 1 0.428571403 1 0.5 1 0.571428537 1 0.642857134 0.5 0.714285731 1 0.714285731 0.5 0.785714269 1 0.785714269 0.5 0.857142866 1 0.857142866 0.5 0.928571403 1 0.928571403 0 0.714285731 0 0.785714269 0 0.857142866 0 0.928571403 0 1 0.5 1 1 1 1 0.285714269 0.5 0.285714269 1 0.214285672 0.5 0.214285672 1 0.142857075 0.5 0.142857075 1 0.0714285374 0.5 0.0714285374 1 0 0.5 0 0 0 0 0.0714285374 0 0.142857075 0 0.214285672 0 0.285714269 0 0.357142806 0.5 0.357142806 0 0.428571403 0.5 0.428571403 0 0.5 0.5 0.5 0 0.571428537 0.5 0.571428537 0 0.642857134 0.5 0.642857134 1 0.357142806 1 0.428571403 1 0.5 1 0.571428537 1 0.642857134 0.5 0.714285731 1 0.714285731 0.5 0.785714269 1 0.785714269 0.5 0.857142866 1 0.857142866 0.5 0.928571403 1 0.928571403 0 0.714285731 0 0.785714269 0 0.857142866 0 0.928571403 0 1 0.5 1 1 1 1 0.285714269 0.5 0.285714269 1 0.214285672 0.5 0.214285672 1 0.142857075 0.5 0.142857075 1 0.0714285374 0.5 0.0714285374 1 0 0.5 0 0 0 0 0.0714285374 0 0.142857075 0 0.214285672 0 0.285714269 0 0.357142806 0.5 0.357142806 0 0.428571403 0.5 0.428571403 0 0.5 0.5 0.5 0 0.571428537 0.5 0.571428537 0 0.642857134 0.5 0.642857134 1 0.357142806 1 0.428571403 1 0.5 1 0.571428537 1 0.642857134 0.5 0.714285731 1 0.714285731 0.5 0.785714269 1 0.785714269 0.5 0.857142866 1 0.857142866 0.5 0.928571403 1 0.928571403 0 0.714285731 0 0.785714269 0 0.857142866 0 0.928571403 0 1 0.5 1 1 1 1 0.285714269 0.5 0.285714269 1 0.214285672 0.5 0.214285672 1 0.142857075 0.5 0.142857075 1 0.0714285374 0.5 0.0714285374 1 0 0.5 0 0 0 0 0.0714285374 0 0.142857075 0 0.214285672 0 0.285714269 0 0.357142806 0.5 0.357142806 0 0.428571403 0.5 0.428571403 0 0.5 0.5 0.5 0 0.571428537 0.5 0.571428537 0 0.642857134 0.5 0.642857134 1 0.357142806 1 0.428571403 1 0.5 1 0.571428537 1 0.642857134 0.5 0.714285731 1 0.714285731 0.5 0.785714269 1 0.785714269 0.5 0.857142866 1 0.857142866 0.5 0.928571403 1 0.928571403 0 0.714285731 0 0.785714269 0 0.857142866 0 0.928571403 0 1 0.5 1 1 1 1 0.285714269 0.5 0.285714269 1 0.214285672 0.5 0.214285672 1 0.142857075 0.5 0.142857075 1 0.0714285374 0.5 0.0714285374 1 0 0.5 0 0 0 0 0.0714285374 0 0.142857075 0 0.214285672 0 0.285714269 0 0.357142806 0.5 0.357142806 0 0.428571403 0.5 0.428571403 0 0.5 0.5 0.5 0 0.571428537 0.5 0.571428537 0 0.642857134 0.5 0.642857134 1 0.357142806 1 0.428571403 1 0.5 1 0.571428537 1 0.642857134 0.5 0.714285731 1 0.714285731 0.5 0.785714269 1 0.785714269 0.5 0.857142866 1 0.857142866 0.5 0.928571403 1 0.928571403 0 0.714285731 0 0.785714269 0 0.857142866 0 0.928571403 0 1 0.5 1 1 1 1 0.285714269 0.5 0.285714269 1 0.214285672 0.5 0.214285672 1 0.142857075 0.5 0.142857075 1 0.0714285374 0.5 0.0714285374 1 0 0.5 0 0 0 0 0.0714285374 0 0.142857075 0 0.214285672 0 0.285714269 0 0.357142806 0.5 0.357142806 0 0.428571403 0.5 0.428571403 0 0.5 0.5 0.5 0 0.571428537 0.5 0.571428537 0 0.642857134 0.5 0.642857134 1 0.357142806 1 0.428571403 1 0.5 1 0.571428537 1 0.642857134 0.5 0.714285731 1 0.714285731 0.5 0.785714269 1 0.785714269 0.5 0.857142866 1 0.857142866 0.5 0.928571403 1 0.928571403 0 0.714285731 0 0.785714269 0 0.857142866 0 0.928571403 0 1 0.5 1 1 1 1 0.285714269 0.5 0.285714269 1 0.214285672 0.5 0.214285672 1 0.142857075 0.5 0.142857075 1 0.0714285374 0.5 0.0714285374 1 0 0.5 0 0 0 0 0.0714285374 0 0.142857075 0 0.214285672 0 0.285714269 0 0.357142806 0.5 0.357142806 0 0.428571403 0.5 0.428571403 0 0.5 0.5 0.5 0 0.571428537 0.5 0.571428537 0 0.642857134 0.5 0.642857134 1 0.357142806 1 0.428571403 1 0.5 1 0.571428537 1 0.642857134 0.5 0.714285731 1 0.714285731 0.5 0.785714269 1 0.785714269 0.5 0.857142866 1 0.857142866 0.5 0.928571403 1 0.928571403 0 0.714285731 0 0.785714269 0 0.857142866 0 0.928571403 0 1 0.5 1 1 1 1 0.285714269 0.5 0.285714269 1 0.214285672 0.5 0.214285672 1 0.142857075 0.5 0.142857075 1 0.0714285374 0.5 0.0714285374 1 0 0.5 0 0 0 0 0.0714285374 0 0.142857075 0 0.214285672 0 0.285714269 0 0.357142806 0.5 0.357142806 0 0.428571403 0.5 0.428571403 0 0.5 0.5 0.5 0 0.571428537 0.5 0.571428537 0 0.642857134 0.5 0.642857134 1 0.357142806 1 0.428571403 1 0.5 1 0.571428537 1 0.642857134 0.5 0.714285731 1 0.714285731 0.5 0.785714269 1 0.785714269 0.5 0.857142866 1 0.857142866 0.5 0.928571403 1 0.928571403 0 0.714285731 0 0.785714269 0 0.857142866 0 0.928571403 0 1 0.5 1 1 1 1 0.285714269 0.5 0.285714269 1 0.214285672 0.5 0.214285672 1 0.142857075 0.5 0.142857075 1 0.0714285374 0.5 0.0714285374 1 0 0.5 0 0 0 0 0.0714285374 0 0.142857075 0 0.214285672 0 0.285714269 0 0.357142806 0.5 0.357142806 0 0.428571403 0.5 0.428571403 0 0.5 0.5 0.5 0 0.571428537 0.5 0.571428537 0 0.642857134 0.5 0.642857134 1 0.357142806 1 0.428571403 1 0.5 1 0.571428537 1 0.642857134 0.5 0.714285731 1 0.714285731 0.5 0.785714269 1 0.785714269 0.5 0.857142866 1 0.857142866 0.5 0.928571403 1 0.928571403 0 0.714285731 0 0.785714269 0 0.857142866 0 0.928571403 0 1 0.5 1 1 1 1 0.285714269 0.5 0.285714269 1 0.214285672 0.5 0.214285672 1 0.142857075 0.5 0.142857075 1 0.0714285374 0.5 0.0714285374 1 0 0.5 0 0 0 0 0.0714285374 0 0.142857075 0 0.214285672 0 0.285714269 0 0.357142806 0.5 0.357142806 0 0.428571403 0.5 0.428571403 0 0.5 0.5 0.5 0 0.571428537 0.5 0.571428537 0 0.642857134 0.5 0.642857134 1 0.357142806 1 0.428571403 1 0.5 1 0.571428537 1 0.642857134 0.5 0.714285731 1 0.714285731 0.5 0.785714269 1 0.785714269 0.5 0.857142866 1 0.857142866 0.5 0.928571403 1 0.928571403 0 0.714285731 0 0.785714269 0 0.857142866 0 0.928571403 0 1 0.5 1 1 1 1 0.285714269 0.5 0.285714269 1 0.214285672 0.5 0.214285672 1 0.142857075 0.5 0.142857075 1 0.0714285374 0.5 0.0714285374 1 0 0.5 0 0 0 0 0.0714285374 0 0.142857075 0 0.214285672 0 0.285714269 0 0.357142806 0.5 0.357142806 0 0.428571403 0.5 0.428571403 0 0.5 0.5 0.5 0 0.571428537 0.5 0.571428537 0 0.642857134 0.5 0.642857134 1 0.357142806 1 0.428571403 1 0.5 1 0.571428537 1 0.642857134 0.5 0.714285731 1 0.714285731 0.5 0.785714269 1 0.785714269 0.5 0.857142866 1 0.857142866 0.5 0.928571403 1 0.928571403 0 0.714285731 0 0.785714269 0 0.857142866 0 0.928571403 0 1 0.5 1 1 1 1 0.285714269 0.5 0.285714269 1 0.214285672 0.5 0.214285672 1 0.142857075 0.5 0.142857075 1 0.0714285374 0.5 0.0714285374 1 0 0.5 0 0 0 0 0.0714285374 0 0.142857075 0 0.214285672 0 0.285714269 0 0.357142806 0.5 0.357142806 0 0.428571403 0.5 0.428571403 0 0.5 0.5 0.5 0 0.571428537 0.5 0.571428537 0 0.642857134 0.5 0.642857134 1 0.357142806 1 0.428571403 1 0.5 1 0.571428537 1 0.642857134 0.5 0.714285731 1 0.714285731 0.5 0.785714269 1 0.785714269 0.5 0.857142866 1 0.857142866 0.5 0.928571403 1 0.928571403 0 0.714285731 0 0.785714269 0 0.857142866 0 0.928571403 0 1 0.5 1 1 1 1 0.285714269 0.5 0.285714269 1 0.214285672 0.5 0.214285672 1 0.142857075 0.5 0.142857075 1 0.0714285374 0.5 0.0714285374 1 0 0.5 0 0 0 0 0.0714285374 0 0.142857075 0 0.214285672 0 0.285714269 0 0.357142806 0.5 0.357142806 0 0.428571403 0.5 0.428571403 0 0.5 0.5 0.5 0 0.571428537 0.5 0.571428537 0 0.642857134 0.5 0.642857134 1 0.357142806 1 0.428571403 1 0.5 1 0.571428537 1 0.642857134 0.5 0.714285731 1 0.714285731 0.5 0.785714269 1 0.785714269 0.5 0.857142866 1 0.857142866 0.5 0.928571403 1 0.928571403 0 0.714285731 0 0.785714269 0 0.857142866 0 0.928571403 0 1 0.5 1 1 1 1 0.285714269 0.5 0.285714269 1 0.214285672 0.5 0.214285672 1 0.142857075 0.5 0.142857075 1 0.0714285374 0.5 0.0714285374 1 0 0.5 0 0 0 0 0.0714285374 0 0.142857075 0 0.214285672 0 0.285714269 0 0.357142806 0.5 0.357142806 0 0.428571403 0.5 0.428571403 0 0.5 0.5 0.5 0 0.571428537 0.5 0.571428537 0 0.642857134 0.5 0.642857134 1 0.357142806 1 0.428571403 1 0.5 1 0.571428537 1 0.642857134 0.5 0.714285731 1 0.714285731 0.5 0.785714269 1 0.785714269 0.5 0.857142866 1 0.857142866 0.5 0.928571403 1 0.928571403 0 0.714285731 0 0.785714269 0 0.857142866 0 0.928571403 0 1 0.5 1 1 1 1 0.285714269 0.5 0.285714269 1 0.214285672 0.5 0.214285672 1 0.142857075 0.5 0.142857075 1 0.0714285374 0.5 0.0714285374 1 0 0.5 0 0 0 0 0.0714285374 0 0.142857075 0 0.214285672 0 0.285714269 0 0.357142806 0.5 0.357142806 0 0.428571403 0.5 0.428571403 0 0.5 0.5 0.5 0 0.571428537 0.5 0.571428537 0 0.642857134 0.5 0.642857134 1 0.357142806 1 0.428571403 1 0.5 1 0.571428537 1 0.642857134 0.5 0.714285731 1 0.714285731 0.5 0.785714269 1 0.785714269 0.5 0.857142866 1 0.857142866 0.5 0.928571403 1 0.928571403 0 0.714285731 0 0.785714269 0 0.857142866 0 0.928571403 0 1 0.5 1 1 1 1 0.285714269 0.5 0.285714269 1 0.214285672 0.5 0.214285672 1 0.142857075 0.5 0.142857075 1 0.0714285374 0.5 0.0714285374 1 0 0.5 0 0 0 0 0.0714285374 0 0.142857075 0 0.214285672 0 0.285714269 0 0.357142806 0.5 0.357142806 0 0.428571403 0.5 0.428571403 0 0.5 0.5 0.5 0 0.571428537 0.5 0.571428537 0 0.642857134 0.5 0.642857134 1 0.357142806 1 0.428571403 1 0.5 1 0.571428537 1 0.642857134 0.5 0.714285731 1 0.714285731 0.5 0.785714269 1 0.785714269 0.5 0.857142866 1 0.857142866 0.5 0.928571403 1 0.928571403 0 0.714285731 0 0.785714269 0 0.857142866 0 0.928571403 0 1 0.5 1 1 1 1 0.285714269 0.5 0.285714269 1 0.214285672 0.5 0.214285672 1 0.142857075 0.5 0.142857075 1 0.0714285374 0.5 0.0714285374 1 0 0.5 0 0 0 0 0.0714285374 0 0.142857075 0 0.214285672 0 0.285714269 0 0.357142806 0.5 0.357142806 0 0.428571403 0.5 0.428571403 0 0.5 0.5 0.5 0 0.571428537 0.5 0.571428537 0 0.642857134 0.5 0.642857134 1 0.357142806 1 0.428571403 1 0.5 1 0.571428537 1 0.642857134 0.5 0.714285731 1 0.714285731 0.5 0.785714269 1 0.785714269 0.5 0.857142866 1 0.857142866 0.5 0.928571403 1 0.928571403 0 0.714285731 0 0.785714269 0 0.857142866 0 0.928571403 0 1 0.5 1 1 1 1 0.285714269 0.5 0.285714269 1 0.214285672 0.5 0.214285672 1 0.142857075 0.5 0.142857075 1 0.0714285374 0.5 0.0714285374 1 0 0.5 0 0 0 0 0.0714285374 0 0.142857075 0 0.214285672 0 0.285714269 0 0.357142806 0.5 0.357142806 0 0.428571403 0.5 0.428571403 0 0.5 0.5 0.5 0 0.571428537 0.5 0.571428537 0 0.642857134 0.5 0.642857134 1 0.357142806 1 0.428571403 1 0.5 1 0.571428537 1 0.642857134 0.5 0.714285731 1 0.714285731 0.5 0.785714269 1 0.785714269 0.5 0.857142866 1 0.857142866 0.5 0.928571403 1 0.928571403 0 0.714285731 0 0.785714269 0 0.857142866 0 0.928571403 0 1 0.5 1 1 1 1 0.285714269 0.5 0.285714269 1 0.214285672 0.5 0.214285672 1 0.142857075 0.5 0.142857075 1 0.0714285374 0.5 0.0714285374 1 0 0.5 0 0 0 0 0.0714285374 0 0.142857075 0 0.214285672 0 0.285714269 0 0.357142806 0.5 0.357142806 0 0.428571403 0.5 0.428571403 0 0.5 0.5 0.5 0 0.571428537 0.5 0.571428537 0 0.642857134 0.5 0.642857134 1 0.357142806 1 0.428571403 1 0.5 1 0.571428537 1 0.642857134 0.5 0.714285731 1 0.714285731 0.5 0.785714269 1 0.785714269 0.5 0.857142866 1 0.857142866 0.5 0.928571403 1 0.928571403 0 0.714285731 0 0.785714269 0 0.857142866 0 0.928571403 0 1 0.5 1 1 1 0.5 0.357142806 0.5 0.285714269 0 0.357142806 0 0.285714269 0.5 0.214285672 0 0.214285672 0.5 0.142857075 0 0.142857075 0.5 0.0714285374 0 0.0714285374 0 0 0.5 0 1 0 1 0.0714285374 1 0.142857075 1 0.214285672 1 0.285714269 1 0.357142806 0.5 0.428571403 1 0.428571403 0.5 0.5 1 0.5 0.5 0.571428537 1 0.571428537 0 0.428571403 0 0.5 0 0.571428537 0 0.642857134 0.5 0.642857134 0 0.714285731 0.5 0.714285731 0 0.785714269 0.5 0.785714269 0 0.857142866 0.5 0.857142866 0 0.928571403 0.5 0.928571403 0 1 0.5 1 1 0.642857134 1 0.714285731 1 0.785714269 1 0.857142866 1 0.928571403 1 1 0.5 0.357142806 0.5 0.285714269 0 0.357142806 0 0.285714269 0.5 0.214285672 0 0.214285672 0.5 0.142857075 0 0.142857075 0.5 0.0714285374 0 0.0714285374 0 0 0.5 0 1 0 1 0.0714285374 1 0.142857075 1 0.214285672 1 0.285714269 1 0.357142806 0.5 0.428571403 1 0.428571403 0.5 0.5 1 0.5 0.5 0.571428537 1 0.571428537 0 0.428571403 0 0.5 0 0.571428537 0 0.642857134 0.5 0.642857134 0 0.714285731 0.5 0.714285731 0 0.785714269 0.5 0.785714269 0 0.857142866 0.5 0.857142866 0 0.928571403 0.5 0.928571403 0 1 0.5 1 1 0.642857134 1 0.714285731 1 0.785714269 1 0.857142866 1 0.928571403 1 1 0.5 0.357142806 0.5 0.285714269 0 0.357142806 0 0.285714269 0.5 0.214285672 0 0.214285672 0.5 0.142857075 0 0.142857075 0.5 0.0714285374 0 0.0714285374 0 0 0.5 0 1 0 1 0.0714285374 1 0.142857075 1 0.214285672 1 0.285714269 1 0.357142806 0.5 0.428571403 1 0.428571403 0.5 0.5 1 0.5 0.5 0.571428537 1 0.571428537 0 0.428571403 0 0.5 0 0.571428537 0 0.642857134 0.5 0.642857134 0 0.714285731 0.5 0.714285731 0 0.785714269 0.5 0.785714269 0 0.857142866 0.5 0.857142866 0 0.928571403 0.5 0.928571403 0 1 0.5 1 1 0.642857134 1 0.714285731 1 0.785714269 1 0.857142866 1 0.928571403 1 1 0.5 0.357142806 0.5 0.285714269 0 0.357142806 0 0.285714269 0.5 0.214285672 0 0.214285672 0.5 0.142857075 0 0.142857075 0.5 0.0714285374 0 0.0714285374 0 0 0.5 0 1 0 1 0.0714285374 1 0.142857075 1 0.214285672 1 0.285714269 1 0.357142806 0.5 0.428571403 1 0.428571403 0.5 0.5 1 0.5 0.5 0.571428537 1 0.571428537 0 0.428571403 0 0.5 0 0.571428537 0 0.642857134 0.5 0.642857134 0 0.714285731 0.5 0.714285731 0 0.785714269 0.5 0.785714269 0 0.857142866 0.5 0.857142866 0 0.928571403 0.5 0.928571403 0 1 0.5 1 1 0.642857134 1 0.714285731 1 0.785714269 1 0.857142866 1 0.928571403 1 1 0.5 0.357142806 0.5 0.285714269 0 0.357142806 0 0.285714269 0.5 0.214285672 0 0.214285672 0.5 0.142857075 0 0.142857075 0.5 0.0714285374 0 0.0714285374 0 0 0.5 0 1 0 1 0.0714285374 1 0.142857075 1 0.214285672 1 0.285714269 1 0.357142806 0.5 0.428571403 1 0.428571403 0.5 0.5 1 0.5 0.5 0.571428537 1 0.571428537 0 0.428571403 0 0.5 0 0.571428537 0 0.642857134 0.5 0.642857134 0 0.714285731 0.5 0.714285731 0 0.785714269 0.5 0.785714269 0 0.857142866 0.5 0.857142866 0 0.928571403 0.5 0.928571403 0 1 0.5 1 1 0.642857134 1 0.714285731 1 0.785714269 1 0.857142866 1 0.928571403 1 1 0.5 0.357142806 0.5 0.285714269 0 0.357142806 0 0.285714269 0.5 0.214285672 0 0.214285672 0.5 0.142857075 0 0.142857075 0.5 0.0714285374 0 0.0714285374 0 0 0.5 0 1 0 1 0.0714285374 1 0.142857075 1 0.214285672 1 0.285714269 1 0.357142806 0.5 0.428571403 1 0.428571403 0.5 0.5 1 0.5 0.5 0.571428537 1 0.571428537 0 0.428571403 0 0.5 0 0.571428537 0 0.642857134 0.5 0.642857134 0 0.714285731 0.5 0.714285731 0 0.785714269 0.5 0.785714269 0 0.857142866 0.5 0.857142866 0 0.928571403 0.5 0.928571403 0 1 0.5 1 1 0.642857134 1 0.714285731 1 0.785714269 1 0.857142866 1 0.928571403 1 1 0.5 0.357142806 0.5 0.285714269 0 0.357142806 0 0.285714269 0.5 0.214285672 0 0.214285672 0.5 0.142857075 0 0.142857075 0.5 0.0714285374 0 0.0714285374 0 0 0.5 0 1 0 1 0.0714285374 1 0.142857075 1 0.214285672 1 0.285714269 1 0.357142806 0.5 0.428571403 1 0.428571403 0.5 0.5 1 0.5 0.5 0.571428537 1 0.571428537 0 0.428571403 0 0.5 0 0.571428537 0 0.642857134 0.5 0.642857134 0 0.714285731 0.5 0.714285731 0 0.785714269 0.5 0.785714269 0 0.857142866 0.5 0.857142866 0 0.928571403 0.5 0.928571403 0 1 0.5 1 1 0.642857134 1 0.714285731 1 0.785714269 1 0.857142866 1 0.928571403 1 1 0.5 0.357142806 0.5 0.285714269 0 0.357142806 0 0.285714269 0.5 0.214285672 0 0.214285672 0.5 0.142857075 0 0.142857075 0.5 0.0714285374 0 0.0714285374 0 0 0.5 0 1 0 1 0.0714285374 1 0.142857075 1 0.214285672 1 0.285714269 1 0.357142806 0.5 0.428571403 1 0.428571403 0.5 0.5 1 0.5 0.5 0.571428537 1 0.571428537 0 0.428571403 0 0.5 0 0.571428537 0 0.642857134 0.5 0.642857134 0 0.714285731 0.5 0.714285731 0 0.785714269 0.5 0.785714269 0 0.857142866 0.5 0.857142866 0 0.928571403 0.5 0.928571403 0 1 0.5 1 1 0.642857134 1 0.714285731 1 0.785714269 1 0.857142866 1 0.928571403 1 1 0.5 0.357142806 0.5 0.285714269 0 0.357142806 0 0.285714269 0.5 0.214285672 0 0.214285672 0.5 0.142857075 0 0.142857075 0.5 0.0714285374 0 0.0714285374 0 0 0.5 0 1 0 1 0.0714285374 1 0.142857075 1 0.214285672 1 0.285714269 1 0.357142806 0.5 0.428571403 1 0.428571403 0.5 0.5 1 0.5 0.5 0.571428537 1 0.571428537 0 0.428571403 0 0.5 0 0.571428537 0 0.642857134 0.5 0.642857134 0 0.714285731 0.5 0.714285731 0 0.785714269 0.5 0.785714269 0 0.857142866 0.5 0.857142866 0 0.928571403 0.5 0.928571403 0 1 0.5 1 1 0.642857134 1 0.714285731 1 0.785714269 1 0.857142866 1 0.928571403 1 1 0.5 0.357142806 0.5 0.285714269 0 0.357142806 0 0.285714269 0.5 0.214285672 0 0.214285672 0.5 0.142857075 0 0.142857075 0.5 0.0714285374 0 0.0714285374 0 0 0.5 0 1 0 1 0.0714285374 1 0.142857075 1 0.214285672 1 0.285714269 1 0.357142806 0.5 0.428571403 1 0.428571403 0.5 0.5 1 0.5 0.5 0.571428537 1 0.571428537 0 0.428571403 0 0.5 0 0.571428537 0 0.642857134 0.5 0.642857134 0 0.714285731 0.5 0.714285731 0 0.785714269 0.5 0.785714269 0 0.857142866 0.5 0.857142866 0 0.928571403 0.5 0.928571403 0 1 0.5 1 1 0.642857134 1 0.714285731 1 0.785714269 1 0.857142866 1 0.928571403 1 1 0.5 0.357142806 0.5 0.285714269 0 0.357142806 0 0.285714269 0.5 0.214285672 0 0.214285672 0.5 0.142857075 0 0.142857075 0.5 0.0714285374 0 0.0714285374 0 0 0.5 0 1 0 1 0.0714285374 1 0.142857075 1 0.214285672 1 0.285714269 1 0.357142806 0.5 0.428571403 1 0.428571403 0.5 0.5 1 0.5 0.5 0.571428537 1 0.571428537 0 0.428571403 0 0.5 0 0.571428537 0 0.642857134 0.5 0.642857134 0 0.714285731 0.5 0.714285731 0 0.785714269 0.5 0.785714269 0 0.857142866 0.5 0.857142866 0 0.928571403 0.5 0.928571403 0 1 0.5 1 1 0.642857134 1 0.714285731 1 0.785714269 1 0.857142866 1 0.928571403 1 1 0.5 0.357142806 0.5 0.285714269 0 0.357142806 0 0.285714269 0.5 0.214285672 0 0.214285672 0.5 0.142857075 0 0.142857075 0.5 0.0714285374 0 0.0714285374 0 0 0.5 0 1 0 1 0.0714285374 1 0.142857075 1 0.214285672 1 0.285714269 1 0.357142806 0.5 0.428571403 1 0.428571403 0.5 0.5 1 0.5 0.5 0.571428537 1 0.571428537 0 0.428571403 0 0.5 0 0.571428537 0 0.642857134 0.5 0.642857134 0 0.714285731 0.5 0.714285731 0 0.785714269 0.5 0.785714269 0 0.857142866 0.5 0.857142866 0 0.928571403 0.5 0.928571403 0 1 0.5 1 1 0.642857134 1 0.714285731 1 0.785714269 1 0.857142866 1 0.928571403 1 1 0.5 0.357142806 0.5 0.285714269 0 0.357142806 0 0.285714269 0.5 0.214285672 0 0.214285672 0.5 0.142857075 0 0.142857075 0.5 0.0714285374 0 0.0714285374 0 0 0.5 0 1 0 1 0.0714285374 1 0.142857075 1 0.214285672 1 0.285714269 1 0.357142806 0.5 0.428571403 1 0.428571403 0.5 0.5 1 0.5 0.5 0.571428537 1 0.571428537 0 0.428571403 0 0.5 0 0.571428537 0 0.642857134 0.5 0.642857134 0 0.714285731 0.5 0.714285731 0 0.785714269 0.5 0.785714269 0 0.857142866 0.5 0.857142866 0 0.928571403 0.5 0.928571403 0 1 0.5 1 1 0.642857134 1 0.714285731 1 0.785714269 1 0.857142866 1 0.928571403 1 1 0.5 0.357142806 0.5 0.285714269 0 0.357142806 0 0.285714269 0.5 0.214285672 0 0.214285672 0.5 0.142857075 0 0.142857075 0.5 0.0714285374 0 0.0714285374 0 0 0.5 0 1 0 1 0.0714285374 1 0.142857075 1 0.214285672 1 0.285714269 1 0.357142806 0.5 0.428571403 1 0.428571403 0.5 0.5 1 0.5 0.5 0.571428537 1 0.571428537 0 0.428571403 0 0.5 0 0.571428537 0 0.642857134 0.5 0.642857134 0 0.714285731 0.5 0.714285731 0 0.785714269 0.5 0.785714269 0 0.857142866 0.5 0.857142866 0 0.928571403 0.5 0.928571403 0 1 0.5 1 1 0.642857134 1 0.714285731 1 0.785714269 1 0.857142866 1 0.928571403 1 1 0.5 0.357142806 0.5 0.285714269 0 0.357142806 0 0.285714269 0.5 0.214285672 0 0.214285672 0.5 0.142857075 0 0.142857075 0.5 0.0714285374 0 0.0714285374 0 0 0.5 0 1 0 1 0.0714285374 1 0.142857075 1 0.214285672 1 0.285714269 1 0.357142806 0.5 0.428571403 1 0.428571403 0.5 0.5 1 0.5 0.5 0.571428537 1 0.571428537 0 0.428571403 0 0.5 0 0.571428537 0 0.642857134 0.5 0.642857134 0 0.714285731 0.5 0.714285731 0 0.785714269 0.5 0.785714269 0 0.857142866 0.5 0.857142866 0 0.928571403 0.5 0.928571403 0 1 0.5 1 1 0.642857134 1 0.714285731 1 0.785714269 1 0.857142866 1 0.928571403 1 1 0.5 0.357142806 0.5 0.285714269 0 0.357142806 0 0.285714269 0.5 0.214285672 0 0.214285672 0.5 0.142857075 0 0.142857075 0.5 0.0714285374 0 0.0714285374 0 0 0.5 0 1 0 1 0.0714285374 1 0.142857075 1 0.214285672 1 0.285714269 1 0.357142806 0.5 0.428571403 1 0.428571403 0.5 0.5 1 0.5 0.5 0.571428537 1 0.571428537 0 0.428571403 0 0.5 0 0.571428537 0 0.642857134 0.5 0.642857134 0 0.714285731 0.5 0.714285731 0 0.785714269 0.5 0.785714269 0 0.857142866 0.5 0.857142866 0 0.928571403 0.5 0.928571403 0 1 0.5 1 1 0.642857134 1 0.714285731 1 0.785714269 1 0.857142866 1 0.928571403 1 1 0.5 0.357142806 0.5 0.285714269 0 0.357142806 0 0.285714269 0.5 0.214285672 0 0.214285672 0.5 0.142857075 0 0.142857075 0.5 0.0714285374 0 0.0714285374 0 0 0.5 0 1 0 1 0.0714285374 1 0.142857075 1 0.214285672 1 0.285714269 1 0.357142806 0.5 0.428571403 1 0.428571403 0.5 0.5 1 0.5 0.5 0.571428537 1 0.571428537 0 0.428571403 0 0.5 0 0.571428537 0 0.642857134 0.5 0.642857134 0 0.714285731 0.5 0.714285731 0 0.785714269 0.5 0.785714269 0 0.857142866 0.5 0.857142866 0 0.928571403 0.5 0.928571403 0 1 0.5 1 1 0.642857134 1 0.714285731 1 0.785714269 1 0.857142866 1 0.928571403 1 1 0.5 0.357142806 0.5 0.285714269 0 0.357142806 0 0.285714269 0.5 0.214285672 0 0.214285672 0.5 0.142857075 0 0.142857075 0.5 0.0714285374 0 0.0714285374 0 0 0.5 0 1 0 1 0.0714285374 1 0.142857075 1 0.214285672 1 0.285714269 1 0.357142806 0.5 0.428571403 1 0.428571403 0.5 0.5 1 0.5 0.5 0.571428537 1 0.571428537 0 0.428571403 0 0.5 0 0.571428537 0 0.642857134 0.5 0.642857134 0 0.714285731 0.5 0.714285731 0 0.785714269 0.5 0.785714269 0 0.857142866 0.5 0.857142866 0 0.928571403 0.5 0.928571403 0 1 0.5 1 1 0.642857134 1 0.714285731 1 0.785714269 1 0.857142866 1 0.928571403 1 1 0.5 0.357142806 0.5 0.285714269 0 0.357142806 0 0.285714269 0.5 0.214285672 0 0.214285672 0.5 0.142857075 0 0.142857075 0.5 0.0714285374 0 0.0714285374 0 0 0.5 0 1 0 1 0.0714285374 1 0.142857075 1 0.214285672 1 0.285714269 1 0.357142806 0.5 0.428571403 1 0.428571403 0.5 0.5 1 0.5 0.5 0.571428537 1 0.571428537 0 0.428571403 0 0.5 0 0.571428537 0 0.642857134 0.5 0.642857134 0 0.714285731 0.5 0.714285731 0 0.785714269 0.5 0.785714269 0 0.857142866 0.5 0.857142866 0 0.928571403 0.5 0.928571403 0 1 0.5 1 1 0.642857134 1 0.714285731 1 0.785714269 1 0.857142866 1 0.928571403 1 1 0.5 0.357142806 0.5 0.285714269 0 0.357142806 0 0.285714269 0.5 0.214285672 0 0.214285672 0.5 0.142857075 0 0.142857075 0.5 0.0714285374 0 0.0714285374 0 0 0.5 0 1 0 1 0.0714285374 1 0.142857075 1 0.214285672 1 0.285714269 1 0.357142806 0.5 0.428571403 1 0.428571403 0.5 0.5 1 0.5 0.5 0.571428537 1 0.571428537 0 0.428571403 0 0.5 0 0.571428537 0 0.642857134 0.5 0.642857134 0 0.714285731 0.5 0.714285731 0 0.785714269 0.5 0.785714269 0 0.857142866 0.5 0.857142866 0 0.928571403 0.5 0.928571403 0 1 0.5 1 1 0.642857134 1 0.714285731 1 0.785714269 1 0.857142866 1 0.928571403 1 1 0.5 0.357142806 0.5 0.285714269 0 0.357142806 0 0.285714269 0.5 0.214285672 0 0.214285672 0.5 0.142857075 0 0.142857075 0.5 0.0714285374 0 0.0714285374 0 0 0.5 0 1 0 1 0.0714285374 1 0.142857075 1 0.214285672 1 0.285714269 1 0.357142806 0.5 0.428571403 1 0.428571403 0.5 0.5 1 0.5 0.5 0.571428537 1 0.571428537 0 0.428571403 0 0.5 0 0.571428537 0 0.642857134 0.5 0.642857134 0 0.714285731 0.5 0.714285731 0 0.785714269 0.5 0.785714269 0 0.857142866 0.5 0.857142866 0 0.928571403 0.5 0.928571403 0 1 0.5 1 1 0.642857134 1 0.714285731 1 0.785714269 1 0.857142866 1 0.928571403 1 1 0.5 0.357142806 0.5 0.285714269 0 0.357142806 0 0.285714269 0.5 0.214285672 0 0.214285672 0.5 0.142857075 0 0.142857075 0.5 0.0714285374 0 0.0714285374 0 0 0.5 0 1 0 1 0.0714285374 1 0.142857075 1 0.214285672 1 0.285714269 1 0.357142806 0.5 0.428571403 1 0.428571403 0.5 0.5 1 0.5 0.5 0.571428537 1 0.571428537 0 0.428571403 0 0.5 0 0.571428537 0 0.642857134 0.5 0.642857134 0 0.714285731 0.5 0.714285731 0 0.785714269 0.5 0.785714269 0 0.857142866 0.5 0.857142866 0 0.928571403 0.5 0.928571403 0 1 0.5 1 1 0.642857134 1 0.714285731 1 0.785714269 1 0.857142866 1 0.928571403 1 1 0.5 0.357142806 0.5 0.285714269 0 0.357142806 0 0.285714269 0.5 0.214285672 0 0.214285672 0.5 0.142857075 0 0.142857075 0.5 0.0714285374 0 0.0714285374 0 0 0.5 0 1 0 1 0.0714285374 1 0.142857075 1 0.214285672 1 0.285714269 1 0.357142806 0.5 0.428571403 1 0.428571403 0.5 0.5 1 0.5 0.5 0.571428537 1 0.571428537 0 0.428571403 0 0.5 0 0.571428537 0 0.642857134 0.5 0.642857134 0 0.714285731 0.5 0.714285731 0 0.785714269 0.5 0.785714269 0 0.857142866 0.5 0.857142866 0 0.928571403 0.5 0.928571403 0 1 0.5 1 1 0.642857134 1 0.714285731 1 0.785714269 1 0.857142866 1 0.928571403 1 1 0.5 0.357142806 0.5 0.285714269 0 0.357142806 0 0.285714269 0.5 0.214285672 0 0.214285672 0.5 0.142857075 0 0.142857075 0.5 0.0714285374 0 0.0714285374 0 0 0.5 0 1 0 1 0.0714285374 1 0.142857075 1 0.214285672 1 0.285714269 1 0.357142806 0.5 0.428571403 1 0.428571403 0.5 0.5 1 0.5 0.5 0.571428537 1 0.571428537 0 0.428571403 0 0.5 0 0.571428537 0 0.642857134 0.5 0.642857134 0 0.714285731 0.5 0.714285731 0 0.785714269 0.5 0.785714269 0 0.857142866 0.5 0.857142866 0 0.928571403 0.5 0.928571403 0 1 0.5 1 1 0.642857134 1 0.714285731 1 0.785714269 1 0.857142866 1 0.928571403 1 1 0.5 0.357142806 0.5 0.285714269 0 0.357142806 0 0.285714269 0.5 0.214285672 0 0.214285672 0.5 0.142857075 0 0.142857075 0.5 0.0714285374 0 0.0714285374 0 0 0.5 0 1 0 1 0.0714285374 1 0.142857075 1 0.214285672 1 0.285714269 1 0.357142806 0.5 0.428571403 1 0.428571403 0.5 0.5 1 0.5 0.5 0.571428537 1 0.571428537 0 0.428571403 0 0.5 0 0.571428537 0 0.642857134 0.5 0.642857134 0 0.714285731 0.5 0.714285731 0 0.785714269 0.5 0.785714269 0 0.857142866 0.5 0.857142866 0 0.928571403 0.5 0.928571403 0 1 0.5 1 1 0.642857134 1 0.714285731 1 0.785714269 1 0.857142866 1 0.928571403 1 1 0.5 0.357142806 0.5 0.285714269 0 0.357142806 0 0.285714269 0.5 0.214285672 0 0.214285672 0.5 0.142857075 0 0.142857075 0.5 0.0714285374 0 0.0714285374 0 0 0.5 0 1 0 1 0.0714285374 1 0.142857075 1 0.214285672 1 0.285714269 1 0.357142806 0.5 0.428571403 1 0.428571403 0.5 0.5 1 0.5 0.5 0.571428537 1 0.571428537 0 0.428571403 0 0.5 0 0.571428537 0 0.642857134 0.5 0.642857134 0 0.714285731 0.5 0.714285731 0 0.785714269 0.5 0.785714269 0 0.857142866 0.5 0.857142866 0 0.928571403 0.5 0.928571403 0 1 0.5 1 1 0.642857134 1 0.714285731 1 0.785714269 1 0.857142866 1 0.928571403 1 1</float_array>
        <technique_common><accessor source="#vfx_kurp_0257-mesh-uv0-array" count="2716" stride="2"><param name="S" type="float"/><param name="T" type="float"/></accessor></technique_common>
      </source>
      <source id="vfx_kurp_0257-mesh-colors">
        <float_array id="vfx_kurp_0257-mesh-colors-array" count="10864">0 0 0 0 0 0 0 1 0 0 0 0 0 0 0 1 0 0 0 0 0 0 0 0 0 0 0 0 0 0 0 0 0 0 0 0 0 0 0 0 0 0 0 1 0 0 0 0 0 0 0 1 0 0 0 0 0 0 0 1 0 0 0 0 0 0 0 1 0 0 0 0 0 0 0 1 0 0 0 0 0 0 0 1 0 0 0 0 0 0 0 1 0 0 0 0 0 0 0 0 0 0 0 0 0 0 0 0 0 0 0 0 0 0 0 0 0 0 0 0 0 0 0 1 0 0 0 0 0 0 0 1 0 0 0 0 0 0 0 0 0 0 0 0 0 0 0 0 0 0 0 1 0 0 0 0 0 0 0 1 0 0 0 0 0 0 0 1 0 0 0 0 0 0 0 1 0 0 0 0 0 0 0 1 0 0 0 0 0 0 0 1 0 0 0 0 0 0 0 1 0 0 0 0 0 0 0 0 0 0 0 0 0 0 0 0 0 0 0 0 0 0 0 0 0 0 0 0 0 0 0 1 0 0 0 0 0 0 0 1 0 0 0 0 0 0 0 0 0 0 0 0 0 0 0 0 0 0 0 1 0 0 0 0 0 0 0 1 0 0 0 0 0 0 0 1 0 0 0 0 0 0 0 1 0 0 0 0 0 0 0 1 0 0 0 0 0 0 0 1 0 0 0 0 0 0 0 1 0 0 0 0 0 0 0 0 0 0 0 0 0 0 0 0 0 0 0 0 0 0 0 0 0 0 0 0 0 0 0 1 0 0 0 0 0 0 0 1 0 0 0 0 0 0 0 0 0 0 0 0 0 0 0 0 0 0 0 0 0 0 0 0 0 0 0 0 0 0 0 0 0 0 0 0 0 0 0 1 0 0 0 0 0 0 0 1 0 0 0 0 0 0 0 0 0 0 0 0 0 0 0 0 0 0 0 0 0 0 0 0 0 0 0 1 0 0 0 0 0 0 0 1 0 0 0 0 0 0 0 1 0 0 0 0 0 0 0 1 0 0 0 0 0 0 0 1 0 0 0 0 0 0 0 1 0 0 0 0 0 0 0 1 0 0 0 0 0 0 0 0 0 0 0 0 0 0 0 0 0 0 0 0 0 0 0 0 0 0 0 0 0 0 0 1 0 0 0 0 0 0 0 1 0 0 0 0 0 0 0 0 0 0 0 0 0 0 0 0 0 0 0 1 0 0 0 0 0 0 0 1 0 0 0 0 0 0 0 1 0 0 0 0 0 0 0 1 0 0 0 0 0 0 0 1 0 0 0 0 0 0 0 1 0 0 0 0 0 0 0 1 0 0 0 0 0 0 0 0 0 0 0 0 0 0 0 0 0 0 0 0 0 0 0 0 0 0 0 0 0 0 0 1 0 0 0 0 0 0 0 1 0 0 0 0 0 0 0 0 0 0 0 0 0 0 0 0 0 0 0 1 0 0 0 0 0 0 0 1 0 0 0 0 0 0 0 1 0 0 0 0 0 0 0 1 0 0 0 0 0 0 0 1 0 0 0 0 0 0 0 1 0 0 0 0 0 0 0 1 0 0 0 0 0 0 0 0 0 0 0 0 0 0 0 0 0 0 0 0 0 0 0 0 0 0 0 0 0 0 0 1 0 0 0 0 0 0 0 1 0 0 0 0 0 0 0 0 0 0 0 0 0 0 0 0 0 0 0 0 0 0 0 0 0 0 0 1 0 0 0 1 0 0 0 0 0 0 0 0 0 0 0 1 0 0 0 0 0 0 0 0 0 0 0 0 0 0 0 0 0 0 0 0 0 0 0 0 0 0 0 0 0 0 0 1 0 0 0 0 0 0 0 1 0 0 0 0 0 0 0 1 0 0 0 0 0 0 0 1 0 0 0 0 0 0 0 1 0 0 0 0 0 0 0 0 0 0 0 0 0 0 0 0 0 0 0 0 0 0 0 0 0 0 0 0 0 0 0 1 0 0 0 0 0 0 0 1 0 0 0 0 0 0 0 1 0 0 0 0 0 0 0 1 0 0 0 0 0 0 0 0 0 0 0 0 0 0 0 0 0 0 0 1 0 0 0 0 0 0 0 1 0 0 0 0 0 0 0 1 0 0 0 0 0 0 0 1 0 0 0 0 0 0 0 1 0 0 0 0 0 0 0 0 0 0 0 0 0 0 0 0 0 0 0 0 0 0 0 0 0 0 0 0 0 0 0 1 0 0 0 0 0 0 0 1 0 0 0 0 0 0 0 1 0 0 0 0 0 0 0 1 0 0 0 0 0 0 0 0 0 0 0 0 0 0 0 0 0 0 0 1 0 0 0 0 0 0 0 1 0 0 0 0 0 0 0 1 0 0 0 0 0 0 0 1 0 0 0 0 0 0 0 1 0 0 0 0 0 0 0 0 0 0 0 0 0 0 0 0 0 0 0 0 0 0 0 0 0 0 0 0 0 0 0 1 0 0 0 0 0 0 0 1 0 0 0 0 0 0 0 1 0 0 0 0 0 0 0 0 0 0 0 0 0 0 0 0 0 0 0 0 0 0 0 0 0 0 0 1 0 0 0 1 0 0 0 0 0 0 0 0 0 0 0 1 0 0 0 0 0 0 0 0 0 0 0 0 0 0 0 0 0 0 0 0 0 0 0 0 0 0 0 0 0 0 0 1 0 0 0 0 0 0 0 1 0 0 0 0 0 0 0 1 0 0 0 0 0 0 0 1 0 0 0 0 0 0 0 1 0 0 0 0 0 0 0 0 0 0 0 0 0 0 0 0 0 0 0 0 0 0 0 0 0 0 0 0 0 0 0 1 0 0 0 0 0 0 0 1 0 0 0 0 0 0 0 1 0 0 0 0 0 0 0 1 0 0 0 0 0 0 0 0 0 0 0 0 0 0 0 0 0 0 0 1 0 0 0 0 0 0 0 1 0 0 0 0 0 0 0 1 0 0 0 0 0 0 0 1 0 0 0 0 0 0 0 1 0 0 0 0 0 0 0 0 0 0 0 0 0 0 0 0 0 0 0 0 0 0 0 0 0 0 0 0 0 0 0 1 0 0 0 0 0 0 0 1 0 0 0 0 0 0 0 1 0 0 0 0 0 0 0 1 0 0 0 0 0 0 0 0 0 0 0 0 0 0 0 0 0 0 0 1 0 0 0 0 0 0 0 1 0 0 0 0 0 0 0 1 0 0 0 0 0 0 0 1 0 0 0 0 0 0 0 1 0 0 0 0 0 0 0 0 0 0 0 0 0 0 0 0 0 0 0 0 0 0 0 0 0 0 0 0 0 0 0 1 0 0 0 0 0 0 0 1 0 0 0 0 0 0 0 1 0 0 0 0 0 0 0 0 0 0 0 0 0 0 0 0 0 0 0 0 0 0 0 0 0 0 0 0 0 0 0 0 0 0 0 1 0 0 0 1 0 0 0 1 0 0 0 1 0 0 0 1 0 0 0 1 0 0 0 1 0 0 0 1 0 0 0 0 0 0 0 0 0 0 0 0 0 0 0 1 0 0 0 1 0 0 0 1 0 0 0 1 0 0 0 1 0 0 0 1 0 0 0 1 0 0 0 1 0 0 0 1 0 0 0 1 0 0 0 1 0 0 0 1 0 0 0 1 0 0 0 1 0 0 0 1 0 0 0 1 0 0 0 1 0 0 0 1 0 0 0 1 0 0 0 1 0 0 0 1 0 0 0 1 0 0 0 1 0 0 0 1 0 0 0 1 0 0 0 1 0 0 0 1 0 0 0 1 0 0 0 1 0 0 0 1 0 0 0 1 0 0 0 0 0 0 0 0 0 0 0 0 0 0 0 1 0 0 0 1 0 0 0 1 0 0 0 1 0 0 0 1 0 0 0 1 0 0 0 1 0 0 0 1 0 0 0 0 0 0 0 0 0 0 0 0 0 0 0 1 0 0 0 1 0 0 0 1 0 0 0 1 0 0 0 1 0 0 0 1 0 0 0 1 0 0 0 1 0 0 0 1 0 0 0 1 0 0 0 1 0 0 0 1 0 0 0 1 0 0 0 1 0 0 0 1 0 0 0 1 0 0 0 1 0 0 0 1 0 0 0 1 0 0 0 1 0 0 0 1 0 0 0 1 0 0 0 1 0 0 0 1 0 0 0 1 0 0 0 1 0 0 0 1 0 0 0 1 0 0 0 1 0 0 0 1 0 0 0 1 0 0 0 0 0 0 0 0 0 0 0 0 0 0 0 0 0 0 0 1 0 0 0 0 0 0 0 1 0 0 0 0 0 0 0 1 0 0 0 0 0 0 0 1 0 0 0 0 0 0 0 0 0 0 0 0 0 0 0 0 0 0 0 0 0 0 0 0 0 0 0 0 0 0 0 0 0 0 0 1 0 0 0 0 0 0 0 1 0 0 0 0 0 0 0 1 0 0 0 0 0 0 0 1 0 0 0 0 0 0 0 1 0 0 0 0 0 0 0 0 0 0 0 0 0 0 0 0 0 0 0 0 0 0 0 1 0 0 0 0 0 0 0 1 0 0 0 0 0 0 0 1 0 0 0 0 0 0 0 1 0 0 0 0 0 0 0 0 0 0 0 0 0 0 0 0 0 0 0 0 0 0 0 0 0 0 0 0 0 0 0 0 0 0 0 0 0 0 0 1 0 0 0 0 0 0 0 1 0 0 0 0 0 0 0 1 0 0 0 0 0 0 0 1 0 0 0 0 0 0 0 0 0 0 0 0 0 0 0 0 0 0 0 0 0 0 0 0 0 0 0 0 0 0 0 0 0 0 0 1 0 0 0 0 0 0 0 1 0 0 0 0 0 0 0 1 0 0 0 0 0 0 0 1 0 0 0 0 0 0 0 1 0 0 0 0 0 0 0 0 0 0 0 0 0 0 0 0 0 0 0 0 0 0 0 1 0 0 0 0 0 0 0 1 0 0 0 0 0 0 0 1 0 0 0 0 0 0 0 1 0 0 0 0 0 0 0 0 0 0 0 0 0 0 0 0 0 0 0 0 0 0 0 0 0 0 0 0 0 0 0 0 0 0 0 0 0 0 0 1 0 0 0 0 0 0 0 1 0 0 0 0 0 0 0 1 0 0 0 0 0 0 0 1 0 0 0 0 0 0 0 0 0 0 0 0 0 0 0 0 0 0 0 0 0 0 0 0 0 0 0 0 0 0 0 0 0 0 0 1 0 0 0 0 0 0 0 1 0 0 0 0 0 0 0 1 0 0 0 0 0 0 0 1 0 0 0 0 0 0 0 1 0 0 0 0 0 0 0 0 0 0 0 0 0 0 0 0 0 0 0 0 0 0 0 1 0 0 0 0 0 0 0 1 0 0 0 0 0 0 0 1 0 0 0 0 0 0 0 1 0 0 0 0 0 0 0 0 0 0 0 0 0 0 0 0 0 0 0 0 0 0 0 0 0 0 0 0 0 0 0 0 0 0 0 0 0 0 0 1 0 0 0 0 0 0 0 1 0 0 0 0 0 0 0 1 0 0 0 0 0 0 0 1 0 0 0 0 0 0 0 0 0 0 0 0 0 0 0 0 0 0 0 0 0 0 0 0 0 0 0 0 0 0 0 0 0 0 0 1 0 0 0 0 0 0 0 1 0 0 0 0 0 0 0 1 0 0 0 0 0 0 0 1 0 0 0 0 0 0 0 1 0 0 0 0 0 0 0 0 0 0 0 0 0 0 0 0 0 0 0 0 0 0 0 1 0 0 0 0 0 0 0 1 0 0 0 0 0 0 0 1 0 0 0 0 0 0 0 1 0 0 0 0 0 0 0 0 0 0 0 0 0 0 0 0 0 0 0 0 0 0 0 0 0 0 0 0 0 0 0 0 0 0 0 0 0 0 0 1 0 0 0 0 0 0 0 1 0 0 0 0 0 0 0 1 0 0 0 0 0 0 0 1 0 0 0 0 0 0 0 0 0 0 0 0 0 0 0 0 0 0 0 0 0 0 0 0 0 0 0 0 0 0 0 0 0 0 0 1 0 0 0 0 0 0 0 1 0 0 0 0 0 0 0 1 0 0 0 0 0 0 0 1 0 0 0 0 0 0 0 1 0 0 0 0 0 0 0 0 0 0 0 0 0 0 0 0 0 0 0 0 0 0 0 1 0 0 0 0 0 0 0 1 0 0 0 0 0 0 0 1 0 0 0 0 0 0 0 1 0 0 0 0 0 0 0 0 0 0 0 0 0 0 0 0 0 0 0 0 0 0 0 0 0 0 0 0 0 0 0 0 0 0 0 0 0 0 0 1 0 0 0 0 0 0 0 1 0 0 0 0 0 0 0 1 0 0 0 0 0 0 0 1 0 0 0 0 0 0 0 0 0 0 0 0 0 0 0 0 0 0 0 0 0 0 0 0 0 0 0 0 0 0 0 0 0 0 0 1 0 0 0 0 0 0 0 1 0 0 0 0 0 0 0 1 0 0 0 0 0 0 0 1 0 0 0 0 0 0 0 1 0 0 0 0 0 0 0 0 0 0 0 0 0 0 0 0 0 0 0 0 0 0 0 1 0 0 0 0 0 0 0 1 0 0 0 0 0 0 0 1 0 0 0 0 0 0 0 1 0 0 0 0 0 0 0 0 0 0 0 0 0 0 0 0 0 0 0 0 0 0 0 0 0 0 0 0 0 0 0 0 0 0 0 0 0 0 0 1 0 0 0 0 0 0 0 1 0 0 0 0 0 0 0 1 0 0 0 0 0 0 0 1 0 0 0 0 0 0 0 0 0 0 0 0 0 0 0 0 0 0 0 0 0 0 0 0 0 0 0 0 0 0 0 0 0 0 0 1 0 0 0 0 0 0 0 1 0 0 0 0 0 0 0 1 0 0 0 0 0 0 0 1 0 0 0 0 0 0 0 1 0 0 0 0 0 0 0 0 0 0 0 0 0 0 0 0 0 0 0 0 0 0 0 1 0 0 0 0 0 0 0 1 0 0 0 0 0 0 0 1 0 0 0 0 0 0 0 1 0 0 0 0 0 0 0 0 0 0 0 0 0 0 0 0 0 0 0 0 0 0 0 0 0 0 0 0 0 0 0 0 0 0 0 0 0 0 0 1 0 0 0 0 0 0 0 1 0 0 0 0 0 0 0 1 0 0 0 0 0 0 0 1 0 0 0 0 0 0 0 0 0 0 0 0 0 0 0 0 0 0 0 0 0 0 0 0 0 0 0 0 0 0 0 0 0 0 0 1 0 0 0 0 0 0 0 1 0 0 0 0 0 0 0 1 0 0 0 0 0 0 0 1 0 0 0 0 0 0 0 1 0 0 0 0 0 0 0 0 0 0 0 0 0 0 0 0 0 0 0 0 0 0 0 1 0 0 0 0 0 0 0 1 0 0 0 0 0 0 0 1 0 0 0 0 0 0 0 1 0 0 0 0 0 0 0 0 0 0 0 0 0 0 0 0 0 0 0 0 0 0 0 0 0 0 0 0 0 0 0 0 0 0 0 0 0 0 0 1 0 0 0 0 0 0 0 1 0 0 0 0 0 0 0 1 0 0 0 0 0 0 0 1 0 0 0 0 0 0 0 0 0 0 0 0 0 0 0 0 0 0 0 0 0 0 0 0 0 0 0 0 0 0 0 0 0 0 0 1 0 0 0 0 0 0 0 1 0 0 0 0 0 0 0 1 0 0 0 0 0 0 0 1 0 0 0 0 0 0 0 1 0 0 0 0 0 0 0 0 0 0 0 0 0 0 0 0 0 0 0 0 0 0 0 1 0 0 0 0 0 0 0 1 0 0 0 0 0 0 0 1 0 0 0 0 0 0 0 1 0 0 0 0 0 0 0 0 0 0 0 0 0 0 0 0 0 0 0 0 0 0 0 0 0 0 0 0 0 0 0 0 0 0 0 0 0 0 0 1 0 0 0 0 0 0 0 1 0 0 0 0 0 0 0 1 0 0 0 0 0 0 0 1 0 0 0 0 0 0 0 0 0 0 0 0 0 0 0 0 0 0 0 0 0 0 0 0 0 0 0 0 0 0 0 0 0 0 0 1 0 0 0 0 0 0 0 1 0 0 0 0 0 0 0 1 0 0 0 0 0 0 0 1 0 0 0 0 0 0 0 1 0 0 0 0 0 0 0 0 0 0 0 0 0 0 0 0 0 0 0 0 0 0 0 1 0 0 0 0 0 0 0 1 0 0 0 0 0 0 0 1 0 0 0 0 0 0 0 1 0 0 0 0 0 0 0 0 0 0 0 0 0 0 0 0 0 0 0 0 0 0 0 0 0 0 0 0 0 0 0 0 0 0 0 0 0 0 0 1 0 0 0 0 0 0 0 1 0 0 0 0 0 0 0 1 0 0 0 0 0 0 0 1 0 0 0 0 0 0 0 0 0 0 0 0 0 0 0 0 0 0 0 0 0 0 0 0 0 0 0 0 0 0 0 0 0 0 0 1 0 0 0 0 0 0 0 1 0 0 0 0 0 0 0 1 0 0 0 0 0 0 0 1 0 0 0 0 0 0 0 1 0 0 0 0 0 0 0 0 0 0 0 0 0 0 0 0 0 0 0 0 0 0 0 1 0 0 0 0 0 0 0 1 0 0 0 0 0 0 0 1 0 0 0 0 0 0 0 1 0 0 0 0 0 0 0 0 0 0 0 0 0 0 0 0 0 0 0 0 0 0 0 0 0 0 0 0 0 0 0 0 0 0 0 0 0 0 0 1 0 0 0 0 0 0 0 1 0 0 0 0 0 0 0 1 0 0 0 0 0 0 0 1 0 0 0 0 0 0 0 0 0 0 0 0 0 0 0 0 0 0 0 0 0 0 0 0 0 0 0 0 0 0 0 0 0 0 0 1 0 0 0 0 0 0 0 1 0 0 0 0 0 0 0 1 0 0 0 0 0 0 0 1 0 0 0 0 0 0 0 1 0 0 0 0 0 0 0 0 0 0 0 0 0 0 0 0 0 0 0 0 0 0 0 1 0 0 0 0 0 0 0 1 0 0 0 0 0 0 0 1 0 0 0 0 0 0 0 1 0 0 0 0 0 0 0 0 0 0 0 0 0 0 0 0 0 0 0 0 0 0 0 0 0 0 0 0 0 0 0 0 0 0 0 0 0 0 0 1 0 0 0 0 0 0 0 1 0 0 0 0 0 0 0 1 0 0 0 0 0 0 0 1 0 0 0 0 0 0 0 0 0 0 0 0 0 0 0 0 0 0 0 0 0 0 0 0 0 0 0 0 0 0 0 0 0 0 0 1 0 0 0 0 0 0 0 1 0 0 0 0 0 0 0 1 0 0 0 0 0 0 0 1 0 0 0 0 0 0 0 1 0 0 0 0 0 0 0 0 0 0 0 0 0 0 0 0 0 0 0 0 0 0 0 1 0 0 0 0 0 0 0 1 0 0 0 0 0 0 0 1 0 0 0 0 0 0 0 1 0 0 0 0 0 0 0 0 0 0 0 0 0 0 0 0 0 0 0 0 0 0 0 0 0 0 0 0 0 0 0 0 0 0 0 0 0 0 0 1 0 0 0 0 0 0 0 1 0 0 0 0 0 0 0 1 0 0 0 0 0 0 0 1 0 0 0 0 0 0 0 0 0 0 0 0 0 0 0 0 0 0 0 0 0 0 0 0 0 0 0 0 0 0 0 0 0 0 0 1 0 0 0 0 0 0 0 1 0 0 0 0 0 0 0 1 0 0 0 0 0 0 0 1 0 0 0 0 0 0 0 1 0 0 0 0 0 0 0 0 0 0 0 0 0 0 0 0 0 0 0 0 0 0 0 1 0 0 0 0 0 0 0 1 0 0 0 0 0 0 0 1 0 0 0 0 0 0 0 1 0 0 0 0 0 0 0 0 0 0 0 0 0 0 0 0 0 0 0 0 0 0 0 0 0 0 0 0 0 0 0 0 0 0 0 0 0 0 0 1 0 0 0 0 0 0 0 1 0 0 0 0 0 0 0 1 0 0 0 0 0 0 0 1 0 0 0 0 0 0 0 0 0 0 0 0 0 0 0 0 0 0 0 0 0 0 0 0 0 0 0 0 0 0 0 0 0 0 0 1 0 0 0 0 0 0 0 1 0 0 0 0 0 0 0 1 0 0 0 0 0 0 0 1 0 0 0 0 0 0 0 1 0 0 0 0 0 0 0 0 0 0 0 0 0 0 0 0 0 0 0 0 0 0 0 1 0 0 0 0 0 0 0 1 0 0 0 0 0 0 0 1 0 0 0 0 0 0 0 1 0 0 0 0 0 0 0 0 0 0 0 0 0 0 0 0 0 0 0 0 0 0 0 0 0 0 0 0 0 0 0 0 0 0 0 0 0 0 0 1 0 0 0 0 0 0 0 1 0 0 0 0 0 0 0 1 0 0 0 0 0 0 0 1 0 0 0 0 0 0 0 0 0 0 0 0 0 0 0 0 0 0 0 0 0 0 0 0 0 0 0 0 0 0 0 0 0 0 0 1 0 0 0 0 0 0 0 1 0 0 0 0 0 0 0 1 0 0 0 0 0 0 0 1 0 0 0 0 0 0 0 1 0 0 0 0 0 0 0 0 0 0 0 0 0 0 0 0 0 0 0 0 0 0 0 1 0 0 0 0 0 0 0 1 0 0 0 0 0 0 0 1 0 0 0 0 0 0 0 1 0 0 0 0 0 0 0 0 0 0 0 0 0 0 0 0 0 0 0 0 0 0 0 0 0 0 0 0 0 0 0 0 0 0 0 0 0 0 0 1 0 0 0 0 0 0 0 1 0 0 0 0 0 0 0 1 0 0 0 0 0 0 0 1 0 0 0 0 0 0 0 0 0 0 0 0 0 0 0 0 0 0 0 0 0 0 0 0 0 0 0 0 0 0 0 0 0 0 0 1 0 0 0 0 0 0 0 1 0 0 0 0 0 0 0 1 0 0 0 0 0 0 0 1 0 0 0 0 0 0 0 1 0 0 0 0 0 0 0 0 0 0 0 0 0 0 0 0 0 0 0 0 0 0 0 1 0 0 0 0 0 0 0 1 0 0 0 0 0 0 0 1 0 0 0 0 0 0 0 1 0 0 0 0 0 0 0 0 0 0 0 0 0 0 0 0 0 0 0 0 0 0 0 0 0 0 0 0 0 0 0 0 0 0 0 0 0 0 0 1 0 0 0 0 0 0 0 1 0 0 0 0 0 0 0 1 0 0 0 0 0 0 0 1 0 0 0 0 0 0 0 0 0 0 0 0 0 0 0 0 0 0 0 0 0 0 0 0 0 0 0 0 0 0 0 0 0 0 0 1 0 0 0 0 0 0 0 1 0 0 0 0 0 0 0 1 0 0 0 0 0 0 0 1 0 0 0 0 0 0 0 1 0 0 0 0 0 0 0 0 0 0 0 0 0 0 0 0 0 0 0 0 0 0 0 1 0 0 0 0 0 0 0 1 0 0 0 0 0 0 0 1 0 0 0 0 0 0 0 1 0 0 0 0 0 0 0 0 0 0 0 0 0 0 0 0 0 0 0 0 0 0 0 0 0 0 0 0 0 0 0 0 0 0 0 0 0 0 0 1 0 0 0 0 0 0 0 1 0 0 0 0 0 0 0 1 0 0 0 0 0 0 0 1 0 0 0 0 0 0 0 0 0 0 0 0 0 0 0 0 0 0 0 0 0 0 0 0 0 0 0 0 0 0 0 0 0 0 0 1 0 0 0 0 0 0 0 1 0 0 0 0 0 0 0 1 0 0 0 0 0 0 0 1 0 0 0 0 0 0 0 1 0 0 0 0 0 0 0 0 0 0 0 0 0 0 0 0 0 0 0 0 0 0 0 1 0 0 0 0 0 0 0 1 0 0 0 0 0 0 0 1 0 0 0 0 0 0 0 1 0 0 0 0 0 0 0 0 0 0 0 0 0 0 0 0 0 0 0 0 0 0 0 0 0 0 0 0 0 0 0 0 0 0 0 0 0 0 0 1 0 0 0 0 0 0 0 1 0 0 0 0 0 0 0 1 0 0 0 0 0 0 0 1 0 0 0 0 0 0 0 0 0 0 0 0 0 0 0 0 0 0 0 0 0 0 0 0 0 0 0 0 0 0 0 0 0 0 0 1 0 0 0 0 0 0 0 1 0 0 0 0 0 0 0 1 0 0 0 0 0 0 0 1 0 0 0 0 0 0 0 1 0 0 0 0 0 0 0 0 0 0 0 0 0 0 0 0 0 0 0 0 0 0 0 1 0 0 0 0 0 0 0 1 0 0 0 0 0 0 0 1 0 0 0 0 0 0 0 1 0 0 0 0 0 0 0 0 0 0 0 0 0 0 0 0 0 0 0 0 0 0 0 0 0 0 0 0 0 0 0 0 0 0 0 0 0 0 0 1 0 0 0 0 0 0 0 1 0 0 0 0 0 0 0 1 0 0 0 0 0 0 0 1 0 0 0 0 0 0 0 0 0 0 0 0 0 0 0 0 0 0 0 0 0 0 0 0 0 0 0 0 0 0 0 0 0 0 0 1 0 0 0 0 0 0 0 1 0 0 0 0 0 0 0 1 0 0 0 0 0 0 0 1 0 0 0 0 0 0 0 1 0 0 0 0 0 0 0 0 0 0 0 0 0 0 0 0 0 0 0 0 0 0 0 1 0 0 0 0 0 0 0 1 0 0 0 0 0 0 0 1 0 0 0 0 0 0 0 1 0 0 0 0 0 0 0 0 0 0 0 0 0 0 0 0 0 0 0 0 0 0 0 0 0 0 0 0 0 0 0 0 0 0 0 0 0 0 0 1 0 0 0 0 0 0 0 1 0 0 0 0 0 0 0 1 0 0 0 0 0 0 0 1 0 0 0 0 0 0 0 0 0 0 0 0 0 0 0 0 0 0 0 0 0 0 0 0 0 0 0 0 0 0 0 0 0 0 0 1 0 0 0 0 0 0 0 1 0 0 0 0 0 0 0 1 0 0 0 0 0 0 0 1 0 0 0 0 0 0 0 1 0 0 0 0 0 0 0 0 0 0 0 0 0 0 0 0 0 0 0 0 0 0 0 1 0 0 0 0 0 0 0 1 0 0 0 0 0 0 0 1 0 0 0 0 0 0 0 1 0 0 0 0 0 0 0 0 0 0 0 0 0 0 0 0 0 0 0 0 0 0 0 0 0 0 0 0 0 0 0 0 0 0 0 0 0 0 0 1 0 0 0 0 0 0 0 1 0 0 0 0 0 0 0 1 0 0 0 0 0 0 0 1 0 0 0 0 0 0 0 0 0 0 0 0 0 0 0 0 0 0 0 0 0 0 0 0 0 0 0 0 0 0 0 0 0 0 0 1 0 0 0 0 0 0 0 1 0 0 0 0 0 0 0 1 0 0 0 0 0 0 0 1 0 0 0 0 0 0 0 1 0 0 0 0 0 0 0 0 0 0 0 0 0 0 0 0 0 0 0 0 0 0 0 1 0 0 0 0 0 0 0 1 0 0 0 0 0 0 0 1 0 0 0 0 0 0 0 1 0 0 0 0 0 0 0 0 0 0 0 0 0 0 0 0 0 0 0 0 0 0 0 0 0 0 0 0 0 0 0 0 0 0 0 0 0 0 0 1 0 0 0 0 0 0 0 1 0 0 0 0 0 0 0 1 0 0 0 0 0 0 0 1 0 0 0 0 0 0 0 0 0 0 0 0 0 0 0 0 0 0 0 0 0 0 0 0 0 0 0 0 0 0 0 0 0 0 0 1 0 0 0 0 0 0 0 1 0 0 0 0 0 0 0 1 0 0 0 0 0 0 0 1 0 0 0 0 0 0 0 1 0 0 0 0 0 0 0 0 0 0 0 0 0 0 0 0 0 0 0 0 0 0 0 1 0 0 0 0 0 0 0 1 0 0 0 0 0 0 0 1 0 0 0 0 0 0 0 1 0 0 0 0 0 0 0 0 0 0 0 0 0 0 0 0 0 0 0 0 0 0 0 0 0 0 0 0 0 0 0 0 0 0 0 1 0 0 0 1 0 0 0 0 0 0 0 0 0 0 0 1 0 0 0 0 0 0 0 1 0 0 0 0 0 0 0 1 0 0 0 0 0 0 0 0 0 0 0 0 0 0 0 0 0 0 0 0 0 0 0 0 0 0 0 0 0 0 0 0 0 0 0 0 0 0 0 1 0 0 0 0 0 0 0 1 0 0 0 0 0 0 0 1 0 0 0 0 0 0 0 0 0 0 0 0 0 0 0 0 0 0 0 0 0 0 0 1 0 0 0 0 0 0 0 1 0 0 0 0 0 0 0 1 0 0 0 0 0 0 0 1 0 0 0 0 0 0 0 1 0 0 0 0 0 0 0 0 0 0 0 0 0 0 0 0 0 0 0 0 0 0 0 0 0 0 0 0 0 0 0 0 0 0 0 1 0 0 0 1 0 0 0 0 0 0 0 0 0 0 0 1 0 0 0 0 0 0 0 1 0 0 0 0 0 0 0 1 0 0 0 0 0 0 0 0 0 0 0 0 0 0 0 0 0 0 0 0 0 0 0 0 0 0 0 0 0 0 0 0 0 0 0 0 0 0 0 1 0 0 0 0 0 0 0 1 0 0 0 0 0 0 0 1 0 0 0 0 0 0 0 0 0 0 0 0 0 0 0 0 0 0 0 0 0 0 0 1 0 0 0 0 0 0 0 1 0 0 0 0 0 0 0 1 0 0 0 0 0 0 0 1 0 0 0 0 0 0 0 1 0 0 0 0 0 0 0 0 0 0 0 0 0 0 0 0 0 0 0 0 0 0 0 0 0 0 0 0 0 0 0 0 0 0 0 1 0 0 0 1 0 0 0 0 0 0 0 0 0 0 0 1 0 0 0 0 0 0 0 1 0 0 0 0 0 0 0 1 0 0 0 0 0 0 0 0 0 0 0 0 0 0 0 0 0 0 0 0 0 0 0 0 0 0 0 0 0 0 0 0 0 0 0 0 0 0 0 1 0 0 0 0 0 0 0 1 0 0 0 0 0 0 0 1 0 0 0 0 0 0 0 0 0 0 0 0 0 0 0 0 0 0 0 0 0 0 0 1 0 0 0 0 0 0 0 1 0 0 0 0 0 0 0 1 0 0 0 0 0 0 0 1 0 0 0 0 0 0 0 1 0 0 0 0 0 0 0 0 0 0 0 0 0 0 0 0 0 0 0 0 0 0 0 0 0 0 0 0 0 0 0 0 0 0 0 1 0 0 0 1 0 0 0 0 0 0 0 0 0 0 0 1 0 0 0 0 0 0 0 1 0 0 0 0 0 0 0 1 0 0 0 0 0 0 0 0 0 0 0 0 0 0 0 0 0 0 0 0 0 0 0 0 0 0 0 0 0 0 0 0 0 0 0 0 0 0 0 1 0 0 0 0 0 0 0 1 0 0 0 0 0 0 0 1 0 0 0 0 0 0 0 0 0 0 0 0 0 0 0 0 0 0 0 0 0 0 0 1 0 0 0 0 0 0 0 1 0 0 0 0 0 0 0 1 0 0 0 0 0 0 0 1 0 0 0 0 0 0 0 1 0 0 0 0 0 0 0 0 0 0 0 0 0 0 0 0 0 0 0 0 0 0 0 0 0 0 0 0 0 0 0 0 0 0 0 1 0 0 0 1 0 0 0 0 0 0 0 0 0 0 0 1 0 0 0 0 0 0 0 1 0 0 0 0 0 0 0 1 0 0 0 0 0 0 0 0 0 0 0 0 0 0 0 0 0 0 0 0 0 0 0 0 0 0 0 0 0 0 0 0 0 0 0 0 0 0 0 1 0 0 0 0 0 0 0 1 0 0 0 0 0 0 0 1 0 0 0 0 0 0 0 0 0 0 0 0 0 0 0 0 0 0 0 0 0 0 0 1 0 0 0 0 0 0 0 1 0 0 0 0 0 0 0 1 0 0 0 0 0 0 0 1 0 0 0 0 0 0 0 1 0 0 0 0 0 0 0 0 0 0 0 0 0 0 0 0 0 0 0 0 0 0 0 0 0 0 0 0 0 0 0 0 0 0 0 1 0 0 0 1 0 0 0 0 0 0 0 0 0 0 0 1 0 0 0 0 0 0 0 1 0 0 0 0 0 0 0 1 0 0 0 0 0 0 0 0 0 0 0 0 0 0 0 0 0 0 0 0 0 0 0 0 0 0 0 0 0 0 0 0 0 0 0 0 0 0 0 1 0 0 0 0 0 0 0 1 0 0 0 0 0 0 0 1 0 0 0 0 0 0 0 0 0 0 0 0 0 0 0 0 0 0 0 0 0 0 0 1 0 0 0 0 0 0 0 1 0 0 0 0 0 0 0 1 0 0 0 0 0 0 0 1 0 0 0 0 0 0 0 1 0 0 0 0 0 0 0 0 0 0 0 0 0 0 0 0 0 0 0 0 0 0 0 0 0 0 0 0 0 0 0 0 0 0 0 1 0 0 0 1 0 0 0 0 0 0 0 0 0 0 0 1 0 0 0 0 0 0 0 1 0 0 0 0 0 0 0 1 0 0 0 0 0 0 0 0 0 0 0 0 0 0 0 0 0 0 0 0 0 0 0 0 0 0 0 0 0 0 0 0 0 0 0 0 0 0 0 1 0 0 0 0 0 0 0 1 0 0 0 0 0 0 0 1 0 0 0 0 0 0 0 0 0 0 0 0 0 0 0 0 0 0 0 0 0 0 0 1 0 0 0 0 0 0 0 1 0 0 0 0 0 0 0 1 0 0 0 0 0 0 0 1 0 0 0 0 0 0 0 1 0 0 0 0 0 0 0 0 0 0 0 0 0 0 0 0 0 0 0 0 0 0 0 0 0 0 0 0 0 0 0 0 0 0 0 1 0 0 0 1 0 0 0 0 0 0 0 0 0 0 0 1 0 0 0 0 0 0 0 1 0 0 0 0 0 0 0 1 0 0 0 0 0 0 0 0 0 0 0 0 0 0 0 0 0 0 0 0 0 0 0 0 0 0 0 0 0 0 0 0 0 0 0 0 0 0 0 1 0 0 0 0 0 0 0 1 0 0 0 0 0 0 0 1 0 0 0 0 0 0 0 0 0 0 0 0 0 0 0 0 0 0 0 0 0 0 0 1 0 0 0 0 0 0 0 1 0 0 0 0 0 0 0 1 0 0 0 0 0 0 0 1 0 0 0 0 0 0 0 1 0 0 0 0 0 0 0 0 0 0 0 0 0 0 0 0 0 0 0 0 0 0 0 0 0 0 0 0 0 0 0 0 0 0 0 1 0 0 0 1 0 0 0 0 0 0 0 0 0 0 0 1 0 0 0 0 0 0 0 1 0 0 0 0 0 0 0 1 0 0 0 0 0 0 0 0 0 0 0 0 0 0 0 0 0 0 0 0 0 0 0 0 0 0 0 0 0 0 0 0 0 0 0 0 0 0 0 1 0 0 0 0 0 0 0 1 0 0 0 0 0 0 0 1 0 0 0 0 0 0 0 0 0 0 0 0 0 0 0 0 0 0 0 0 0 0 0 1 0 0 0 0 0 0 0 1 0 0 0 0 0 0 0 1 0 0 0 0 0 0 0 1 0 0 0 0 0 0 0 1 0 0 0 0 0 0 0 0 0 0 0 0 0 0 0 0 0 0 0 0 0 0 0 0 0 0 0 0 0 0 0 0 0 0 0 1 0 0 0 1 0 0 0 0 0 0 0 0 0 0 0 1 0 0 0 0 0 0 0 1 0 0 0 0 0 0 0 1 0 0 0 0 0 0 0 0 0 0 0 0 0 0 0 0 0 0 0 0 0 0 0 0 0 0 0 0 0 0 0 0 0 0 0 0 0 0 0 1 0 0 0 0 0 0 0 1 0 0 0 0 0 0 0 1 0 0 0 0 0 0 0 0 0 0 0 0 0 0 0 0 0 0 0 0 0 0 0 1 0 0 0 0 0 0 0 1 0 0 0 0 0 0 0 1 0 0 0 0 0 0 0 1 0 0 0 0 0 0 0 1 0 0 0 0 0 0 0 0 0 0 0 0 0 0 0 0 0 0 0 0 0 0 0 0 0 0 0 0 0 0 0 0 0 0 0 1 0 0 0 1 0 0 0 0 0 0 0 0 0 0 0 1 0 0 0 0 0 0 0 1 0 0 0 0 0 0 0 1 0 0 0 0 0 0 0 0 0 0 0 0 0 0 0 0 0 0 0 0 0 0 0 0 0 0 0 0 0 0 0 0 0 0 0 0 0 0 0 1 0 0 0 0 0 0 0 1 0 0 0 0 0 0 0 1 0 0 0 0 0 0 0 0 0 0 0 0 0 0 0 0 0 0 0 0 0 0 0 1 0 0 0 0 0 0 0 1 0 0 0 0 0 0 0 1 0 0 0 0 0 0 0 1 0 0 0 0 0 0 0 1 0 0 0 0 0 0 0 0 0 0 0 0 0 0 0 0 0 0 0 0 0 0 0 0 0 0 0 0 0 0 0 0 0 0 0 1 0 0 0 1 0 0 0 0 0 0 0 0 0 0 0 1 0 0 0 0 0 0 0 1 0 0 0 0 0 0 0 1 0 0 0 0 0 0 0 0 0 0 0 0 0 0 0 0 0 0 0 0 0 0 0 0 0 0 0 0 0 0 0 0 0 0 0 0 0 0 0 1 0 0 0 0 0 0 0 1 0 0 0 0 0 0 0 1 0 0 0 0 0 0 0 0 0 0 0 0 0 0 0 0 0 0 0 0 0 0 0 1 0 0 0 0 0 0 0 1 0 0 0 0 0 0 0 1 0 0 0 0 0 0 0 1 0 0 0 0 0 0 0 1 0 0 0 0 0 0 0 0 0 0 0 0 0 0 0 0 0 0 0 0 0 0 0 0 0 0 0 0 0 0 0 0 0 0 0 1 0 0 0 1 0 0 0 0 0 0 0 0 0 0 0 1 0 0 0 0 0 0 0 1 0 0 0 0 0 0 0 1 0 0 0 0 0 0 0 0 0 0 0 0 0 0 0 0 0 0 0 0 0 0 0 0 0 0 0 0 0 0 0 0 0 0 0 0 0 0 0 1 0 0 0 0 0 0 0 1 0 0 0 0 0 0 0 1 0 0 0 0 0 0 0 0 0 0 0 0 0 0 0 0 0 0 0 0 0 0 0 1 0 0 0 0 0 0 0 1 0 0 0 0 0 0 0 1 0 0 0 0 0 0 0 1 0 0 0 0 0 0 0 1 0 0 0 0 0 0 0 0 0 0 0 0 0 0 0 0 0 0 0 0 0 0 0 0 0 0 0 0 0 0 0 0 0 0 0 1 0 0 0 1 0 0 0 0 0 0 0 0 0 0 0 1 0 0 0 0 0 0 0 1 0 0 0 0 0 0 0 1 0 0 0 0 0 0 0 0 0 0 0 0 0 0 0 0 0 0 0 0 0 0 0 0 0 0 0 0 0 0 0 0 0 0 0 0 0 0 0 1 0 0 0 0 0 0 0 1 0 0 0 0 0 0 0 1 0 0 0 0 0 0 0 0 0 0 0 0 0 0 0 0 0 0 0 0 0 0 0 1 0 0 0 0 0 0 0 1 0 0 0 0 0 0 0 1 0 0 0 0 0 0 0 1 0 0 0 0 0 0 0 1 0 0 0 0 0 0 0 0 0 0 0 0 0 0 0 0 0 0 0 0 0 0 0 0 0 0 0 0 0 0 0 0 0 0 0 1 0 0 0 1 0 0 0 0 0 0 0 0 0 0 0 1 0 0 0 0 0 0 0 1 0 0 0 0 0 0 0 1 0 0 0 0 0 0 0 0 0 0 0 0 0 0 0 0 0 0 0 0 0 0 0 0 0 0 0 0 0 0 0 0 0 0 0 0 0 0 0 1 0 0 0 0 0 0 0 1 0 0 0 0 0 0 0 1 0 0 0 0 0 0 0 0 0 0 0 0 0 0 0 0 0 0 0 0 0 0 0 1 0 0 0 0 0 0 0 1 0 0 0 0 0 0 0 1 0 0 0 0 0 0 0 1 0 0 0 0 0 0 0 1 0 0 0 0 0 0 0 0 0 0 0 0 0 0 0 0 0 0 0 0 0 0 0 0 0 0 0 0 0 0 0 0 0 0 0 1 0 0 0 1 0 0 0 0 0 0 0 0 0 0 0 1 0 0 0 0 0 0 0 1 0 0 0 0 0 0 0 1 0 0 0 0 0 0 0 0 0 0 0 0 0 0 0 0 0 0 0 0 0 0 0 0 0 0 0 0 0 0 0 0 0 0 0 0 0 0 0 1 0 0 0 0 0 0 0 1 0 0 0 0 0 0 0 1 0 0 0 0 0 0 0 0 0 0 0 0 0 0 0 0 0 0 0 0 0 0 0 1 0 0 0 0 0 0 0 1 0 0 0 0 0 0 0 1 0 0 0 0 0 0 0 1 0 0 0 0 0 0 0 1 0 0 0 0 0 0 0 0 0 0 0 0 0 0 0 0 0 0 0 0 0 0 0 0 0 0 0 0 0 0 0 0 0 0 0 1 0 0 0 1 0 0 0 0 0 0 0 0 0 0 0 1 0 0 0 0 0 0 0 1 0 0 0 0 0 0 0 1 0 0 0 0 0 0 0 0 0 0 0 0 0 0 0 0 0 0 0 0 0 0 0 0 0 0 0 0 0 0 0 0 0 0 0 0 0 0 0 1 0 0 0 0 0 0 0 1 0 0 0 0 0 0 0 1 0 0 0 0 0 0 0 0 0 0 0 0 0 0 0 0 0 0 0 0 0 0 0 1 0 0 0 0 0 0 0 1 0 0 0 0 0 0 0 1 0 0 0 0 0 0 0 1 0 0 0 0 0 0 0 1 0 0 0 0 0 0 0 0 0 0 0 0 0 0 0 0 0 0 0 0 0 0 0 0 0 0 0 0 0 0 0 0 0 0 0 1 0 0 0 1 0 0 0 0 0 0 0 0 0 0 0 1 0 0 0 0 0 0 0 1 0 0 0 0 0 0 0 1 0 0 0 0 0 0 0 0 0 0 0 0 0 0 0 0 0 0 0 0 0 0 0 0 0 0 0 0 0 0 0 0 0 0 0 0 0 0 0 1 0 0 0 0 0 0 0 1 0 0 0 0 0 0 0 1 0 0 0 0 0 0 0 0 0 0 0 0 0 0 0 0 0 0 0 0 0 0 0 1 0 0 0 0 0 0 0 1 0 0 0 0 0 0 0 1 0 0 0 0 0 0 0 1 0 0 0 0 0 0 0 1 0 0 0 0 0 0 0 0 0 0 0 0 0 0 0 0 0 0 0 0 0 0 0 0 0 0 0 0 0 0 0 0 0 0 0 1 0 0 0 1 0 0 0 0 0 0 0 0 0 0 0 1 0 0 0 0 0 0 0 1 0 0 0 0 0 0 0 1 0 0 0 0 0 0 0 0 0 0 0 0 0 0 0 0 0 0 0 0 0 0 0 0 0 0 0 0 0 0 0 0 0 0 0 0 0 0 0 1 0 0 0 0 0 0 0 1 0 0 0 0 0 0 0 1 0 0 0 0 0 0 0 0 0 0 0 0 0 0 0 0 0 0 0 0 0 0 0 1 0 0 0 0 0 0 0 1 0 0 0 0 0 0 0 1 0 0 0 0 0 0 0 1 0 0 0 0 0 0 0 1 0 0 0 0 0 0 0 0 0 0 0 0 0 0 0 0 0 0 0 0 0 0 0 0 0 0 0 0 0 0 0 0 0 0 0 1 0 0 0 1 0 0 0 0 0 0 0 0 0 0 0 1 0 0 0 0 0 0 0 1 0 0 0 0 0 0 0 1 0 0 0 0 0 0 0 0 0 0 0 0 0 0 0 0 0 0 0 0 0 0 0 0 0 0 0 0 0 0 0 0 0 0 0 0 0 0 0 1 0 0 0 0 0 0 0 1 0 0 0 0 0 0 0 1 0 0 0 0 0 0 0 0 0 0 0 0 0 0 0 0 0 0 0 0 0 0 0 1 0 0 0 0 0 0 0 1 0 0 0 0 0 0 0 1 0 0 0 0 0 0 0 1 0 0 0 0 0 0 0 1 0 0 0 0 0 0 0 0 0 0 0 0 0 0 0 0 0 0 0 0 0 0 0 0 0 0 0 0 0 0 0 0 0 0 0 1 0 0 0 1 0 0 0 0 0 0 0 0 0 0 0 1 0 0 0 0 0 0 0 1 0 0 0 0 0 0 0 1 0 0 0 0 0 0 0 0 0 0 0 0 0 0 0 0 0 0 0 0 0 0 0 0 0 0 0 0 0 0 0 0 0 0 0 0 0 0 0 1 0 0 0 0 0 0 0 1 0 0 0 0 0 0 0 1 0 0 0 0 0 0 0 0 0 0 0 0 0 0 0 0 0 0 0 0 0 0 0 1 0 0 0 0 0 0 0 1 0 0 0 0 0 0 0 1 0 0 0 0 0 0 0 1 0 0 0 0 0 0 0 1 0 0 0 0 0 0 0 0 0 0 0 0 0 0 0 0 0 0 0 0 0 0 0 0 0 0 0 0 0 0 0 0 0 0 0 1 0 0 0 1 0 0 0 0 0 0 0 0 0 0 0 1 0 0 0 0 0 0 0 1 0 0 0 0 0 0 0 1 0 0 0 0 0 0 0 0 0 0 0 0 0 0 0 0 0 0 0 0 0 0 0 0 0 0 0 0 0 0 0 0 0 0 0 0 0 0 0 1 0 0 0 0 0 0 0 1 0 0 0 0 0 0 0 1 0 0 0 0 0 0 0 0 0 0 0 0 0 0 0 0 0 0 0 0 0 0 0 1 0 0 0 0 0 0 0 1 0 0 0 0 0 0 0 1 0 0 0 0 0 0 0 1 0 0 0 0 0 0 0 1 0 0 0 0 0 0 0 0 0 0 0 0 0 0 0 0 0 0 0 0 0 0 0 0 0 0 0 0 0 0 0 0 0 0 0 1 0 0 0 1 0 0 0 0 0 0 0 0 0 0 0 1 0 0 0 0 0 0 0 1 0 0 0 0 0 0 0 1 0 0 0 0 0 0 0 0 0 0 0 0 0 0 0 0 0 0 0 0 0 0 0 0 0 0 0 0 0 0 0 0 0 0 0 0 0 0 0 1 0 0 0 0 0 0 0 1 0 0 0 0 0 0 0 1 0 0 0 0 0 0 0 0 0 0 0 0 0 0 0 0 0 0 0 0 0 0 0 1 0 0 0 0 0 0 0 1 0 0 0 0 0 0 0 1 0 0 0 0 0 0 0 1 0 0 0 0 0 0 0 1 0 0 0 0 0 0 0 0 0 0 0 0 0 0 0 0 0 0 0 0 0 0 0 0 0 0 0 0 0 0 0 0 0 0 0 1 0 0 0 1 0 0 0 0 0 0 0 0 0 0 0 1 0 0 0 0 0 0 0 1 0 0 0 0 0 0 0 1 0 0 0 0 0 0 0 0 0 0 0 0 0 0 0 0 0 0 0 0 0 0 0 0 0 0 0 0 0 0 0 0 0 0 0 0 0 0 0 1 0 0 0 0 0 0 0 1 0 0 0 0 0 0 0 1 0 0 0 0 0 0 0 0 0 0 0 0 0 0 0 0 0 0 0 0 0 0 0 1 0 0 0 0 0 0 0 1 0 0 0 0 0 0 0 1 0 0 0 0 0 0 0 1 0 0 0 0 0 0 0 1 0 0 0 0 0 0 0 0 0 0 0 0 0 0 0 0 0 0 0 0 0 0 0 0 0 0 0 0 0 0 0 0 0 0 0 1 0 0 0 1 0 0 0 1 0 0 0 1 0 0 0 1 0 0 0 1 0 0 0 1 0 0 0 1 0 0 0 1 0 0 0 1 0 0 0 0 0 0 0 0 0 0 0 0 0 0 0 1 0 0 0 1 0 0 0 1 0 0 0 1 0 0 0 1 0 0 0 1 0 0 0 1 0 0 0 1 0 0 0 1 0 0 0 1 0 0 0 1 0 0 0 1 0 0 0 1 0 0 0 1 0 0 0 1 0 0 0 1 0 0 0 1 0 0 0 1 0 0 0 1 0 0 0 1 0 0 0 1 0 0 0 1 0 0 0 1 0 0 0 1 0 0 0 0 0 0 0 0 0 0 0 1 0 0 0 1 0 0 0 1 0 0 0 1 0 0 0 1 0 0 0 0 0 0 0 1 0 0 0 1 0 0 0 1 0 0 0 1 0 0 0 1 0 0 0 1 0 0 0 1 0 0 0 1 0 0 0 1 0 0 0 1 0 0 0 0 0 0 0 0 0 0 0 0 0 0 0 1 0 0 0 1 0 0 0 1 0 0 0 1 0 0 0 1 0 0 0 1 0 0 0 1 0 0 0 1 0 0 0 1 0 0 0 1 0 0 0 1 0 0 0 1 0 0 0 1 0 0 0 1 0 0 0 1 0 0 0 1 0 0 0 1 0 0 0 1 0 0 0 1 0 0 0 1 0 0 0 1 0 0 0 1 0 0 0 1 0 0 0 1 0 0 0 0 0 0 0 0 0 0 0 1 0 0 0 1 0 0 0 1 0 0 0 1 0 0 0 1 0 0 0 0</float_array>
        <technique_common><accessor source="#vfx_kurp_0257-mesh-colors-array" count="2716" stride="4"><param name="R" type="float"/><param name="G" type="float"/><param name="B" type="float"/><param name="A" type="float"/></accessor></technique_common>
      </source>
      <vertices id="vfx_kurp_0257-mesh-vertices"><input semantic="POSITION" source="#vfx_kurp_0257-mesh-positions"/></vertices>
      <triangles material="PreviewMaterial" count="3392">
        <input semantic="VERTEX" source="#vfx_kurp_0257-mesh-vertices" offset="0"/>
        <input semantic="NORMAL" source="#vfx_kurp_0257-mesh-normals" offset="1"/>
        <input semantic="TEXCOORD" source="#vfx_kurp_0257-mesh-uv0" offset="2" set="0"/>
        <input semantic="COLOR" source="#vfx_kurp_0257-mesh-colors" offset="3" set="0"/>
        <p>0 0 0 0 1 1 1 1 2 2 2 2 3 3 3 3 2 2 2 2 1 1 1 1 2 2 2 2 3 3 3 3 4 4 4 4 5 5 5 5 4 4 4 4 3 3 3 3 6 6 6 6 5 5 5 5 7 7 7 7 3 3 3 3 7 7 7 7 5 5 5 5 7 7 7 7 3 3 3 3 8 8 8 8 1 1 1 1 8 8 8 8 3 3 3 3 8 8 8 8 1 1 1 1 9 9 9 9 10 10 10 10 9 9 9 9 1 1 1 1 9 9 9 9 10 10 10 10 11 11 11 11 12 12 12 12 11 11 11 11 10 10 10 10 11 11 11 11 12 12 12 12 13 13 13 13 14 14 14 14 13 13 13 13 12 12 12 12 13 13 13 13 14 14 14 14 15 15 15 15 16 16 16 16 15 15 15 15 14 14 14 14 15 15 15 15 16 16 16 16 17 17 17 17 18 18 18 18 17 17 17 17 16 16 16 16 17 17 17 17 18 18 18 18 19 19 19 19 20 20 20 20 19 19 19 19 18 18 18 18 19 19 19 19 20 20 20 20 21 21 21 21 22 22 22 22 21 21 21 21 20 20 20 20 1 1 1 1 0 0 0 0 10 10 10 10 23 23 23 23 10 10 10 10 0 0 0 0 10 10 10 10 23 23 23 23 12 12 12 12 24 24 24 24 12 12 12 12 23 23 23 23 12 12 12 12 24 24 24 24 14 14 14 14 25 25 25 25 14 14 14 14 24 24 24 24 14 14 14 14 25 25 25 25 16 16 16 16 26 26 26 26 16 16 16 16 25 25 25 25 16 16 16 16 26 26 26 26 18 18 18 18 27 27 27 27 18 18 18 18 26 26 26 26 18 18 18 18 27 27 27 27 20 20 20 20 28 28 28 28 20 20 20 20 27 27 27 27 20 20 20 20 28 28 28 28 22 22 22 22 29 29 29 29 22 22 22 22 28 28 28 28 22 22 22 22 29 29 29 29 30 30 30 30 31 31 31 31 30 30 30 30 29 29 29 29 30 30 30 30 31 31 31 31 32 32 32 32 33 33 33 33 32 32 32 32 31 31 31 31 21 21 21 21 22 22 22 22 34 34 34 34 30 30 30 30 34 34 34 34 22 22 22 22 34 34 34 34 30 30 30 30 35 35 35 35 32 32 32 32 35 35 35 35 30 30 30 30 35 35 35 35 32 32 32 32 36 36 36 36 37 37 37 37 36 36 36 36 32 32 32 32 36 36 36 36 37 37 37 37 38 38 38 38 39 39 39 39 38 38 38 38 37 37 37 37 38 38 38 38 39 39 39 39 40 40 40 40 41 41 41 41 40 40 40 40 39 39 39 39 40 40 40 40 41 41 41 41 42 42 42 42 43 43 43 43 42 42 42 42 41 41 41 41 42 42 42 42 43 43 43 43 44 44 44 44 45 45 45 45 44 44 44 44 43 43 43 43 44 44 44 44 45 45 45 45 46 46 46 46 47 47 47 47 46 46 46 46 45 45 45 45 46 46 46 46 47 47 47 47 48 48 48 48 49 49 49 49 48 48 48 48 47 47 47 47 32 32 32 32 33 33 33 33 37 37 37 37 50 50 50 50 37 37 37 37 33 33 33 33 37 37 37 37 50 50 50 50 39 39 39 39 51 51 51 51 39 39 39 39 50 50 50 50 39 39 39 39 51 51 51 51 41 41 41 41 52 52 52 52 41 41 41 41 51 51 51 51 41 41 41 41 52 52 52 52 43 43 43 43 53 53 53 53 43 43 43 43 52 52 52 52 43 43 43 43 53 53 53 53 45 45 45 45 54 54 54 54 45 45 45 45 53 53 53 53 45 45 45 45 54 54 54 54 47 47 47 47 55 55 55 55 47 47 47 47 54 54 54 54 47 47 47 47 55 55 55 55 49 49 49 49 56 56 56 56 49 49 49 49 55 55 55 55 49 49 49 49 56 56 56 56 57 57 57 57 58 58 58 58 57 57 57 57 56 56 56 56 57 57 57 57 58 58 58 58 59 59 59 59 60 60 60 60 59 59 59 59 58 58 58 58 48 48 48 48 49 49 49 49 61 61 61 61 57 57 57 57 61 61 61 61 49 49 49 49 61 61 61 61 57 57 57 57 62 62 62 62 59 59 59 59 62 62 62 62 57 57 57 57 62 62 62 62 59 59 59 59 63 63 63 63 64 64 64 64 63 63 63 63 59 59 59 59 63 63 63 63 64 64 64 64 65 65 65 65 66 66 66 66 65 65 65 65 64 64 64 64 65 65 65 65 66 66 66 66 67 67 67 67 68 68 68 68 67 67 67 67 66 66 66 66 67 67 67 67 68 68 68 68 69 69 69 69 70 70 70 70 69 69 69 69 68 68 68 68 69 69 69 69 70 70 70 70 71 71 71 71 72 72 72 72 71 71 71 71 70 70 70 70 71 71 71 71 72 72 72 72 73 73 73 73 74 74 74 74 73 73 73 73 72 72 72 72 73 73 73 73 74 74 74 74 75 75 75 75 76 76 76 76 75 75 75 75 74 74 74 74 59 59 59 59 60 60 60 60 64 64 64 64 77 77 77 77 64 64 64 64 60 60 60 60 64 64 64 64 77 77 77 77 66 66 66 66 78 78 78 78 66 66 66 66 77 77 77 77 66 66 66 66 78 78 78 78 68 68 68 68 79 79 79 79 68 68 68 68 78 78 78 78 68 68 68 68 79 79 79 79 70 70 70 70 80 80 80 80 70 70 70 70 79 79 79 79 70 70 70 70 80 80 80 80 72 72 72 72 81 81 81 81 72 72 72 72 80 80 80 80 72 72 72 72 81 81 81 81 74 74 74 74 82 82 82 82 74 74 74 74 81 81 81 81 74 74 74 74 82 82 82 82 76 76 76 76 83 83 83 83 76 76 76 76 82 82 82 82 76 76 76 76 83 83 83 83 84 84 84 84 85 85 85 85 84 84 84 84 83 83 83 83 84 84 84 84 85 85 85 85 86 86 86 86 87 87 87 87 86 86 86 86 85 85 85 85 75 75 75 75 76 76 76 76 88 88 88 88 84 84 84 84 88 88 88 88 76 76 76 76 88 88 88 88 84 84 84 84 89 89 89 89 86 86 86 86 89 89 89 89 84 84 84 84 89 89 89 89 86 86 86 86 90 90 90 90 90 90 90 90 86 86 86 86 91 91 91 91 87 87 87 87 91 91 91 91 86 86 86 86 92 92 92 92 93 93 93 93 94 94 94 94 95 95 95 95 96 96 96 96 97 97 97 97 98 98 98 98 97 97 97 97 96 96 96 96 97 97 97 97 98 98 98 98 99 99 99 99 100 100 100 100 99 99 99 99 98 98 98 98 101 101 101 101 100 100 100 100 102 102 102 102 98 98 98 98 102 102 102 102 100 100 100 100 102 102 102 102 98 98 98 98 103 103 103 103 96 96 96 96 103 103 103 103 98 98 98 98 103 103 103 103 96 96 96 96 104 104 104 104 105 105 105 105 104 104 104 104 96 96 96 96 104 104 104 104 105 105 105 105 106 106 106 106 107 107 107 107 106 106 106 106 105 105 105 105 106 106 106 106 107 107 107 107 108 108 108 108 109 109 109 109 108 108 108 108 107 107 107 107 108 108 108 108 109 109 109 109 110 110 110 110 111 111 111 111 110 110 110 110 109 109 109 109 110 110 110 110 111 111 111 111 112 112 112 112 113 113 113 113 112 112 112 112 111 111 111 111 112 112 112 112 113 113 113 113 114 114 114 114 115 115 115 115 114 114 114 114 113 113 113 113 114 114 114 114 115 115 115 115 116 116 116 116 117 117 117 117 116 116 116 116 115 115 115 115 96 96 96 96 95 95 95 95 105 105 105 105 118 118 118 118 105 105 105 105 95 95 95 95 105 105 105 105 118 118 118 118 107 107 107 107 119 119 119 119 107 107 107 107 118 118 118 118 107 107 107 107 119 119 119 119 109 109 109 109 120 120 120 120 109 109 109 109 119 119 119 119 109 109 109 109 120 120 120 120 111 111 111 111 121 121 121 121 111 111 111 111 120 120 120 120 111 111 111 111 121 121 121 121 113 113 113 113 122 122 122 122 113 113 113 113 121 121 121 121 113 113 113 113 122 122 122 122 115 115 115 115 123 123 123 123 115 115 115 115 122 122 122 122 115 115 115 115 123 123 123 123 117 117 117 117 124 124 124 124 117 117 117 117 123 123 123 123 117 117 117 117 124 124 124 124 125 125 125 125 126 126 126 126 125 125 125 125 124 124 124 124 125 125 125 125 126 126 126 126 127 127 127 127 128 128 128 128 127 127 127 127 126 126 126 126 116 116 116 116 117 117 117 117 129 129 129 129 125 125 125 125 129 129 129 129 117 117 117 117 129 129 129 129 125 125 125 125 130 130 130 130 127 127 127 127 130 130 130 130 125 125 125 125 130 130 130 130 127 127 127 127 131 131 131 131 132 132 132 132 131 131 131 131 127 127 127 127 131 131 131 131 132 132 132 132 133 133 133 133 134 134 134 134 133 133 133 133 132 132 132 132 133 133 133 133 134 134 134 134 135 135 135 135 136 136 136 136 135 135 135 135 134 134 134 134 135 135 135 135 136 136 136 136 137 137 137 137 138 138 138 138 137 137 137 137 136 136 136 136 137 137 137 137 138 138 138 138 139 139 139 139 140 140 140 140 139 139 139 139 138 138 138 138 139 139 139 139 140 140 140 140 141 141 141 141 142 142 142 142 141 141 141 141 140 140 140 140 141 141 141 141 142 142 142 142 143 143 143 143 144 144 144 144 143 143 143 143 142 142 142 142 127 127 127 127 128 128 128 128 132 132 132 132 145 145 145 145 132 132 132 132 128 128 128 128 132 132 132 132 145 145 145 145 134 134 134 134 146 146 146 146 134 134 134 134 145 145 145 145 134 134 134 134 146 146 146 146 136 136 136 136 147 147 147 147 136 136 136 136 146 146 146 146 136 136 136 136 147 147 147 147 138 138 138 138 148 148 148 148 138 138 138 138 147 147 147 147 138 138 138 138 148 148 148 148 140 140 140 140 149 149 149 149 140 140 140 140 148 148 148 148 140 140 140 140 149 149 149 149 142 142 142 142 150 150 150 150 142 142 142 142 149 149 149 149 142 142 142 142 150 150 150 150 144 144 144 144 151 151 151 151 144 144 144 144 150 150 150 150 144 144 144 144 151 151 151 151 152 152 152 152 153 153 153 153 152 152 152 152 151 151 151 151 152 152 152 152 153 153 153 153 154 154 154 154 155 155 155 155 154 154 154 154 153 153 153 153 143 143 143 143 144 144 144 144 156 156 156 156 152 152 152 152 156 156 156 156 144 144 144 144 156 156 156 156 152 152 152 152 157 157 157 157 154 154 154 154 157 157 157 157 152 152 152 152 157 157 157 157 154 154 154 154 158 158 158 158 159 159 159 159 158 158 158 158 154 154 154 154 158 158 158 158 159 159 159 159 160 160 160 160 161 161 161 161 160 160 160 160 159 159 159 159 160 160 160 160 161 161 161 161 162 162 162 162 163 163 163 163 162 162 162 162 161 161 161 161 162 162 162 162 163 163 163 163 164 164 164 164 165 165 165 165 164 164 164 164 163 163 163 163 164 164 164 164 165 165 165 165 166 166 166 166 167 167 167 167 166 166 166 166 165 165 165 165 166 166 166 166 167 167 167 167 168 168 168 168 169 169 169 169 168 168 168 168 167 167 167 167 168 168 168 168 169 169 169 169 170 170 170 170 171 171 171 171 170 170 170 170 169 169 169 169 154 154 154 154 155 155 155 155 159 159 159 159 172 172 172 172 159 159 159 159 155 155 155 155 159 159 159 159 172 172 172 172 161 161 161 161 173 173 173 173 161 161 161 161 172 172 172 172 161 161 161 161 173 173 173 173 163 163 163 163 174 174 174 174 163 163 163 163 173 173 173 173 163 163 163 163 174 174 174 174 165 165 165 165 175 175 175 175 165 165 165 165 174 174 174 174 165 165 165 165 175 175 175 175 167 167 167 167 176 176 176 176 167 167 167 167 175 175 175 175 167 167 167 167 176 176 176 176 169 169 169 169 177 177 177 177 169 169 169 169 176 176 176 176 169 169 169 169 177 177 177 177 171 171 171 171 178 178 178 178 171 171 171 171 177 177 177 177 171 171 171 171 178 178 178 178 179 179 179 179 180 180 180 180 179 179 179 179 178 178 178 178 179 179 179 179 180 180 180 180 181 181 181 181 182 182 182 182 181 181 181 181 180 180 180 180 170 170 170 170 171 171 171 171 183 183 183 183 179 179 179 179 183 183 183 183 171 171 171 171 183 183 183 183 179 179 179 179 184 184 184 184 181 181 181 181 184 184 184 184 179 179 179 179 184 184 184 184 181 181 181 181 185 185 185 185 185 185 185 185 181 181 181 181 186 186 186 186 182 182 182 182 186 186 186 186 181 181 181 181 186 186 186 186 182 182 182 182 187 187 187 187 188 188 188 188 189 189 189 189 190 190 190 190 190 190 190 190 189 189 189 189 191 191 191 191 192 192 192 192 191 191 191 191 189 189 189 189 191 191 191 191 192 192 192 192 193 193 193 193 194 194 194 194 193 193 193 193 195 195 195 195 192 192 192 192 195 195 195 195 193 193 193 193 195 195 195 195 192 192 192 192 196 196 196 196 196 196 196 196 192 192 192 192 197 197 197 197 189 189 189 189 197 197 197 197 192 192 192 192 197 197 197 197 189 189 189 189 198 198 198 198 188 188 188 188 198 198 198 198 189 189 189 189 198 198 198 198 188 188 188 188 199 199 199 199 200 200 200 200 199 199 199 199 188 188 188 188 199 199 199 199 200 200 200 200 201 201 201 201 202 202 202 202 201 201 201 201 200 200 200 200 201 201 201 201 202 202 202 202 203 203 203 203 204 204 204 204 203 203 203 203 202 202 202 202 203 203 203 203 204 204 204 204 205 205 205 205 206 206 206 206 205 205 205 205 204 204 204 204 205 205 205 205 206 206 206 206 207 207 207 207 208 208 208 208 207 207 207 207 206 206 206 206 207 207 207 207 208 208 208 208 209 209 209 209 210 210 210 210 188 188 188 188 190 190 190 190 188 188 188 188 210 210 210 210 200 200 200 200 211 211 211 211 200 200 200 200 210 210 210 210 200 200 200 200 211 211 211 211 202 202 202 202 212 212 212 212 202 202 202 202 211 211 211 211 202 202 202 202 212 212 212 212 204 204 204 204 213 213 213 213 204 204 204 204 212 212 212 212 204 204 204 204 213 213 213 213 206 206 206 206 214 214 214 214 206 206 206 206 213 213 213 213 206 206 206 206 214 214 214 214 208 208 208 208 215 215 215 215 208 208 208 208 214 214 214 214 208 208 208 208 215 215 215 215 216 216 216 216 217 217 217 217 216 216 216 216 215 215 215 215 216 216 216 216 217 217 217 217 218 218 218 218 219 219 219 219 218 218 218 218 217 217 217 217 218 218 218 218 219 219 219 219 220 220 220 220 221 221 221 221 220 220 220 220 219 219 219 219 222 222 222 222 220 220 220 220 221 221 221 221 208 208 208 208 216 216 216 216 209 209 209 209 209 209 209 209 216 216 216 216 223 223 223 223 218 218 218 218 223 223 223 223 216 216 216 216 223 223 223 223 218 218 218 218 224 224 224 224 220 220 220 220 224 224 224 224 218 218 218 218 224 224 224 224 220 220 220 220 225 225 225 225 222 222 222 222 225 225 225 225 220 220 220 220 225 225 225 225 222 222 222 222 226 226 226 226 227 227 227 227 226 226 226 226 222 222 222 222 226 226 226 226 227 227 227 227 228 228 228 228 229 229 229 229 228 228 228 228 227 227 227 227 228 228 228 228 229 229 229 229 230 230 230 230 231 231 231 231 230 230 230 230 229 229 229 229 230 230 230 230 231 231 231 231 232 232 232 232 233 233 233 233 232 232 232 232 231 231 231 231 232 232 232 232 233 233 233 233 234 234 234 234 235 235 235 235 234 234 234 234 233 233 233 233 234 234 234 234 235 235 235 235 236 236 236 236 237 237 237 237 222 222 222 222 221 221 221 221 222 222 222 222 237 237 237 237 227 227 227 227 238 238 238 238 227 227 227 227 237 237 237 237 227 227 227 227 238 238 238 238 229 229 229 229 239 239 239 239 229 229 229 229 238 238 238 238 229 229 229 229 239 239 239 239 231 231 231 231 240 240 240 240 231 231 231 231 239 239 239 239 231 231 231 231 240 240 240 240 233 233 233 233 241 241 241 241 233 233 233 233 240 240 240 240 233 233 233 233 241 241 241 241 235 235 235 235 242 242 242 242 235 235 235 235 241 241 241 241 235 235 235 235 242 242 242 242 243 243 243 243 244 244 244 244 243 243 243 243 242 242 242 242 243 243 243 243 244 244 244 244 245 245 245 245 246 246 246 246 245 245 245 245 244 244 244 244 245 245 245 245 246 246 246 246 247 247 247 247 248 248 248 248 247 247 247 247 246 246 246 246 249 249 249 249 247 247 247 247 248 248 248 248 235 235 235 235 243 243 243 243 236 236 236 236 236 236 236 236 243 243 243 243 250 250 250 250 245 245 245 245 250 250 250 250 243 243 243 243 250 250 250 250 245 245 245 245 251 251 251 251 247 247 247 247 251 251 251 251 245 245 245 245 251 251 251 251 247 247 247 247 252 252 252 252 249 249 249 249 252 252 252 252 247 247 247 247 252 252 252 252 249 249 249 249 253 253 253 253 254 254 254 254 253 253 253 253 249 249 249 249 253 253 253 253 254 254 254 254 255 255 255 255 256 256 256 256 255 255 255 255 254 254 254 254 255 255 255 255 256 256 256 256 257 257 257 257 258 258 258 258 257 257 257 257 256 256 256 256 257 257 257 257 258 258 258 258 259 259 259 259 260 260 260 260 259 259 259 259 258 258 258 258 259 259 259 259 260 260 260 260 261 261 261 261 262 262 262 262 261 261 261 261 260 260 260 260 261 261 261 261 262 262 262 262 263 263 263 263 264 264 264 264 249 249 249 249 248 248 248 248 249 249 249 249 264 264 264 264 254 254 254 254 265 265 265 265 254 254 254 254 264 264 264 264 254 254 254 254 265 265 265 265 256 256 256 256 266 266 266 266 256 256 256 256 265 265 265 265 256 256 256 256 266 266 266 266 258 258 258 258 267 267 267 267 258 258 258 258 266 266 266 266 258 258 258 258 267 267 267 267 260 260 260 260 268 268 268 268 260 260 260 260 267 267 267 267 260 260 260 260 268 268 268 268 262 262 262 262 269 269 269 269 262 262 262 262 268 268 268 268 262 262 262 262 269 269 269 269 270 270 270 270 271 271 271 271 270 270 270 270 269 269 269 269 270 270 270 270 271 271 271 271 272 272 272 272 273 273 273 273 272 272 272 272 271 271 271 271 272 272 272 272 273 273 273 273 274 274 274 274 275 275 275 275 274 274 274 274 273 273 273 273 276 276 276 276 274 274 274 274 275 275 275 275 262 262 262 262 270 270 270 270 263 263 263 263 263 263 263 263 270 270 270 270 277 277 277 277 272 272 272 272 277 277 277 277 270 270 270 270 277 277 277 277 272 272 272 272 278 278 278 278 274 274 274 274 278 278 278 278 272 272 272 272 278 278 278 278 274 274 274 274 279 279 279 279 276 276 276 276 279 279 279 279 274 274 274 274 279 279 279 279 276 276 276 276 280 280 280 280 281 281 281 281 282 282 282 282 283 283 283 283 283 283 283 283 282 282 282 282 284 284 284 284 285 285 285 285 284 284 284 284 282 282 282 282 284 284 284 284 285 285 285 285 286 286 286 286 287 287 287 287 286 286 286 286 288 288 288 288 285 285 285 285 288 288 288 288 286 286 286 286 288 288 288 288 285 285 285 285 289 289 289 289 289 289 289 289 285 285 285 285 290 290 290 290 282 282 282 282 290 290 290 290 285 285 285 285 290 290 290 290 282 282 282 282 291 291 291 291 281 281 281 281 291 291 291 291 282 282 282 282 291 291 291 291 281 281 281 281 292 292 292 292 293 293 293 293 292 292 292 292 281 281 281 281 292 292 292 292 293 293 293 293 294 294 294 294 295 295 295 295 294 294 294 294 293 293 293 293 294 294 294 294 295 295 295 295 296 296 296 296 297 297 297 297 296 296 296 296 295 295 295 295 296 296 296 296 297 297 297 297 298 298 298 298 299 299 299 299 298 298 298 298 297 297 297 297 298 298 298 298 299 299 299 299 300 300 300 300 301 301 301 301 300 300 300 300 299 299 299 299 300 300 300 300 301 301 301 301 302 302 302 302 303 303 303 303 281 281 281 281 283 283 283 283 281 281 281 281 303 303 303 303 293 293 293 293 304 304 304 304 293 293 293 293 303 303 303 303 293 293 293 293 304 304 304 304 295 295 295 295 305 305 305 305 295 295 295 295 304 304 304 304 295 295 295 295 305 305 305 305 297 297 297 297 306 306 306 306 297 297 297 297 305 305 305 305 297 297 297 297 306 306 306 306 299 299 299 299 307 307 307 307 299 299 299 299 306 306 306 306 299 299 299 299 307 307 307 307 301 301 301 301 308 308 308 308 301 301 301 301 307 307 307 307 301 301 301 301 308 308 308 308 309 309 309 309 310 310 310 310 309 309 309 309 308 308 308 308 309 309 309 309 310 310 310 310 311 311 311 311 312 312 312 312 311 311 311 311 310 310 310 310 311 311 311 311 312 312 312 312 313 313 313 313 314 314 314 314 313 313 313 313 312 312 312 312 315 315 315 315 313 313 313 313 314 314 314 314 301 301 301 301 309 309 309 309 302 302 302 302 302 302 302 302 309 309 309 309 316 316 316 316 311 311 311 311 316 316 316 316 309 309 309 309 316 316 316 316 311 311 311 311 317 317 317 317 313 313 313 313 317 317 317 317 311 311 311 311 317 317 317 317 313 313 313 313 318 318 318 318 315 315 315 315 318 318 318 318 313 313 313 313 318 318 318 318 315 315 315 315 319 319 319 319 320 320 320 320 319 319 319 319 315 315 315 315 319 319 319 319 320 320 320 320 321 321 321 321 322 322 322 322 321 321 321 321 320 320 320 320 321 321 321 321 322 322 322 322 323 323 323 323 324 324 324 324 323 323 323 323 322 322 322 322 323 323 323 323 324 324 324 324 325 325 325 325 326 326 326 326 325 325 325 325 324 324 324 324 325 325 325 325 326 326 326 326 327 327 327 327 328 328 328 328 327 327 327 327 326 326 326 326 327 327 327 327 328 328 328 328 329 329 329 329 330 330 330 330 315 315 315 315 314 314 314 314 315 315 315 315 330 330 330 330 320 320 320 320 331 331 331 331 320 320 320 320 330 330 330 330 320 320 320 320 331 331 331 331 322 322 322 322 332 332 332 332 322 322 322 322 331 331 331 331 322 322 322 322 332 332 332 332 324 324 324 324 333 333 333 333 324 324 324 324 332 332 332 332 324 324 324 324 333 333 333 333 326 326 326 326 334 334 334 334 326 326 326 326 333 333 333 333 326 326 326 326 334 334 334 334 328 328 328 328 335 335 335 335 328 328 328 328 334 334 334 334 328 328 328 328 335 335 335 335 336 336 336 336 337 337 337 337 336 336 336 336 335 335 335 335 336 336 336 336 337 337 337 337 338 338 338 338 339 339 339 339 338 338 338 338 337 337 337 337 338 338 338 338 339 339 339 339 340 340 340 340 341 341 341 341 340 340 340 340 339 339 339 339 342 342 342 342 340 340 340 340 341 341 341 341 328 328 328 328 336 336 336 336 329 329 329 329 329 329 329 329 336 336 336 336 343 343 343 343 338 338 338 338 343 343 343 343 336 336 336 336 343 343 343 343 338 338 338 338 344 344 344 344 340 340 340 340 344 344 344 344 338 338 338 338 344 344 344 344 340 340 340 340 345 345 345 345 342 342 342 342 345 345 345 345 340 340 340 340 345 345 345 345 342 342 342 342 346 346 346 346 347 347 347 347 346 346 346 346 342 342 342 342 346 346 346 346 347 347 347 347 348 348 348 348 349 349 349 349 348 348 348 348 347 347 347 347 348 348 348 348 349 349 349 349 350 350 350 350 351 351 351 351 350 350 350 350 349 349 349 349 350 350 350 350 351 351 351 351 352 352 352 352 353 353 353 353 352 352 352 352 351 351 351 351 352 352 352 352 353 353 353 353 354 354 354 354 355 355 355 355 354 354 354 354 353 353 353 353 354 354 354 354 355 355 355 355 356 356 356 356 357 357 357 357 342 342 342 342 341 341 341 341 342 342 342 342 357 357 357 357 347 347 347 347 358 358 358 358 347 347 347 347 357 357 357 357 347 347 347 347 358 358 358 358 349 349 349 349 359 359 359 359 349 349 349 349 358 358 358 358 349 349 349 349 359 359 359 359 351 351 351 351 360 360 360 360 351 351 351 351 359 359 359 359 351 351 351 351 360 360 360 360 353 353 353 353 361 361 361 361 353 353 353 353 360 360 360 360 353 353 353 353 361 361 361 361 355 355 355 355 362 362 362 362 355 355 355 355 361 361 361 361 355 355 355 355 362 362 362 362 363 363 363 363 364 364 364 364 363 363 363 363 362 362 362 362 363 363 363 363 364 364 364 364 365 365 365 365 366 366 366 366 365 365 365 365 364 364 364 364 365 365 365 365 366 366 366 366 367 367 367 367 368 368 368 368 367 367 367 367 366 366 366 366 369 369 369 369 367 367 367 367 368 368 368 368 355 355 355 355 363 363 363 363 356 356 356 356 356 356 356 356 363 363 363 363 370 370 370 370 365 365 365 365 370 370 370 370 363 363 363 363 370 370 370 370 365 365 365 365 371 371 371 371 367 367 367 367 371 371 371 371 365 365 365 365 371 371 371 371 367 367 367 367 372 372 372 372 369 369 369 369 372 372 372 372 367 367 367 367 373 373 373 373 374 374 374 374 375 375 375 375 376 376 376 376 377 377 377 377 378 378 378 378 379 379 379 379 378 378 378 378 377 377 377 377 378 378 378 378 379 379 379 379 380 380 380 380 381 381 381 381 380 380 380 380 379 379 379 379 380 380 380 380 381 381 381 381 382 382 382 382 383 383 383 383 382 382 382 382 381 381 381 381 382 382 382 382 383 383 383 383 384 384 384 384 385 385 385 385 384 384 384 384 383 383 383 383 386 386 386 386 385 385 385 385 387 387 387 387 383 383 383 383 387 387 387 387 385 385 385 385 387 387 387 387 383 383 383 383 388 388 388 388 381 381 381 381 388 388 388 388 383 383 383 383 388 388 388 388 381 381 381 381 389 389 389 389 379 379 379 379 389 389 389 389 381 381 381 381 389 389 389 389 379 379 379 379 390 390 390 390 377 377 377 377 390 390 390 390 379 379 379 379 390 390 390 390 377 377 377 377 391 391 391 391 392 392 392 392 391 391 391 391 377 377 377 377 391 391 391 391 392 392 392 392 393 393 393 393 394 394 394 394 393 393 393 393 392 392 392 392 393 393 393 393 394 394 394 394 395 395 395 395 396 396 396 396 395 395 395 395 394 394 394 394 395 395 395 395 396 396 396 396 397 397 397 397 398 398 398 398 397 397 397 397 396 396 396 396 397 397 397 397 398 398 398 398 399 399 399 399 400 400 400 400 399 399 399 399 398 398 398 398 377 377 377 377 376 376 376 376 392 392 392 392 401 401 401 401 392 392 392 392 376 376 376 376 392 392 392 392 401 401 401 401 394 394 394 394 402 402 402 402 394 394 394 394 401 401 401 401 394 394 394 394 402 402 402 402 396 396 396 396 403 403 403 403 396 396 396 396 402 402 402 402 396 396 396 396 403 403 403 403 398 398 398 398 404 404 404 404 398 398 398 398 403 403 403 403 398 398 398 398 404 404 404 404 400 400 400 400 405 405 405 405 400 400 400 400 404 404 404 404 400 400 400 400 405 405 405 405 406 406 406 406 407 407 407 407 406 406 406 406 405 405 405 405 406 406 406 406 407 407 407 407 408 408 408 408 409 409 409 409 408 408 408 408 407 407 407 407 408 408 408 408 409 409 409 409 410 410 410 410 411 411 411 411 410 410 410 410 409 409 409 409 410 410 410 410 411 411 411 411 412 412 412 412 413 413 413 413 412 412 412 412 411 411 411 411 399 399 399 399 400 400 400 400 414 414 414 414 406 406 406 406 414 414 414 414 400 400 400 400 414 414 414 414 406 406 406 406 415 415 415 415 408 408 408 408 415 415 415 415 406 406 406 406 415 415 415 415 408 408 408 408 416 416 416 416 410 410 410 410 416 416 416 416 408 408 408 408 416 416 416 416 410 410 410 410 417 417 417 417 412 412 412 412 417 417 417 417 410 410 410 410 417 417 417 417 412 412 412 412 418 418 418 418 418 418 418 418 412 412 412 412 419 419 419 419 413 413 413 413 419 419 419 419 412 412 412 412 419 419 419 419 413 413 413 413 420 420 420 420 421 421 421 421 422 422 422 422 423 423 423 423 424 424 424 424 423 423 423 423 422 422 422 422 423 423 423 423 424 424 424 424 425 425 425 425 426 426 426 426 425 425 425 425 424 424 424 424 425 425 425 425 426 426 426 426 427 427 427 427 428 428 428 428 427 427 427 427 426 426 426 426 427 427 427 427 428 428 428 428 429 429 429 429 430 430 430 430 429 429 429 429 428 428 428 428 431 431 431 431 430 430 430 430 432 432 432 432 428 428 428 428 432 432 432 432 430 430 430 430 432 432 432 432 428 428 428 428 433 433 433 433 426 426 426 426 433 433 433 433 428 428 428 428 433 433 433 433 426 426 426 426 434 434 434 434 424 424 424 424 434 434 434 434 426 426 426 426 434 434 434 434 424 424 424 424 435 435 435 435 422 422 422 422 435 435 435 435 424 424 424 424 435 435 435 435 422 422 422 422 436 436 436 436 437 437 437 437 436 436 436 436 422 422 422 422 436 436 436 436 437 437 437 437 438 438 438 438 439 439 439 439 438 438 438 438 437 437 437 437 438 438 438 438 439 439 439 439 440 440 440 440 441 441 441 441 440 440 440 440 439 439 439 439 440 440 440 440 441 441 441 441 442 442 442 442 443 443 443 443 442 442 442 442 441 441 441 441 442 442 442 442 443 443 443 443 444 444 444 444 445 445 445 445 444 444 444 444 443 443 443 443 422 422 422 422 421 421 421 421 437 437 437 437 446 446 446 446 437 437 437 437 421 421 421 421 437 437 437 437 446 446 446 446 439 439 439 439 447 447 447 447 439 439 439 439 446 446 446 446 439 439 439 439 447 447 447 447 441 441 441 441 448 448 448 448 441 441 441 441 447 447 447 447 441 441 441 441 448 448 448 448 443 443 443 443 449 449 449 449 443 443 443 443 448 448 448 448 443 443 443 443 449 449 449 449 445 445 445 445 450 450 450 450 445 445 445 445 449 449 449 449 445 445 445 445 450 450 450 450 451 451 451 451 452 452 452 452 451 451 451 451 450 450 450 450 451 451 451 451 452 452 452 452 453 453 453 453 454 454 454 454 453 453 453 453 452 452 452 452 453 453 453 453 454 454 454 454 455 455 455 455 456 456 456 456 455 455 455 455 454 454 454 454 455 455 455 455 456 456 456 456 457 457 457 457 458 458 458 458 457 457 457 457 456 456 456 456 444 444 444 444 445 445 445 445 459 459 459 459 451 451 451 451 459 459 459 459 445 445 445 445 459 459 459 459 451 451 451 451 460 460 460 460 453 453 453 453 460 460 460 460 451 451 451 451 460 460 460 460 453 453 453 453 461 461 461 461 455 455 455 455 461 461 461 461 453 453 453 453 461 461 461 461 455 455 455 455 462 462 462 462 457 457 457 457 462 462 462 462 455 455 455 455 462 462 462 462 457 457 457 457 463 463 463 463 463 463 463 463 457 457 457 457 464 464 464 464 458 458 458 458 464 464 464 464 457 457 457 457 464 464 464 464 458 458 458 458 465 465 465 465 466 466 466 466 467 467 467 467 468 468 468 468 469 469 469 469 468 468 468 468 467 467 467 467 468 468 468 468 469 469 469 469 470 470 470 470 471 471 471 471 470 470 470 470 469 469 469 469 470 470 470 470 471 471 471 471 472 472 472 472 473 473 473 473 472 472 472 472 471 471 471 471 472 472 472 472 473 473 473 473 474 474 474 474 475 475 475 475 474 474 474 474 473 473 473 473 476 476 476 476 475 475 475 475 477 477 477 477 473 473 473 473 477 477 477 477 475 475 475 475 477 477 477 477 473 473 473 473 478 478 478 478 471 471 471 471 478 478 478 478 473 473 473 473 478 478 478 478 471 471 471 471 479 479 479 479 469 469 469 469 479 479 479 479 471 471 471 471 479 479 479 479 469 469 469 469 480 480 480 480 467 467 467 467 480 480 480 480 469 469 469 469 480 480 480 480 467 467 467 467 481 481 481 481 482 482 482 482 481 481 481 481 467 467 467 467 481 481 481 481 482 482 482 482 483 483 483 483 484 484 484 484 483 483 483 483 482 482 482 482 483 483 483 483 484 484 484 484 485 485 485 485 486 486 486 486 485 485 485 485 484 484 484 484 485 485 485 485 486 486 486 486 487 487 487 487 488 488 488 488 487 487 487 487 486 486 486 486 487 487 487 487 488 488 488 488 489 489 489 489 490 490 490 490 489 489 489 489 488 488 488 488 467 467 467 467 466 466 466 466 482 482 482 482 491 491 491 491 482 482 482 482 466 466 466 466 482 482 482 482 491 491 491 491 484 484 484 484 492 492 492 492 484 484 484 484 491 491 491 491 484 484 484 484 492 492 492 492 486 486 486 486 493 493 493 493 486 486 486 486 492 492 492 492 486 486 486 486 493 493 493 493 488 488 488 488 494 494 494 494 488 488 488 488 493 493 493 493 488 488 488 488 494 494 494 494 490 490 490 490 495 495 495 495 490 490 490 490 494 494 494 494 490 490 490 490 495 495 495 495 496 496 496 496 497 497 497 497 496 496 496 496 495 495 495 495 496 496 496 496 497 497 497 497 498 498 498 498 499 499 499 499 498 498 498 498 497 497 497 497 498 498 498 498 499 499 499 499 500 500 500 500 501 501 501 501 500 500 500 500 499 499 499 499 500 500 500 500 501 501 501 501 502 502 502 502 503 503 503 503 502 502 502 502 501 501 501 501 489 489 489 489 490 490 490 490 504 504 504 504 496 496 496 496 504 504 504 504 490 490 490 490 504 504 504 504 496 496 496 496 505 505 505 505 498 498 498 498 505 505 505 505 496 496 496 496 505 505 505 505 498 498 498 498 506 506 506 506 500 500 500 500 506 506 506 506 498 498 498 498 506 506 506 506 500 500 500 500 507 507 507 507 502 502 502 502 507 507 507 507 500 500 500 500 507 507 507 507 502 502 502 502 508 508 508 508 508 508 508 508 502 502 502 502 509 509 509 509 503 503 503 503 509 509 509 509 502 502 502 502 509 509 509 509 503 503 503 503 510 510 510 510 511 511 511 511 512 512 512 512 513 513 513 513 514 514 514 514 513 513 513 513 512 512 512 512 513 513 513 513 514 514 514 514 515 515 515 515 516 516 516 516 515 515 515 515 514 514 514 514 515 515 515 515 516 516 516 516 517 517 517 517 518 518 518 518 517 517 517 517 516 516 516 516 517 517 517 517 518 518 518 518 519 519 519 519 520 520 520 520 519 519 519 519 518 518 518 518 521 521 521 521 520 520 520 520 522 522 522 522 518 518 518 518 522 522 522 522 520 520 520 520 522 522 522 522 518 518 518 518 523 523 523 523 516 516 516 516 523 523 523 523 518 518 518 518 523 523 523 523 516 516 516 516 524 524 524 524 514 514 514 514 524 524 524 524 516 516 516 516 524 524 524 524 514 514 514 514 525 525 525 525 512 512 512 512 525 525 525 525 514 514 514 514 525 525 525 525 512 512 512 512 526 526 526 526 527 527 527 527 526 526 526 526 512 512 512 512 526 526 526 526 527 527 527 527 528 528 528 528 529 529 529 529 528 528 528 528 527 527 527 527 528 528 528 528 529 529 529 529 530 530 530 530 531 531 531 531 530 530 530 530 529 529 529 529 530 530 530 530 531 531 531 531 532 532 532 532 533 533 533 533 532 532 532 532 531 531 531 531 532 532 532 532 533 533 533 533 534 534 534 534 535 535 535 535 534 534 534 534 533 533 533 533 512 512 512 512 511 511 511 511 527 527 527 527 536 536 536 536 527 527 527 527 511 511 511 511 527 527 527 527 536 536 536 536 529 529 529 529 537 537 537 537 529 529 529 529 536 536 536 536 529 529 529 529 537 537 537 537 531 531 531 531 538 538 538 538 531 531 531 531 537 537 537 537 531 531 531 531 538 538 538 538 533 533 533 533 539 539 539 539 533 533 533 533 538 538 538 538 533 533 533 533 539 539 539 539 535 535 535 535 540 540 540 540 535 535 535 535 539 539 539 539 535 535 535 535 540 540 540 540 541 541 541 541 542 542 542 542 541 541 541 541 540 540 540 540 541 541 541 541 542 542 542 542 543 543 543 543 544 544 544 544 543 543 543 543 542 542 542 542 543 543 543 543 544 544 544 544 545 545 545 545 546 546 546 546 545 545 545 545 544 544 544 544 545 545 545 545 546 546 546 546 547 547 547 547 548 548 548 548 547 547 547 547 546 546 546 546 534 534 534 534 535 535 535 535 549 549 549 549 541 541 541 541 549 549 549 549 535 535 535 535 549 549 549 549 541 541 541 541 550 550 550 550 543 543 543 543 550 550 550 550 541 541 541 541 550 550 550 550 543 543 543 543 551 551 551 551 545 545 545 545 551 551 551 551 543 543 543 543 551 551 551 551 545 545 545 545 552 552 552 552 547 547 547 547 552 552 552 552 545 545 545 545 552 552 552 552 547 547 547 547 553 553 553 553 553 553 553 553 547 547 547 547 554 554 554 554 548 548 548 548 554 554 554 554 547 547 547 547 554 554 554 554 548 548 548 548 555 555 555 555 556 556 556 556 557 557 557 557 558 558 558 558 559 559 559 559 558 558 558 558 557 557 557 557 558 558 558 558 559 559 559 559 560 560 560 560 561 561 561 561 560 560 560 560 559 559 559 559 560 560 560 560 561 561 561 561 562 562 562 562 563 563 563 563 562 562 562 562 561 561 561 561 562 562 562 562 563 563 563 563 564 564 564 564 565 565 565 565 564 564 564 564 563 563 563 563 566 566 566 566 565 565 565 565 567 567 567 567 563 563 563 563 567 567 567 567 565 565 565 565 567 567 567 567 563 563 563 563 568 568 568 568 561 561 561 561 568 568 568 568 563 563 563 563 568 568 568 568 561 561 561 561 569 569 569 569 559 559 559 559 569 569 569 569 561 561 561 561 569 569 569 569 559 559 559 559 570 570 570 570 557 557 557 557 570 570 570 570 559 559 559 559 570 570 570 570 557 557 557 557 571 571 571 571 572 572 572 572 571 571 571 571 557 557 557 557 571 571 571 571 572 572 572 572 573 573 573 573 574 574 574 574 573 573 573 573 572 572 572 572 573 573 573 573 574 574 574 574 575 575 575 575 576 576 576 576 575 575 575 575 574 574 574 574 575 575 575 575 576 576 576 576 577 577 577 577 578 578 578 578 577 577 577 577 576 576 576 576 577 577 577 577 578 578 578 578 579 579 579 579 580 580 580 580 579 579 579 579 578 578 578 578 557 557 557 557 556 556 556 556 572 572 572 572 581 581 581 581 572 572 572 572 556 556 556 556 572 572 572 572 581 581 581 581 574 574 574 574 582 582 582 582 574 574 574 574 581 581 581 581 574 574 574 574 582 582 582 582 576 576 576 576 583 583 583 583 576 576 576 576 582 582 582 582 576 576 576 576 583 583 583 583 578 578 578 578 584 584 584 584 578 578 578 578 583 583 583 583 578 578 578 578 584 584 584 584 580 580 580 580 585 585 585 585 580 580 580 580 584 584 584 584 580 580 580 580 585 585 585 585 586 586 586 586 587 587 587 587 586 586 586 586 585 585 585 585 586 586 586 586 587 587 587 587 588 588 588 588 589 589 589 589 588 588 588 588 587 587 587 587 588 588 588 588 589 589 589 589 590 590 590 590 591 591 591 591 590 590 590 590 589 589 589 589 590 590 590 590 591 591 591 591 592 592 592 592 593 593 593 593 592 592 592 592 591 591 591 591 579 579 579 579 580 580 580 580 594 594 594 594 586 586 586 586 594 594 594 594 580 580 580 580 594 594 594 594 586 586 586 586 595 595 595 595 588 588 588 588 595 595 595 595 586 586 586 586 595 595 595 595 588 588 588 588 596 596 596 596 590 590 590 590 596 596 596 596 588 588 588 588 596 596 596 596 590 590 590 590 597 597 597 597 592 592 592 592 597 597 597 597 590 590 590 590 597 597 597 597 592 592 592 592 598 598 598 598 598 598 598 598 592 592 592 592 599 599 599 599 593 593 593 593 599 599 599 599 592 592 592 592 599 599 599 599 593 593 593 593 600 600 600 600 601 601 601 601 602 602 602 602 603 603 603 603 604 604 604 604 603 603 603 603 602 602 602 602 603 603 603 603 604 604 604 604 605 605 605 605 606 606 606 606 605 605 605 605 604 604 604 604 605 605 605 605 606 606 606 606 607 607 607 607 608 608 608 608 607 607 607 607 606 606 606 606 607 607 607 607 608 608 608 608 609 609 609 609 610 610 610 610 609 609 609 609 608 608 608 608 611 611 611 611 610 610 610 610 612 612 612 612 608 608 608 608 612 612 612 612 610 610 610 610 612 612 612 612 608 608 608 608 613 613 613 613 606 606 606 606 613 613 613 613 608 608 608 608 613 613 613 613 606 606 606 606 614 614 614 614 604 604 604 604 614 614 614 614 606 606 606 606 614 614 614 614 604 604 604 604 615 615 615 615 602 602 602 602 615 615 615 615 604 604 604 604 615 615 615 615 602 602 602 602 616 616 616 616 617 617 617 617 616 616 616 616 602 602 602 602 616 616 616 616 617 617 617 617 618 618 618 618 619 619 619 619 618 618 618 618 617 617 617 617 618 618 618 618 619 619 619 619 620 620 620 620 621 621 621 621 620 620 620 620 619 619 619 619 620 620 620 620 621 621 621 621 622 622 622 622 623 623 623 623 622 622 622 622 621 621 621 621 622 622 622 622 623 623 623 623 624 624 624 624 625 625 625 625 624 624 624 624 623 623 623 623 602 602 602 602 601 601 601 601 617 617 617 617 626 626 626 626 617 617 617 617 601 601 601 601 617 617 617 617 626 626 626 626 619 619 619 619 627 627 627 627 619 619 619 619 626 626 626 626 619 619 619 619 627 627 627 627 621 621 621 621 628 628 628 628 621 621 621 621 627 627 627 627 621 621 621 621 628 628 628 628 623 623 623 623 629 629 629 629 623 623 623 623 628 628 628 628 623 623 623 623 629 629 629 629 625 625 625 625 630 630 630 630 625 625 625 625 629 629 629 629 625 625 625 625 630 630 630 630 631 631 631 631 632 632 632 632 631 631 631 631 630 630 630 630 631 631 631 631 632 632 632 632 633 633 633 633 634 634 634 634 633 633 633 633 632 632 632 632 633 633 633 633 634 634 634 634 635 635 635 635 636 636 636 636 635 635 635 635 634 634 634 634 635 635 635 635 636 636 636 636 637 637 637 637 638 638 638 638 637 637 637 637 636 636 636 636 624 624 624 624 625 625 625 625 639 639 639 639 631 631 631 631 639 639 639 639 625 625 625 625 639 639 639 639 631 631 631 631 640 640 640 640 633 633 633 633 640 640 640 640 631 631 631 631 640 640 640 640 633 633 633 633 641 641 641 641 635 635 635 635 641 641 641 641 633 633 633 633 641 641 641 641 635 635 635 635 642 642 642 642 637 637 637 637 642 642 642 642 635 635 635 635 642 642 642 642 637 637 637 637 643 643 643 643 643 643 643 643 637 637 637 637 644 644 644 644 638 638 638 638 644 644 644 644 637 637 637 637 644 644 644 644 638 638 638 638 645 645 645 645 646 646 646 646 647 647 647 647 648 648 648 648 649 649 649 649 648 648 648 648 647 647 647 647 648 648 648 648 649 649 649 649 650 650 650 650 651 651 651 651 650 650 650 650 649 649 649 649 650 650 650 650 651 651 651 651 652 652 652 652 653 653 653 653 652 652 652 652 651 651 651 651 652 652 652 652 653 653 653 653 654 654 654 654 655 655 655 655 654 654 654 654 653 653 653 653 656 656 656 656 655 655 655 655 657 657 657 657 653 653 653 653 657 657 657 657 655 655 655 655 657 657 657 657 653 653 653 653 658 658 658 658 651 651 651 651 658 658 658 658 653 653 653 653 658 658 658 658 651 651 651 651 659 659 659 659 649 649 649 649 659 659 659 659 651 651 651 651 659 659 659 659 649 649 649 649 660 660 660 660 647 647 647 647 660 660 660 660 649 649 649 649 660 660 660 660 647 647 647 647 661 661 661 661 662 662 662 662 661 661 661 661 647 647 647 647 661 661 661 661 662 662 662 662 663 663 663 663 664 664 664 664 663 663 663 663 662 662 662 662 663 663 663 663 664 664 664 664 665 665 665 665 666 666 666 666 665 665 665 665 664 664 664 664 665 665 665 665 666 666 666 666 667 667 667 667 668 668 668 668 667 667 667 667 666 666 666 666 667 667 667 667 668 668 668 668 669 669 669 669 670 670 670 670 669 669 669 669 668 668 668 668 647 647 647 647 646 646 646 646 662 662 662 662 671 671 671 671 662 662 662 662 646 646 646 646 662 662 662 662 671 671 671 671 664 664 664 664 672 672 672 672 664 664 664 664 671 671 671 671 664 664 664 664 672 672 672 672 666 666 666 666 673 673 673 673 666 666 666 666 672 672 672 672 666 666 666 666 673 673 673 673 668 668 668 668 674 674 674 674 668 668 668 668 673 673 673 673 668 668 668 668 674 674 674 674 670 670 670 670 675 675 675 675 670 670 670 670 674 674 674 674 670 670 670 670 675 675 675 675 676 676 676 676 677 677 677 677 676 676 676 676 675 675 675 675 676 676 676 676 677 677 677 677 678 678 678 678 679 679 679 679 678 678 678 678 677 677 677 677 678 678 678 678 679 679 679 679 680 680 680 680 681 681 681 681 680 680 680 680 679 679 679 679 680 680 680 680 681 681 681 681 682 682 682 682 683 683 683 683 682 682 682 682 681 681 681 681 669 669 669 669 670 670 670 670 684 684 684 684 676 676 676 676 684 684 684 684 670 670 670 670 684 684 684 684 676 676 676 676 685 685 685 685 678 678 678 678 685 685 685 685 676 676 676 676 685 685 685 685 678 678 678 678 686 686 686 686 680 680 680 680 686 686 686 686 678 678 678 678 686 686 686 686 680 680 680 680 687 687 687 687 682 682 682 682 687 687 687 687 680 680 680 680 687 687 687 687 682 682 682 682 688 688 688 688 688 688 688 688 682 682 682 682 689 689 689 689 683 683 683 683 689 689 689 689 682 682 682 682 689 689 689 689 683 683 683 683 690 690 690 690 691 691 691 691 692 692 692 692 693 693 693 693 694 694 694 694 693 693 693 693 692 692 692 692 693 693 693 693 694 694 694 694 695 695 695 695 696 696 696 696 695 695 695 695 694 694 694 694 695 695 695 695 696 696 696 696 697 697 697 697 698 698 698 698 697 697 697 697 696 696 696 696 697 697 697 697 698 698 698 698 699 699 699 699 700 700 700 700 699 699 699 699 698 698 698 698 701 701 701 701 700 700 700 700 702 702 702 702 698 698 698 698 702 702 702 702 700 700 700 700 702 702 702 702 698 698 698 698 703 703 703 703 696 696 696 696 703 703 703 703 698 698 698 698 703 703 703 703 696 696 696 696 704 704 704 704 694 694 694 694 704 704 704 704 696 696 696 696 704 704 704 704 694 694 694 694 705 705 705 705 692 692 692 692 705 705 705 705 694 694 694 694 705 705 705 705 692 692 692 692 706 706 706 706 707 707 707 707 706 706 706 706 692 692 692 692 706 706 706 706 707 707 707 707 708 708 708 708 709 709 709 709 708 708 708 708 707 707 707 707 708 708 708 708 709 709 709 709 710 710 710 710 711 711 711 711 710 710 710 710 709 709 709 709 710 710 710 710 711 711 711 711 712 712 712 712 713 713 713 713 712 712 712 712 711 711 711 711 712 712 712 712 713 713 713 713 714 714 714 714 715 715 715 715 714 714 714 714 713 713 713 713 692 692 692 692 691 691 691 691 707 707 707 707 716 716 716 716 707 707 707 707 691 691 691 691 707 707 707 707 716 716 716 716 709 709 709 709 717 717 717 717 709 709 709 709 716 716 716 716 709 709 709 709 717 717 717 717 711 711 711 711 718 718 718 718 711 711 711 711 717 717 717 717 711 711 711 711 718 718 718 718 713 713 713 713 719 719 719 719 713 713 713 713 718 718 718 718 713 713 713 713 719 719 719 719 715 715 715 715 720 720 720 720 715 715 715 715 719 719 719 719 715 715 715 715 720 720 720 720 721 721 721 721 722 722 722 722 721 721 721 721 720 720 720 720 721 721 721 721 722 722 722 722 723 723 723 723 724 724 724 724 723 723 723 723 722 722 722 722 723 723 723 723 724 724 724 724 725 725 725 725 726 726 726 726 725 725 725 725 724 724 724 724 725 725 725 725 726 726 726 726 727 727 727 727 728 728 728 728 727 727 727 727 726 726 726 726 714 714 714 714 715 715 715 715 729 729 729 729 721 721 721 721 729 729 729 729 715 715 715 715 729 729 729 729 721 721 721 721 730 730 730 730 723 723 723 723 730 730 730 730 721 721 721 721 730 730 730 730 723 723 723 723 731 731 731 731 725 725 725 725 731 731 731 731 723 723 723 723 731 731 731 731 725 725 725 725 732 732 732 732 727 727 727 727 732 732 732 732 725 725 725 725 732 732 732 732 727 727 727 727 733 733 733 733 733 733 733 733 727 727 727 727 734 734 734 734 728 728 728 728 734 734 734 734 727 727 727 727 734 734 734 734 728 728 728 728 735 735 735 735 736 736 736 736 737 737 737 737 738 738 738 738 739 739 739 739 738 738 738 738 737 737 737 737 738 738 738 738 739 739 739 739 740 740 740 740 741 741 741 741 740 740 740 740 739 739 739 739 740 740 740 740 741 741 741 741 742 742 742 742 743 743 743 743 742 742 742 742 741 741 741 741 742 742 742 742 743 743 743 743 744 744 744 744 745 745 745 745 744 744 744 744 743 743 743 743 746 746 746 746 745 745 745 745 747 747 747 747 743 743 743 743 747 747 747 747 745 745 745 745 747 747 747 747 743 743 743 743 748 748 748 748 741 741 741 741 748 748 748 748 743 743 743 743 748 748 748 748 741 741 741 741 749 749 749 749 739 739 739 739 749 749 749 749 741 741 741 741 749 749 749 749 739 739 739 739 750 750 750 750 737 737 737 737 750 750 750 750 739 739 739 739 750 750 750 750 737 737 737 737 751 751 751 751 752 752 752 752 751 751 751 751 737 737 737 737 751 751 751 751 752 752 752 752 753 753 753 753 754 754 754 754 753 753 753 753 752 752 752 752 753 753 753 753 754 754 754 754 755 755 755 755 756 756 756 756 755 755 755 755 754 754 754 754 755 755 755 755 756 756 756 756 757 757 757 757 758 758 758 758 757 757 757 757 756 756 756 756 757 757 757 757 758 758 758 758 759 759 759 759 760 760 760 760 759 759 759 759 758 758 758 758 737 737 737 737 736 736 736 736 752 752 752 752 761 761 761 761 752 752 752 752 736 736 736 736 752 752 752 752 761 761 761 761 754 754 754 754 762 762 762 762 754 754 754 754 761 761 761 761 754 754 754 754 762 762 762 762 756 756 756 756 763 763 763 763 756 756 756 756 762 762 762 762 756 756 756 756 763 763 763 763 758 758 758 758 764 764 764 764 758 758 758 758 763 763 763 763 758 758 758 758 764 764 764 764 760 760 760 760 765 765 765 765 760 760 760 760 764 764 764 764 760 760 760 760 765 765 765 765 766 766 766 766 767 767 767 767 766 766 766 766 765 765 765 765 766 766 766 766 767 767 767 767 768 768 768 768 769 769 769 769 768 768 768 768 767 767 767 767 768 768 768 768 769 769 769 769 770 770 770 770 771 771 771 771 770 770 770 770 769 769 769 769 770 770 770 770 771 771 771 771 772 772 772 772 773 773 773 773 772 772 772 772 771 771 771 771 759 759 759 759 760 760 760 760 774 774 774 774 766 766 766 766 774 774 774 774 760 760 760 760 774 774 774 774 766 766 766 766 775 775 775 775 768 768 768 768 775 775 775 775 766 766 766 766 775 775 775 775 768 768 768 768 776 776 776 776 770 770 770 770 776 776 776 776 768 768 768 768 776 776 776 776 770 770 770 770 777 777 777 777 772 772 772 772 777 777 777 777 770 770 770 770 777 777 777 777 772 772 772 772 778 778 778 778 778 778 778 778 772 772 772 772 779 779 779 779 773 773 773 773 779 779 779 779 772 772 772 772 779 779 779 779 773 773 773 773 780 780 780 780 781 781 781 781 782 782 782 782 783 783 783 783 784 784 784 784 783 783 783 783 782 782 782 782 783 783 783 783 784 784 784 784 785 785 785 785 786 786 786 786 785 785 785 785 784 784 784 784 785 785 785 785 786 786 786 786 787 787 787 787 788 788 788 788 787 787 787 787 786 786 786 786 787 787 787 787 788 788 788 788 789 789 789 789 790 790 790 790 789 789 789 789 788 788 788 788 791 791 791 791 790 790 790 790 792 792 792 792 788 788 788 788 792 792 792 792 790 790 790 790 792 792 792 792 788 788 788 788 793 793 793 793 786 786 786 786 793 793 793 793 788 788 788 788 793 793 793 793 786 786 786 786 794 794 794 794 784 784 784 784 794 794 794 794 786 786 786 786 794 794 794 794 784 784 784 784 795 795 795 795 782 782 782 782 795 795 795 795 784 784 784 784 795 795 795 795 782 782 782 782 796 796 796 796 797 797 797 797 796 796 796 796 782 782 782 782 796 796 796 796 797 797 797 797 798 798 798 798 799 799 799 799 798 798 798 798 797 797 797 797 798 798 798 798 799 799 799 799 800 800 800 800 801 801 801 801 800 800 800 800 799 799 799 799 800 800 800 800 801 801 801 801 802 802 802 802 803 803 803 803 802 802 802 802 801 801 801 801 802 802 802 802 803 803 803 803 804 804 804 804 805 805 805 805 804 804 804 804 803 803 803 803 782 782 782 782 781 781 781 781 797 797 797 797 806 806 806 806 797 797 797 797 781 781 781 781 797 797 797 797 806 806 806 806 799 799 799 799 807 807 807 807 799 799 799 799 806 806 806 806 799 799 799 799 807 807 807 807 801 801 801 801 808 808 808 808 801 801 801 801 807 807 807 807 801 801 801 801 808 808 808 808 803 803 803 803 809 809 809 809 803 803 803 803 808 808 808 808 803 803 803 803 809 809 809 809 805 805 805 805 810 810 810 810 805 805 805 805 809 809 809 809 805 805 805 805 810 810 810 810 811 811 811 811 812 812 812 812 811 811 811 811 810 810 810 810 811 811 811 811 812 812 812 812 813 813 813 813 814 814 814 814 813 813 813 813 812 812 812 812 813 813 813 813 814 814 814 814 815 815 815 815 816 816 816 816 815 815 815 815 814 814 814 814 815 815 815 815 816 816 816 816 817 817 817 817 818 818 818 818 817 817 817 817 816 816 816 816 804 804 804 804 805 805 805 805 819 819 819 819 811 811 811 811 819 819 819 819 805 805 805 805 819 819 819 819 811 811 811 811 820 820 820 820 813 813 813 813 820 820 820 820 811 811 811 811 820 820 820 820 813 813 813 813 821 821 821 821 815 815 815 815 821 821 821 821 813 813 813 813 821 821 821 821 815 815 815 815 822 822 822 822 817 817 817 817 822 822 822 822 815 815 815 815 822 822 822 822 817 817 817 817 823 823 823 823 823 823 823 823 817 817 817 817 824 824 824 824 818 818 818 818 824 824 824 824 817 817 817 817 824 824 824 824 818 818 818 818 825 825 825 825 826 826 826 826 827 827 827 827 828 828 828 828 829 829 829 829 828 828 828 828 827 827 827 827 828 828 828 828 829 829 829 829 830 830 830 830 831 831 831 831 830 830 830 830 829 829 829 829 830 830 830 830 831 831 831 831 832 832 832 832 833 833 833 833 832 832 832 832 831 831 831 831 832 832 832 832 833 833 833 833 834 834 834 834 835 835 835 835 834 834 834 834 833 833 833 833 836 836 836 836 835 835 835 835 837 837 837 837 833 833 833 833 837 837 837 837 835 835 835 835 837 837 837 837 833 833 833 833 838 838 838 838 831 831 831 831 838 838 838 838 833 833 833 833 838 838 838 838 831 831 831 831 839 839 839 839 829 829 829 829 839 839 839 839 831 831 831 831 839 839 839 839 829 829 829 829 840 840 840 840 827 827 827 827 840 840 840 840 829 829 829 829 840 840 840 840 827 827 827 827 841 841 841 841 842 842 842 842 841 841 841 841 827 827 827 827 841 841 841 841 842 842 842 842 843 843 843 843 844 844 844 844 843 843 843 843 842 842 842 842 843 843 843 843 844 844 844 844 845 845 845 845 846 846 846 846 845 845 845 845 844 844 844 844 845 845 845 845 846 846 846 846 847 847 847 847 848 848 848 848 847 847 847 847 846 846 846 846 847 847 847 847 848 848 848 848 849 849 849 849 850 850 850 850 849 849 849 849 848 848 848 848 827 827 827 827 826 826 826 826 842 842 842 842 851 851 851 851 842 842 842 842 826 826 826 826 842 842 842 842 851 851 851 851 844 844 844 844 852 852 852 852 844 844 844 844 851 851 851 851 844 844 844 844 852 852 852 852 846 846 846 846 853 853 853 853 846 846 846 846 852 852 852 852 846 846 846 846 853 853 853 853 848 848 848 848 854 854 854 854 848 848 848 848 853 853 853 853 848 848 848 848 854 854 854 854 850 850 850 850 855 855 855 855 850 850 850 850 854 854 854 854 850 850 850 850 855 855 855 855 856 856 856 856 857 857 857 857 856 856 856 856 855 855 855 855 856 856 856 856 857 857 857 857 858 858 858 858 859 859 859 859 858 858 858 858 857 857 857 857 858 858 858 858 859 859 859 859 860 860 860 860 861 861 861 861 860 860 860 860 859 859 859 859 860 860 860 860 861 861 861 861 862 862 862 862 863 863 863 863 862 862 862 862 861 861 861 861 849 849 849 849 850 850 850 850 864 864 864 864 856 856 856 856 864 864 864 864 850 850 850 850 864 864 864 864 856 856 856 856 865 865 865 865 858 858 858 858 865 865 865 865 856 856 856 856 865 865 865 865 858 858 858 858 866 866 866 866 860 860 860 860 866 866 866 866 858 858 858 858 866 866 866 866 860 860 860 860 867 867 867 867 862 862 862 862 867 867 867 867 860 860 860 860 867 867 867 867 862 862 862 862 868 868 868 868 868 868 868 868 862 862 862 862 869 869 869 869 863 863 863 863 869 869 869 869 862 862 862 862 869 869 869 869 863 863 863 863 870 870 870 870 871 871 871 871 872 872 872 872 873 873 873 873 874 874 874 874 873 873 873 873 872 872 872 872 873 873 873 873 874 874 874 874 875 875 875 875 876 876 876 876 875 875 875 875 874 874 874 874 875 875 875 875 876 876 876 876 877 877 877 877 878 878 878 878 877 877 877 877 876 876 876 876 877 877 877 877 878 878 878 878 879 879 879 879 880 880 880 880 879 879 879 879 878 878 878 878 881 881 881 881 880 880 880 880 882 882 882 882 878 878 878 878 882 882 882 882 880 880 880 880 882 882 882 882 878 878 878 878 883 883 883 883 876 876 876 876 883 883 883 883 878 878 878 878 883 883 883 883 876 876 876 876 884 884 884 884 874 874 874 874 884 884 884 884 876 876 876 876 884 884 884 884 874 874 874 874 885 885 885 885 872 872 872 872 885 885 885 885 874 874 874 874 885 885 885 885 872 872 872 872 886 886 886 886 887 887 887 887 886 886 886 886 872 872 872 872 886 886 886 886 887 887 887 887 888 888 888 888 889 889 889 889 888 888 888 888 887 887 887 887 888 888 888 888 889 889 889 889 890 890 890 890 891 891 891 891 890 890 890 890 889 889 889 889 890 890 890 890 891 891 891 891 892 892 892 892 893 893 893 893 892 892 892 892 891 891 891 891 892 892 892 892 893 893 893 893 894 894 894 894 895 895 895 895 894 894 894 894 893 893 893 893 872 872 872 872 871 871 871 871 887 887 887 887 896 896 896 896 887 887 887 887 871 871 871 871 887 887 887 887 896 896 896 896 889 889 889 889 897 897 897 897 889 889 889 889 896 896 896 896 889 889 889 889 897 897 897 897 891 891 891 891 898 898 898 898 891 891 891 891 897 897 897 897 891 891 891 891 898 898 898 898 893 893 893 893 899 899 899 899 893 893 893 893 898 898 898 898 893 893 893 893 899 899 899 899 895 895 895 895 900 900 900 900 895 895 895 895 899 899 899 899 895 895 895 895 900 900 900 900 901 901 901 901 902 902 902 902 901 901 901 901 900 900 900 900 901 901 901 901 902 902 902 902 903 903 903 903 904 904 904 904 903 903 903 903 902 902 902 902 903 903 903 903 904 904 904 904 905 905 905 905 906 906 906 906 905 905 905 905 904 904 904 904 905 905 905 905 906 906 906 906 907 907 907 907 908 908 908 908 907 907 907 907 906 906 906 906 894 894 894 894 895 895 895 895 909 909 909 909 901 901 901 901 909 909 909 909 895 895 895 895 909 909 909 909 901 901 901 901 910 910 910 910 903 903 903 903 910 910 910 910 901 901 901 901 910 910 910 910 903 903 903 903 911 911 911 911 905 905 905 905 911 911 911 911 903 903 903 903 911 911 911 911 905 905 905 905 912 912 912 912 907 907 907 907 912 912 912 912 905 905 905 905 912 912 912 912 907 907 907 907 913 913 913 913 913 913 913 913 907 907 907 907 914 914 914 914 908 908 908 908 914 914 914 914 907 907 907 907 914 914 914 914 908 908 908 908 915 915 915 915 916 916 916 916 917 917 917 917 918 918 918 918 919 919 919 919 918 918 918 918 917 917 917 917 918 918 918 918 919 919 919 919 920 920 920 920 921 921 921 921 920 920 920 920 919 919 919 919 920 920 920 920 921 921 921 921 922 922 922 922 923 923 923 923 922 922 922 922 921 921 921 921 922 922 922 922 923 923 923 923 924 924 924 924 925 925 925 925 924 924 924 924 923 923 923 923 926 926 926 926 925 925 925 925 927 927 927 927 923 923 923 923 927 927 927 927 925 925 925 925 927 927 927 927 923 923 923 923 928 928 928 928 921 921 921 921 928 928 928 928 923 923 923 923 928 928 928 928 921 921 921 921 929 929 929 929 919 919 919 919 929 929 929 929 921 921 921 921 929 929 929 929 919 919 919 919 930 930 930 930 917 917 917 917 930 930 930 930 919 919 919 919 930 930 930 930 917 917 917 917 931 931 931 931 932 932 932 932 931 931 931 931 917 917 917 917 931 931 931 931 932 932 932 932 933 933 933 933 934 934 934 934 933 933 933 933 932 932 932 932 933 933 933 933 934 934 934 934 935 935 935 935 936 936 936 936 935 935 935 935 934 934 934 934 935 935 935 935 936 936 936 936 937 937 937 937 938 938 938 938 937 937 937 937 936 936 936 936 937 937 937 937 938 938 938 938 939 939 939 939 940 940 940 940 939 939 939 939 938 938 938 938 917 917 917 917 916 916 916 916 932 932 932 932 941 941 941 941 932 932 932 932 916 916 916 916 932 932 932 932 941 941 941 941 934 934 934 934 942 942 942 942 934 934 934 934 941 941 941 941 934 934 934 934 942 942 942 942 936 936 936 936 943 943 943 943 936 936 936 936 942 942 942 942 936 936 936 936 943 943 943 943 938 938 938 938 944 944 944 944 938 938 938 938 943 943 943 943 938 938 938 938 944 944 944 944 940 940 940 940 945 945 945 945 940 940 940 940 944 944 944 944 940 940 940 940 945 945 945 945 946 946 946 946 947 947 947 947 946 946 946 946 945 945 945 945 946 946 946 946 947 947 947 947 948 948 948 948 949 949 949 949 948 948 948 948 947 947 947 947 948 948 948 948 949 949 949 949 950 950 950 950 951 951 951 951 950 950 950 950 949 949 949 949 950 950 950 950 951 951 951 951 952 952 952 952 953 953 953 953 952 952 952 952 951 951 951 951 939 939 939 939 940 940 940 940 954 954 954 954 946 946 946 946 954 954 954 954 940 940 940 940 954 954 954 954 946 946 946 946 955 955 955 955 948 948 948 948 955 955 955 955 946 946 946 946 955 955 955 955 948 948 948 948 956 956 956 956 950 950 950 950 956 956 956 956 948 948 948 948 956 956 956 956 950 950 950 950 957 957 957 957 952 952 952 952 957 957 957 957 950 950 950 950 957 957 957 957 952 952 952 952 958 958 958 958 958 958 958 958 952 952 952 952 959 959 959 959 953 953 953 953 959 959 959 959 952 952 952 952 959 959 959 959 953 953 953 953 960 960 960 960 961 961 961 961 962 962 962 962 963 963 963 963 964 964 964 964 963 963 963 963 962 962 962 962 963 963 963 963 964 964 964 964 965 965 965 965 966 966 966 966 965 965 965 965 964 964 964 964 965 965 965 965 966 966 966 966 967 967 967 967 968 968 968 968 967 967 967 967 966 966 966 966 967 967 967 967 968 968 968 968 969 969 969 969 970 970 970 970 969 969 969 969 968 968 968 968 971 971 971 971 970 970 970 970 972 972 972 972 968 968 968 968 972 972 972 972 970 970 970 970 972 972 972 972 968 968 968 968 973 973 973 973 966 966 966 966 973 973 973 973 968 968 968 968 973 973 973 973 966 966 966 966 974 974 974 974 964 964 964 964 974 974 974 974 966 966 966 966 974 974 974 974 964 964 964 964 975 975 975 975 962 962 962 962 975 975 975 975 964 964 964 964 975 975 975 975 962 962 962 962 976 976 976 976 977 977 977 977 976 976 976 976 962 962 962 962 976 976 976 976 977 977 977 977 978 978 978 978 979 979 979 979 978 978 978 978 977 977 977 977 978 978 978 978 979 979 979 979 980 980 980 980 981 981 981 981 980 980 980 980 979 979 979 979 980 980 980 980 981 981 981 981 982 982 982 982 983 983 983 983 982 982 982 982 981 981 981 981 982 982 982 982 983 983 983 983 984 984 984 984 985 985 985 985 984 984 984 984 983 983 983 983 962 962 962 962 961 961 961 961 977 977 977 977 986 986 986 986 977 977 977 977 961 961 961 961 977 977 977 977 986 986 986 986 979 979 979 979 987 987 987 987 979 979 979 979 986 986 986 986 979 979 979 979 987 987 987 987 981 981 981 981 988 988 988 988 981 981 981 981 987 987 987 987 981 981 981 981 988 988 988 988 983 983 983 983 989 989 989 989 983 983 983 983 988 988 988 988 983 983 983 983 989 989 989 989 985 985 985 985 990 990 990 990 985 985 985 985 989 989 989 989 985 985 985 985 990 990 990 990 991 991 991 991 992 992 992 992 991 991 991 991 990 990 990 990 991 991 991 991 992 992 992 992 993 993 993 993 994 994 994 994 993 993 993 993 992 992 992 992 993 993 993 993 994 994 994 994 995 995 995 995 996 996 996 996 995 995 995 995 994 994 994 994 995 995 995 995 996 996 996 996 997 997 997 997 998 998 998 998 997 997 997 997 996 996 996 996 984 984 984 984 985 985 985 985 999 999 999 999 991 991 991 991 999 999 999 999 985 985 985 985 999 999 999 999 991 991 991 991 1000 1000 1000 1000 993 993 993 993 1000 1000 1000 1000 991 991 991 991 1000 1000 1000 1000 993 993 993 993 1001 1001 1001 1001 995 995 995 995 1001 1001 1001 1001 993 993 993 993 1001 1001 1001 1001 995 995 995 995 1002 1002 1002 1002 997 997 997 997 1002 1002 1002 1002 995 995 995 995 1002 1002 1002 1002 997 997 997 997 1003 1003 1003 1003 1003 1003 1003 1003 997 997 997 997 1004 1004 1004 1004 998 998 998 998 1004 1004 1004 1004 997 997 997 997 1004 1004 1004 1004 998 998 998 998 1005 1005 1005 1005 1006 1006 1006 1006 1007 1007 1007 1007 1008 1008 1008 1008 1009 1009 1009 1009 1008 1008 1008 1008 1007 1007 1007 1007 1008 1008 1008 1008 1009 1009 1009 1009 1010 1010 1010 1010 1011 1011 1011 1011 1010 1010 1010 1010 1009 1009 1009 1009 1010 1010 1010 1010 1011 1011 1011 1011 1012 1012 1012 1012 1013 1013 1013 1013 1012 1012 1012 1012 1011 1011 1011 1011 1012 1012 1012 1012 1013 1013 1013 1013 1014 1014 1014 1014 1015 1015 1015 1015 1014 1014 1014 1014 1013 1013 1013 1013 1016 1016 1016 1016 1015 1015 1015 1015 1017 1017 1017 1017 1013 1013 1013 1013 1017 1017 1017 1017 1015 1015 1015 1015 1017 1017 1017 1017 1013 1013 1013 1013 1018 1018 1018 1018 1011 1011 1011 1011 1018 1018 1018 1018 1013 1013 1013 1013 1018 1018 1018 1018 1011 1011 1011 1011 1019 1019 1019 1019 1009 1009 1009 1009 1019 1019 1019 1019 1011 1011 1011 1011 1019 1019 1019 1019 1009 1009 1009 1009 1020 1020 1020 1020 1007 1007 1007 1007 1020 1020 1020 1020 1009 1009 1009 1009 1020 1020 1020 1020 1007 1007 1007 1007 1021 1021 1021 1021 1022 1022 1022 1022 1021 1021 1021 1021 1007 1007 1007 1007 1021 1021 1021 1021 1022 1022 1022 1022 1023 1023 1023 1023 1024 1024 1024 1024 1023 1023 1023 1023 1022 1022 1022 1022 1023 1023 1023 1023 1024 1024 1024 1024 1025 1025 1025 1025 1026 1026 1026 1026 1025 1025 1025 1025 1024 1024 1024 1024 1025 1025 1025 1025 1026 1026 1026 1026 1027 1027 1027 1027 1028 1028 1028 1028 1027 1027 1027 1027 1026 1026 1026 1026 1027 1027 1027 1027 1028 1028 1028 1028 1029 1029 1029 1029 1030 1030 1030 1030 1029 1029 1029 1029 1028 1028 1028 1028 1007 1007 1007 1007 1006 1006 1006 1006 1022 1022 1022 1022 1031 1031 1031 1031 1022 1022 1022 1022 1006 1006 1006 1006 1022 1022 1022 1022 1031 1031 1031 1031 1024 1024 1024 1024 1032 1032 1032 1032 1024 1024 1024 1024 1031 1031 1031 1031 1024 1024 1024 1024 1032 1032 1032 1032 1026 1026 1026 1026 1033 1033 1033 1033 1026 1026 1026 1026 1032 1032 1032 1032 1026 1026 1026 1026 1033 1033 1033 1033 1028 1028 1028 1028 1034 1034 1034 1034 1028 1028 1028 1028 1033 1033 1033 1033 1028 1028 1028 1028 1034 1034 1034 1034 1030 1030 1030 1030 1035 1035 1035 1035 1030 1030 1030 1030 1034 1034 1034 1034 1030 1030 1030 1030 1035 1035 1035 1035 1036 1036 1036 1036 1037 1037 1037 1037 1036 1036 1036 1036 1035 1035 1035 1035 1036 1036 1036 1036 1037 1037 1037 1037 1038 1038 1038 1038 1039 1039 1039 1039 1038 1038 1038 1038 1037 1037 1037 1037 1038 1038 1038 1038 1039 1039 1039 1039 1040 1040 1040 1040 1041 1041 1041 1041 1040 1040 1040 1040 1039 1039 1039 1039 1040 1040 1040 1040 1041 1041 1041 1041 1042 1042 1042 1042 1043 1043 1043 1043 1042 1042 1042 1042 1041 1041 1041 1041 1029 1029 1029 1029 1030 1030 1030 1030 1044 1044 1044 1044 1036 1036 1036 1036 1044 1044 1044 1044 1030 1030 1030 1030 1044 1044 1044 1044 1036 1036 1036 1036 1045 1045 1045 1045 1038 1038 1038 1038 1045 1045 1045 1045 1036 1036 1036 1036 1045 1045 1045 1045 1038 1038 1038 1038 1046 1046 1046 1046 1040 1040 1040 1040 1046 1046 1046 1046 1038 1038 1038 1038 1046 1046 1046 1046 1040 1040 1040 1040 1047 1047 1047 1047 1042 1042 1042 1042 1047 1047 1047 1047 1040 1040 1040 1040 1047 1047 1047 1047 1042 1042 1042 1042 1048 1048 1048 1048 1048 1048 1048 1048 1042 1042 1042 1042 1049 1049 1049 1049 1043 1043 1043 1043 1049 1049 1049 1049 1042 1042 1042 1042 1049 1049 1049 1049 1043 1043 1043 1043 1050 1050 1050 1050 1051 1051 1051 1051 1052 1052 1052 1052 1053 1053 1053 1053 1054 1054 1054 1054 1053 1053 1053 1053 1052 1052 1052 1052 1053 1053 1053 1053 1054 1054 1054 1054 1055 1055 1055 1055 1056 1056 1056 1056 1055 1055 1055 1055 1054 1054 1054 1054 1055 1055 1055 1055 1056 1056 1056 1056 1057 1057 1057 1057 1058 1058 1058 1058 1057 1057 1057 1057 1056 1056 1056 1056 1057 1057 1057 1057 1058 1058 1058 1058 1059 1059 1059 1059 1060 1060 1060 1060 1059 1059 1059 1059 1058 1058 1058 1058 1061 1061 1061 1061 1060 1060 1060 1060 1062 1062 1062 1062 1058 1058 1058 1058 1062 1062 1062 1062 1060 1060 1060 1060 1062 1062 1062 1062 1058 1058 1058 1058 1063 1063 1063 1063 1056 1056 1056 1056 1063 1063 1063 1063 1058 1058 1058 1058 1063 1063 1063 1063 1056 1056 1056 1056 1064 1064 1064 1064 1054 1054 1054 1054 1064 1064 1064 1064 1056 1056 1056 1056 1064 1064 1064 1064 1054 1054 1054 1054 1065 1065 1065 1065 1052 1052 1052 1052 1065 1065 1065 1065 1054 1054 1054 1054 1065 1065 1065 1065 1052 1052 1052 1052 1066 1066 1066 1066 1067 1067 1067 1067 1066 1066 1066 1066 1052 1052 1052 1052 1066 1066 1066 1066 1067 1067 1067 1067 1068 1068 1068 1068 1069 1069 1069 1069 1068 1068 1068 1068 1067 1067 1067 1067 1068 1068 1068 1068 1069 1069 1069 1069 1070 1070 1070 1070 1071 1071 1071 1071 1070 1070 1070 1070 1069 1069 1069 1069 1070 1070 1070 1070 1071 1071 1071 1071 1072 1072 1072 1072 1073 1073 1073 1073 1072 1072 1072 1072 1071 1071 1071 1071 1072 1072 1072 1072 1073 1073 1073 1073 1074 1074 1074 1074 1075 1075 1075 1075 1074 1074 1074 1074 1073 1073 1073 1073 1052 1052 1052 1052 1051 1051 1051 1051 1067 1067 1067 1067 1076 1076 1076 1076 1067 1067 1067 1067 1051 1051 1051 1051 1067 1067 1067 1067 1076 1076 1076 1076 1069 1069 1069 1069 1077 1077 1077 1077 1069 1069 1069 1069 1076 1076 1076 1076 1069 1069 1069 1069 1077 1077 1077 1077 1071 1071 1071 1071 1078 1078 1078 1078 1071 1071 1071 1071 1077 1077 1077 1077 1071 1071 1071 1071 1078 1078 1078 1078 1073 1073 1073 1073 1079 1079 1079 1079 1073 1073 1073 1073 1078 1078 1078 1078 1073 1073 1073 1073 1079 1079 1079 1079 1075 1075 1075 1075 1080 1080 1080 1080 1075 1075 1075 1075 1079 1079 1079 1079 1075 1075 1075 1075 1080 1080 1080 1080 1081 1081 1081 1081 1082 1082 1082 1082 1081 1081 1081 1081 1080 1080 1080 1080 1081 1081 1081 1081 1082 1082 1082 1082 1083 1083 1083 1083 1084 1084 1084 1084 1083 1083 1083 1083 1082 1082 1082 1082 1083 1083 1083 1083 1084 1084 1084 1084 1085 1085 1085 1085 1086 1086 1086 1086 1085 1085 1085 1085 1084 1084 1084 1084 1085 1085 1085 1085 1086 1086 1086 1086 1087 1087 1087 1087 1088 1088 1088 1088 1087 1087 1087 1087 1086 1086 1086 1086 1074 1074 1074 1074 1075 1075 1075 1075 1089 1089 1089 1089 1081 1081 1081 1081 1089 1089 1089 1089 1075 1075 1075 1075 1089 1089 1089 1089 1081 1081 1081 1081 1090 1090 1090 1090 1083 1083 1083 1083 1090 1090 1090 1090 1081 1081 1081 1081 1090 1090 1090 1090 1083 1083 1083 1083 1091 1091 1091 1091 1085 1085 1085 1085 1091 1091 1091 1091 1083 1083 1083 1083 1091 1091 1091 1091 1085 1085 1085 1085 1092 1092 1092 1092 1087 1087 1087 1087 1092 1092 1092 1092 1085 1085 1085 1085 1092 1092 1092 1092 1087 1087 1087 1087 1093 1093 1093 1093 1093 1093 1093 1093 1087 1087 1087 1087 1094 1094 1094 1094 1088 1088 1088 1088 1094 1094 1094 1094 1087 1087 1087 1087 1094 1094 1094 1094 1088 1088 1088 1088 1095 1095 1095 1095 1096 1096 1096 1096 1097 1097 1097 1097 1098 1098 1098 1098 1099 1099 1099 1099 1098 1098 1098 1098 1097 1097 1097 1097 1098 1098 1098 1098 1099 1099 1099 1099 1100 1100 1100 1100 1101 1101 1101 1101 1100 1100 1100 1100 1099 1099 1099 1099 1100 1100 1100 1100 1101 1101 1101 1101 1102 1102 1102 1102 1103 1103 1103 1103 1102 1102 1102 1102 1101 1101 1101 1101 1102 1102 1102 1102 1103 1103 1103 1103 1104 1104 1104 1104 1105 1105 1105 1105 1104 1104 1104 1104 1103 1103 1103 1103 1106 1106 1106 1106 1105 1105 1105 1105 1107 1107 1107 1107 1103 1103 1103 1103 1107 1107 1107 1107 1105 1105 1105 1105 1107 1107 1107 1107 1103 1103 1103 1103 1108 1108 1108 1108 1101 1101 1101 1101 1108 1108 1108 1108 1103 1103 1103 1103 1108 1108 1108 1108 1101 1101 1101 1101 1109 1109 1109 1109 1099 1099 1099 1099 1109 1109 1109 1109 1101 1101 1101 1101 1109 1109 1109 1109 1099 1099 1099 1099 1110 1110 1110 1110 1097 1097 1097 1097 1110 1110 1110 1110 1099 1099 1099 1099 1110 1110 1110 1110 1097 1097 1097 1097 1111 1111 1111 1111 1112 1112 1112 1112 1111 1111 1111 1111 1097 1097 1097 1097 1111 1111 1111 1111 1112 1112 1112 1112 1113 1113 1113 1113 1114 1114 1114 1114 1113 1113 1113 1113 1112 1112 1112 1112 1113 1113 1113 1113 1114 1114 1114 1114 1115 1115 1115 1115 1116 1116 1116 1116 1115 1115 1115 1115 1114 1114 1114 1114 1115 1115 1115 1115 1116 1116 1116 1116 1117 1117 1117 1117 1118 1118 1118 1118 1117 1117 1117 1117 1116 1116 1116 1116 1117 1117 1117 1117 1118 1118 1118 1118 1119 1119 1119 1119 1120 1120 1120 1120 1119 1119 1119 1119 1118 1118 1118 1118 1097 1097 1097 1097 1096 1096 1096 1096 1112 1112 1112 1112 1121 1121 1121 1121 1112 1112 1112 1112 1096 1096 1096 1096 1112 1112 1112 1112 1121 1121 1121 1121 1114 1114 1114 1114 1122 1122 1122 1122 1114 1114 1114 1114 1121 1121 1121 1121 1114 1114 1114 1114 1122 1122 1122 1122 1116 1116 1116 1116 1123 1123 1123 1123 1116 1116 1116 1116 1122 1122 1122 1122 1116 1116 1116 1116 1123 1123 1123 1123 1118 1118 1118 1118 1124 1124 1124 1124 1118 1118 1118 1118 1123 1123 1123 1123 1118 1118 1118 1118 1124 1124 1124 1124 1120 1120 1120 1120 1125 1125 1125 1125 1120 1120 1120 1120 1124 1124 1124 1124 1120 1120 1120 1120 1125 1125 1125 1125 1126 1126 1126 1126 1127 1127 1127 1127 1126 1126 1126 1126 1125 1125 1125 1125 1126 1126 1126 1126 1127 1127 1127 1127 1128 1128 1128 1128 1129 1129 1129 1129 1128 1128 1128 1128 1127 1127 1127 1127 1128 1128 1128 1128 1129 1129 1129 1129 1130 1130 1130 1130 1131 1131 1131 1131 1130 1130 1130 1130 1129 1129 1129 1129 1130 1130 1130 1130 1131 1131 1131 1131 1132 1132 1132 1132 1133 1133 1133 1133 1132 1132 1132 1132 1131 1131 1131 1131 1119 1119 1119 1119 1120 1120 1120 1120 1134 1134 1134 1134 1126 1126 1126 1126 1134 1134 1134 1134 1120 1120 1120 1120 1134 1134 1134 1134 1126 1126 1126 1126 1135 1135 1135 1135 1128 1128 1128 1128 1135 1135 1135 1135 1126 1126 1126 1126 1135 1135 1135 1135 1128 1128 1128 1128 1136 1136 1136 1136 1130 1130 1130 1130 1136 1136 1136 1136 1128 1128 1128 1128 1136 1136 1136 1136 1130 1130 1130 1130 1137 1137 1137 1137 1132 1132 1132 1132 1137 1137 1137 1137 1130 1130 1130 1130 1137 1137 1137 1137 1132 1132 1132 1132 1138 1138 1138 1138 1138 1138 1138 1138 1132 1132 1132 1132 1139 1139 1139 1139 1133 1133 1133 1133 1139 1139 1139 1139 1132 1132 1132 1132 1139 1139 1139 1139 1133 1133 1133 1133 1140 1140 1140 1140 1141 1141 1141 1141 1142 1142 1142 1142 1143 1143 1143 1143 1144 1144 1144 1144 1143 1143 1143 1143 1142 1142 1142 1142 1143 1143 1143 1143 1144 1144 1144 1144 1145 1145 1145 1145 1146 1146 1146 1146 1145 1145 1145 1145 1144 1144 1144 1144 1145 1145 1145 1145 1146 1146 1146 1146 1147 1147 1147 1147 1148 1148 1148 1148 1147 1147 1147 1147 1146 1146 1146 1146 1147 1147 1147 1147 1148 1148 1148 1148 1149 1149 1149 1149 1150 1150 1150 1150 1149 1149 1149 1149 1148 1148 1148 1148 1151 1151 1151 1151 1150 1150 1150 1150 1152 1152 1152 1152 1148 1148 1148 1148 1152 1152 1152 1152 1150 1150 1150 1150 1152 1152 1152 1152 1148 1148 1148 1148 1153 1153 1153 1153 1146 1146 1146 1146 1153 1153 1153 1153 1148 1148 1148 1148 1153 1153 1153 1153 1146 1146 1146 1146 1154 1154 1154 1154 1144 1144 1144 1144 1154 1154 1154 1154 1146 1146 1146 1146 1154 1154 1154 1154 1144 1144 1144 1144 1155 1155 1155 1155 1142 1142 1142 1142 1155 1155 1155 1155 1144 1144 1144 1144 1155 1155 1155 1155 1142 1142 1142 1142 1156 1156 1156 1156 1157 1157 1157 1157 1156 1156 1156 1156 1142 1142 1142 1142 1156 1156 1156 1156 1157 1157 1157 1157 1158 1158 1158 1158 1159 1159 1159 1159 1158 1158 1158 1158 1157 1157 1157 1157 1158 1158 1158 1158 1159 1159 1159 1159 1160 1160 1160 1160 1161 1161 1161 1161 1160 1160 1160 1160 1159 1159 1159 1159 1160 1160 1160 1160 1161 1161 1161 1161 1162 1162 1162 1162 1163 1163 1163 1163 1162 1162 1162 1162 1161 1161 1161 1161 1162 1162 1162 1162 1163 1163 1163 1163 1164 1164 1164 1164 1165 1165 1165 1165 1164 1164 1164 1164 1163 1163 1163 1163 1142 1142 1142 1142 1141 1141 1141 1141 1157 1157 1157 1157 1166 1166 1166 1166 1157 1157 1157 1157 1141 1141 1141 1141 1157 1157 1157 1157 1166 1166 1166 1166 1159 1159 1159 1159 1167 1167 1167 1167 1159 1159 1159 1159 1166 1166 1166 1166 1159 1159 1159 1159 1167 1167 1167 1167 1161 1161 1161 1161 1168 1168 1168 1168 1161 1161 1161 1161 1167 1167 1167 1167 1161 1161 1161 1161 1168 1168 1168 1168 1163 1163 1163 1163 1169 1169 1169 1169 1163 1163 1163 1163 1168 1168 1168 1168 1163 1163 1163 1163 1169 1169 1169 1169 1165 1165 1165 1165 1170 1170 1170 1170 1165 1165 1165 1165 1169 1169 1169 1169 1165 1165 1165 1165 1170 1170 1170 1170 1171 1171 1171 1171 1172 1172 1172 1172 1171 1171 1171 1171 1170 1170 1170 1170 1171 1171 1171 1171 1172 1172 1172 1172 1173 1173 1173 1173 1174 1174 1174 1174 1173 1173 1173 1173 1172 1172 1172 1172 1173 1173 1173 1173 1174 1174 1174 1174 1175 1175 1175 1175 1176 1176 1176 1176 1175 1175 1175 1175 1174 1174 1174 1174 1175 1175 1175 1175 1176 1176 1176 1176 1177 1177 1177 1177 1178 1178 1178 1178 1177 1177 1177 1177 1176 1176 1176 1176 1164 1164 1164 1164 1165 1165 1165 1165 1179 1179 1179 1179 1171 1171 1171 1171 1179 1179 1179 1179 1165 1165 1165 1165 1179 1179 1179 1179 1171 1171 1171 1171 1180 1180 1180 1180 1173 1173 1173 1173 1180 1180 1180 1180 1171 1171 1171 1171 1180 1180 1180 1180 1173 1173 1173 1173 1181 1181 1181 1181 1175 1175 1175 1175 1181 1181 1181 1181 1173 1173 1173 1173 1181 1181 1181 1181 1175 1175 1175 1175 1182 1182 1182 1182 1177 1177 1177 1177 1182 1182 1182 1182 1175 1175 1175 1175 1182 1182 1182 1182 1177 1177 1177 1177 1183 1183 1183 1183 1183 1183 1183 1183 1177 1177 1177 1177 1184 1184 1184 1184 1178 1178 1178 1178 1184 1184 1184 1184 1177 1177 1177 1177 1184 1184 1184 1184 1178 1178 1178 1178 1185 1185 1185 1185 1186 1186 1186 1186 1187 1187 1187 1187 1188 1188 1188 1188 1189 1189 1189 1189 1188 1188 1188 1188 1187 1187 1187 1187 1188 1188 1188 1188 1189 1189 1189 1189 1190 1190 1190 1190 1191 1191 1191 1191 1190 1190 1190 1190 1189 1189 1189 1189 1190 1190 1190 1190 1191 1191 1191 1191 1192 1192 1192 1192 1193 1193 1193 1193 1192 1192 1192 1192 1191 1191 1191 1191 1192 1192 1192 1192 1193 1193 1193 1193 1194 1194 1194 1194 1195 1195 1195 1195 1194 1194 1194 1194 1193 1193 1193 1193 1196 1196 1196 1196 1195 1195 1195 1195 1197 1197 1197 1197 1193 1193 1193 1193 1197 1197 1197 1197 1195 1195 1195 1195 1197 1197 1197 1197 1193 1193 1193 1193 1198 1198 1198 1198 1191 1191 1191 1191 1198 1198 1198 1198 1193 1193 1193 1193 1198 1198 1198 1198 1191 1191 1191 1191 1199 1199 1199 1199 1189 1189 1189 1189 1199 1199 1199 1199 1191 1191 1191 1191 1199 1199 1199 1199 1189 1189 1189 1189 1200 1200 1200 1200 1187 1187 1187 1187 1200 1200 1200 1200 1189 1189 1189 1189 1200 1200 1200 1200 1187 1187 1187 1187 1201 1201 1201 1201 1202 1202 1202 1202 1201 1201 1201 1201 1187 1187 1187 1187 1201 1201 1201 1201 1202 1202 1202 1202 1203 1203 1203 1203 1204 1204 1204 1204 1203 1203 1203 1203 1202 1202 1202 1202 1203 1203 1203 1203 1204 1204 1204 1204 1205 1205 1205 1205 1206 1206 1206 1206 1205 1205 1205 1205 1204 1204 1204 1204 1205 1205 1205 1205 1206 1206 1206 1206 1207 1207 1207 1207 1208 1208 1208 1208 1207 1207 1207 1207 1206 1206 1206 1206 1207 1207 1207 1207 1208 1208 1208 1208 1209 1209 1209 1209 1210 1210 1210 1210 1209 1209 1209 1209 1208 1208 1208 1208 1187 1187 1187 1187 1186 1186 1186 1186 1202 1202 1202 1202 1211 1211 1211 1211 1202 1202 1202 1202 1186 1186 1186 1186 1202 1202 1202 1202 1211 1211 1211 1211 1204 1204 1204 1204 1212 1212 1212 1212 1204 1204 1204 1204 1211 1211 1211 1211 1204 1204 1204 1204 1212 1212 1212 1212 1206 1206 1206 1206 1213 1213 1213 1213 1206 1206 1206 1206 1212 1212 1212 1212 1206 1206 1206 1206 1213 1213 1213 1213 1208 1208 1208 1208 1214 1214 1214 1214 1208 1208 1208 1208 1213 1213 1213 1213 1208 1208 1208 1208 1214 1214 1214 1214 1210 1210 1210 1210 1215 1215 1215 1215 1210 1210 1210 1210 1214 1214 1214 1214 1210 1210 1210 1210 1215 1215 1215 1215 1216 1216 1216 1216 1217 1217 1217 1217 1216 1216 1216 1216 1215 1215 1215 1215 1216 1216 1216 1216 1217 1217 1217 1217 1218 1218 1218 1218 1219 1219 1219 1219 1218 1218 1218 1218 1217 1217 1217 1217 1218 1218 1218 1218 1219 1219 1219 1219 1220 1220 1220 1220 1221 1221 1221 1221 1220 1220 1220 1220 1219 1219 1219 1219 1220 1220 1220 1220 1221 1221 1221 1221 1222 1222 1222 1222 1223 1223 1223 1223 1222 1222 1222 1222 1221 1221 1221 1221 1209 1209 1209 1209 1210 1210 1210 1210 1224 1224 1224 1224 1216 1216 1216 1216 1224 1224 1224 1224 1210 1210 1210 1210 1224 1224 1224 1224 1216 1216 1216 1216 1225 1225 1225 1225 1218 1218 1218 1218 1225 1225 1225 1225 1216 1216 1216 1216 1225 1225 1225 1225 1218 1218 1218 1218 1226 1226 1226 1226 1220 1220 1220 1220 1226 1226 1226 1226 1218 1218 1218 1218 1226 1226 1226 1226 1220 1220 1220 1220 1227 1227 1227 1227 1222 1222 1222 1222 1227 1227 1227 1227 1220 1220 1220 1220 1227 1227 1227 1227 1222 1222 1222 1222 1228 1228 1228 1228 1228 1228 1228 1228 1222 1222 1222 1222 1229 1229 1229 1229 1223 1223 1223 1223 1229 1229 1229 1229 1222 1222 1222 1222 1229 1229 1229 1229 1223 1223 1223 1223 1230 1230 1230 1230 1231 1231 1231 1231 1232 1232 1232 1232 1233 1233 1233 1233 1234 1234 1234 1234 1233 1233 1233 1233 1232 1232 1232 1232 1233 1233 1233 1233 1234 1234 1234 1234 1235 1235 1235 1235 1236 1236 1236 1236 1235 1235 1235 1235 1234 1234 1234 1234 1235 1235 1235 1235 1236 1236 1236 1236 1237 1237 1237 1237 1238 1238 1238 1238 1237 1237 1237 1237 1236 1236 1236 1236 1237 1237 1237 1237 1238 1238 1238 1238 1239 1239 1239 1239 1240 1240 1240 1240 1239 1239 1239 1239 1238 1238 1238 1238 1241 1241 1241 1241 1240 1240 1240 1240 1242 1242 1242 1242 1238 1238 1238 1238 1242 1242 1242 1242 1240 1240 1240 1240 1242 1242 1242 1242 1238 1238 1238 1238 1243 1243 1243 1243 1236 1236 1236 1236 1243 1243 1243 1243 1238 1238 1238 1238 1243 1243 1243 1243 1236 1236 1236 1236 1244 1244 1244 1244 1234 1234 1234 1234 1244 1244 1244 1244 1236 1236 1236 1236 1244 1244 1244 1244 1234 1234 1234 1234 1245 1245 1245 1245 1232 1232 1232 1232 1245 1245 1245 1245 1234 1234 1234 1234 1245 1245 1245 1245 1232 1232 1232 1232 1246 1246 1246 1246 1247 1247 1247 1247 1246 1246 1246 1246 1232 1232 1232 1232 1246 1246 1246 1246 1247 1247 1247 1247 1248 1248 1248 1248 1249 1249 1249 1249 1248 1248 1248 1248 1247 1247 1247 1247 1248 1248 1248 1248 1249 1249 1249 1249 1250 1250 1250 1250 1251 1251 1251 1251 1250 1250 1250 1250 1249 1249 1249 1249 1250 1250 1250 1250 1251 1251 1251 1251 1252 1252 1252 1252 1253 1253 1253 1253 1252 1252 1252 1252 1251 1251 1251 1251 1252 1252 1252 1252 1253 1253 1253 1253 1254 1254 1254 1254 1255 1255 1255 1255 1254 1254 1254 1254 1253 1253 1253 1253 1232 1232 1232 1232 1231 1231 1231 1231 1247 1247 1247 1247 1256 1256 1256 1256 1247 1247 1247 1247 1231 1231 1231 1231 1247 1247 1247 1247 1256 1256 1256 1256 1249 1249 1249 1249 1257 1257 1257 1257 1249 1249 1249 1249 1256 1256 1256 1256 1249 1249 1249 1249 1257 1257 1257 1257 1251 1251 1251 1251 1258 1258 1258 1258 1251 1251 1251 1251 1257 1257 1257 1257 1251 1251 1251 1251 1258 1258 1258 1258 1253 1253 1253 1253 1259 1259 1259 1259 1253 1253 1253 1253 1258 1258 1258 1258 1253 1253 1253 1253 1259 1259 1259 1259 1255 1255 1255 1255 1260 1260 1260 1260 1255 1255 1255 1255 1259 1259 1259 1259 1255 1255 1255 1255 1260 1260 1260 1260 1261 1261 1261 1261 1262 1262 1262 1262 1261 1261 1261 1261 1260 1260 1260 1260 1261 1261 1261 1261 1262 1262 1262 1262 1263 1263 1263 1263 1264 1264 1264 1264 1263 1263 1263 1263 1262 1262 1262 1262 1263 1263 1263 1263 1264 1264 1264 1264 1265 1265 1265 1265 1266 1266 1266 1266 1265 1265 1265 1265 1264 1264 1264 1264 1265 1265 1265 1265 1266 1266 1266 1266 1267 1267 1267 1267 1268 1268 1268 1268 1267 1267 1267 1267 1266 1266 1266 1266 1254 1254 1254 1254 1255 1255 1255 1255 1269 1269 1269 1269 1261 1261 1261 1261 1269 1269 1269 1269 1255 1255 1255 1255 1269 1269 1269 1269 1261 1261 1261 1261 1270 1270 1270 1270 1263 1263 1263 1263 1270 1270 1270 1270 1261 1261 1261 1261 1270 1270 1270 1270 1263 1263 1263 1263 1271 1271 1271 1271 1265 1265 1265 1265 1271 1271 1271 1271 1263 1263 1263 1263 1271 1271 1271 1271 1265 1265 1265 1265 1272 1272 1272 1272 1267 1267 1267 1267 1272 1272 1272 1272 1265 1265 1265 1265 1272 1272 1272 1272 1267 1267 1267 1267 1273 1273 1273 1273 1273 1273 1273 1273 1267 1267 1267 1267 1274 1274 1274 1274 1268 1268 1268 1268 1274 1274 1274 1274 1267 1267 1267 1267 1274 1274 1274 1274 1268 1268 1268 1268 1275 1275 1275 1275 1276 1276 1276 1276 1277 1277 1277 1277 1278 1278 1278 1278 1279 1279 1279 1279 1278 1278 1278 1278 1277 1277 1277 1277 1278 1278 1278 1278 1279 1279 1279 1279 1280 1280 1280 1280 1281 1281 1281 1281 1280 1280 1280 1280 1279 1279 1279 1279 1280 1280 1280 1280 1281 1281 1281 1281 1282 1282 1282 1282 1283 1283 1283 1283 1282 1282 1282 1282 1281 1281 1281 1281 1282 1282 1282 1282 1283 1283 1283 1283 1284 1284 1284 1284 1285 1285 1285 1285 1284 1284 1284 1284 1283 1283 1283 1283 1286 1286 1286 1286 1285 1285 1285 1285 1287 1287 1287 1287 1283 1283 1283 1283 1287 1287 1287 1287 1285 1285 1285 1285 1287 1287 1287 1287 1283 1283 1283 1283 1288 1288 1288 1288 1281 1281 1281 1281 1288 1288 1288 1288 1283 1283 1283 1283 1288 1288 1288 1288 1281 1281 1281 1281 1289 1289 1289 1289 1279 1279 1279 1279 1289 1289 1289 1289 1281 1281 1281 1281 1289 1289 1289 1289 1279 1279 1279 1279 1290 1290 1290 1290 1277 1277 1277 1277 1290 1290 1290 1290 1279 1279 1279 1279 1290 1290 1290 1290 1277 1277 1277 1277 1291 1291 1291 1291 1292 1292 1292 1292 1291 1291 1291 1291 1277 1277 1277 1277 1291 1291 1291 1291 1292 1292 1292 1292 1293 1293 1293 1293 1294 1294 1294 1294 1293 1293 1293 1293 1292 1292 1292 1292 1293 1293 1293 1293 1294 1294 1294 1294 1295 1295 1295 1295 1296 1296 1296 1296 1295 1295 1295 1295 1294 1294 1294 1294 1295 1295 1295 1295 1296 1296 1296 1296 1297 1297 1297 1297 1298 1298 1298 1298 1297 1297 1297 1297 1296 1296 1296 1296 1297 1297 1297 1297 1298 1298 1298 1298 1299 1299 1299 1299 1300 1300 1300 1300 1299 1299 1299 1299 1298 1298 1298 1298 1277 1277 1277 1277 1276 1276 1276 1276 1292 1292 1292 1292 1301 1301 1301 1301 1292 1292 1292 1292 1276 1276 1276 1276 1292 1292 1292 1292 1301 1301 1301 1301 1294 1294 1294 1294 1302 1302 1302 1302 1294 1294 1294 1294 1301 1301 1301 1301 1294 1294 1294 1294 1302 1302 1302 1302 1296 1296 1296 1296 1303 1303 1303 1303 1296 1296 1296 1296 1302 1302 1302 1302 1296 1296 1296 1296 1303 1303 1303 1303 1298 1298 1298 1298 1304 1304 1304 1304 1298 1298 1298 1298 1303 1303 1303 1303 1298 1298 1298 1298 1304 1304 1304 1304 1300 1300 1300 1300 1305 1305 1305 1305 1300 1300 1300 1300 1304 1304 1304 1304 1300 1300 1300 1300 1305 1305 1305 1305 1306 1306 1306 1306 1307 1307 1307 1307 1306 1306 1306 1306 1305 1305 1305 1305 1306 1306 1306 1306 1307 1307 1307 1307 1308 1308 1308 1308 1309 1309 1309 1309 1308 1308 1308 1308 1307 1307 1307 1307 1308 1308 1308 1308 1309 1309 1309 1309 1310 1310 1310 1310 1311 1311 1311 1311 1310 1310 1310 1310 1309 1309 1309 1309 1310 1310 1310 1310 1311 1311 1311 1311 1312 1312 1312 1312 1313 1313 1313 1313 1312 1312 1312 1312 1311 1311 1311 1311 1299 1299 1299 1299 1300 1300 1300 1300 1314 1314 1314 1314 1306 1306 1306 1306 1314 1314 1314 1314 1300 1300 1300 1300 1314 1314 1314 1314 1306 1306 1306 1306 1315 1315 1315 1315 1308 1308 1308 1308 1315 1315 1315 1315 1306 1306 1306 1306 1315 1315 1315 1315 1308 1308 1308 1308 1316 1316 1316 1316 1310 1310 1310 1310 1316 1316 1316 1316 1308 1308 1308 1308 1316 1316 1316 1316 1310 1310 1310 1310 1317 1317 1317 1317 1312 1312 1312 1312 1317 1317 1317 1317 1310 1310 1310 1310 1317 1317 1317 1317 1312 1312 1312 1312 1318 1318 1318 1318 1318 1318 1318 1318 1312 1312 1312 1312 1319 1319 1319 1319 1313 1313 1313 1313 1319 1319 1319 1319 1312 1312 1312 1312 1319 1319 1319 1319 1313 1313 1313 1313 1320 1320 1320 1320 1321 1321 1321 1321 1322 1322 1322 1322 1323 1323 1323 1323 1324 1324 1324 1324 1323 1323 1323 1323 1322 1322 1322 1322 1323 1323 1323 1323 1324 1324 1324 1324 1325 1325 1325 1325 1326 1326 1326 1326 1325 1325 1325 1325 1324 1324 1324 1324 1325 1325 1325 1325 1326 1326 1326 1326 1327 1327 1327 1327 1328 1328 1328 1328 1327 1327 1327 1327 1326 1326 1326 1326 1327 1327 1327 1327 1328 1328 1328 1328 1329 1329 1329 1329 1330 1330 1330 1330 1329 1329 1329 1329 1328 1328 1328 1328 1331 1331 1331 1331 1330 1330 1330 1330 1332 1332 1332 1332 1328 1328 1328 1328 1332 1332 1332 1332 1330 1330 1330 1330 1332 1332 1332 1332 1328 1328 1328 1328 1333 1333 1333 1333 1326 1326 1326 1326 1333 1333 1333 1333 1328 1328 1328 1328 1333 1333 1333 1333 1326 1326 1326 1326 1334 1334 1334 1334 1324 1324 1324 1324 1334 1334 1334 1334 1326 1326 1326 1326 1334 1334 1334 1334 1324 1324 1324 1324 1335 1335 1335 1335 1322 1322 1322 1322 1335 1335 1335 1335 1324 1324 1324 1324 1335 1335 1335 1335 1322 1322 1322 1322 1336 1336 1336 1336 1337 1337 1337 1337 1336 1336 1336 1336 1322 1322 1322 1322 1336 1336 1336 1336 1337 1337 1337 1337 1338 1338 1338 1338 1339 1339 1339 1339 1338 1338 1338 1338 1337 1337 1337 1337 1338 1338 1338 1338 1339 1339 1339 1339 1340 1340 1340 1340 1341 1341 1341 1341 1340 1340 1340 1340 1339 1339 1339 1339 1340 1340 1340 1340 1341 1341 1341 1341 1342 1342 1342 1342 1343 1343 1343 1343 1342 1342 1342 1342 1341 1341 1341 1341 1342 1342 1342 1342 1343 1343 1343 1343 1344 1344 1344 1344 1345 1345 1345 1345 1344 1344 1344 1344 1343 1343 1343 1343 1322 1322 1322 1322 1321 1321 1321 1321 1337 1337 1337 1337 1346 1346 1346 1346 1337 1337 1337 1337 1321 1321 1321 1321 1337 1337 1337 1337 1346 1346 1346 1346 1339 1339 1339 1339 1347 1347 1347 1347 1339 1339 1339 1339 1346 1346 1346 1346 1339 1339 1339 1339 1347 1347 1347 1347 1341 1341 1341 1341 1348 1348 1348 1348 1341 1341 1341 1341 1347 1347 1347 1347 1341 1341 1341 1341 1348 1348 1348 1348 1343 1343 1343 1343 1349 1349 1349 1349 1343 1343 1343 1343 1348 1348 1348 1348 1343 1343 1343 1343 1349 1349 1349 1349 1345 1345 1345 1345 1350 1350 1350 1350 1345 1345 1345 1345 1349 1349 1349 1349 1345 1345 1345 1345 1350 1350 1350 1350 1351 1351 1351 1351 1352 1352 1352 1352 1351 1351 1351 1351 1350 1350 1350 1350 1351 1351 1351 1351 1352 1352 1352 1352 1353 1353 1353 1353 1354 1354 1354 1354 1353 1353 1353 1353 1352 1352 1352 1352 1353 1353 1353 1353 1354 1354 1354 1354 1355 1355 1355 1355 1356 1356 1356 1356 1355 1355 1355 1355 1354 1354 1354 1354 1355 1355 1355 1355 1356 1356 1356 1356 1357 1357 1357 1357 1358 1358 1358 1358 1357 1357 1357 1357 1356 1356 1356 1356 1344 1344 1344 1344 1345 1345 1345 1345 1359 1359 1359 1359 1351 1351 1351 1351 1359 1359 1359 1359 1345 1345 1345 1345 1359 1359 1359 1359 1351 1351 1351 1351 1360 1360 1360 1360 1353 1353 1353 1353 1360 1360 1360 1360 1351 1351 1351 1351 1360 1360 1360 1360 1353 1353 1353 1353 1361 1361 1361 1361 1355 1355 1355 1355 1361 1361 1361 1361 1353 1353 1353 1353 1361 1361 1361 1361 1355 1355 1355 1355 1362 1362 1362 1362 1357 1357 1357 1357 1362 1362 1362 1362 1355 1355 1355 1355 1362 1362 1362 1362 1357 1357 1357 1357 1363 1363 1363 1363 1363 1363 1363 1363 1357 1357 1357 1357 1364 1364 1364 1364 1358 1358 1358 1358 1364 1364 1364 1364 1357 1357 1357 1357 1364 1364 1364 1364 1358 1358 1358 1358 1365 1365 1365 1365 1366 1366 1366 1366 1367 1367 1367 1367 1368 1368 1368 1368 1369 1369 1369 1369 1368 1368 1368 1368 1367 1367 1367 1367 1368 1368 1368 1368 1369 1369 1369 1369 1370 1370 1370 1370 1371 1371 1371 1371 1370 1370 1370 1370 1369 1369 1369 1369 1370 1370 1370 1370 1371 1371 1371 1371 1372 1372 1372 1372 1373 1373 1373 1373 1372 1372 1372 1372 1371 1371 1371 1371 1372 1372 1372 1372 1373 1373 1373 1373 1374 1374 1374 1374 1375 1375 1375 1375 1374 1374 1374 1374 1373 1373 1373 1373 1376 1376 1376 1376 1375 1375 1375 1375 1377 1377 1377 1377 1373 1373 1373 1373 1377 1377 1377 1377 1375 1375 1375 1375 1377 1377 1377 1377 1373 1373 1373 1373 1378 1378 1378 1378 1371 1371 1371 1371 1378 1378 1378 1378 1373 1373 1373 1373 1378 1378 1378 1378 1371 1371 1371 1371 1379 1379 1379 1379 1369 1369 1369 1369 1379 1379 1379 1379 1371 1371 1371 1371 1379 1379 1379 1379 1369 1369 1369 1369 1380 1380 1380 1380 1367 1367 1367 1367 1380 1380 1380 1380 1369 1369 1369 1369 1380 1380 1380 1380 1367 1367 1367 1367 1381 1381 1381 1381 1382 1382 1382 1382 1381 1381 1381 1381 1367 1367 1367 1367 1381 1381 1381 1381 1382 1382 1382 1382 1383 1383 1383 1383 1384 1384 1384 1384 1383 1383 1383 1383 1382 1382 1382 1382 1383 1383 1383 1383 1384 1384 1384 1384 1385 1385 1385 1385 1386 1386 1386 1386 1385 1385 1385 1385 1384 1384 1384 1384 1385 1385 1385 1385 1386 1386 1386 1386 1387 1387 1387 1387 1388 1388 1388 1388 1387 1387 1387 1387 1386 1386 1386 1386 1387 1387 1387 1387 1388 1388 1388 1388 1389 1389 1389 1389 1390 1390 1390 1390 1389 1389 1389 1389 1388 1388 1388 1388 1367 1367 1367 1367 1366 1366 1366 1366 1382 1382 1382 1382 1391 1391 1391 1391 1382 1382 1382 1382 1366 1366 1366 1366 1382 1382 1382 1382 1391 1391 1391 1391 1384 1384 1384 1384 1392 1392 1392 1392 1384 1384 1384 1384 1391 1391 1391 1391 1384 1384 1384 1384 1392 1392 1392 1392 1386 1386 1386 1386 1393 1393 1393 1393 1386 1386 1386 1386 1392 1392 1392 1392 1386 1386 1386 1386 1393 1393 1393 1393 1388 1388 1388 1388 1394 1394 1394 1394 1388 1388 1388 1388 1393 1393 1393 1393 1388 1388 1388 1388 1394 1394 1394 1394 1390 1390 1390 1390 1395 1395 1395 1395 1390 1390 1390 1390 1394 1394 1394 1394 1390 1390 1390 1390 1395 1395 1395 1395 1396 1396 1396 1396 1397 1397 1397 1397 1396 1396 1396 1396 1395 1395 1395 1395 1396 1396 1396 1396 1397 1397 1397 1397 1398 1398 1398 1398 1399 1399 1399 1399 1398 1398 1398 1398 1397 1397 1397 1397 1398 1398 1398 1398 1399 1399 1399 1399 1400 1400 1400 1400 1401 1401 1401 1401 1400 1400 1400 1400 1399 1399 1399 1399 1400 1400 1400 1400 1401 1401 1401 1401 1402 1402 1402 1402 1403 1403 1403 1403 1402 1402 1402 1402 1401 1401 1401 1401 1389 1389 1389 1389 1390 1390 1390 1390 1404 1404 1404 1404 1396 1396 1396 1396 1404 1404 1404 1404 1390 1390 1390 1390 1404 1404 1404 1404 1396 1396 1396 1396 1405 1405 1405 1405 1398 1398 1398 1398 1405 1405 1405 1405 1396 1396 1396 1396 1405 1405 1405 1405 1398 1398 1398 1398 1406 1406 1406 1406 1400 1400 1400 1400 1406 1406 1406 1406 1398 1398 1398 1398 1406 1406 1406 1406 1400 1400 1400 1400 1407 1407 1407 1407 1402 1402 1402 1402 1407 1407 1407 1407 1400 1400 1400 1400 1407 1407 1407 1407 1402 1402 1402 1402 1408 1408 1408 1408 1408 1408 1408 1408 1402 1402 1402 1402 1409 1409 1409 1409 1403 1403 1403 1403 1409 1409 1409 1409 1402 1402 1402 1402 1409 1409 1409 1409 1403 1403 1403 1403 1410 1410 1410 1410 1411 1411 1411 1411 1412 1412 1412 1412 1413 1413 1413 1413 1414 1414 1414 1414 1413 1413 1413 1413 1412 1412 1412 1412 1413 1413 1413 1413 1414 1414 1414 1414 1415 1415 1415 1415 1416 1416 1416 1416 1415 1415 1415 1415 1414 1414 1414 1414 1415 1415 1415 1415 1416 1416 1416 1416 1417 1417 1417 1417 1418 1418 1418 1418 1417 1417 1417 1417 1416 1416 1416 1416 1417 1417 1417 1417 1418 1418 1418 1418 1419 1419 1419 1419 1420 1420 1420 1420 1419 1419 1419 1419 1418 1418 1418 1418 1421 1421 1421 1421 1420 1420 1420 1420 1422 1422 1422 1422 1418 1418 1418 1418 1422 1422 1422 1422 1420 1420 1420 1420 1422 1422 1422 1422 1418 1418 1418 1418 1423 1423 1423 1423 1416 1416 1416 1416 1423 1423 1423 1423 1418 1418 1418 1418 1423 1423 1423 1423 1416 1416 1416 1416 1424 1424 1424 1424 1414 1414 1414 1414 1424 1424 1424 1424 1416 1416 1416 1416 1424 1424 1424 1424 1414 1414 1414 1414 1425 1425 1425 1425 1412 1412 1412 1412 1425 1425 1425 1425 1414 1414 1414 1414 1425 1425 1425 1425 1412 1412 1412 1412 1426 1426 1426 1426 1427 1427 1427 1427 1426 1426 1426 1426 1412 1412 1412 1412 1426 1426 1426 1426 1427 1427 1427 1427 1428 1428 1428 1428 1429 1429 1429 1429 1428 1428 1428 1428 1427 1427 1427 1427 1428 1428 1428 1428 1429 1429 1429 1429 1430 1430 1430 1430 1431 1431 1431 1431 1430 1430 1430 1430 1429 1429 1429 1429 1430 1430 1430 1430 1431 1431 1431 1431 1432 1432 1432 1432 1433 1433 1433 1433 1432 1432 1432 1432 1431 1431 1431 1431 1432 1432 1432 1432 1433 1433 1433 1433 1434 1434 1434 1434 1435 1435 1435 1435 1434 1434 1434 1434 1433 1433 1433 1433 1412 1412 1412 1412 1411 1411 1411 1411 1427 1427 1427 1427 1436 1436 1436 1436 1427 1427 1427 1427 1411 1411 1411 1411 1427 1427 1427 1427 1436 1436 1436 1436 1429 1429 1429 1429 1437 1437 1437 1437 1429 1429 1429 1429 1436 1436 1436 1436 1429 1429 1429 1429 1437 1437 1437 1437 1431 1431 1431 1431 1438 1438 1438 1438 1431 1431 1431 1431 1437 1437 1437 1437 1431 1431 1431 1431 1438 1438 1438 1438 1433 1433 1433 1433 1439 1439 1439 1439 1433 1433 1433 1433 1438 1438 1438 1438 1433 1433 1433 1433 1439 1439 1439 1439 1435 1435 1435 1435 1440 1440 1440 1440 1435 1435 1435 1435 1439 1439 1439 1439 1435 1435 1435 1435 1440 1440 1440 1440 1441 1441 1441 1441 1442 1442 1442 1442 1441 1441 1441 1441 1440 1440 1440 1440 1441 1441 1441 1441 1442 1442 1442 1442 1443 1443 1443 1443 1444 1444 1444 1444 1443 1443 1443 1443 1442 1442 1442 1442 1443 1443 1443 1443 1444 1444 1444 1444 1445 1445 1445 1445 1446 1446 1446 1446 1445 1445 1445 1445 1444 1444 1444 1444 1445 1445 1445 1445 1446 1446 1446 1446 1447 1447 1447 1447 1448 1448 1448 1448 1447 1447 1447 1447 1446 1446 1446 1446 1434 1434 1434 1434 1435 1435 1435 1435 1449 1449 1449 1449 1441 1441 1441 1441 1449 1449 1449 1449 1435 1435 1435 1435 1449 1449 1449 1449 1441 1441 1441 1441 1450 1450 1450 1450 1443 1443 1443 1443 1450 1450 1450 1450 1441 1441 1441 1441 1450 1450 1450 1450 1443 1443 1443 1443 1451 1451 1451 1451 1445 1445 1445 1445 1451 1451 1451 1451 1443 1443 1443 1443 1451 1451 1451 1451 1445 1445 1445 1445 1452 1452 1452 1452 1447 1447 1447 1447 1452 1452 1452 1452 1445 1445 1445 1445 1452 1452 1452 1452 1447 1447 1447 1447 1453 1453 1453 1453 1453 1453 1453 1453 1447 1447 1447 1447 1454 1454 1454 1454 1448 1448 1448 1448 1454 1454 1454 1454 1447 1447 1447 1447 1454 1454 1454 1454 1448 1448 1448 1448 1455 1455 1455 1455 1456 1456 1456 1456 1457 1457 1457 1457 1458 1458 1458 1458 1459 1459 1459 1459 1458 1458 1458 1458 1457 1457 1457 1457 1458 1458 1458 1458 1459 1459 1459 1459 1460 1460 1460 1460 1461 1461 1461 1461 1460 1460 1460 1460 1459 1459 1459 1459 1460 1460 1460 1460 1461 1461 1461 1461 1462 1462 1462 1462 1463 1463 1463 1463 1462 1462 1462 1462 1461 1461 1461 1461 1462 1462 1462 1462 1463 1463 1463 1463 1464 1464 1464 1464 1465 1465 1465 1465 1464 1464 1464 1464 1463 1463 1463 1463 1466 1466 1466 1466 1465 1465 1465 1465 1467 1467 1467 1467 1463 1463 1463 1463 1467 1467 1467 1467 1465 1465 1465 1465 1467 1467 1467 1467 1463 1463 1463 1463 1468 1468 1468 1468 1461 1461 1461 1461 1468 1468 1468 1468 1463 1463 1463 1463 1468 1468 1468 1468 1461 1461 1461 1461 1469 1469 1469 1469 1459 1459 1459 1459 1469 1469 1469 1469 1461 1461 1461 1461 1469 1469 1469 1469 1459 1459 1459 1459 1470 1470 1470 1470 1457 1457 1457 1457 1470 1470 1470 1470 1459 1459 1459 1459 1470 1470 1470 1470 1457 1457 1457 1457 1471 1471 1471 1471 1472 1472 1472 1472 1471 1471 1471 1471 1457 1457 1457 1457 1471 1471 1471 1471 1472 1472 1472 1472 1473 1473 1473 1473 1474 1474 1474 1474 1473 1473 1473 1473 1472 1472 1472 1472 1473 1473 1473 1473 1474 1474 1474 1474 1475 1475 1475 1475 1476 1476 1476 1476 1475 1475 1475 1475 1474 1474 1474 1474 1475 1475 1475 1475 1476 1476 1476 1476 1477 1477 1477 1477 1478 1478 1478 1478 1477 1477 1477 1477 1476 1476 1476 1476 1477 1477 1477 1477 1478 1478 1478 1478 1479 1479 1479 1479 1480 1480 1480 1480 1479 1479 1479 1479 1478 1478 1478 1478 1457 1457 1457 1457 1456 1456 1456 1456 1472 1472 1472 1472 1481 1481 1481 1481 1472 1472 1472 1472 1456 1456 1456 1456 1472 1472 1472 1472 1481 1481 1481 1481 1474 1474 1474 1474 1482 1482 1482 1482 1474 1474 1474 1474 1481 1481 1481 1481 1474 1474 1474 1474 1482 1482 1482 1482 1476 1476 1476 1476 1483 1483 1483 1483 1476 1476 1476 1476 1482 1482 1482 1482 1476 1476 1476 1476 1483 1483 1483 1483 1478 1478 1478 1478 1484 1484 1484 1484 1478 1478 1478 1478 1483 1483 1483 1483 1478 1478 1478 1478 1484 1484 1484 1484 1480 1480 1480 1480 1485 1485 1485 1485 1480 1480 1480 1480 1484 1484 1484 1484 1480 1480 1480 1480 1485 1485 1485 1485 1486 1486 1486 1486 1487 1487 1487 1487 1486 1486 1486 1486 1485 1485 1485 1485 1486 1486 1486 1486 1487 1487 1487 1487 1488 1488 1488 1488 1489 1489 1489 1489 1488 1488 1488 1488 1487 1487 1487 1487 1488 1488 1488 1488 1489 1489 1489 1489 1490 1490 1490 1490 1491 1491 1491 1491 1490 1490 1490 1490 1489 1489 1489 1489 1490 1490 1490 1490 1491 1491 1491 1491 1492 1492 1492 1492 1493 1493 1493 1493 1492 1492 1492 1492 1491 1491 1491 1491 1479 1479 1479 1479 1480 1480 1480 1480 1494 1494 1494 1494 1486 1486 1486 1486 1494 1494 1494 1494 1480 1480 1480 1480 1494 1494 1494 1494 1486 1486 1486 1486 1495 1495 1495 1495 1488 1488 1488 1488 1495 1495 1495 1495 1486 1486 1486 1486 1495 1495 1495 1495 1488 1488 1488 1488 1496 1496 1496 1496 1490 1490 1490 1490 1496 1496 1496 1496 1488 1488 1488 1488 1496 1496 1496 1496 1490 1490 1490 1490 1497 1497 1497 1497 1492 1492 1492 1492 1497 1497 1497 1497 1490 1490 1490 1490 1497 1497 1497 1497 1492 1492 1492 1492 1498 1498 1498 1498 1498 1498 1498 1498 1492 1492 1492 1492 1499 1499 1499 1499 1493 1493 1493 1493 1499 1499 1499 1499 1492 1492 1492 1492 1499 1499 1499 1499 1493 1493 1493 1493 1500 1500 1500 1500 1501 1501 1501 1501 1502 1502 1502 1502 1503 1503 1503 1503 1504 1504 1504 1504 1503 1503 1503 1503 1502 1502 1502 1502 1503 1503 1503 1503 1504 1504 1504 1504 1505 1505 1505 1505 1506 1506 1506 1506 1505 1505 1505 1505 1504 1504 1504 1504 1505 1505 1505 1505 1506 1506 1506 1506 1507 1507 1507 1507 1508 1508 1508 1508 1507 1507 1507 1507 1506 1506 1506 1506 1507 1507 1507 1507 1508 1508 1508 1508 1509 1509 1509 1509 1510 1510 1510 1510 1509 1509 1509 1509 1508 1508 1508 1508 1511 1511 1511 1511 1510 1510 1510 1510 1512 1512 1512 1512 1508 1508 1508 1508 1512 1512 1512 1512 1510 1510 1510 1510 1512 1512 1512 1512 1508 1508 1508 1508 1513 1513 1513 1513 1506 1506 1506 1506 1513 1513 1513 1513 1508 1508 1508 1508 1513 1513 1513 1513 1506 1506 1506 1506 1514 1514 1514 1514 1504 1504 1504 1504 1514 1514 1514 1514 1506 1506 1506 1506 1514 1514 1514 1514 1504 1504 1504 1504 1515 1515 1515 1515 1502 1502 1502 1502 1515 1515 1515 1515 1504 1504 1504 1504 1515 1515 1515 1515 1502 1502 1502 1502 1516 1516 1516 1516 1517 1517 1517 1517 1516 1516 1516 1516 1502 1502 1502 1502 1516 1516 1516 1516 1517 1517 1517 1517 1518 1518 1518 1518 1519 1519 1519 1519 1518 1518 1518 1518 1517 1517 1517 1517 1518 1518 1518 1518 1519 1519 1519 1519 1520 1520 1520 1520 1521 1521 1521 1521 1520 1520 1520 1520 1519 1519 1519 1519 1520 1520 1520 1520 1521 1521 1521 1521 1522 1522 1522 1522 1523 1523 1523 1523 1522 1522 1522 1522 1521 1521 1521 1521 1522 1522 1522 1522 1523 1523 1523 1523 1524 1524 1524 1524 1525 1525 1525 1525 1524 1524 1524 1524 1523 1523 1523 1523 1502 1502 1502 1502 1501 1501 1501 1501 1517 1517 1517 1517 1526 1526 1526 1526 1517 1517 1517 1517 1501 1501 1501 1501 1517 1517 1517 1517 1526 1526 1526 1526 1519 1519 1519 1519 1527 1527 1527 1527 1519 1519 1519 1519 1526 1526 1526 1526 1519 1519 1519 1519 1527 1527 1527 1527 1521 1521 1521 1521 1528 1528 1528 1528 1521 1521 1521 1521 1527 1527 1527 1527 1521 1521 1521 1521 1528 1528 1528 1528 1523 1523 1523 1523 1529 1529 1529 1529 1523 1523 1523 1523 1528 1528 1528 1528 1523 1523 1523 1523 1529 1529 1529 1529 1525 1525 1525 1525 1530 1530 1530 1530 1525 1525 1525 1525 1529 1529 1529 1529 1525 1525 1525 1525 1530 1530 1530 1530 1531 1531 1531 1531 1532 1532 1532 1532 1531 1531 1531 1531 1530 1530 1530 1530 1531 1531 1531 1531 1532 1532 1532 1532 1533 1533 1533 1533 1534 1534 1534 1534 1533 1533 1533 1533 1532 1532 1532 1532 1533 1533 1533 1533 1534 1534 1534 1534 1535 1535 1535 1535 1536 1536 1536 1536 1535 1535 1535 1535 1534 1534 1534 1534 1535 1535 1535 1535 1536 1536 1536 1536 1537 1537 1537 1537 1538 1538 1538 1538 1537 1537 1537 1537 1536 1536 1536 1536 1524 1524 1524 1524 1525 1525 1525 1525 1539 1539 1539 1539 1531 1531 1531 1531 1539 1539 1539 1539 1525 1525 1525 1525 1539 1539 1539 1539 1531 1531 1531 1531 1540 1540 1540 1540 1533 1533 1533 1533 1540 1540 1540 1540 1531 1531 1531 1531 1540 1540 1540 1540 1533 1533 1533 1533 1541 1541 1541 1541 1535 1535 1535 1535 1541 1541 1541 1541 1533 1533 1533 1533 1541 1541 1541 1541 1535 1535 1535 1535 1542 1542 1542 1542 1537 1537 1537 1537 1542 1542 1542 1542 1535 1535 1535 1535 1542 1542 1542 1542 1537 1537 1537 1537 1543 1543 1543 1543 1543 1543 1543 1543 1537 1537 1537 1537 1544 1544 1544 1544 1538 1538 1538 1538 1544 1544 1544 1544 1537 1537 1537 1537 1544 1544 1544 1544 1538 1538 1538 1538 1545 1545 1545 1545 1546 1546 1546 1546 1547 1547 1547 1547 1548 1548 1548 1548 1548 1548 1548 1548 1547 1547 1547 1547 1549 1549 1549 1549 1550 1550 1550 1550 1549 1549 1549 1549 1547 1547 1547 1547 1549 1549 1549 1549 1550 1550 1550 1550 1551 1551 1551 1551 1552 1552 1552 1552 1551 1551 1551 1551 1550 1550 1550 1550 1551 1551 1551 1551 1552 1552 1552 1552 1553 1553 1553 1553 1554 1554 1554 1554 1553 1553 1553 1553 1552 1552 1552 1552 1553 1553 1553 1553 1554 1554 1554 1554 1555 1555 1555 1555 1556 1556 1556 1556 1555 1555 1555 1555 1557 1557 1557 1557 1554 1554 1554 1554 1557 1557 1557 1557 1555 1555 1555 1555 1557 1557 1557 1557 1554 1554 1554 1554 1558 1558 1558 1558 1558 1558 1558 1558 1554 1554 1554 1554 1559 1559 1559 1559 1552 1552 1552 1552 1559 1559 1559 1559 1554 1554 1554 1554 1559 1559 1559 1559 1552 1552 1552 1552 1560 1560 1560 1560 1550 1550 1550 1550 1560 1560 1560 1560 1552 1552 1552 1552 1560 1560 1560 1560 1550 1550 1550 1550 1561 1561 1561 1561 1547 1547 1547 1547 1561 1561 1561 1561 1550 1550 1550 1550 1561 1561 1561 1561 1547 1547 1547 1547 1562 1562 1562 1562 1546 1546 1546 1546 1562 1562 1562 1562 1547 1547 1547 1547 1562 1562 1562 1562 1546 1546 1546 1546 1563 1563 1563 1563 1564 1564 1564 1564 1563 1563 1563 1563 1546 1546 1546 1546 1563 1563 1563 1563 1564 1564 1564 1564 1565 1565 1565 1565 1566 1566 1566 1566 1565 1565 1565 1565 1564 1564 1564 1564 1565 1565 1565 1565 1566 1566 1566 1566 1567 1567 1567 1567 1568 1568 1568 1568 1567 1567 1567 1567 1566 1566 1566 1566 1567 1567 1567 1567 1568 1568 1568 1568 1569 1569 1569 1569 1570 1570 1570 1570 1546 1546 1546 1546 1548 1548 1548 1548 1546 1546 1546 1546 1570 1570 1570 1570 1564 1564 1564 1564 1571 1571 1571 1571 1564 1564 1564 1564 1570 1570 1570 1570 1564 1564 1564 1564 1571 1571 1571 1571 1566 1566 1566 1566 1572 1572 1572 1572 1566 1566 1566 1566 1571 1571 1571 1571 1566 1566 1566 1566 1572 1572 1572 1572 1568 1568 1568 1568 1573 1573 1573 1573 1568 1568 1568 1568 1572 1572 1572 1572 1568 1568 1568 1568 1573 1573 1573 1573 1574 1574 1574 1574 1575 1575 1575 1575 1574 1574 1574 1574 1573 1573 1573 1573 1574 1574 1574 1574 1575 1575 1575 1575 1576 1576 1576 1576 1577 1577 1577 1577 1576 1576 1576 1576 1575 1575 1575 1575 1576 1576 1576 1576 1577 1577 1577 1577 1578 1578 1578 1578 1579 1579 1579 1579 1578 1578 1578 1578 1577 1577 1577 1577 1578 1578 1578 1578 1579 1579 1579 1579 1580 1580 1580 1580 1581 1581 1581 1581 1580 1580 1580 1580 1579 1579 1579 1579 1580 1580 1580 1580 1581 1581 1581 1581 1582 1582 1582 1582 1583 1583 1583 1583 1582 1582 1582 1582 1581 1581 1581 1581 1584 1584 1584 1584 1582 1582 1582 1582 1583 1583 1583 1583 1568 1568 1568 1568 1574 1574 1574 1574 1569 1569 1569 1569 1569 1569 1569 1569 1574 1574 1574 1574 1585 1585 1585 1585 1576 1576 1576 1576 1585 1585 1585 1585 1574 1574 1574 1574 1585 1585 1585 1585 1576 1576 1576 1576 1586 1586 1586 1586 1578 1578 1578 1578 1586 1586 1586 1586 1576 1576 1576 1576 1586 1586 1586 1586 1578 1578 1578 1578 1587 1587 1587 1587 1580 1580 1580 1580 1587 1587 1587 1587 1578 1578 1578 1578 1587 1587 1587 1587 1580 1580 1580 1580 1588 1588 1588 1588 1582 1582 1582 1582 1588 1588 1588 1588 1580 1580 1580 1580 1588 1588 1588 1588 1582 1582 1582 1582 1589 1589 1589 1589 1584 1584 1584 1584 1589 1589 1589 1589 1582 1582 1582 1582 1589 1589 1589 1589 1584 1584 1584 1584 1590 1590 1590 1590 1591 1591 1591 1591 1592 1592 1592 1592 1593 1593 1593 1593 1593 1593 1593 1593 1592 1592 1592 1592 1594 1594 1594 1594 1595 1595 1595 1595 1594 1594 1594 1594 1592 1592 1592 1592 1594 1594 1594 1594 1595 1595 1595 1595 1596 1596 1596 1596 1597 1597 1597 1597 1596 1596 1596 1596 1595 1595 1595 1595 1596 1596 1596 1596 1597 1597 1597 1597 1598 1598 1598 1598 1599 1599 1599 1599 1598 1598 1598 1598 1597 1597 1597 1597 1598 1598 1598 1598 1599 1599 1599 1599 1600 1600 1600 1600 1601 1601 1601 1601 1600 1600 1600 1600 1602 1602 1602 1602 1599 1599 1599 1599 1602 1602 1602 1602 1600 1600 1600 1600 1602 1602 1602 1602 1599 1599 1599 1599 1603 1603 1603 1603 1603 1603 1603 1603 1599 1599 1599 1599 1604 1604 1604 1604 1597 1597 1597 1597 1604 1604 1604 1604 1599 1599 1599 1599 1604 1604 1604 1604 1597 1597 1597 1597 1605 1605 1605 1605 1595 1595 1595 1595 1605 1605 1605 1605 1597 1597 1597 1597 1605 1605 1605 1605 1595 1595 1595 1595 1606 1606 1606 1606 1592 1592 1592 1592 1606 1606 1606 1606 1595 1595 1595 1595 1606 1606 1606 1606 1592 1592 1592 1592 1607 1607 1607 1607 1591 1591 1591 1591 1607 1607 1607 1607 1592 1592 1592 1592 1607 1607 1607 1607 1591 1591 1591 1591 1608 1608 1608 1608 1609 1609 1609 1609 1608 1608 1608 1608 1591 1591 1591 1591 1608 1608 1608 1608 1609 1609 1609 1609 1610 1610 1610 1610 1611 1611 1611 1611 1610 1610 1610 1610 1609 1609 1609 1609 1610 1610 1610 1610 1611 1611 1611 1611 1612 1612 1612 1612 1613 1613 1613 1613 1612 1612 1612 1612 1611 1611 1611 1611 1612 1612 1612 1612 1613 1613 1613 1613 1614 1614 1614 1614 1615 1615 1615 1615 1591 1591 1591 1591 1593 1593 1593 1593 1591 1591 1591 1591 1615 1615 1615 1615 1609 1609 1609 1609 1616 1616 1616 1616 1609 1609 1609 1609 1615 1615 1615 1615 1609 1609 1609 1609 1616 1616 1616 1616 1611 1611 1611 1611 1617 1617 1617 1617 1611 1611 1611 1611 1616 1616 1616 1616 1611 1611 1611 1611 1617 1617 1617 1617 1613 1613 1613 1613 1618 1618 1618 1618 1613 1613 1613 1613 1617 1617 1617 1617 1613 1613 1613 1613 1618 1618 1618 1618 1619 1619 1619 1619 1620 1620 1620 1620 1619 1619 1619 1619 1618 1618 1618 1618 1619 1619 1619 1619 1620 1620 1620 1620 1621 1621 1621 1621 1622 1622 1622 1622 1621 1621 1621 1621 1620 1620 1620 1620 1621 1621 1621 1621 1622 1622 1622 1622 1623 1623 1623 1623 1624 1624 1624 1624 1623 1623 1623 1623 1622 1622 1622 1622 1623 1623 1623 1623 1624 1624 1624 1624 1625 1625 1625 1625 1626 1626 1626 1626 1625 1625 1625 1625 1624 1624 1624 1624 1625 1625 1625 1625 1626 1626 1626 1626 1627 1627 1627 1627 1628 1628 1628 1628 1627 1627 1627 1627 1626 1626 1626 1626 1629 1629 1629 1629 1627 1627 1627 1627 1628 1628 1628 1628 1613 1613 1613 1613 1619 1619 1619 1619 1614 1614 1614 1614 1614 1614 1614 1614 1619 1619 1619 1619 1630 1630 1630 1630 1621 1621 1621 1621 1630 1630 1630 1630 1619 1619 1619 1619 1630 1630 1630 1630 1621 1621 1621 1621 1631 1631 1631 1631 1623 1623 1623 1623 1631 1631 1631 1631 1621 1621 1621 1621 1631 1631 1631 1631 1623 1623 1623 1623 1632 1632 1632 1632 1625 1625 1625 1625 1632 1632 1632 1632 1623 1623 1623 1623 1632 1632 1632 1632 1625 1625 1625 1625 1633 1633 1633 1633 1627 1627 1627 1627 1633 1633 1633 1633 1625 1625 1625 1625 1633 1633 1633 1633 1627 1627 1627 1627 1634 1634 1634 1634 1629 1629 1629 1629 1634 1634 1634 1634 1627 1627 1627 1627 1634 1634 1634 1634 1629 1629 1629 1629 1635 1635 1635 1635 1636 1636 1636 1636 1637 1637 1637 1637 1638 1638 1638 1638 1638 1638 1638 1638 1637 1637 1637 1637 1639 1639 1639 1639 1640 1640 1640 1640 1639 1639 1639 1639 1637 1637 1637 1637 1639 1639 1639 1639 1640 1640 1640 1640 1641 1641 1641 1641 1642 1642 1642 1642 1641 1641 1641 1641 1640 1640 1640 1640 1641 1641 1641 1641 1642 1642 1642 1642 1643 1643 1643 1643 1644 1644 1644 1644 1643 1643 1643 1643 1642 1642 1642 1642 1643 1643 1643 1643 1644 1644 1644 1644 1645 1645 1645 1645 1646 1646 1646 1646 1645 1645 1645 1645 1647 1647 1647 1647 1644 1644 1644 1644 1647 1647 1647 1647 1645 1645 1645 1645 1647 1647 1647 1647 1644 1644 1644 1644 1648 1648 1648 1648 1648 1648 1648 1648 1644 1644 1644 1644 1649 1649 1649 1649 1642 1642 1642 1642 1649 1649 1649 1649 1644 1644 1644 1644 1649 1649 1649 1649 1642 1642 1642 1642 1650 1650 1650 1650 1640 1640 1640 1640 1650 1650 1650 1650 1642 1642 1642 1642 1650 1650 1650 1650 1640 1640 1640 1640 1651 1651 1651 1651 1637 1637 1637 1637 1651 1651 1651 1651 1640 1640 1640 1640 1651 1651 1651 1651 1637 1637 1637 1637 1652 1652 1652 1652 1636 1636 1636 1636 1652 1652 1652 1652 1637 1637 1637 1637 1652 1652 1652 1652 1636 1636 1636 1636 1653 1653 1653 1653 1654 1654 1654 1654 1653 1653 1653 1653 1636 1636 1636 1636 1653 1653 1653 1653 1654 1654 1654 1654 1655 1655 1655 1655 1656 1656 1656 1656 1655 1655 1655 1655 1654 1654 1654 1654 1655 1655 1655 1655 1656 1656 1656 1656 1657 1657 1657 1657 1658 1658 1658 1658 1657 1657 1657 1657 1656 1656 1656 1656 1657 1657 1657 1657 1658 1658 1658 1658 1659 1659 1659 1659 1660 1660 1660 1660 1636 1636 1636 1636 1638 1638 1638 1638 1636 1636 1636 1636 1660 1660 1660 1660 1654 1654 1654 1654 1661 1661 1661 1661 1654 1654 1654 1654 1660 1660 1660 1660 1654 1654 1654 1654 1661 1661 1661 1661 1656 1656 1656 1656 1662 1662 1662 1662 1656 1656 1656 1656 1661 1661 1661 1661 1656 1656 1656 1656 1662 1662 1662 1662 1658 1658 1658 1658 1663 1663 1663 1663 1658 1658 1658 1658 1662 1662 1662 1662 1658 1658 1658 1658 1663 1663 1663 1663 1664 1664 1664 1664 1665 1665 1665 1665 1664 1664 1664 1664 1663 1663 1663 1663 1664 1664 1664 1664 1665 1665 1665 1665 1666 1666 1666 1666 1667 1667 1667 1667 1666 1666 1666 1666 1665 1665 1665 1665 1666 1666 1666 1666 1667 1667 1667 1667 1668 1668 1668 1668 1669 1669 1669 1669 1668 1668 1668 1668 1667 1667 1667 1667 1668 1668 1668 1668 1669 1669 1669 1669 1670 1670 1670 1670 1671 1671 1671 1671 1670 1670 1670 1670 1669 1669 1669 1669 1670 1670 1670 1670 1671 1671 1671 1671 1672 1672 1672 1672 1673 1673 1673 1673 1672 1672 1672 1672 1671 1671 1671 1671 1674 1674 1674 1674 1672 1672 1672 1672 1673 1673 1673 1673 1658 1658 1658 1658 1664 1664 1664 1664 1659 1659 1659 1659 1659 1659 1659 1659 1664 1664 1664 1664 1675 1675 1675 1675 1666 1666 1666 1666 1675 1675 1675 1675 1664 1664 1664 1664 1675 1675 1675 1675 1666 1666 1666 1666 1676 1676 1676 1676 1668 1668 1668 1668 1676 1676 1676 1676 1666 1666 1666 1666 1676 1676 1676 1676 1668 1668 1668 1668 1677 1677 1677 1677 1670 1670 1670 1670 1677 1677 1677 1677 1668 1668 1668 1668 1677 1677 1677 1677 1670 1670 1670 1670 1678 1678 1678 1678 1672 1672 1672 1672 1678 1678 1678 1678 1670 1670 1670 1670 1678 1678 1678 1678 1672 1672 1672 1672 1679 1679 1679 1679 1674 1674 1674 1674 1679 1679 1679 1679 1672 1672 1672 1672 1679 1679 1679 1679 1674 1674 1674 1674 1680 1680 1680 1680 1681 1681 1681 1681 1682 1682 1682 1682 1683 1683 1683 1683 1683 1683 1683 1683 1682 1682 1682 1682 1684 1684 1684 1684 1685 1685 1685 1685 1684 1684 1684 1684 1682 1682 1682 1682 1684 1684 1684 1684 1685 1685 1685 1685 1686 1686 1686 1686 1687 1687 1687 1687 1686 1686 1686 1686 1685 1685 1685 1685 1686 1686 1686 1686 1687 1687 1687 1687 1688 1688 1688 1688 1689 1689 1689 1689 1688 1688 1688 1688 1687 1687 1687 1687 1688 1688 1688 1688 1689 1689 1689 1689 1690 1690 1690 1690 1691 1691 1691 1691 1690 1690 1690 1690 1692 1692 1692 1692 1689 1689 1689 1689 1692 1692 1692 1692 1690 1690 1690 1690 1692 1692 1692 1692 1689 1689 1689 1689 1693 1693 1693 1693 1693 1693 1693 1693 1689 1689 1689 1689 1694 1694 1694 1694 1687 1687 1687 1687 1694 1694 1694 1694 1689 1689 1689 1689 1694 1694 1694 1694 1687 1687 1687 1687 1695 1695 1695 1695 1685 1685 1685 1685 1695 1695 1695 1695 1687 1687 1687 1687 1695 1695 1695 1695 1685 1685 1685 1685 1696 1696 1696 1696 1682 1682 1682 1682 1696 1696 1696 1696 1685 1685 1685 1685 1696 1696 1696 1696 1682 1682 1682 1682 1697 1697 1697 1697 1681 1681 1681 1681 1697 1697 1697 1697 1682 1682 1682 1682 1697 1697 1697 1697 1681 1681 1681 1681 1698 1698 1698 1698 1699 1699 1699 1699 1698 1698 1698 1698 1681 1681 1681 1681 1698 1698 1698 1698 1699 1699 1699 1699 1700 1700 1700 1700 1701 1701 1701 1701 1700 1700 1700 1700 1699 1699 1699 1699 1700 1700 1700 1700 1701 1701 1701 1701 1702 1702 1702 1702 1703 1703 1703 1703 1702 1702 1702 1702 1701 1701 1701 1701 1702 1702 1702 1702 1703 1703 1703 1703 1704 1704 1704 1704 1705 1705 1705 1705 1681 1681 1681 1681 1683 1683 1683 1683 1681 1681 1681 1681 1705 1705 1705 1705 1699 1699 1699 1699 1706 1706 1706 1706 1699 1699 1699 1699 1705 1705 1705 1705 1699 1699 1699 1699 1706 1706 1706 1706 1701 1701 1701 1701 1707 1707 1707 1707 1701 1701 1701 1701 1706 1706 1706 1706 1701 1701 1701 1701 1707 1707 1707 1707 1703 1703 1703 1703 1708 1708 1708 1708 1703 1703 1703 1703 1707 1707 1707 1707 1703 1703 1703 1703 1708 1708 1708 1708 1709 1709 1709 1709 1710 1710 1710 1710 1709 1709 1709 1709 1708 1708 1708 1708 1709 1709 1709 1709 1710 1710 1710 1710 1711 1711 1711 1711 1712 1712 1712 1712 1711 1711 1711 1711 1710 1710 1710 1710 1711 1711 1711 1711 1712 1712 1712 1712 1713 1713 1713 1713 1714 1714 1714 1714 1713 1713 1713 1713 1712 1712 1712 1712 1713 1713 1713 1713 1714 1714 1714 1714 1715 1715 1715 1715 1716 1716 1716 1716 1715 1715 1715 1715 1714 1714 1714 1714 1715 1715 1715 1715 1716 1716 1716 1716 1717 1717 1717 1717 1718 1718 1718 1718 1717 1717 1717 1717 1716 1716 1716 1716 1719 1719 1719 1719 1717 1717 1717 1717 1718 1718 1718 1718 1703 1703 1703 1703 1709 1709 1709 1709 1704 1704 1704 1704 1704 1704 1704 1704 1709 1709 1709 1709 1720 1720 1720 1720 1711 1711 1711 1711 1720 1720 1720 1720 1709 1709 1709 1709 1720 1720 1720 1720 1711 1711 1711 1711 1721 1721 1721 1721 1713 1713 1713 1713 1721 1721 1721 1721 1711 1711 1711 1711 1721 1721 1721 1721 1713 1713 1713 1713 1722 1722 1722 1722 1715 1715 1715 1715 1722 1722 1722 1722 1713 1713 1713 1713 1722 1722 1722 1722 1715 1715 1715 1715 1723 1723 1723 1723 1717 1717 1717 1717 1723 1723 1723 1723 1715 1715 1715 1715 1723 1723 1723 1723 1717 1717 1717 1717 1724 1724 1724 1724 1719 1719 1719 1719 1724 1724 1724 1724 1717 1717 1717 1717 1724 1724 1724 1724 1719 1719 1719 1719 1725 1725 1725 1725 1726 1726 1726 1726 1727 1727 1727 1727 1728 1728 1728 1728 1728 1728 1728 1728 1727 1727 1727 1727 1729 1729 1729 1729 1730 1730 1730 1730 1729 1729 1729 1729 1727 1727 1727 1727 1729 1729 1729 1729 1730 1730 1730 1730 1731 1731 1731 1731 1732 1732 1732 1732 1731 1731 1731 1731 1730 1730 1730 1730 1731 1731 1731 1731 1732 1732 1732 1732 1733 1733 1733 1733 1734 1734 1734 1734 1733 1733 1733 1733 1732 1732 1732 1732 1733 1733 1733 1733 1734 1734 1734 1734 1735 1735 1735 1735 1736 1736 1736 1736 1735 1735 1735 1735 1737 1737 1737 1737 1734 1734 1734 1734 1737 1737 1737 1737 1735 1735 1735 1735 1737 1737 1737 1737 1734 1734 1734 1734 1738 1738 1738 1738 1738 1738 1738 1738 1734 1734 1734 1734 1739 1739 1739 1739 1732 1732 1732 1732 1739 1739 1739 1739 1734 1734 1734 1734 1739 1739 1739 1739 1732 1732 1732 1732 1740 1740 1740 1740 1730 1730 1730 1730 1740 1740 1740 1740 1732 1732 1732 1732 1740 1740 1740 1740 1730 1730 1730 1730 1741 1741 1741 1741 1727 1727 1727 1727 1741 1741 1741 1741 1730 1730 1730 1730 1741 1741 1741 1741 1727 1727 1727 1727 1742 1742 1742 1742 1726 1726 1726 1726 1742 1742 1742 1742 1727 1727 1727 1727 1742 1742 1742 1742 1726 1726 1726 1726 1743 1743 1743 1743 1744 1744 1744 1744 1743 1743 1743 1743 1726 1726 1726 1726 1743 1743 1743 1743 1744 1744 1744 1744 1745 1745 1745 1745 1746 1746 1746 1746 1745 1745 1745 1745 1744 1744 1744 1744 1745 1745 1745 1745 1746 1746 1746 1746 1747 1747 1747 1747 1748 1748 1748 1748 1747 1747 1747 1747 1746 1746 1746 1746 1747 1747 1747 1747 1748 1748 1748 1748 1749 1749 1749 1749 1750 1750 1750 1750 1726 1726 1726 1726 1728 1728 1728 1728 1726 1726 1726 1726 1750 1750 1750 1750 1744 1744 1744 1744 1751 1751 1751 1751 1744 1744 1744 1744 1750 1750 1750 1750 1744 1744 1744 1744 1751 1751 1751 1751 1746 1746 1746 1746 1752 1752 1752 1752 1746 1746 1746 1746 1751 1751 1751 1751 1746 1746 1746 1746 1752 1752 1752 1752 1748 1748 1748 1748 1753 1753 1753 1753 1748 1748 1748 1748 1752 1752 1752 1752 1748 1748 1748 1748 1753 1753 1753 1753 1754 1754 1754 1754 1755 1755 1755 1755 1754 1754 1754 1754 1753 1753 1753 1753 1754 1754 1754 1754 1755 1755 1755 1755 1756 1756 1756 1756 1757 1757 1757 1757 1756 1756 1756 1756 1755 1755 1755 1755 1756 1756 1756 1756 1757 1757 1757 1757 1758 1758 1758 1758 1759 1759 1759 1759 1758 1758 1758 1758 1757 1757 1757 1757 1758 1758 1758 1758 1759 1759 1759 1759 1760 1760 1760 1760 1761 1761 1761 1761 1760 1760 1760 1760 1759 1759 1759 1759 1760 1760 1760 1760 1761 1761 1761 1761 1762 1762 1762 1762 1763 1763 1763 1763 1762 1762 1762 1762 1761 1761 1761 1761 1764 1764 1764 1764 1762 1762 1762 1762 1763 1763 1763 1763 1748 1748 1748 1748 1754 1754 1754 1754 1749 1749 1749 1749 1749 1749 1749 1749 1754 1754 1754 1754 1765 1765 1765 1765 1756 1756 1756 1756 1765 1765 1765 1765 1754 1754 1754 1754 1765 1765 1765 1765 1756 1756 1756 1756 1766 1766 1766 1766 1758 1758 1758 1758 1766 1766 1766 1766 1756 1756 1756 1756 1766 1766 1766 1766 1758 1758 1758 1758 1767 1767 1767 1767 1760 1760 1760 1760 1767 1767 1767 1767 1758 1758 1758 1758 1767 1767 1767 1767 1760 1760 1760 1760 1768 1768 1768 1768 1762 1762 1762 1762 1768 1768 1768 1768 1760 1760 1760 1760 1768 1768 1768 1768 1762 1762 1762 1762 1769 1769 1769 1769 1764 1764 1764 1764 1769 1769 1769 1769 1762 1762 1762 1762 1769 1769 1769 1769 1764 1764 1764 1764 1770 1770 1770 1770 1771 1771 1771 1771 1772 1772 1772 1772 1773 1773 1773 1773 1773 1773 1773 1773 1772 1772 1772 1772 1774 1774 1774 1774 1775 1775 1775 1775 1774 1774 1774 1774 1772 1772 1772 1772 1774 1774 1774 1774 1775 1775 1775 1775 1776 1776 1776 1776 1777 1777 1777 1777 1776 1776 1776 1776 1775 1775 1775 1775 1776 1776 1776 1776 1777 1777 1777 1777 1778 1778 1778 1778 1779 1779 1779 1779 1778 1778 1778 1778 1777 1777 1777 1777 1778 1778 1778 1778 1779 1779 1779 1779 1780 1780 1780 1780 1781 1781 1781 1781 1780 1780 1780 1780 1782 1782 1782 1782 1779 1779 1779 1779 1782 1782 1782 1782 1780 1780 1780 1780 1782 1782 1782 1782 1779 1779 1779 1779 1783 1783 1783 1783 1783 1783 1783 1783 1779 1779 1779 1779 1784 1784 1784 1784 1777 1777 1777 1777 1784 1784 1784 1784 1779 1779 1779 1779 1784 1784 1784 1784 1777 1777 1777 1777 1785 1785 1785 1785 1775 1775 1775 1775 1785 1785 1785 1785 1777 1777 1777 1777 1785 1785 1785 1785 1775 1775 1775 1775 1786 1786 1786 1786 1772 1772 1772 1772 1786 1786 1786 1786 1775 1775 1775 1775 1786 1786 1786 1786 1772 1772 1772 1772 1787 1787 1787 1787 1771 1771 1771 1771 1787 1787 1787 1787 1772 1772 1772 1772 1787 1787 1787 1787 1771 1771 1771 1771 1788 1788 1788 1788 1789 1789 1789 1789 1788 1788 1788 1788 1771 1771 1771 1771 1788 1788 1788 1788 1789 1789 1789 1789 1790 1790 1790 1790 1791 1791 1791 1791 1790 1790 1790 1790 1789 1789 1789 1789 1790 1790 1790 1790 1791 1791 1791 1791 1792 1792 1792 1792 1793 1793 1793 1793 1792 1792 1792 1792 1791 1791 1791 1791 1792 1792 1792 1792 1793 1793 1793 1793 1794 1794 1794 1794 1795 1795 1795 1795 1771 1771 1771 1771 1773 1773 1773 1773 1771 1771 1771 1771 1795 1795 1795 1795 1789 1789 1789 1789 1796 1796 1796 1796 1789 1789 1789 1789 1795 1795 1795 1795 1789 1789 1789 1789 1796 1796 1796 1796 1791 1791 1791 1791 1797 1797 1797 1797 1791 1791 1791 1791 1796 1796 1796 1796 1791 1791 1791 1791 1797 1797 1797 1797 1793 1793 1793 1793 1798 1798 1798 1798 1793 1793 1793 1793 1797 1797 1797 1797 1793 1793 1793 1793 1798 1798 1798 1798 1799 1799 1799 1799 1800 1800 1800 1800 1799 1799 1799 1799 1798 1798 1798 1798 1799 1799 1799 1799 1800 1800 1800 1800 1801 1801 1801 1801 1802 1802 1802 1802 1801 1801 1801 1801 1800 1800 1800 1800 1801 1801 1801 1801 1802 1802 1802 1802 1803 1803 1803 1803 1804 1804 1804 1804 1803 1803 1803 1803 1802 1802 1802 1802 1803 1803 1803 1803 1804 1804 1804 1804 1805 1805 1805 1805 1806 1806 1806 1806 1805 1805 1805 1805 1804 1804 1804 1804 1805 1805 1805 1805 1806 1806 1806 1806 1807 1807 1807 1807 1808 1808 1808 1808 1807 1807 1807 1807 1806 1806 1806 1806 1809 1809 1809 1809 1807 1807 1807 1807 1808 1808 1808 1808 1793 1793 1793 1793 1799 1799 1799 1799 1794 1794 1794 1794 1794 1794 1794 1794 1799 1799 1799 1799 1810 1810 1810 1810 1801 1801 1801 1801 1810 1810 1810 1810 1799 1799 1799 1799 1810 1810 1810 1810 1801 1801 1801 1801 1811 1811 1811 1811 1803 1803 1803 1803 1811 1811 1811 1811 1801 1801 1801 1801 1811 1811 1811 1811 1803 1803 1803 1803 1812 1812 1812 1812 1805 1805 1805 1805 1812 1812 1812 1812 1803 1803 1803 1803 1812 1812 1812 1812 1805 1805 1805 1805 1813 1813 1813 1813 1807 1807 1807 1807 1813 1813 1813 1813 1805 1805 1805 1805 1813 1813 1813 1813 1807 1807 1807 1807 1814 1814 1814 1814 1809 1809 1809 1809 1814 1814 1814 1814 1807 1807 1807 1807 1814 1814 1814 1814 1809 1809 1809 1809 1815 1815 1815 1815 1816 1816 1816 1816 1817 1817 1817 1817 1818 1818 1818 1818 1818 1818 1818 1818 1817 1817 1817 1817 1819 1819 1819 1819 1820 1820 1820 1820 1819 1819 1819 1819 1817 1817 1817 1817 1819 1819 1819 1819 1820 1820 1820 1820 1821 1821 1821 1821 1822 1822 1822 1822 1821 1821 1821 1821 1820 1820 1820 1820 1821 1821 1821 1821 1822 1822 1822 1822 1823 1823 1823 1823 1824 1824 1824 1824 1823 1823 1823 1823 1822 1822 1822 1822 1823 1823 1823 1823 1824 1824 1824 1824 1825 1825 1825 1825 1826 1826 1826 1826 1825 1825 1825 1825 1827 1827 1827 1827 1824 1824 1824 1824 1827 1827 1827 1827 1825 1825 1825 1825 1827 1827 1827 1827 1824 1824 1824 1824 1828 1828 1828 1828 1828 1828 1828 1828 1824 1824 1824 1824 1829 1829 1829 1829 1822 1822 1822 1822 1829 1829 1829 1829 1824 1824 1824 1824 1829 1829 1829 1829 1822 1822 1822 1822 1830 1830 1830 1830 1820 1820 1820 1820 1830 1830 1830 1830 1822 1822 1822 1822 1830 1830 1830 1830 1820 1820 1820 1820 1831 1831 1831 1831 1817 1817 1817 1817 1831 1831 1831 1831 1820 1820 1820 1820 1831 1831 1831 1831 1817 1817 1817 1817 1832 1832 1832 1832 1816 1816 1816 1816 1832 1832 1832 1832 1817 1817 1817 1817 1832 1832 1832 1832 1816 1816 1816 1816 1833 1833 1833 1833 1834 1834 1834 1834 1833 1833 1833 1833 1816 1816 1816 1816 1833 1833 1833 1833 1834 1834 1834 1834 1835 1835 1835 1835 1836 1836 1836 1836 1835 1835 1835 1835 1834 1834 1834 1834 1835 1835 1835 1835 1836 1836 1836 1836 1837 1837 1837 1837 1838 1838 1838 1838 1837 1837 1837 1837 1836 1836 1836 1836 1837 1837 1837 1837 1838 1838 1838 1838 1839 1839 1839 1839 1840 1840 1840 1840 1816 1816 1816 1816 1818 1818 1818 1818 1816 1816 1816 1816 1840 1840 1840 1840 1834 1834 1834 1834 1841 1841 1841 1841 1834 1834 1834 1834 1840 1840 1840 1840 1834 1834 1834 1834 1841 1841 1841 1841 1836 1836 1836 1836 1842 1842 1842 1842 1836 1836 1836 1836 1841 1841 1841 1841 1836 1836 1836 1836 1842 1842 1842 1842 1838 1838 1838 1838 1843 1843 1843 1843 1838 1838 1838 1838 1842 1842 1842 1842 1838 1838 1838 1838 1843 1843 1843 1843 1844 1844 1844 1844 1845 1845 1845 1845 1844 1844 1844 1844 1843 1843 1843 1843 1844 1844 1844 1844 1845 1845 1845 1845 1846 1846 1846 1846 1847 1847 1847 1847 1846 1846 1846 1846 1845 1845 1845 1845 1846 1846 1846 1846 1847 1847 1847 1847 1848 1848 1848 1848 1849 1849 1849 1849 1848 1848 1848 1848 1847 1847 1847 1847 1848 1848 1848 1848 1849 1849 1849 1849 1850 1850 1850 1850 1851 1851 1851 1851 1850 1850 1850 1850 1849 1849 1849 1849 1850 1850 1850 1850 1851 1851 1851 1851 1852 1852 1852 1852 1853 1853 1853 1853 1852 1852 1852 1852 1851 1851 1851 1851 1854 1854 1854 1854 1852 1852 1852 1852 1853 1853 1853 1853 1838 1838 1838 1838 1844 1844 1844 1844 1839 1839 1839 1839 1839 1839 1839 1839 1844 1844 1844 1844 1855 1855 1855 1855 1846 1846 1846 1846 1855 1855 1855 1855 1844 1844 1844 1844 1855 1855 1855 1855 1846 1846 1846 1846 1856 1856 1856 1856 1848 1848 1848 1848 1856 1856 1856 1856 1846 1846 1846 1846 1856 1856 1856 1856 1848 1848 1848 1848 1857 1857 1857 1857 1850 1850 1850 1850 1857 1857 1857 1857 1848 1848 1848 1848 1857 1857 1857 1857 1850 1850 1850 1850 1858 1858 1858 1858 1852 1852 1852 1852 1858 1858 1858 1858 1850 1850 1850 1850 1858 1858 1858 1858 1852 1852 1852 1852 1859 1859 1859 1859 1854 1854 1854 1854 1859 1859 1859 1859 1852 1852 1852 1852 1859 1859 1859 1859 1854 1854 1854 1854 1860 1860 1860 1860 1861 1861 1861 1861 1862 1862 1862 1862 1863 1863 1863 1863 1863 1863 1863 1863 1862 1862 1862 1862 1864 1864 1864 1864 1865 1865 1865 1865 1864 1864 1864 1864 1862 1862 1862 1862 1864 1864 1864 1864 1865 1865 1865 1865 1866 1866 1866 1866 1867 1867 1867 1867 1866 1866 1866 1866 1865 1865 1865 1865 1866 1866 1866 1866 1867 1867 1867 1867 1868 1868 1868 1868 1869 1869 1869 1869 1868 1868 1868 1868 1867 1867 1867 1867 1868 1868 1868 1868 1869 1869 1869 1869 1870 1870 1870 1870 1871 1871 1871 1871 1870 1870 1870 1870 1872 1872 1872 1872 1869 1869 1869 1869 1872 1872 1872 1872 1870 1870 1870 1870 1872 1872 1872 1872 1869 1869 1869 1869 1873 1873 1873 1873 1873 1873 1873 1873 1869 1869 1869 1869 1874 1874 1874 1874 1867 1867 1867 1867 1874 1874 1874 1874 1869 1869 1869 1869 1874 1874 1874 1874 1867 1867 1867 1867 1875 1875 1875 1875 1865 1865 1865 1865 1875 1875 1875 1875 1867 1867 1867 1867 1875 1875 1875 1875 1865 1865 1865 1865 1876 1876 1876 1876 1862 1862 1862 1862 1876 1876 1876 1876 1865 1865 1865 1865 1876 1876 1876 1876 1862 1862 1862 1862 1877 1877 1877 1877 1861 1861 1861 1861 1877 1877 1877 1877 1862 1862 1862 1862 1877 1877 1877 1877 1861 1861 1861 1861 1878 1878 1878 1878 1879 1879 1879 1879 1878 1878 1878 1878 1861 1861 1861 1861 1878 1878 1878 1878 1879 1879 1879 1879 1880 1880 1880 1880 1881 1881 1881 1881 1880 1880 1880 1880 1879 1879 1879 1879 1880 1880 1880 1880 1881 1881 1881 1881 1882 1882 1882 1882 1883 1883 1883 1883 1882 1882 1882 1882 1881 1881 1881 1881 1882 1882 1882 1882 1883 1883 1883 1883 1884 1884 1884 1884 1885 1885 1885 1885 1861 1861 1861 1861 1863 1863 1863 1863 1861 1861 1861 1861 1885 1885 1885 1885 1879 1879 1879 1879 1886 1886 1886 1886 1879 1879 1879 1879 1885 1885 1885 1885 1879 1879 1879 1879 1886 1886 1886 1886 1881 1881 1881 1881 1887 1887 1887 1887 1881 1881 1881 1881 1886 1886 1886 1886 1881 1881 1881 1881 1887 1887 1887 1887 1883 1883 1883 1883 1888 1888 1888 1888 1883 1883 1883 1883 1887 1887 1887 1887 1883 1883 1883 1883 1888 1888 1888 1888 1889 1889 1889 1889 1890 1890 1890 1890 1889 1889 1889 1889 1888 1888 1888 1888 1889 1889 1889 1889 1890 1890 1890 1890 1891 1891 1891 1891 1892 1892 1892 1892 1891 1891 1891 1891 1890 1890 1890 1890 1891 1891 1891 1891 1892 1892 1892 1892 1893 1893 1893 1893 1894 1894 1894 1894 1893 1893 1893 1893 1892 1892 1892 1892 1893 1893 1893 1893 1894 1894 1894 1894 1895 1895 1895 1895 1896 1896 1896 1896 1895 1895 1895 1895 1894 1894 1894 1894 1895 1895 1895 1895 1896 1896 1896 1896 1897 1897 1897 1897 1898 1898 1898 1898 1897 1897 1897 1897 1896 1896 1896 1896 1899 1899 1899 1899 1897 1897 1897 1897 1898 1898 1898 1898 1883 1883 1883 1883 1889 1889 1889 1889 1884 1884 1884 1884 1884 1884 1884 1884 1889 1889 1889 1889 1900 1900 1900 1900 1891 1891 1891 1891 1900 1900 1900 1900 1889 1889 1889 1889 1900 1900 1900 1900 1891 1891 1891 1891 1901 1901 1901 1901 1893 1893 1893 1893 1901 1901 1901 1901 1891 1891 1891 1891 1901 1901 1901 1901 1893 1893 1893 1893 1902 1902 1902 1902 1895 1895 1895 1895 1902 1902 1902 1902 1893 1893 1893 1893 1902 1902 1902 1902 1895 1895 1895 1895 1903 1903 1903 1903 1897 1897 1897 1897 1903 1903 1903 1903 1895 1895 1895 1895 1903 1903 1903 1903 1897 1897 1897 1897 1904 1904 1904 1904 1899 1899 1899 1899 1904 1904 1904 1904 1897 1897 1897 1897 1904 1904 1904 1904 1899 1899 1899 1899 1905 1905 1905 1905 1906 1906 1906 1906 1907 1907 1907 1907 1908 1908 1908 1908 1908 1908 1908 1908 1907 1907 1907 1907 1909 1909 1909 1909 1910 1910 1910 1910 1909 1909 1909 1909 1907 1907 1907 1907 1909 1909 1909 1909 1910 1910 1910 1910 1911 1911 1911 1911 1912 1912 1912 1912 1911 1911 1911 1911 1910 1910 1910 1910 1911 1911 1911 1911 1912 1912 1912 1912 1913 1913 1913 1913 1914 1914 1914 1914 1913 1913 1913 1913 1912 1912 1912 1912 1913 1913 1913 1913 1914 1914 1914 1914 1915 1915 1915 1915 1916 1916 1916 1916 1915 1915 1915 1915 1917 1917 1917 1917 1914 1914 1914 1914 1917 1917 1917 1917 1915 1915 1915 1915 1917 1917 1917 1917 1914 1914 1914 1914 1918 1918 1918 1918 1918 1918 1918 1918 1914 1914 1914 1914 1919 1919 1919 1919 1912 1912 1912 1912 1919 1919 1919 1919 1914 1914 1914 1914 1919 1919 1919 1919 1912 1912 1912 1912 1920 1920 1920 1920 1910 1910 1910 1910 1920 1920 1920 1920 1912 1912 1912 1912 1920 1920 1920 1920 1910 1910 1910 1910 1921 1921 1921 1921 1907 1907 1907 1907 1921 1921 1921 1921 1910 1910 1910 1910 1921 1921 1921 1921 1907 1907 1907 1907 1922 1922 1922 1922 1906 1906 1906 1906 1922 1922 1922 1922 1907 1907 1907 1907 1922 1922 1922 1922 1906 1906 1906 1906 1923 1923 1923 1923 1924 1924 1924 1924 1923 1923 1923 1923 1906 1906 1906 1906 1923 1923 1923 1923 1924 1924 1924 1924 1925 1925 1925 1925 1926 1926 1926 1926 1925 1925 1925 1925 1924 1924 1924 1924 1925 1925 1925 1925 1926 1926 1926 1926 1927 1927 1927 1927 1928 1928 1928 1928 1927 1927 1927 1927 1926 1926 1926 1926 1927 1927 1927 1927 1928 1928 1928 1928 1929 1929 1929 1929 1930 1930 1930 1930 1906 1906 1906 1906 1908 1908 1908 1908 1906 1906 1906 1906 1930 1930 1930 1930 1924 1924 1924 1924 1931 1931 1931 1931 1924 1924 1924 1924 1930 1930 1930 1930 1924 1924 1924 1924 1931 1931 1931 1931 1926 1926 1926 1926 1932 1932 1932 1932 1926 1926 1926 1926 1931 1931 1931 1931 1926 1926 1926 1926 1932 1932 1932 1932 1928 1928 1928 1928 1933 1933 1933 1933 1928 1928 1928 1928 1932 1932 1932 1932 1928 1928 1928 1928 1933 1933 1933 1933 1934 1934 1934 1934 1935 1935 1935 1935 1934 1934 1934 1934 1933 1933 1933 1933 1934 1934 1934 1934 1935 1935 1935 1935 1936 1936 1936 1936 1937 1937 1937 1937 1936 1936 1936 1936 1935 1935 1935 1935 1936 1936 1936 1936 1937 1937 1937 1937 1938 1938 1938 1938 1939 1939 1939 1939 1938 1938 1938 1938 1937 1937 1937 1937 1938 1938 1938 1938 1939 1939 1939 1939 1940 1940 1940 1940 1941 1941 1941 1941 1940 1940 1940 1940 1939 1939 1939 1939 1940 1940 1940 1940 1941 1941 1941 1941 1942 1942 1942 1942 1943 1943 1943 1943 1942 1942 1942 1942 1941 1941 1941 1941 1944 1944 1944 1944 1942 1942 1942 1942 1943 1943 1943 1943 1928 1928 1928 1928 1934 1934 1934 1934 1929 1929 1929 1929 1929 1929 1929 1929 1934 1934 1934 1934 1945 1945 1945 1945 1936 1936 1936 1936 1945 1945 1945 1945 1934 1934 1934 1934 1945 1945 1945 1945 1936 1936 1936 1936 1946 1946 1946 1946 1938 1938 1938 1938 1946 1946 1946 1946 1936 1936 1936 1936 1946 1946 1946 1946 1938 1938 1938 1938 1947 1947 1947 1947 1940 1940 1940 1940 1947 1947 1947 1947 1938 1938 1938 1938 1947 1947 1947 1947 1940 1940 1940 1940 1948 1948 1948 1948 1942 1942 1942 1942 1948 1948 1948 1948 1940 1940 1940 1940 1948 1948 1948 1948 1942 1942 1942 1942 1949 1949 1949 1949 1944 1944 1944 1944 1949 1949 1949 1949 1942 1942 1942 1942 1949 1949 1949 1949 1944 1944 1944 1944 1950 1950 1950 1950 1951 1951 1951 1951 1952 1952 1952 1952 1953 1953 1953 1953 1953 1953 1953 1953 1952 1952 1952 1952 1954 1954 1954 1954 1955 1955 1955 1955 1954 1954 1954 1954 1952 1952 1952 1952 1954 1954 1954 1954 1955 1955 1955 1955 1956 1956 1956 1956 1957 1957 1957 1957 1956 1956 1956 1956 1955 1955 1955 1955 1956 1956 1956 1956 1957 1957 1957 1957 1958 1958 1958 1958 1959 1959 1959 1959 1958 1958 1958 1958 1957 1957 1957 1957 1958 1958 1958 1958 1959 1959 1959 1959 1960 1960 1960 1960 1961 1961 1961 1961 1960 1960 1960 1960 1962 1962 1962 1962 1959 1959 1959 1959 1962 1962 1962 1962 1960 1960 1960 1960 1962 1962 1962 1962 1959 1959 1959 1959 1963 1963 1963 1963 1963 1963 1963 1963 1959 1959 1959 1959 1964 1964 1964 1964 1957 1957 1957 1957 1964 1964 1964 1964 1959 1959 1959 1959 1964 1964 1964 1964 1957 1957 1957 1957 1965 1965 1965 1965 1955 1955 1955 1955 1965 1965 1965 1965 1957 1957 1957 1957 1965 1965 1965 1965 1955 1955 1955 1955 1966 1966 1966 1966 1952 1952 1952 1952 1966 1966 1966 1966 1955 1955 1955 1955 1966 1966 1966 1966 1952 1952 1952 1952 1967 1967 1967 1967 1951 1951 1951 1951 1967 1967 1967 1967 1952 1952 1952 1952 1967 1967 1967 1967 1951 1951 1951 1951 1968 1968 1968 1968 1969 1969 1969 1969 1968 1968 1968 1968 1951 1951 1951 1951 1968 1968 1968 1968 1969 1969 1969 1969 1970 1970 1970 1970 1971 1971 1971 1971 1970 1970 1970 1970 1969 1969 1969 1969 1970 1970 1970 1970 1971 1971 1971 1971 1972 1972 1972 1972 1973 1973 1973 1973 1972 1972 1972 1972 1971 1971 1971 1971 1972 1972 1972 1972 1973 1973 1973 1973 1974 1974 1974 1974 1975 1975 1975 1975 1951 1951 1951 1951 1953 1953 1953 1953 1951 1951 1951 1951 1975 1975 1975 1975 1969 1969 1969 1969 1976 1976 1976 1976 1969 1969 1969 1969 1975 1975 1975 1975 1969 1969 1969 1969 1976 1976 1976 1976 1971 1971 1971 1971 1977 1977 1977 1977 1971 1971 1971 1971 1976 1976 1976 1976 1971 1971 1971 1971 1977 1977 1977 1977 1973 1973 1973 1973 1978 1978 1978 1978 1973 1973 1973 1973 1977 1977 1977 1977 1973 1973 1973 1973 1978 1978 1978 1978 1979 1979 1979 1979 1980 1980 1980 1980 1979 1979 1979 1979 1978 1978 1978 1978 1979 1979 1979 1979 1980 1980 1980 1980 1981 1981 1981 1981 1982 1982 1982 1982 1981 1981 1981 1981 1980 1980 1980 1980 1981 1981 1981 1981 1982 1982 1982 1982 1983 1983 1983 1983 1984 1984 1984 1984 1983 1983 1983 1983 1982 1982 1982 1982 1983 1983 1983 1983 1984 1984 1984 1984 1985 1985 1985 1985 1986 1986 1986 1986 1985 1985 1985 1985 1984 1984 1984 1984 1985 1985 1985 1985 1986 1986 1986 1986 1987 1987 1987 1987 1988 1988 1988 1988 1987 1987 1987 1987 1986 1986 1986 1986 1989 1989 1989 1989 1987 1987 1987 1987 1988 1988 1988 1988 1973 1973 1973 1973 1979 1979 1979 1979 1974 1974 1974 1974 1974 1974 1974 1974 1979 1979 1979 1979 1990 1990 1990 1990 1981 1981 1981 1981 1990 1990 1990 1990 1979 1979 1979 1979 1990 1990 1990 1990 1981 1981 1981 1981 1991 1991 1991 1991 1983 1983 1983 1983 1991 1991 1991 1991 1981 1981 1981 1981 1991 1991 1991 1991 1983 1983 1983 1983 1992 1992 1992 1992 1985 1985 1985 1985 1992 1992 1992 1992 1983 1983 1983 1983 1992 1992 1992 1992 1985 1985 1985 1985 1993 1993 1993 1993 1987 1987 1987 1987 1993 1993 1993 1993 1985 1985 1985 1985 1993 1993 1993 1993 1987 1987 1987 1987 1994 1994 1994 1994 1989 1989 1989 1989 1994 1994 1994 1994 1987 1987 1987 1987 1994 1994 1994 1994 1989 1989 1989 1989 1995 1995 1995 1995 1996 1996 1996 1996 1997 1997 1997 1997 1998 1998 1998 1998 1998 1998 1998 1998 1997 1997 1997 1997 1999 1999 1999 1999 2000 2000 2000 2000 1999 1999 1999 1999 1997 1997 1997 1997 1999 1999 1999 1999 2000 2000 2000 2000 2001 2001 2001 2001 2002 2002 2002 2002 2001 2001 2001 2001 2000 2000 2000 2000 2001 2001 2001 2001 2002 2002 2002 2002 2003 2003 2003 2003 2004 2004 2004 2004 2003 2003 2003 2003 2002 2002 2002 2002 2003 2003 2003 2003 2004 2004 2004 2004 2005 2005 2005 2005 2006 2006 2006 2006 2005 2005 2005 2005 2007 2007 2007 2007 2004 2004 2004 2004 2007 2007 2007 2007 2005 2005 2005 2005 2007 2007 2007 2007 2004 2004 2004 2004 2008 2008 2008 2008 2008 2008 2008 2008 2004 2004 2004 2004 2009 2009 2009 2009 2002 2002 2002 2002 2009 2009 2009 2009 2004 2004 2004 2004 2009 2009 2009 2009 2002 2002 2002 2002 2010 2010 2010 2010 2000 2000 2000 2000 2010 2010 2010 2010 2002 2002 2002 2002 2010 2010 2010 2010 2000 2000 2000 2000 2011 2011 2011 2011 1997 1997 1997 1997 2011 2011 2011 2011 2000 2000 2000 2000 2011 2011 2011 2011 1997 1997 1997 1997 2012 2012 2012 2012 1996 1996 1996 1996 2012 2012 2012 2012 1997 1997 1997 1997 2012 2012 2012 2012 1996 1996 1996 1996 2013 2013 2013 2013 2014 2014 2014 2014 2013 2013 2013 2013 1996 1996 1996 1996 2013 2013 2013 2013 2014 2014 2014 2014 2015 2015 2015 2015 2016 2016 2016 2016 2015 2015 2015 2015 2014 2014 2014 2014 2015 2015 2015 2015 2016 2016 2016 2016 2017 2017 2017 2017 2018 2018 2018 2018 2017 2017 2017 2017 2016 2016 2016 2016 2017 2017 2017 2017 2018 2018 2018 2018 2019 2019 2019 2019 2020 2020 2020 2020 1996 1996 1996 1996 1998 1998 1998 1998 1996 1996 1996 1996 2020 2020 2020 2020 2014 2014 2014 2014 2021 2021 2021 2021 2014 2014 2014 2014 2020 2020 2020 2020 2014 2014 2014 2014 2021 2021 2021 2021 2016 2016 2016 2016 2022 2022 2022 2022 2016 2016 2016 2016 2021 2021 2021 2021 2016 2016 2016 2016 2022 2022 2022 2022 2018 2018 2018 2018 2023 2023 2023 2023 2018 2018 2018 2018 2022 2022 2022 2022 2018 2018 2018 2018 2023 2023 2023 2023 2024 2024 2024 2024 2025 2025 2025 2025 2024 2024 2024 2024 2023 2023 2023 2023 2024 2024 2024 2024 2025 2025 2025 2025 2026 2026 2026 2026 2027 2027 2027 2027 2026 2026 2026 2026 2025 2025 2025 2025 2026 2026 2026 2026 2027 2027 2027 2027 2028 2028 2028 2028 2029 2029 2029 2029 2028 2028 2028 2028 2027 2027 2027 2027 2028 2028 2028 2028 2029 2029 2029 2029 2030 2030 2030 2030 2031 2031 2031 2031 2030 2030 2030 2030 2029 2029 2029 2029 2030 2030 2030 2030 2031 2031 2031 2031 2032 2032 2032 2032 2033 2033 2033 2033 2032 2032 2032 2032 2031 2031 2031 2031 2034 2034 2034 2034 2032 2032 2032 2032 2033 2033 2033 2033 2018 2018 2018 2018 2024 2024 2024 2024 2019 2019 2019 2019 2019 2019 2019 2019 2024 2024 2024 2024 2035 2035 2035 2035 2026 2026 2026 2026 2035 2035 2035 2035 2024 2024 2024 2024 2035 2035 2035 2035 2026 2026 2026 2026 2036 2036 2036 2036 2028 2028 2028 2028 2036 2036 2036 2036 2026 2026 2026 2026 2036 2036 2036 2036 2028 2028 2028 2028 2037 2037 2037 2037 2030 2030 2030 2030 2037 2037 2037 2037 2028 2028 2028 2028 2037 2037 2037 2037 2030 2030 2030 2030 2038 2038 2038 2038 2032 2032 2032 2032 2038 2038 2038 2038 2030 2030 2030 2030 2038 2038 2038 2038 2032 2032 2032 2032 2039 2039 2039 2039 2034 2034 2034 2034 2039 2039 2039 2039 2032 2032 2032 2032 2039 2039 2039 2039 2034 2034 2034 2034 2040 2040 2040 2040 2041 2041 2041 2041 2042 2042 2042 2042 2043 2043 2043 2043 2043 2043 2043 2043 2042 2042 2042 2042 2044 2044 2044 2044 2045 2045 2045 2045 2044 2044 2044 2044 2042 2042 2042 2042 2044 2044 2044 2044 2045 2045 2045 2045 2046 2046 2046 2046 2047 2047 2047 2047 2046 2046 2046 2046 2045 2045 2045 2045 2046 2046 2046 2046 2047 2047 2047 2047 2048 2048 2048 2048 2049 2049 2049 2049 2048 2048 2048 2048 2047 2047 2047 2047 2048 2048 2048 2048 2049 2049 2049 2049 2050 2050 2050 2050 2051 2051 2051 2051 2050 2050 2050 2050 2052 2052 2052 2052 2049 2049 2049 2049 2052 2052 2052 2052 2050 2050 2050 2050 2052 2052 2052 2052 2049 2049 2049 2049 2053 2053 2053 2053 2053 2053 2053 2053 2049 2049 2049 2049 2054 2054 2054 2054 2047 2047 2047 2047 2054 2054 2054 2054 2049 2049 2049 2049 2054 2054 2054 2054 2047 2047 2047 2047 2055 2055 2055 2055 2045 2045 2045 2045 2055 2055 2055 2055 2047 2047 2047 2047 2055 2055 2055 2055 2045 2045 2045 2045 2056 2056 2056 2056 2042 2042 2042 2042 2056 2056 2056 2056 2045 2045 2045 2045 2056 2056 2056 2056 2042 2042 2042 2042 2057 2057 2057 2057 2041 2041 2041 2041 2057 2057 2057 2057 2042 2042 2042 2042 2057 2057 2057 2057 2041 2041 2041 2041 2058 2058 2058 2058 2059 2059 2059 2059 2058 2058 2058 2058 2041 2041 2041 2041 2058 2058 2058 2058 2059 2059 2059 2059 2060 2060 2060 2060 2061 2061 2061 2061 2060 2060 2060 2060 2059 2059 2059 2059 2060 2060 2060 2060 2061 2061 2061 2061 2062 2062 2062 2062 2063 2063 2063 2063 2062 2062 2062 2062 2061 2061 2061 2061 2062 2062 2062 2062 2063 2063 2063 2063 2064 2064 2064 2064 2065 2065 2065 2065 2041 2041 2041 2041 2043 2043 2043 2043 2041 2041 2041 2041 2065 2065 2065 2065 2059 2059 2059 2059 2066 2066 2066 2066 2059 2059 2059 2059 2065 2065 2065 2065 2059 2059 2059 2059 2066 2066 2066 2066 2061 2061 2061 2061 2067 2067 2067 2067 2061 2061 2061 2061 2066 2066 2066 2066 2061 2061 2061 2061 2067 2067 2067 2067 2063 2063 2063 2063 2068 2068 2068 2068 2063 2063 2063 2063 2067 2067 2067 2067 2063 2063 2063 2063 2068 2068 2068 2068 2069 2069 2069 2069 2070 2070 2070 2070 2069 2069 2069 2069 2068 2068 2068 2068 2069 2069 2069 2069 2070 2070 2070 2070 2071 2071 2071 2071 2072 2072 2072 2072 2071 2071 2071 2071 2070 2070 2070 2070 2071 2071 2071 2071 2072 2072 2072 2072 2073 2073 2073 2073 2074 2074 2074 2074 2073 2073 2073 2073 2072 2072 2072 2072 2073 2073 2073 2073 2074 2074 2074 2074 2075 2075 2075 2075 2076 2076 2076 2076 2075 2075 2075 2075 2074 2074 2074 2074 2075 2075 2075 2075 2076 2076 2076 2076 2077 2077 2077 2077 2078 2078 2078 2078 2077 2077 2077 2077 2076 2076 2076 2076 2079 2079 2079 2079 2077 2077 2077 2077 2078 2078 2078 2078 2063 2063 2063 2063 2069 2069 2069 2069 2064 2064 2064 2064 2064 2064 2064 2064 2069 2069 2069 2069 2080 2080 2080 2080 2071 2071 2071 2071 2080 2080 2080 2080 2069 2069 2069 2069 2080 2080 2080 2080 2071 2071 2071 2071 2081 2081 2081 2081 2073 2073 2073 2073 2081 2081 2081 2081 2071 2071 2071 2071 2081 2081 2081 2081 2073 2073 2073 2073 2082 2082 2082 2082 2075 2075 2075 2075 2082 2082 2082 2082 2073 2073 2073 2073 2082 2082 2082 2082 2075 2075 2075 2075 2083 2083 2083 2083 2077 2077 2077 2077 2083 2083 2083 2083 2075 2075 2075 2075 2083 2083 2083 2083 2077 2077 2077 2077 2084 2084 2084 2084 2079 2079 2079 2079 2084 2084 2084 2084 2077 2077 2077 2077 2084 2084 2084 2084 2079 2079 2079 2079 2085 2085 2085 2085 2086 2086 2086 2086 2087 2087 2087 2087 2088 2088 2088 2088 2088 2088 2088 2088 2087 2087 2087 2087 2089 2089 2089 2089 2090 2090 2090 2090 2089 2089 2089 2089 2087 2087 2087 2087 2089 2089 2089 2089 2090 2090 2090 2090 2091 2091 2091 2091 2092 2092 2092 2092 2091 2091 2091 2091 2090 2090 2090 2090 2091 2091 2091 2091 2092 2092 2092 2092 2093 2093 2093 2093 2094 2094 2094 2094 2093 2093 2093 2093 2092 2092 2092 2092 2093 2093 2093 2093 2094 2094 2094 2094 2095 2095 2095 2095 2096 2096 2096 2096 2095 2095 2095 2095 2097 2097 2097 2097 2094 2094 2094 2094 2097 2097 2097 2097 2095 2095 2095 2095 2097 2097 2097 2097 2094 2094 2094 2094 2098 2098 2098 2098 2098 2098 2098 2098 2094 2094 2094 2094 2099 2099 2099 2099 2092 2092 2092 2092 2099 2099 2099 2099 2094 2094 2094 2094 2099 2099 2099 2099 2092 2092 2092 2092 2100 2100 2100 2100 2090 2090 2090 2090 2100 2100 2100 2100 2092 2092 2092 2092 2100 2100 2100 2100 2090 2090 2090 2090 2101 2101 2101 2101 2087 2087 2087 2087 2101 2101 2101 2101 2090 2090 2090 2090 2101 2101 2101 2101 2087 2087 2087 2087 2102 2102 2102 2102 2086 2086 2086 2086 2102 2102 2102 2102 2087 2087 2087 2087 2102 2102 2102 2102 2086 2086 2086 2086 2103 2103 2103 2103 2104 2104 2104 2104 2103 2103 2103 2103 2086 2086 2086 2086 2103 2103 2103 2103 2104 2104 2104 2104 2105 2105 2105 2105 2106 2106 2106 2106 2105 2105 2105 2105 2104 2104 2104 2104 2105 2105 2105 2105 2106 2106 2106 2106 2107 2107 2107 2107 2108 2108 2108 2108 2107 2107 2107 2107 2106 2106 2106 2106 2107 2107 2107 2107 2108 2108 2108 2108 2109 2109 2109 2109 2110 2110 2110 2110 2086 2086 2086 2086 2088 2088 2088 2088 2086 2086 2086 2086 2110 2110 2110 2110 2104 2104 2104 2104 2111 2111 2111 2111 2104 2104 2104 2104 2110 2110 2110 2110 2104 2104 2104 2104 2111 2111 2111 2111 2106 2106 2106 2106 2112 2112 2112 2112 2106 2106 2106 2106 2111 2111 2111 2111 2106 2106 2106 2106 2112 2112 2112 2112 2108 2108 2108 2108 2113 2113 2113 2113 2108 2108 2108 2108 2112 2112 2112 2112 2108 2108 2108 2108 2113 2113 2113 2113 2114 2114 2114 2114 2115 2115 2115 2115 2114 2114 2114 2114 2113 2113 2113 2113 2114 2114 2114 2114 2115 2115 2115 2115 2116 2116 2116 2116 2117 2117 2117 2117 2116 2116 2116 2116 2115 2115 2115 2115 2116 2116 2116 2116 2117 2117 2117 2117 2118 2118 2118 2118 2119 2119 2119 2119 2118 2118 2118 2118 2117 2117 2117 2117 2118 2118 2118 2118 2119 2119 2119 2119 2120 2120 2120 2120 2121 2121 2121 2121 2120 2120 2120 2120 2119 2119 2119 2119 2120 2120 2120 2120 2121 2121 2121 2121 2122 2122 2122 2122 2123 2123 2123 2123 2122 2122 2122 2122 2121 2121 2121 2121 2124 2124 2124 2124 2122 2122 2122 2122 2123 2123 2123 2123 2108 2108 2108 2108 2114 2114 2114 2114 2109 2109 2109 2109 2109 2109 2109 2109 2114 2114 2114 2114 2125 2125 2125 2125 2116 2116 2116 2116 2125 2125 2125 2125 2114 2114 2114 2114 2125 2125 2125 2125 2116 2116 2116 2116 2126 2126 2126 2126 2118 2118 2118 2118 2126 2126 2126 2126 2116 2116 2116 2116 2126 2126 2126 2126 2118 2118 2118 2118 2127 2127 2127 2127 2120 2120 2120 2120 2127 2127 2127 2127 2118 2118 2118 2118 2127 2127 2127 2127 2120 2120 2120 2120 2128 2128 2128 2128 2122 2122 2122 2122 2128 2128 2128 2128 2120 2120 2120 2120 2128 2128 2128 2128 2122 2122 2122 2122 2129 2129 2129 2129 2124 2124 2124 2124 2129 2129 2129 2129 2122 2122 2122 2122 2129 2129 2129 2129 2124 2124 2124 2124 2130 2130 2130 2130 2131 2131 2131 2131 2132 2132 2132 2132 2133 2133 2133 2133 2133 2133 2133 2133 2132 2132 2132 2132 2134 2134 2134 2134 2135 2135 2135 2135 2134 2134 2134 2134 2132 2132 2132 2132 2134 2134 2134 2134 2135 2135 2135 2135 2136 2136 2136 2136 2137 2137 2137 2137 2136 2136 2136 2136 2135 2135 2135 2135 2136 2136 2136 2136 2137 2137 2137 2137 2138 2138 2138 2138 2139 2139 2139 2139 2138 2138 2138 2138 2137 2137 2137 2137 2138 2138 2138 2138 2139 2139 2139 2139 2140 2140 2140 2140 2141 2141 2141 2141 2140 2140 2140 2140 2142 2142 2142 2142 2139 2139 2139 2139 2142 2142 2142 2142 2140 2140 2140 2140 2142 2142 2142 2142 2139 2139 2139 2139 2143 2143 2143 2143 2143 2143 2143 2143 2139 2139 2139 2139 2144 2144 2144 2144 2137 2137 2137 2137 2144 2144 2144 2144 2139 2139 2139 2139 2144 2144 2144 2144 2137 2137 2137 2137 2145 2145 2145 2145 2135 2135 2135 2135 2145 2145 2145 2145 2137 2137 2137 2137 2145 2145 2145 2145 2135 2135 2135 2135 2146 2146 2146 2146 2132 2132 2132 2132 2146 2146 2146 2146 2135 2135 2135 2135 2146 2146 2146 2146 2132 2132 2132 2132 2147 2147 2147 2147 2131 2131 2131 2131 2147 2147 2147 2147 2132 2132 2132 2132 2147 2147 2147 2147 2131 2131 2131 2131 2148 2148 2148 2148 2149 2149 2149 2149 2148 2148 2148 2148 2131 2131 2131 2131 2148 2148 2148 2148 2149 2149 2149 2149 2150 2150 2150 2150 2151 2151 2151 2151 2150 2150 2150 2150 2149 2149 2149 2149 2150 2150 2150 2150 2151 2151 2151 2151 2152 2152 2152 2152 2153 2153 2153 2153 2152 2152 2152 2152 2151 2151 2151 2151 2152 2152 2152 2152 2153 2153 2153 2153 2154 2154 2154 2154 2155 2155 2155 2155 2131 2131 2131 2131 2133 2133 2133 2133 2131 2131 2131 2131 2155 2155 2155 2155 2149 2149 2149 2149 2156 2156 2156 2156 2149 2149 2149 2149 2155 2155 2155 2155 2149 2149 2149 2149 2156 2156 2156 2156 2151 2151 2151 2151 2157 2157 2157 2157 2151 2151 2151 2151 2156 2156 2156 2156 2151 2151 2151 2151 2157 2157 2157 2157 2153 2153 2153 2153 2158 2158 2158 2158 2153 2153 2153 2153 2157 2157 2157 2157 2153 2153 2153 2153 2158 2158 2158 2158 2159 2159 2159 2159 2160 2160 2160 2160 2159 2159 2159 2159 2158 2158 2158 2158 2159 2159 2159 2159 2160 2160 2160 2160 2161 2161 2161 2161 2162 2162 2162 2162 2161 2161 2161 2161 2160 2160 2160 2160 2161 2161 2161 2161 2162 2162 2162 2162 2163 2163 2163 2163 2164 2164 2164 2164 2163 2163 2163 2163 2162 2162 2162 2162 2163 2163 2163 2163 2164 2164 2164 2164 2165 2165 2165 2165 2166 2166 2166 2166 2165 2165 2165 2165 2164 2164 2164 2164 2165 2165 2165 2165 2166 2166 2166 2166 2167 2167 2167 2167 2168 2168 2168 2168 2167 2167 2167 2167 2166 2166 2166 2166 2169 2169 2169 2169 2167 2167 2167 2167 2168 2168 2168 2168 2153 2153 2153 2153 2159 2159 2159 2159 2154 2154 2154 2154 2154 2154 2154 2154 2159 2159 2159 2159 2170 2170 2170 2170 2161 2161 2161 2161 2170 2170 2170 2170 2159 2159 2159 2159 2170 2170 2170 2170 2161 2161 2161 2161 2171 2171 2171 2171 2163 2163 2163 2163 2171 2171 2171 2171 2161 2161 2161 2161 2171 2171 2171 2171 2163 2163 2163 2163 2172 2172 2172 2172 2165 2165 2165 2165 2172 2172 2172 2172 2163 2163 2163 2163 2172 2172 2172 2172 2165 2165 2165 2165 2173 2173 2173 2173 2167 2167 2167 2167 2173 2173 2173 2173 2165 2165 2165 2165 2173 2173 2173 2173 2167 2167 2167 2167 2174 2174 2174 2174 2169 2169 2169 2169 2174 2174 2174 2174 2167 2167 2167 2167 2174 2174 2174 2174 2169 2169 2169 2169 2175 2175 2175 2175 2176 2176 2176 2176 2177 2177 2177 2177 2178 2178 2178 2178 2178 2178 2178 2178 2177 2177 2177 2177 2179 2179 2179 2179 2180 2180 2180 2180 2179 2179 2179 2179 2177 2177 2177 2177 2179 2179 2179 2179 2180 2180 2180 2180 2181 2181 2181 2181 2182 2182 2182 2182 2181 2181 2181 2181 2180 2180 2180 2180 2181 2181 2181 2181 2182 2182 2182 2182 2183 2183 2183 2183 2184 2184 2184 2184 2183 2183 2183 2183 2182 2182 2182 2182 2183 2183 2183 2183 2184 2184 2184 2184 2185 2185 2185 2185 2186 2186 2186 2186 2185 2185 2185 2185 2187 2187 2187 2187 2184 2184 2184 2184 2187 2187 2187 2187 2185 2185 2185 2185 2187 2187 2187 2187 2184 2184 2184 2184 2188 2188 2188 2188 2188 2188 2188 2188 2184 2184 2184 2184 2189 2189 2189 2189 2182 2182 2182 2182 2189 2189 2189 2189 2184 2184 2184 2184 2189 2189 2189 2189 2182 2182 2182 2182 2190 2190 2190 2190 2180 2180 2180 2180 2190 2190 2190 2190 2182 2182 2182 2182 2190 2190 2190 2190 2180 2180 2180 2180 2191 2191 2191 2191 2177 2177 2177 2177 2191 2191 2191 2191 2180 2180 2180 2180 2191 2191 2191 2191 2177 2177 2177 2177 2192 2192 2192 2192 2176 2176 2176 2176 2192 2192 2192 2192 2177 2177 2177 2177 2192 2192 2192 2192 2176 2176 2176 2176 2193 2193 2193 2193 2194 2194 2194 2194 2193 2193 2193 2193 2176 2176 2176 2176 2193 2193 2193 2193 2194 2194 2194 2194 2195 2195 2195 2195 2196 2196 2196 2196 2195 2195 2195 2195 2194 2194 2194 2194 2195 2195 2195 2195 2196 2196 2196 2196 2197 2197 2197 2197 2198 2198 2198 2198 2197 2197 2197 2197 2196 2196 2196 2196 2197 2197 2197 2197 2198 2198 2198 2198 2199 2199 2199 2199 2200 2200 2200 2200 2176 2176 2176 2176 2178 2178 2178 2178 2176 2176 2176 2176 2200 2200 2200 2200 2194 2194 2194 2194 2201 2201 2201 2201 2194 2194 2194 2194 2200 2200 2200 2200 2194 2194 2194 2194 2201 2201 2201 2201 2196 2196 2196 2196 2202 2202 2202 2202 2196 2196 2196 2196 2201 2201 2201 2201 2196 2196 2196 2196 2202 2202 2202 2202 2198 2198 2198 2198 2203 2203 2203 2203 2198 2198 2198 2198 2202 2202 2202 2202 2198 2198 2198 2198 2203 2203 2203 2203 2204 2204 2204 2204 2205 2205 2205 2205 2204 2204 2204 2204 2203 2203 2203 2203 2204 2204 2204 2204 2205 2205 2205 2205 2206 2206 2206 2206 2207 2207 2207 2207 2206 2206 2206 2206 2205 2205 2205 2205 2206 2206 2206 2206 2207 2207 2207 2207 2208 2208 2208 2208 2209 2209 2209 2209 2208 2208 2208 2208 2207 2207 2207 2207 2208 2208 2208 2208 2209 2209 2209 2209 2210 2210 2210 2210 2211 2211 2211 2211 2210 2210 2210 2210 2209 2209 2209 2209 2210 2210 2210 2210 2211 2211 2211 2211 2212 2212 2212 2212 2213 2213 2213 2213 2212 2212 2212 2212 2211 2211 2211 2211 2214 2214 2214 2214 2212 2212 2212 2212 2213 2213 2213 2213 2198 2198 2198 2198 2204 2204 2204 2204 2199 2199 2199 2199 2199 2199 2199 2199 2204 2204 2204 2204 2215 2215 2215 2215 2206 2206 2206 2206 2215 2215 2215 2215 2204 2204 2204 2204 2215 2215 2215 2215 2206 2206 2206 2206 2216 2216 2216 2216 2208 2208 2208 2208 2216 2216 2216 2216 2206 2206 2206 2206 2216 2216 2216 2216 2208 2208 2208 2208 2217 2217 2217 2217 2210 2210 2210 2210 2217 2217 2217 2217 2208 2208 2208 2208 2217 2217 2217 2217 2210 2210 2210 2210 2218 2218 2218 2218 2212 2212 2212 2212 2218 2218 2218 2218 2210 2210 2210 2210 2218 2218 2218 2218 2212 2212 2212 2212 2219 2219 2219 2219 2214 2214 2214 2214 2219 2219 2219 2219 2212 2212 2212 2212 2219 2219 2219 2219 2214 2214 2214 2214 2220 2220 2220 2220 2221 2221 2221 2221 2222 2222 2222 2222 2223 2223 2223 2223 2223 2223 2223 2223 2222 2222 2222 2222 2224 2224 2224 2224 2225 2225 2225 2225 2224 2224 2224 2224 2222 2222 2222 2222 2224 2224 2224 2224 2225 2225 2225 2225 2226 2226 2226 2226 2227 2227 2227 2227 2226 2226 2226 2226 2225 2225 2225 2225 2226 2226 2226 2226 2227 2227 2227 2227 2228 2228 2228 2228 2229 2229 2229 2229 2228 2228 2228 2228 2227 2227 2227 2227 2228 2228 2228 2228 2229 2229 2229 2229 2230 2230 2230 2230 2231 2231 2231 2231 2230 2230 2230 2230 2232 2232 2232 2232 2229 2229 2229 2229 2232 2232 2232 2232 2230 2230 2230 2230 2232 2232 2232 2232 2229 2229 2229 2229 2233 2233 2233 2233 2233 2233 2233 2233 2229 2229 2229 2229 2234 2234 2234 2234 2227 2227 2227 2227 2234 2234 2234 2234 2229 2229 2229 2229 2234 2234 2234 2234 2227 2227 2227 2227 2235 2235 2235 2235 2225 2225 2225 2225 2235 2235 2235 2235 2227 2227 2227 2227 2235 2235 2235 2235 2225 2225 2225 2225 2236 2236 2236 2236 2222 2222 2222 2222 2236 2236 2236 2236 2225 2225 2225 2225 2236 2236 2236 2236 2222 2222 2222 2222 2237 2237 2237 2237 2221 2221 2221 2221 2237 2237 2237 2237 2222 2222 2222 2222 2237 2237 2237 2237 2221 2221 2221 2221 2238 2238 2238 2238 2239 2239 2239 2239 2238 2238 2238 2238 2221 2221 2221 2221 2238 2238 2238 2238 2239 2239 2239 2239 2240 2240 2240 2240 2241 2241 2241 2241 2240 2240 2240 2240 2239 2239 2239 2239 2240 2240 2240 2240 2241 2241 2241 2241 2242 2242 2242 2242 2243 2243 2243 2243 2242 2242 2242 2242 2241 2241 2241 2241 2242 2242 2242 2242 2243 2243 2243 2243 2244 2244 2244 2244 2245 2245 2245 2245 2221 2221 2221 2221 2223 2223 2223 2223 2221 2221 2221 2221 2245 2245 2245 2245 2239 2239 2239 2239 2246 2246 2246 2246 2239 2239 2239 2239 2245 2245 2245 2245 2239 2239 2239 2239 2246 2246 2246 2246 2241 2241 2241 2241 2247 2247 2247 2247 2241 2241 2241 2241 2246 2246 2246 2246 2241 2241 2241 2241 2247 2247 2247 2247 2243 2243 2243 2243 2248 2248 2248 2248 2243 2243 2243 2243 2247 2247 2247 2247 2243 2243 2243 2243 2248 2248 2248 2248 2249 2249 2249 2249 2250 2250 2250 2250 2249 2249 2249 2249 2248 2248 2248 2248 2249 2249 2249 2249 2250 2250 2250 2250 2251 2251 2251 2251 2252 2252 2252 2252 2251 2251 2251 2251 2250 2250 2250 2250 2251 2251 2251 2251 2252 2252 2252 2252 2253 2253 2253 2253 2254 2254 2254 2254 2253 2253 2253 2253 2252 2252 2252 2252 2253 2253 2253 2253 2254 2254 2254 2254 2255 2255 2255 2255 2256 2256 2256 2256 2255 2255 2255 2255 2254 2254 2254 2254 2255 2255 2255 2255 2256 2256 2256 2256 2257 2257 2257 2257 2258 2258 2258 2258 2257 2257 2257 2257 2256 2256 2256 2256 2259 2259 2259 2259 2257 2257 2257 2257 2258 2258 2258 2258 2243 2243 2243 2243 2249 2249 2249 2249 2244 2244 2244 2244 2244 2244 2244 2244 2249 2249 2249 2249 2260 2260 2260 2260 2251 2251 2251 2251 2260 2260 2260 2260 2249 2249 2249 2249 2260 2260 2260 2260 2251 2251 2251 2251 2261 2261 2261 2261 2253 2253 2253 2253 2261 2261 2261 2261 2251 2251 2251 2251 2261 2261 2261 2261 2253 2253 2253 2253 2262 2262 2262 2262 2255 2255 2255 2255 2262 2262 2262 2262 2253 2253 2253 2253 2262 2262 2262 2262 2255 2255 2255 2255 2263 2263 2263 2263 2257 2257 2257 2257 2263 2263 2263 2263 2255 2255 2255 2255 2263 2263 2263 2263 2257 2257 2257 2257 2264 2264 2264 2264 2259 2259 2259 2259 2264 2264 2264 2264 2257 2257 2257 2257 2264 2264 2264 2264 2259 2259 2259 2259 2265 2265 2265 2265 2266 2266 2266 2266 2267 2267 2267 2267 2268 2268 2268 2268 2268 2268 2268 2268 2267 2267 2267 2267 2269 2269 2269 2269 2270 2270 2270 2270 2269 2269 2269 2269 2267 2267 2267 2267 2269 2269 2269 2269 2270 2270 2270 2270 2271 2271 2271 2271 2272 2272 2272 2272 2271 2271 2271 2271 2270 2270 2270 2270 2271 2271 2271 2271 2272 2272 2272 2272 2273 2273 2273 2273 2274 2274 2274 2274 2273 2273 2273 2273 2272 2272 2272 2272 2273 2273 2273 2273 2274 2274 2274 2274 2275 2275 2275 2275 2276 2276 2276 2276 2275 2275 2275 2275 2277 2277 2277 2277 2274 2274 2274 2274 2277 2277 2277 2277 2275 2275 2275 2275 2277 2277 2277 2277 2274 2274 2274 2274 2278 2278 2278 2278 2278 2278 2278 2278 2274 2274 2274 2274 2279 2279 2279 2279 2272 2272 2272 2272 2279 2279 2279 2279 2274 2274 2274 2274 2279 2279 2279 2279 2272 2272 2272 2272 2280 2280 2280 2280 2270 2270 2270 2270 2280 2280 2280 2280 2272 2272 2272 2272 2280 2280 2280 2280 2270 2270 2270 2270 2281 2281 2281 2281 2267 2267 2267 2267 2281 2281 2281 2281 2270 2270 2270 2270 2281 2281 2281 2281 2267 2267 2267 2267 2282 2282 2282 2282 2266 2266 2266 2266 2282 2282 2282 2282 2267 2267 2267 2267 2282 2282 2282 2282 2266 2266 2266 2266 2283 2283 2283 2283 2284 2284 2284 2284 2283 2283 2283 2283 2266 2266 2266 2266 2283 2283 2283 2283 2284 2284 2284 2284 2285 2285 2285 2285 2286 2286 2286 2286 2285 2285 2285 2285 2284 2284 2284 2284 2285 2285 2285 2285 2286 2286 2286 2286 2287 2287 2287 2287 2288 2288 2288 2288 2287 2287 2287 2287 2286 2286 2286 2286 2287 2287 2287 2287 2288 2288 2288 2288 2289 2289 2289 2289 2290 2290 2290 2290 2266 2266 2266 2266 2268 2268 2268 2268 2266 2266 2266 2266 2290 2290 2290 2290 2284 2284 2284 2284 2291 2291 2291 2291 2284 2284 2284 2284 2290 2290 2290 2290 2284 2284 2284 2284 2291 2291 2291 2291 2286 2286 2286 2286 2292 2292 2292 2292 2286 2286 2286 2286 2291 2291 2291 2291 2286 2286 2286 2286 2292 2292 2292 2292 2288 2288 2288 2288 2293 2293 2293 2293 2288 2288 2288 2288 2292 2292 2292 2292 2288 2288 2288 2288 2293 2293 2293 2293 2294 2294 2294 2294 2295 2295 2295 2295 2294 2294 2294 2294 2293 2293 2293 2293 2294 2294 2294 2294 2295 2295 2295 2295 2296 2296 2296 2296 2297 2297 2297 2297 2296 2296 2296 2296 2295 2295 2295 2295 2296 2296 2296 2296 2297 2297 2297 2297 2298 2298 2298 2298 2299 2299 2299 2299 2298 2298 2298 2298 2297 2297 2297 2297 2298 2298 2298 2298 2299 2299 2299 2299 2300 2300 2300 2300 2301 2301 2301 2301 2300 2300 2300 2300 2299 2299 2299 2299 2300 2300 2300 2300 2301 2301 2301 2301 2302 2302 2302 2302 2303 2303 2303 2303 2302 2302 2302 2302 2301 2301 2301 2301 2304 2304 2304 2304 2302 2302 2302 2302 2303 2303 2303 2303 2288 2288 2288 2288 2294 2294 2294 2294 2289 2289 2289 2289 2289 2289 2289 2289 2294 2294 2294 2294 2305 2305 2305 2305 2296 2296 2296 2296 2305 2305 2305 2305 2294 2294 2294 2294 2305 2305 2305 2305 2296 2296 2296 2296 2306 2306 2306 2306 2298 2298 2298 2298 2306 2306 2306 2306 2296 2296 2296 2296 2306 2306 2306 2306 2298 2298 2298 2298 2307 2307 2307 2307 2300 2300 2300 2300 2307 2307 2307 2307 2298 2298 2298 2298 2307 2307 2307 2307 2300 2300 2300 2300 2308 2308 2308 2308 2302 2302 2302 2302 2308 2308 2308 2308 2300 2300 2300 2300 2308 2308 2308 2308 2302 2302 2302 2302 2309 2309 2309 2309 2304 2304 2304 2304 2309 2309 2309 2309 2302 2302 2302 2302 2309 2309 2309 2309 2304 2304 2304 2304 2310 2310 2310 2310 2311 2311 2311 2311 2312 2312 2312 2312 2313 2313 2313 2313 2313 2313 2313 2313 2312 2312 2312 2312 2314 2314 2314 2314 2315 2315 2315 2315 2314 2314 2314 2314 2312 2312 2312 2312 2314 2314 2314 2314 2315 2315 2315 2315 2316 2316 2316 2316 2317 2317 2317 2317 2316 2316 2316 2316 2315 2315 2315 2315 2316 2316 2316 2316 2317 2317 2317 2317 2318 2318 2318 2318 2319 2319 2319 2319 2318 2318 2318 2318 2317 2317 2317 2317 2318 2318 2318 2318 2319 2319 2319 2319 2320 2320 2320 2320 2321 2321 2321 2321 2320 2320 2320 2320 2322 2322 2322 2322 2319 2319 2319 2319 2322 2322 2322 2322 2320 2320 2320 2320 2322 2322 2322 2322 2319 2319 2319 2319 2323 2323 2323 2323 2323 2323 2323 2323 2319 2319 2319 2319 2324 2324 2324 2324 2317 2317 2317 2317 2324 2324 2324 2324 2319 2319 2319 2319 2324 2324 2324 2324 2317 2317 2317 2317 2325 2325 2325 2325 2315 2315 2315 2315 2325 2325 2325 2325 2317 2317 2317 2317 2325 2325 2325 2325 2315 2315 2315 2315 2326 2326 2326 2326 2312 2312 2312 2312 2326 2326 2326 2326 2315 2315 2315 2315 2326 2326 2326 2326 2312 2312 2312 2312 2327 2327 2327 2327 2311 2311 2311 2311 2327 2327 2327 2327 2312 2312 2312 2312 2327 2327 2327 2327 2311 2311 2311 2311 2328 2328 2328 2328 2329 2329 2329 2329 2328 2328 2328 2328 2311 2311 2311 2311 2328 2328 2328 2328 2329 2329 2329 2329 2330 2330 2330 2330 2331 2331 2331 2331 2330 2330 2330 2330 2329 2329 2329 2329 2330 2330 2330 2330 2331 2331 2331 2331 2332 2332 2332 2332 2333 2333 2333 2333 2332 2332 2332 2332 2331 2331 2331 2331 2332 2332 2332 2332 2333 2333 2333 2333 2334 2334 2334 2334 2335 2335 2335 2335 2311 2311 2311 2311 2313 2313 2313 2313 2311 2311 2311 2311 2335 2335 2335 2335 2329 2329 2329 2329 2336 2336 2336 2336 2329 2329 2329 2329 2335 2335 2335 2335 2329 2329 2329 2329 2336 2336 2336 2336 2331 2331 2331 2331 2337 2337 2337 2337 2331 2331 2331 2331 2336 2336 2336 2336 2331 2331 2331 2331 2337 2337 2337 2337 2333 2333 2333 2333 2338 2338 2338 2338 2333 2333 2333 2333 2337 2337 2337 2337 2333 2333 2333 2333 2338 2338 2338 2338 2339 2339 2339 2339 2340 2340 2340 2340 2339 2339 2339 2339 2338 2338 2338 2338 2339 2339 2339 2339 2340 2340 2340 2340 2341 2341 2341 2341 2342 2342 2342 2342 2341 2341 2341 2341 2340 2340 2340 2340 2341 2341 2341 2341 2342 2342 2342 2342 2343 2343 2343 2343 2344 2344 2344 2344 2343 2343 2343 2343 2342 2342 2342 2342 2343 2343 2343 2343 2344 2344 2344 2344 2345 2345 2345 2345 2346 2346 2346 2346 2345 2345 2345 2345 2344 2344 2344 2344 2345 2345 2345 2345 2346 2346 2346 2346 2347 2347 2347 2347 2348 2348 2348 2348 2347 2347 2347 2347 2346 2346 2346 2346 2349 2349 2349 2349 2347 2347 2347 2347 2348 2348 2348 2348 2333 2333 2333 2333 2339 2339 2339 2339 2334 2334 2334 2334 2334 2334 2334 2334 2339 2339 2339 2339 2350 2350 2350 2350 2341 2341 2341 2341 2350 2350 2350 2350 2339 2339 2339 2339 2350 2350 2350 2350 2341 2341 2341 2341 2351 2351 2351 2351 2343 2343 2343 2343 2351 2351 2351 2351 2341 2341 2341 2341 2351 2351 2351 2351 2343 2343 2343 2343 2352 2352 2352 2352 2345 2345 2345 2345 2352 2352 2352 2352 2343 2343 2343 2343 2352 2352 2352 2352 2345 2345 2345 2345 2353 2353 2353 2353 2347 2347 2347 2347 2353 2353 2353 2353 2345 2345 2345 2345 2353 2353 2353 2353 2347 2347 2347 2347 2354 2354 2354 2354 2349 2349 2349 2349 2354 2354 2354 2354 2347 2347 2347 2347 2354 2354 2354 2354 2349 2349 2349 2349 2355 2355 2355 2355 2356 2356 2356 2356 2357 2357 2357 2357 2358 2358 2358 2358 2358 2358 2358 2358 2357 2357 2357 2357 2359 2359 2359 2359 2360 2360 2360 2360 2359 2359 2359 2359 2357 2357 2357 2357 2359 2359 2359 2359 2360 2360 2360 2360 2361 2361 2361 2361 2362 2362 2362 2362 2361 2361 2361 2361 2360 2360 2360 2360 2361 2361 2361 2361 2362 2362 2362 2362 2363 2363 2363 2363 2364 2364 2364 2364 2363 2363 2363 2363 2362 2362 2362 2362 2363 2363 2363 2363 2364 2364 2364 2364 2365 2365 2365 2365 2366 2366 2366 2366 2365 2365 2365 2365 2367 2367 2367 2367 2364 2364 2364 2364 2367 2367 2367 2367 2365 2365 2365 2365 2367 2367 2367 2367 2364 2364 2364 2364 2368 2368 2368 2368 2368 2368 2368 2368 2364 2364 2364 2364 2369 2369 2369 2369 2362 2362 2362 2362 2369 2369 2369 2369 2364 2364 2364 2364 2369 2369 2369 2369 2362 2362 2362 2362 2370 2370 2370 2370 2360 2360 2360 2360 2370 2370 2370 2370 2362 2362 2362 2362 2370 2370 2370 2370 2360 2360 2360 2360 2371 2371 2371 2371 2357 2357 2357 2357 2371 2371 2371 2371 2360 2360 2360 2360 2371 2371 2371 2371 2357 2357 2357 2357 2372 2372 2372 2372 2356 2356 2356 2356 2372 2372 2372 2372 2357 2357 2357 2357 2372 2372 2372 2372 2356 2356 2356 2356 2373 2373 2373 2373 2374 2374 2374 2374 2373 2373 2373 2373 2356 2356 2356 2356 2373 2373 2373 2373 2374 2374 2374 2374 2375 2375 2375 2375 2376 2376 2376 2376 2375 2375 2375 2375 2374 2374 2374 2374 2375 2375 2375 2375 2376 2376 2376 2376 2377 2377 2377 2377 2378 2378 2378 2378 2377 2377 2377 2377 2376 2376 2376 2376 2377 2377 2377 2377 2378 2378 2378 2378 2379 2379 2379 2379 2380 2380 2380 2380 2356 2356 2356 2356 2358 2358 2358 2358 2356 2356 2356 2356 2380 2380 2380 2380 2374 2374 2374 2374 2381 2381 2381 2381 2374 2374 2374 2374 2380 2380 2380 2380 2374 2374 2374 2374 2381 2381 2381 2381 2376 2376 2376 2376 2382 2382 2382 2382 2376 2376 2376 2376 2381 2381 2381 2381 2376 2376 2376 2376 2382 2382 2382 2382 2378 2378 2378 2378 2383 2383 2383 2383 2378 2378 2378 2378 2382 2382 2382 2382 2378 2378 2378 2378 2383 2383 2383 2383 2384 2384 2384 2384 2385 2385 2385 2385 2384 2384 2384 2384 2383 2383 2383 2383 2384 2384 2384 2384 2385 2385 2385 2385 2386 2386 2386 2386 2387 2387 2387 2387 2386 2386 2386 2386 2385 2385 2385 2385 2386 2386 2386 2386 2387 2387 2387 2387 2388 2388 2388 2388 2389 2389 2389 2389 2388 2388 2388 2388 2387 2387 2387 2387 2388 2388 2388 2388 2389 2389 2389 2389 2390 2390 2390 2390 2391 2391 2391 2391 2390 2390 2390 2390 2389 2389 2389 2389 2390 2390 2390 2390 2391 2391 2391 2391 2392 2392 2392 2392 2393 2393 2393 2393 2392 2392 2392 2392 2391 2391 2391 2391 2394 2394 2394 2394 2392 2392 2392 2392 2393 2393 2393 2393 2378 2378 2378 2378 2384 2384 2384 2384 2379 2379 2379 2379 2379 2379 2379 2379 2384 2384 2384 2384 2395 2395 2395 2395 2386 2386 2386 2386 2395 2395 2395 2395 2384 2384 2384 2384 2395 2395 2395 2395 2386 2386 2386 2386 2396 2396 2396 2396 2388 2388 2388 2388 2396 2396 2396 2396 2386 2386 2386 2386 2396 2396 2396 2396 2388 2388 2388 2388 2397 2397 2397 2397 2390 2390 2390 2390 2397 2397 2397 2397 2388 2388 2388 2388 2397 2397 2397 2397 2390 2390 2390 2390 2398 2398 2398 2398 2392 2392 2392 2392 2398 2398 2398 2398 2390 2390 2390 2390 2398 2398 2398 2398 2392 2392 2392 2392 2399 2399 2399 2399 2394 2394 2394 2394 2399 2399 2399 2399 2392 2392 2392 2392 2399 2399 2399 2399 2394 2394 2394 2394 2400 2400 2400 2400 2401 2401 2401 2401 2402 2402 2402 2402 2403 2403 2403 2403 2403 2403 2403 2403 2402 2402 2402 2402 2404 2404 2404 2404 2405 2405 2405 2405 2404 2404 2404 2404 2402 2402 2402 2402 2404 2404 2404 2404 2405 2405 2405 2405 2406 2406 2406 2406 2407 2407 2407 2407 2406 2406 2406 2406 2405 2405 2405 2405 2406 2406 2406 2406 2407 2407 2407 2407 2408 2408 2408 2408 2409 2409 2409 2409 2408 2408 2408 2408 2407 2407 2407 2407 2408 2408 2408 2408 2409 2409 2409 2409 2410 2410 2410 2410 2411 2411 2411 2411 2410 2410 2410 2410 2412 2412 2412 2412 2409 2409 2409 2409 2412 2412 2412 2412 2410 2410 2410 2410 2412 2412 2412 2412 2409 2409 2409 2409 2413 2413 2413 2413 2413 2413 2413 2413 2409 2409 2409 2409 2414 2414 2414 2414 2407 2407 2407 2407 2414 2414 2414 2414 2409 2409 2409 2409 2414 2414 2414 2414 2407 2407 2407 2407 2415 2415 2415 2415 2405 2405 2405 2405 2415 2415 2415 2415 2407 2407 2407 2407 2415 2415 2415 2415 2405 2405 2405 2405 2416 2416 2416 2416 2402 2402 2402 2402 2416 2416 2416 2416 2405 2405 2405 2405 2416 2416 2416 2416 2402 2402 2402 2402 2417 2417 2417 2417 2401 2401 2401 2401 2417 2417 2417 2417 2402 2402 2402 2402 2417 2417 2417 2417 2401 2401 2401 2401 2418 2418 2418 2418 2419 2419 2419 2419 2418 2418 2418 2418 2401 2401 2401 2401 2418 2418 2418 2418 2419 2419 2419 2419 2420 2420 2420 2420 2421 2421 2421 2421 2420 2420 2420 2420 2419 2419 2419 2419 2420 2420 2420 2420 2421 2421 2421 2421 2422 2422 2422 2422 2423 2423 2423 2423 2422 2422 2422 2422 2421 2421 2421 2421 2422 2422 2422 2422 2423 2423 2423 2423 2424 2424 2424 2424 2425 2425 2425 2425 2401 2401 2401 2401 2403 2403 2403 2403 2401 2401 2401 2401 2425 2425 2425 2425 2419 2419 2419 2419 2426 2426 2426 2426 2419 2419 2419 2419 2425 2425 2425 2425 2419 2419 2419 2419 2426 2426 2426 2426 2421 2421 2421 2421 2427 2427 2427 2427 2421 2421 2421 2421 2426 2426 2426 2426 2421 2421 2421 2421 2427 2427 2427 2427 2423 2423 2423 2423 2428 2428 2428 2428 2423 2423 2423 2423 2427 2427 2427 2427 2423 2423 2423 2423 2428 2428 2428 2428 2429 2429 2429 2429 2430 2430 2430 2430 2429 2429 2429 2429 2428 2428 2428 2428 2429 2429 2429 2429 2430 2430 2430 2430 2431 2431 2431 2431 2432 2432 2432 2432 2431 2431 2431 2431 2430 2430 2430 2430 2431 2431 2431 2431 2432 2432 2432 2432 2433 2433 2433 2433 2434 2434 2434 2434 2433 2433 2433 2433 2432 2432 2432 2432 2433 2433 2433 2433 2434 2434 2434 2434 2435 2435 2435 2435 2436 2436 2436 2436 2435 2435 2435 2435 2434 2434 2434 2434 2435 2435 2435 2435 2436 2436 2436 2436 2437 2437 2437 2437 2438 2438 2438 2438 2437 2437 2437 2437 2436 2436 2436 2436 2439 2439 2439 2439 2437 2437 2437 2437 2438 2438 2438 2438 2423 2423 2423 2423 2429 2429 2429 2429 2424 2424 2424 2424 2424 2424 2424 2424 2429 2429 2429 2429 2440 2440 2440 2440 2431 2431 2431 2431 2440 2440 2440 2440 2429 2429 2429 2429 2440 2440 2440 2440 2431 2431 2431 2431 2441 2441 2441 2441 2433 2433 2433 2433 2441 2441 2441 2441 2431 2431 2431 2431 2441 2441 2441 2441 2433 2433 2433 2433 2442 2442 2442 2442 2435 2435 2435 2435 2442 2442 2442 2442 2433 2433 2433 2433 2442 2442 2442 2442 2435 2435 2435 2435 2443 2443 2443 2443 2437 2437 2437 2437 2443 2443 2443 2443 2435 2435 2435 2435 2443 2443 2443 2443 2437 2437 2437 2437 2444 2444 2444 2444 2439 2439 2439 2439 2444 2444 2444 2444 2437 2437 2437 2437 2444 2444 2444 2444 2439 2439 2439 2439 2445 2445 2445 2445 2446 2446 2446 2446 2447 2447 2447 2447 2448 2448 2448 2448 2448 2448 2448 2448 2447 2447 2447 2447 2449 2449 2449 2449 2450 2450 2450 2450 2449 2449 2449 2449 2447 2447 2447 2447 2449 2449 2449 2449 2450 2450 2450 2450 2451 2451 2451 2451 2452 2452 2452 2452 2451 2451 2451 2451 2450 2450 2450 2450 2451 2451 2451 2451 2452 2452 2452 2452 2453 2453 2453 2453 2454 2454 2454 2454 2453 2453 2453 2453 2452 2452 2452 2452 2453 2453 2453 2453 2454 2454 2454 2454 2455 2455 2455 2455 2456 2456 2456 2456 2455 2455 2455 2455 2457 2457 2457 2457 2454 2454 2454 2454 2457 2457 2457 2457 2455 2455 2455 2455 2457 2457 2457 2457 2454 2454 2454 2454 2458 2458 2458 2458 2458 2458 2458 2458 2454 2454 2454 2454 2459 2459 2459 2459 2452 2452 2452 2452 2459 2459 2459 2459 2454 2454 2454 2454 2459 2459 2459 2459 2452 2452 2452 2452 2460 2460 2460 2460 2450 2450 2450 2450 2460 2460 2460 2460 2452 2452 2452 2452 2460 2460 2460 2460 2450 2450 2450 2450 2461 2461 2461 2461 2447 2447 2447 2447 2461 2461 2461 2461 2450 2450 2450 2450 2461 2461 2461 2461 2447 2447 2447 2447 2462 2462 2462 2462 2446 2446 2446 2446 2462 2462 2462 2462 2447 2447 2447 2447 2462 2462 2462 2462 2446 2446 2446 2446 2463 2463 2463 2463 2464 2464 2464 2464 2463 2463 2463 2463 2446 2446 2446 2446 2463 2463 2463 2463 2464 2464 2464 2464 2465 2465 2465 2465 2466 2466 2466 2466 2465 2465 2465 2465 2464 2464 2464 2464 2465 2465 2465 2465 2466 2466 2466 2466 2467 2467 2467 2467 2468 2468 2468 2468 2467 2467 2467 2467 2466 2466 2466 2466 2467 2467 2467 2467 2468 2468 2468 2468 2469 2469 2469 2469 2470 2470 2470 2470 2446 2446 2446 2446 2448 2448 2448 2448 2446 2446 2446 2446 2470 2470 2470 2470 2464 2464 2464 2464 2471 2471 2471 2471 2464 2464 2464 2464 2470 2470 2470 2470 2464 2464 2464 2464 2471 2471 2471 2471 2466 2466 2466 2466 2472 2472 2472 2472 2466 2466 2466 2466 2471 2471 2471 2471 2466 2466 2466 2466 2472 2472 2472 2472 2468 2468 2468 2468 2473 2473 2473 2473 2468 2468 2468 2468 2472 2472 2472 2472 2468 2468 2468 2468 2473 2473 2473 2473 2474 2474 2474 2474 2475 2475 2475 2475 2474 2474 2474 2474 2473 2473 2473 2473 2474 2474 2474 2474 2475 2475 2475 2475 2476 2476 2476 2476 2477 2477 2477 2477 2476 2476 2476 2476 2475 2475 2475 2475 2476 2476 2476 2476 2477 2477 2477 2477 2478 2478 2478 2478 2479 2479 2479 2479 2478 2478 2478 2478 2477 2477 2477 2477 2478 2478 2478 2478 2479 2479 2479 2479 2480 2480 2480 2480 2481 2481 2481 2481 2480 2480 2480 2480 2479 2479 2479 2479 2480 2480 2480 2480 2481 2481 2481 2481 2482 2482 2482 2482 2483 2483 2483 2483 2482 2482 2482 2482 2481 2481 2481 2481 2484 2484 2484 2484 2482 2482 2482 2482 2483 2483 2483 2483 2468 2468 2468 2468 2474 2474 2474 2474 2469 2469 2469 2469 2469 2469 2469 2469 2474 2474 2474 2474 2485 2485 2485 2485 2476 2476 2476 2476 2485 2485 2485 2485 2474 2474 2474 2474 2485 2485 2485 2485 2476 2476 2476 2476 2486 2486 2486 2486 2478 2478 2478 2478 2486 2486 2486 2486 2476 2476 2476 2476 2486 2486 2486 2486 2478 2478 2478 2478 2487 2487 2487 2487 2480 2480 2480 2480 2487 2487 2487 2487 2478 2478 2478 2478 2487 2487 2487 2487 2480 2480 2480 2480 2488 2488 2488 2488 2482 2482 2482 2482 2488 2488 2488 2488 2480 2480 2480 2480 2488 2488 2488 2488 2482 2482 2482 2482 2489 2489 2489 2489 2484 2484 2484 2484 2489 2489 2489 2489 2482 2482 2482 2482 2489 2489 2489 2489 2484 2484 2484 2484 2490 2490 2490 2490 2491 2491 2491 2491 2492 2492 2492 2492 2493 2493 2493 2493 2493 2493 2493 2493 2492 2492 2492 2492 2494 2494 2494 2494 2495 2495 2495 2495 2494 2494 2494 2494 2492 2492 2492 2492 2494 2494 2494 2494 2495 2495 2495 2495 2496 2496 2496 2496 2497 2497 2497 2497 2496 2496 2496 2496 2495 2495 2495 2495 2496 2496 2496 2496 2497 2497 2497 2497 2498 2498 2498 2498 2499 2499 2499 2499 2498 2498 2498 2498 2497 2497 2497 2497 2498 2498 2498 2498 2499 2499 2499 2499 2500 2500 2500 2500 2501 2501 2501 2501 2500 2500 2500 2500 2502 2502 2502 2502 2499 2499 2499 2499 2502 2502 2502 2502 2500 2500 2500 2500 2502 2502 2502 2502 2499 2499 2499 2499 2503 2503 2503 2503 2503 2503 2503 2503 2499 2499 2499 2499 2504 2504 2504 2504 2497 2497 2497 2497 2504 2504 2504 2504 2499 2499 2499 2499 2504 2504 2504 2504 2497 2497 2497 2497 2505 2505 2505 2505 2495 2495 2495 2495 2505 2505 2505 2505 2497 2497 2497 2497 2505 2505 2505 2505 2495 2495 2495 2495 2506 2506 2506 2506 2492 2492 2492 2492 2506 2506 2506 2506 2495 2495 2495 2495 2506 2506 2506 2506 2492 2492 2492 2492 2507 2507 2507 2507 2491 2491 2491 2491 2507 2507 2507 2507 2492 2492 2492 2492 2507 2507 2507 2507 2491 2491 2491 2491 2508 2508 2508 2508 2509 2509 2509 2509 2508 2508 2508 2508 2491 2491 2491 2491 2508 2508 2508 2508 2509 2509 2509 2509 2510 2510 2510 2510 2511 2511 2511 2511 2510 2510 2510 2510 2509 2509 2509 2509 2510 2510 2510 2510 2511 2511 2511 2511 2512 2512 2512 2512 2513 2513 2513 2513 2512 2512 2512 2512 2511 2511 2511 2511 2512 2512 2512 2512 2513 2513 2513 2513 2514 2514 2514 2514 2515 2515 2515 2515 2491 2491 2491 2491 2493 2493 2493 2493 2491 2491 2491 2491 2515 2515 2515 2515 2509 2509 2509 2509 2516 2516 2516 2516 2509 2509 2509 2509 2515 2515 2515 2515 2509 2509 2509 2509 2516 2516 2516 2516 2511 2511 2511 2511 2517 2517 2517 2517 2511 2511 2511 2511 2516 2516 2516 2516 2511 2511 2511 2511 2517 2517 2517 2517 2513 2513 2513 2513 2518 2518 2518 2518 2513 2513 2513 2513 2517 2517 2517 2517 2513 2513 2513 2513 2518 2518 2518 2518 2519 2519 2519 2519 2520 2520 2520 2520 2519 2519 2519 2519 2518 2518 2518 2518 2519 2519 2519 2519 2520 2520 2520 2520 2521 2521 2521 2521 2522 2522 2522 2522 2521 2521 2521 2521 2520 2520 2520 2520 2521 2521 2521 2521 2522 2522 2522 2522 2523 2523 2523 2523 2524 2524 2524 2524 2523 2523 2523 2523 2522 2522 2522 2522 2523 2523 2523 2523 2524 2524 2524 2524 2525 2525 2525 2525 2526 2526 2526 2526 2525 2525 2525 2525 2524 2524 2524 2524 2525 2525 2525 2525 2526 2526 2526 2526 2527 2527 2527 2527 2528 2528 2528 2528 2527 2527 2527 2527 2526 2526 2526 2526 2529 2529 2529 2529 2527 2527 2527 2527 2528 2528 2528 2528 2513 2513 2513 2513 2519 2519 2519 2519 2514 2514 2514 2514 2514 2514 2514 2514 2519 2519 2519 2519 2530 2530 2530 2530 2521 2521 2521 2521 2530 2530 2530 2530 2519 2519 2519 2519 2530 2530 2530 2530 2521 2521 2521 2521 2531 2531 2531 2531 2523 2523 2523 2523 2531 2531 2531 2531 2521 2521 2521 2521 2531 2531 2531 2531 2523 2523 2523 2523 2532 2532 2532 2532 2525 2525 2525 2525 2532 2532 2532 2532 2523 2523 2523 2523 2532 2532 2532 2532 2525 2525 2525 2525 2533 2533 2533 2533 2527 2527 2527 2527 2533 2533 2533 2533 2525 2525 2525 2525 2533 2533 2533 2533 2527 2527 2527 2527 2534 2534 2534 2534 2529 2529 2529 2529 2534 2534 2534 2534 2527 2527 2527 2527 2534 2534 2534 2534 2529 2529 2529 2529 2535 2535 2535 2535 2536 2536 2536 2536 2537 2537 2537 2537 2538 2538 2538 2538 2538 2538 2538 2538 2537 2537 2537 2537 2539 2539 2539 2539 2540 2540 2540 2540 2539 2539 2539 2539 2537 2537 2537 2537 2539 2539 2539 2539 2540 2540 2540 2540 2541 2541 2541 2541 2542 2542 2542 2542 2541 2541 2541 2541 2540 2540 2540 2540 2541 2541 2541 2541 2542 2542 2542 2542 2543 2543 2543 2543 2544 2544 2544 2544 2543 2543 2543 2543 2542 2542 2542 2542 2543 2543 2543 2543 2544 2544 2544 2544 2545 2545 2545 2545 2546 2546 2546 2546 2545 2545 2545 2545 2547 2547 2547 2547 2544 2544 2544 2544 2547 2547 2547 2547 2545 2545 2545 2545 2547 2547 2547 2547 2544 2544 2544 2544 2548 2548 2548 2548 2548 2548 2548 2548 2544 2544 2544 2544 2549 2549 2549 2549 2542 2542 2542 2542 2549 2549 2549 2549 2544 2544 2544 2544 2549 2549 2549 2549 2542 2542 2542 2542 2550 2550 2550 2550 2540 2540 2540 2540 2550 2550 2550 2550 2542 2542 2542 2542 2550 2550 2550 2550 2540 2540 2540 2540 2551 2551 2551 2551 2537 2537 2537 2537 2551 2551 2551 2551 2540 2540 2540 2540 2551 2551 2551 2551 2537 2537 2537 2537 2552 2552 2552 2552 2536 2536 2536 2536 2552 2552 2552 2552 2537 2537 2537 2537 2552 2552 2552 2552 2536 2536 2536 2536 2553 2553 2553 2553 2554 2554 2554 2554 2553 2553 2553 2553 2536 2536 2536 2536 2553 2553 2553 2553 2554 2554 2554 2554 2555 2555 2555 2555 2556 2556 2556 2556 2555 2555 2555 2555 2554 2554 2554 2554 2555 2555 2555 2555 2556 2556 2556 2556 2557 2557 2557 2557 2558 2558 2558 2558 2557 2557 2557 2557 2556 2556 2556 2556 2557 2557 2557 2557 2558 2558 2558 2558 2559 2559 2559 2559 2560 2560 2560 2560 2536 2536 2536 2536 2538 2538 2538 2538 2536 2536 2536 2536 2560 2560 2560 2560 2554 2554 2554 2554 2561 2561 2561 2561 2554 2554 2554 2554 2560 2560 2560 2560 2554 2554 2554 2554 2561 2561 2561 2561 2556 2556 2556 2556 2562 2562 2562 2562 2556 2556 2556 2556 2561 2561 2561 2561 2556 2556 2556 2556 2562 2562 2562 2562 2558 2558 2558 2558 2563 2563 2563 2563 2558 2558 2558 2558 2562 2562 2562 2562 2558 2558 2558 2558 2563 2563 2563 2563 2564 2564 2564 2564 2565 2565 2565 2565 2564 2564 2564 2564 2563 2563 2563 2563 2564 2564 2564 2564 2565 2565 2565 2565 2566 2566 2566 2566 2567 2567 2567 2567 2566 2566 2566 2566 2565 2565 2565 2565 2566 2566 2566 2566 2567 2567 2567 2567 2568 2568 2568 2568 2569 2569 2569 2569 2568 2568 2568 2568 2567 2567 2567 2567 2568 2568 2568 2568 2569 2569 2569 2569 2570 2570 2570 2570 2571 2571 2571 2571 2570 2570 2570 2570 2569 2569 2569 2569 2570 2570 2570 2570 2571 2571 2571 2571 2572 2572 2572 2572 2573 2573 2573 2573 2572 2572 2572 2572 2571 2571 2571 2571 2574 2574 2574 2574 2572 2572 2572 2572 2573 2573 2573 2573 2558 2558 2558 2558 2564 2564 2564 2564 2559 2559 2559 2559 2559 2559 2559 2559 2564 2564 2564 2564 2575 2575 2575 2575 2566 2566 2566 2566 2575 2575 2575 2575 2564 2564 2564 2564 2575 2575 2575 2575 2566 2566 2566 2566 2576 2576 2576 2576 2568 2568 2568 2568 2576 2576 2576 2576 2566 2566 2566 2566 2576 2576 2576 2576 2568 2568 2568 2568 2577 2577 2577 2577 2570 2570 2570 2570 2577 2577 2577 2577 2568 2568 2568 2568 2577 2577 2577 2577 2570 2570 2570 2570 2578 2578 2578 2578 2572 2572 2572 2572 2578 2578 2578 2578 2570 2570 2570 2570 2578 2578 2578 2578 2572 2572 2572 2572 2579 2579 2579 2579 2574 2574 2574 2574 2579 2579 2579 2579 2572 2572 2572 2572 2579 2579 2579 2579 2574 2574 2574 2574 2580 2580 2580 2580 2581 2581 2581 2581 2582 2582 2582 2582 2583 2583 2583 2583 2583 2583 2583 2583 2582 2582 2582 2582 2584 2584 2584 2584 2585 2585 2585 2585 2584 2584 2584 2584 2582 2582 2582 2582 2584 2584 2584 2584 2585 2585 2585 2585 2586 2586 2586 2586 2587 2587 2587 2587 2586 2586 2586 2586 2585 2585 2585 2585 2586 2586 2586 2586 2587 2587 2587 2587 2588 2588 2588 2588 2589 2589 2589 2589 2588 2588 2588 2588 2587 2587 2587 2587 2588 2588 2588 2588 2589 2589 2589 2589 2590 2590 2590 2590 2591 2591 2591 2591 2590 2590 2590 2590 2592 2592 2592 2592 2589 2589 2589 2589 2592 2592 2592 2592 2590 2590 2590 2590 2592 2592 2592 2592 2589 2589 2589 2589 2593 2593 2593 2593 2593 2593 2593 2593 2589 2589 2589 2589 2594 2594 2594 2594 2587 2587 2587 2587 2594 2594 2594 2594 2589 2589 2589 2589 2594 2594 2594 2594 2587 2587 2587 2587 2595 2595 2595 2595 2585 2585 2585 2585 2595 2595 2595 2595 2587 2587 2587 2587 2595 2595 2595 2595 2585 2585 2585 2585 2596 2596 2596 2596 2582 2582 2582 2582 2596 2596 2596 2596 2585 2585 2585 2585 2596 2596 2596 2596 2582 2582 2582 2582 2597 2597 2597 2597 2581 2581 2581 2581 2597 2597 2597 2597 2582 2582 2582 2582 2597 2597 2597 2597 2581 2581 2581 2581 2598 2598 2598 2598 2599 2599 2599 2599 2598 2598 2598 2598 2581 2581 2581 2581 2598 2598 2598 2598 2599 2599 2599 2599 2600 2600 2600 2600 2601 2601 2601 2601 2600 2600 2600 2600 2599 2599 2599 2599 2600 2600 2600 2600 2601 2601 2601 2601 2602 2602 2602 2602 2603 2603 2603 2603 2602 2602 2602 2602 2601 2601 2601 2601 2602 2602 2602 2602 2603 2603 2603 2603 2604 2604 2604 2604 2605 2605 2605 2605 2581 2581 2581 2581 2583 2583 2583 2583 2581 2581 2581 2581 2605 2605 2605 2605 2599 2599 2599 2599 2606 2606 2606 2606 2599 2599 2599 2599 2605 2605 2605 2605 2599 2599 2599 2599 2606 2606 2606 2606 2601 2601 2601 2601 2607 2607 2607 2607 2601 2601 2601 2601 2606 2606 2606 2606 2601 2601 2601 2601 2607 2607 2607 2607 2603 2603 2603 2603 2608 2608 2608 2608 2603 2603 2603 2603 2607 2607 2607 2607 2603 2603 2603 2603 2608 2608 2608 2608 2609 2609 2609 2609 2610 2610 2610 2610 2609 2609 2609 2609 2608 2608 2608 2608 2609 2609 2609 2609 2610 2610 2610 2610 2611 2611 2611 2611 2612 2612 2612 2612 2611 2611 2611 2611 2610 2610 2610 2610 2611 2611 2611 2611 2612 2612 2612 2612 2613 2613 2613 2613 2614 2614 2614 2614 2613 2613 2613 2613 2612 2612 2612 2612 2613 2613 2613 2613 2614 2614 2614 2614 2615 2615 2615 2615 2616 2616 2616 2616 2615 2615 2615 2615 2614 2614 2614 2614 2615 2615 2615 2615 2616 2616 2616 2616 2617 2617 2617 2617 2618 2618 2618 2618 2617 2617 2617 2617 2616 2616 2616 2616 2619 2619 2619 2619 2617 2617 2617 2617 2618 2618 2618 2618 2603 2603 2603 2603 2609 2609 2609 2609 2604 2604 2604 2604 2604 2604 2604 2604 2609 2609 2609 2609 2620 2620 2620 2620 2611 2611 2611 2611 2620 2620 2620 2620 2609 2609 2609 2609 2620 2620 2620 2620 2611 2611 2611 2611 2621 2621 2621 2621 2613 2613 2613 2613 2621 2621 2621 2621 2611 2611 2611 2611 2621 2621 2621 2621 2613 2613 2613 2613 2622 2622 2622 2622 2615 2615 2615 2615 2622 2622 2622 2622 2613 2613 2613 2613 2622 2622 2622 2622 2615 2615 2615 2615 2623 2623 2623 2623 2617 2617 2617 2617 2623 2623 2623 2623 2615 2615 2615 2615 2623 2623 2623 2623 2617 2617 2617 2617 2624 2624 2624 2624 2619 2619 2619 2619 2624 2624 2624 2624 2617 2617 2617 2617 2624 2624 2624 2624 2619 2619 2619 2619 2625 2625 2625 2625 2626 2626 2626 2626 2627 2627 2627 2627 2628 2628 2628 2628 2628 2628 2628 2628 2627 2627 2627 2627 2629 2629 2629 2629 2630 2630 2630 2630 2629 2629 2629 2629 2627 2627 2627 2627 2629 2629 2629 2629 2630 2630 2630 2630 2631 2631 2631 2631 2632 2632 2632 2632 2631 2631 2631 2631 2630 2630 2630 2630 2631 2631 2631 2631 2632 2632 2632 2632 2633 2633 2633 2633 2634 2634 2634 2634 2633 2633 2633 2633 2632 2632 2632 2632 2633 2633 2633 2633 2634 2634 2634 2634 2635 2635 2635 2635 2636 2636 2636 2636 2635 2635 2635 2635 2637 2637 2637 2637 2634 2634 2634 2634 2637 2637 2637 2637 2635 2635 2635 2635 2637 2637 2637 2637 2634 2634 2634 2634 2638 2638 2638 2638 2638 2638 2638 2638 2634 2634 2634 2634 2639 2639 2639 2639 2632 2632 2632 2632 2639 2639 2639 2639 2634 2634 2634 2634 2639 2639 2639 2639 2632 2632 2632 2632 2640 2640 2640 2640 2630 2630 2630 2630 2640 2640 2640 2640 2632 2632 2632 2632 2640 2640 2640 2640 2630 2630 2630 2630 2641 2641 2641 2641 2627 2627 2627 2627 2641 2641 2641 2641 2630 2630 2630 2630 2641 2641 2641 2641 2627 2627 2627 2627 2642 2642 2642 2642 2626 2626 2626 2626 2642 2642 2642 2642 2627 2627 2627 2627 2642 2642 2642 2642 2626 2626 2626 2626 2643 2643 2643 2643 2644 2644 2644 2644 2643 2643 2643 2643 2626 2626 2626 2626 2643 2643 2643 2643 2644 2644 2644 2644 2645 2645 2645 2645 2646 2646 2646 2646 2645 2645 2645 2645 2644 2644 2644 2644 2645 2645 2645 2645 2646 2646 2646 2646 2647 2647 2647 2647 2648 2648 2648 2648 2647 2647 2647 2647 2646 2646 2646 2646 2647 2647 2647 2647 2648 2648 2648 2648 2649 2649 2649 2649 2650 2650 2650 2650 2626 2626 2626 2626 2628 2628 2628 2628 2626 2626 2626 2626 2650 2650 2650 2650 2644 2644 2644 2644 2651 2651 2651 2651 2644 2644 2644 2644 2650 2650 2650 2650 2644 2644 2644 2644 2651 2651 2651 2651 2646 2646 2646 2646 2652 2652 2652 2652 2646 2646 2646 2646 2651 2651 2651 2651 2646 2646 2646 2646 2652 2652 2652 2652 2648 2648 2648 2648 2653 2653 2653 2653 2648 2648 2648 2648 2652 2652 2652 2652 2648 2648 2648 2648 2653 2653 2653 2653 2654 2654 2654 2654 2655 2655 2655 2655 2654 2654 2654 2654 2653 2653 2653 2653 2654 2654 2654 2654 2655 2655 2655 2655 2656 2656 2656 2656 2657 2657 2657 2657 2656 2656 2656 2656 2655 2655 2655 2655 2656 2656 2656 2656 2657 2657 2657 2657 2658 2658 2658 2658 2659 2659 2659 2659 2658 2658 2658 2658 2657 2657 2657 2657 2658 2658 2658 2658 2659 2659 2659 2659 2660 2660 2660 2660 2661 2661 2661 2661 2660 2660 2660 2660 2659 2659 2659 2659 2660 2660 2660 2660 2661 2661 2661 2661 2662 2662 2662 2662 2663 2663 2663 2663 2662 2662 2662 2662 2661 2661 2661 2661 2664 2664 2664 2664 2662 2662 2662 2662 2663 2663 2663 2663 2648 2648 2648 2648 2654 2654 2654 2654 2649 2649 2649 2649 2649 2649 2649 2649 2654 2654 2654 2654 2665 2665 2665 2665 2656 2656 2656 2656 2665 2665 2665 2665 2654 2654 2654 2654 2665 2665 2665 2665 2656 2656 2656 2656 2666 2666 2666 2666 2658 2658 2658 2658 2666 2666 2666 2666 2656 2656 2656 2656 2666 2666 2666 2666 2658 2658 2658 2658 2667 2667 2667 2667 2660 2660 2660 2660 2667 2667 2667 2667 2658 2658 2658 2658 2667 2667 2667 2667 2660 2660 2660 2660 2668 2668 2668 2668 2662 2662 2662 2662 2668 2668 2668 2668 2660 2660 2660 2660 2668 2668 2668 2668 2662 2662 2662 2662 2669 2669 2669 2669 2664 2664 2664 2664 2669 2669 2669 2669 2662 2662 2662 2662 2669 2669 2669 2669 2664 2664 2664 2664 2670 2670 2670 2670 2671 2671 2671 2671 2672 2672 2672 2672 2673 2673 2673 2673 2673 2673 2673 2673 2672 2672 2672 2672 2674 2674 2674 2674 2675 2675 2675 2675 2674 2674 2674 2674 2672 2672 2672 2672 2674 2674 2674 2674 2675 2675 2675 2675 2676 2676 2676 2676 2677 2677 2677 2677 2676 2676 2676 2676 2675 2675 2675 2675 2676 2676 2676 2676 2677 2677 2677 2677 2678 2678 2678 2678 2679 2679 2679 2679 2678 2678 2678 2678 2677 2677 2677 2677 2678 2678 2678 2678 2679 2679 2679 2679 2680 2680 2680 2680 2681 2681 2681 2681 2680 2680 2680 2680 2682 2682 2682 2682 2679 2679 2679 2679 2682 2682 2682 2682 2680 2680 2680 2680 2682 2682 2682 2682 2679 2679 2679 2679 2683 2683 2683 2683 2683 2683 2683 2683 2679 2679 2679 2679 2684 2684 2684 2684 2677 2677 2677 2677 2684 2684 2684 2684 2679 2679 2679 2679 2684 2684 2684 2684 2677 2677 2677 2677 2685 2685 2685 2685 2675 2675 2675 2675 2685 2685 2685 2685 2677 2677 2677 2677 2685 2685 2685 2685 2675 2675 2675 2675 2686 2686 2686 2686 2672 2672 2672 2672 2686 2686 2686 2686 2675 2675 2675 2675 2686 2686 2686 2686 2672 2672 2672 2672 2687 2687 2687 2687 2671 2671 2671 2671 2687 2687 2687 2687 2672 2672 2672 2672 2687 2687 2687 2687 2671 2671 2671 2671 2688 2688 2688 2688 2689 2689 2689 2689 2688 2688 2688 2688 2671 2671 2671 2671 2688 2688 2688 2688 2689 2689 2689 2689 2690 2690 2690 2690 2691 2691 2691 2691 2690 2690 2690 2690 2689 2689 2689 2689 2690 2690 2690 2690 2691 2691 2691 2691 2692 2692 2692 2692 2693 2693 2693 2693 2692 2692 2692 2692 2691 2691 2691 2691 2692 2692 2692 2692 2693 2693 2693 2693 2694 2694 2694 2694 2695 2695 2695 2695 2671 2671 2671 2671 2673 2673 2673 2673 2671 2671 2671 2671 2695 2695 2695 2695 2689 2689 2689 2689 2696 2696 2696 2696 2689 2689 2689 2689 2695 2695 2695 2695 2689 2689 2689 2689 2696 2696 2696 2696 2691 2691 2691 2691 2697 2697 2697 2697 2691 2691 2691 2691 2696 2696 2696 2696 2691 2691 2691 2691 2697 2697 2697 2697 2693 2693 2693 2693 2698 2698 2698 2698 2693 2693 2693 2693 2697 2697 2697 2697 2693 2693 2693 2693 2698 2698 2698 2698 2699 2699 2699 2699 2700 2700 2700 2700 2699 2699 2699 2699 2698 2698 2698 2698 2699 2699 2699 2699 2700 2700 2700 2700 2701 2701 2701 2701 2702 2702 2702 2702 2701 2701 2701 2701 2700 2700 2700 2700 2701 2701 2701 2701 2702 2702 2702 2702 2703 2703 2703 2703 2704 2704 2704 2704 2703 2703 2703 2703 2702 2702 2702 2702 2703 2703 2703 2703 2704 2704 2704 2704 2705 2705 2705 2705 2706 2706 2706 2706 2705 2705 2705 2705 2704 2704 2704 2704 2705 2705 2705 2705 2706 2706 2706 2706 2707 2707 2707 2707 2708 2708 2708 2708 2707 2707 2707 2707 2706 2706 2706 2706 2709 2709 2709 2709 2707 2707 2707 2707 2708 2708 2708 2708 2693 2693 2693 2693 2699 2699 2699 2699 2694 2694 2694 2694 2694 2694 2694 2694 2699 2699 2699 2699 2710 2710 2710 2710 2701 2701 2701 2701 2710 2710 2710 2710 2699 2699 2699 2699 2710 2710 2710 2710 2701 2701 2701 2701 2711 2711 2711 2711 2703 2703 2703 2703 2711 2711 2711 2711 2701 2701 2701 2701 2711 2711 2711 2711 2703 2703 2703 2703 2712 2712 2712 2712 2705 2705 2705 2705 2712 2712 2712 2712 2703 2703 2703 2703 2712 2712 2712 2712 2705 2705 2705 2705 2713 2713 2713 2713 2707 2707 2707 2707 2713 2713 2713 2713 2705 2705 2705 2705 2713 2713 2713 2713 2707 2707 2707 2707 2714 2714 2714 2714 2709 2709 2709 2709 2714 2714 2714 2714 2707 2707 2707 2707 2714 2714 2714 2714 2709 2709 2709 2709 2715 2715 2715 2715</p>
      </triangles>
    </mesh></geometry>
  </library_geometries>
  <library_visual_scenes>
    <visual_scene id="Scene" name="Scene">
      <node id="vfx_kurp_0257" name="vfx_kurp_0257" type="NODE">
        <instance_geometry url="#vfx_kurp_0257-mesh"><bind_material><technique_common><instance_material symbol="PreviewMaterial" target="#PreviewMaterial"><bind_vertex_input semantic="UVSET0" input_semantic="TEXCOORD" input_set="0"/></instance_material></technique_common></bind_material></instance_geometry>
      </node>
    </visual_scene>
  </library_visual_scenes>
  <scene><instance_visual_scene url="#Scene"/></scene>
</COLLADA>
