<?xml version="1.0" encoding="utf-8"?>
<COLLADA xmlns="http://www.collada.org/2005/11/COLLADASchema" version="1.4.1">
  <asset>
    <contributor><authoring_tool>Morrobroom Kurpulio VFX preview converter</authoring_tool></contributor>
    <unit name="unit" meter="1"/>
    <up_axis>Z_UP</up_axis>
  </asset>
  <library_images>
    <image id="VFXTexture" name="darkmap_newgen-1.dds">
      <init_from>../../../Textures/Kurp/darkmap_newgen-1.dds</init_from>
    </image>
  </library_images>
  <library_effects>
    <effect id="PreviewEffect">
      <profile_COMMON>
        <newparam sid="VFXTexture-surface">
          <surface type="2D"><init_from>VFXTexture</init_from></surface>
        </newparam>
        <newparam sid="VFXTexture-sampler">
          <sampler2D><source>VFXTexture-surface</source></sampler2D>
        </newparam>
        <technique sid="common"><phong>
          <emission><color>0.08 0.08 0.08 1</color></emission>
          <ambient><color>0.2 0.2 0.2 1</color></ambient>
          <diffuse><texture texture="VFXTexture-sampler" texcoord="UVSET0"/></diffuse>
          <specular><color>0.15 0.15 0.15 1</color></specular>
          <shininess><float>8</float></shininess>
          <transparent opaque="A_ONE"><texture texture="VFXTexture-sampler" texcoord="UVSET0"/></transparent>
          <transparency><float>1</float></transparency>
        </phong></technique>
      </profile_COMMON>
      <extra><technique profile="GOOGLEEARTH"><double_sided>1</double_sided></technique></extra>
    </effect>
  </library_effects>
  <library_materials><material id="PreviewMaterial" name="PreviewMaterial"><instance_effect url="#PreviewEffect"/></material></library_materials>
  <library_geometries>
    <geometry id="vfx_kurp_0177-mesh" name="vfx_kurp_0177"><mesh>
      <source id="vfx_kurp_0177-mesh-positions">
        <float_array id="vfx_kurp_0177-mesh-positions-array" count="2316">-3.47574007 -3.34485049 -1.0149318 -3.97929488 -2.93705801 -1.00267663 -3.57266608 -3.52616763 -1.41737587 -4.11760757 -3.0899447 -1.40502127 -4.60126659 -2.58910105 -1.37376407 -4.42680975 -2.47083956 -0.973254926 -4.25235336 -2.35257817 -0.572745846 -3.84098394 -2.78416985 -0.600331952 -3.37881477 -3.1635323 -0.612487609 -2.91364408 -3.66726864 -1.00490928 -2.81671812 -3.48595128 -0.602465174 -2.31485094 -3.91052052 -0.97634338 -2.26348907 -3.70778849 -0.575554434 -1.68940111 -4.06768367 -0.929205487 -1.68659007 -3.85120267 -0.531799108 -1.04898234 -4.13132859 -0.863574487 -1.09642369 -3.90922183 -0.471205278 -0.407792028 -4.09549181 -0.780092713 -0.505832292 -3.87613742 -0.394297878 0.217645072 -3.95643334 -0.680079174 0.0700502054 -3.74824744 -0.302235513 -3.01056915 -3.8485868 -1.40735342 -2.3662128 -4.11325255 -1.37713235 -1.6922121 -4.28416491 -1.32661191 -1.00154098 -4.35343536 -1.2559437 -0.309751599 -4.31484641 -1.16588757 0.365239998 -4.16461921 -1.05792284 1.00356862 -3.90215321 -0.934330559 0.808856326 -3.71337057 -0.565614986 1.58401479 -3.53071109 -0.798244142 1.34598756 -3.36916248 -0.439597387 2.08479716 -3.05799054 -0.653656297 1.80855765 -2.93088595 -0.305751889 0.614144026 -3.52458794 -0.196899427 1.10796027 -3.20761365 -0.0809505763 1.53231771 -2.80378168 0.0421524172 2.17637504 -2.41027744 -0.168600976 1.86823373 -2.32399586 0.16818103 2.413509 -1.81833687 -0.0344278376 2.06467455 -1.82853732 0.280239421 2.50862953 -1.18691295 0.0897202558 2.15268755 -1.25018339 0.394059748 2.4534567 -0.548943635 0.196968281 2.11251894 -0.720420664 0.483796145 2.20894302 0.0457207135 0.273723339 1.89053846 -0.177487743 0.554025847 1.79770234 0.539201409 0.312372431 1.55354097 0.226488203 0.585623468 2.48451639 -2.49655926 -0.505383016 2.76234341 -1.80813739 -0.349095274 2.86457142 -1.12364265 -0.214619288 2.79439421 -0.377466536 -0.0898595918 2.52734758 0.268929137 -0.00657915342 2.04186382 0.851914652 0.0391214163 1.37299094 1.22145761 0.0246741004 1.23725958 0.850976596 0.300648843 0.605894187 1.26583334 -0.0596259586 0.601547778 0.885719314 0.230424526 -0.107890876 0.816496191 -0.225647208 0.0782577094 0.544827616 0.106662916 1.10152833 0.480495602 0.576623629 0.597201389 0.505605206 0.520474989 0.264406308 0.273159043 0.438973037 -3.47574007 -3.34485049 -1.0149318 -3.97929488 -2.93705801 -1.00267663 -3.67703199 -3.68720816 -0.741818618 -4.22197352 -3.25098499 -0.72946401 -4.70563297 -2.75014155 -0.698206926 -4.42680975 -2.47083956 -0.973254926 -4.14798695 -2.19153779 -1.24830303 -3.73661802 -2.62312945 -1.27588918 -3.27444859 -3.00249196 -1.28804485 -2.91364408 -3.66726864 -1.00490928 -2.71235194 -3.32491094 -1.2780224 -2.31485094 -3.91052052 -0.97634338 -2.15912289 -3.54674815 -1.25111164 -1.68940111 -4.06768367 -0.929205487 -1.58222371 -3.69016206 -1.20735623 -1.04898234 -4.13132859 -0.863574487 -0.99205728 -3.74818144 -1.14676246 -0.407792028 -4.09549181 -0.780092713 -0.401466046 -3.71509683 -1.06985504 0.217645072 -3.95643334 -0.680079174 0.174416507 -3.58720685 -0.97779265 -3.11493556 -4.00962718 -0.731796224 -2.47057922 -4.27429294 -0.701575143 -1.79657828 -4.44520525 -0.651054654 -1.10590745 -4.51447552 -0.580386442 -0.414117945 -4.47588654 -0.490330323 0.260873695 -4.32565981 -0.382365687 0.899202357 -4.0631938 -0.258773416 0.808856326 -3.71337057 -0.565614986 1.47964855 -3.69175168 -0.122686979 1.34598756 -3.36916248 -0.439597387 1.98043075 -3.21903092 0.0219008861 1.80855765 -2.93088595 -0.305751889 0.7185103 -3.36354734 -0.872456584 1.21232655 -3.04657305 -0.756507733 1.63668401 -2.64274132 -0.633404786 2.17637504 -2.41027744 -0.168600976 1.97259997 -2.16295527 -0.507376132 2.413509 -1.81833687 -0.0344278376 2.16904096 -1.66749694 -0.395317762 2.50862953 -1.18691295 0.0897202558 2.25705382 -1.08914292 -0.281497435 2.4534567 -0.548943635 0.196968281 2.21688532 -0.559380168 -0.191761017 2.20894302 0.0457207135 0.273723339 1.99490474 -0.0164472626 -0.121531364 1.79770234 0.539201409 0.312372431 1.65790725 0.387528662 -0.0899337473 2.38014998 -2.65759964 0.170174167 2.657977 -1.96917777 0.326461909 2.76020527 -1.2846831 0.460937915 2.69002806 -0.538506989 0.585697611 2.42298119 0.10788867 0.668978014 1.93749743 0.690874155 0.714678578 1.26862454 1.06041717 0.700231273 1.23725958 0.850976596 0.300648843 0.501527917 1.10479286 0.615931224 0.601547778 0.885719314 0.230424526 -0.212257187 0.655455769 0.449909981 0.0782577094 0.544827616 0.106662916 1.2058946 0.641536082 -0.098933583 0.701567717 0.666645691 -0.155082184 0.0782577094 0.544827616 0.106662916 0.368772614 0.434199495 -0.236584145 4.66011441 -1.31879756 -1.35537273 4.54974716 -1.97658923 -1.29890411 4.89414975 -1.28821422 -1.77841697 4.77914659 -1.99734132 -1.71875061 4.57794138 -2.68769458 -1.63353451 4.36113383 -2.61685622 -1.21926094 4.14432614 -2.54601717 -0.804987237 4.32034752 -1.95583992 -0.879057607 4.42607881 -1.34938252 -0.932328134 4.66751618 -0.655754905 -1.3807248 4.43348085 -0.686338389 -0.95768047 4.5880056 -0.00317682867 -1.37929259 4.35748655 -0.0849752557 -0.955532984 4.42043507 0.626468684 -1.35029332 4.20157349 0.494962861 -0.92834515 4.16401915 1.21900572 -1.29299402 3.96472742 1.04066602 -0.875362522 3.82047226 1.75885668 -1.2073724 3.64822469 1.53787427 -0.796476413 3.39458027 2.22960681 -1.09431255 3.25620839 1.97140691 -0.692417098 4.90155226 -0.625170004 -1.80376922 4.81852373 0.0786215888 -1.80305257 4.63929716 0.757974806 -1.77224184 4.36331154 1.39734555 -1.71062528 3.99271965 1.97983903 -1.61826867 3.53295234 2.48780685 -1.49620783 2.99316075 2.90360571 -1.34661031 2.89465891 2.61472995 -0.955765469 2.38652602 3.21048368 -1.17289835 2.33287085 2.89844772 -0.794879103 1.73036898 3.39357773 -0.979819685 1.72536321 3.06669799 -0.616071714 2.79615687 2.32585418 -0.564920901 2.27921568 2.58641189 -0.416859955 1.7203582 2.73981848 -0.252324082 1.09220578 3.10817062 -0.425050145 1.13833862 2.77537129 -0.0766410829 0.460491288 2.99743617 -0.229163816 0.61058362 2.68090526 0.0870769105 -0.13648753 2.74169819 -0.0387841519 0.063347629 2.44743502 0.261559923 -0.665973206 2.35140423 0.135767349 -0.37908149 2.12826258 0.407169985 -1.06547422 1.81924604 0.275749128 -0.744443732 1.64349881 0.535122926 -1.29553026 1.19598551 0.367397435 -0.932605236 1.1329806 0.61010792 1.04607295 3.44096997 -0.773459264 0.310399762 3.3139673 -0.545404815 -0.336322562 3.03596114 -0.339128284 -0.952864977 2.57454612 -0.135635262 -1.3865047 1.9949934 0.016375349 -1.65845542 1.25899051 0.124686935 -1.65494734 0.477569249 0.150847359 -1.2944557 0.540092508 0.389923809 -1.32002817 -0.215086616 0.0731728872 -1.01512752 -0.0328381133 0.32497631 -0.580519443 -0.596446186 -0.138334773 -0.462972995 -0.30626629 0.166659805 -0.933964134 0.602615802 0.629000316 -0.710226806 0.149410434 0.576779689 -0.34542654 -0.0160864211 0.471654372 4.66011441 -1.31879756 -1.35537273 4.54974716 -1.97658923 -1.29890411 5.02801226 -1.32852332 -1.11603003 4.91300885 -2.03765049 -1.0563636 4.71180352 -2.72800423 -0.971147735 4.36113383 -2.61685622 -1.21926094 4.01046378 -2.50570754 -1.46737417 4.18648541 -1.91553052 -1.54144431 4.29221625 -1.30907318 -1.59471503 4.66751618 -0.655754905 -1.3807248 4.29961851 -0.646029037 -1.62006721 4.5880056 -0.00317682867 -1.37929259 4.22362472 -0.0446660468 -1.61791969 4.42043507 0.626468684 -1.35029332 4.06771142 0.535272084 -1.59073188 4.16401915 1.21900572 -1.29299402 3.83086493 1.08097528 -1.53774967 3.82047226 1.75885668 -1.2073724 3.5143624 1.57818356 -1.45886341 3.39458027 2.22960681 -1.09431255 3.12234609 2.01171617 -1.35480398 5.03541432 -0.665479169 -1.14138248 4.95238625 0.0383123462 -1.14066553 4.77315967 0.717665564 -1.10985481 4.49717359 1.35703623 -1.04823833 4.12658195 1.93952977 -0.955881794 3.66681464 2.44749759 -0.833820953 3.12702305 2.86329629 -0.684223221 2.89465891 2.61472995 -0.955765469 2.52038828 3.17017451 -0.510511333 2.33287085 2.89844772 -0.794879103 1.86423152 3.35326837 -0.317432671 1.72536321 3.06669799 -0.616071714 2.66229459 2.36616347 -1.22730789 2.14535338 2.62672115 -1.07924683 1.58649575 2.78012783 -0.91471096 1.09220578 3.10817062 -0.425050145 1.00447636 2.81568044 -0.739028039 0.460491288 2.99743617 -0.229163816 0.476721286 2.72121462 -0.575309889 -0.13648753 2.74169819 -0.0387841519 -0.0705145849 2.48774419 -0.400826995 -0.665973206 2.35140423 0.135767349 -0.512943752 2.16857174 -0.255216954 -1.06547422 1.81924604 0.275749128 -0.878305974 1.68380797 -0.127263996 -1.29553026 1.19598551 0.367397435 -1.06646759 1.17328986 -0.0522789824 1.17993533 3.40066083 -0.111072287 0.444261972 3.27365813 0.116982131 -0.202460309 2.99565198 0.32325867 -0.819002642 2.53423674 0.526751634 -0.665973206 2.35140423 0.135767349 -1.25264254 1.95468423 0.678762241 -1.52459312 1.21868125 0.787073798 -1.29553026 1.19598551 0.367397435 -1.52108504 0.437259987 0.813234237 -1.2944557 0.540092508 0.389923809 -1.18616588 -0.255395868 0.735559827 -1.01512752 -0.0328381133 0.32497631 -0.446657164 -0.636755404 0.52405218 -0.462972995 -0.30626629 0.166659805 -1.2944557 0.540092508 0.389923809 -1.06782643 0.64292507 -0.0333865903 -1.01512752 -0.0328381133 0.32497631 -0.844089041 0.18971968 -0.0856071959 -0.462972995 -0.30626629 0.166659805 -0.479288836 0.0242228291 -0.190732523 -0.93479599 4.77202471 -1.51148624 -0.322384862 5.01929364 -1.52306776 -1.03888461 4.98241582 -1.93414761 -0.380481628 5.25253344 -1.94786048 0.300926642 5.43579836 -1.93366809 0.310494359 5.18747059 -1.50928577 0.320062163 4.93914188 -1.08490362 -0.264285943 4.7860543 -1.09827489 -0.830706058 4.56163433 -1.08882454 -1.50504513 4.43004283 -1.46776424 -1.40095654 4.21965168 -1.04510265 -2.02696869 4.01594529 -1.39794646 -1.88068519 3.83562109 -0.979923912 -2.48938699 3.53526307 -1.30254413 -2.30588562 3.39148272 -0.891567976 -2.87982375 2.9947475 -1.18229822 -2.66514638 2.89306621 -0.780611075 -3.18573656 2.40411874 -1.03881851 -2.94685354 2.34900883 -0.648436335 -3.39526042 1.77628196 -0.874721294 -3.13990498 1.77099154 -0.49737582 -1.60913506 4.64043317 -1.89042571 -2.17325211 4.19626901 -1.81596897 -2.67288869 3.67904385 -1.71352036 -3.09450109 3.09642854 -1.5839853 -3.42461959 2.45922866 -1.42920069 -3.65061559 1.78157221 -1.2520668 -3.76155073 1.08090797 -1.05663218 -3.49803226 1.12735109 -0.693719323 -3.74907411 0.377814251 -0.848126749 -3.48607304 0.476484003 -0.500660973 -3.60832587 -0.304426127 -0.632927399 -3.35467558 -0.154506278 -0.301505079 -3.23451379 1.17379421 -0.330806464 -3.22307197 0.575153753 -0.153195183 -3.10102564 -0.00458567829 0.0299169603 -3.1032628 -0.74174995 -0.103230172 -2.86772118 -0.543048407 0.211999573 -2.7223679 -1.24768278 0.0840384446 -2.54783807 -0.964693614 0.368314192 -2.23323472 -1.64635988 0.250526016 -2.10028097 -1.33065526 0.520995775 -1.65963719 -1.91402032 0.386848351 -1.62693516 -1.55796178 0.635386713 -1.02364063 -1.99101349 0.473212893 -1.04692792 -1.62938469 0.714504346 -0.386524523 -1.86878759 0.500964207 -0.525187171 -1.52901879 0.737149408 -3.33880442 -0.940451509 -0.418459874 -2.89689897 -1.53067154 -0.200237636 -2.36618865 -1.96206462 -0.0199439201 -1.69233932 -2.27007887 0.138309911 -1.00035327 -2.35264203 0.231921503 -0.247861884 -2.20855603 0.26477902 0.418656761 -1.79459379 0.209476309 0.173771156 -1.52299448 0.455122526 0.859125798 -1.13133374 0.0580567916 0.537063344 -0.972324752 0.329166047 0.850127515 -0.270418876 -0.196622559 0.520671412 -0.335470661 0.139794669 -0.0711144558 -1.25139503 0.700768707 0.215000951 -0.813315877 0.600275348 0.191215258 -0.400522483 0.476211867 -0.93479599 4.77202471 -1.51148624 -0.322384862 5.01929364 -1.52306776 -1.12126495 5.08822324 -1.27313871 -0.462861923 5.35834087 -1.28685158 0.218546329 5.54160575 -1.27265895 0.310494359 5.18747059 -1.50928577 0.40244249 4.83333497 -1.74591266 -0.181905702 4.68024738 -1.75928395 -0.748325835 4.45582737 -1.74983336 -1.50504513 4.43004283 -1.46776424 -1.31857633 4.11384475 -1.7061117 -2.02696869 4.01594529 -1.39794646 -1.79830494 3.72981391 -1.64093289 -2.48938699 3.53526307 -1.30254413 -2.22350537 3.28567554 -1.55257696 -2.87982375 2.9947475 -1.18229822 -2.58276615 2.787259 -1.44161994 -3.18573656 2.40411874 -1.03881851 -2.86447329 2.24320165 -1.30944532 -3.39526042 1.77628196 -0.874721294 -3.05752473 1.66518435 -1.15838477 -1.69151542 4.74624057 -1.2294167 -2.25563239 4.30207644 -1.15496006 -2.75526893 3.78485103 -1.05251138 -3.17688132 3.20223574 -0.922976432 -3.50699984 2.56503583 -0.768191646 -3.73299607 1.88737934 -0.591057828 -3.84393097 1.18671515 -0.395623192 -3.49803226 1.12735109 -0.693719323 -3.83145436 0.483621428 -0.187117753 -3.48607304 0.476484003 -0.500660973 -3.69070611 -0.198618973 0.0280815709 -3.35467558 -0.154506278 -0.301505079 -3.15213354 1.06798703 -0.991815446 -3.14069173 0.469346566 -0.814204137 -3.0186454 -0.110392833 -0.631092002 -3.1032628 -0.74174995 -0.103230172 -2.78534094 -0.648855553 -0.449009433 -2.7223679 -1.24768278 0.0840384446 -2.46545759 -1.07050075 -0.292694778 -2.23323472 -1.64635988 0.250526016 -2.01790073 -1.43646246 -0.14001315 -1.65963719 -1.91402032 0.386848351 -1.54455494 -1.66376885 -0.0256222489 -1.02364063 -1.99101349 0.473212893 -0.964547671 -1.73519187 0.0534953637 -0.386524523 -1.86878759 0.500964207 -0.442806871 -1.63482597 0.0761404652 -3.42118466 -0.83464436 0.242549117 -2.97927921 -1.42486443 0.460771393 -2.44856887 -1.85625756 0.641065042 -1.77471969 -2.16427173 0.79931893 -1.08273349 -2.24683497 0.892930464 -0.330242155 -2.10274896 0.925787913 -0.386524523 -1.86878759 0.500964207 0.33627647 -1.68878664 0.870485402 0.173771156 -1.52299448 0.455122526 0.776745519 -1.02552669 0.719065743 0.537063344 -0.972324752 0.329166047 0.767747219 -0.164611752 0.464386419 0.520671412 -0.335470661 0.139794669 0.173771156 -1.52299448 0.455122526 0.0112658377 -1.3572022 0.0397597034 0.537063344 -0.972324752 0.329166047 0.297381223 -0.919122982 -0.0607336842 0.520671412 -0.335470661 0.139794669 0.273595536 -0.506329653 -0.184797132 5.40135616 -0.682481708 1.57187552 5.6233153 -1.15886338 1.08304375 5.81156479 -0.37180464 1.51222289 6.05491526 -0.885113343 0.987295663 6.20052536 -1.39045849 0.430177974 5.75630904 -1.62767097 0.565310417 5.31209312 -1.86488315 0.700443056 5.19171693 -1.43261514 1.17879025 4.99114797 -0.993159946 1.63152693 5.07139205 -0.208842951 2.01098265 4.66118345 -0.519520133 2.07063526 4.65784562 0.251849451 2.39833789 4.27730647 -0.0951550446 2.4261841 4.16588986 0.690625488 2.72516353 3.82258051 0.30888275 2.72639686 3.60193817 1.09731928 2.98174726 3.30248966 0.683387701 2.96234007 2.97567351 1.46092197 3.15874787 2.72559933 1.01826378 3.12531198 2.3003493 1.77002142 3.24786111 2.10387565 1.30293856 3.20748566 5.48160072 0.101835329 1.95133126 5.03838434 0.598853842 2.37049148 4.5091996 1.0723684 2.72393055 3.90138667 1.51125091 3.00115446 3.22574812 1.9035802 3.19218407 2.49682314 2.23710427 3.28823683 1.73295608 2.49980864 3.28245622 1.59288442 2.01334763 3.2425312 0.956157765 2.68056969 3.1706513 0.873753632 2.18040744 3.1386807 0.191714359 2.7698721 2.95200931 0.16663404 2.26218387 2.93541685 1.45281285 1.52688643 3.20260591 0.791349736 1.68024539 3.10670993 0.141554456 1.7544953 2.91882442 -0.502185901 2.2518696 2.63567798 -0.471938622 1.74318003 2.64160708 -1.0920456 2.13302584 2.23676074 -0.963731626 1.64249888 2.30705539 -1.57255425 1.91289171 1.76058738 -1.40469031 1.44139151 1.87118807 -1.91552023 1.60098775 1.23093208 -1.69480499 1.1857298 1.43318015 -2.05329543 1.19603753 0.675268266 -1.82178405 0.816753843 0.926259959 -1.97135414 0.736753989 0.147298231 -1.75437942 0.440568362 0.493939385 -0.532433227 2.76055945 2.62974869 -1.22035895 2.62355305 2.16646685 -1.74041812 2.38439195 1.64998659 -2.13623549 2.01624569 1.02868412 -2.28480701 1.57532107 0.424276511 -2.18832922 1.03293954 -0.199342935 -1.78694136 0.475509157 -0.710531237 -1.63635875 0.268751883 -0.282737943 -1.09171448 0.00231522169 -0.992303206 -1.05894896 -0.122505804 -0.514618197 -0.14107256 -0.223223124 -0.860778501 -0.35491141 -0.282829904 -0.408987607 -1.48577611 0.0619945322 0.145055292 -1.02618332 -0.247326801 -0.0369331954 -0.568750221 -0.342436758 0.0428033233 5.40135616 -0.682481708 1.57187552 5.6233153 -1.15886338 1.08304375 5.59629543 -0.940331706 1.95606216 5.83964544 -1.4536405 1.43113487 5.98525551 -1.95898554 0.874017219 5.75630904 -1.62767097 0.565310417 5.52736287 -1.29635564 0.256603893 5.40698721 -0.864087893 0.734951117 5.20641776 -0.424632691 1.18768782 5.07139205 -0.208842951 2.01098265 4.87645323 0.0490071912 1.62679611 4.65784562 0.251849451 2.39833789 4.49257625 0.473372321 1.98234489 4.16588986 0.690625488 2.72516353 4.03785032 0.87741009 2.28255753 3.60193817 1.09731928 2.98174726 3.51775944 1.25191501 2.51850098 2.97567351 1.46092197 3.15874787 2.9408689 1.58679102 2.68147273 2.3003493 1.77002142 3.24786111 2.31914546 1.87146584 2.76364644 5.26633093 -0.466692008 2.39517047 4.82311455 0.030326491 2.81433068 4.2939298 0.50384104 3.16776987 3.68611685 0.942723608 3.44499379 3.01047811 1.3350529 3.63602313 2.28155312 1.66857681 3.73207611 1.5176863 1.93128139 3.72629532 1.59288442 2.01334763 3.2425312 0.740887883 2.11204213 3.61449057 0.873753632 2.18040744 3.1386807 -0.0235555339 2.20134507 3.39584844 0.16663404 2.26218387 2.93541685 1.66808258 2.09541392 2.75876685 1.00661961 2.24877278 2.66287087 0.356824315 2.32302259 2.47498521 -0.502185901 2.2518696 2.63567798 -0.256668763 2.31170732 2.19776787 -1.0920456 2.13302584 2.23676074 -0.748461766 2.21102617 1.86321618 -1.57255425 1.91289171 1.76058738 -1.18942034 2.00991858 1.42734883 -1.91552023 1.60098775 1.23093208 -1.47953519 1.7542573 0.989341042 -2.05329543 1.19603753 0.675268266 -1.60651416 1.38528126 0.482420782 -1.97135414 0.736753989 0.147298231 -1.53910962 1.00909564 0.0501001592 -0.747703023 2.19203191 3.07358798 -1.43562887 2.05502575 2.61030604 -1.95568798 1.81586466 2.0938258 -2.35150523 1.4477182 1.47252318 -2.5000769 1.00679365 0.868115688 -2.40359902 0.464412266 0.244496262 -2.00221115 -0.0930181789 -0.266692034 -1.63635875 0.268751883 -0.282737943 -1.30698439 -0.566212119 -0.548464015 -1.05894896 -0.122505804 -0.514618197 -0.35634244 -0.791750445 -0.416939317 -0.35491141 -0.282829904 -0.408987607 -1.27050632 0.630521834 -0.298783892 -1.05894896 -0.122505804 -0.514618197 -0.810913529 0.321200513 -0.480772377 -0.35491141 -0.282829904 -0.408987607 -0.353480373 0.226090572 -0.401035863 -2.06893751 4.94140329 1.49423174 -1.72712705 5.41188252 0.952570629 -2.52649759 5.14062487 1.46543415 -2.1603337 5.65115852 0.883578302 -1.7517592 6.0732867 0.270511923 -1.34702442 5.80170015 0.382935873 -0.942290016 5.53011441 0.495360311 -1.29391946 5.17260806 1.02156102 -1.6113769 4.74218309 1.52302779 -2.35284846 4.38002699 1.9859764 -1.8952888 4.18080631 2.014774 -2.58160538 3.75467839 2.42462604 -2.10450247 3.60225006 2.41757557 -2.74928089 3.07506665 2.80040698 -2.25802317 2.97497134 2.76286914 -2.84943867 2.35266857 3.10247805 -2.34985719 2.30908592 3.04070054 -2.87651047 1.6022565 3.32027207 -2.37473693 1.61787123 3.2412431 -2.82636967 0.841898712 3.44421125 -2.32867959 0.917799125 3.35548999 -2.81040953 4.57924807 1.9571804 -3.05870822 3.90710719 2.43167673 -3.24053916 3.1751628 2.83794493 -3.34902003 2.39625125 3.16425558 -3.37828384 1.58664156 3.39930102 -3.32405942 0.765998325 3.53293207 -3.18424963 -0.0428957583 3.55694571 -2.69690141 0.0927199792 3.46647751 -2.95948558 -0.814640877 3.4659008 -2.48855351 -0.621566542 3.38181467 -2.6536127 -1.52197802 3.25790715 -2.20482397 -1.27537408 3.1883092 -2.20955308 0.228336055 3.37600964 -2.0176218 -0.428492378 3.2977287 -1.7560359 -1.02876914 3.11871113 -1.85266011 -1.84217889 2.88812082 -1.43123137 -1.54759481 2.84087699 -1.43715638 -2.27747859 2.47668967 -1.0832817 -1.90958512 2.49571535 -0.980787693 -2.55950246 1.97670486 -0.665343756 -2.16893043 2.03809693 -0.507083768 -2.66970656 1.4129637 -0.272455822 -2.26696471 1.57215886 -0.0494471281 -2.54939547 0.812728697 0.14526478 -2.15857788 1.02462841 0.347679505 -2.20891094 0.233961558 0.470391525 -1.87944968 0.550701137 -2.27408891 -2.13676269 2.9353647 -1.79103173 -2.6453714 2.45766428 -1.2962316 -2.95007445 1.91531256 -0.741711876 -3.07244807 1.25376859 -0.244158959 -2.94021314 0.600828857 0.224967402 -2.53837233 -0.082778091 0.552426502 -1.86650582 -0.655929762 0.623626965 -1.64654268 -0.248095204 0.648969997 -0.992527543 -0.99066688 0.702140228 -0.921701464 -0.523772032 0.378038225 -0.0455250839 -0.885025338 0.495078068 -0.224306945 -0.436569611 0.69482748 -1.42657989 0.159739358 0.755310568 -0.850875486 -0.0568771797 0.612117956 -0.403088853 0.0118860827 -2.06893751 4.94140329 1.49423174 -1.72712705 5.41188252 0.952570629 -1.97159525 5.22942881 1.85277224 -1.60543106 5.73996208 1.27091612 -1.19685668 6.16209021 0.657849949 -1.34702442 5.80170015 0.382935873 -1.49719225 5.44131003 0.108022018 -1.84882182 5.0838041 0.634222993 -2.16627895 4.65337869 1.1356898 -2.35284846 4.38002699 1.9859764 -2.45019085 4.09200241 1.62743601 -2.58160538 3.75467839 2.42462604 -2.65940476 3.51344611 2.03023755 -2.74928089 3.07506665 2.80040698 -2.81292561 2.88616755 2.37553149 -2.84943867 2.35266857 3.10247805 -2.90475958 2.22028174 2.65336233 -2.87651047 1.6022565 3.32027207 -2.92963923 1.52906734 2.85390472 -2.82636967 0.841898712 3.44421125 -2.88358186 0.828995281 2.96815211 -2.25550703 4.66805158 2.34451837 -2.50380611 3.9959111 2.81901472 -2.68563664 3.26396673 3.22528335 -2.79411772 2.48505546 3.55159354 -2.82338168 1.6754457 3.78663919 -2.76915744 0.854802191 3.92027016 -2.6293471 0.0459081768 3.9442834 -2.69690141 0.0927199792 3.46647751 -2.40458331 -0.725837005 3.85323869 -2.48855351 -0.621566542 3.38181467 -2.09871013 -1.4331741 3.64524533 -2.20482397 -1.27537408 3.1883092 -2.76445546 0.139532037 2.98867122 -2.57252439 -0.517296401 2.91039074 -2.3109385 -1.11757329 2.73137338 -1.85266011 -1.84217889 2.88812082 -1.98613379 -1.63639888 2.45353879 -1.43715638 -2.27747859 2.47668967 -1.638184 -1.99838916 2.10837718 -0.980787693 -2.55950246 1.97670486 -1.22024608 -2.25773436 1.65075878 -0.507083768 -2.66970656 1.4129637 -0.827358088 -2.35576851 1.18482075 -0.0494471281 -2.54939547 0.812728697 -0.40963755 -2.24738169 0.637290282 0.347679505 -2.20891094 0.233961558 -0.0845108286 -1.96825352 0.163363125 -1.71918656 -2.04795887 3.32270283 -1.23612948 -2.55656744 2.84500218 -0.741329367 -2.86127082 2.30265088 -0.186809527 -2.98364438 1.64110669 0.310743314 -2.85140921 0.988166997 0.779869668 -2.44956842 0.304560078 1.10732877 -1.77770177 -0.268591642 0.623626965 -1.64654268 -0.248095204 1.20387231 -0.903723593 -0.60332885 0.702140228 -0.921701464 -0.523772032 0.932940538 0.0432788253 -0.497687256 0.495078068 -0.224306945 -0.436569611 0.139925148 -1.51538383 -0.227598757 0.200408339 -0.939679402 -0.444215294 0.495078068 -0.224306945 -0.436569611 0.0572156807 -0.491892725 -0.375451988 -3.32027342 -4.57950647 2.02677605 -3.84365104 -4.50062973 1.53050286 -3.2704049 -5.08485722 2.02007156 -3.83654878 -5.00372719 1.48751176 -4.34460823 -4.83717803 0.914225553 -4.31388093 -4.34419608 0.997577844 -4.2831537 -3.85121395 1.08093041 -3.85075556 -3.99753232 1.57349289 -3.37014309 -4.07415561 2.03347991 -2.74257086 -4.5571211 2.46321703 -2.7924396 -4.05177067 2.46992166 -2.13207338 -4.44992777 2.83945025 -2.22853935 -3.95031742 2.81495455 -1.49915747 -4.25735742 3.14664973 -1.64482994 -3.77140744 3.09693654 -0.855871276 -3.97927342 3.37509844 -1.05205199 -3.51461881 3.30690059 -0.216698842 -3.61805418 3.51570295 -0.46332328 -3.18184195 3.43634207 0.401657494 -3.1791304 3.56071163 0.106047011 -2.7778202 3.47791778 -2.69270124 -5.06247233 2.45651382 -2.03560768 -4.94953761 2.86394553 -1.35348511 -4.74330743 3.1963629 -0.659690563 -4.44392812 3.44329676 0.0299253297 -4.05426646 3.5950638 0.697267802 -3.58044079 3.64350492 1.32245029 -3.03221839 3.58274932 0.980694442 -2.67139928 3.50446656 1.88442219 -2.42328155 3.40998217 1.50070605 -2.10750049 3.34416324 2.36178853 -1.77128966 3.12616234 1.94156729 -1.50390577 3.08056034 0.638938306 -2.31058015 3.42618402 1.11698979 -1.79171929 3.27834408 1.52134514 -1.23652276 3.03495877 2.28367075 -0.880813207 2.71862007 1.8335651 -0.663869998 2.7005769 2.49164037 -0.265942027 2.25842088 2.00559583 -0.150273903 2.31483798 2.55571483 0.308363496 1.72510779 2.06517198 0.376220816 1.82658732 2.46923512 0.810429926 1.14560909 1.99900411 0.796049714 1.34689564 2.1956174 1.1786152 0.553553452 1.75045101 1.13285804 0.806683585 1.760309 1.37647168 0.00624719545 1.39375101 1.29464978 0.358551877 2.73377616 -1.09775624 2.736663 2.97768468 -0.381610784 2.20200436 3.04625793 0.240506162 1.6236283 2.93946615 0.824810023 0.944322515 2.64078405 1.2243723 0.300423309 2.12686687 1.45829349 -0.346057503 1.44011617 1.41991051 -0.852905899 1.18478142 1.34608943 -0.420329351 0.671149164 1.06032433 -1.09834498 0.547619542 1.046401 -0.621931664 -0.020282619 0.317684503 -0.892468009 0.0412805301 0.492414627 -0.460843733 0.929446696 1.27226816 0.0122471948 0.424089858 1.03247773 -0.145518409 0.102843665 0.667144691 -0.0292194877 -3.32027342 -4.57950647 2.02677605 -3.84365104 -4.50062973 1.53050286 -3.64252379 -4.6638248 2.41684068 -4.20866764 -4.58269472 1.88428065 -4.7167275 -4.41614588 1.31099432 -4.31388093 -4.34419608 0.997577844 -3.91103486 -4.27224615 0.68416133 -3.47863654 -4.41856424 1.1767239 -2.99802399 -4.49518771 1.63671064 -2.74257086 -4.5571211 2.46321703 -2.4203205 -4.47280277 2.07315239 -2.13207338 -4.44992777 2.83945025 -1.85642054 -4.37134966 2.41818571 -1.49915747 -4.25735742 3.14664973 -1.27271095 -4.19243957 2.70016725 -0.855871276 -3.97927342 3.37509844 -0.679933139 -3.93565128 2.9101317 -0.216698842 -3.61805418 3.51570295 -0.0912042833 -3.60287412 3.03957302 0.401657494 -3.1791304 3.56071163 0.478165878 -3.19885238 3.08114871 -3.0648201 -4.64143986 2.8532827 -2.40772657 -4.52850518 3.26071465 -1.72560389 -4.32227498 3.59313204 -1.03180929 -4.02289614 3.8400658 -0.342193595 -3.63323452 3.99183281 0.325148935 -3.15940861 4.04027399 0.950331356 -2.6111865 3.97951856 0.980694442 -2.67139928 3.50446656 1.51230335 -2.00224936 3.80675125 1.50070605 -2.10750049 3.34416324 1.98966966 -1.35025752 3.52293165 1.94156729 -1.50390577 3.08056034 1.01105712 -2.73161223 3.02941496 1.48910877 -2.21275158 2.881575 1.89346421 -1.65755491 2.63818974 2.28367075 -0.880813207 2.71862007 2.20568378 -1.08490236 2.30380751 2.49164037 -0.265942027 2.25842088 2.37771489 -0.57130609 1.91806905 2.55571483 0.308363496 1.72510779 2.4372908 -0.0448113327 1.42981825 2.46923512 0.810429926 1.14560909 2.3711232 0.3750175 0.950126531 2.1956174 1.1786152 0.553553452 2.12256984 0.711825839 0.409914529 1.760309 1.37647168 0.00624719545 1.76586984 0.873617618 -0.0382171812 2.36165756 -0.676724062 3.13343211 2.60556584 0.0394214193 2.59877344 2.67413912 0.66153835 2.02039726 2.5673473 1.24584227 1.3410916 2.46923512 0.810429926 1.14560909 2.26866521 1.64540449 0.697192372 1.75474802 1.87932574 0.0507115856 1.06799719 1.84094273 -0.456136774 1.18478142 1.34608943 -0.420329351 0.299030289 1.4813567 -0.701575868 0.547619542 1.046401 -0.621931664 -0.392401485 0.738716739 -0.495698864 0.0412805301 0.492414627 -0.460843733 1.30156566 0.851235965 -0.384521897 0.547619542 1.046401 -0.621931664 0.796208753 0.611445552 -0.542287477 0.0412805301 0.492414627 -0.460843733 0.474962536 0.246112472 -0.425988551</float_array>
        <technique_common><accessor source="#vfx_kurp_0177-mesh-positions-array" count="772" stride="3"><param name="X" type="float"/><param name="Y" type="float"/><param name="Z" type="float"/></accessor></technique_common>
      </source>
      <source id="vfx_kurp_0177-mesh-normals">
        <float_array id="vfx_kurp_0177-mesh-normals-array" count="2316">-0.503882914 -0.73522834 0.453366625 -0.591179187 -0.66541663 0.455771737 -0.500658057 -0.737027986 0.454016803 -0.588360001 -0.667355778 0.45658381 -0.624718812 -0.631911527 0.458709306 -0.626056939 -0.630935559 0.458228141 -0.627621289 -0.629825254 0.457615196 -0.594414336 -0.663226411 0.454755235 -0.507521324 -0.733210888 0.452574745 -0.402540687 -0.794165031 0.455261352 -0.400036826 -0.795156813 0.455736965 -0.301271753 -0.834883002 0.460657902 -0.298629254 -0.835385873 0.461466155 -0.192004046 -0.861328591 0.47036954 -0.1909492 -0.861324411 0.470806396 -0.0752317374 -0.871699719 0.484231129 -0.0754273617 -0.871636202 0.484315027 0.0463080299 -0.863292785 0.502574506 0.0453152988 -0.86345104 0.502393098 0.169058212 -0.833833314 0.525491509 0.16777355 -0.834277772 0.52519771 -0.404797024 -0.793236984 0.454878508 -0.303569869 -0.834412534 0.460001149 -0.192850176 -0.86133103 0.470018794 -0.0749235516 -0.87175288 0.484183207 0.0473656255 -0.863125274 0.502763622 0.170410371 -0.833367733 0.525793235 0.289946744 -0.781075813 0.55303839 0.288730941 -0.781697906 0.552795466 0.401201709 -0.705698349 0.583975195 0.400446216 -0.706113618 0.583991769 0.499077427 -0.607678282 0.617777329 0.498910582 -0.607326207 0.618258125 0.287626974 -0.782247755 0.552593136 0.399867229 -0.706339046 0.584115871 0.498969719 -0.606578569 0.618943988 0.583971353 -0.477521274 0.6564685 0.584429768 -0.475474402 0.657545389 0.639812332 -0.321163251 0.698207954 0.63904833 -0.324223596 0.697492861 0.658286255 -0.154345346 0.736774539 0.659349812 -0.159173839 0.734793519 0.631932592 0.0364631987 0.774165121 0.635830293 0.0271164819 0.771352407 0.540716863 0.240478521 0.806098849 0.541137346 0.239975372 0.805966621 0.375543782 0.426406337 0.822887905 0.377247122 0.425549169 0.822552438 0.583643858 -0.478989174 0.655689879 0.640662776 -0.317302498 0.699192628 0.657587673 -0.150201247 0.73825337 0.628548283 0.0450006024 0.776467644 0.54035839 0.240885356 0.806217747 0.374143197 0.427220274 0.823103703 0.110622137 0.566803577 0.816392337 0.108622413 0.567302497 0.816314307 -0.264071546 0.587572014 0.764869497 -0.285169197 0.582282152 0.761331744 -0.497222206 0.520008352 0.69452242 -0.504542285 0.512841552 0.694572261 0.106963528 0.567603198 0.816324331 -0.308267029 0.573664649 0.758867781 -0.51771371 0.497054101 0.696354604 0.323928753 0.466253922 0.823211664 0.405971908 0.402135927 0.820654315 0.319081127 0.468163306 0.824020846 0.401724507 0.403840247 0.82190661 0.436949189 0.370813579 0.819495391 0.438256051 0.370923064 0.81874765 0.440043332 0.369255563 0.818542726 0.408870329 0.399862625 0.820326115 0.32618521 0.46484946 0.823114931 0.228371657 0.521544973 0.822093199 0.224726255 0.522620137 0.822414921 0.133326113 0.561170147 0.816891801 0.129424819 0.561320169 0.81741598 0.0310822869 0.587573185 0.808573833 0.0280821371 0.587572726 0.808683922 -0.0786408322 0.600242493 0.795942566 -0.0811963418 0.600170375 0.795740332 -0.193903929 0.596518943 0.77882374 -0.196478389 0.596255344 0.778380246 -0.312015748 0.573907175 0.7571504 -0.315002989 0.573119556 0.756509809 0.229564252 0.520902997 0.822168062 0.135434387 0.560301032 0.81714153 0.032205665 0.587290491 0.808735232 -0.0782554253 0.600202103 0.796011007 -0.193934288 0.596513336 0.778820475 -0.312108785 0.573886451 0.757127762 -0.429334747 0.530328648 0.731042544 -0.432934327 0.528518027 0.730230487 -0.541449863 0.464367926 0.700852677 -0.545627157 0.460921539 0.699887377 -0.643602986 0.375255512 0.667052095 -0.648059287 0.369466729 0.66596809 -0.433153941 0.528396025 0.73018854 -0.546455675 0.460271883 0.699668485 -0.649597462 0.36773268 0.665429044 -0.73710351 0.252830578 0.626701775 -0.742545793 0.242157011 0.624488373 -0.805611335 0.0954448147 0.584705622 -0.806015741 0.0931293396 0.584521644 -0.834107009 -0.0706753597 0.547056205 -0.835745939 -0.0736877695 0.544149647 -0.817119828 -0.274068134 0.507150713 -0.81996634 -0.268153973 0.505715976 -0.732839014 -0.488023107 0.474110142 -0.72958135 -0.494025616 0.472916213 -0.560631824 -0.691580232 0.455421499 -0.560569571 -0.692133074 0.454657633 -0.735848522 0.254648338 0.627440178 -0.805354824 0.0959667538 0.584973495 -0.834313593 -0.0737431117 0.546335778 -0.816480685 -0.277650367 0.506230743 -0.732595138 -0.488511696 0.473983847 -0.559913854 -0.692160838 0.455422717 -0.275861926 -0.841945769 0.463710599 -0.276975556 -0.84159892 0.463676395 0.12650308 -0.848379271 0.514052122 0.140339718 -0.842832571 0.519555599 0.360865303 -0.759557918 0.541154323 0.36130768 -0.753862225 0.548769994 -0.277126277 -0.841389166 0.463966915 0.151287086 -0.83815505 0.524030849 0.374979015 -0.751062722 0.54341101 0.378741258 -0.738046971 0.558427908 0.87520234 -0.0490572729 0.48126318 0.864780269 -0.148801937 0.479596779 0.875050066 -0.0416928723 0.482233435 0.865431066 -0.141970398 0.480492951 0.85609339 -0.190191912 0.480552956 0.855983857 -0.191778841 0.480117187 0.855952295 -0.193533174 0.47946906 0.864150919 -0.155766019 0.478518689 0.875344016 -0.0568804283 0.480143177 0.871720046 0.0562832282 0.48676109 0.87152639 0.0558150644 0.487161606 0.855426051 0.15331256 0.494713583 0.855049962 0.153475803 0.495312771 0.82526934 0.250707575 0.506039749 0.825321086 0.250082909 0.506264401 0.779904837 0.347600316 0.520502127 0.780272779 0.346818489 0.520472215 0.718202625 0.441028732 0.538218029 0.718529323 0.440619179 0.538117413 0.639629931 0.527487434 0.559133757 0.639355601 0.527766926 0.559183769 0.871850569 0.0569951398 0.486444384 0.855618098 0.153691585 0.494263661 0.825060424 0.251661007 0.505907139 0.779438539 0.348536642 0.520574464 0.71785349 0.44146905 0.538322808 0.63994933 0.527169336 0.559068284 0.546044051 0.602022237 0.582584862 0.544418016 0.60306682 0.583026101 0.437219778 0.662223169 0.60852226 0.433683137 0.663635187 0.609513966 0.31538558 0.703926653 0.63641119 0.309487789 0.705039747 0.638072303 0.542867121 0.604047937 0.583456407 0.430189992 0.664977595 0.610525487 0.30352676 0.706055346 0.639810406 0.164591275 0.724144182 0.669720028 0.155432154 0.724036355 0.672020984 0.00932789729 0.709302856 0.704842145 0.00501721485 0.708183518 0.706010575 -0.140623934 0.659376573 0.738544138 -0.144067063 0.659024991 0.738194244 -0.294563948 0.560811065 0.77377195 -0.294742814 0.561925813 0.772894594 -0.435091336 0.397175771 0.80805132 -0.438717486 0.391835222 0.808697797 -0.528459775 0.166034709 0.832563956 -0.52950179 0.163382371 0.832426607 0.17407832 0.724003485 0.667469618 0.0140076829 0.710412188 0.703646437 -0.135699478 0.660841864 0.738155595 -0.293560016 0.560932213 0.774065611 -0.430947356 0.403262064 0.807257137 -0.527356811 0.169819968 0.832499833 -0.52806265 -0.148057539 0.836199021 -0.527264499 -0.151258125 0.836129851 -0.339761765 -0.518058962 0.784969333 -0.326411072 -0.530687078 0.782193734 -0.146648973 -0.693185933 0.705682181 -0.135599119 -0.695253399 0.705858052 -0.526467601 -0.153920816 0.836146068 -0.308272512 -0.543986269 0.780414632 -0.112729176 -0.697807587 0.707358964 -0.540698266 0.100442825 0.835198554 -0.520480852 0.204976364 0.828905527 -0.53983996 0.0981629344 0.836024435 -0.519082452 0.204087602 0.830000999 -0.505456866 0.249283514 0.826057556 -0.506229662 0.250233885 0.825296633 -0.505535361 0.252565444 0.825011936 -0.519772926 0.208645579 0.828434142 -0.540501521 0.103081181 0.835004417 -0.545510902 -0.0123750958 0.838012358 -0.544698084 -0.0183143666 0.838432216 -0.534809339 -0.122414058 0.836058473 -0.5327785 -0.126920888 0.83668283 -0.5061302 -0.233843862 0.830150148 -0.504590788 -0.236430682 0.830354544 -0.458408061 -0.345952351 0.818644624 -0.457546463 -0.347142408 0.818622857 -0.390008758 -0.454227241 0.800981137 -0.389767363 -0.454584386 0.800896023 -0.30049751 -0.553261743 0.776918715 -0.300582303 -0.553256128 0.776889912 -0.54549314 -0.0109538318 0.838043703 -0.535059454 -0.11995137 0.836255373 -0.506454475 -0.232617617 0.83029688 -0.458578728 -0.345563257 0.818713372 -0.389983885 -0.454254486 0.800977797 -0.300425234 -0.553336273 0.776893589 -0.191156823 -0.637052179 0.746741983 -0.191159149 -0.636928985 0.746846469 -0.0650446259 -0.699804248 0.711367142 -0.0645860179 -0.699543963 0.711664872 0.0735604757 -0.736740579 0.672162313 0.074785817 -0.736102377 0.672726075 -0.190928488 -0.637053437 0.746799324 -0.0635441544 -0.699895327 0.711413152 0.077132038 -0.736414773 0.672118986 0.231989215 -0.743822061 0.626825132 0.235221973 -0.742587035 0.627084619 0.39943268 -0.707781158 0.582665742 0.39119869 -0.710497166 0.584942187 0.545268142 -0.636121583 0.545923057 0.537818914 -0.642324467 0.546049534 0.691474962 -0.51023504 0.511392786 0.675944111 -0.530048632 0.512003912 0.806352012 -0.334923929 0.487465274 0.80103313 -0.346089051 0.488434534 0.870788045 -0.102982553 0.480752301 0.86874786 -0.122432507 0.479882733 0.229794914 -0.743833987 0.627618752 0.398949598 -0.707851657 0.582911013 0.547834444 -0.634518847 0.545218539 0.693680984 -0.507967687 0.510661847 0.679284888 -0.526186648 0.511565883 0.806560285 -0.334549445 0.487377858 0.870880099 -0.102072652 0.480779604 0.86878142 -0.121303858 0.480108549 0.847039557 0.183732494 0.498764833 0.850826669 0.169401717 0.497390226 0.672228353 0.497079442 0.548653871 0.655919002 0.511938198 0.554697706 0.493603724 0.653713005 0.573598004 0.488940431 0.651469372 0.580107674 0.846930665 0.183738628 0.498947458 0.850748078 0.169121079 0.497620104 0.668493264 0.501526626 0.549170101 0.646747989 0.51906892 0.558824208 0.480564937 0.661876786 0.575305538 0.468542539 0.659182736 0.588171752 -0.370760419 0.791429623 0.485979284 -0.276685656 0.826003228 0.491084225 -0.370667055 0.791197426 0.486428379 -0.277432224 0.825327487 0.491798638 -0.235293955 0.836541617 0.49480792 -0.233952146 0.83715269 0.494410525 -0.232349674 0.837872981 0.493945844 -0.275337467 0.826967883 0.490217707 -0.370501568 0.791889567 0.485427134 -0.463224916 0.742352818 0.484081574 -0.467766923 0.739355566 0.484300994 -0.54237907 0.685745376 0.485364011 -0.546607863 0.68190416 0.48603144 -0.615359163 0.617070988 0.490465592 -0.618472354 0.6134988 0.491030723 -0.681113893 0.535396416 0.499434223 -0.683352792 0.532072943 0.499927341 -0.736625853 0.440768374 0.512938196 -0.738172971 0.437607305 0.513420404 -0.778507103 0.333769118 0.531530682 -0.779463473 0.330618764 0.532097667 -0.458832245 0.74517575 0.483927756 -0.538069722 0.689521945 0.484809717 -0.612098913 0.62071613 0.48994531 -0.67871812 0.538897572 0.498929975 -0.734952384 0.444165 0.512408475 -0.777472733 0.337155632 0.530906987 -0.802621512 0.219173933 0.554762558 -0.803012196 0.215647396 0.55557863 -0.80646656 0.0923817702 0.584018233 -0.806073852 0.0885173688 0.585157774 -0.784939322 -0.0399462495 0.618283558 -0.783423621 -0.0443574068 0.619903098 -0.803362651 0.212295414 0.556362389 -0.805632842 0.0847057762 0.586328112 -0.781764406 -0.0488838684 0.621654873 -0.726213551 -0.188348661 0.661164624 -0.72271115 -0.193946523 0.663380237 -0.625849141 -0.326378034 0.708371535 -0.625533775 -0.326522615 0.70858343 -0.488812914 -0.440377118 0.753080294 -0.490871751 -0.440549999 0.751638625 -0.298048742 -0.527090072 0.795828501 -0.305814899 -0.526277723 0.793416036 -0.0547673722 -0.556417601 0.829095886 -0.0533958641 -0.556516476 0.829118986 0.207120111 -0.500368094 0.840674152 0.204756841 -0.501815952 0.84039002 -0.729509437 -0.182679362 0.659123837 -0.625911507 -0.326373473 0.708318531 -0.488055211 -0.439901587 0.753849258 -0.291555752 -0.527943842 0.797665684 -0.0565193863 -0.556328242 0.829038266 0.209463042 -0.499116093 0.840837891 0.468021808 -0.321480829 0.823168065 0.464170862 -0.325350059 0.823828107 0.647520932 0.0104349462 0.761976216 0.646294115 0.0120212315 0.762993714 0.679637907 0.220860835 0.699508975 0.675843813 0.230094307 0.700208362 0.460708684 -0.328683592 0.824448061 0.644471606 0.0203383292 0.764357705 0.667347869 0.249364128 0.701758045 0.270550281 -0.472649359 0.838692512 0.169948725 -0.516072742 0.839515549 0.276487282 -0.467979882 0.839374537 0.174079821 -0.512746558 0.840706359 0.124692645 -0.528651016 0.83963078 0.124184251 -0.529968432 0.838875279 0.121690484 -0.530775138 0.838730695 0.166350466 -0.517633328 0.839275438 0.268069333 -0.474096979 0.838672098 0.369919273 -0.410210289 0.833598974 0.370795296 -0.408634933 0.833983417 0.450754925 -0.341582843 0.824706711 0.450065335 -0.340551631 0.825509407 0.520633063 -0.260729533 0.81299528 0.518759756 -0.262175219 0.813727516 0.579357686 -0.167844549 0.797604463 0.577048509 -0.171714476 0.79845423 0.624001819 -0.0640372965 0.778794552 0.621974741 -0.0700093927 0.779901344 0.651734606 0.0489654595 0.75686484 0.650568748 0.0414989431 0.758312694 0.368744545 -0.411001034 0.833729939 0.449010471 -0.343073347 0.82503956 0.519897215 -0.26159107 0.813189399 0.57916695 -0.168153026 0.797678007 0.624011815 -0.0640005621 0.778789563 0.651752517 0.0490492911 0.756843989 0.659916818 0.16860114 0.732177198 0.659933845 0.160509765 0.733978158 0.646315912 0.291657164 0.705132499 0.647454698 0.283919508 0.707242622 0.609150847 0.414574569 0.676064473 0.610837907 0.408258451 0.678381964 0.659918083 0.160722994 0.733945668 0.647240376 0.284851261 0.707064109 0.610003051 0.410227488 0.677945194 0.540573304 0.543688258 0.64201525 0.541724163 0.54007539 0.644091224 0.434396978 0.664556854 0.60799955 0.442030077 0.657401905 0.61027219 0.307478319 0.756898451 0.57668173 0.314232009 0.754462646 0.576232904 0.134032428 0.829150606 0.542719616 0.145675573 0.827493817 0.542247739 -0.0718711597 0.855941425 0.512053527 -0.0800493486 0.856066368 0.51062949 -0.304609918 0.816743512 0.490043705 -0.31669559 0.812955169 0.488679645 0.54158999 0.541954672 0.642623853 0.434640825 0.664218959 0.608194482 0.304930105 0.758411871 0.576046061 0.130957309 0.830161678 0.541924138 -0.0723711143 0.855969917 0.511935468 -0.305321234 0.816488036 0.490026766 -0.31784152 0.812414188 0.488835304 -0.550980315 0.677804346 0.486828472 -0.567995603 0.663026883 0.487623162 -0.761565302 0.386706299 0.520073581 -0.777940079 0.339669787 0.52861486 -0.826463457 0.144966156 0.544006404 -0.822318907 0.142635052 0.550860107 -0.550688049 0.677897582 0.487029302 -0.567897125 0.662902379 0.487907052 -0.763977898 0.381388945 0.520461568 -0.779971348 0.328471309 0.53268311 -0.827646628 0.128964448 0.546231846 -0.819540379 0.12110611 0.560077564 0.46300565 -0.467872994 0.752808495 0.493997974 -0.540012815 0.681433901 0.461703801 -0.466749208 0.754304167 0.492585521 -0.538781518 0.683428109 0.502421537 -0.571001516 0.649253315 0.503206719 -0.571745854 0.647988947 0.50415607 -0.572587642 0.646506032 0.495718893 -0.541484943 0.67901166 0.464576218 -0.469213581 0.751004363 0.416817859 -0.393753434 0.819280847 0.414718931 -0.391442842 0.82145037 0.36268641 -0.327390463 0.872510202 0.359901953 -0.325285389 0.874448398 0.296307946 -0.26330468 0.918080741 0.294271865 -0.261963379 0.91911874 0.217243189 -0.201823548 0.955024949 0.215934846 -0.201042039 0.95548639 0.125654541 -0.145078435 0.981408775 0.124940104 -0.144668745 0.981560454 0.0221755606 -0.0953750707 0.995194373 0.0218022185 -0.0951889873 0.995220438 0.418728008 -0.39596024 0.817240689 0.365256257 -0.32947422 0.870651828 0.298260347 -0.264668774 0.917055726 0.21856393 -0.202641972 0.954550176 0.126429249 -0.145517825 0.981244214 0.0225978268 -0.0955756199 0.995165634 -0.0916366461 -0.0552242856 0.994260028 -0.0920126236 -0.0551775522 0.994227899 -0.214293579 -0.0269787137 0.976396646 -0.215032473 -0.0270972229 0.976230903 -0.342497776 -0.013414727 0.939422865 -0.344073672 -0.0138644617 0.938840287 -0.0924144539 -0.0551383168 0.994192806 -0.215934589 -0.0272452686 0.976027637 -0.346002195 -0.0144197316 0.938122888 -0.484580284 -0.01849885 0.874551165 -0.487743019 -0.0195685104 0.872767908 -0.623119913 -0.0506720935 0.780483128 -0.621907082 -0.0503748836 0.781469099 -0.741547822 -0.107892198 0.662167729 -0.740246771 -0.105321807 0.664034664 -0.839122641 -0.200775217 0.505531903 -0.83729861 -0.195908374 0.510441913 -0.888502345 -0.335521101 0.313032224 -0.888819183 -0.337652349 0.30982471 -0.859085482 -0.499862939 0.110041702 -0.858500072 -0.501401295 0.107584235 -0.481771749 -0.0176928874 0.87611811 -0.624756046 -0.0512368837 0.779137129 -0.742312459 -0.10950809 0.661044773 -0.840632843 -0.20453952 0.501497765 -0.888121828 -0.332955916 0.316827993 -0.860085395 -0.497428681 0.113215814 -0.718760148 -0.690637748 -0.0800209389 -0.715660197 -0.693573044 -0.082382738 -0.416063954 -0.886210239 -0.203769962 -0.4024665 -0.892394553 -0.20408988 -0.188960169 -0.956379936 -0.222781221 -0.180861186 -0.959161146 -0.217483625 -0.713025346 -0.696058191 -0.0842487378 -0.385532606 -0.900375859 -0.201712474 -0.164803272 -0.964726986 -0.205284495 -0.837073381 -0.543818103 0.0597496958 -0.869577594 -0.474459136 0.136833244 -0.83608955 -0.545318148 0.0598530014 -0.868591536 -0.476026095 0.137651371 -0.878494407 -0.444944059 0.173989543 -0.879209511 -0.443607661 0.173789753 -0.87969818 -0.441901453 0.17565369 -0.87061139 -0.471788993 0.139466674 -0.838105661 -0.542033488 0.0614703109 -0.789554099 -0.613579048 -0.0111837245 -0.785946875 -0.618117744 -0.014763607 -0.731823387 -0.677750271 -0.0713379308 -0.727944444 -0.681720421 -0.0731720864 -0.661443272 -0.740076414 -0.121571791 -0.658582917 -0.742460657 -0.12255902 -0.577771675 -0.799920493 -0.162194625 -0.576161864 -0.801001239 -0.162586967 -0.481377293 -0.855549975 -0.190552205 -0.481133897 -0.85567027 -0.190626762 -0.373388349 -0.904958904 -0.204035593 -0.374455243 -0.904515967 -0.204044447 -0.790189586 -0.612775577 -0.0103203713 -0.733180801 -0.676427234 -0.0699436292 -0.662255477 -0.739444714 -0.120992554 -0.578077707 -0.799729688 -0.162045024 -0.481349094 -0.855565252 -0.190554845 -0.37330186 -0.90499226 -0.204045904 -0.255738642 -0.945791705 -0.200189403 -0.257860512 -0.945192778 -0.2002962 -0.131125188 -0.975454637 -0.176902336 -0.133849806 -0.975050895 -0.177087494 -0.00273382112 -0.991179695 -0.13249656 -0.00539026274 -0.991181345 -0.132402742 -0.257642211 -0.94526135 -0.200253519 -0.132897015 -0.97523573 -0.176787032 -0.0033224323 -0.991318579 -0.131439857 0.136924324 -0.988803879 -0.0593179434 0.135971486 -0.989009352 -0.0580711317 0.272279047 -0.960976405 0.0488719704 0.265462862 -0.96317762 0.0426420201 0.380099421 -0.908639566 0.172912028 0.378024683 -0.910780617 0.16606025 0.470384145 -0.816216389 0.335454262 0.468122055 -0.822983731 0.321806649 0.512918749 -0.685370235 0.516896506 0.513441947 -0.682793302 0.519779448 0.48441669 -0.516683752 0.705959184 0.483876049 -0.513313023 0.70878326 0.134937167 -0.989015635 -0.0603326985 0.271837242 -0.961112449 0.0486556641 0.381942449 -0.907402514 0.175330097 0.471794381 -0.81428972 0.338145404 0.513004354 -0.685009008 0.517290239 0.484166645 -0.516134834 0.706532019 0.350983542 -0.316763424 0.881176195 0.345471316 -0.311034608 0.885385251 0.066508389 -0.112010269 0.991478862 0.0404881687 -0.10223593 0.993935875 -0.145900336 -0.00878706569 0.989260269 -0.151701221 -0.0150154914 0.988312337 0.345335655 -0.311353147 0.885326213 0.0615031887 -0.108921815 0.992145854 0.0290460289 -0.0998514992 0.994578306 -0.160424347 -0.00380670775 0.987040799 -0.174708632 -0.0148914058 0.984507562 0.22306144 0.619691097 0.752480258 0.261610311 0.67345394 0.691389786 0.222332731 0.617213978 0.754728469 0.26105202 0.671462373 0.693534516 0.280538564 0.692991532 0.664124123 0.280726779 0.693899819 0.663095405 0.280897582 0.69497279 0.661898307 0.262161956 0.675737627 0.688948306 0.22381947 0.622462333 0.749963658 0.190470008 0.553717305 0.81062835 0.190211415 0.552145984 0.811760082 0.167336982 0.484671052 0.8585408 0.167509149 0.483066086 0.859411334 0.151528405 0.406434845 0.901027113 0.151803185 0.406157624 0.901105864 0.143556664 0.318149377 0.937108563 0.14369477 0.318995259 0.936799785 0.145043053 0.220186003 0.964614243 0.144926602 0.221755897 0.964272058 0.157575654 0.113524822 0.980959748 0.157261541 0.115236078 0.980810611 0.190741844 0.555110552 0.809610909 0.167208569 0.48598021 0.857825466 0.151281555 0.406497361 0.901040391 0.143431323 0.317148661 0.937466897 0.145164642 0.218495247 0.964980338 0.157903846 0.111697306 0.981116755 0.182873906 -0.00130331342 0.983135512 0.182589266 -2.12230986e-05 0.98318928 0.22094381 -0.117582341 0.968172622 0.221184238 -0.117542326 0.968122582 0.272418309 -0.233069129 0.933523993 0.273860278 -0.23478652 0.932671345 0.182355273 0.00111917165 0.983232069 0.221550621 -0.117692785 0.968020522 0.275547012 -0.236746814 0.93167848 0.344915707 -0.354245451 0.869219947 0.348448881 -0.358288269 0.866148309 0.434249271 -0.458451001 0.775403283 0.435772474 -0.459608606 0.773861926 0.530642372 -0.533054941 0.658992491 0.530994204 -0.534998027 0.657131849 0.640916476 -0.573892685 0.509777655 0.640132636 -0.574870237 0.509661082 0.759910047 -0.558570362 0.332469355 0.763858602 -0.557099048 0.325823091 0.869728838 -0.469804101 0.151181528 0.871115589 -0.468174852 0.148222598 0.34159892 -0.350128921 0.872192591 0.432774876 -0.45719912 0.776965167 0.528783686 -0.530818359 0.662283688 0.640423093 -0.57320137 0.511173601 0.755300732 -0.56024144 0.340074011 0.867783302 -0.472198704 0.154856461 0.96120252 -0.275209112 -0.018699185 0.9611885 -0.275270728 -0.018511994 0.989553938 0.0728304294 -0.124413553 0.989297665 0.0784468048 -0.123029383 0.946092906 0.293356181 -0.13729663 0.944286116 0.301761653 -0.131391158 0.961178403 -0.275325491 -0.0182195295 0.988798268 0.089814108 -0.119211628 0.940382996 0.318880831 -0.118299772 0.893714477 -0.435615284 0.107302182 0.854965643 -0.488347686 0.174786403 0.894665096 -0.433737514 0.10698661 0.855231358 -0.48736448 0.176224822 0.836311552 -0.507222949 0.208105423 0.835706169 -0.508323154 0.20785276 0.834654269 -0.509377321 0.209492237 0.853404302 -0.490246581 0.177085817 0.892775828 -0.437165218 0.108802085 0.928340992 -0.369064069 0.0444377779 0.930053449 -0.365025996 0.0419118523 0.955290681 -0.295539479 -0.00872533194 0.95619962 -0.29257454 -0.00907881909 0.976049871 -0.211009943 -0.0529287595 0.97614011 -0.21075013 -0.0522959737 0.989470203 -0.114695512 -0.0882816943 0.989268376 -0.117167289 -0.0872920807 0.993673783 -0.00742123322 -0.112059534 0.993707981 -0.0122415592 -0.111331007 0.986588373 0.109028301 -0.121475147 0.987270925 0.102702651 -0.121442519 0.927966928 -0.369908859 0.0452196547 0.954795177 -0.297170073 -0.00749121093 0.975877715 -0.211930675 -0.0524220708 0.989443615 -0.115022186 -0.088154572 0.993673747 -0.00738392313 -0.112062314 0.986577786 0.10911595 -0.121482431 0.966150716 0.231466322 -0.113912843 0.967620619 0.224869366 -0.114647744 0.930643716 0.355360908 -0.0872977657 0.932639663 0.349821734 -0.0883629663 0.878946103 0.475206004 -0.0404104272 0.880730013 0.471859768 -0.0407799447 0.96757517 0.225089462 -0.114599411 0.93232026 0.350753142 -0.0880407066 0.879763378 0.47374484 -0.0397771925 0.803990097 0.593714869 0.033205082 0.803666299 0.594032948 0.0352893274 0.70818397 0.692545628 0.137317213 0.711415918 0.689867675 0.134052164 0.607527306 0.753383933 0.251641059 0.606997948 0.754551178 0.249411329 0.486136451 0.779639937 0.394756786 0.489538661 0.781337053 0.387123119 0.362420569 0.751677325 0.551028612 0.358599957 0.750211326 0.555507909 0.248034889 0.655011194 0.713749977 0.247566559 0.655498126 0.713465491 0.805208473 0.592116608 0.0322061736 0.708562718 0.692205426 0.137078529 0.605624983 0.754210277 0.253742463 0.483813964 0.779844236 0.397198963 0.362089556 0.751578914 0.551380349 0.247737178 0.65457399 0.714254284 0.163437297 0.46469047 0.870259167 0.164383964 0.468341619 0.868120982 0.149227075 0.145792165 0.977995872 0.153576709 0.135153025 0.978850272 0.17120599 -0.0675180972 0.982919028 0.179408674 -0.0694367865 0.981321079 0.164690987 0.468408747 0.868026569 0.157447389 0.124418376 0.979658301 0.174352846 -0.0823050308 0.981237467 0.190885778 -0.0890758525 0.977562332 -0.647561526 -0.0733410634 0.758475549 -0.725455605 -0.0690205278 0.684799483 -0.643260759 -0.072446909 0.76221194 -0.721400756 -0.0684690124 0.689124766 -0.755932274 -0.0630552556 0.65160604 -0.757019488 -0.0634079875 0.650308328 -0.758226565 -0.0639641461 0.648845948 -0.729666983 -0.0697448221 0.680236542 -0.652186025 -0.074367589 0.754402313 -0.558835928 -0.0656861978 0.826672686 -0.557514319 -0.0650445177 0.827615246 -0.472097883 -0.0482182148 0.880226444 -0.470111497 -0.0470262818 0.88135334 -0.38081443 -0.0197448953 0.924440647 -0.379457885 -0.0188951048 0.925016048 -0.285833497 0.019837205 0.958073952 -0.284819635 0.0204346109 0.958363293 -0.18991589 0.0707432483 0.979248359 -0.189016202 0.0712603471 0.979384929 -0.0961392083 0.13272486 0.986479277 -0.0952169216 0.133369788 0.986481747 -0.559954783 -0.0662129921 0.825873162 -0.473788697 -0.0492035883 0.879262917 -0.382055951 -0.0204841093 0.923912145 -0.286862124 0.0192563029 0.957778323 -0.190896581 0.0701752303 0.97909853 -0.0971484811 0.132008967 0.98647646 -0.00874540252 0.204110314 0.97890883 -0.00770985609 0.205127061 0.978704985 0.0711652913 0.285493489 0.95573478 0.0721652888 0.286961554 0.955219994 0.13946214 0.374862811 0.916530515 0.140314683 0.376946217 0.915545378 -0.00672527578 0.206114644 0.978504739 0.0731648701 0.288508455 0.954677837 0.141199797 0.379277732 0.914445744 0.197384985 0.480333348 0.85458706 0.198115123 0.483424731 0.852672814 0.230993486 0.592539155 0.771711967 0.230621917 0.59089826 0.773080059 0.236717944 0.701620317 0.672081502 0.238189559 0.698447566 0.674860527 0.206369244 0.814660831 0.541977366 0.21065108 0.80885998 0.548973274 0.120825688 0.917561127 0.378791145 0.121032315 0.917484747 0.378910171 -0.029450551 0.980079701 0.196408873 -0.0295315191 0.980236461 0.195612808 0.196567745 0.47754086 0.85633863 0.231346019 0.594675848 0.769960814 0.235725585 0.704242457 0.669683515 0.202650834 0.819936319 0.535384975 0.120702663 0.917571026 0.378806388 -0.0286223413 0.979848839 0.197679071 -0.258098713 0.966027113 0.0132917894 -0.266467523 0.963809688 0.00812067743 -0.565323908 0.815565208 -0.123540566 -0.59129656 0.796128515 -0.128638118 -0.748814901 0.643091811 -0.160340784 -0.754710678 0.637268035 -0.155888566 -0.273269917 0.961928821 0.00406145733 -0.616487954 0.776525961 -0.130192299 -0.765448111 0.627027689 -0.144656371 -0.0758907011 0.985711191 0.150379683 -0.00118733037 0.974773138 0.223194801 -0.0783687501 0.985598239 0.149848092 -0.00442969745 0.974929473 0.222469997 0.0271165368 0.966125634 0.256643629 0.0285735066 0.96612929 0.256471733 0.0302192404 0.965627644 0.258166711 0.00154325662 0.974210841 0.22563434 -0.0738643261 0.985611541 0.152032729 -0.15902071 0.983920859 0.0813151749 -0.165229673 0.983218754 0.0773306987 -0.24249258 0.969924763 0.0210547744 -0.249727681 0.968151673 0.0178444424 -0.330907712 0.943143256 -0.031319068 -0.337898987 0.940554882 -0.0343626006 -0.42362572 0.902655647 -0.0758553424 -0.430484767 0.89917752 -0.0785025657 -0.518352986 0.848112845 -0.109611971 -0.524991329 0.843769042 -0.111525369 -0.612312415 0.779903467 -0.129707706 -0.618474859 0.774884634 -0.130547513 -0.158018278 0.984011853 0.0821638415 -0.240665478 0.970347716 0.0224819258 -0.329939788 0.943502774 -0.0306961152 -0.423294604 0.902825591 -0.0756811155 -0.518372633 0.848100653 -0.109613389 -0.612386836 0.779842307 -0.129724087 -0.702267349 0.699282129 -0.13351058 -0.707583826 0.693988783 -0.133059006 -0.784775333 0.60827678 -0.118857204 -0.788945569 0.603203578 -0.11709113 -0.856538363 0.50918367 -0.0841072083 -0.859418065 0.504795822 -0.0811280923 -0.707752032 0.693823294 -0.133027434 -0.789538146 0.602474811 -0.116848696 -0.860456062 0.50315413 -0.0803199033 -0.918283742 0.39526791 -0.0227650836 -0.920482311 0.390359183 -0.0182215223 -0.958699408 0.274753872 0.0735238392 -0.957553877 0.27986347 0.0690435483 -0.967781708 0.16828745 0.187290947 -0.968609842 0.17204956 0.179426648 -0.937141831 0.0588092593 0.343957352 -0.944395122 0.0679449035 0.321716247 -0.851617776 -0.0273925049 0.52344705 -0.856636782 -0.0244156944 0.515341923 -0.693809709 -0.0711392489 0.716636096 -0.702490858 -0.0712650846 0.708115727 -0.917519022 0.396989358 -0.0236282584 -0.958590493 0.275189676 0.0733137722 -0.967682127 0.166306088 0.189561564 -0.936326535 0.0569810133 0.346476239 -0.943048673 0.0657368647 0.326094872 -0.851397814 -0.0275907596 0.523794341 -0.693146499 -0.0711627602 0.717275255 -0.452546341 -0.0416899299 0.890765827 -0.453391741 -0.0419042485 0.890325763 -0.137569474 0.100967891 0.985332495 -0.113279775 0.119382484 0.986364798 0.0567426015 0.225650266 0.972554489 0.0541873454 0.232822629 0.971008422 -0.453689159 -0.0416604122 0.890185687 -0.132749392 0.103442687 0.985736887 -0.1057875 0.127355352 0.986199584 0.0675819649 0.234852715 0.969678751 0.0646937464 0.25060287 0.965925939</float_array>
        <technique_common><accessor source="#vfx_kurp_0177-mesh-normals-array" count="772" stride="3"><param name="X" type="float"/><param name="Y" type="float"/><param name="Z" type="float"/></accessor></technique_common>
      </source>
      <source id="vfx_kurp_0177-mesh-uv0">
        <float_array id="vfx_kurp_0177-mesh-uv0-array" count="1544">0.5 -0.700000048 0.5 -0.600000143 1 -0.700000048 1 -0.600000143 1 -0.500000119 0.5 -0.500000119 0 -0.500000119 -5.9604659e-09 -0.600000143 -1.19209247e-08 -0.700000048 0.49999997 -0.800000072 -1.78813906e-08 -0.800000072 0.49999997 -0.900000095 -2.38418565e-08 -0.900000095 0.49999997 -1 -2.98023224e-08 -1 0.49999997 -1.10000014 -3.57627883e-08 -1.10000014 0.49999997 -1.20000005 -4.17232471e-08 -1.20000005 0.49999994 -1.29999995 -4.7683713e-08 -1.29999995 1 -0.800000072 1 -0.900000095 1 -1 0.99999994 -1.10000014 0.99999994 -1.20000005 0.99999994 -1.29999995 0.99999994 -1.4000001 0.49999994 -1.4000001 0.99999994 -1.5 0.49999994 -1.5 0.99999994 -1.5999999 0.49999994 -1.5999999 -5.36441789e-08 -1.4000001 -5.96046448e-08 -1.5 -6.55651036e-08 -1.5999999 0.49999994 -1.70000005 -7.15255766e-08 -1.70000005 0.499999911 -1.79999995 -7.74860354e-08 -1.79999995 0.499999911 -1.9000001 -8.34465013e-08 -1.9000001 0.499999911 -2 -8.94069672e-08 -2 0.499999911 -2.10000014 -9.53674331e-08 -2.10000014 0.499999911 -2.20000005 -1.01327899e-07 -2.20000005 0.99999994 -1.70000005 0.99999994 -1.79999995 0.99999994 -1.9000001 0.999999881 -2 0.999999881 -2.10000014 0.999999881 -2.20000005 0.999999881 -2.29999995 0.499999881 -2.29999995 0.999999881 -2.4000001 0.499999881 -2.4000001 0.999999881 -2.5 0.499999881 -2.5 -1.07288358e-07 -2.29999995 -1.13248824e-07 -2.4000001 -1.1920929e-07 -2.5 0.5 -0.700000048 0.5 -0.600000143 1 -0.700000048 1 -0.600000143 1 -0.500000119 0.5 -0.500000119 0 -0.500000119 -5.9604659e-09 -0.600000143 -1.19209247e-08 -0.700000048 0.49999997 -0.800000072 -1.78813906e-08 -0.800000072 0.49999997 -0.900000095 -2.38418565e-08 -0.900000095 0.49999997 -1 -2.98023224e-08 -1 0.49999997 -1.10000014 -3.57627883e-08 -1.10000014 0.49999997 -1.20000005 -4.17232471e-08 -1.20000005 0.49999994 -1.29999995 -4.7683713e-08 -1.29999995 1 -0.800000072 1 -0.900000095 1 -1 0.99999994 -1.10000014 0.99999994 -1.20000005 0.99999994 -1.29999995 0.99999994 -1.4000001 0.49999994 -1.4000001 0.99999994 -1.5 0.49999994 -1.5 0.99999994 -1.5999999 0.49999994 -1.5999999 -5.36441789e-08 -1.4000001 -5.96046448e-08 -1.5 -6.55651036e-08 -1.5999999 0.49999994 -1.70000005 -7.15255766e-08 -1.70000005 0.499999911 -1.79999995 -7.74860354e-08 -1.79999995 0.499999911 -1.9000001 -8.34465013e-08 -1.9000001 0.499999911 -2 -8.94069672e-08 -2 0.499999911 -2.10000014 -9.53674331e-08 -2.10000014 0.499999911 -2.20000005 -1.01327899e-07 -2.20000005 0.99999994 -1.70000005 0.99999994 -1.79999995 0.99999994 -1.9000001 0.999999881 -2 0.999999881 -2.10000014 0.999999881 -2.20000005 0.999999881 -2.29999995 0.499999881 -2.29999995 0.999999881 -2.4000001 0.499999881 -2.4000001 0.999999881 -2.5 0.499999881 -2.5 -1.07288358e-07 -2.29999995 -1.13248824e-07 -2.4000001 0.499999881 -2.5 -1.1920929e-07 -2.5 0.5 -0.700000048 0.5 -0.600000143 1 -0.700000048 1 -0.600000143 1 -0.500000119 0.5 -0.500000119 0 -0.500000119 -5.9604659e-09 -0.600000143 -1.19209247e-08 -0.700000048 0.49999997 -0.800000072 -1.78813906e-08 -0.800000072 0.49999997 -0.900000095 -2.38418565e-08 -0.900000095 0.49999997 -1 -2.98023224e-08 -1 0.49999997 -1.10000014 -3.57627883e-08 -1.10000014 0.49999997 -1.20000005 -4.17232471e-08 -1.20000005 0.49999994 -1.29999995 -4.7683713e-08 -1.29999995 1 -0.800000072 1 -0.900000095 1 -1 0.99999994 -1.10000014 0.99999994 -1.20000005 0.99999994 -1.29999995 0.99999994 -1.4000001 0.49999994 -1.4000001 0.99999994 -1.5 0.49999994 -1.5 0.99999994 -1.5999999 0.49999994 -1.5999999 -5.36441789e-08 -1.4000001 -5.96046448e-08 -1.5 -6.55651036e-08 -1.5999999 0.49999994 -1.70000005 -7.15255766e-08 -1.70000005 0.499999911 -1.79999995 -7.74860354e-08 -1.79999995 0.499999911 -1.9000001 -8.34465013e-08 -1.9000001 0.499999911 -2 -8.94069672e-08 -2 0.499999911 -2.10000014 -9.53674331e-08 -2.10000014 0.499999911 -2.20000005 -1.01327899e-07 -2.20000005 0.99999994 -1.70000005 0.99999994 -1.79999995 0.99999994 -1.9000001 0.999999881 -2 0.999999881 -2.10000014 0.999999881 -2.20000005 0.999999881 -2.29999995 0.499999881 -2.29999995 0.999999881 -2.4000001 0.499999881 -2.4000001 0.999999881 -2.5 0.499999881 -2.5 -1.07288358e-07 -2.29999995 -1.13248824e-07 -2.4000001 -1.1920929e-07 -2.5 0.5 -0.700000048 0.5 -0.600000143 1 -0.700000048 1 -0.600000143 1 -0.500000119 0.5 -0.500000119 0 -0.500000119 -5.9604659e-09 -0.600000143 -1.19209247e-08 -0.700000048 0.49999997 -0.800000072 -1.78813906e-08 -0.800000072 0.49999997 -0.900000095 -2.38418565e-08 -0.900000095 0.49999997 -1 -2.98023224e-08 -1 0.49999997 -1.10000014 -3.57627883e-08 -1.10000014 0.49999997 -1.20000005 -4.17232471e-08 -1.20000005 0.49999994 -1.29999995 -4.7683713e-08 -1.29999995 1 -0.800000072 1 -0.900000095 1 -1 0.99999994 -1.10000014 0.99999994 -1.20000005 0.99999994 -1.29999995 0.99999994 -1.4000001 0.49999994 -1.4000001 0.99999994 -1.5 0.49999994 -1.5 0.99999994 -1.5999999 0.49999994 -1.5999999 -5.36441789e-08 -1.4000001 -5.96046448e-08 -1.5 -6.55651036e-08 -1.5999999 0.49999994 -1.70000005 -7.15255766e-08 -1.70000005 0.499999911 -1.79999995 -7.74860354e-08 -1.79999995 0.499999911 -1.9000001 -8.34465013e-08 -1.9000001 0.499999911 -2 -8.94069672e-08 -2 0.499999911 -2.10000014 -9.53674331e-08 -2.10000014 0.499999911 -2.20000005 -1.01327899e-07 -2.20000005 0.99999994 -1.70000005 0.99999994 -1.79999995 0.99999994 -1.9000001 0.999999881 -2 0.499999911 -2 0.999999881 -2.10000014 0.999999881 -2.20000005 0.499999911 -2.20000005 0.999999881 -2.29999995 0.499999881 -2.29999995 0.999999881 -2.4000001 0.499999881 -2.4000001 0.999999881 -2.5 0.499999881 -2.5 0.499999881 -2.29999995 -1.07288358e-07 -2.29999995 0.499999881 -2.4000001 -1.13248824e-07 -2.4000001 0.499999881 -2.5 -1.1920929e-07 -2.5 0.5 -0.700000048 0.5 -0.600000143 1 -0.700000048 1 -0.600000143 1 -0.500000119 0.5 -0.500000119 0 -0.500000119 -5.9604659e-09 -0.600000143 -1.19209247e-08 -0.700000048 0.49999997 -0.800000072 -1.78813906e-08 -0.800000072 0.49999997 -0.900000095 -2.38418565e-08 -0.900000095 0.49999997 -1 -2.98023224e-08 -1 0.49999997 -1.10000014 -3.57627883e-08 -1.10000014 0.49999997 -1.20000005 -4.17232471e-08 -1.20000005 0.49999994 -1.29999995 -4.7683713e-08 -1.29999995 1 -0.800000072 1 -0.900000095 1 -1 0.99999994 -1.10000014 0.99999994 -1.20000005 0.99999994 -1.29999995 0.99999994 -1.4000001 0.49999994 -1.4000001 0.99999994 -1.5 0.49999994 -1.5 0.99999994 -1.5999999 0.49999994 -1.5999999 -5.36441789e-08 -1.4000001 -5.96046448e-08 -1.5 -6.55651036e-08 -1.5999999 0.49999994 -1.70000005 -7.15255766e-08 -1.70000005 0.499999911 -1.79999995 -7.74860354e-08 -1.79999995 0.499999911 -1.9000001 -8.34465013e-08 -1.9000001 0.499999911 -2 -8.94069672e-08 -2 0.499999911 -2.10000014 -9.53674331e-08 -2.10000014 0.499999911 -2.20000005 -1.01327899e-07 -2.20000005 0.99999994 -1.70000005 0.99999994 -1.79999995 0.99999994 -1.9000001 0.999999881 -2 0.999999881 -2.10000014 0.999999881 -2.20000005 0.999999881 -2.29999995 0.499999881 -2.29999995 0.999999881 -2.4000001 0.499999881 -2.4000001 0.999999881 -2.5 0.499999881 -2.5 -1.07288358e-07 -2.29999995 -1.13248824e-07 -2.4000001 -1.1920929e-07 -2.5 0.5 -0.700000048 0.5 -0.600000143 1 -0.700000048 1 -0.600000143 1 -0.500000119 0.5 -0.500000119 0 -0.500000119 -5.9604659e-09 -0.600000143 -1.19209247e-08 -0.700000048 0.49999997 -0.800000072 -1.78813906e-08 -0.800000072 0.49999997 -0.900000095 -2.38418565e-08 -0.900000095 0.49999997 -1 -2.98023224e-08 -1 0.49999997 -1.10000014 -3.57627883e-08 -1.10000014 0.49999997 -1.20000005 -4.17232471e-08 -1.20000005 0.49999994 -1.29999995 -4.7683713e-08 -1.29999995 1 -0.800000072 1 -0.900000095 1 -1 0.99999994 -1.10000014 0.99999994 -1.20000005 0.99999994 -1.29999995 0.99999994 -1.4000001 0.49999994 -1.4000001 0.99999994 -1.5 0.49999994 -1.5 0.99999994 -1.5999999 0.49999994 -1.5999999 -5.36441789e-08 -1.4000001 -5.96046448e-08 -1.5 -6.55651036e-08 -1.5999999 0.49999994 -1.70000005 -7.15255766e-08 -1.70000005 0.499999911 -1.79999995 -7.74860354e-08 -1.79999995 0.499999911 -1.9000001 -8.34465013e-08 -1.9000001 0.499999911 -2 -8.94069672e-08 -2 0.499999911 -2.10000014 -9.53674331e-08 -2.10000014 0.499999911 -2.20000005 -1.01327899e-07 -2.20000005 0.99999994 -1.70000005 0.99999994 -1.79999995 0.99999994 -1.9000001 0.999999881 -2 0.999999881 -2.10000014 0.999999881 -2.20000005 0.499999911 -2.20000005 0.999999881 -2.29999995 0.499999881 -2.29999995 0.999999881 -2.4000001 0.499999881 -2.4000001 0.999999881 -2.5 0.499999881 -2.5 0.499999881 -2.29999995 -1.07288358e-07 -2.29999995 0.499999881 -2.4000001 -1.13248824e-07 -2.4000001 0.499999881 -2.5 -1.1920929e-07 -2.5 0.5 -0.700000048 0.5 -0.600000143 1 -0.700000048 1 -0.600000143 1 -0.500000119 0.5 -0.500000119 0 -0.500000119 -5.9604659e-09 -0.600000143 -1.19209247e-08 -0.700000048 0.49999997 -0.800000072 -1.78813906e-08 -0.800000072 0.49999997 -0.900000095 -2.38418565e-08 -0.900000095 0.49999997 -1 -2.98023224e-08 -1 0.49999997 -1.10000014 -3.57627883e-08 -1.10000014 0.49999997 -1.20000005 -4.17232471e-08 -1.20000005 0.49999994 -1.29999995 -4.7683713e-08 -1.29999995 1 -0.800000072 1 -0.900000095 1 -1 0.99999994 -1.10000014 0.99999994 -1.20000005 0.99999994 -1.29999995 0.99999994 -1.4000001 0.49999994 -1.4000001 0.99999994 -1.5 0.49999994 -1.5 0.99999994 -1.5999999 0.49999994 -1.5999999 -5.36441789e-08 -1.4000001 -5.96046448e-08 -1.5 -6.55651036e-08 -1.5999999 0.49999994 -1.70000005 -7.15255766e-08 -1.70000005 0.499999911 -1.79999995 -7.74860354e-08 -1.79999995 0.499999911 -1.9000001 -8.34465013e-08 -1.9000001 0.499999911 -2 -8.94069672e-08 -2 0.499999911 -2.10000014 -9.53674331e-08 -2.10000014 0.499999911 -2.20000005 -1.01327899e-07 -2.20000005 0.99999994 -1.70000005 0.99999994 -1.79999995 0.99999994 -1.9000001 0.999999881 -2 0.999999881 -2.10000014 0.999999881 -2.20000005 0.999999881 -2.29999995 0.499999881 -2.29999995 0.999999881 -2.4000001 0.499999881 -2.4000001 0.999999881 -2.5 0.499999881 -2.5 -1.07288358e-07 -2.29999995 -1.13248824e-07 -2.4000001 -1.1920929e-07 -2.5 0.5 -0.700000048 0.5 -0.600000143 1 -0.700000048 1 -0.600000143 1 -0.500000119 0.5 -0.500000119 0 -0.500000119 -5.9604659e-09 -0.600000143 -1.19209247e-08 -0.700000048 0.49999997 -0.800000072 -1.78813906e-08 -0.800000072 0.49999997 -0.900000095 -2.38418565e-08 -0.900000095 0.49999997 -1 -2.98023224e-08 -1 0.49999997 -1.10000014 -3.57627883e-08 -1.10000014 0.49999997 -1.20000005 -4.17232471e-08 -1.20000005 0.49999994 -1.29999995 -4.7683713e-08 -1.29999995 1 -0.800000072 1 -0.900000095 1 -1 0.99999994 -1.10000014 0.99999994 -1.20000005 0.99999994 -1.29999995 0.99999994 -1.4000001 0.49999994 -1.4000001 0.99999994 -1.5 0.49999994 -1.5 0.99999994 -1.5999999 0.49999994 -1.5999999 -5.36441789e-08 -1.4000001 -5.96046448e-08 -1.5 -6.55651036e-08 -1.5999999 0.49999994 -1.70000005 -7.15255766e-08 -1.70000005 0.499999911 -1.79999995 -7.74860354e-08 -1.79999995 0.499999911 -1.9000001 -8.34465013e-08 -1.9000001 0.499999911 -2 -8.94069672e-08 -2 0.499999911 -2.10000014 -9.53674331e-08 -2.10000014 0.499999911 -2.20000005 -1.01327899e-07 -2.20000005 0.99999994 -1.70000005 0.99999994 -1.79999995 0.99999994 -1.9000001 0.999999881 -2 0.999999881 -2.10000014 0.999999881 -2.20000005 0.999999881 -2.29999995 0.499999881 -2.29999995 0.999999881 -2.4000001 0.499999881 -2.4000001 0.999999881 -2.5 0.499999881 -2.5 -1.07288358e-07 -2.29999995 0.499999881 -2.4000001 -1.13248824e-07 -2.4000001 0.499999881 -2.5 -1.1920929e-07 -2.5 0.5 -0.700000048 0.5 -0.600000143 1 -0.700000048 1 -0.600000143 1 -0.500000119 0.5 -0.500000119 0 -0.500000119 -5.9604659e-09 -0.600000143 -1.19209247e-08 -0.700000048 0.49999997 -0.800000072 -1.78813906e-08 -0.800000072 0.49999997 -0.900000095 -2.38418565e-08 -0.900000095 0.49999997 -1 -2.98023224e-08 -1 0.49999997 -1.10000014 -3.57627883e-08 -1.10000014 0.49999997 -1.20000005 -4.17232471e-08 -1.20000005 0.49999994 -1.29999995 -4.7683713e-08 -1.29999995 1 -0.800000072 1 -0.900000095 1 -1 0.99999994 -1.10000014 0.99999994 -1.20000005 0.99999994 -1.29999995 0.99999994 -1.4000001 0.49999994 -1.4000001 0.99999994 -1.5 0.49999994 -1.5 0.99999994 -1.5999999 0.49999994 -1.5999999 -5.36441789e-08 -1.4000001 -5.96046448e-08 -1.5 -6.55651036e-08 -1.5999999 0.49999994 -1.70000005 -7.15255766e-08 -1.70000005 0.499999911 -1.79999995 -7.74860354e-08 -1.79999995 0.499999911 -1.9000001 -8.34465013e-08 -1.9000001 0.499999911 -2 -8.94069672e-08 -2 0.499999911 -2.10000014 -9.53674331e-08 -2.10000014 0.499999911 -2.20000005 -1.01327899e-07 -2.20000005 0.99999994 -1.70000005 0.99999994 -1.79999995 0.99999994 -1.9000001 0.999999881 -2 0.999999881 -2.10000014 0.999999881 -2.20000005 0.999999881 -2.29999995 0.499999881 -2.29999995 0.999999881 -2.4000001 0.499999881 -2.4000001 0.999999881 -2.5 0.499999881 -2.5 -1.07288358e-07 -2.29999995 -1.13248824e-07 -2.4000001 -1.1920929e-07 -2.5 0.5 -0.700000048 0.5 -0.600000143 1 -0.700000048 1 -0.600000143 1 -0.500000119 0.5 -0.500000119 0 -0.500000119 -5.9604659e-09 -0.600000143 -1.19209247e-08 -0.700000048 0.49999997 -0.800000072 -1.78813906e-08 -0.800000072 0.49999997 -0.900000095 -2.38418565e-08 -0.900000095 0.49999997 -1 -2.98023224e-08 -1 0.49999997 -1.10000014 -3.57627883e-08 -1.10000014 0.49999997 -1.20000005 -4.17232471e-08 -1.20000005 0.49999994 -1.29999995 -4.7683713e-08 -1.29999995 1 -0.800000072 1 -0.900000095 1 -1 0.99999994 -1.10000014 0.99999994 -1.20000005 0.99999994 -1.29999995 0.99999994 -1.4000001 0.49999994 -1.4000001 0.99999994 -1.5 0.49999994 -1.5 0.99999994 -1.5999999 0.49999994 -1.5999999 -5.36441789e-08 -1.4000001 -5.96046448e-08 -1.5 -6.55651036e-08 -1.5999999 0.49999994 -1.70000005 -7.15255766e-08 -1.70000005 0.499999911 -1.79999995 -7.74860354e-08 -1.79999995 0.499999911 -1.9000001 -8.34465013e-08 -1.9000001 0.499999911 -2 -8.94069672e-08 -2 0.499999911 -2.10000014 -9.53674331e-08 -2.10000014 0.499999911 -2.20000005 -1.01327899e-07 -2.20000005 0.99999994 -1.70000005 0.99999994 -1.79999995 0.99999994 -1.9000001 0.999999881 -2 0.999999881 -2.10000014 0.999999881 -2.20000005 0.999999881 -2.29999995 0.499999881 -2.29999995 0.999999881 -2.4000001 0.499999881 -2.4000001 0.999999881 -2.5 0.499999881 -2.5 -1.07288358e-07 -2.29999995 -1.13248824e-07 -2.4000001 0.499999881 -2.5 -1.1920929e-07 -2.5 0.5 -0.700000048 0.5 -0.600000143 1 -0.700000048 1 -0.600000143 1 -0.500000119 0.5 -0.500000119 0 -0.500000119 -5.9604659e-09 -0.600000143 -1.19209247e-08 -0.700000048 0.49999997 -0.800000072 -1.78813906e-08 -0.800000072 0.49999997 -0.900000095 -2.38418565e-08 -0.900000095 0.49999997 -1 -2.98023224e-08 -1 0.49999997 -1.10000014 -3.57627883e-08 -1.10000014 0.49999997 -1.20000005 -4.17232471e-08 -1.20000005 0.49999994 -1.29999995 -4.7683713e-08 -1.29999995 1 -0.800000072 1 -0.900000095 1 -1 0.99999994 -1.10000014 0.99999994 -1.20000005 0.99999994 -1.29999995 0.99999994 -1.4000001 0.49999994 -1.4000001 0.99999994 -1.5 0.49999994 -1.5 0.99999994 -1.5999999 0.49999994 -1.5999999 -5.36441789e-08 -1.4000001 -5.96046448e-08 -1.5 -6.55651036e-08 -1.5999999 0.49999994 -1.70000005 -7.15255766e-08 -1.70000005 0.499999911 -1.79999995 -7.74860354e-08 -1.79999995 0.499999911 -1.9000001 -8.34465013e-08 -1.9000001 0.499999911 -2 -8.94069672e-08 -2 0.499999911 -2.10000014 -9.53674331e-08 -2.10000014 0.499999911 -2.20000005 -1.01327899e-07 -2.20000005 0.99999994 -1.70000005 0.99999994 -1.79999995 0.99999994 -1.9000001 0.999999881 -2 0.999999881 -2.10000014 0.999999881 -2.20000005 0.999999881 -2.29999995 0.499999881 -2.29999995 0.999999881 -2.4000001 0.499999881 -2.4000001 0.999999881 -2.5 0.499999881 -2.5 -1.07288358e-07 -2.29999995 -1.13248824e-07 -2.4000001 -1.1920929e-07 -2.5 0.5 -0.700000048 0.5 -0.600000143 1 -0.700000048 1 -0.600000143 1 -0.500000119 0.5 -0.500000119 0 -0.500000119 -5.9604659e-09 -0.600000143 -1.19209247e-08 -0.700000048 0.49999997 -0.800000072 -1.78813906e-08 -0.800000072 0.49999997 -0.900000095 -2.38418565e-08 -0.900000095 0.49999997 -1 -2.98023224e-08 -1 0.49999997 -1.10000014 -3.57627883e-08 -1.10000014 0.49999997 -1.20000005 -4.17232471e-08 -1.20000005 0.49999994 -1.29999995 -4.7683713e-08 -1.29999995 1 -0.800000072 1 -0.900000095 1 -1 0.99999994 -1.10000014 0.99999994 -1.20000005 0.99999994 -1.29999995 0.99999994 -1.4000001 0.49999994 -1.4000001 0.99999994 -1.5 0.49999994 -1.5 0.99999994 -1.5999999 0.49999994 -1.5999999 -5.36441789e-08 -1.4000001 -5.96046448e-08 -1.5 -6.55651036e-08 -1.5999999 0.49999994 -1.70000005 -7.15255766e-08 -1.70000005 0.499999911 -1.79999995 -7.74860354e-08 -1.79999995 0.499999911 -1.9000001 -8.34465013e-08 -1.9000001 0.499999911 -2 -8.94069672e-08 -2 0.499999911 -2.10000014 -9.53674331e-08 -2.10000014 0.499999911 -2.20000005 -1.01327899e-07 -2.20000005 0.99999994 -1.70000005 0.99999994 -1.79999995 0.99999994 -1.9000001 0.999999881 -2 0.499999911 -2 0.999999881 -2.10000014 0.999999881 -2.20000005 0.999999881 -2.29999995 0.499999881 -2.29999995 0.999999881 -2.4000001 0.499999881 -2.4000001 0.999999881 -2.5 0.499999881 -2.5 -1.07288358e-07 -2.29999995 0.499999881 -2.4000001 -1.13248824e-07 -2.4000001 0.499999881 -2.5 -1.1920929e-07 -2.5</float_array>
        <technique_common><accessor source="#vfx_kurp_0177-mesh-uv0-array" count="772" stride="2"><param name="S" type="float"/><param name="T" type="float"/></accessor></technique_common>
      </source>
      <vertices id="vfx_kurp_0177-mesh-vertices"><input semantic="POSITION" source="#vfx_kurp_0177-mesh-positions"/></vertices>
      <triangles material="PreviewMaterial" count="960">
        <input semantic="VERTEX" source="#vfx_kurp_0177-mesh-vertices" offset="0"/>
        <input semantic="NORMAL" source="#vfx_kurp_0177-mesh-normals" offset="1"/>
        <input semantic="TEXCOORD" source="#vfx_kurp_0177-mesh-uv0" offset="2" set="0"/>
        <p>0 0 0 1 1 1 2 2 2 3 3 3 2 2 2 1 1 1 4 4 4 3 3 3 5 5 5 1 1 1 5 5 5 3 3 3 5 5 5 1 1 1 6 6 6 6 6 6 1 1 1 7 7 7 0 0 0 7 7 7 1 1 1 7 7 7 0 0 0 8 8 8 9 9 9 8 8 8 0 0 0 8 8 8 9 9 9 10 10 10 11 11 11 10 10 10 9 9 9 10 10 10 11 11 11 12 12 12 13 13 13 12 12 12 11 11 11 12 12 12 13 13 13 14 14 14 15 15 15 14 14 14 13 13 13 14 14 14 15 15 15 16 16 16 17 17 17 16 16 16 15 15 15 16 16 16 17 17 17 18 18 18 19 19 19 18 18 18 17 17 17 18 18 18 19 19 19 20 20 20 21 21 21 0 0 0 2 2 2 0 0 0 21 21 21 9 9 9 22 22 22 9 9 9 21 21 21 9 9 9 22 22 22 11 11 11 23 23 23 11 11 11 22 22 22 11 11 11 23 23 23 13 13 13 24 24 24 13 13 13 23 23 23 13 13 13 24 24 24 15 15 15 25 25 25 15 15 15 24 24 24 15 15 15 25 25 25 17 17 17 26 26 26 17 17 17 25 25 25 17 17 17 26 26 26 19 19 19 27 27 27 19 19 19 26 26 26 19 19 19 27 27 27 28 28 28 29 29 29 28 28 28 27 27 27 28 28 28 29 29 29 30 30 30 31 31 31 30 30 30 29 29 29 32 32 32 30 30 30 31 31 31 19 19 19 28 28 28 20 20 20 20 20 20 28 28 28 33 33 33 30 30 30 33 33 33 28 28 28 33 33 33 30 30 30 34 34 34 32 32 32 34 34 34 30 30 30 34 34 34 32 32 32 35 35 35 36 36 36 35 35 35 32 32 32 35 35 35 36 36 36 37 37 37 38 38 38 37 37 37 36 36 36 37 37 37 38 38 38 39 39 39 40 40 40 39 39 39 38 38 38 39 39 39 40 40 40 41 41 41 42 42 42 41 41 41 40 40 40 41 41 41 42 42 42 43 43 43 44 44 44 43 43 43 42 42 42 43 43 43 44 44 44 45 45 45 46 46 46 45 45 45 44 44 44 45 45 45 46 46 46 47 47 47 48 48 48 32 32 32 31 31 31 32 32 32 48 48 48 36 36 36 49 49 49 36 36 36 48 48 48 36 36 36 49 49 49 38 38 38 50 50 50 38 38 38 49 49 49 38 38 38 50 50 50 40 40 40 51 51 51 40 40 40 50 50 50 40 40 40 51 51 51 42 42 42 52 52 52 42 42 42 51 51 51 42 42 42 52 52 52 44 44 44 53 53 53 44 44 44 52 52 52 44 44 44 53 53 53 46 46 46 54 54 54 46 46 46 53 53 53 46 46 46 54 54 54 55 55 55 56 56 56 55 55 55 54 54 54 55 55 55 56 56 56 57 57 57 58 58 58 57 57 57 56 56 56 59 59 59 57 57 57 58 58 58 46 46 46 55 55 55 47 47 47 47 47 47 55 55 55 60 60 60 57 57 57 60 60 60 55 55 55 60 60 60 57 57 57 61 61 61 59 59 59 61 61 61 57 57 57 61 61 61 59 59 59 62 62 62 63 63 63 64 64 64 65 65 65 66 66 66 65 65 65 64 64 64 67 67 67 66 66 66 68 68 68 64 64 64 68 68 68 66 66 66 68 68 68 64 64 64 69 69 69 69 69 69 64 64 64 70 70 70 63 63 63 70 70 70 64 64 64 70 70 70 63 63 63 71 71 71 72 72 72 71 71 71 63 63 63 71 71 71 72 72 72 73 73 73 74 74 74 73 73 73 72 72 72 73 73 73 74 74 74 75 75 75 76 76 76 75 75 75 74 74 74 75 75 75 76 76 76 77 77 77 78 78 78 77 77 77 76 76 76 77 77 77 78 78 78 79 79 79 80 80 80 79 79 79 78 78 78 79 79 79 80 80 80 81 81 81 82 82 82 81 81 81 80 80 80 81 81 81 82 82 82 83 83 83 84 84 84 63 63 63 65 65 65 63 63 63 84 84 84 72 72 72 85 85 85 72 72 72 84 84 84 72 72 72 85 85 85 74 74 74 86 86 86 74 74 74 85 85 85 74 74 74 86 86 86 76 76 76 87 87 87 76 76 76 86 86 86 76 76 76 87 87 87 78 78 78 88 88 88 78 78 78 87 87 87 78 78 78 88 88 88 80 80 80 89 89 89 80 80 80 88 88 88 80 80 80 89 89 89 82 82 82 90 90 90 82 82 82 89 89 89 82 82 82 90 90 90 91 91 91 92 92 92 91 91 91 90 90 90 91 91 91 92 92 92 93 93 93 94 94 94 93 93 93 92 92 92 95 95 95 93 93 93 94 94 94 82 82 82 91 91 91 83 83 83 83 83 83 91 91 91 96 96 96 93 93 93 96 96 96 91 91 91 96 96 96 93 93 93 97 97 97 95 95 95 97 97 97 93 93 93 97 97 97 95 95 95 98 98 98 99 99 99 98 98 98 95 95 95 98 98 98 99 99 99 100 100 100 101 101 101 100 100 100 99 99 99 100 100 100 101 101 101 102 102 102 103 103 103 102 102 102 101 101 101 102 102 102 103 103 103 104 104 104 105 105 105 104 104 104 103 103 103 104 104 104 105 105 105 106 106 106 107 107 107 106 106 106 105 105 105 106 106 106 107 107 107 108 108 108 109 109 109 108 108 108 107 107 107 108 108 108 109 109 109 110 110 110 111 111 111 95 95 95 94 94 94 95 95 95 111 111 111 99 99 99 112 112 112 99 99 99 111 111 111 99 99 99 112 112 112 101 101 101 113 113 113 101 101 101 112 112 112 101 101 101 113 113 113 103 103 103 114 114 114 103 103 103 113 113 113 103 103 103 114 114 114 105 105 105 115 115 115 105 105 105 114 114 114 105 105 105 115 115 115 107 107 107 116 116 116 107 107 107 115 115 115 107 107 107 116 116 116 109 109 109 117 117 117 109 109 109 116 116 116 109 109 109 117 117 117 118 118 118 119 119 119 118 118 118 117 117 117 118 118 118 119 119 119 120 120 120 121 121 121 120 120 120 119 119 119 122 122 122 120 120 120 121 121 121 109 109 109 118 118 118 110 110 110 110 110 110 118 118 118 123 123 123 120 120 120 123 123 123 118 118 118 123 123 123 120 120 120 124 124 124 125 125 125 124 124 124 120 120 120 124 124 124 125 125 125 126 126 126 127 127 127 128 128 128 129 129 129 130 130 130 129 129 129 128 128 128 131 131 131 130 130 130 132 132 132 128 128 128 132 132 132 130 130 130 132 132 132 128 128 128 133 133 133 133 133 133 128 128 128 134 134 134 127 127 127 134 134 134 128 128 128 134 134 134 127 127 127 135 135 135 136 136 136 135 135 135 127 127 127 135 135 135 136 136 136 137 137 137 138 138 138 137 137 137 136 136 136 137 137 137 138 138 138 139 139 139 140 140 140 139 139 139 138 138 138 139 139 139 140 140 140 141 141 141 142 142 142 141 141 141 140 140 140 141 141 141 142 142 142 143 143 143 144 144 144 143 143 143 142 142 142 143 143 143 144 144 144 145 145 145 146 146 146 145 145 145 144 144 144 145 145 145 146 146 146 147 147 147 148 148 148 127 127 127 129 129 129 127 127 127 148 148 148 136 136 136 149 149 149 136 136 136 148 148 148 136 136 136 149 149 149 138 138 138 150 150 150 138 138 138 149 149 149 138 138 138 150 150 150 140 140 140 151 151 151 140 140 140 150 150 150 140 140 140 151 151 151 142 142 142 152 152 152 142 142 142 151 151 151 142 142 142 152 152 152 144 144 144 153 153 153 144 144 144 152 152 152 144 144 144 153 153 153 146 146 146 154 154 154 146 146 146 153 153 153 146 146 146 154 154 154 155 155 155 156 156 156 155 155 155 154 154 154 155 155 155 156 156 156 157 157 157 158 158 158 157 157 157 156 156 156 159 159 159 157 157 157 158 158 158 146 146 146 155 155 155 147 147 147 147 147 147 155 155 155 160 160 160 157 157 157 160 160 160 155 155 155 160 160 160 157 157 157 161 161 161 159 159 159 161 161 161 157 157 157 161 161 161 159 159 159 162 162 162 163 163 163 162 162 162 159 159 159 162 162 162 163 163 163 164 164 164 165 165 165 164 164 164 163 163 163 164 164 164 165 165 165 166 166 166 167 167 167 166 166 166 165 165 165 166 166 166 167 167 167 168 168 168 169 169 169 168 168 168 167 167 167 168 168 168 169 169 169 170 170 170 171 171 171 170 170 170 169 169 169 170 170 170 171 171 171 172 172 172 173 173 173 172 172 172 171 171 171 172 172 172 173 173 173 174 174 174 175 175 175 159 159 159 158 158 158 159 159 159 175 175 175 163 163 163 176 176 176 163 163 163 175 175 175 163 163 163 176 176 176 165 165 165 177 177 177 165 165 165 176 176 176 165 165 165 177 177 177 167 167 167 178 178 178 167 167 167 177 177 177 167 167 167 178 178 178 169 169 169 179 179 179 169 169 169 178 178 178 169 169 169 179 179 179 171 171 171 180 180 180 171 171 171 179 179 179 171 171 171 180 180 180 173 173 173 181 181 181 173 173 173 180 180 180 173 173 173 181 181 181 182 182 182 183 183 183 182 182 182 181 181 181 182 182 182 183 183 183 184 184 184 185 185 185 184 184 184 183 183 183 186 186 186 184 184 184 185 185 185 173 173 173 182 182 182 174 174 174 174 174 174 182 182 182 187 187 187 184 184 184 187 187 187 182 182 182 187 187 187 184 184 184 188 188 188 186 186 186 188 188 188 184 184 184 188 188 188 186 186 186 189 189 189 190 190 190 191 191 191 192 192 192 193 193 193 192 192 192 191 191 191 194 194 194 193 193 193 195 195 195 191 191 191 195 195 195 193 193 193 195 195 195 191 191 191 196 196 196 196 196 196 191 191 191 197 197 197 190 190 190 197 197 197 191 191 191 197 197 197 190 190 190 198 198 198 199 199 199 198 198 198 190 190 190 198 198 198 199 199 199 200 200 200 201 201 201 200 200 200 199 199 199 200 200 200 201 201 201 202 202 202 203 203 203 202 202 202 201 201 201 202 202 202 203 203 203 204 204 204 205 205 205 204 204 204 203 203 203 204 204 204 205 205 205 206 206 206 207 207 207 206 206 206 205 205 205 206 206 206 207 207 207 208 208 208 209 209 209 208 208 208 207 207 207 208 208 208 209 209 209 210 210 210 211 211 211 190 190 190 192 192 192 190 190 190 211 211 211 199 199 199 212 212 212 199 199 199 211 211 211 199 199 199 212 212 212 201 201 201 213 213 213 201 201 201 212 212 212 201 201 201 213 213 213 203 203 203 214 214 214 203 203 203 213 213 213 203 203 203 214 214 214 205 205 205 215 215 215 205 205 205 214 214 214 205 205 205 215 215 215 207 207 207 216 216 216 207 207 207 215 215 215 207 207 207 216 216 216 209 209 209 217 217 217 209 209 209 216 216 216 209 209 209 217 217 217 218 218 218 219 219 219 218 218 218 217 217 217 218 218 218 219 219 219 220 220 220 221 221 221 220 220 220 219 219 219 222 222 222 220 220 220 221 221 221 209 209 209 218 218 218 210 210 210 210 210 210 218 218 218 223 223 223 220 220 220 223 223 223 218 218 218 223 223 223 220 220 220 224 224 224 222 222 222 224 224 224 220 220 220 224 224 224 222 222 222 225 225 225 226 226 226 225 225 225 222 222 222 225 225 225 226 226 226 227 227 227 228 228 228 227 227 227 226 226 226 227 227 227 228 228 228 229 229 229 230 230 230 229 229 229 228 228 228 229 229 229 230 230 230 231 231 231 232 232 232 231 231 231 230 230 230 231 231 231 232 232 232 233 233 233 234 234 234 233 233 233 232 232 232 233 233 233 234 234 234 235 235 235 236 236 236 235 235 235 234 234 234 235 235 235 236 236 236 237 237 237 238 238 238 222 222 222 221 221 221 222 222 222 238 238 238 226 226 226 239 239 239 226 226 226 238 238 238 226 226 226 239 239 239 228 228 228 240 240 240 228 228 228 239 239 239 228 228 228 240 240 240 230 230 230 241 241 241 230 230 230 240 240 240 230 230 230 241 241 241 242 242 242 243 243 243 242 242 242 241 241 241 242 242 242 243 243 243 234 234 234 244 244 244 234 234 234 243 243 243 234 234 234 244 244 244 245 245 245 246 246 246 245 245 245 244 244 244 245 245 245 246 246 246 247 247 247 248 248 248 247 247 247 246 246 246 247 247 247 248 248 248 249 249 249 250 250 250 249 249 249 248 248 248 251 251 251 249 249 249 250 250 250 236 236 236 252 252 252 237 237 237 237 237 237 252 252 252 253 253 253 254 254 254 253 253 253 252 252 252 253 253 253 254 254 254 255 255 255 256 256 256 255 255 255 254 254 254 255 255 255 256 256 256 257 257 257 258 258 258 259 259 259 260 260 260 261 261 261 260 260 260 259 259 259 262 262 262 261 261 261 263 263 263 259 259 259 263 263 263 261 261 261 263 263 263 259 259 259 264 264 264 264 264 264 259 259 259 265 265 265 258 258 258 265 265 265 259 259 259 265 265 265 258 258 258 266 266 266 267 267 267 266 266 266 258 258 258 266 266 266 267 267 267 268 268 268 269 269 269 268 268 268 267 267 267 268 268 268 269 269 269 270 270 270 271 271 271 270 270 270 269 269 269 270 270 270 271 271 271 272 272 272 273 273 273 272 272 272 271 271 271 272 272 272 273 273 273 274 274 274 275 275 275 274 274 274 273 273 273 274 274 274 275 275 275 276 276 276 277 277 277 276 276 276 275 275 275 276 276 276 277 277 277 278 278 278 279 279 279 258 258 258 260 260 260 258 258 258 279 279 279 267 267 267 280 280 280 267 267 267 279 279 279 267 267 267 280 280 280 269 269 269 281 281 281 269 269 269 280 280 280 269 269 269 281 281 281 271 271 271 282 282 282 271 271 271 281 281 281 271 271 271 282 282 282 273 273 273 283 283 283 273 273 273 282 282 282 273 273 273 283 283 283 275 275 275 284 284 284 275 275 275 283 283 283 275 275 275 284 284 284 277 277 277 285 285 285 277 277 277 284 284 284 277 277 277 285 285 285 286 286 286 287 287 287 286 286 286 285 285 285 286 286 286 287 287 287 288 288 288 289 289 289 288 288 288 287 287 287 290 290 290 288 288 288 289 289 289 277 277 277 286 286 286 278 278 278 278 278 278 286 286 286 291 291 291 288 288 288 291 291 291 286 286 286 291 291 291 288 288 288 292 292 292 290 290 290 292 292 292 288 288 288 292 292 292 290 290 290 293 293 293 294 294 294 293 293 293 290 290 290 293 293 293 294 294 294 295 295 295 296 296 296 295 295 295 294 294 294 295 295 295 296 296 296 297 297 297 298 298 298 297 297 297 296 296 296 297 297 297 298 298 298 299 299 299 300 300 300 299 299 299 298 298 298 299 299 299 300 300 300 301 301 301 302 302 302 301 301 301 300 300 300 301 301 301 302 302 302 303 303 303 304 304 304 303 303 303 302 302 302 303 303 303 304 304 304 305 305 305 306 306 306 290 290 290 289 289 289 290 290 290 306 306 306 294 294 294 307 307 307 294 294 294 306 306 306 294 294 294 307 307 307 296 296 296 308 308 308 296 296 296 307 307 307 296 296 296 308 308 308 298 298 298 309 309 309 298 298 298 308 308 308 298 298 298 309 309 309 300 300 300 310 310 310 300 300 300 309 309 309 300 300 300 310 310 310 302 302 302 311 311 311 302 302 302 310 310 310 302 302 302 311 311 311 304 304 304 312 312 312 304 304 304 311 311 311 304 304 304 312 312 312 313 313 313 314 314 314 313 313 313 312 312 312 313 313 313 314 314 314 315 315 315 316 316 316 315 315 315 314 314 314 317 317 317 315 315 315 316 316 316 304 304 304 313 313 313 305 305 305 305 305 305 313 313 313 318 318 318 315 315 315 318 318 318 313 313 313 318 318 318 315 315 315 319 319 319 317 317 317 319 319 319 315 315 315 319 319 319 317 317 317 320 320 320 321 321 321 322 322 322 323 323 323 324 324 324 323 323 323 322 322 322 325 325 325 324 324 324 326 326 326 322 322 322 326 326 326 324 324 324 326 326 326 322 322 322 327 327 327 327 327 327 322 322 322 328 328 328 321 321 321 328 328 328 322 322 322 328 328 328 321 321 321 329 329 329 330 330 330 329 329 329 321 321 321 329 329 329 330 330 330 331 331 331 332 332 332 331 331 331 330 330 330 331 331 331 332 332 332 333 333 333 334 334 334 333 333 333 332 332 332 333 333 333 334 334 334 335 335 335 336 336 336 335 335 335 334 334 334 335 335 335 336 336 336 337 337 337 338 338 338 337 337 337 336 336 336 337 337 337 338 338 338 339 339 339 340 340 340 339 339 339 338 338 338 339 339 339 340 340 340 341 341 341 342 342 342 321 321 321 323 323 323 321 321 321 342 342 342 330 330 330 343 343 343 330 330 330 342 342 342 330 330 330 343 343 343 332 332 332 344 344 344 332 332 332 343 343 343 332 332 332 344 344 344 334 334 334 345 345 345 334 334 334 344 344 344 334 334 334 345 345 345 336 336 336 346 346 346 336 336 336 345 345 345 336 336 336 346 346 346 338 338 338 347 347 347 338 338 338 346 346 346 338 338 338 347 347 347 340 340 340 348 348 348 340 340 340 347 347 347 340 340 340 348 348 348 349 349 349 350 350 350 349 349 349 348 348 348 349 349 349 350 350 350 351 351 351 352 352 352 351 351 351 350 350 350 353 353 353 351 351 351 352 352 352 340 340 340 349 349 349 341 341 341 341 341 341 349 349 349 354 354 354 351 351 351 354 354 354 349 349 349 354 354 354 351 351 351 355 355 355 353 353 353 355 355 355 351 351 351 355 355 355 353 353 353 356 356 356 357 357 357 356 356 356 353 353 353 356 356 356 357 357 357 358 358 358 359 359 359 358 358 358 357 357 357 358 358 358 359 359 359 360 360 360 361 361 361 360 360 360 359 359 359 360 360 360 361 361 361 362 362 362 363 363 363 362 362 362 361 361 361 362 362 362 363 363 363 364 364 364 365 365 365 364 364 364 363 363 363 364 364 364 365 365 365 366 366 366 367 367 367 366 366 366 365 365 365 366 366 366 367 367 367 368 368 368 369 369 369 353 353 353 352 352 352 353 353 353 369 369 369 357 357 357 370 370 370 357 357 357 369 369 369 357 357 357 370 370 370 359 359 359 371 371 371 359 359 359 370 370 370 359 359 359 371 371 371 361 361 361 372 372 372 361 361 361 371 371 371 361 361 361 372 372 372 363 363 363 373 373 373 363 363 363 372 372 372 363 363 363 373 373 373 365 365 365 374 374 374 365 365 365 373 373 373 365 365 365 374 374 374 375 375 375 376 376 376 375 375 375 374 374 374 375 375 375 376 376 376 377 377 377 378 378 378 377 377 377 376 376 376 377 377 377 378 378 378 379 379 379 380 380 380 379 379 379 378 378 378 381 381 381 379 379 379 380 380 380 367 367 367 382 382 382 368 368 368 368 368 368 382 382 382 383 383 383 384 384 384 383 383 383 382 382 382 383 383 383 384 384 384 385 385 385 386 386 386 385 385 385 384 384 384 385 385 385 386 386 386 387 387 387 388 388 388 389 389 389 390 390 390 391 391 391 390 390 390 389 389 389 392 392 392 391 391 391 393 393 393 389 389 389 393 393 393 391 391 391 393 393 393 389 389 389 394 394 394 394 394 394 389 389 389 395 395 395 388 388 388 395 395 395 389 389 389 395 395 395 388 388 388 396 396 396 397 397 397 396 396 396 388 388 388 396 396 396 397 397 397 398 398 398 399 399 399 398 398 398 397 397 397 398 398 398 399 399 399 400 400 400 401 401 401 400 400 400 399 399 399 400 400 400 401 401 401 402 402 402 403 403 403 402 402 402 401 401 401 402 402 402 403 403 403 404 404 404 405 405 405 404 404 404 403 403 403 404 404 404 405 405 405 406 406 406 407 407 407 406 406 406 405 405 405 406 406 406 407 407 407 408 408 408 409 409 409 388 388 388 390 390 390 388 388 388 409 409 409 397 397 397 410 410 410 397 397 397 409 409 409 397 397 397 410 410 410 399 399 399 411 411 411 399 399 399 410 410 410 399 399 399 411 411 411 401 401 401 412 412 412 401 401 401 411 411 411 401 401 401 412 412 412 403 403 403 413 413 413 403 403 403 412 412 412 403 403 403 413 413 413 405 405 405 414 414 414 405 405 405 413 413 413 405 405 405 414 414 414 407 407 407 415 415 415 407 407 407 414 414 414 407 407 407 415 415 415 416 416 416 417 417 417 416 416 416 415 415 415 416 416 416 417 417 417 418 418 418 419 419 419 418 418 418 417 417 417 420 420 420 418 418 418 419 419 419 407 407 407 416 416 416 408 408 408 408 408 408 416 416 416 421 421 421 418 418 418 421 421 421 416 416 416 421 421 421 418 418 418 422 422 422 420 420 420 422 422 422 418 418 418 422 422 422 420 420 420 423 423 423 424 424 424 423 423 423 420 420 420 423 423 423 424 424 424 425 425 425 426 426 426 425 425 425 424 424 424 425 425 425 426 426 426 427 427 427 428 428 428 427 427 427 426 426 426 427 427 427 428 428 428 429 429 429 430 430 430 429 429 429 428 428 428 429 429 429 430 430 430 431 431 431 432 432 432 431 431 431 430 430 430 431 431 431 432 432 432 433 433 433 434 434 434 433 433 433 432 432 432 433 433 433 434 434 434 435 435 435 436 436 436 420 420 420 419 419 419 420 420 420 436 436 436 424 424 424 437 437 437 424 424 424 436 436 436 424 424 424 437 437 437 426 426 426 438 438 438 426 426 426 437 437 437 426 426 426 438 438 438 428 428 428 439 439 439 428 428 428 438 438 438 428 428 428 439 439 439 430 430 430 440 440 440 430 430 430 439 439 439 430 430 430 440 440 440 432 432 432 441 441 441 432 432 432 440 440 440 432 432 432 441 441 441 434 434 434 442 442 442 434 434 434 441 441 441 434 434 434 442 442 442 443 443 443 444 444 444 443 443 443 442 442 442 443 443 443 444 444 444 445 445 445 446 446 446 445 445 445 444 444 444 447 447 447 445 445 445 446 446 446 434 434 434 443 443 443 435 435 435 435 435 435 443 443 443 448 448 448 445 445 445 448 448 448 443 443 443 448 448 448 445 445 445 449 449 449 447 447 447 449 449 449 445 445 445 449 449 449 447 447 447 450 450 450 451 451 451 452 452 452 453 453 453 454 454 454 453 453 453 452 452 452 455 455 455 454 454 454 456 456 456 452 452 452 456 456 456 454 454 454 456 456 456 452 452 452 457 457 457 457 457 457 452 452 452 458 458 458 451 451 451 458 458 458 452 452 452 458 458 458 451 451 451 459 459 459 460 460 460 459 459 459 451 451 451 459 459 459 460 460 460 461 461 461 462 462 462 461 461 461 460 460 460 461 461 461 462 462 462 463 463 463 464 464 464 463 463 463 462 462 462 463 463 463 464 464 464 465 465 465 466 466 466 465 465 465 464 464 464 465 465 465 466 466 466 467 467 467 468 468 468 467 467 467 466 466 466 467 467 467 468 468 468 469 469 469 470 470 470 469 469 469 468 468 468 469 469 469 470 470 470 471 471 471 472 472 472 451 451 451 453 453 453 451 451 451 472 472 472 460 460 460 473 473 473 460 460 460 472 472 472 460 460 460 473 473 473 462 462 462 474 474 474 462 462 462 473 473 473 462 462 462 474 474 474 464 464 464 475 475 475 464 464 464 474 474 474 464 464 464 475 475 475 466 466 466 476 476 476 466 466 466 475 475 475 466 466 466 476 476 476 468 468 468 477 477 477 468 468 468 476 476 476 468 468 468 477 477 477 470 470 470 478 478 478 470 470 470 477 477 477 470 470 470 478 478 478 479 479 479 480 480 480 479 479 479 478 478 478 479 479 479 480 480 480 481 481 481 482 482 482 481 481 481 480 480 480 483 483 483 481 481 481 482 482 482 470 470 470 479 479 479 471 471 471 471 471 471 479 479 479 484 484 484 481 481 481 484 484 484 479 479 479 484 484 484 481 481 481 485 485 485 483 483 483 485 485 485 481 481 481 485 485 485 483 483 483 486 486 486 487 487 487 486 486 486 483 483 483 486 486 486 487 487 487 488 488 488 489 489 489 488 488 488 487 487 487 488 488 488 489 489 489 490 490 490 491 491 491 490 490 490 489 489 489 490 490 490 491 491 491 492 492 492 493 493 493 492 492 492 491 491 491 492 492 492 493 493 493 494 494 494 495 495 495 494 494 494 493 493 493 494 494 494 495 495 495 496 496 496 497 497 497 496 496 496 495 495 495 496 496 496 497 497 497 498 498 498 499 499 499 483 483 483 482 482 482 483 483 483 499 499 499 487 487 487 500 500 500 487 487 487 499 499 499 487 487 487 500 500 500 489 489 489 501 501 501 489 489 489 500 500 500 489 489 489 501 501 501 491 491 491 502 502 502 491 491 491 501 501 501 491 491 491 502 502 502 493 493 493 503 503 503 493 493 493 502 502 502 493 493 493 503 503 503 495 495 495 504 504 504 495 495 495 503 503 503 495 495 495 504 504 504 497 497 497 505 505 505 497 497 497 504 504 504 497 497 497 505 505 505 506 506 506 507 507 507 506 506 506 505 505 505 506 506 506 507 507 507 508 508 508 509 509 509 508 508 508 507 507 507 510 510 510 508 508 508 509 509 509 497 497 497 506 506 506 498 498 498 498 498 498 506 506 506 511 511 511 512 512 512 511 511 511 506 506 506 511 511 511 512 512 512 513 513 513 514 514 514 513 513 513 512 512 512 513 513 513 514 514 514 515 515 515 516 516 516 517 517 517 518 518 518 519 519 519 518 518 518 517 517 517 520 520 520 519 519 519 521 521 521 517 517 517 521 521 521 519 519 519 521 521 521 517 517 517 522 522 522 522 522 522 517 517 517 523 523 523 516 516 516 523 523 523 517 517 517 523 523 523 516 516 516 524 524 524 525 525 525 524 524 524 516 516 516 524 524 524 525 525 525 526 526 526 527 527 527 526 526 526 525 525 525 526 526 526 527 527 527 528 528 528 529 529 529 528 528 528 527 527 527 528 528 528 529 529 529 530 530 530 531 531 531 530 530 530 529 529 529 530 530 530 531 531 531 532 532 532 533 533 533 532 532 532 531 531 531 532 532 532 533 533 533 534 534 534 535 535 535 534 534 534 533 533 533 534 534 534 535 535 535 536 536 536 537 537 537 516 516 516 518 518 518 516 516 516 537 537 537 525 525 525 538 538 538 525 525 525 537 537 537 525 525 525 538 538 538 527 527 527 539 539 539 527 527 527 538 538 538 527 527 527 539 539 539 529 529 529 540 540 540 529 529 529 539 539 539 529 529 529 540 540 540 531 531 531 541 541 541 531 531 531 540 540 540 531 531 531 541 541 541 533 533 533 542 542 542 533 533 533 541 541 541 533 533 533 542 542 542 535 535 535 543 543 543 535 535 535 542 542 542 535 535 535 543 543 543 544 544 544 545 545 545 544 544 544 543 543 543 544 544 544 545 545 545 546 546 546 547 547 547 546 546 546 545 545 545 548 548 548 546 546 546 547 547 547 535 535 535 544 544 544 536 536 536 536 536 536 544 544 544 549 549 549 546 546 546 549 549 549 544 544 544 549 549 549 546 546 546 550 550 550 548 548 548 550 550 550 546 546 546 550 550 550 548 548 548 551 551 551 552 552 552 551 551 551 548 548 548 551 551 551 552 552 552 553 553 553 554 554 554 553 553 553 552 552 552 553 553 553 554 554 554 555 555 555 556 556 556 555 555 555 554 554 554 555 555 555 556 556 556 557 557 557 558 558 558 557 557 557 556 556 556 557 557 557 558 558 558 559 559 559 560 560 560 559 559 559 558 558 558 559 559 559 560 560 560 561 561 561 562 562 562 561 561 561 560 560 560 561 561 561 562 562 562 563 563 563 564 564 564 548 548 548 547 547 547 548 548 548 564 564 564 552 552 552 565 565 565 552 552 552 564 564 564 552 552 552 565 565 565 554 554 554 566 566 566 554 554 554 565 565 565 554 554 554 566 566 566 556 556 556 567 567 567 556 556 556 566 566 566 556 556 556 567 567 567 558 558 558 568 568 568 558 558 558 567 567 567 558 558 558 568 568 568 560 560 560 569 569 569 560 560 560 568 568 568 560 560 560 569 569 569 562 562 562 570 570 570 562 562 562 569 569 569 562 562 562 570 570 570 571 571 571 572 572 572 571 571 571 570 570 570 571 571 571 572 572 572 573 573 573 574 574 574 573 573 573 572 572 572 575 575 575 573 573 573 574 574 574 562 562 562 571 571 571 563 563 563 563 563 563 571 571 571 576 576 576 573 573 573 576 576 576 571 571 571 576 576 576 573 573 573 577 577 577 575 575 575 577 577 577 573 573 573 577 577 577 575 575 575 578 578 578 579 579 579 580 580 580 581 581 581 582 582 582 581 581 581 580 580 580 583 583 583 582 582 582 584 584 584 580 580 580 584 584 584 582 582 582 584 584 584 580 580 580 585 585 585 585 585 585 580 580 580 586 586 586 579 579 579 586 586 586 580 580 580 586 586 586 579 579 579 587 587 587 588 588 588 587 587 587 579 579 579 587 587 587 588 588 588 589 589 589 590 590 590 589 589 589 588 588 588 589 589 589 590 590 590 591 591 591 592 592 592 591 591 591 590 590 590 591 591 591 592 592 592 593 593 593 594 594 594 593 593 593 592 592 592 593 593 593 594 594 594 595 595 595 596 596 596 595 595 595 594 594 594 595 595 595 596 596 596 597 597 597 598 598 598 597 597 597 596 596 596 597 597 597 598 598 598 599 599 599 600 600 600 579 579 579 581 581 581 579 579 579 600 600 600 588 588 588 601 601 601 588 588 588 600 600 600 588 588 588 601 601 601 590 590 590 602 602 602 590 590 590 601 601 601 590 590 590 602 602 602 592 592 592 603 603 603 592 592 592 602 602 602 592 592 592 603 603 603 594 594 594 604 604 604 594 594 594 603 603 603 594 594 594 604 604 604 596 596 596 605 605 605 596 596 596 604 604 604 596 596 596 605 605 605 598 598 598 606 606 606 598 598 598 605 605 605 598 598 598 606 606 606 607 607 607 608 608 608 607 607 607 606 606 606 607 607 607 608 608 608 609 609 609 610 610 610 609 609 609 608 608 608 611 611 611 609 609 609 610 610 610 598 598 598 607 607 607 599 599 599 599 599 599 607 607 607 612 612 612 609 609 609 612 612 612 607 607 607 612 612 612 609 609 609 613 613 613 611 611 611 613 613 613 609 609 609 613 613 613 611 611 611 614 614 614 615 615 615 614 614 614 611 611 611 614 614 614 615 615 615 616 616 616 617 617 617 616 616 616 615 615 615 616 616 616 617 617 617 618 618 618 619 619 619 618 618 618 617 617 617 618 618 618 619 619 619 620 620 620 621 621 621 620 620 620 619 619 619 620 620 620 621 621 621 622 622 622 623 623 623 622 622 622 621 621 621 622 622 622 623 623 623 624 624 624 625 625 625 624 624 624 623 623 623 624 624 624 625 625 625 626 626 626 627 627 627 611 611 611 610 610 610 611 611 611 627 627 627 615 615 615 628 628 628 615 615 615 627 627 627 615 615 615 628 628 628 617 617 617 629 629 629 617 617 617 628 628 628 617 617 617 629 629 629 619 619 619 630 630 630 619 619 619 629 629 629 619 619 619 630 630 630 621 621 621 631 631 631 621 621 621 630 630 630 621 621 621 631 631 631 623 623 623 632 632 632 623 623 623 631 631 631 623 623 623 632 632 632 625 625 625 633 633 633 625 625 625 632 632 632 625 625 625 633 633 633 634 634 634 635 635 635 634 634 634 633 633 633 634 634 634 635 635 635 636 636 636 637 637 637 636 636 636 635 635 635 638 638 638 636 636 636 637 637 637 625 625 625 634 634 634 626 626 626 626 626 626 634 634 634 639 639 639 636 636 636 639 639 639 634 634 634 639 639 639 636 636 636 640 640 640 641 641 641 640 640 640 636 636 636 640 640 640 641 641 641 642 642 642 643 643 643 644 644 644 645 645 645 646 646 646 645 645 645 644 644 644 647 647 647 646 646 646 648 648 648 644 644 644 648 648 648 646 646 646 648 648 648 644 644 644 649 649 649 649 649 649 644 644 644 650 650 650 643 643 643 650 650 650 644 644 644 650 650 650 643 643 643 651 651 651 652 652 652 651 651 651 643 643 643 651 651 651 652 652 652 653 653 653 654 654 654 653 653 653 652 652 652 653 653 653 654 654 654 655 655 655 656 656 656 655 655 655 654 654 654 655 655 655 656 656 656 657 657 657 658 658 658 657 657 657 656 656 656 657 657 657 658 658 658 659 659 659 660 660 660 659 659 659 658 658 658 659 659 659 660 660 660 661 661 661 662 662 662 661 661 661 660 660 660 661 661 661 662 662 662 663 663 663 664 664 664 643 643 643 645 645 645 643 643 643 664 664 664 652 652 652 665 665 665 652 652 652 664 664 664 652 652 652 665 665 665 654 654 654 666 666 666 654 654 654 665 665 665 654 654 654 666 666 666 656 656 656 667 667 667 656 656 656 666 666 666 656 656 656 667 667 667 658 658 658 668 668 668 658 658 658 667 667 667 658 658 658 668 668 668 660 660 660 669 669 669 660 660 660 668 668 668 660 660 660 669 669 669 662 662 662 670 670 670 662 662 662 669 669 669 662 662 662 670 670 670 671 671 671 672 672 672 671 671 671 670 670 670 671 671 671 672 672 672 673 673 673 674 674 674 673 673 673 672 672 672 675 675 675 673 673 673 674 674 674 662 662 662 671 671 671 663 663 663 663 663 663 671 671 671 676 676 676 673 673 673 676 676 676 671 671 671 676 676 676 673 673 673 677 677 677 675 675 675 677 677 677 673 673 673 677 677 677 675 675 675 678 678 678 679 679 679 678 678 678 675 675 675 678 678 678 679 679 679 680 680 680 681 681 681 680 680 680 679 679 679 680 680 680 681 681 681 682 682 682 683 683 683 682 682 682 681 681 681 682 682 682 683 683 683 684 684 684 685 685 685 684 684 684 683 683 683 684 684 684 685 685 685 686 686 686 687 687 687 686 686 686 685 685 685 686 686 686 687 687 687 688 688 688 689 689 689 688 688 688 687 687 687 688 688 688 689 689 689 690 690 690 691 691 691 675 675 675 674 674 674 675 675 675 691 691 691 679 679 679 692 692 692 679 679 679 691 691 691 679 679 679 692 692 692 681 681 681 693 693 693 681 681 681 692 692 692 681 681 681 693 693 693 683 683 683 694 694 694 683 683 683 693 693 693 683 683 683 694 694 694 685 685 685 695 695 695 685 685 685 694 694 694 685 685 685 695 695 695 687 687 687 696 696 696 687 687 687 695 695 695 687 687 687 696 696 696 689 689 689 697 697 697 689 689 689 696 696 696 689 689 689 697 697 697 698 698 698 699 699 699 698 698 698 697 697 697 698 698 698 699 699 699 700 700 700 701 701 701 700 700 700 699 699 699 702 702 702 700 700 700 701 701 701 689 689 689 698 698 698 690 690 690 690 690 690 698 698 698 703 703 703 700 700 700 703 703 703 698 698 698 703 703 703 700 700 700 704 704 704 702 702 702 704 704 704 700 700 700 704 704 704 702 702 702 705 705 705 706 706 706 707 707 707 708 708 708 709 709 709 708 708 708 707 707 707 710 710 710 709 709 709 711 711 711 707 707 707 711 711 711 709 709 709 711 711 711 707 707 707 712 712 712 712 712 712 707 707 707 713 713 713 706 706 706 713 713 713 707 707 707 713 713 713 706 706 706 714 714 714 715 715 715 714 714 714 706 706 706 714 714 714 715 715 715 716 716 716 717 717 717 716 716 716 715 715 715 716 716 716 717 717 717 718 718 718 719 719 719 718 718 718 717 717 717 718 718 718 719 719 719 720 720 720 721 721 721 720 720 720 719 719 719 720 720 720 721 721 721 722 722 722 723 723 723 722 722 722 721 721 721 722 722 722 723 723 723 724 724 724 725 725 725 724 724 724 723 723 723 724 724 724 725 725 725 726 726 726 727 727 727 706 706 706 708 708 708 706 706 706 727 727 727 715 715 715 728 728 728 715 715 715 727 727 727 715 715 715 728 728 728 717 717 717 729 729 729 717 717 717 728 728 728 717 717 717 729 729 729 719 719 719 730 730 730 719 719 719 729 729 729 719 719 719 730 730 730 721 721 721 731 731 731 721 721 721 730 730 730 721 721 721 731 731 731 723 723 723 732 732 732 723 723 723 731 731 731 723 723 723 732 732 732 725 725 725 733 733 733 725 725 725 732 732 732 725 725 725 733 733 733 734 734 734 735 735 735 734 734 734 733 733 733 734 734 734 735 735 735 736 736 736 737 737 737 736 736 736 735 735 735 738 738 738 736 736 736 737 737 737 725 725 725 734 734 734 726 726 726 726 726 726 734 734 734 739 739 739 736 736 736 739 739 739 734 734 734 739 739 739 736 736 736 740 740 740 738 738 738 740 740 740 736 736 736 740 740 740 738 738 738 741 741 741 742 742 742 741 741 741 738 738 738 741 741 741 742 742 742 743 743 743 744 744 744 743 743 743 742 742 742 743 743 743 744 744 744 745 745 745 746 746 746 745 745 745 744 744 744 745 745 745 746 746 746 747 747 747 748 748 748 747 747 747 746 746 746 747 747 747 748 748 748 749 749 749 750 750 750 749 749 749 748 748 748 749 749 749 750 750 750 751 751 751 752 752 752 751 751 751 750 750 750 751 751 751 752 752 752 753 753 753 754 754 754 738 738 738 737 737 737 738 738 738 754 754 754 742 742 742 755 755 755 742 742 742 754 754 754 742 742 742 755 755 755 744 744 744 756 756 756 744 744 744 755 755 755 744 744 744 756 756 756 746 746 746 757 757 757 746 746 746 756 756 756 746 746 746 757 757 757 758 758 758 759 759 759 758 758 758 757 757 757 758 758 758 759 759 759 750 750 750 760 760 760 750 750 750 759 759 759 750 750 750 760 760 760 752 752 752 761 761 761 752 752 752 760 760 760 752 752 752 761 761 761 762 762 762 763 763 763 762 762 762 761 761 761 762 762 762 763 763 763 764 764 764 765 765 765 764 764 764 763 763 763 766 766 766 764 764 764 765 765 765 752 752 752 762 762 762 753 753 753 753 753 753 762 762 762 767 767 767 768 768 768 767 767 767 762 762 762 767 767 767 768 768 768 769 769 769 770 770 770 769 769 769 768 768 768 769 769 769 770 770 770 771 771 771</p>
      </triangles>
    </mesh></geometry>
  </library_geometries>
  <library_visual_scenes>
    <visual_scene id="Scene" name="Scene">
      <node id="vfx_kurp_0177" name="vfx_kurp_0177" type="NODE">
        <instance_geometry url="#vfx_kurp_0177-mesh"><bind_material><technique_common><instance_material symbol="PreviewMaterial" target="#PreviewMaterial"><bind_vertex_input semantic="UVSET0" input_semantic="TEXCOORD" input_set="0"/></instance_material></technique_common></bind_material></instance_geometry>
      </node>
    </visual_scene>
  </library_visual_scenes>
  <scene><instance_visual_scene url="#Scene"/></scene>
</COLLADA>
