<?xml version="1.0" encoding="utf-8"?>
<COLLADA xmlns="http://www.collada.org/2005/11/COLLADASchema" version="1.4.1">
  <asset>
    <contributor><authoring_tool>Morrobroom Kurpulio VFX preview converter</authoring_tool></contributor>
    <unit name="unit" meter="1"/>
    <up_axis>Z_UP</up_axis>
  </asset>
  <library_images>
    <image id="VFXTexture" name="darkmap_newgen-1.dds">
      <init_from>../../../Textures/Kurp/darkmap_newgen-1.dds</init_from>
    </image>
  </library_images>
  <library_effects>
    <effect id="PreviewEffect">
      <profile_COMMON>
        <newparam sid="VFXTexture-surface">
          <surface type="2D"><init_from>VFXTexture</init_from></surface>
        </newparam>
        <newparam sid="VFXTexture-sampler">
          <sampler2D><source>VFXTexture-surface</source></sampler2D>
        </newparam>
        <technique sid="common"><phong>
          <emission><color>0.08 0.08 0.08 1</color></emission>
          <ambient><color>0.2 0.2 0.2 1</color></ambient>
          <diffuse><texture texture="VFXTexture-sampler" texcoord="UVSET0"/></diffuse>
          <specular><color>0.15 0.15 0.15 1</color></specular>
          <shininess><float>8</float></shininess>
          <transparent opaque="A_ONE"><texture texture="VFXTexture-sampler" texcoord="UVSET0"/></transparent>
          <transparency><float>1</float></transparency>
        </phong></technique>
      </profile_COMMON>
      <extra><technique profile="GOOGLEEARTH"><double_sided>1</double_sided></technique></extra>
    </effect>
  </library_effects>
  <library_materials><material id="PreviewMaterial" name="PreviewMaterial"><instance_effect url="#PreviewEffect"/></material></library_materials>
  <library_geometries>
    <geometry id="vfx_kurp_1189-mesh" name="vfx_kurp_1189"><mesh>
      <source id="vfx_kurp_1189-mesh-positions">
        <float_array id="vfx_kurp_1189-mesh-positions-array" count="8424">3.84569614 2.03466032 15.6302935 4.50498458 1.83834616 15.4072138 3.48046355 2.85906228 13.8470711 4.32512482 2.6224069 13.6496482 5.0350478 1.39571448 15.1828706 5.03328387 2.10004736 13.4568163 5.33264815 0.854737785 14.9766444 5.52114991 1.34683304 13.2624643 5.42907379 0.146864937 14.7495537 5.70969145 0.482302744 13.0744638 5.26752623 -0.555442992 14.5214282 5.59243685 -0.387716802 12.8880578 4.86786908 -1.1591426 14.2924559 5.18548601 -1.15731153 12.7026064 4.33908717 2.11159671 17.3998104 3.14702028 1.94920173 15.8514201 3.47866909 2.10392358 17.5833565 5.1376588 1.80559942 17.2146317 5.77495795 1.2238895 17.0271948 6.15960162 0.454069585 16.8406142 6.24999816 -0.43086042 16.6476575 6.03155299 -1.29988125 16.4509356 5.52777083 -2.04148712 16.2502159 4.79679766 -2.55913954 16.0454201 4.27774596 -1.58623778 14.0642093 4.53815916 -1.73807536 12.5194772 2.58327555 1.63075302 16.0515058 2.67109153 1.77712112 17.7649476 2.0842069 1.04175133 16.2694204 2.01095039 1.17005537 17.9475916 1.80047734 0.289626802 16.4861965 1.58512897 0.366065812 18.1300124 1.77207001 -0.530735464 16.7020417 1.44746598 -0.536422826 18.3124467 1.9800368 -1.22200748 16.8980677 1.63037798 -1.42507563 18.4964678 2.43672709 -1.87629817 17.1121372 2.10092768 -2.17757248 18.6814636 3.06826078 -2.31803783 17.3249459 2.79769223 -2.70475635 18.8677621 3.7066771 -2.48618646 17.5175385 3.64632365 -2.93737953 19.0574308 4.43494738 -2.3951283 17.7271103 4.51843018 -2.83010913 19.2457338 3.56964893 -2.79842619 15.7591663 2.64398256 -2.58003066 15.5455594 1.81927342 -2.0305871 15.3286089 1.20750017 -1.22530273 15.1118233 0.884548645 -0.265736494 14.8963023 0.895331749 0.732759972 14.6812247 1.22107135 1.63821623 14.4687821 1.81402088 2.34406724 14.2591825 2.60586387 2.76920842 14.0501876 5.07349236 -2.04314152 17.9345192 5.30765188 -2.41088686 19.4339413 5.54270433 -1.48026304 18.1395972 5.91715076 -1.73026928 19.622639 5.74782957 -0.863216083 18.3244344 6.25805677 -0.843307735 19.8161737 5.73520233 -0.126818858 18.5255509 6.28270815 0.0979681671 20.0056057 5.46901408 0.555790888 18.7264556 5.99569687 0.994934942 20.1948012 5.0412558 1.03025617 18.9102266 5.4030678 1.74471614 20.3897225 4.41442946 1.36455627 19.1126745 4.62076964 2.22347665 20.5800816 3.72145941 1.45017982 19.3170202 3.73542463 2.39766445 20.7706676 3.52743812 1.85402229 17.5777756 4.34763594 1.87725186 17.381931 5.11615968 1.58607348 17.1856134 5.71284183 1.03143897 16.9932688 6.06984135 0.245444053 16.7935886 6.12332974 -0.638672222 16.5917035 5.86533998 -1.48529226 16.3911727 5.29269013 -2.19783062 16.183247 4.49520914 -2.65860353 15.9725156 1.69304719 -0.934615544 15.6302931 1.49585821 -0.111949795 15.4072132 0.921333738 -0.842069569 13.849786 0.668675709 0.0802755791 13.6479902 1.56384684 0.71172896 15.1828889 0.735449341 1.00882574 13.4506996 1.83279053 1.3568317 14.9764764 1.12129279 1.8428701 13.2560107 2.34064479 1.90518529 14.7488343 1.75903951 2.45718472 13.0658813 2.97920909 2.20969284 14.5201622 2.56391531 2.80630876 12.8779549 3.66267004 2.24415131 14.290875 3.43877559 2.85268748 12.6966347 1.5299234 -1.30548388 17.3998167 2.13778497 -1.6530937 15.8514197 1.97514077 -2.12857529 17.5833553 1.3723002 -0.368966253 17.214634 1.5191032 0.570163119 17.0271949 1.9434227 1.38133039 16.8406141 2.60552877 1.99067911 16.6476532 3.40623844 2.31643348 16.4509407 4.24374593 2.3230361 16.2502151 5.01134699 2.014796 16.0454212 4.30132597 2.01641513 14.0618187 4.27584704 2.59910533 12.5194783 2.70074662 -2.11840284 16.0515064 2.65710634 -2.73057515 17.7649503 3.4520396 -2.39394948 16.2694249 3.4986429 -3.04576006 17.9475923 4.22749031 -2.38220912 16.4862065 4.38878058 -3.03745125 18.1300226 4.93093713 -2.09246317 16.7020515 5.21947997 -2.7068637 18.3124261 5.40984465 -1.63331668 16.8980716 5.88192208 -2.08236187 18.4962982 5.73720136 -0.962687866 17.1121389 6.29153843 -1.25746186 18.6811774 5.80425933 -0.228812902 17.3249417 6.40242105 -0.334687736 18.8671761 5.64192289 0.388246249 17.5175361 6.19134656 0.58288989 19.0564059 5.22248444 0.961557819 17.7271193 5.68345812 1.35596674 19.2445524 5.79266626 1.15875571 15.7591799 6.05723138 0.31644195 15.5455551 5.99963626 -0.592950334 15.3286067 5.62334321 -1.43259987 15.1118701 4.97170432 -2.08573244 14.8965925 4.11498202 -2.4577817 14.6822781 3.17001786 -2.50691709 14.4705395 2.25004826 -2.22777369 14.2615141 1.46540118 -1.64586467 14.0540469 4.63064698 1.33244195 17.9345338 4.95476551 1.90381596 19.4333149 3.9456711 1.45541985 18.1395891 4.09340635 2.16433143 19.6224934 3.34240393 1.32626273 18.3244455 3.19126861 2.08691205 19.8162457 2.74644265 0.955256838 18.5256975 2.40082381 1.70464687 20.0062291 2.32032198 0.39834081 18.7267989 1.80315693 1.07183122 20.1957853 2.14740613 -0.189184775 18.9107342 1.48208424 0.244476859 20.3906917 2.19240202 -0.869297646 19.1133825 1.48531458 -0.615437321 20.5805207 2.48021816 -1.47198218 19.3177951 1.79820797 -1.41211274 20.7706816 2.15667087 -1.95811993 17.5777782 1.7176097 -1.17566828 17.3819296 1.56159608 -0.269302048 17.1856175 1.70551231 0.622389982 16.9932612 2.15519454 1.42316441 16.7935884 2.83360236 2.00384592 16.5916973 3.63492359 2.28534372 16.3911796 4.4822227 2.21899908 16.1832443 5.23617383 1.82547582 15.9725138 5.19587777 -1.42558914 15.6302874 4.59756021 -1.89266665 15.4072097 5.33624906 -1.2584418 13.8547032 4.6661251 -1.86464036 13.6564868 3.86128624 -2.11562405 15.1828941 3.82208095 -2.20498316 13.4614624 3.16877611 -2.07846332 14.976683 2.88987837 -2.23450528 13.2642149 2.4283922 -1.77076009 14.7492069 2.01955849 -1.94868067 13.0729917 1.82119674 -1.23414199 14.5204661 1.29748497 -1.39765173 12.8844016 1.41591962 -0.53590098 14.2912217 0.801247993 -0.648327394 12.6986314 5.74711737 -2.15660753 17.3998169 5.58252537 -0.779342613 15.8514224 6.21893999 -1.37907437 17.583359 5.04092353 -2.72019724 17.2146344 4.18285081 -2.99718591 17.0271974 3.29277751 -2.94678558 16.8406186 2.44912425 -2.5652774 16.6476559 1.76703601 -1.90392096 16.4509433 1.32518712 -1.03968948 16.2502138 1.17279364 -0.0749190575 16.0454102 1.25467273 0.237313028 14.0612745 0.589764683 0.206986917 12.5194769 5.70043184 -0.1358252 16.0515023 6.39238651 -0.489405375 17.7649461 5.57105008 0.581369569 16.2694205 6.25060218 0.407728462 17.9475955 5.19522554 1.18337068 16.4861963 5.81645471 1.19361209 18.1299951 4.6280458 1.58682553 16.7020433 5.14250681 1.77260499 18.3123147 4.0316603 1.71450757 16.898071 4.30552213 2.06243641 18.4962002 3.33746552 1.59788946 17.1121308 3.42521065 2.03451559 18.6810585 2.71818619 1.22186552 17.3249433 2.60998891 1.70017361 18.8672482 2.30478777 0.711753918 17.5175303 1.95804818 1.09210103 19.0569113 2.05386949 -0.00228117214 17.7271194 1.57411738 0.300520804 19.2454624 1.4499728 1.22203516 15.7591665 1.98197406 1.99861828 15.5455529 2.73099408 2.51304983 15.3286081 3.58588941 2.69837459 15.1118083 4.43089065 2.53679007 14.8963247 5.15119045 2.04846884 14.6817929 5.65025596 1.32049315 14.4700878 5.86447375 0.449959498 14.2622346 5.75576217 -0.454829793 14.0564204 2.05351173 -0.755965363 17.9345323 1.4895384 -0.567608906 19.4345056 2.30326293 -1.45299118 18.1396086 1.71407089 -1.40196491 19.6236727 2.71996575 -1.93259808 18.3245185 2.24534376 -2.09551526 19.8171429 3.3364545 -2.26732953 18.5257725 2.98065438 -2.53594838 20.0067296 4.0267924 -2.34065431 18.7268185 3.83420412 -2.67793268 20.1958833 4.61853346 -2.16331988 18.9105801 4.71541251 -2.47288395 20.3903031 5.18318584 -1.73187058 19.1128638 5.46259767 -1.96608268 20.5799984 5.56460636 -1.1149133 19.316992 6.00314254 -1.21757673 20.7706682 5.98704358 -1.29820748 17.5777686 5.54492981 -2.04617804 17.3819298 4.86218158 -2.58869584 17.1856103 4.04434247 -2.84111404 16.993258 3.14920491 -2.75516407 16.7935872 2.31999504 -2.33800944 16.5916962 1.67298974 -1.64978312 16.3911689 1.28447985 -0.73457046 16.1832391 1.20724996 0.264581794 15.9725151 4.00001822 2.4873657 22.3462444 4.77853456 2.19416387 22.1581741 4.09000307 2.79409358 20.858562 5.07014285 2.49593505 20.6905017 5.41796373 1.64514459 21.9696328 5.90713663 1.87533386 20.5239274 5.80134043 0.997927406 21.7968882 6.50555834 0.979116034 20.3551367 5.97402809 0.161262856 21.6068706 6.7670188 -0.0587040302 20.18993 5.8666669 -0.679750998 21.4159986 6.68096702 -1.12595572 20.0254519 5.49720643 -1.42777406 21.2243769 6.25787719 -2.10162699 19.8616985 4.14453934 3.25299957 23.865066 3.17657075 2.48953045 22.5340858 3.10326574 3.29429354 24.01695 5.09822421 2.85815659 23.7098536 5.85253254 2.16298055 23.5506836 6.30908708 1.27280883 23.3901422 6.43049522 0.269049997 23.2221298 6.21184598 -0.708113709 23.0508558 5.6880424 -1.54502168 22.8768103 4.92847904 -2.14702516 22.7002338 4.91434175 -1.99778675 21.0322517 5.54680772 -2.87490345 19.698874 2.50074448 2.24007207 22.7054687 2.1092203 2.96366788 24.1653666 1.88336323 1.70851731 22.8934304 1.2774942 2.29459873 24.3128868 1.49745354 0.989907056 23.0814989 0.718248398 1.37435362 24.4590986 1.39354751 0.175757649 23.2695694 0.50276531 0.311958191 24.6045036 1.56404491 -0.529400544 23.4398099 0.678484734 -0.764146011 24.7501813 2.01811427 -1.21568916 23.62307 1.21439685 -1.70722842 24.8950675 2.68670799 -1.69277927 23.8025592 2.04206336 -2.40275916 25.0394329 3.3844078 -1.88288517 23.9627059 3.07438749 -2.75802745 25.1850381 4.20069388 -1.7913926 24.1346 4.15456717 -2.70579882 25.3285718 3.66349878 -2.49188094 22.4555192 2.71934783 -2.3472216 22.2747273 1.88897233 -1.8679153 22.0920127 1.28842228 -1.12349704 21.910269 0.997463199 -0.211285486 21.7304898 1.06455112 0.754140909 21.5517787 1.4702351 1.63964167 21.3754003 2.16671002 2.3331189 21.2014671 3.08215171 2.73985156 21.0284839 4.92866204 -1.40557875 24.3023837 5.14889656 -2.26926042 25.4712967 5.4693743 -0.774248682 24.4667627 5.9294412 -1.49952506 25.6131938 5.70549203 -0.0732927899 24.6141453 6.37638528 -0.460791456 25.7575665 5.68331564 0.772371117 24.7733935 6.42258729 0.661222472 25.89859 5.35210777 1.56120483 24.930679 6.06637595 1.74186717 26.0394131 4.81837384 2.10722815 25.0730339 5.30582769 2.64720906 26.1847797 4.02959929 2.48196555 25.2283588 4.28514909 3.21476913 26.3273157 3.14816627 2.54904428 25.3836398 3.1157827 3.39296708 26.4714521 3.16166475 3.01095715 24.0123648 4.15770104 2.98642233 23.8501734 5.07762631 2.60726156 23.6853442 5.7856018 1.9429997 23.5216443 6.21248611 1.03456356 23.3493498 6.29520893 0.0322285734 23.1733551 6.03649773 -0.920211926 22.9989435 5.44239404 -1.72799821 22.8189567 4.61608826 -2.27358853 22.6376595 1.66098032 -0.601566925 22.3462411 1.51492796 0.163783123 22.1581611 1.26481624 -1.27790222 20.8585608 1.0148552 -0.336372449 20.6905022 1.65455661 0.930789151 21.9696348 1.10981121 0.642227651 20.5239257 2.00485087 1.52472538 21.7968995 1.55694008 1.54881571 20.355148 2.61902016 2.01862848 21.6068608 2.29192223 2.23175913 20.1899296 3.37488212 2.26546284 21.4159885 3.2245818 2.62424963 20.0254398 4.18077197 2.23263984 21.2243763 4.24728019 2.67478544 19.8616805 0.879964198 -0.561857388 23.8650666 2.07583303 -1.26547746 22.5340769 1.34051453 -1.4821638 24.0169528 0.761987558 0.456745534 23.709854 0.996309777 1.4488158 23.5506894 1.54120614 2.27542403 23.3901497 2.34580331 2.86148537 23.2221255 3.29398156 3.12876463 23.0508513 4.27168085 3.05016362 22.8768095 5.16361531 2.63945244 22.7002368 4.94034261 1.92093147 21.0322567 5.24204266 2.37124008 19.6988712 2.62950279 -1.68389849 22.7054771 2.09268555 -2.1768329 24.1653637 3.39318257 -1.91117169 22.8934234 3.05036822 -2.56174403 24.3128953 4.19879798 -1.84917865 23.0815071 4.08459655 -2.58449518 24.4590993 4.94271206 -1.50071366 23.2695792 5.0667399 -2.23757476 24.6044907 5.45330873 -0.975519683 23.4398119 5.86302018 -1.54404214 24.7501834 5.79987577 -0.212757275 23.6230736 6.3636075 -0.604669681 24.8950673 5.85464706 0.629376212 23.8025626 6.50451224 0.463318463 25.0394324 5.64622096 1.34849015 23.9627111 6.24923492 1.53738855 25.1850335 5.13019197 2.02829741 24.1345955 5.61948215 2.44726208 25.3285747 6.08369898 1.62825211 22.455507 6.42477502 0.665853776 22.2747363 6.42174297 -0.369897272 22.0920163 6.07662221 -1.34031345 21.9102709 5.43309864 -2.12514701 21.7304882 4.56494037 -2.62370331 21.551785 3.59559793 -2.78489233 21.3754087 2.64447776 -2.59366054 21.2014794 1.82786043 -2.06566725 21.0284828 4.4012147 2.4801425 24.302383 4.70175267 3.08813254 25.4712939 3.55103644 2.64218621 24.466764 3.6041288 3.374393 25.6131834 2.79354511 2.50017496 24.6141448 2.4408872 3.23395644 25.7575659 2.03429191 2.0579549 24.7733971 1.40762527 2.7021918 25.8985896 1.47570232 1.37219589 24.9306829 0.611948093 1.84028554 26.0393998 1.22921827 0.629781226 25.0730399 0.169346031 0.713689461 26.1847838 1.25180785 -0.251171131 25.2283555 0.150557082 -0.469795876 26.3273183 1.58432869 -1.0601947 25.3836443 0.543757202 -1.58750456 26.471453 1.55498465 -1.28972004 24.0123618 1.10396821 -0.418288454 23.8501626 0.989982282 0.561798929 23.6853579 1.22051097 1.49698473 23.5216386 1.79541923 2.3048113 23.3493458 2.6172071 2.85364095 23.1733527 3.56339146 3.07056835 22.9989447 4.5504208 2.91205826 22.8189521 5.42654287 2.41094495 22.6376606 5.46710889 -1.11232749 22.3462469 4.87894418 -1.69005422 22.1581615 6.13759592 -1.73543473 20.858559 5.44775476 -2.50168571 20.6905045 4.14539701 -2.02211577 21.9696296 4.55496928 -2.98079516 20.523932 3.45410831 -2.07946582 21.7968887 3.54810523 -3.11238452 20.3551508 2.71435599 -1.86397932 21.6068614 2.58839984 -2.87393011 20.18994 2.11339256 -1.40231286 21.4159911 1.77707159 -2.31210069 20.0254444 1.7246257 -0.758001767 21.2243768 1.21115016 -1.4956042 19.8617041 5.78083443 -1.51206108 23.8650687 5.83288532 -0.354689337 22.5340787 6.31599388 -0.636337909 24.0169469 4.98682245 -2.13975965 23.7098583 4.03583182 -2.44836335 23.5506787 3.06712926 -2.40441392 23.3901467 2.17050249 -2.01600017 23.2221245 1.47211369 -1.3489937 23.0508559 1.05233331 -0.490278883 22.8768063 0.956809274 0.452632041 22.7002353 1.59535349 -0.0154949024 21.0322456 0.959350605 -0.522207665 19.6988679 5.91753429 0.391121095 22.7054672 6.5088405 0.378956519 24.1653671 5.73216324 1.2234808 22.8934267 6.3298538 1.41644748 24.3128965 5.2759201 1.93959398 23.0815045 5.79881967 2.33691921 24.4590984 4.60239755 2.44890356 23.2695842 4.97358753 3.02423148 24.6044917 3.89049991 2.655641 23.4398093 3.94058081 3.37323443 24.7501863 3.05020508 2.59816653 23.6230731 2.84166262 3.33873369 24.8950609 2.28136577 2.24178526 23.8025547 1.80973009 2.92395485 25.039432 1.74595652 1.71216874 23.962711 0.968189867 2.15876557 25.1850334 1.39039216 0.931509216 24.1345995 0.454192286 1.14792701 25.3285749 1.35580383 1.6941367 22.4555051 2.00067531 2.41574636 22.2747284 2.87755088 2.86654378 22.0920062 3.86737016 2.98021877 21.910274 4.84615523 2.73574305 21.7304759 5.69163147 2.14765582 21.5517822 6.29922561 1.29998032 21.3754041 6.59709258 0.290915305 21.2014789 6.54096234 -0.769288644 21.0284826 1.33174061 0.0761247896 24.302391 0.314958063 0.0197423389 25.4712963 1.57822584 -0.742511763 24.4667531 0.570900307 -1.08836862 25.6131823 2.04007169 -1.33033685 24.6141455 1.22667928 -2.04071053 25.7575592 2.75457862 -1.77109446 24.7733958 2.15676706 -2.68407217 25.8985867 3.57631951 -1.91663157 24.930672 3.25434038 -2.95558187 26.0394044 4.29386261 -1.76289604 25.0730403 4.40455336 -2.78789807 26.1847825 4.99119731 -1.3070906 25.228348 5.39557729 -2.22304828 26.3273167 5.47148523 -0.618813674 25.3836385 6.12660953 -1.33318942 26.4714606 6.04457101 -0.545239285 24.0123616 5.54788372 -1.3891077 23.8501647 4.78555757 -1.99521437 23.685347 3.88487278 -2.27951557 23.5216374 2.91700802 -2.20178223 23.3493504 2.04298237 -1.78215092 23.1733535 1.38798086 -1.09430963 22.9989531 1.03109458 -0.190783304 22.8189602 1.01979327 0.780270576 22.6376647 4.15546915 1.73914898 18.9676797 4.87171056 1.42560704 18.7284734 4.04846972 2.01402096 17.1664559 4.84581396 1.79250288 16.9670388 5.4424933 0.890186133 18.4937075 5.51303176 1.29537911 16.764961 5.77221485 0.288534269 18.2820873 5.94893113 0.567733207 16.5563373 5.89969022 -0.460229611 18.0521718 6.07922367 -0.27314169 16.350813 5.76656741 -1.18814678 17.8232424 5.90546291 -1.12840615 16.1454336 5.39086989 -1.81680016 17.5950263 5.44327002 -1.89387223 15.9367736 4.25923258 2.7761584 21.2763572 3.35587475 1.78433364 19.2126919 3.26771694 2.81711623 21.5591502 5.13516628 2.39571897 20.9945846 5.81862615 1.71002254 20.7159688 6.2502321 0.812949825 20.4479559 6.38140396 -0.215454869 20.1832829 6.19121045 -1.22420692 19.9284937 5.7163461 -2.08525275 19.6795925 5.02147143 -2.6959144 19.4354939 4.8189982 -2.27212029 17.3695206 4.74474134 -2.4757589 15.7187161 2.68961191 1.58401512 19.442619 2.36476669 2.52135694 21.8394733 2.11055405 1.11027701 19.7029837 1.65543813 1.93805784 22.119001 1.777983 0.452068334 19.9732227 1.17426545 1.15744619 22.3927095 1.68994491 -0.29187091 20.2564507 0.987248677 0.277977137 22.6579475 1.8283092 -0.916924307 20.5293333 1.15132937 -0.596462063 22.9132825 2.22001861 -1.49460693 20.8412287 1.64466056 -1.3544296 23.1531718 2.84823016 -1.84988384 21.1618465 2.40704351 -1.90656002 23.3766712 3.53312259 -1.93290771 21.4575313 3.34855709 -2.17757787 23.5865482 4.31847646 -1.74976868 21.7811645 4.31220993 -2.11384841 23.781609 3.8317766 -3.03005709 19.1093793 2.94833227 -2.8734668 18.8760648 2.22515238 -2.39451359 18.6455845 1.73392869 -1.67417774 18.4206489 1.49603093 -0.813149143 18.2014448 1.5518701 0.0815462435 17.9859257 1.89193879 0.895597275 17.774721 2.4757824 1.53874694 17.5681398 3.23101396 1.93050832 17.3652836 4.97203847 -1.31809322 22.099148 5.15611198 -1.73497335 23.9650958 5.42830955 -0.696978958 22.4069101 5.79178874 -1.08197132 24.1396181 5.62176085 -0.0479202862 22.6752167 6.15273383 -0.207437819 24.3125821 5.60283603 0.70663503 22.9527873 6.17877282 0.736929146 24.4809092 5.332073 1.39853463 23.2097948 5.86492704 1.65036256 24.65085 4.88881274 1.8750636 23.4270989 5.20841228 2.42140591 24.8291736 4.20371308 2.20569635 23.6471306 4.31848196 2.91041257 25.0074687 3.41759528 2.27721874 23.8519245 3.29881097 3.07342257 25.1938986 3.32319793 2.55872843 21.5505405 4.27148972 2.52777679 21.2489505 5.11790577 2.1555852 20.9509598 5.76138474 1.4928561 20.6664426 6.16607085 0.569988394 20.3821734 6.25996692 -0.462296435 20.1092645 6.03188346 -1.44588068 19.853369 5.49252831 -2.27381948 19.5987 4.73219104 -2.82224627 19.3508401 1.99515266 -1.21332486 18.967684 1.89842184 -0.488602623 18.7284757 1.62823725 -1.58157787 17.167229 1.36833762 -0.697603986 16.9700452 2.03846761 0.226461972 18.4937057 1.4034408 0.216044501 16.7722587 2.35643471 0.771616256 18.2820815 1.73507031 1.06428498 16.5684755 2.90124994 1.22123827 18.0521734 2.29871033 1.71351801 16.3642804 3.5484636 1.45217855 17.8232362 3.0027074 2.1086275 16.1560742 4.21784379 1.44570281 17.5951345 3.76499238 2.20797254 15.9416004 1.29046368 -0.764664192 21.2763635 2.32454209 -1.84770285 19.2126907 1.6825577 -1.53560677 21.5591605 1.190513 0.128033227 20.9946041 1.37694701 1.02523805 20.7159784 1.80864546 1.78614 20.4479653 2.50328887 2.32265529 20.1832882 3.43159327 2.54541869 19.9284892 4.40329515 2.42220788 19.6795974 5.23826426 1.97222044 19.4354893 4.84207898 1.20346434 17.36915 4.4932844 2.00461969 15.7187115 2.81127201 -2.24377727 19.4426235 2.35004337 -2.07719195 21.8394798 3.54008354 -2.44153507 19.7029938 3.25173413 -2.32881468 22.1189904 4.32607877 -2.33663574 19.9732174 4.22557913 -2.26470897 22.3927082 5.01673537 -1.93001544 20.2564624 5.09034424 -1.89655022 22.6579441 5.46980401 -1.34848511 20.5293334 5.75077886 -1.25546075 22.9132826 5.76467761 -0.539261059 20.8412229 6.16730553 -0.427592305 23.1531544 5.79639192 0.320985363 21.1618461 6.28777067 0.494052529 23.3767642 5.60150179 1.03150982 21.4575289 6.07375744 1.41153053 23.5868127 5.1481273 1.68036788 21.7811753 5.55124536 2.1869223 23.7813698 6.08319125 0.936508564 19.109392 6.39008856 -0.00803448185 18.8760624 6.37213531 -0.989368925 18.6455767 6.03714733 -1.87470595 18.4206451 5.42815962 -2.5598846 18.2014432 4.61661765 -2.96656773 17.9859338 3.73500441 -3.06491342 17.7747255 2.88776608 -2.84981496 17.5682855 2.15387713 -2.33120177 17.3657231 4.50680701 2.10022046 22.0991589 4.77999169 2.73460665 23.9652534 3.73516239 2.25396628 22.4069115 3.8153291 2.98506096 24.1393809 3.05010763 2.14535154 22.6752068 2.77813391 2.88079395 24.3113703 2.37699982 1.79182681 22.9527852 1.85514795 2.4482353 24.4810367 1.88436048 1.23980563 23.2096803 1.151157 1.73321672 24.6526849 1.67104902 0.638298509 23.4267081 0.772159517 0.789142716 24.8317278 1.70073212 -0.0770450652 23.6465416 0.767578813 -0.212039437 25.009039 2.00976764 -0.73404121 23.851925 1.11488431 -1.16939648 25.1938975 1.86322769 -1.3626417 21.5505412 1.47419784 -0.637849148 21.2489473 1.37475773 0.219128382 20.9509563 1.55474742 1.06413141 20.6664446 2.01709982 1.80606609 20.3821789 2.76068152 2.30433786 20.1092716 3.70329128 2.47501848 19.8533626 4.66808762 2.27084716 19.5986954 5.48030779 1.73358945 19.3508488 5.51256635 -1.701525 18.9676746 4.9638103 -2.23637107 18.7284741 5.85358173 -1.98550873 17.1633476 5.17934076 -2.60128266 16.9675679 4.28157129 -2.5171501 18.4937043 4.33405444 -2.95554613 16.7741266 3.64602294 -2.53351194 18.282084 3.41775296 -2.99778382 16.5725618 2.98488175 -2.29367229 18.0521702 2.54854315 -2.7153872 16.3674092 2.4534748 -1.83590922 17.8232406 1.79182479 -2.15272928 16.1582378 2.0953855 -1.21983678 17.5951597 1.24198815 -1.37372304 15.9429133 5.72613741 -1.64661474 21.276356 5.85341993 -0.966740001 19.212702 6.17916023 -0.764819032 21.5591413 5.03554093 -2.32388673 20.9945931 4.15355676 -2.7116249 20.7159772 3.1958906 -2.75636911 20.4479489 2.3430127 -2.45261972 20.1832966 1.75927333 -1.85385412 19.92849 1.44111745 -1.05064443 19.6795923 1.38237181 -0.160530835 19.4354878 1.95238693 -0.513985461 17.3697301 0.959777664 -0.466478614 15.7187091 5.93139604 -0.219616767 19.4426194 6.33153292 0.209144494 21.839487 5.75630035 0.634337269 19.7029818 6.16091663 1.16649571 22.1189936 5.33113602 1.3849026 19.9732263 5.70329875 1.98951984 22.3927132 4.70176858 1.92930337 20.2564579 5.01167783 2.59130831 22.6579318 4.01276699 2.16417351 20.5293251 4.10950474 2.89955053 22.9132819 3.18522707 2.13829143 20.8412205 3.11937336 2.88729333 23.1531214 2.47152754 1.82835295 21.1618401 2.19643745 2.55512489 23.3767143 2.02025321 1.36514283 21.4575288 1.44001097 1.9309768 23.5870797 1.73580553 0.695436197 21.7811736 0.979866457 1.10203744 23.7823275 1.7283245 0.999936964 19.1093786 2.29691409 1.65611584 18.8760602 3.11252444 2.04642717 18.6455837 4.02479807 2.12124373 18.4206463 4.89498968 1.87653719 18.2014405 5.63454369 1.33903247 17.9859235 6.14581671 0.591557187 17.774721 6.36680226 -0.280358722 17.5676594 6.26690215 -1.18150372 17.36323 1.70162893 -0.0146228431 22.0991516 0.860815379 0.174862905 23.9665832 1.9352542 -0.669566117 22.4069043 1.09778582 -0.738790775 24.1412011 2.36548441 -1.11925504 22.6752073 1.69258105 -1.52861824 24.3130248 3.03022454 -1.4403674 22.9527743 2.52103121 -2.06681024 24.479956 3.78948783 -1.52200295 23.2097323 3.47247826 -2.29856651 24.6499161 4.43530151 -1.36433304 23.4270575 4.44459709 -2.16570496 24.8293594 5.03387227 -0.958699577 23.6472894 5.26057746 -1.69822057 25.0074046 5.42740494 -0.365925984 23.8532048 5.85532394 -0.952747718 25.1938936 5.94250308 -0.683822556 21.5505334 5.52377867 -1.54049955 21.2489341 4.85485539 -2.20161571 20.9509453 4.00629845 -2.56597264 20.6664471 3.0481886 -2.57928732 20.3821854 2.2306119 -2.24144431 20.1092705 1.69543875 -1.61692926 19.8533652 1.42949938 -0.768207961 19.598694 1.4383019 0.147715742 19.350851 4.14387445 1.26592177 17.9016569 4.70733102 1.09029614 17.7034452 3.90227715 2.11420403 16.2926861 4.62550801 1.95394915 16.1017186 5.1662835 0.717952218 17.5037974 5.2399509 1.52793038 15.9096582 5.43243404 0.263637785 17.3198299 5.66802965 0.874890891 15.7118939 5.53295379 -0.336341695 17.1160088 5.83157824 0.102066579 15.5149984 5.41460528 -0.941511195 16.9094755 5.71985112 -0.69602779 15.3164741 5.08862327 -1.47310687 16.6999705 5.3392565 -1.41919483 15.1167414 4.31112739 1.78537692 19.5487954 3.54798751 1.22270537 18.0988825 3.55362888 1.84914129 19.733154 5.00749804 1.46623608 19.3659627 5.56155906 0.928692243 19.1839312 5.90057179 0.248387393 19.0055694 5.99518307 -0.517032599 18.8238889 5.83692713 -1.26265004 18.6413824 5.44750528 -1.90199161 18.4577983 4.87467706 -2.36066377 18.2728924 4.59067802 -1.86063719 16.4873851 4.72683317 -1.97631146 14.9161361 3.06189975 0.999196969 18.2783678 2.83217048 1.64488266 19.9186685 2.62136117 0.571434607 18.4752521 2.22906714 1.19814269 20.1081732 2.35185885 0.0203616238 18.6739063 1.82309774 0.57211859 20.300167 2.28790411 -0.583334079 18.8748151 1.66542282 -0.154406974 20.494587 2.42125671 -1.09047162 19.0601942 1.79065062 -0.888362572 20.6923639 2.75938248 -1.56850567 19.2660525 2.17711567 -1.52392728 20.8914874 3.24984746 -1.88098721 19.4745105 2.77629167 -1.97786159 21.0917228 3.75795323 -1.9789459 19.6666797 3.52602229 -2.18168072 21.2949451 4.35013418 -1.86084942 19.8797801 4.31300195 -2.08694613 21.4959225 3.90421072 -2.6133097 18.016459 3.16632213 -2.48151253 17.8263878 2.50332721 -2.07679689 17.6335167 2.00603078 -1.44968747 17.4407084 1.73887609 -0.674772978 17.2487794 1.74270735 0.157592308 17.0565986 2.0068234 0.938873324 16.8652876 2.49768138 1.57539041 16.6747739 3.16166562 1.98686578 16.4831807 4.87732433 -1.52302293 20.0945342 5.03986432 -1.70960829 21.6957839 5.26882521 -1.00234908 20.3103372 5.61260526 -1.08673749 21.8939173 5.44005305 -0.433546934 20.5075837 5.94244818 -0.264129021 22.0943795 5.42447706 0.24908601 20.7241134 5.97855034 0.618403883 22.2885531 5.18463932 0.89249507 20.9407271 5.71820285 1.46878531 22.4803331 4.79691342 1.35383297 21.1385381 5.15876499 2.18768356 22.6756283 4.2221267 1.69629188 21.3555524 4.40577801 2.65017737 22.8640113 3.57756873 1.81244328 21.573055 3.54152804 2.81748823 23.0510459 3.59605359 1.63936156 19.7275025 4.32079911 1.58566107 19.5310075 4.99285536 1.27666744 19.3375871 5.51332176 0.76167024 19.1512736 5.83094405 0.0666500787 18.9610329 5.89668523 -0.698190331 18.7717096 5.70732138 -1.42503148 18.5864546 5.26326496 -2.0417469 18.397097 4.63689746 -2.4558758 18.2074055 2.37950819 -1.1340898 17.9016535 2.23303039 -0.498869533 17.7034493 1.69216484 -1.20360386 16.2926905 1.44216865 -0.360651112 16.1017247 2.2988436 0.15483279 17.503807 1.46193628 0.517962359 15.9096631 2.52688708 0.681510997 17.3198241 1.75886027 1.34218326 15.7118976 2.95303375 1.14665673 17.1160143 2.28646797 1.98189994 15.5149952 3.4895828 1.42441192 16.9094674 2.97375929 2.38147643 15.3164774 4.06704308 1.48367043 16.69997 3.73691998 2.49759423 15.1167436 1.93564609 -1.03035913 19.5487978 2.72197176 -1.67307901 18.0988906 2.27303864 -1.66839184 19.7331489 1.8452559 -0.31173283 19.3659592 2.01025671 0.397843651 19.1839332 2.40238437 0.997142246 19.0055617 2.98650744 1.42977171 18.8238847 3.67838954 1.63645387 18.6413896 4.39482045 1.59328957 18.4577939 5.05030755 1.30595901 18.2728899 4.61094359 1.32029641 16.487396 4.48316873 2.32019109 14.9161354 3.15805942 -2.0060791 18.2783741 2.82017049 -2.13460746 19.9186806 3.74299726 -2.18005182 18.4752563 3.5149368 -2.36863685 20.1081814 4.34863313 -2.12239088 18.6739162 4.26453483 -2.33393655 20.3001637 4.8991373 -1.8402486 18.8748229 4.97661717 -2.02582093 20.4945835 5.27176116 -1.42312734 19.0601962 5.55484412 -1.46103199 20.6923697 5.5212766 -0.824419111 19.2660505 5.91963493 -0.71374373 20.8914815 5.55691245 -0.165040585 19.4745121 6.02396534 0.130349107 21.0917244 5.40193885 0.402478896 19.6666812 5.84018216 0.981943921 21.2949427 5.02479634 0.948348406 19.8797682 5.38257144 1.7137876 21.4959256 5.72433463 0.574053368 18.016466 5.96680309 -0.133850684 17.8263912 5.94588818 -0.901336146 17.6335222 5.65991522 -1.62097552 17.4407123 5.13928065 -2.19647839 17.2487854 4.43807068 -2.54429619 17.0566048 3.65035335 -2.61975821 16.8652901 2.8686353 -2.40678715 16.6747803 2.18402009 -1.91425193 16.4831794 4.49475602 1.33103945 20.0945394 4.71282162 2.24789688 21.6957756 3.87754465 1.50550505 20.3103387 3.90888534 2.51927388 21.8939033 3.32733561 1.45545689 20.5075853 3.05393015 2.47378567 22.0943904 2.77473408 1.19316422 20.7241075 2.29178563 2.13303704 22.2885586 2.36635721 0.753574754 20.940729 1.70246125 1.54192366 22.4803254 2.18391391 0.266762021 21.1385364 1.37212229 0.749161422 22.6756152 2.19638543 -0.317537146 21.355547 1.35453249 -0.0936591252 22.8640118 2.43501461 -0.851163122 21.5730592 1.64196254 -0.893818272 23.0510484 2.42879843 -1.52797234 19.7275012 2.09832229 -0.927999758 19.5310098 2.01072434 -0.238607179 19.3375855 2.17304843 0.42988066 19.1512889 2.58720168 1.01650001 18.9610308 3.18430927 1.42418165 18.771713 3.87529993 1.59623625 18.5864541 4.59925104 1.49575636 18.3970926 5.2433222 1.14172558 18.207403 5.25051569 -1.53093506 17.9016536 4.78345137 -1.94985437 17.7034477 5.50408721 -1.57639302 16.2926867 4.92192634 -2.13017537 16.1017136 4.19668469 -2.17291939 17.5038036 4.17508591 -2.44944136 15.909656 3.63603839 -2.17750382 17.3198265 3.33178486 -2.48111805 15.7118954 3.02634316 -1.95337868 17.1160148 2.52133331 -2.2084508 15.5150017 2.51502251 -1.52195275 16.9094737 1.82371677 -1.66940883 15.3164752 2.16101947 -0.932085427 16.6999666 1.31728294 -0.922238548 15.1167442 5.50177648 -1.73170237 19.5487998 5.54134002 -0.970695726 18.0988828 5.88758818 -1.04550035 19.733143 4.9262589 -2.23414103 19.3659634 4.23302354 -2.49898177 19.183928 3.52195229 -2.49777075 19.0055623 2.85738645 -2.23300085 18.8238854 2.33063677 -1.74689182 18.6413902 2.00209467 -1.09971313 18.4577982 1.90809947 -0.369227473 18.2728902 2.00393394 -0.251555536 16.4873867 1.05907691 -0.0494926869 14.9161358 5.6136418 -0.416870216 18.2783681 6.02499584 -0.25549354 19.9186726 5.48060796 0.202737917 18.4752521 5.89355651 0.553176934 20.1081714 5.14481867 0.737126935 18.67391 5.50777559 1.27870485 20.3001611 4.6487549 1.12092633 18.8748205 4.90903207 1.83646193 20.4945675 4.12635307 1.28451814 19.0601957 4.15907303 2.14967127 20.6923729 3.5131393 1.26104149 19.2660577 3.35983768 2.18395649 20.891481 2.95465335 1.02644411 19.4745024 2.60720486 1.94032898 21.0917202 2.56705346 0.67049731 19.6666755 1.99080529 1.43960044 21.2949445 2.31032179 0.141715015 19.8797664 1.61127198 0.755440303 21.4959105 2.16869774 0.625025174 18.0164584 2.62316494 1.22959452 17.8263834 3.25413703 1.63822472 17.6335179 3.97403094 1.79232438 17.4407002 4.68932651 1.66841069 17.2487904 5.30564098 1.27225062 17.0566023 5.74104824 0.665683032 16.8652781 5.9375558 -0.0752625715 16.674778 5.85760988 -0.861850668 16.4831754 2.26840526 -0.434714008 20.0945264 1.504331 -0.018724448 21.6957779 2.44675317 -0.979050769 20.3103372 1.68649506 -0.782538563 21.8939172 2.78066298 -1.35625856 20.5075819 2.16274569 -1.43489311 22.094393 3.29777146 -1.61872702 20.7241157 2.842521 -1.8641946 22.2885517 3.89358116 -1.66367225 20.9407332 3.64788157 -2.02192407 22.4803241 4.41505598 -1.49371057 21.1385386 4.49434118 -1.85599208 22.6756156 4.92338626 -1.09555917 21.3555529 5.22524998 -1.39927564 22.8640025 5.27501114 -0.525424144 21.5730649 5.76516639 -0.70430951 23.0510465 5.69049135 -0.979680938 19.7275011 5.33256317 -1.64474828 19.5310061 4.77977594 -2.13283915 19.3375782 4.12255657 -2.37948426 19.1512684 3.41085541 -2.35338138 18.9610276 2.7608412 -2.06303203 18.7717155 2.26380539 -1.55683552 18.5864566 1.97936059 -0.869799913 18.3970872 1.94595923 -0.110590549 18.2073956 4.07452961 3.39291807 4.42469013 5.24554112 3.0182539 4.21395011 4.07194356 4.49826493 2.76251333 5.63173756 4.11795126 2.57565212 6.21742691 2.261574 4.00329217 6.98297738 3.21899871 2.39180675 6.80602435 1.34528854 3.81065417 7.96450158 1.86640266 2.20463386 7.07427166 0.137286781 3.59895704 8.40597339 0.263901455 2.0196547 6.90756099 -1.09232822 3.3863296 8.27871249 -1.4097663 1.83281875 6.32552037 -2.19504134 3.1732811 7.58853194 -2.95741272 1.64387421 4.2937177 4.22618515 6.19160531 2.84960815 3.34397607 4.63596762 2.82150514 4.27399313 6.38410112 5.66179792 3.69409799 5.99901182 6.76183516 2.7403611 5.80577659 7.44488503 1.5025514 5.6151726 7.64844941 0.0891328543 5.41995571 7.35184212 -1.30302692 5.22297501 6.5960063 -2.50990418 5.02417894 5.47556881 -3.39012503 4.82367336 5.39736317 -3.03725753 2.96097928 6.40619294 -4.1934211 1.45260622 1.85696331 2.9426369 4.82960459 1.43725993 3.82397621 6.57609825 0.96367285 2.14709003 5.04309712 0.300738369 2.93262605 6.77072092 0.42080326 1.10754242 5.25813322 -0.440781705 1.72646662 6.96660107 0.294800496 -0.0395173471 5.47478295 -0.700278992 0.356949344 7.16389268 0.564918134 -1.00866174 5.67367762 -0.424975869 -1.00459966 7.36376637 1.24214464 -1.92731998 5.89312635 0.330259889 -2.16989857 7.56438389 2.21616163 -2.53764394 6.11353919 1.46227775 -2.99816236 7.76574664 3.21638983 -2.74783309 6.3148923 2.8460317 -3.38084229 7.96995985 4.36844817 -2.56682406 6.53597161 4.26827909 -3.24825485 8.17201385 3.57457077 -3.90712795 4.54748222 2.13097938 -3.7002834 4.34447544 0.83949164 -2.98707257 4.13997512 -0.118121172 -1.85997419 3.9370676 -0.611554613 -0.457015847 3.73665698 -0.556368212 1.05323785 3.53758937 0.0283568836 2.46796643 3.34109001 1.07881086 3.60999965 3.1468304 2.49120385 4.32493919 2.95290514 5.3779071 -1.99364451 6.75676142 5.55336706 -2.64390644 8.37324379 6.11020439 -1.10485661 6.97695418 6.5385511 -1.64467587 8.57299738 6.41423991 -0.144212779 7.17706492 7.07529788 -0.339627882 8.77479178 6.36025271 0.990238595 7.39579613 7.09282812 1.03464963 8.97015554 5.89145677 2.0299979 7.61393082 6.60541356 2.32642744 9.16332204 5.16215617 2.73979855 7.81280136 5.62854096 3.3790289 9.36051691 4.10759162 3.2204293 8.03088418 4.35989605 4.01249832 9.55149771 2.95194767 3.3065779 8.2496294 2.94665869 4.18306613 9.74210571 2.90370024 3.89080465 6.37822512 4.31268014 3.86322481 6.17293195 5.63420531 3.34998392 5.96898545 6.66891204 2.43577539 5.77097469 7.31083995 1.16867011 5.56741122 7.45787958 -0.247223712 5.36371522 7.09963775 -1.60829585 5.16355495 6.23563761 -2.77706156 4.95834685 5.00970465 -3.57808622 4.75288501 0.54220932 -1.13850353 4.42469569 0.283451346 0.0147797708 4.21395302 -0.439876869 -1.87618274 2.76492414 -0.890971429 -0.348631037 2.5741778 0.456436543 1.19606727 4.00329521 -0.789339971 1.2604962 2.38167407 0.95788983 2.13697801 3.81065522 -0.111954371 2.77913774 2.18169903 1.87006191 2.95178171 3.59895702 1.05033958 3.95687583 1.98254564 3.01469561 3.40769181 3.38633072 2.5583017 4.67744373 1.78256537 4.25373121 3.44440794 3.17263519 4.23960899 4.8459148 1.58406209 -0.347706409 -0.976995571 6.19160383 1.19860788 -2.11837359 4.63597001 0.333193215 -2.18788388 6.38410082 -0.54643464 0.392176581 5.99901145 -0.2387948 1.75042739 5.80577724 0.525378742 2.90345775 5.61517045 1.67979148 3.74129892 5.41995555 3.05929574 4.14679903 5.22297501 4.49842248 4.07056106 5.02417684 5.82610316 3.52032285 4.8236712 5.43857576 3.0506567 2.95847506 5.89822893 4.43044204 1.38939255 2.0488798 -2.72121457 4.8296051 1.41409122 -3.07335717 6.57610089 3.198256 -3.03242475 5.04309898 2.76564079 -3.52828319 6.77072491 4.39008757 -2.919175 5.25813631 4.20150762 -3.49456173 6.9666077 5.47103298 -2.39586318 5.47478432 5.54201839 -2.9757846 7.16389184 6.19773126 -1.63047812 5.67367535 6.60751087 -2.01491962 7.36377227 6.67701872 -0.542175758 5.8931242 7.25669872 -0.754591908 7.56438173 6.73303547 0.640013098 6.11354197 7.41414919 0.646767233 7.76574839 6.41749119 1.63662987 6.31489487 7.04346722 2.02945931 7.96996749 5.6729227 2.56717834 6.5359731 6.18777275 3.17926071 8.17201654 7.2150356 2.10758708 4.54748021 7.74122656 0.733929715 4.34447466 7.7476803 -0.764646484 4.13997664 7.22735962 -2.18421067 3.93706956 6.23770287 -3.34158786 3.7366582 4.88446011 -4.07750519 3.5375936 3.35387629 -4.30423246 3.34109644 1.8314432 -3.98803461 3.14781211 0.502045331 -3.14209044 2.95545418 4.64415741 3.17912552 6.75675909 4.97284352 3.97209055 8.37324168 3.46590396 3.39872868 6.97695291 3.54855592 4.31253303 8.57299825 2.43365478 3.21781917 7.1770629 2.0681046 4.12615675 8.77479195 1.41716607 2.65323766 7.39579297 0.782726359 3.47315099 8.97015988 0.687954037 1.78792608 7.61393373 -0.176809486 2.44259443 9.16332298 0.384655017 0.864984625 7.8127993 -0.675869099 1.12669347 9.36051349 0.444892528 -0.212070841 8.03088192 -0.646935608 -0.222206451 9.55149559 0.910023152 -1.1781418 8.24963304 -0.123683612 -1.46069001 9.74210669 0.635199063 -1.92886029 6.37822757 -0.0319433071 -0.784196852 6.17293181 -0.224407113 0.533950445 5.96898022 0.0798847614 1.81663472 5.77097623 0.889707418 2.94709841 5.56741234 2.07302395 3.73688489 5.36371643 3.45408044 4.07405662 5.16355443 4.91177071 3.88550943 4.95834759 6.22070836 3.20451508 4.7528843 6.29007416 -1.88778383 4.42469153 5.39819902 -2.72753918 4.21395063 7.34182111 -2.59199746 2.7714431 6.23872814 -3.76216654 2.58839435 4.26939679 -3.20837745 4.00329551 4.79246064 -4.49316912 2.40534217 3.19033458 -3.27957778 3.81065474 3.13918947 -4.67849312 2.21377478 2.01794454 -2.93158891 3.59895781 1.53990142 -4.27147997 2.01807335 1.04389641 -2.19633719 3.38633075 0.163309839 -3.33524264 1.81386768 0.388290432 -1.16316937 3.17276212 -0.8235721 -1.97081681 1.60209786 6.62011848 -2.2730015 6.19160549 6.83383048 -0.793464845 4.63596739 7.35661952 -1.04360095 6.38410157 5.50230551 -3.17799905 5.99901303 4.14291723 -3.6516414 5.80577962 2.73991425 -3.63546637 5.61517207 1.42364144 -3.12999061 5.41995723 0.379099256 -2.21331952 5.22297421 -0.269320754 -0.999475237 5.02417487 -0.445309008 0.363115401 4.8236708 0.134168171 0.0422454151 2.95789813 -1.29629047 -0.330235733 1.3861255 6.94965168 0.273863093 4.82960219 7.60209269 0.355906758 6.57610172 6.66003015 1.45303545 5.0431001 7.32525322 1.76432636 6.77072399 5.9727789 2.45450035 5.25813012 6.56547453 2.99592668 6.9666018 4.97470474 3.15546111 5.47478096 5.41461313 3.90242378 7.1638892 3.93431874 3.430751 5.67367303 3.99984699 4.35519408 7.36376782 2.72539184 3.33997871 5.89312257 2.51917202 4.30739239 7.56438085 1.63822262 2.8464495 6.11354111 1.15239945 3.77608262 7.7657445 0.897518134 2.13008385 6.31489049 0.0614452922 2.81211755 7.96996306 0.424428536 1.09300174 6.5359724 -0.580373284 1.55857423 8.17201492 0.103339093 2.20377216 4.54747972 1.04286645 3.30917855 4.3444704 2.34614097 4.03687728 4.13997103 3.83819515 4.27689012 3.93706485 5.33138263 3.98475149 3.73665692 6.63573742 3.16990585 3.53759138 7.58420152 1.94807655 3.34109248 8.05751126 0.46050159 3.1478893 7.97686117 -1.12770934 2.95725794 0.374101225 -0.0211640548 6.75676012 -0.722466198 0.182848348 8.37323853 0.746523004 -1.06302176 6.97695322 -0.351715333 -1.1421362 8.57299539 1.40366629 -1.78644105 7.1770633 0.523248714 -2.24924832 8.77479402 2.39289032 -2.29991962 7.39579432 1.72533891 -2.96223958 8.97016291 3.50772227 -2.42419367 7.61393399 3.1088338 -3.21810444 9.16333255 4.46398482 -2.17120682 7.81279793 4.52233788 -2.95226723 9.36052088 5.37552857 -1.5381841 8.03088501 5.70457731 -2.23722825 9.55149785 5.98554192 -0.629692831 8.2496339 6.54081791 -1.17250293 9.74210474 6.97413268 -0.92143134 6.37822549 6.29053625 -2.10936033 6.17293633 5.21559713 -2.98634608 5.9689837 3.92549042 -3.42577488 5.77097857 2.52017263 -3.36241444 5.56741344 1.23231453 -2.80930311 5.36371423 0.24734838 -1.85618545 5.16355404 -0.311600808 -0.56980361 4.95834408 -0.363962033 0.843512298 4.75288233 5.63134983 -1.74089345 27.3670409 4.79220046 -2.43792654 27.1553769 6.2223671 -1.89177181 25.8886932 5.32953018 -2.75943106 25.7361722 3.77890271 -2.79307862 26.9550824 4.20020439 -3.2594048 25.5863234 2.84465641 -2.78713359 26.7802148 2.95060017 -3.32567751 25.4354864 1.86488033 -2.41587289 26.5926232 1.78207716 -2.94605168 25.288466 1.08613052 -1.73163687 26.4082969 0.816206011 -2.18751742 25.1423725 0.597533589 -0.824762973 26.2268583 0.165159845 -1.14323486 24.9968836 6.63525338 -2.82842641 29.4213376 6.18536818 -0.77822324 27.590582 7.5576322 -1.53019963 29.6898692 5.35228356 -3.71120935 29.1548926 3.87638035 -4.09515199 28.8960254 2.41948569 -3.95749818 28.6527278 1.10820344 -3.32930266 28.4170233 0.113400668 -2.32043201 28.191914 -0.464842964 -1.06325764 27.9754393 -0.577472074 0.287128299 27.7651023 0.451640964 0.191110376 26.0480652 -0.0972836782 0.0621149781 24.851799 6.35708567 0.200655977 27.8040447 7.96913576 0.0326060011 29.9516945 6.15868024 1.32719862 28.0463579 7.80016397 1.68149438 30.2034528 5.56819547 2.3263746 28.2942615 7.05436801 3.19028277 30.4381632 4.64605905 3.06340382 28.5443015 5.80123883 4.35664038 30.6572601 3.63990137 3.38435993 28.7716955 4.1691496 4.99105341 30.8599597 2.42086193 3.3306963 29.0174784 2.38694664 5.00285346 31.0449 1.27968638 2.8327697 29.2591853 0.68080085 4.37946113 31.2146656 0.469407158 2.06051991 29.4777638 -0.729050993 3.15136017 31.3852934 -0.0778248086 0.887961148 29.7179602 -1.59434305 1.4791539 31.5649164 0.00149829332 2.03030256 27.4839608 0.895654757 3.02901091 27.2821078 2.08465616 3.65184526 27.0837529 3.40178623 3.82287023 26.8943017 4.68161339 3.52779259 26.7141641 5.76587015 2.79751399 26.5390162 6.5244591 1.75007295 26.3695714 6.87333767 0.517450648 26.2053889 6.76589548 -0.756883649 26.0445749 -0.167459393 -0.430980118 29.9646245 -1.82326644 -0.428681134 31.7515794 0.232787885 -1.72814064 30.2221091 -1.36446619 -2.34197722 31.9440178 0.996804226 -2.68963481 30.4672952 -0.183384914 -4.02198995 32.1481788 2.20563654 -3.44143893 30.7449747 1.51612932 -5.18127711 32.3566446 3.63327059 -3.7236843 31.0285937 3.54668179 -5.68875358 32.5489893 4.91915088 -3.5008838 31.2862173 5.70134483 -5.40175638 32.7186403 6.21298784 -2.74961279 31.5615449 7.5803935 -4.3732002 32.8532913 7.15850281 -1.56412819 31.81687 8.98610156 -2.7286909 32.9563565 7.13256905 -1.38809937 29.6722109 6.27076904 -2.63651001 29.3912854 5.0397039 -3.48541843 29.1136423 3.64574609 -3.83481372 28.8522594 2.19641311 -3.6477007 28.5958888 0.925221416 -2.97771779 28.3531156 -0.00203842731 -1.94500837 28.1270259 -0.487887138 -0.63117709 27.9059735 -0.482146049 0.75085944 27.692335 3.62577797 3.11877355 27.366487 4.65657956 2.74787661 27.1562819 3.6301991 3.7642184 25.8886865 4.85550256 3.42724727 25.736173 5.48181598 2.05203897 26.9552304 5.88323409 2.69960606 25.586328 5.95769959 1.24208794 26.7802122 6.59930252 1.64935168 25.4354798 6.14682671 0.210149278 26.5926284 6.89154714 0.445553162 25.2884673 5.96999514 -0.803699637 26.4082948 6.75753033 -0.772152014 25.142378 5.46044137 -1.6766804 26.2268565 6.22136478 -1.85919648 24.9968799 4.13475733 4.38499503 29.4208271 2.51104403 3.10623379 27.5834536 2.56913165 4.49627336 29.6294567 5.53000012 3.74939607 29.2014459 6.59235914 2.687569 28.9718909 7.1912382 1.37173489 28.7386854 7.2889681 -0.0683373923 28.4966889 6.89862082 -1.42497776 28.2542136 6.08837834 -2.54275122 28.0158925 4.9706588 -3.30236494 27.7854868 4.68963181 -2.30606626 26.0480618 5.35326188 -2.6885868 24.8517976 1.57756299 2.75274238 27.7857737 1.04165982 4.03674186 29.8268197 0.706127818 2.00216055 28.0110127 -0.260210109 3.04027649 30.0203242 0.145241322 0.975932789 28.2406042 -1.14997221 1.6264864 30.2179658 -0.0207788168 -0.205407829 28.4768105 -1.50032555 -0.045626282 30.4252091 0.214464809 -1.25044425 28.7009947 -1.21801194 -1.78071995 30.6471141 0.881126095 -2.29634051 28.9590592 -0.328459503 -3.3443407 30.8831793 1.8970059 -3.05887517 29.2312208 1.08170769 -4.53750002 31.1406296 2.99072341 -3.40159118 29.4901854 2.88320691 -5.18652228 31.4110403 4.31223776 -3.32322012 29.78571 4.81568271 -5.15130466 31.6732339 3.17622788 -3.65607472 27.4868495 1.87401298 -3.37148543 27.2806193 0.753122491 -2.64491645 27.0826135 -0.0385415289 -1.5818444 26.8943007 -0.40558539 -0.31759871 26.7141553 -0.295643093 0.99565441 26.5390185 0.253410337 2.18539298 26.3695751 1.16893256 3.11207103 26.2053942 2.35019342 3.66288771 26.0445684 5.54150671 -2.77346216 30.0875249 6.64403982 -4.43820724 31.9193581 6.51173619 -1.80330815 30.3865112 8.12701463 -3.10498721 32.1486822 7.00191699 -0.679358683 30.6470948 9.03234978 -1.25138224 32.3556406 7.084628 0.723689117 30.9172038 9.21784294 0.788505658 32.5190619 6.64285581 2.07528259 31.1661488 8.66456467 2.78008018 32.6482539 5.82823755 3.04533331 31.3713164 7.35604123 4.47048633 32.7598831 4.55797043 3.74653555 31.5733178 5.54765856 5.55263796 32.8601675 3.09492362 3.92800957 31.7600243 3.44979888 5.92876777 32.9563436 2.65897666 4.06149373 29.618047 4.14989888 3.9770997 29.393781 5.48828026 3.36855098 29.160663 6.47848952 2.35941084 28.9253193 7.02941498 1.02582907 28.6766375 7.07073838 -0.39973132 28.4256745 6.62718703 -1.70902315 28.181763 5.72338528 -2.77426979 27.938992 4.52142481 -3.44707103 27.7068659 0.428978185 -1.05035881 27.3589346 0.244060555 0.0371465024 27.1532421 0.053635357 -1.32045352 25.8886912 -0.235221627 -0.0789365009 25.7361794 0.445760083 1.10822643 26.9549978 -0.08794646 1.18644386 25.5863226 0.922560937 1.93181735 26.7802216 0.494038496 2.34206723 25.4354797 1.73964401 2.61849084 26.5926223 1.41955423 3.20496451 25.2884688 2.72761515 2.97863104 26.4082961 2.56993882 3.70276477 25.1423658 3.76354053 2.97920862 26.22685 3.80859699 3.78370064 24.9968846 -0.842659028 -1.37060083 29.2838194 0.989921517 -2.01951388 27.5730518 -0.148587774 -2.79311072 29.5143075 -1.00369968 0.162943928 29.0661926 -0.636420316 1.62390369 28.8570344 0.180552847 2.8160024 28.6547828 1.35899238 3.64171713 28.4471277 2.71701562 4.00436125 28.2344964 4.08522214 3.88131216 28.0171388 5.30145357 3.30787438 27.7973494 4.72282751 2.63050988 26.0480666 4.9911551 3.44504771 24.8518003 1.75829332 -2.66168964 27.7774529 1.02227961 -3.90697754 29.7601325 2.84306644 -3.0555226 28.0135236 2.55582998 -4.56938371 30.0247544 4.01800059 -3.04615682 28.2635904 4.2615826 -4.67601802 30.3019513 5.13832466 -2.61955639 28.5277295 5.93683115 -4.18554635 30.5856579 5.94525414 -1.91131547 28.7784103 7.35656785 -3.10052126 30.8690305 6.54293168 -0.828108142 29.0607225 8.31605935 -1.55941317 31.1443293 6.72037309 0.417023039 29.3438777 8.68374821 0.251455104 31.3963127 6.49047018 1.51813562 29.5973851 8.37401549 2.12268483 31.6183811 5.78035602 2.59682097 29.864923 7.39287272 3.74851513 31.8055318 6.50828046 1.94266755 27.4993626 6.91834249 0.677579616 27.2880114 6.85911379 -0.652823101 27.0847799 6.34893541 -1.86740106 26.8943027 5.45743079 -2.81487249 26.7141595 4.28989843 -3.3720202 26.5390211 3.0134583 -3.48516864 26.3695742 1.78408861 -3.14740292 26.2053896 0.74889696 -2.38967643 26.0445732 4.70896909 3.35073806 30.1170458 5.87261793 4.92643527 31.9757396 3.40999667 3.66380725 30.3539956 4.00004828 5.49290373 32.1254225 2.22381062 3.489284 30.5590643 1.97977939 5.31285117 32.2601233 1.01023512 2.82534628 30.7735019 0.164864706 4.43029734 32.3846123 0.105465313 1.74352426 30.9827992 -1.23899492 2.94041635 32.519134 -0.290354363 0.539889915 31.1783542 -2.01454916 0.952154262 32.6670988 -0.230360488 -0.923893182 31.4014341 -2.02626902 -1.16829424 32.813183 0.370841761 -2.30110683 31.6359009 -1.27963483 -3.19454924 32.9563528 0.181197529 -2.50078732 29.5143761 -0.501986806 -1.15386733 29.2685129 -0.659709859 0.3194291 29.0373783 -0.301576185 1.69345568 28.8217713 0.555122898 2.85497149 28.6042933 1.75103514 3.62545131 28.3860906 3.09677661 3.91767254 28.1691144 4.46773807 3.68633636 27.9445489 5.65186598 2.99501989 27.7200922 3.4082657 2.45494361 13.1572204 4.12147155 2.22044995 12.9642187 3.29238225 3.12176934 11.6774782 4.24956183 2.89606646 11.5150618 4.70647166 1.75023314 12.7728526 5.07957327 2.36732877 11.3545166 5.05250484 1.18880712 12.5992058 5.68582892 1.57515938 11.1921165 5.19774287 0.459049587 12.4098653 5.96468534 0.637692063 11.0329751 5.07574324 -0.271651405 12.2212401 5.89688974 -0.342776249 10.8740264 4.70085444 -0.915112543 12.0332567 5.48228617 -1.25280194 10.7150929 3.91801506 2.80862364 14.8363499 2.65783917 2.41645014 13.3525529 3.01099425 2.7995467 15.0227628 4.75748359 2.47764009 14.6503578 5.42201157 1.85528029 14.4641568 5.81485733 1.04294828 14.280793 5.89507912 0.123632693 14.0935669 5.65329802 -0.764927798 13.9054948 5.120301 -1.51252048 13.716799 4.3615225 -2.02992614 13.5278953 4.1166465 -1.39478867 11.8459599 4.7604931 -1.9842729 10.5561355 2.05121676 2.14072281 13.5334564 2.16065704 2.43606747 15.2088953 1.51022255 1.58857513 13.7347076 1.47167334 1.75397866 15.3973262 1.1955335 0.852611716 13.9389857 1.03923177 0.840927979 15.5858315 1.15337789 0.0212561067 14.1460791 0.921378284 -0.194806748 15.7748309 1.36903893 -0.702442436 14.3370248 1.15317041 -1.22682561 15.965563 1.85895429 -1.41164497 14.5482934 1.69622179 -2.11260416 16.155291 2.54706889 -1.91521718 14.7608484 2.48279565 -2.75019322 16.344399 3.24968251 -2.13514542 14.9554991 3.42994593 -3.06227725 16.5355516 4.05784019 -2.08549221 15.1695246 4.39389942 -2.99686765 16.7209154 3.1069027 -2.27776034 13.2704682 2.17071231 -2.0841589 13.0835775 1.34112883 -1.57716124 12.8968404 0.729956752 -0.825725189 12.713009 0.415143717 0.0775610248 12.5328483 0.445387179 1.02653047 12.3552731 0.805372488 1.89860378 12.1813094 1.45270034 2.59171885 12.0108772 2.32153823 3.01993207 11.8422884 4.77436569 -1.75310199 15.3834232 5.25746575 -2.58913023 16.8995385 5.31038398 -1.18844168 15.5958588 5.91769152 -1.90085071 17.0739864 5.56084021 -0.558175421 15.7864295 6.28722778 -0.997863381 17.24885 5.58064076 0.198531139 15.9918451 6.32072354 -0.0454608074 17.4122562 5.32804523 0.89244777 16.1939143 6.02932822 0.845860172 17.5702246 4.89992693 1.35635581 16.375385 5.42769695 1.56546269 17.7309224 4.2626655 1.65317639 16.5699307 4.64070195 1.99176468 17.8862091 3.55877112 1.67027057 16.7621381 3.76147715 2.09966102 18.0412174 3.0629147 2.53034853 15.0168519 3.92547211 2.55783089 14.8182531 4.73182311 2.24395173 14.6214147 5.35257601 1.65179455 14.4306361 5.715402 0.82483907 14.2349242 5.75736572 -0.0902195934 14.039772 5.47637096 -0.952634603 13.848962 4.87486483 -1.66892061 13.6546119 4.05130323 -2.1298932 13.4615806 1.17264147 -0.459490742 13.1572219 0.995517445 0.312224421 12.9642209 0.509310467 -0.679142741 11.6774846 0.229472302 0.244337476 11.5150585 1.09300776 1.08115567 12.7728527 0.29014134 1.20801389 11.3545149 1.39784704 1.68092468 12.5992076 0.70529131 2.11373249 11.192125 1.95733407 2.19042786 12.409865 1.42067366 2.81736564 11.0329785 2.65959774 2.47029964 12.2212463 2.35328291 3.25315177 10.8740248 3.4184445 2.49182486 12.0332647 3.39980599 3.3653121 10.7150902 0.900123486 -0.846710694 14.8363611 1.60785096 -1.14125077 13.3525564 1.39248124 -1.76449373 15.0229715 0.722444747 0.171712029 14.6503687 0.876703443 1.16881982 14.464154 1.33093279 2.00638659 14.2807928 2.03799876 2.61140743 14.0935655 2.88886575 2.90849281 13.9054961 3.77478556 2.87324797 13.7168011 4.58539639 2.5217373 13.5278955 4.14211048 2.25590952 11.845964 4.44144917 3.13333358 10.5561356 2.17380595 -1.5911675 13.5334638 2.14562525 -2.45864141 15.2094759 2.94418721 -1.86726178 13.7347072 3.07664151 -2.85040349 15.3987584 3.75345139 -1.86682043 13.9389833 4.06396147 -2.89251304 15.589377 4.50120855 -1.58830792 14.1460755 4.9893426 -2.58257682 15.7801785 5.02166193 -1.13121886 14.337023 5.73239451 -1.95057157 15.9706291 5.38976771 -0.447885434 14.548298 6.20121686 -1.09773307 16.1596453 5.48353715 0.311932724 14.7608509 6.34727575 -0.137540115 16.3455353 5.3316606 0.955935322 14.9554747 6.1475991 0.811242525 16.5299319 4.90676618 1.55493897 15.169378 5.63253045 1.59314342 16.7093217 5.41744875 1.61902074 13.2704684 5.71507013 0.754353336 13.0835713 5.68625834 -0.171053857 12.8968382 5.33127657 -1.02860291 12.7130043 4.6897638 -1.70881697 12.5328467 3.82982119 -2.12073791 12.3552727 2.86811695 -2.21998173 12.1813158 1.91840405 -1.99409604 12.0108827 1.09283565 -1.45705393 11.842294 4.29656858 1.93320894 15.3822628 4.88650958 2.11776626 16.8845802 3.58719294 2.03456419 15.5932709 4.00354827 2.32245065 17.0544811 2.966006 1.85469793 15.7830989 3.08636847 2.15786733 17.2263123 2.35934689 1.39440732 15.9878528 2.29646348 1.67176931 17.3940274 1.9401914 0.718491578 16.1893881 1.71759472 0.92802774 17.5580576 1.79351318 0.00870812249 16.3713608 1.43144596 -0.00462188406 17.7251587 1.88609302 -0.809418774 16.5704671 1.47522488 -0.944986808 17.8858492 2.23753118 -1.53608484 16.768759 1.82611266 -1.79433599 18.04122 1.58732975 -1.57957887 15.0170548 1.10065256 -0.705279573 14.8182584 0.924375492 0.279321774 14.6214113 1.07576209 1.2230652 14.430641 1.55696802 2.0451592 14.2349221 2.28075608 2.61573189 14.0397697 3.1312807 2.86484436 13.8489632 4.02684313 2.75455226 13.6546092 4.82351793 2.31873892 13.4615827 4.81049695 -0.941395534 13.157221 4.21764443 -1.43007405 12.9642165 5.30945365 -1.10621824 11.677478 4.62389448 -1.78292242 11.5150531 3.48460938 -1.68457614 12.7728494 3.72963152 -2.19819339 11.3545155 2.79296304 -1.68602538 12.5992101 2.70930158 -2.29280736 11.1921257 2.04941509 -1.428826 12.4098666 1.72171647 -2.04136224 11.0329803 1.43640127 -0.94434622 12.2212383 0.869245455 -1.4801253 10.8740256 1.02577548 -0.291720009 12.0332594 0.255122852 -0.666862006 10.7150871 5.43065002 -1.75716798 14.8363994 5.19168715 -0.27831782 13.3525563 5.96085324 -0.956320991 15.0230257 4.65382563 -2.32155187 14.6503624 3.72162262 -2.57716466 14.4641566 2.76597752 -2.49058861 14.2807927 1.87246878 -2.06916391 14.0935663 1.16279921 -1.37850572 13.9054921 0.716467397 -0.505844411 13.7168017 0.579981916 0.442194858 13.527893 0.865742556 0.451925513 11.8459644 -0.0418323934 0.310777298 10.556138 5.30423778 0.38228149 13.5334577 6.17234803 -0.0252079851 15.209403 5.16564781 1.12549695 13.7347029 6.04503713 0.921190887 15.3982046 4.77337858 1.76227587 13.9389817 5.60363934 1.74896729 15.5878007 4.18019834 2.20367575 14.1460777 4.90668881 2.34756677 15.7765365 3.55394304 2.35878224 14.3370233 4.03574856 2.62216026 15.9639754 2.82255639 2.25324332 14.5482946 3.12071428 2.53852196 16.1496959 2.17134114 1.85838084 14.760843 2.28077284 2.1097313 16.3347908 1.74147646 1.30383398 14.9554222 1.6239132 1.37329773 16.5198133 1.49115495 0.509530024 15.16899 1.25912302 0.4340658 16.7001418 0.903769835 1.68133171 13.2704694 1.48327708 2.40286768 13.083571 2.28878526 2.86681888 12.8968367 3.20824911 3.01419171 12.7130036 4.12412553 2.82828803 12.532845 4.91918719 2.32491807 12.3552662 5.49209237 1.58242772 12.1813094 5.7712058 0.690849117 12.0108803 5.70978788 -0.249302554 11.8422938 1.51560562 -0.347692015 15.3820201 1.21547457 -0.582811558 16.8806993 1.81440013 -1.15859352 15.594393 1.49749994 -1.54792524 17.0601981 2.29427412 -1.73589885 15.7856715 2.09699809 -2.34301258 17.2393173 2.99582061 -2.16415009 15.9921984 2.89929457 -2.8520535 17.4120164 3.777099 -2.30696028 16.196547 3.80843375 -3.03285186 17.5791841 4.44599995 -2.16868428 16.3810352 4.72698302 -2.84275675 17.741467 5.08293608 -1.75720397 16.5805324 5.48889052 -2.33958898 17.892508 5.51625841 -1.14448361 16.7756979 6.02701783 -1.59549867 18.0412219 5.71057285 -0.868132501 15.0170814 5.21144749 -1.63571688 14.8182958 4.45977435 -2.17664086 14.6214136 3.57187689 -2.40704302 14.4306445 2.6128851 -2.28430245 14.2349228 1.73797337 -1.83035281 14.0397676 1.06847208 -1.11917226 13.8489649 0.680932851 -0.203460245 13.6546116 0.624704185 0.770178501 13.4615811 3.29939804 2.51960897 10.772903 4.05009998 2.31547983 10.5547386 3.44444845 3.32899995 9.05763377 4.48584987 3.09295543 8.86157459 4.6871254 1.87221433 10.3371398 5.39006147 2.53071112 8.6658111 5.08616475 1.32330135 10.1384323 6.05098937 1.68397404 8.46568269 5.2868847 0.589130252 9.92023362 6.35638084 0.681830606 8.26777065 5.20905259 -0.165497353 9.70107463 6.29088693 -0.363732302 8.06915576 4.86109603 -0.847108953 9.48070922 5.86168834 -1.3303473 7.8701241 3.5374065 2.77687538 12.6543574 2.52966128 2.46196739 10.9922758 2.69162684 2.78280214 12.8674436 4.33104287 2.47952935 12.4428697 4.97517509 1.92985085 12.2323824 5.37871819 1.20983582 12.0264108 5.49962276 0.384158438 11.8171129 5.31998832 -0.431029527 11.6076041 4.8586046 -1.138559 11.397813 4.16796471 -1.65373377 11.1878493 4.28500435 -1.37012386 9.25902963 5.1174229 -2.10328987 7.6707157 1.91912248 2.1912726 11.1940437 1.90537081 2.48599119 13.0817075 1.38452171 1.6794278 11.4177091 1.27100033 1.91480173 13.3008095 1.07694002 1.02141958 11.6448763 0.875036783 1.13754594 13.5238197 1.03135093 0.298869666 11.8757305 0.768413448 0.242208602 13.7506332 1.22609668 -0.314903255 12.0894595 0.982253295 -0.667436272 13.9822265 1.66887631 -0.904373503 12.3273231 1.48396216 -1.47190586 14.2159894 2.28690573 -1.31261869 12.5684302 2.21360119 -2.07749152 14.451486 2.91478871 -1.47986013 12.7906401 3.09929026 -2.40790135 14.69068 3.63488457 -1.41710773 13.0367911 4.01407135 -2.40573252 14.9272074 2.9831317 -1.94862917 10.9003128 2.07385806 -1.81087526 10.6897987 1.25365719 -1.36354685 10.4782736 0.641447107 -0.660604015 10.2688037 0.325552014 0.2148597 10.0621538 0.365663681 1.15936588 9.85698584 0.754018117 2.04646625 9.65443385 1.4514882 2.7648575 9.45433854 2.39092349 3.21680625 9.25465718 4.2721731 -1.11626483 13.2850048 4.85387881 -2.08888669 15.1621536 4.75267515 -0.621912673 13.5356704 5.52023004 -1.49848025 15.3945925 4.98262263 -0.0746668203 13.7658434 5.92333613 -0.688271651 15.6289989 5.01200238 0.583664287 14.0194634 6.01076552 0.190125196 15.8540477 4.8004654 1.19225466 14.2738788 5.78483566 1.0321474 16.0741747 4.43042731 1.60351549 14.5065753 5.24862597 1.72631533 16.2964665 3.87205 1.86945648 14.7620284 4.51332871 2.14382815 16.509502 3.24907108 1.88169934 15.0179354 3.66774215 2.24512615 16.7199341 2.73944316 2.55010418 12.8609205 3.54613432 2.55902732 12.6337734 4.31152882 2.27541514 12.4100519 4.91714833 1.75084807 12.194657 5.29635891 1.01513937 11.9750536 5.38356254 0.188691713 11.757123 5.16619548 -0.608414057 11.5447208 4.63714571 -1.29382712 11.3287022 3.8789871 -1.76233527 11.114014 1.07344762 -0.249631758 10.7729073 0.90185796 0.473627463 10.5547418 0.499114223 -0.645648013 9.05763637 0.22653587 0.307328288 8.86157698 1.00883418 1.21656816 10.337137 0.317694854 1.30953099 8.66581608 1.33245965 1.81191141 10.1384341 0.787228304 2.25173371 8.46568831 1.92922688 2.33140409 9.9202295 1.57204213 2.97696115 8.26776834 2.68640598 2.62756939 9.70107509 2.5788066 3.41272725 8.06915319 3.51382597 2.66079692 9.48071529 3.69325776 3.50165155 7.87012373 0.771881817 -0.380471881 12.6543599 1.49667777 -0.864818571 10.992283 1.21408075 -1.15330632 12.8674528 0.615861045 0.481315348 12.4428662 0.764271773 1.33178316 12.2323902 1.19292157 2.0556034 12.0264183 1.86618027 2.58952638 11.8171201 2.68925957 2.86341863 11.6076035 3.56405239 2.84698787 11.3978133 4.38584575 2.54292416 11.1878543 4.31188213 2.42283333 9.25903564 4.78745603 3.22641722 7.6707162 2.03838629 -1.24803495 11.1940443 1.89164546 -1.73623519 13.0817121 2.76270102 -1.4569374 11.4177077 2.72936423 -2.06495154 13.3008159 3.506587 -1.41213184 11.6448758 3.62117489 -2.10205598 13.5238203 4.17669027 -1.12380067 11.8757326 4.46291188 -1.84257331 13.7506364 4.62741147 -0.690351535 12.0894643 5.14914199 -1.30504381 13.9822228 4.93012525 -0.0670065417 12.327323 5.59536704 -0.570319004 14.2159902 4.98268738 0.613250762 12.568427 5.75532003 0.267191736 14.4514789 4.8177188 1.18684076 12.7906425 5.60518343 1.10788436 14.6906794 4.40794633 1.72212871 13.0367858 5.16462013 1.81369644 14.9272124 5.26778577 1.71974822 10.900314 5.6185659 0.902537262 10.6898001 5.64662027 0.000991050312 10.4782753 5.34020437 -0.860326192 10.2688009 4.73013425 -1.5673652 10.0621512 3.88073379 -2.01931746 9.85698735 2.91078695 -2.15900757 9.6544384 1.94105464 -1.9623967 9.45434319 1.09398315 -1.43537188 9.2546599 3.83802693 2.06848745 13.2850062 4.5042435 2.29835271 15.1621547 3.18842569 2.17366742 13.5356651 3.70914255 2.49153033 15.3945899 2.62658518 2.02962893 13.7658516 2.86905897 2.33353908 15.6289983 2.08241867 1.63470795 14.0194623 2.13212796 1.85634136 15.8540465 1.71007451 1.03768588 14.2738808 1.58148892 1.11227686 16.0741747 1.58558041 0.394699727 14.5065831 1.30574009 0.157914198 16.2964725 1.6829366 -0.367920097 14.7620335 1.35229791 -0.831749448 16.5095083 2.0229954 -1.07386773 15.0179312 1.70979216 -1.7560815 16.719931 1.39229778 -0.994345054 12.8609192 0.956459621 -0.2602053 12.6337805 0.802940521 0.571806517 12.4100551 0.949881525 1.3768648 12.1946628 1.40620665 2.08878938 11.9750591 2.0993174 2.59503721 11.7571244 2.92733722 2.82827766 11.5447202 3.8181904 2.7446956 11.3287024 4.63359463 2.36105826 11.1140142 4.69556009 -0.707531005 10.7729055 4.14695663 -1.20807424 10.5547392 5.57912509 -1.09224446 9.0576355 4.88246135 -1.82229958 8.86157163 3.4433422 -1.49364978 10.3371403 3.96037136 -2.27845004 8.66581384 2.76538586 -1.53104349 10.1384337 2.90519584 -2.39358257 8.46568722 2.0246367 -1.31061898 9.92022728 1.8890067 -2.13913506 8.26776828 1.40929104 -0.850731252 9.7010757 1.02421355 -1.55818187 8.06915024 1.00014761 -0.205242732 9.48071197 0.418782521 -0.717271796 7.87012303 4.9235627 -1.16690137 12.6543553 5.02246571 -0.0578937996 10.9922772 5.38455541 -0.45629058 12.8674479 4.23559643 -1.67923205 12.4428733 3.39988762 -1.93187425 12.2323869 2.5325511 -1.89212896 12.0264142 1.71024835 -1.55971307 11.8171132 1.04667535 -0.981308001 11.6076061 0.621574197 -0.223749339 11.3978129 0.487701739 0.625575903 11.1878508 0.853820062 0.548551758 9.25902929 0.15062304 0.286883824 7.67071099 5.08393947 0.570694668 11.194045 5.55732388 0.363001523 13.0817108 4.89774351 1.25915634 11.4177072 5.42706185 1.19516091 13.3008058 4.47537061 1.83545277 11.6448714 5.01957864 1.92523935 13.5238215 3.87509861 2.22787861 11.8757273 4.38750897 2.46007153 13.7506347 3.26067197 2.36560868 12.0894619 3.6040476 2.71509398 13.982224 2.55891146 2.27988163 12.3273216 2.78325756 2.65428714 14.2159925 1.94197661 1.95049726 12.5684296 2.02920355 2.28018853 14.4514824 1.53631152 1.48696073 12.7906368 1.43687403 1.61648314 14.6906802 1.29756402 0.820723267 13.0367878 1.10778309 0.749772823 14.9272126 0.804683655 1.77840901 10.9003102 1.38635753 2.47839301 10.6897922 2.21174434 2.94904902 10.4782748 3.17222238 3.1195866 10.2688002 4.14730075 2.95918846 10.0621514 5.01215182 2.4707211 9.85698371 5.65436433 1.7236189 9.65443295 5.99129569 0.805360133 9.45434079 5.96733668 -0.180358782 9.25465778 1.31151055 0.0981421049 13.2850036 1.07406727 -0.214393604 15.1621457 1.57975981 -0.595942634 13.5356704 1.34669143 -1.16188809 15.3945896 2.01695268 -1.10253957 13.7658503 1.92673165 -1.98043664 15.6289953 2.66069316 -1.49577678 14.0194657 2.71152582 -2.5409309 15.854053 3.38475205 -1.65190932 14.2738812 3.61779684 -2.79236458 16.0741773 4.01468634 -1.56293185 14.5065787 4.55678647 -2.68244413 16.2964692 4.62986583 -1.23230654 14.762027 5.36228691 -2.24763715 16.5095085 5.07059919 -0.712422973 15.0179302 5.95972895 -1.55176841 16.7199271 5.15666634 -0.380771411 12.8609162 4.72506158 -1.06408113 12.6337769 4.06083226 -1.55785819 12.4100516 3.26532915 -1.7897129 12.1946586 2.39399817 -1.72030966 11.9750512 1.58656713 -1.35876641 11.7571318 0.957977469 -0.758338017 11.5447198 0.58696925 0.0441037249 11.3287039 0.530511061 0.925713357 11.1140126 3.45213328 2.50516885 8.9369121 4.18811716 2.29234506 8.73628862 3.64428402 3.12228744 7.34220736 4.61369376 2.88144616 7.16079137 4.805124 1.85080226 8.53490416 5.4513079 2.3365847 6.98033197 5.18650417 1.31209669 8.34991241 6.0608461 1.52744694 6.7966468 5.37412205 0.599122316 8.14592065 6.33978215 0.575356809 6.61586608 5.29724791 -0.12936266 7.94114783 6.2733813 -0.414410158 6.43472822 4.96771204 -0.785039945 7.735541 5.86850139 -1.32678299 6.25309443 3.48245626 2.84050917 10.6022181 2.68773638 2.46513424 9.13732772 2.61667828 2.84723176 10.783566 4.2958785 2.55143007 10.4210105 4.95872563 2.0149695 10.2393471 5.37971763 1.30959935 10.0601966 5.5187339 0.498282579 9.87668219 5.35959058 -0.304538697 9.69135957 4.92352405 -1.00239525 9.50408953 4.26504539 -1.51133024 9.31487682 4.42759009 -1.28835718 7.52916883 5.17174275 -2.05485613 6.07099378 2.07122364 2.2164946 9.3204771 1.81161031 2.56500892 10.9647603 1.51941857 1.73359643 9.52192753 1.15992074 2.02694438 11.1488549 1.18515213 1.10732743 9.72445087 0.74561457 1.30649025 11.3347328 1.10633224 0.418840732 9.92823212 0.617327139 0.490586601 11.5230407 1.26763966 -0.163015507 10.1151867 0.803134133 -0.322994 11.7150317 1.67269181 -0.716047495 10.3214513 1.26800529 -1.02590977 11.908972 2.25329892 -1.08903297 10.5287516 1.95002889 -1.53662536 12.1049273 2.8476314 -1.22808882 10.7183316 2.77621225 -1.79114812 12.3049863 3.53048676 -1.14276654 10.9268639 3.62318256 -1.74516512 12.504268 3.13617257 -1.80625626 9.05347665 2.27508141 -1.67828573 8.860637 1.50557453 -1.25197356 8.66566966 0.940197973 -0.582151042 8.47139846 0.660084866 0.248640326 8.27862258 0.717883177 1.13854894 8.08680705 1.10133082 1.96669912 7.89760031 1.76961692 2.62931699 7.71096088 2.65738394 3.03647189 7.52510447 4.1291529 -0.831497244 11.1356365 4.39131949 -1.42012355 12.7040694 4.56694751 -0.338498512 11.3445778 4.98898996 -0.856427819 12.9039909 4.755784 0.197958701 11.535654 5.3342147 -0.102540577 13.1083555 4.74061763 0.834564356 11.7459029 5.38521899 0.705649357 13.3086966 4.48936632 1.41898778 11.957073 5.15000893 1.47597293 13.5095269 4.09035846 1.81632018 12.1508929 4.63451163 2.11185217 13.7170206 3.51093046 2.08174689 12.3649346 3.94512997 2.49817603 13.919951 2.8778545 2.11853482 12.5811773 3.16409668 2.59857186 14.1240068 2.66490777 2.62514367 10.7780271 3.49372609 2.63131594 10.5846458 4.28053773 2.35402759 10.3927761 4.90549966 1.84054222 10.2066371 5.3034528 1.11845152 10.0153082 5.4096479 0.305307509 9.82378668 5.21357257 -0.480183305 9.6354123 4.71218365 -1.1563442 9.44201108 3.98925591 -1.6193022 9.247968 1.30012694 -0.168831974 8.93691447 1.15944747 0.518810663 8.73628798 0.899696264 -0.616049003 7.34220897 0.654091437 0.266970942 7.16079278 1.28469473 1.22151865 8.53490713 0.744146286 1.19238164 6.98033026 1.61131832 1.77950111 8.34991042 1.18184798 2.05872649 6.79664576 2.19323434 2.25932058 8.14592036 1.90907068 2.72096993 6.61586428 2.91931257 2.52214948 7.94114736 2.83876348 3.11281431 6.43473142 3.70345483 2.53337622 7.73554376 3.86433506 3.18171478 6.25309602 0.739617078 -0.187261047 10.6022215 1.68435466 -0.754696663 9.13733305 1.15154542 -0.90865728 10.7835704 0.613307322 0.627292998 10.4210147 0.790169439 1.43716824 10.2393501 1.24390022 2.12867097 10.0601984 1.93773957 2.63745486 9.87667801 2.77478341 2.89332577 9.69136092 3.65607481 2.86556799 9.50408981 4.47752199 2.55698697 9.31487706 4.45271267 2.28823122 7.52917011 4.86716274 2.91249002 6.07099434 2.18754094 -1.11778481 9.32048436 1.79801438 -1.44072862 10.9647629 2.86922522 -1.31041615 9.52193283 2.60170772 -1.72382192 11.1488565 3.57378025 -1.25473073 9.72445033 3.45318367 -1.72487092 11.3347352 4.20864215 -0.960632754 9.92823236 4.24767087 -1.44594678 11.5230401 4.63051852 -0.526377237 10.1151877 4.88140692 -0.910931663 11.715027 4.90329932 0.0918208703 10.3214569 5.2740269 -0.200441611 11.9089718 4.92657602 0.761079691 10.5287512 5.38416281 0.59575189 12.1049222 4.73488359 1.32129499 10.7183406 5.19321564 1.38652892 12.3049867 4.29648085 1.8392995 10.9268605 4.72689645 2.04808859 12.5042654 5.35105774 1.74095619 9.05347603 5.69568954 0.939156379 8.86063845 5.7241578 0.0605206442 8.66567038 5.42986166 -0.773632788 8.4714004 4.84722636 -1.45392128 8.27862479 4.04294996 -1.88705206 8.08681235 3.13234026 -2.02257734 7.89759719 2.22878293 -1.84079407 7.71096596 1.44526156 -1.35006167 7.52510619 3.69987264 2.17150319 11.1356321 4.05778084 2.50663063 12.7040697 3.02492036 2.27637845 11.3445841 3.2709387 2.70300902 12.9039912 2.44123045 2.1516633 11.5356537 2.45323309 2.58755902 13.108356 1.87529715 1.80261536 11.7459017 1.7452493 2.18813368 13.3086945 1.48170225 1.27770655 11.9570711 1.22332013 1.54732101 13.5095279 1.33520282 0.71859193 12.1508959 0.966635179 0.712613743 13.7170247 1.40288424 0.0629842699 12.3649301 1.01526275 -0.164132586 13.9199553 1.70419832 -0.533677326 12.5811749 1.35513488 -0.994645306 14.1240036 1.32905626 -0.757569195 10.7780334 0.925354194 -0.0733975161 10.5846472 0.803286624 0.712639482 10.3927754 0.979321137 1.47905471 10.2066371 1.46192876 2.15870625 10.015308 2.17548259 2.64011707 9.82378532 3.01603012 2.85588216 9.63541267 3.91138726 2.76198969 9.44200849 4.72407019 2.37575216 9.2479654 4.80191765 -0.610980965 8.93691169 4.28129308 -1.10051403 8.73628731 5.63345972 -1.03609205 7.34220761 4.98239543 -1.7318088 7.16079122 3.61472079 -1.37972831 8.53490472 4.12455496 -2.16943628 6.98032989 2.97609637 -1.41838634 8.34991098 3.14499794 -2.28815532 6.7966427 2.28362173 -1.21113207 8.14592573 2.20260747 -2.06183976 6.61586416 1.71545791 -0.779871843 7.94114508 1.40037107 -1.53002784 6.43472889 1.34466615 -0.177844921 7.73554137 0.837909097 -0.754751297 6.25309242 4.85723891 -0.941416716 10.6022197 5.10911321 0.0262824947 9.13732337 5.28698353 -0.243551819 10.7835703 4.20126937 -1.45316176 10.4210103 3.39928105 -1.71587332 10.2393487 2.56753613 -1.69445872 10.0601991 1.78405783 -1.38724724 9.87668157 1.1608702 -0.83868251 9.69135967 0.775196868 -0.114575164 9.50409033 0.676056041 0.698274853 9.31487262 1.22056965 0.520869504 7.52916899 0.587072048 0.172808769 6.07099339 5.15792503 0.645402873 9.32047737 5.42910806 0.550871904 10.9647616 4.96031598 1.32570079 9.5219276 5.26874665 1.34871054 11.1488502 4.52620954 1.89745021 9.72444596 4.83194463 2.04354772 11.3347317 3.91117467 2.28928346 9.92822893 4.17357502 2.55073049 11.5230375 3.2792257 2.43120611 10.1151853 3.36917239 2.79604858 11.7150235 2.55436647 2.35603623 10.3214517 2.53399784 2.75192913 11.9089656 1.91124706 2.045727 10.5287482 1.77123331 2.42647958 12.1049181 1.48050999 1.60821671 10.718332 1.17276343 1.84621436 12.3049847 1.21454772 0.983027704 10.9268654 0.835199668 1.0916255 12.5042618 1.02425214 1.7976808 9.0534722 1.61165153 2.45928205 8.86063628 2.42563061 2.89613697 8.66566893 3.35835268 3.04202994 8.47139782 4.2931662 2.87031336 8.27862117 5.11320555 2.38674144 8.08680588 5.71594928 1.66044758 7.89759655 6.027542 0.776403778 7.71095739 5.99990513 -0.16671349 7.52510598 1.20165498 0.313607795 11.1356353 0.785510084 0.257621602 12.7040672 1.43910353 -0.314208631 11.3445788 1.02984628 -0.556158396 12.9039908 1.84232926 -0.756354779 11.5356571 1.56437261 -1.25286231 13.1083596 2.44088904 -1.08067974 11.7459023 2.28899195 -1.72424991 13.3086904 3.11155218 -1.18064481 11.9570734 3.12560063 -1.92937246 13.5095285 3.68772451 -1.05913323 12.1508934 3.99092916 -1.82139049 13.7170223 4.24068509 -0.716943442 12.3649284 4.73200009 -1.43095775 13.9199479 4.62150863 -0.209330328 12.5811749 5.28167928 -0.81116588 14.1240045 5.06186631 -0.171994854 10.7780276 4.66295637 -0.844619223 10.5846397 4.03208276 -1.33924194 10.3927739 3.270787 -1.58173512 10.2066367 2.43737339 -1.5319139 10.0153086 1.67054886 -1.19615429 9.82378313 1.08301148 -0.62571913 9.63541328 0.751797953 0.14176949 9.44201276 0.728612095 0.985083757 9.24796564 3.84545567 3.00391444 6.72148843 4.824174 2.69545837 6.51743079 3.97149793 3.72653443 5.11154873 5.23428627 3.39578865 4.92823923 5.6396486 2.0768898 6.31340753 6.31435449 2.65981972 4.74572994 6.13744 1.32909581 6.12678648 7.08781409 1.5754778 4.559787 6.3715672 0.345133544 5.9216494 7.42372031 0.306057194 4.37662548 6.24725638 -0.65498879 5.71555435 7.30511537 -1.00567098 4.19293707 5.78264737 -1.55021985 5.50841835 6.74580607 -2.205831 4.00857487 3.87857431 3.56699434 8.4302772 2.82518604 2.9682872 6.92600914 2.7027952 3.57465173 8.61506495 4.9843049 3.17476707 8.24441377 5.88661062 2.44180242 8.05761295 6.46082284 1.4735206 7.87332557 6.6514935 0.355816715 7.68453926 6.43610012 -0.753288133 7.49401583 5.84451844 -1.71986662 7.30169088 4.95290793 -2.42908422 7.10767598 5.03676877 -2.23213504 5.30029097 5.8105073 -3.15407193 3.82358201 1.9998122 2.64694416 7.11341764 1.610942 3.19394218 8.79845468 1.25770336 2.00790385 7.32000077 0.727459593 2.47558118 8.98351721 0.804680826 1.17268873 7.52802351 0.163304501 1.52383192 9.16900322 0.694923065 0.251870332 7.73756833 -0.0191352166 0.458941394 9.35515205 0.90915521 -0.524187591 7.92989311 0.213020622 -0.586672811 9.54315005 1.45098336 -1.25689628 8.14205668 0.808508022 -1.47150322 9.73133876 2.22706487 -1.74205171 8.35505135 1.68128248 -2.09378854 9.91983355 3.01734405 -1.90867467 8.54873691 2.73207438 -2.37814328 10.1106934 3.91767862 -1.76849248 8.76020176 3.79938184 -2.27893806 10.2993282 3.42543955 -2.85290118 6.84035923 2.25986831 -2.6947407 6.64382028 1.21779939 -2.13062847 6.4457878 0.450139113 -1.23563221 6.24925015 0.0648886074 -0.12159763 6.05508711 0.131959038 1.07386825 5.86217385 0.633471159 2.1861936 5.67170105 1.51185621 3.0741651 5.48364156 2.6783499 3.61736145 5.29618772 4.69508191 -1.32678579 8.97026944 4.75490455 -1.83326323 10.4871057 5.24766455 -0.648805963 9.17878544 5.48337715 -1.1003664 10.6737473 5.46524714 0.0760472312 9.36756228 5.88273241 -0.145980253 10.8633766 5.40538392 0.922170387 9.573222 5.90549551 0.860416077 11.0480927 5.03333162 1.6865234 9.77775354 5.56354877 1.81257862 11.2318236 4.47316995 2.19810775 9.96382866 4.86508092 2.59972702 11.4207959 3.67848573 2.53371591 10.167583 3.94702388 3.08827997 11.6054243 2.82066569 2.5770298 10.3717609 2.91114949 3.239555 11.7911982 2.76794766 3.27629043 8.60943451 3.89479063 3.28468314 8.41229667 4.96501354 2.9068766 8.21538398 5.81608453 2.20350279 8.02396736 6.35894137 1.21046752 7.82714393 6.50446414 0.0886675036 7.63014458 6.23825517 -0.997357034 7.43653649 5.55832558 -1.93484108 7.23799739 4.5797557 -2.58180164 7.03916929 0.952520884 -0.634654991 6.72148859 0.756005423 0.28341681 6.51743312 0.325720152 -1.32199849 5.11155104 -0.0123201835 -0.127468367 4.92823984 0.915384764 1.22156601 6.31340673 0.0969107841 1.12179507 4.74572973 1.34403843 1.96406361 6.12678684 0.664370966 2.28784865 4.55978687 2.11118945 2.59920589 5.92164948 1.60697543 3.17801195 4.37662832 3.06719783 2.94182423 5.71555754 2.80893413 3.70630237 4.19293673 4.09522107 2.94540444 5.50841757 4.12957897 3.80355395 4.00857859 0.186400864 -0.517788041 8.43028078 1.47546635 -1.41447854 6.92601372 0.734608336 -1.47164481 8.61506679 0.0202228236 0.57037802 8.24441328 0.262328881 1.65768768 8.05761594 0.878193345 2.58722766 7.87332919 1.81801973 3.26822991 7.68454113 2.94944327 3.60267195 7.49401602 4.13673157 3.54792284 7.30169282 5.2389288 3.11000789 7.10768025 5.07022532 2.60483553 5.3002887 5.41384788 3.45272952 3.82358205 2.15638881 -1.89279352 7.11341986 1.59272656 -2.16202725 8.79846134 3.07663783 -2.13783757 7.32000341 2.65318289 -2.51161974 8.98352095 4.0272196 -2.04469321 7.52802598 3.76691999 -2.48185084 9.16900869 4.882581 -1.62570327 7.7375658 4.79390271 -2.08215597 9.35515345 5.44805065 -1.01799935 7.92989367 5.59724971 -1.35220026 9.54314828 5.80820754 -0.161771605 8.14205745 6.07410532 -0.405592714 9.73133953 5.82793558 0.757525818 8.35505282 6.17479076 0.635790809 9.91983116 5.5546372 1.52197344 8.54873821 5.88014435 1.65275172 10.1106946 4.94459166 2.22302116 8.76020202 5.23049317 2.4895024 10.2993284 6.40411347 1.97491087 6.84036077 6.8569554 0.866262785 6.64382252 6.88230329 -0.34597061 6.44579274 6.47300838 -1.49583896 6.2492521 5.67737759 -2.43414592 6.0550899 4.58400724 -3.03356357 5.862176 3.34821797 -3.22427242 5.6717039 2.12421438 -2.98019257 5.48364262 1.06493842 -2.31550656 5.29618828 4.12156971 2.66782694 8.97026778 4.32428266 3.05924378 10.4871077 3.19571596 2.80532521 9.17878579 3.27412412 3.29658411 10.6737493 2.39747914 2.63841734 9.36756374 2.19175363 3.14972528 10.863377 1.62513938 2.18099262 9.57322559 1.25660868 2.66324303 11.0480924 1.08437205 1.50447496 9.77775547 0.559399616 1.89880171 11.2318245 0.871931254 0.795863952 9.9638289 0.196218963 0.916924775 11.4207981 0.936576906 -0.0201198899 10.1675863 0.218317435 -0.103391545 11.6054306 1.30142247 -0.745530085 10.3717643 0.607539397 -1.06072556 11.7912037 0.973302437 -1.26923789 8.60944198 0.436901476 -0.365555806 8.41229827 0.276912347 0.684213746 8.21538913 0.518202463 1.71274011 8.02397507 1.17335697 2.6254636 7.82714512 2.13964127 3.26816009 7.63015165 3.2749204 3.54678 7.43653474 4.47968575 3.40108136 7.23800123 5.56861596 2.85698263 7.03917024 5.66004057 -1.23634231 6.7214844 4.94935017 -1.91903629 6.51743255 6.61333446 -1.88876249 5.11154971 5.72240252 -2.82054776 4.92823936 4.04210745 -2.31446285 6.31340735 4.56254391 -3.39989773 4.74572956 3.17376125 -2.38077176 6.12678569 3.24858385 -3.54509296 4.55978742 2.2322379 -2.11287671 5.9216503 1.9920689 -3.2244016 4.37662324 1.45740723 -1.53748474 5.71555498 0.926599462 -2.49537714 4.19293495 0.946983686 -0.727582481 5.50841821 0.178593049 -1.44359218 4.00857855 5.72918772 -1.53522448 8.43027523 6.08243328 -0.351398872 6.92601067 6.28994474 -0.578034269 8.61506663 4.85677515 -2.24559423 8.24441377 3.78258029 -2.6212291 8.05761478 2.66487161 -2.61115921 7.87332533 1.61058841 -2.21126755 7.68454257 0.772433147 -1.48087097 7.494015 0.2549869 -0.510739025 7.30168924 0.121683383 0.579347501 7.10767545 0.766130296 0.214709475 5.30028816 -0.160200641 -0.191172641 3.82358006 6.15498344 0.507862536 7.11341754 6.4578027 0.50089557 8.79845992 5.89449813 1.45237412 7.31999753 6.21541524 1.5737716 8.98351737 5.31216158 2.24891779 7.52802333 5.60196791 2.49779469 9.16900973 4.48104482 2.79768813 7.73756455 4.6956687 3.16224905 9.35515253 3.62420323 3.00136354 7.92989631 3.60076256 3.47447593 9.54314743 2.64012484 2.90754524 8.14205691 2.47255512 3.40672295 9.73133314 1.76632736 2.49312955 8.3550506 1.44733312 2.97923832 9.91983362 1.1793297 1.90808618 8.54873624 0.643642803 2.23586054 10.1106916 0.812867896 1.07689427 8.7601984 0.184385642 1.28714935 10.2993276 0.585266519 2.05210623 6.84035933 1.36839679 2.9342429 6.64381787 2.45302171 3.51009876 6.44578825 3.69412366 3.69049953 6.2492512 4.93488784 3.43979563 6.05508696 6.01660591 2.76784709 5.86217164 6.80190966 1.77110588 5.67170208 7.19392339 0.564800519 5.48363962 7.12955724 -0.715587044 5.29618991 0.784034819 0.196440774 8.97026822 0.0995483159 0.257111014 10.4871063 1.08550391 -0.616717418 9.17878925 0.392293146 -0.72944687 10.6737472 1.60368615 -1.17557767 9.36756155 1.05298841 -1.55526647 10.863375 2.37132764 -1.56834721 9.57322339 1.95106657 -2.09456221 11.0480942 3.22430588 -1.66322131 9.77775221 2.98365389 -2.30289981 11.2318224 3.94689248 -1.47501831 9.96382644 4.04585584 -2.13060905 11.4207977 4.62766949 -1.00676372 10.1675846 4.94844413 -1.62210699 11.6054213 5.07774215 -0.339204056 10.3717671 5.60776676 -0.841143382 11.7911989 5.98813398 -0.482371186 8.60943993 5.46896431 -1.40638551 8.41230131 4.6300381 -2.09431864 8.21538771 3.61024822 -2.44266124 8.02396817 2.49008644 -2.39466683 7.82714123 1.45818609 -1.95598018 7.6301478 0.668288709 -1.19559398 7.43653366 0.223844151 -0.167092678 7.23799565 0.191780198 0.963784226 7.03916771 3.75358637 2.67273874 25.0868564 4.58843862 2.41966324 24.9354835 3.8807623 3.43841933 23.8502115 4.92907047 3.16227472 23.69881 5.2772543 1.89655924 24.7833191 5.82174692 2.54037069 23.545095 5.69347839 1.26361422 24.6431158 6.4558866 1.62434476 23.3852651 5.88537496 0.433225765 24.4875964 6.72687236 0.556604276 23.224718 5.77674347 -0.403953612 24.3295079 6.62685259 -0.543214235 23.0623723 5.3855912 -1.14441654 24.1683008 6.16957736 -1.54682035 22.8986399 3.84359884 3.15606827 26.364881 2.87345322 2.62077554 25.2380538 2.74986314 3.18622045 26.5096068 4.84700447 2.76130588 26.2217898 5.64399164 2.05730598 26.0797287 6.13180477 1.15254781 25.9408281 6.27110908 0.131718982 25.7996082 6.05310501 -0.858911777 25.6579305 5.51234271 -1.7007261 25.5155051 4.72034966 -2.29451094 25.3721718 4.76348473 -1.69745991 24.0030864 5.4097079 -2.33772633 22.7336468 2.15243591 2.31185674 25.3764206 1.70608919 2.8318204 26.6559138 1.49434159 1.70709113 25.5290448 0.832412995 2.1259592 26.8064362 1.081524 0.912770395 25.6831702 0.244707678 1.15749012 26.9604528 0.965714928 0.0259768717 25.8391838 0.0194802637 0.0379695281 27.1183796 1.13920652 -0.73774361 25.983349 0.20989527 -1.09995159 27.2814981 1.61164175 -1.4801826 26.1437743 0.78731962 -2.10259661 27.4486698 2.31149322 -2.00103813 26.3066791 1.6838928 -2.8479356 27.6202398 3.04494629 -2.21814696 26.4573616 2.81169487 -3.23582907 27.8008352 3.90761527 -2.14052701 26.6251606 4.00608016 -3.18985842 27.9885774 3.39236084 -2.60081753 25.1747746 2.39621127 -2.40407518 25.0293164 1.51700787 -1.85088475 24.8821624 0.879188989 -1.01439424 24.735243 0.569400072 0.00246994162 24.5889416 0.641140596 1.07805856 24.4421728 1.07509892 2.06956875 24.2956082 1.82086389 2.85629675 24.1487994 2.80147073 3.33644947 23.9997782 4.6835635 -1.75163934 26.795565 5.12471383 -2.7274604 28.1856122 5.26904313 -1.10022459 26.9686644 6.0273078 -1.89481076 28.391724 5.53716141 -0.368129813 27.1290227 6.57885038 -0.75185349 28.6102792 5.53820602 0.525063284 27.3079375 6.69280378 0.504833789 28.829277 5.21330717 1.36950528 27.4905221 6.3552005 1.73885937 29.0492913 4.66923589 1.96564585 27.6612145 5.55142408 2.7979865 29.2732081 3.85037863 2.38938495 27.8577476 4.42981953 3.4876617 29.4857935 2.92334853 2.48935996 28.0638729 3.11263099 3.73780817 29.6920179 2.81123165 2.89046317 26.5051646 3.85742144 2.87920589 26.3509345 4.82578526 2.50250632 26.1996189 5.57476731 1.83193127 26.0542771 6.03270946 0.910305099 25.9062022 6.13217498 -0.107203023 25.7590866 5.87184064 -1.07081818 25.615307 5.25658064 -1.8804425 25.468428 4.39319552 -2.41350046 25.3216023 1.27110466 -0.582360815 25.0868493 1.11838778 0.276340156 24.9354858 0.855170563 -0.886708729 23.8502084 0.587388611 0.155502066 23.6988296 1.26884217 1.14122521 24.7833078 0.689088695 1.23254328 23.545101 1.64387938 1.82139519 24.6431119 1.16722896 2.22771189 23.3852726 2.30158674 2.40241681 24.4875885 1.95155468 2.97794229 23.2247138 3.11192424 2.721806 24.3295093 2.94534536 3.41254134 23.0623773 3.97654134 2.7430442 24.1682982 4.03255792 3.47868689 22.8986467 0.411877101 -0.82752756 26.3648817 1.70735951 -1.32921419 25.2380469 0.895547245 -1.80530703 26.5096038 0.289868108 0.254414359 26.2217979 0.539309423 1.31165182 26.0797231 1.11678722 2.19998806 25.9408318 1.97009413 2.8428307 25.7996039 2.97664261 3.15871518 25.6579203 4.0167513 3.11792642 25.5155043 4.96904332 2.73269862 25.3721766 4.79132806 2.46547166 24.0030895 5.08655786 3.16626713 22.7336477 2.28861288 -1.80927192 25.3764175 1.6886715 -2.54681406 26.6559128 3.08838113 -2.08807595 25.5290417 2.70275208 -2.96434108 26.8064313 3.92898924 -2.05934255 25.6831783 3.80405614 -3.00164743 26.9604497 4.70159604 -1.72668053 25.8391822 4.85856811 -2.64821649 27.1183781 5.22908134 -1.2037026 25.9833529 5.72549372 -1.92448267 27.2815078 5.5862909 -0.433163026 26.1437684 6.28696646 -0.932236406 27.4486658 5.64111512 0.423406002 26.3066863 6.47167918 0.208457107 27.6202602 5.42351133 1.15762003 26.4573553 6.23632792 1.36963399 27.8024137 4.88627501 1.85491338 26.6251637 5.59623969 2.3694811 27.992374 5.95823596 1.73648137 25.1747758 6.33161962 0.773202804 25.0293234 6.33949856 -0.268601981 24.882166 5.98176975 -1.24375965 24.7352469 5.30323298 -2.02495351 24.5889324 4.38159933 -2.50433667 24.4421849 3.34852568 -2.62702633 24.2956128 2.33227956 -2.37636538 24.1488098 1.45829323 -1.76855075 23.9997829 4.12719501 2.32068879 26.7955604 4.63674117 3.09285846 28.1889777 3.24045263 2.48954864 26.9686599 3.46755143 3.44089127 28.3889917 2.44905198 2.34384333 27.1290298 2.20886443 3.32642063 28.5940832 1.65387447 1.8850496 27.3079526 1.07455033 2.77522941 28.7937446 1.06869787 1.16865476 27.4905279 0.189313193 1.84511456 28.9918095 0.813955606 0.388232422 27.6610946 -0.30901602 0.600663952 29.1965369 0.848864638 -0.546195038 27.8556672 -0.329710284 -0.731459653 29.4005128 1.22195539 -1.41381148 28.0591796 0.125981814 -2.01305585 29.6132606 1.12114704 -1.60372361 26.5051578 0.647479159 -0.675927762 26.3509275 0.529889647 0.367207748 26.1996173 0.775704237 1.36621084 26.0542829 1.38563695 2.23763081 25.9061981 2.25799828 2.84437593 25.7590861 3.26318146 3.10971376 25.6153101 4.31421187 2.98773847 25.4684367 5.25090609 2.50949333 25.3216014 5.31064575 -1.12059837 25.0868456 4.69519259 -1.6806218 24.9354804 6.0736067 -1.37268642 23.8502142 5.33334669 -2.14319831 23.6988262 3.92184359 -1.98108049 24.7833084 4.37506381 -2.61003422 23.5450883 3.18975765 -1.99480281 24.6431144 3.2952153 -2.70896262 23.3852658 2.40342404 -1.71395338 24.4875854 2.26792324 -2.41947258 23.2247204 1.76283222 -1.17080928 24.3295099 1.40355602 -1.79437296 23.0623763 1.34760351 -0.433101278 24.1683045 0.805514711 -0.909193205 22.8986379 5.56366519 -1.81976393 26.3648704 5.68748289 -0.371130023 25.2380467 6.12947192 -0.921397669 26.5096037 4.72993077 -2.45614476 26.2217831 3.73434251 -2.75736797 26.0797238 2.72180336 -2.68908745 25.9408231 1.78551112 -2.25792788 25.7996105 1.05575334 -1.52998209 25.657923 0.617312223 -0.594689941 25.5155068 0.519619637 0.435895636 25.3721847 1.20930999 0.408366679 24.0030727 0.545506219 0.130606641 22.7336502 5.76610655 0.370005432 25.3764209 6.33971403 0.127376527 26.6559028 5.55783349 1.19854039 25.5290335 6.16252786 1.20550086 26.8064478 5.06437464 1.90695859 25.68317 5.61656252 2.1687599 26.9604546 4.34337818 2.40241544 25.8391796 4.75980286 2.89561818 27.118381 3.58566436 2.58895476 25.9833503 3.68029497 3.27422985 27.2815088 2.69637499 2.50132844 26.1437717 2.52533124 3.25366276 27.448667 1.88546232 2.10684216 26.306686 1.43461948 2.83249334 27.6202464 1.32192076 1.53754824 26.457361 0.539874962 2.03577202 27.8006836 0.948694659 0.707659334 26.6251563 -0.00944477772 0.967456762 27.98571 0.945765282 1.80583645 25.1747739 1.63293441 2.61846623 25.0293193 2.56877518 3.14990494 24.8821558 3.62746594 3.32686792 24.735227 4.67683316 3.12436867 24.5889391 5.58556041 2.555961 24.4421687 6.24050591 1.70901782 24.2956159 6.56329002 0.687302498 24.1487998 6.50539309 -0.391381718 23.9997864 0.889425665 -0.198780232 26.7955609 -0.156523042 -0.240180895 28.1754265 1.15425734 -1.06687784 26.9686605 0.128806451 -1.44208291 28.369858 1.64999415 -1.69282712 27.1290248 0.861793954 -2.49128878 28.5750851 2.42061028 -2.16559731 27.3079552 1.91357423 -3.21601264 28.7841993 3.31465446 -2.32618946 27.4905209 3.17317039 -3.53851121 29.0023943 4.10582527 -2.16632679 27.6611637 4.51798919 -3.37229865 29.2371603 4.8893707 -1.68051516 27.857569 5.7055301 -2.74836916 29.4748311 5.45115962 -0.937078706 28.0659219 6.61544826 -1.73446179 29.7176974 5.84380162 -0.825744417 26.5051672 5.31871869 -1.68963738 26.3509257 4.51883494 -2.30211161 26.1996159 3.57662025 -2.57710782 26.0542836 2.56562842 -2.47146353 25.906197 1.65314466 -2.00529028 25.7590927 0.968535672 -1.25319281 25.6153147 0.596058707 -0.267652081 25.4684258 0.587208508 0.795812712 25.3216017 4.14449352 3.56865608 1.1416398 5.41287803 3.18244507 0.922990004 4.12854071 5.0083299 -0.641561728 5.87977102 4.5977023 -0.81412515 6.47484887 2.37016407 0.709558847 7.40033477 3.59941029 -0.979799602 7.12519196 1.37351069 0.516608713 8.5089442 2.08501328 -1.14687861 7.43008327 0.0476359968 0.30589389 9.01379581 0.283049165 -1.31133561 7.25900098 -1.31034942 0.0938195344 8.87922407 -1.60421609 -1.47482403 6.62709227 -2.53362963 -0.120037522 8.1047664 -3.35388138 -1.63649632 4.47964461 4.28416753 2.98768016 2.82939334 3.48659224 1.36609791 2.93160755 4.32794957 3.17927642 5.91572372 3.71447487 2.79699308 7.06949098 2.68796024 2.60824919 7.78496388 1.35358887 2.42416787 7.99429515 -0.171457943 2.23388103 7.67381741 -1.6743801 2.03922635 6.86380098 -2.97727211 1.8400294 5.66082155 -3.92595725 1.63593337 5.60355811 -3.47045343 -0.336482812 6.76347614 -4.75650287 -1.79676855 1.77407207 3.02024204 1.57502241 1.47207131 3.82855878 3.36994629 0.834889449 2.12135645 1.80626045 0.26849662 2.84463186 3.56259129 0.275987182 0.958836536 2.03776963 -0.521555175 1.51069961 3.7560024 0.163347039 -0.317800458 2.26735502 -0.798638163 -0.0110547727 3.95032525 0.469488951 -1.39616987 2.47291947 -0.498395807 -1.53348286 4.14671066 1.20838941 -2.42134983 2.69381351 0.327751798 -2.84697309 4.34332087 2.26252722 -3.11146961 2.91277868 1.57519076 -3.79118912 4.54017181 3.34547117 -3.36389389 3.11159932 3.11362855 -4.23863519 4.73930147 4.59830189 -3.19070831 3.33017524 4.71149173 -4.10205493 4.93581748 3.60821839 -4.47656363 1.34548254 2.03704207 -4.24074504 1.12028172 0.618254884 -3.44792556 0.881761558 -0.448317405 -2.19358178 0.63767698 -1.01470747 -0.624475325 0.396915664 -0.98018585 1.07419372 0.165252691 -0.356201307 2.67364162 -0.053693166 0.794452306 3.97230346 -0.260763863 2.36127495 4.79444007 -0.457881007 5.70821944 -2.58399219 3.54878781 6.17388109 -3.42162069 5.13104022 6.53122879 -1.62183454 3.7662106 7.31583439 -2.27681958 5.32458631 6.8968769 -0.568078095 3.96328483 7.9662348 -0.763272561 5.52062143 6.88154496 0.69130991 4.17813146 8.03205668 0.851645476 5.71089157 6.41259594 1.86076886 4.39180771 7.51650679 2.39333417 5.89938742 5.6477371 2.67292808 4.58609487 6.42332022 3.6772641 6.09210284 4.51557111 3.23977575 4.79860345 4.96597985 4.4811191 6.27893322 3.25366613 3.36807555 5.01117457 3.30880928 4.74206754 6.4654919 3.01862085 3.90799528 3.17344979 4.49793089 3.88792658 2.969147 5.88370463 3.34053415 2.7672819 6.96839011 2.35833938 2.57395417 7.64023432 0.993528445 2.37666375 7.78982647 -0.533559494 2.17728886 7.40380747 -2.00285861 1.97893178 6.47742988 -3.26450911 1.77262912 5.15930763 -4.12728157 1.56240273 0.32131154 -1.42780338 1.16184021 0.0171965531 -0.137622819 0.919509435 -0.925633401 -2.17028285 -0.599716761 -1.45423656 -0.441242132 -0.809688491 0.182295783 1.19056025 0.679507286 -1.36168084 1.38892672 -1.00240481 0.712392168 2.25584168 0.46444764 -0.615493948 3.12126392 -1.18321688 1.70052504 3.1863504 0.234077552 0.687202852 4.46883808 -1.34933884 2.95797983 3.71808359 0.0101486556 2.38963691 5.29948292 -1.50607583 4.33267393 3.7806293 -0.206206878 4.29491294 5.50500095 -1.65455998 -0.45845532 -1.41162195 2.98831797 1.05135479 -2.52094228 1.40287908 0.279978573 -2.75782811 3.17969251 -0.684414343 0.104088304 2.79526208 -0.373845581 1.60640291 2.59999533 0.421601814 2.88506771 2.40546152 1.63371005 3.82204667 2.202771 3.09092457 4.28910671 1.99670967 4.62006267 4.23096233 1.78989527 6.03940956 3.65370631 1.5847096 5.65591046 3.35910732 -0.4151059 6.18002148 5.04772248 -1.79676931 1.98234332 -3.19564189 1.61803397 1.44731984 -3.75203409 3.36995095 3.22894341 -3.55175962 1.84758165 2.91044514 -4.27695168 3.56259516 4.51432709 -3.44501677 2.07059944 4.47500913 -4.2643796 3.7560046 5.6773047 -2.89230984 2.28885248 5.95116862 -3.71187766 3.95032852 6.46126588 -2.07508042 2.48471654 7.1438636 -2.66019522 4.14671134 6.98573984 -0.907324933 2.69781963 7.89476604 -1.2613544 4.34331964 7.06609053 0.365083721 2.91305202 8.11406703 0.312390141 4.54017252 6.75437047 1.44056834 3.11126875 7.75262137 1.88440702 4.73930088 5.99100648 2.44891172 3.33017259 6.84603976 3.21176552 4.93581811 7.53616253 2.13548392 1.3081951 8.11101236 0.644449699 1.1067443 8.12767044 -0.991296218 0.902750248 7.5725564 -2.54718964 0.698857991 6.50102387 -3.81962955 0.495630127 5.02171253 -4.63120189 0.288779204 3.33418085 -4.88361212 0.0753003851 1.64070818 -4.53531481 -0.146967691 0.146942696 -3.59288625 -0.376174775 4.92197753 3.11642855 3.54878681 5.52418408 4.14912635 5.13103699 3.68446323 3.36064937 3.76620925 3.94711759 4.58025036 5.32458702 2.59128356 3.16628898 3.96328465 2.28307419 4.41066062 5.52062244 1.50541196 2.54721022 4.17813066 0.81463603 3.6961755 5.71089203 0.720154522 1.58924691 4.39180489 -0.304282988 2.52982739 5.89938692 0.391961937 0.559707489 4.58609571 -0.910530243 1.01034174 6.09209901 0.460140416 -0.651179955 4.79860651 -0.910426053 -0.572490864 6.2789341 0.977441873 -1.74600296 5.01117832 -0.328114618 -2.04773533 6.46549404 0.601377503 -2.47317583 3.17384382 -0.123897416 -1.19880197 2.96968958 -0.344523052 0.261818721 2.76517291 -0.0380969352 1.68201741 2.56501383 0.80505887 2.93769127 2.35657927 2.04839982 3.82369038 2.14443927 3.50918205 4.21693078 1.93490884 5.06079994 4.03675281 1.72215105 6.46313426 3.31612711 1.51322998 6.53861461 -2.25035047 1.20603184 5.57551241 -3.16222447 0.98739131 7.77589986 -2.96707498 -0.539208668 6.55015533 -4.27622232 -0.721103099 4.3474861 -3.68337099 0.763991165 4.92886573 -5.09603299 -0.905722264 3.16447172 -3.75639715 0.553443254 3.06266722 -5.30601999 -1.09906521 1.8682181 -3.36655774 0.313762061 1.24574472 -4.84852985 -1.2910025 0.779506054 -2.54471814 0.0679048726 -0.328393752 -3.78711493 -1.47618931 0.0346082527 -1.38425031 -0.177955862 -1.46568825 -2.23240212 -1.64602324 6.95479626 -2.83018074 2.99131705 7.12154261 -1.06373762 1.42247755 7.76443123 -1.50305277 3.18010619 5.7461916 -3.79914506 2.80370445 4.28525084 -4.29614958 2.61573294 2.77913134 -4.25973236 2.42790464 1.36202856 -3.69002378 2.22813075 0.229292632 -2.67133197 2.01814889 -0.486004808 -1.32547986 1.79910611 -0.699392943 0.188189304 1.57410797 -0.269155916 -0.021279525 -0.417089727 -2.01895947 -0.359678679 -1.79677039 7.24387406 0.0898608402 1.61927961 8.05769539 0.0169377877 3.36994838 6.93397788 1.35997826 1.83458865 7.79755807 1.55686654 3.5625908 6.20403968 2.43228231 2.05094057 7.01938537 2.91487174 3.75600192 5.14900923 3.17488335 2.2690231 5.81340492 3.92599835 3.95032456 4.05377431 3.45520315 2.46894347 4.31009178 4.44376892 4.14670867 2.78494284 3.33592146 2.68829717 2.71910076 4.40976975 4.34331769 1.64773351 2.77917604 2.90913128 1.23475065 3.83547786 4.54016666 0.87600535 1.98130878 3.11036409 0.0361131792 2.77017724 4.73929929 0.3875305 0.829550788 3.33017049 -0.680373518 1.36759608 4.93581605 -0.142718505 2.24367638 1.26295873 0.852358351 3.4888931 1.03614007 2.25395352 4.32118035 0.811527868 3.87663509 4.61501572 0.595425455 5.51500017 4.31677718 0.391418537 6.95659061 3.43254269 0.197811227 8.01301066 2.08717801 0.0113135317 8.54851049 0.437228271 -0.172481926 8.47167131 -1.3317934 -0.35693041 0.346441212 -0.410309745 3.54878552 -0.849806698 -0.186939767 5.13103536 0.756863951 -1.575548 3.76621035 -0.447169942 -1.69836435 5.32458573 1.47719908 -2.39218263 3.96328348 0.529666277 -2.97570792 5.52062182 2.56661603 -2.98050387 4.17813067 1.89278541 -3.81075111 5.71089239 3.80487966 -3.13530668 4.39180477 3.48448887 -4.1211065 5.89938713 4.8796701 -2.86257709 4.58609345 5.13648806 -3.81943089 6.09209986 5.91946062 -2.15440911 4.79860487 6.54420278 -2.97718126 6.27893309 6.63535564 -1.12059131 5.01117487 7.5662153 -1.70103358 6.46549207 7.35600206 -1.36853505 3.17424083 6.60202114 -2.64909068 2.97272562 5.43872124 -3.58642185 2.77380219 4.0514871 -4.04592169 2.5808227 2.54164231 -3.9570984 2.37887976 1.15311673 -3.334783 2.16863142 0.0823126668 -2.27560652 1.9534773 -0.539185336 -0.848542828 1.72587469 -0.620950391 0.723326195 1.49449789</float_array>
        <technique_common><accessor source="#vfx_kurp_1189-mesh-positions-array" count="2808" stride="3"><param name="X" type="float"/><param name="Y" type="float"/><param name="Z" type="float"/></accessor></technique_common>
      </source>
      <source id="vfx_kurp_1189-mesh-normals">
        <float_array id="vfx_kurp_1189-mesh-normals-array" count="8424">0.369526262 0.869966576 0.326509568 0.369526262 0.869966576 0.326509568 0.369526284 0.869966558 0.326509591 0.328399588 0.874646006 0.356578289 0.680031844 0.692948956 0.239537965 0.617890743 0.728207754 0.296520651 0.889336593 0.423679313 0.171977508 0.842631251 0.485882113 0.232144669 0.986683161 0.0911978481 0.13468219 0.966167342 0.168186006 0.195535507 0.96032679 -0.25647231 0.109519 0.969949146 -0.168357194 0.175654514 0.811181603 -0.575788617 0.102234416 0.853639448 -0.492350932 0.16997133 -0.0267726845 0.996117736 -0.0838610694 -0.0267726863 0.996117736 -0.0838610768 -0.0267726845 0.996117736 -0.0838610694 0.327823175 0.935460908 -0.132078977 0.626104011 0.752162763 -0.205535754 0.827326451 0.482917108 -0.286918124 0.913498072 0.17354968 -0.367969809 0.895367625 -0.128549647 -0.426370501 0.784851801 -0.406588493 -0.467646712 0.59128061 -0.641679812 -0.488502057 0.629636553 -0.619297723 -0.469071573 0.62810998 -0.756949768 0.180291157 -0.487629244 0.872915072 0.0153946886 -0.385816389 0.920695065 -0.0588753832 -0.765710577 0.642994052 -0.0156831619 -0.687101773 0.721553149 -0.0851598901 -0.939751243 0.335297425 -0.066657623 -0.887902497 0.439237999 -0.136744783 -0.991526778 0.000155808662 -0.129902362 -0.974515772 0.109020166 -0.19604493 -0.924671883 -0.331369358 -0.187553345 -0.940810821 -0.242649798 -0.236634897 -0.756447228 -0.607381802 -0.242641583 -0.783468519 -0.55743985 -0.274659595 -0.491343845 -0.82984852 -0.264447839 -0.526045326 -0.79859968 -0.292429251 -0.169167805 -0.948607625 -0.26744313 -0.194262494 -0.93929214 -0.282829206 0.195261012 -0.943221122 -0.2687137 0.176523109 -0.943634036 -0.279989996 -0.303136096 -0.933923102 0.189462785 -0.268937658 -0.94157346 0.202760834 -0.581999372 -0.767790786 0.267906774 -0.790208384 -0.508064986 0.34269619 -0.889562157 -0.208047736 0.40668822 -0.877377822 0.110068516 0.467004368 -0.770760165 0.394639128 0.50018869 -0.581883053 0.638417784 0.503820251 -0.317886091 0.823268213 0.470295526 0.529584462 -0.807314588 -0.260352556 0.501536919 -0.818860757 -0.279155474 0.786176284 -0.560532791 -0.260249575 0.751534308 -0.592696898 -0.289666309 0.934124991 -0.228350489 -0.274347507 0.908844035 -0.282309895 -0.307088981 0.940589215 0.104372004 -0.323107433 0.934550298 0.0465211778 -0.352776871 0.823534546 0.430027576 -0.369955586 0.841100858 0.355177062 -0.407919847 0.588246595 0.692252648 -0.418033748 0.636725785 0.621814125 -0.455990645 0.29089579 0.831766168 -0.47280512 0.355886613 0.783845279 -0.508852923 -0.0407250707 0.864797249 -0.500466968 0.047116782 0.836617069 -0.545758086 0.178956436 0.962572569 0.203540274 0.0402778457 0.958460005 0.282368754 0.403669253 0.86553453 0.296481217 0.700508548 0.656918077 0.27883044 0.904018124 0.347269154 0.249309781 0.97697979 0.0104514178 0.21307571 0.930083258 -0.324296183 0.172560479 0.748623002 -0.64563464 0.150729935 0.465426869 -0.872786057 0.147045331 -0.913759091 -0.113225231 0.390159416 -0.91375908 -0.113225237 0.390159441 -0.913759091 -0.113225231 0.390159416 -0.900149958 -0.157748642 0.4060116 -0.880087344 0.191029715 0.434688296 -0.879892072 0.158456509 0.447974861 -0.766523544 0.46222471 0.445858692 -0.767449981 0.459416499 0.447165526 -0.565070733 0.702767122 0.432219202 -0.558372247 0.711633672 0.426377708 -0.281091794 0.878888458 0.385412094 -0.288086125 0.874361647 0.390510043 0.0621202808 0.943018451 0.326890306 0.0237146581 0.935094655 0.353603734 -0.837748042 -0.501381864 -0.216320235 -0.837748042 -0.501381864 -0.216320235 -0.837748042 -0.501381864 -0.216320235 -0.973330755 -0.189410958 -0.129424612 -0.988300148 0.145123605 -0.0469250142 -0.884644262 0.466046908 0.0143111396 -0.672101626 0.739844244 0.0301645416 -0.374601857 0.927126163 0.0105131034 -0.0200397484 0.99850934 -0.0507691388 0.337285998 0.931303155 -0.137523052 0.299836784 0.948021477 -0.106551311 0.336783365 0.882644404 0.327896053 -0.555301199 -0.787194933 -0.268262402 -0.590642799 -0.755007386 -0.284789274 -0.238377879 -0.912615805 -0.332127052 -0.263297268 -0.901710474 -0.342918023 0.115319137 -0.924852704 -0.362420989 0.0857042257 -0.922582421 -0.376160154 0.448481971 -0.814257602 -0.368576287 0.413088347 -0.823759362 -0.388302113 0.718489427 -0.597181204 -0.356577554 0.68854686 -0.619268251 -0.377372568 0.881071135 -0.318448798 -0.349719914 0.862561498 -0.345471905 -0.369644186 0.943421664 0.00990495344 -0.331447515 0.930742523 -0.0385434758 -0.363638221 0.886482663 0.333386915 -0.320938704 0.892855535 0.278389822 -0.353988842 0.700267815 0.632986593 -0.330080232 0.732165793 0.571280113 -0.37090738 0.964716261 0.200555063 0.170587813 0.946816405 0.244266808 0.209457444 0.987679037 -0.0926422272 0.126125086 0.904907476 -0.4212395 0.0608255077 0.70565916 -0.708426745 0.0132927526 0.395383309 -0.918412304 0.0138159013 0.0392134812 -0.997632096 0.0565022499 -0.31597772 -0.938834424 0.136923354 -0.618174856 -0.752177649 0.228229341 0.409102276 0.845179785 -0.34395706 0.481789684 0.77905632 -0.401185682 0.0570551279 0.928711532 -0.36638723 0.170478763 0.882282568 -0.438764699 -0.304683482 0.870765851 -0.385920728 -0.173732441 0.870094665 -0.461250813 -0.577675148 0.702024118 -0.416477563 -0.472558462 0.736941601 -0.483327608 -0.788899556 0.454119167 -0.41402086 -0.703483193 0.518953259 -0.485591301 -0.910115422 0.146517396 -0.387585567 -0.861528728 0.227397292 -0.453936914 -0.91654775 -0.168682703 -0.36261049 -0.903075208 -0.0958128213 -0.418658659 -0.814090537 -0.492920279 -0.307060574 -0.830077884 -0.414938372 -0.372554498 -0.902238063 -0.341598774 0.263204779 -0.860554169 -0.405846975 0.307790116 -0.94158071 -0.0918976339 0.324007084 -0.909426365 0.222560732 0.351298174 -0.753725185 0.522616994 0.398459311 -0.505322326 0.742968196 0.438916401 -0.194200995 0.872373951 0.448608586 0.175445931 0.884265712 0.432773469 0.509302203 0.770493176 0.383342579 0.620863915 -0.783529909 -0.0246755303 0.620863915 -0.783529909 -0.0246755266 0.620863915 -0.783529909 -0.0246755285 0.66845619 -0.743614511 0.0142751705 0.290914021 -0.956741159 -0.00392261551 0.365720644 -0.929867307 0.0399399677 -0.0693236733 -0.996169879 0.053289782 0.012779189 -0.995978774 0.0886734172 -0.418333061 -0.895861888 0.149762904 -0.342590222 -0.921805222 0.181403068 -0.692092602 -0.680379561 0.241021748 -0.627645436 -0.728782276 0.27374733 -0.861992056 -0.396713687 0.315575578 -0.818986353 -0.456024385 0.348285966 0.812111511 -0.390446385 -0.433620243 0.8121115 -0.390446379 -0.433620267 0.812111501 -0.39044641 -0.433620238 0.625066183 -0.633283586 -0.456337778 0.362177882 -0.810686436 -0.46001596 0.040644502 -0.898707341 -0.436661355 -0.305620183 -0.870714963 -0.385294377 -0.619005814 -0.726881953 -0.297446514 -0.855270684 -0.481654337 -0.191105091 -0.980601833 -0.174036505 -0.0901739379 -0.971421298 -0.225034286 -0.0754998804 -0.907941259 -0.141895988 0.394345278 0.930397763 -0.0579350456 -0.361944101 0.915453261 -0.0988526305 -0.390094199 0.912732724 0.260331143 -0.314875643 0.912756569 0.214973939 -0.34736386 0.776412172 0.576442143 -0.254752025 0.801454055 0.513790798 -0.306088897 0.516157331 0.832753954 -0.20025599 0.582834476 0.764840987 -0.274448971 0.155359537 0.974473883 -0.16206192 0.267741122 0.930881735 -0.248543529 -0.21468614 0.961328815 -0.172501511 -0.0856418558 0.961076425 -0.2626739 -0.556947231 0.807663677 -0.193621195 -0.419510739 0.858271675 -0.29560188 -0.796747174 0.559123297 -0.229292565 -0.694650753 0.646164262 -0.316120353 -0.930315164 0.247465092 -0.270693044 -0.874292063 0.341999665 -0.344455539 -0.586994687 0.655229384 0.475512032 -0.634945822 0.576451401 0.514341896 -0.375535806 0.7665027 0.521005249 -0.0629009567 0.867470154 0.493496709 0.273287917 0.863285796 0.42432458 0.595038175 0.730275529 0.335599796 0.831670253 0.499801049 0.241916311 0.967298181 0.201132575 0.15453128 0.988313017 -0.134896486 0.0709952037 -0.954985757 -0.0782904458 -0.286134251 -0.935343669 0.0141589443 -0.353456851 -0.874908252 -0.395654644 -0.279272184 -0.885607724 -0.315579694 -0.340746851 -0.682242105 -0.688067875 -0.247200948 -0.716351242 -0.631508397 -0.296712053 -0.406820048 -0.885118892 -0.225969013 -0.44520406 -0.856163956 -0.262252981 -0.0489345025 -0.980636178 -0.189626213 -0.108360041 -0.965711953 -0.235920589 0.330899468 -0.92827461 -0.169740365 0.265936813 -0.939926198 -0.214047549 0.638867362 -0.743564414 -0.197384031 0.585786337 -0.775536306 -0.235367385 0.859538364 -0.4532878 -0.236059253 0.810608587 -0.513856399 -0.280829699 0.784271209 -0.567679423 0.250317286 0.798078536 -0.541128572 0.265048144 0.549365269 -0.789936214 0.272394163 0.224700307 -0.93558809 0.272368681 -0.154071192 -0.946591432 0.283243232 -0.486170616 -0.819316528 0.303905511 -0.73370865 -0.593245679 0.331256971 -0.878616531 -0.286113269 0.382324717 -0.899048336 0.0227268845 0.437259166 0.388421281 0.897571242 0.208554007 0.388421306 0.897571232 0.208554004 0.388421306 0.897571232 0.208554004 0.320892937 0.913111886 0.251504288 0.671710795 0.687918505 0.274904962 0.604503582 0.729218215 0.320649676 0.843898875 0.406396957 0.350251627 0.799520123 0.461438992 0.384501793 0.895671595 0.0857617141 0.436368332 0.872789778 0.145729666 0.465833519 0.836114274 -0.220711155 0.50219469 0.831565838 -0.149488829 0.534931161 0.682069323 -0.478540674 0.552974016 0.700029901 -0.402556801 0.589835706 -0.0349226837 0.877647305 -0.478033067 -0.0349226874 0.877647305 -0.478033067 -0.0349226874 0.877647305 -0.478033067 0.276954433 0.847178956 -0.453413783 0.565427118 0.709733892 -0.420202306 0.795852654 0.475731877 -0.374563392 0.930698475 0.167040966 -0.325419212 0.951549255 -0.167747056 -0.257710963 0.849661018 -0.492700398 -0.187942734 0.634092791 -0.762698561 -0.127346916 0.709023999 -0.701819861 -0.0688029939 0.501905774 -0.59392476 0.628763845 -0.407479344 0.794035945 -0.451073723 -0.340154705 0.803066703 -0.489263371 -0.653828241 0.593392377 -0.46946152 -0.592190007 0.623650616 -0.510265523 -0.819252232 0.314460573 -0.479520937 -0.757771729 0.375748099 -0.53347481 -0.87070482 -0.00248296533 -0.491799706 -0.824096595 0.0906208342 -0.559153527 -0.803752364 -0.316033926 -0.504087982 -0.792974509 -0.207055404 -0.572991699 -0.635241007 -0.561806451 -0.529945634 -0.656580136 -0.464412145 -0.594326412 -0.390324986 -0.748623046 -0.535919714 -0.445392383 -0.656393811 -0.608911151 -0.105294331 -0.837773182 -0.535769726 -0.182402301 -0.776965399 -0.602539766 0.204538852 -0.819714533 -0.535006488 0.118071301 -0.790561689 -0.600892156 -0.314888468 -0.898831026 0.30487381 -0.210891919 -0.900168459 0.381079182 -0.524129145 -0.766673623 0.370810188 -0.769553898 -0.536131451 0.346914781 -0.924990857 -0.236404119 0.29749791 -0.960418539 0.113804992 0.254253129 -0.870429353 0.441968888 0.216832294 -0.667748983 0.718988715 0.192786212 -0.371984118 0.911614167 0.174892611 0.490742645 -0.700793349 -0.517745437 0.393506905 -0.702394299 -0.593122723 0.71928086 -0.487054152 -0.495392064 0.622458059 -0.52403564 -0.581319717 0.862672651 -0.192231397 -0.467806571 0.790479034 -0.263261143 -0.553024835 0.873180733 0.112214659 -0.474302939 0.836812734 0.0342200895 -0.546418735 0.777029862 0.419776591 -0.46905459 0.769909397 0.325326674 -0.549000979 0.564762494 0.67560739 -0.473917695 0.59570357 0.588245145 -0.546904843 0.282368511 0.808416924 -0.516459195 0.334611313 0.746265561 -0.575432865 -0.0331881158 0.835079167 -0.549127794 0.0450058013 0.78995741 -0.611507782 0.127479965 0.939566707 0.317747167 0.0798553374 0.933651807 0.349166762 0.409891984 0.831020537 0.376023175 0.678246167 0.62942665 0.379215281 0.862290407 0.332806402 0.381700345 0.925184624 0.0097400904 0.379392332 0.877430034 -0.30598863 0.36944214 0.704951039 -0.602023088 0.374982979 0.44846261 -0.806930411 0.384375596 -0.947633562 -0.106882813 0.30094301 -0.947633562 -0.106882813 0.30094301 -0.947633562 -0.106882813 0.30094301 -0.911942539 -0.175941053 0.370682548 -0.942275613 0.231093201 0.242306831 -0.935029528 0.145748113 0.323229436 -0.817347066 0.540265885 0.200141319 -0.842785741 0.46585496 0.269613338 -0.577997992 0.792931336 0.192816539 -0.626685607 0.73622704 0.255411226 -0.257672787 0.944962046 0.201622088 -0.332853 0.903748551 0.269160614 0.0961617764 0.966266013 0.238920291 0.00243541346 0.951146121 0.308731479 -0.767877587 -0.458161112 -0.447719117 -0.767877577 -0.458161106 -0.447719141 -0.767877566 -0.458161129 -0.447719134 -0.878187639 -0.169848371 -0.447144274 -0.88110729 0.135417174 -0.453113818 -0.778719563 0.423418629 -0.462938987 -0.579946424 0.658819071 -0.47918637 -0.317262713 0.817690179 -0.480340652 -0.012134621 0.883969386 -0.467387286 0.303822333 0.847186782 -0.435851518 0.255144081 0.875137847 -0.411138963 0.325950499 0.870880321 0.36786375 -0.489504938 -0.794733849 -0.358863517 -0.55978949 -0.700645427 -0.442415769 -0.179059876 -0.910303691 -0.373208724 -0.271058525 -0.848567857 -0.454378552 0.158724713 -0.911504901 -0.379427569 0.0466481185 -0.882834105 -0.467362703 0.469524737 -0.794485378 -0.38514868 0.354672619 -0.804232402 -0.476883189 0.720983042 -0.576147503 -0.385016244 0.627909206 -0.622916912 -0.466588201 0.866754915 -0.297674886 -0.400156944 0.807698118 -0.358187066 -0.4683223 0.916810187 0.0253108639 -0.398520315 0.881086021 -0.0527124207 -0.470009388 0.851505883 0.33637589 -0.402230023 0.848224462 0.26385383 -0.459234601 0.666699305 0.613201038 -0.423670302 0.686937304 0.550326245 -0.4746137 0.930109692 0.201142487 0.307307113 0.903710265 0.255786466 0.343338086 0.921693948 -0.070008267 0.381548305 0.824774322 -0.372930805 0.425052857 0.634406778 -0.62452674 0.455515522 0.356716668 -0.796284367 0.488553401 0.0518390287 -0.862524138 0.503353581 -0.257568328 -0.827903653 0.498230968 -0.548621793 -0.697461614 0.461043842 0.395898466 0.803683455 -0.444249152 0.441888398 0.744301178 -0.500749837 0.0751859123 0.87661254 -0.47528679 0.147143609 0.830493425 -0.53724243 -0.253507922 0.82052488 -0.512320852 -0.167799015 0.805337788 -0.568572369 -0.499150459 0.651088234 -0.571780492 -0.425232244 0.662811289 -0.616326808 -0.676239787 0.410539773 -0.611683616 -0.603040999 0.448983134 -0.659360068 -0.755563272 0.127647336 -0.642518716 -0.703747177 0.18806782 -0.685106127 -0.722043984 -0.138037852 -0.677936602 -0.696907274 -0.0748365589 -0.713245919 -0.612750358 -0.384387352 -0.690495012 -0.608321382 -0.30831499 -0.731359667 -0.927253366 -0.365561669 0.0810300077 -0.889306652 -0.432744757 0.147870392 -0.981193248 -0.0849702433 0.173320132 -0.943920865 0.26674572 0.194576778 -0.768372979 0.596368055 0.232267319 -0.496042026 0.827297313 0.263669231 -0.166417772 0.946942472 0.27496378 0.203396922 0.934380184 0.29251216 0.519591161 0.797466007 0.306713209 0.509620005 -0.687325741 0.517562341 0.509620005 -0.687325741 0.517562341 0.509620005 -0.687325741 0.517562341 0.552780785 -0.619820775 0.557005934 0.229173885 -0.8114755 0.537574965 0.296193805 -0.755226947 0.584723429 -0.0649104476 -0.840024073 0.538652199 0.0085165396 -0.812611955 0.582742893 -0.359714544 -0.769435255 0.527801891 -0.289180795 -0.76718517 0.572539416 -0.623620296 -0.609307175 0.489737168 -0.548815453 -0.632508146 0.546566597 -0.821453338 -0.365456986 0.437784885 -0.751541422 -0.418662954 0.509810574 0.82443047 -0.442650224 -0.352668654 0.82443047 -0.442650224 -0.352668654 0.824430464 -0.442650191 -0.352668711 0.625549902 -0.712946675 -0.316850687 0.338606143 -0.897184688 -0.283558665 -0.000660539152 -0.965514991 -0.260346628 -0.340610673 -0.901610253 -0.266614553 -0.626446918 -0.727664799 -0.27940687 -0.828017448 -0.467514298 -0.309543999 -0.923210218 -0.159040111 -0.349841588 -0.927759615 -0.236269948 -0.28885742 -0.870102576 -0.146347187 0.470642123 0.948243543 -0.0351000099 -0.315598117 0.919802143 -0.120101489 -0.373550064 0.890774583 0.279327172 -0.358464744 0.890298414 0.210978115 -0.403555409 0.729637164 0.565747411 -0.384134711 0.750937264 0.501473463 -0.429671493 0.476462106 0.779940799 -0.405803168 0.520808065 0.721753556 -0.455884595 0.156429213 0.89048218 -0.427283733 0.220818141 0.851863466 -0.474939979 -0.161716352 0.868140341 -0.469233599 -0.094350216 0.853541352 -0.512411161 -0.457406899 0.733844897 -0.502245554 -0.376138531 0.743205095 -0.553322683 -0.668644792 0.513255869 -0.538035831 -0.599810741 0.548877641 -0.582203065 -0.7815447 0.228118761 -0.580645944 -0.729382554 0.282399583 -0.62309836 -0.668405529 0.725413853 0.164343515 -0.703255157 0.680239724 0.206654548 -0.414099827 0.887475106 0.202260399 -0.0738051828 0.975321992 0.208086056 0.274004054 0.936702942 0.217966456 0.587747331 0.76484484 0.263752621 0.799533879 0.505640619 0.324149874 0.898220894 0.197461025 0.392693735 0.885203925 -0.120196251 0.449407245 -0.790960538 -0.0651077723 -0.608393298 -0.754699406 0.0101542663 -0.655992148 -0.70216007 -0.337311365 -0.62705046 -0.689945799 -0.246503553 -0.68059591 -0.524049364 -0.570338368 -0.632523841 -0.545973404 -0.480050138 -0.686633022 -0.291418921 -0.705736851 -0.645763509 -0.335055104 -0.636632789 -0.694576684 -0.0152932898 -0.772450864 -0.634890367 -0.0875337362 -0.714086766 -0.694563125 0.279901583 -0.739748117 -0.611905081 0.189269862 -0.712454002 -0.675711636 0.52585688 -0.598613285 -0.604265403 0.439727984 -0.603700377 -0.66497004 0.724216992 -0.374767592 -0.578842811 0.633329876 -0.414422027 -0.653565339 0.755102361 -0.590965879 0.283865732 0.77818117 -0.524439644 0.345538893 0.545308463 -0.7736173 0.322730465 0.239484572 -0.926266416 0.290994273 -0.125367451 -0.95350136 0.274076922 -0.460178093 -0.847415104 0.264808919 -0.732249701 -0.634657987 0.247021488 -0.917841162 -0.314220827 0.242554887 -0.970938913 0.0329567367 0.237047425 0.429475381 0.896199908 0.111250266 0.429475333 0.896199932 0.111250262 0.429475358 0.896199921 0.111250253 0.306593902 0.932730334 0.18977435 0.70677626 0.694575365 0.1342847 0.623781326 0.754938133 0.202398793 0.888221627 0.437919513 0.138884276 0.866231354 0.471611979 0.165001158 0.983987437 0.130118332 0.1218111 0.985298088 0.123927354 0.117599698 0.975699106 -0.203771104 0.0805518021 0.973805988 -0.215361568 0.072947189 0.848900047 -0.526034043 0.0515450828 0.848678506 -0.52641683 0.0512846446 -0.0775981859 0.911427989 -0.404076159 -0.0775981785 0.911427989 -0.40407616 -0.0775981869 0.911428 -0.404076134 0.251050967 0.878719958 -0.405986018 0.574555763 0.726130684 -0.377650506 0.814072317 0.486455073 -0.317250255 0.948884181 0.186551703 -0.254592367 0.970081741 -0.131327932 -0.204192044 0.882164604 -0.432931323 -0.185353934 0.685339455 -0.700992235 -0.197280811 0.658575519 -0.721853367 -0.212617031 0.626018345 -0.776866451 0.0676723663 -0.38484348 0.839355889 -0.383897366 -0.392433642 0.837322688 -0.380639662 -0.682372789 0.64468469 -0.344599808 -0.673404144 0.651192272 -0.349964975 -0.897602202 0.336738912 -0.284459474 -0.850666422 0.408201188 -0.331267911 -0.968640465 0.0203525189 -0.247631632 -0.946612978 0.109894408 -0.303062848 -0.933562641 -0.295321548 -0.203091061 -0.940817497 -0.244934458 -0.2342425 -0.782504414 -0.606545179 -0.140676185 -0.802002822 -0.574142607 -0.164777849 -0.466862125 -0.882104473 -0.0627013091 -0.555821297 -0.82079964 -0.131721816 -0.100826992 -0.993862231 -0.0455168497 -0.246979739 -0.960023966 -0.131738349 0.260439567 -0.96147897 -0.0879171361 0.100735502 -0.978889504 -0.177841779 -0.270884735 -0.884865606 0.378991188 -0.258761656 -0.885761817 0.385315985 -0.591508107 -0.746550788 0.304598229 -0.836662535 -0.502507489 0.217903707 -0.962243421 -0.228021656 0.148639573 -0.991633954 0.0852394034 0.0969347496 -0.915503397 0.397886542 0.0594964756 -0.728042461 0.682291821 0.0665736043 -0.436793992 0.893957433 0.100255257 0.592822666 -0.79264276 -0.142403448 0.440317347 -0.866019826 -0.236918329 0.834167144 -0.514994531 -0.197346926 0.72325758 -0.62632585 -0.290885549 0.952872916 -0.184433093 -0.24086851 0.896276811 -0.306528755 -0.32051209 0.94661813 0.131936956 -0.294120308 0.934856364 0.0371567885 -0.35307641 0.834297212 0.446575671 -0.323292952 0.851552145 0.362966188 -0.378304759 0.601920913 0.718663305 -0.348158396 0.650124919 0.64605369 -0.39994027 0.289059632 0.867856846 -0.404065618 0.357845684 0.816455862 -0.45315151 -0.0382359929 0.88859092 -0.45710413 0.0449679866 0.860893278 -0.506794479 0.119851028 0.98602738 0.115696747 0.0751245411 0.988018691 0.13481606 0.439723809 0.886969308 0.141168053 0.74067684 0.655058819 0.149317656 0.919834861 0.346957051 0.183097332 0.971075933 0.0255667042 0.237398139 0.909291954 -0.288809106 0.299628841 0.720604042 -0.5842631 0.373318154 0.43456033 -0.794326226 0.424503436 -0.97557106 -0.0605059124 0.211187457 -0.975571063 -0.0605059089 0.211187443 -0.97557106 -0.0605059087 0.211187457 -0.930002833 -0.205448907 0.30477119 -0.931617188 0.264347071 0.249419407 -0.932704707 0.110174508 0.343399924 -0.776585895 0.562837349 0.283069718 -0.830737491 0.414147802 0.371963466 -0.517581884 0.792325421 0.323000652 -0.61820928 0.667330479 0.415315926 -0.20653095 0.917027987 0.34118124 -0.337743056 0.832854549 0.438500773 0.121196496 0.93649486 0.329072616 -0.000524135056 0.908092633 0.418769023 -0.852591027 -0.495033544 -0.167422611 -0.852591027 -0.495033544 -0.167422611 -0.852591015 -0.495033567 -0.167422609 -0.949218206 -0.186299784 -0.253529462 -0.942323602 0.0962591967 -0.320562625 -0.855367665 0.351149606 -0.380841321 -0.646781418 0.614671233 -0.451500911 -0.327251023 0.813139967 -0.481362817 -0.0055919931 0.887333135 -0.461095042 0.330308106 0.843101788 -0.424353545 0.213593956 0.901519139 -0.376352048 0.34947072 0.869781482 0.348353827 -0.611986744 -0.788388519 -0.0625761027 -0.612686337 -0.787799463 -0.0631463269 -0.267024167 -0.963563793 0.0155855819 -0.272326951 -0.962125047 0.0123865238 0.111882038 -0.991930629 0.0596325079 0.0566880158 -0.997878354 0.0320196666 0.492634617 -0.869003888 0.0462966228 0.391497746 -0.920178699 0.000822941124 0.792327135 -0.609892189 -0.0157869751 0.706447434 -0.705567942 -0.05573062 0.946627919 -0.306551307 -0.0996086303 0.900255668 -0.413304299 -0.136818454 0.984552105 0.0281148273 -0.172819877 0.974657377 -0.0763810894 -0.210259188 0.910286916 0.344938884 -0.228899317 0.927227335 0.274588948 -0.254657376 0.719070038 0.638854503 -0.273501745 0.75454613 0.583713528 -0.29989774 0.964092505 0.185258728 0.190275707 0.944127953 0.255261902 0.208479661 0.955880162 -0.0836273121 0.281601826 0.851841829 -0.406302693 0.330580731 0.646758125 -0.683261955 0.338905634 0.351721123 -0.876311791 0.329195833 0.0316347611 -0.95009625 0.310348766 -0.300125128 -0.911152403 0.282358294 -0.60395169 -0.755596436 0.253606746 0.413388957 0.859381089 -0.300954671 0.487693307 0.802320313 -0.344147285 0.0567033552 0.942703808 -0.328776916 0.164828518 0.905967534 -0.389941516 -0.282558842 0.888394126 -0.361823683 -0.160236555 0.890076493 -0.426717802 -0.551402561 0.722800579 -0.416550764 -0.443317018 0.758738243 -0.47726963 -0.75840654 0.463631829 -0.4581103 -0.667417212 0.532041495 -0.521043292 -0.86479459 0.13186967 -0.484500471 -0.810240778 0.222433245 -0.542248406 -0.835837767 -0.192659627 -0.514059817 -0.816648216 -0.0970207428 -0.568922373 -0.695255272 -0.491097682 -0.524826804 -0.711481042 -0.373090749 -0.595481334 -0.911506803 -0.378305378 0.161370349 -0.895970925 -0.406152823 0.179655188 -0.989056171 -0.0695142977 0.130137055 -0.964256134 0.241844182 0.108265871 -0.821802106 0.557389574 0.118144661 -0.524644373 0.84399192 0.111471615 -0.154547152 0.984136614 0.0871223411 0.226740789 0.97059306 0.0808562038 0.56931179 0.816533187 0.0956955609 0.623871508 -0.745291467 0.235212609 0.623871508 -0.745291467 0.235212609 0.623871508 -0.745291467 0.235212609 0.618600726 -0.75088226 0.231320067 0.302139506 -0.92540999 0.228753292 0.327175159 -0.913235929 0.242809708 -0.0566681738 -0.967860327 0.245020623 -0.0135591615 -0.964496222 0.263748341 -0.413812159 -0.863055977 0.289644399 -0.359497061 -0.879036675 0.313139566 -0.6935853 -0.635748313 0.33876764 -0.617523488 -0.690439171 0.376773795 -0.848286581 -0.344027877 0.402560177 -0.784822331 -0.430804021 0.445490521 0.897187952 -0.432935832 -0.0872945846 0.89718794 -0.432935856 -0.0872945835 0.89718794 -0.432935856 -0.0872945835 0.709448034 -0.703058688 -0.0489077573 0.414705297 -0.908677291 -0.048219254 0.069672041 -0.994112485 -0.082982969 -0.287746856 -0.944748006 -0.157012582 -0.639271752 -0.728280453 -0.246858681 -0.857125086 -0.42822578 -0.286285292 -0.947784634 -0.140997766 -0.286048803 -0.941420694 -0.25950566 -0.215369194 -0.850457363 -0.139179257 0.507298145 0.989275725 -0.0626452955 -0.131943575 0.983173725 -0.112354801 -0.14403411 0.945053197 0.255829923 -0.203532565 0.950131808 0.230616843 -0.209917647 0.799573341 0.544306296 -0.253797418 0.805697407 0.533543237 -0.257261157 0.552352081 0.784794379 -0.281078213 0.564101163 0.774483419 -0.286295848 0.206368204 0.936141728 -0.284694274 0.233002977 0.926565777 -0.295271865 -0.137760471 0.948020099 -0.28684481 -0.0866401496 0.947016337 -0.309279067 -0.485903862 0.827312699 -0.281870776 -0.389473546 0.859708687 -0.330471375 -0.771005786 0.570510407 -0.282962813 -0.651695773 0.669965527 -0.355582356 -0.918996113 0.238673176 -0.313817238 -0.840060482 0.373689253 -0.393261653 -0.721835181 0.691834516 -0.0178598425 -0.754283807 0.656497887 0.00815249098 -0.436869847 0.899226597 -0.0231573832 -0.0868056279 0.996008675 -0.0207726256 0.270885567 0.962611262 0.000753029761 0.600220433 0.79647306 0.0732536404 0.835263247 0.526948853 0.157035709 0.957432342 0.191331312 0.216138012 0.959363804 -0.159204644 0.232969898 -0.93721001 -0.103972329 -0.332907123 -0.909962426 0.0347195967 -0.413234719 -0.830337218 -0.450389985 -0.328159969 -0.853545189 -0.302460958 -0.424238116 -0.586101424 -0.74740091 -0.312853 -0.674960697 -0.601316387 -0.42760573 -0.289004691 -0.894075058 -0.342207655 -0.416491563 -0.783925724 -0.460429405 0.0261010455 -0.927898879 -0.371917202 -0.122154631 -0.862122675 -0.491754755 0.339612585 -0.857081911 -0.387393714 0.205856019 -0.849044139 -0.486566902 0.610513125 -0.685891832 -0.396012776 0.513257263 -0.715191382 -0.474413606 0.828519478 -0.422305439 -0.367714008 0.749182798 -0.484802674 -0.451321949 0.763275812 -0.594550851 0.252822705 0.816381239 -0.500480483 0.288168282 0.576142364 -0.739685926 0.3477423 0.251762553 -0.887569557 0.385792558 -0.106675497 -0.909340283 0.402144985 -0.45832967 -0.805216427 0.376245159 -0.782649634 -0.556036021 0.279791877 -0.953026745 -0.245315295 0.177652553 -0.992843887 0.0399901911 0.112524668 0.394718879 0.835888572 0.381427977 0.394718849 0.835888573 0.381428007 0.394718854 0.835888582 0.381427981 0.303478321 0.845077813 0.440164059 0.676998813 0.661705593 0.322208497 0.604195246 0.698774013 0.382966035 0.876196099 0.412114237 0.249884478 0.837329505 0.458900396 0.297135872 0.977981228 0.101998431 0.182068772 0.964146072 0.147901319 0.220335089 0.966290558 -0.229073356 0.117507258 0.971523122 -0.175582307 0.159102722 0.836250433 -0.542975873 0.0765664024 0.864439998 -0.488149532 0.120222813 -0.00850119956 0.933728824 -0.357880165 -0.00850119956 0.933728824 -0.357880165 -0.00850119956 0.933728824 -0.357880165 0.32608329 0.89156914 -0.31428356 0.620325112 0.733478848 -0.277858839 0.836213917 0.484208268 -0.2574658 0.948330553 0.179345511 -0.261733355 0.952649079 -0.135577478 -0.27217362 0.852269827 -0.436214514 -0.288709264 0.65333955 -0.693919315 -0.302693603 0.662247511 -0.687530158 -0.297876679 0.648455013 -0.753024037 0.11162838 -0.489388075 0.814857403 -0.310655315 -0.341755497 0.85718127 -0.385283598 -0.729080007 0.595894954 -0.336677215 -0.62288181 0.668572974 -0.406236913 -0.888649703 0.314167997 -0.334066123 -0.818990391 0.40708128 -0.404400261 -0.951186477 -0.00193756786 -0.308610647 -0.919967622 0.0980959436 -0.379521751 -0.906246989 -0.33334003 -0.260001577 -0.914548607 -0.243142563 -0.323237588 -0.751968064 -0.623738391 -0.213294281 -0.78453699 -0.560285552 -0.265672376 -0.485060899 -0.861496446 -0.150132598 -0.545429231 -0.811849244 -0.208345288 -0.15060194 -0.983214543 -0.1029962 -0.220881516 -0.963473939 -0.151424318 0.225404817 -0.970219497 -0.0886949563 0.15198508 -0.979323461 -0.133514399 -0.294631102 -0.900431844 0.32002345 -0.250010682 -0.905589798 0.342639426 -0.559829485 -0.762165464 0.325107295 -0.787923389 -0.526785029 0.318864026 -0.916574386 -0.23605352 0.322753978 -0.929833717 0.0868412291 0.357586158 -0.831852898 0.380212634 0.404300766 -0.637429025 0.626013312 0.449212167 -0.364037224 0.805311065 0.467921989 0.565727004 -0.818323789 -0.101484641 0.487671026 -0.860092707 -0.149724765 0.818939888 -0.554534516 -0.147746168 0.752105444 -0.628975366 -0.196792759 0.952801452 -0.211192937 -0.218098458 0.916868363 -0.304828695 -0.257743809 0.942673045 0.120252717 -0.311298592 0.939237294 0.0366714674 -0.341304131 0.812071671 0.434032194 -0.390071347 0.836279873 0.351022772 -0.421211333 0.576564936 0.679260871 -0.454067775 0.62374183 0.616068789 -0.481046127 0.291043694 0.810553026 -0.508229634 0.342773233 0.774577284 -0.531541665 -0.0269761854 0.846364382 -0.531920688 0.038588269 0.826745007 -0.561251849 0.146821054 0.984977203 -0.0909037237 0.0583183346 0.996653505 -0.0572779436 0.419323331 0.907812051 0.00672490798 0.715515153 0.693921333 0.0806923117 0.91290998 0.370070354 0.172172301 0.967667816 0.0209561066 0.251356002 0.899596155 -0.31220507 0.30537641 0.706487163 -0.615795871 0.348814183 0.433073638 -0.823194003 0.36714964 -0.914673617 -0.0878121579 0.394539224 -0.914673606 -0.0878121569 0.394539249 -0.914673617 -0.0878121579 0.394539224 -0.889636451 -0.167605344 0.424800464 -0.866130569 0.223703169 0.446961664 -0.866422556 0.125156476 0.483371297 -0.724048799 0.484869749 0.490565657 -0.753931125 0.397165167 0.523304585 -0.501957888 0.688963919 0.522845098 -0.549996583 0.624346382 0.554702941 -0.22459641 0.822471356 0.522587142 -0.289495109 0.776207443 0.560084447 0.0894160905 0.866274104 0.491501719 0.0123578302 0.843216208 0.537432517 -0.832245151 -0.50572966 -0.227168485 -0.832245151 -0.50572966 -0.227168485 -0.832245148 -0.505729658 -0.2271685 -0.952226972 -0.182140746 -0.245129644 -0.95705853 0.160645346 -0.241313162 -0.845258089 0.488806689 -0.215886042 -0.621678472 0.76030874 -0.188272402 -0.318890748 0.936019839 -0.148914578 0.0278600749 0.991832313 -0.124468785 0.368211285 0.921150614 -0.126103117 0.266397712 0.962126918 -0.0578277885 0.3239879 0.809868235 0.489024828 -0.559776189 -0.814688981 -0.151434743 -0.600402838 -0.778088877 -0.184645965 -0.243758118 -0.961673205 -0.125565227 -0.279056472 -0.94871661 -0.148540498 0.125652701 -0.98737162 -0.0964815155 0.077714833 -0.989152289 -0.124652134 0.479760771 -0.872900356 -0.0887387792 0.422212464 -0.8981011 -0.123089595 0.764939761 -0.634758078 -0.109313057 0.715960542 -0.683947297 -0.140059261 0.929066802 -0.329162389 -0.16878092 0.900929019 -0.387999337 -0.194379572 0.970627121 0.0232487268 -0.239462915 0.961913165 -0.0553907171 -0.267684387 0.881614095 0.348513621 -0.318268509 0.899267592 0.275200449 -0.33997428 0.672333262 0.621494857 -0.402134465 0.711409072 0.561058678 -0.423214239 0.95929165 0.191744699 0.207348742 0.93669799 0.256978071 0.23782167 0.962807968 -0.0902368913 0.254672573 0.871534647 -0.415913553 0.259698433 0.674463444 -0.694090527 0.251669233 0.373215696 -0.892452986 0.253451596 0.0288286156 -0.964688187 0.261812169 -0.3157491 -0.905571006 0.283273118 -0.610841224 -0.727687516 0.311999806 0.387674485 0.79693042 -0.463260617 0.449930379 0.747209894 -0.48912169 0.0678405439 0.861796135 -0.502697804 0.14876766 0.831490512 -0.535249205 -0.259548881 0.815664056 -0.517036291 -0.173020887 0.815090289 -0.552893836 -0.523984409 0.672921122 -0.52212786 -0.453038025 0.695509927 -0.557693904 -0.743990795 0.445961192 -0.497590506 -0.675372907 0.49639011 -0.545406542 -0.879315446 0.145250717 -0.453548868 -0.831930969 0.221313963 -0.508832971 -0.892274786 -0.173807772 -0.416697211 -0.875330614 -0.0880091034 -0.475447908 -0.785743706 -0.499874959 -0.364323831 -0.805482984 -0.39302068 -0.443544707 -0.923862425 -0.358308261 0.134511745 -0.884934411 -0.425262815 0.189848957 -0.988433323 -0.0917061634 0.120787194 -0.966178697 0.251042112 0.0589625622 -0.812296439 0.582571046 0.0280262617 -0.556891103 0.830009401 0.030930479 -0.228284332 0.972233173 0.0514676634 0.163672625 0.980883214 0.105258695 0.51188868 0.843177016 0.164385218 0.63369555 -0.763988689 0.12145465 0.633695549 -0.763988688 0.121454665 0.633695585 -0.76398866 0.121454653 0.657894253 -0.739949229 0.140179497 0.312367431 -0.940619217 0.132898748 0.354314348 -0.922164361 0.155158741 -0.0481802946 -0.984032508 0.171343755 -0.00690571146 -0.982373444 0.186801307 -0.405229727 -0.881304149 0.243088187 -0.363720644 -0.895250461 0.257359486 -0.683136472 -0.656417883 0.320062687 -0.633714697 -0.695156321 0.339357293 -0.841831323 -0.363510573 0.398973793 -0.798592751 -0.428233139 0.422925522 0.875617806 -0.437097005 -0.205522907 0.875617806 -0.437097005 -0.205522907 0.875617804 -0.437097004 -0.205522922 0.679241764 -0.708888938 -0.190018679 0.393159257 -0.900110398 -0.18768876 0.0463101851 -0.980443081 -0.191276586 -0.315699087 -0.92803906 -0.197680525 -0.630858727 -0.753335368 -0.18575007 -0.862620097 -0.481712257 -0.154401649 -0.982855113 -0.152646543 -0.103415954 -0.967254546 -0.244520808 -0.0680310004 -0.856451739 -0.139115825 0.497128964 0.975994122 -0.0595183161 -0.209506666 0.966248645 -0.113784155 -0.23112058 0.924054042 0.280813609 -0.259360452 0.933985118 0.218125742 -0.283006997 0.746649833 0.586120008 -0.31460668 0.787519215 0.510216543 -0.345676965 0.469313178 0.801073267 -0.371519531 0.546719665 0.729902557 -0.410292414 0.132944626 0.89852935 -0.418295031 0.236701035 0.856470912 -0.458726712 -0.18676671 0.869548328 -0.457169444 -0.0870736817 0.862747944 -0.498080474 -0.484822089 0.74014273 -0.465978843 -0.384952933 0.765642443 -0.515366753 -0.714212305 0.532438855 -0.454323286 -0.639056055 0.583107346 -0.501590651 -0.869384268 0.250439498 -0.425970718 -0.821193639 0.315969236 -0.475188856 -0.634144242 0.761849152 0.132086904 -0.742843622 0.629791144 0.227038473 -0.464404707 0.843892604 0.268651336 -0.119779704 0.944050507 0.307280756 0.243417856 0.917362787 0.314949622 0.580510615 0.754068686 0.307226046 0.819866941 0.501224274 0.276753368 0.953053438 0.192711134 0.233562762 0.973067467 -0.142950443 0.180844895 -0.925089929 -0.0716697301 -0.372923683 -0.901165719 0.0126211172 -0.433290958 -0.861974996 -0.403890666 -0.306384457 -0.872312677 -0.306800623 -0.380715078 -0.665277363 -0.709862839 -0.231302357 -0.719574677 -0.620891157 -0.310976615 -0.378894491 -0.905218276 -0.192402801 -0.459069215 -0.847467303 -0.266560735 -0.0164148603 -0.987037573 -0.15964768 -0.130013232 -0.960931545 -0.244350415 0.359292473 -0.919969607 -0.156731745 0.238813769 -0.942344504 -0.234424444 0.656271273 -0.726142586 -0.204999902 0.559315627 -0.783837945 -0.269748226 0.863049384 -0.433116823 -0.259914558 0.787273489 -0.524281025 -0.324545621 0.750722739 -0.582142427 0.312290832 0.785699251 -0.521266213 0.33310392 0.535561433 -0.755830076 0.376689325 0.225969223 -0.894142276 0.386584403 -0.133599113 -0.917808848 0.373869223 -0.464198613 -0.818476149 0.338550501 -0.734039883 -0.616609587 0.284566456 -0.918940248 -0.315067057 0.237237372 -0.977339108 0.00983397796 0.211451085 0.343772805 0.78218684 0.519619097 0.343772794 0.782186816 0.51961914 0.343772831 0.782186832 0.519619091 0.257910008 0.772973177 0.579650666 0.586194855 0.601954419 0.542242077 0.49630708 0.622194304 0.605436645 0.742764608 0.358205654 0.565676098 0.674628683 0.404067196 0.617742536 0.797644834 0.0721882888 0.598791759 0.75244372 0.132822354 0.645125314 0.75570813 -0.209741802 0.620414055 0.729967972 -0.130401935 0.670926296 0.621137851 -0.451600484 0.64050353 0.622031338 -0.362150341 0.694207566 -0.032785623 0.882145904 -0.469833702 -0.032785628 0.882145878 -0.46983375 -0.0327856267 0.882145904 -0.469833702 0.271676258 0.857010972 -0.437863225 0.557500796 0.724971973 -0.404485477 0.788608358 0.491970684 -0.368865427 0.922213321 0.180081695 -0.342188797 0.940554637 -0.157837837 -0.300739408 0.837390864 -0.481962635 -0.257853755 0.626710829 -0.747899718 -0.21881396 0.68319594 -0.711694289 -0.163507025 0.448248348 -0.539124356 0.713034604 -0.409182253 0.802805048 -0.433674923 -0.33037535 0.808325225 -0.487301199 -0.649024943 0.604982085 -0.461262724 -0.582957652 0.631741276 -0.510943574 -0.820277462 0.332024079 -0.465730498 -0.761446412 0.383213551 -0.522825723 -0.89103877 0.0121750582 -0.453763901 -0.849459466 0.0859582972 -0.520605212 -0.846672913 -0.322797951 -0.423020639 -0.837640549 -0.241305504 -0.490030575 -0.68858895 -0.603617608 -0.401859479 -0.705404023 -0.536853085 -0.4628109 -0.436310971 -0.825558433 -0.357891058 -0.481178612 -0.762704575 -0.432144506 -0.132265083 -0.937565579 -0.321677997 -0.192086725 -0.901513677 -0.387783163 0.2052364 -0.928578535 -0.309224717 0.138573246 -0.917204347 -0.373542022 -0.272526164 -0.82892257 0.48848425 -0.193546054 -0.815576313 0.545321193 -0.472161362 -0.702191981 0.532907187 -0.69573358 -0.497909254 0.517726917 -0.840651124 -0.225314361 0.492482615 -0.866815949 0.0961651062 0.489267189 -0.774292429 0.389319758 0.49890015 -0.583883666 0.625162114 0.517930686 -0.325143276 0.78526048 0.526922981 0.519800836 -0.799446009 -0.301153069 0.441916911 -0.814609575 -0.375660331 0.770273544 -0.558296329 -0.308194545 0.693315617 -0.605436604 -0.390845204 0.919693686 -0.223884903 -0.322550885 0.869199849 -0.296277458 -0.395867769 0.92280261 0.114823059 -0.367764881 0.905059755 0.0485177188 -0.422507835 0.806955496 0.445241975 -0.388049495 0.813230085 0.373572298 -0.446206865 0.579676055 0.708414167 -0.402647537 0.609791366 0.65069153 -0.452498644 0.295707573 0.84820839 -0.439430949 0.333570567 0.812286583 -0.478457087 -0.0207085102 0.888107795 -0.459168491 0.0357695669 0.861800878 -0.505983976 0.126056304 0.947870561 0.292662275 0.0669035673 0.940617437 0.332810382 0.385288319 0.842125181 0.377330215 0.645975188 0.641503259 0.413750681 0.819853367 0.341513984 0.459574428 0.867012037 0.0184019845 0.497947281 0.804707163 -0.28813684 0.519060251 0.627137569 -0.558866313 0.542555909 0.387207142 -0.735284112 0.556262442 -0.839034483 -0.0902061641 0.536548212 -0.839034482 -0.0902061715 0.536548212 -0.839034482 -0.0902061715 0.536548212 -0.786000777 -0.157458084 0.597837545 -0.815897247 0.21518108 0.5366645 -0.784705891 0.122261101 0.607691442 -0.687178094 0.478200878 0.54690967 -0.692258643 0.388833131 0.607936483 -0.468155133 0.672905303 0.572738357 -0.499656294 0.598926403 0.625804085 -0.202209164 0.782394024 0.589042482 -0.258735323 0.72013667 0.643785065 0.0807690552 0.792517791 0.60447656 0.00296599918 0.749888704 0.661557355 -0.769852144 -0.496624714 -0.40086353 -0.769852155 -0.496624692 -0.400863536 -0.769852144 -0.496624714 -0.40086353 -0.883921292 -0.188495366 -0.427963371 -0.886638244 0.138026369 -0.44138571 -0.780951581 0.445150963 -0.438126977 -0.576338941 0.693303731 -0.432623812 -0.310607646 0.859826131 -0.405243032 -0.00241760755 0.927717298 -0.37327573 0.315461378 0.885496056 -0.341146381 0.255335602 0.923695051 -0.285641705 0.252307606 0.688807993 0.679620792 -0.510377397 -0.811376808 -0.284925584 -0.554441753 -0.753444039 -0.353435174 -0.205896173 -0.942070253 -0.264783692 -0.259117529 -0.909220267 -0.32584753 0.134961559 -0.960848071 -0.241984218 0.0648324133 -0.947846458 -0.312063856 0.461402603 -0.85494837 -0.237004055 0.382502481 -0.868828778 -0.314369857 0.733905547 -0.632376618 -0.247956573 0.667485272 -0.674581355 -0.315283058 0.895338251 -0.335160031 -0.293320933 0.855443956 -0.38560488 -0.345723175 0.945287843 0.0159623106 -0.325846742 0.923478074 -0.0490825937 -0.380498549 0.866626208 0.34685377 -0.358680189 0.869605551 0.291941613 -0.398191262 0.666357433 0.628495257 -0.401200053 0.684324015 0.585624558 -0.434447372 0.875682156 0.187334317 0.445069225 0.83598097 0.247876378 0.489584639 0.847578739 -0.0681659261 0.526273397 0.750247288 -0.354740943 0.557931779 0.571777973 -0.587989983 0.572134363 0.316717234 -0.742168107 0.590657849 0.0412016004 -0.798568973 0.600491485 -0.234858724 -0.76157437 0.604024717 -0.491750719 -0.638054353 0.592509809 0.392397874 0.81411592 -0.428064456 0.427825961 0.774050579 -0.466701883 0.0810406362 0.888228057 -0.452198335 0.135024437 0.856847778 -0.497574403 -0.240248179 0.847721505 -0.472915493 -0.175909627 0.837942169 -0.516632097 -0.498679511 0.699553989 -0.511803636 -0.443563368 0.709141104 -0.548060611 -0.710139999 0.465225079 -0.528457007 -0.650406845 0.498094592 -0.573474248 -0.832014454 0.158893916 -0.531511685 -0.788877382 0.212789191 -0.576535547 -0.826940641 -0.15565252 -0.540316083 -0.807946711 -0.0995596927 -0.580783935 -0.718366014 -0.463362892 -0.518888331 -0.719766146 -0.392251525 -0.572778697 -0.888764971 -0.365185104 0.277013839 -0.836361524 -0.425460524 0.345662758 -0.941192264 -0.0869057216 0.326503473 -0.914667811 0.264208437 0.305903086 -0.745609439 0.589933342 0.309911627 -0.484580312 0.810744092 0.328444727 -0.175215249 0.922253344 0.344598877 0.171257169 0.908086712 0.382164239 0.469721738 0.775664059 0.421552792 0.479084649 -0.655360761 0.583935076 0.479084649 -0.655360761 0.583935076 0.479084626 -0.65536077 0.583935084 0.510894742 -0.580755223 0.633805911 0.215572788 -0.769463049 0.601211269 0.272941066 -0.70415051 0.655496174 -0.0576792026 -0.787174959 0.614026623 0.0079951164 -0.752295309 0.658777539 -0.323383914 -0.70661778 0.629376006 -0.259164315 -0.696726237 0.668884451 -0.550665648 -0.547228841 0.630323679 -0.480864289 -0.559857678 0.674780643 -0.708866174 -0.319869002 0.628643435 -0.640996351 -0.35827486 0.678795111 0.835251768 -0.451158279 -0.314341679 0.835251757 -0.451158303 -0.314341675 0.83525176 -0.451158275 -0.314341706 0.633082495 -0.723234482 -0.275931945 0.350006837 -0.903228337 -0.248342074 0.0210498693 -0.971194289 -0.237357443 -0.312702337 -0.914049653 -0.258322435 -0.603351503 -0.74732696 -0.278333216 -0.819699757 -0.48720354 -0.30120594 -0.933626076 -0.167206407 -0.316834922 -0.937596185 -0.242144954 -0.249558039 -0.720408366 -0.117599552 0.683507228 0.954846065 -0.0504994305 -0.29277773 0.932173547 -0.116479127 -0.342760982 0.894183427 0.282507557 -0.347311789 0.893873812 0.228962453 -0.385442346 0.721722707 0.577282838 -0.381917346 0.739790007 0.523586552 -0.422572915 0.463048997 0.785952391 -0.409712662 0.501221894 0.735537154 -0.455808849 0.152413306 0.888586572 -0.432647764 0.206435268 0.855044014 -0.475693404 -0.150606388 0.869773205 -0.469906681 -0.0964055568 0.856226549 -0.507525433 -0.440774314 0.752203667 -0.489803682 -0.373327778 0.757279169 -0.535868109 -0.667168631 0.548026723 -0.504532188 -0.610098547 0.574981602 -0.545138441 -0.814165178 0.260813209 -0.518759609 -0.770644049 0.304324321 -0.559905757 -0.617019822 0.724400659 0.307457678 -0.664908203 0.636816644 0.390335297 -0.394127939 0.821605871 0.411857937 -0.0839375061 0.893959904 0.440216067 0.229469899 0.859312945 0.457082955 0.514299358 0.703395129 0.490643926 0.712012335 0.468613761 0.522914503 0.810910472 0.185950344 0.554839324 0.811216375 -0.110124515 0.574282669 -0.85826658 -0.0621811734 -0.509423184 -0.827355861 0.00330041317 -0.561668396 -0.786059849 -0.383454343 -0.484842943 -0.778605175 -0.300886069 -0.550673728 -0.598306742 -0.666513859 -0.444733986 -0.624704207 -0.58747524 -0.514409852 -0.3394368 -0.836869206 -0.429456157 -0.383761855 -0.781714407 -0.491578503 -0.0247070143 -0.917686276 -0.396536836 -0.095850148 -0.875641611 -0.473354538 0.308721195 -0.876409124 -0.369592033 0.225123328 -0.866402911 -0.445719062 0.587035712 -0.713626253 -0.38226515 0.514622565 -0.731334634 -0.447563703 0.807282809 -0.450164916 -0.381635972 0.737863689 -0.497955181 -0.455629032 0.68663539 -0.569770799 0.451545211 0.709514093 -0.494972508 0.501589442 0.483006821 -0.710912361 0.511182967 0.208469758 -0.838723726 0.503073426 -0.110394697 -0.862648116 0.493610412 -0.409430569 -0.777541563 0.477279505 -0.667843367 -0.596739252 0.44484548 -0.855271343 -0.304773234 0.419075418 -0.91557609 0.0244333488 0.401401837 0.562415305 -0.769200494 0.303347368 0.562415305 -0.769200494 0.303347368 0.562415305 -0.769200494 0.303347368 0.607704156 -0.69339618 0.387165852 0.260448145 -0.91569664 0.306049713 0.327990335 -0.858804946 0.393543396 -0.0630266584 -0.950452779 0.304412805 0.00431524131 -0.928195249 0.372068485 -0.388491341 -0.865560513 0.316037143 -0.328792683 -0.86740523 0.373501725 -0.667295636 -0.674218803 0.316457799 -0.606055862 -0.698386745 0.380725948 -0.857979002 -0.397046074 0.32592399 -0.802560069 -0.444989278 0.397343527 0.706790075 -0.378554455 -0.597615524 0.706790075 -0.378554455 -0.597615524 0.706790075 -0.378554455 -0.597615524 0.538821852 -0.606672013 -0.584482746 0.299045406 -0.764735861 -0.570745922 0.0146858473 -0.83001414 -0.55754897 -0.276721951 -0.785382218 -0.553714487 -0.532978024 -0.647168757 -0.545075248 -0.727141081 -0.427008805 -0.537521469 -0.835369723 -0.151957354 -0.528267345 -0.844031487 -0.208198286 -0.494231042 -0.893546517 -0.143340785 0.425473902 0.832573905 -0.0253880389 -0.553331854 0.791085068 -0.107411041 -0.602202029 0.781988284 0.259607394 -0.566655384 0.769959308 0.172692994 -0.614279899 0.637458419 0.518190555 -0.570197608 0.656654763 0.421840235 -0.625184244 0.412114546 0.709534613 -0.571596215 0.465214935 0.61873909 -0.633037916 0.130605739 0.812229615 -0.568528974 0.212502249 0.747692691 -0.629125134 -0.151874529 0.801597769 -0.5782518 -0.0608722569 0.769529573 -0.635703394 -0.425860505 0.694498901 -0.579925949 -0.317823571 0.693876933 -0.646160181 -0.634953409 0.49938335 -0.589449267 -0.54375531 0.534310619 -0.647180288 -0.759492615 0.229788188 -0.608578964 -0.693011146 0.287591236 -0.66108005 -0.662039092 0.735461934 0.144221997 -0.708344148 0.675551108 0.20464425 -0.423694421 0.878779814 0.219611196 -0.0914141644 0.967081682 0.237479411 0.250256223 0.93726925 0.242689465 0.56738931 0.777062368 0.272476507 0.793939555 0.525537475 0.305729202 0.9162956 0.214277402 0.338360117 0.929709466 -0.122228535 0.347419765 -0.781124237 -0.0630864094 -0.621180354 -0.733327691 0.0215069908 -0.679535096 -0.690090383 -0.339773819 -0.639006272 -0.670632636 -0.231691052 -0.704678029 -0.496250042 -0.562881486 -0.660984363 -0.519650443 -0.453330656 -0.72419247 -0.251720354 -0.664592595 -0.70352935 -0.303042672 -0.580205064 -0.755994195 0.0105320192 -0.681774325 -0.731486737 -0.0770965202 -0.607985891 -0.790195724 0.255803104 -0.598600469 -0.759106218 0.138816365 -0.558925864 -0.817515685 0.419674918 -0.429766473 -0.799483422 0.296167502 -0.42936959 -0.853186126 0.510862979 -0.228991262 -0.828602449 0.380041872 -0.269398782 -0.884868619 0.786640201 -0.614494395 -0.0599485829 0.823734239 -0.566924978 -0.00761403791 0.563615381 -0.825646838 0.0253968655 0.233819418 -0.970945773 0.0509194073 -0.143997062 -0.984992655 0.0951541696 -0.481983374 -0.865826701 0.134298742 -0.751750619 -0.641993975 0.150714109 -0.932570768 -0.315279594 0.175813939 -0.980528264 0.033972094 0.19341722 0.380464865 0.847070024 0.371104919 0.38046484 0.847070034 0.371104923 0.38046484 0.847070034 0.371104923 0.288521491 0.847365147 0.445788803 0.645619045 0.649739303 0.401266603 0.551711533 0.679713079 0.483326509 0.817940598 0.388986817 0.423866057 0.750675308 0.441179591 0.491779575 0.889730069 0.081415157 0.449168094 0.84801306 0.143568491 0.510158739 0.862105983 -0.232249553 0.450370313 0.840592599 -0.154787638 0.519080793 0.73157242 -0.518917083 0.442184188 0.736481778 -0.432837515 0.519852168 -0.0160358044 0.827265208 -0.5615827 -0.0160358044 0.827265208 -0.5615827 -0.0160358049 0.827265235 -0.56158266 0.271892846 0.787670616 -0.55285557 0.531069553 0.649084809 -0.544659564 0.7287032 0.426603276 -0.535725015 0.832654874 0.146265107 -0.53412768 0.838504836 -0.14751014 -0.524547804 0.741674737 -0.427397236 -0.516962461 0.552475671 -0.657558328 -0.512237911 0.62263355 -0.631120726 -0.46261657 0.545925833 -0.661378684 0.514337652 -0.399162671 0.763634702 -0.507475324 -0.30393782 0.768397726 -0.563193338 -0.629139551 0.572745119 -0.525496388 -0.54889676 0.605150038 -0.57663314 -0.784952621 0.308859551 -0.537080218 -0.717295485 0.368783064 -0.591173611 -0.835363244 0.00749742297 -0.549647196 -0.789581546 0.0902093923 -0.606978786 -0.772549 -0.294572185 -0.562490241 -0.761470649 -0.20264189 -0.615709928 -0.606090277 -0.532181926 -0.591131942 -0.623922876 -0.451277164 -0.638019722 -0.363707283 -0.702770745 -0.611416627 -0.410424559 -0.627781456 -0.661394076 -0.0907005978 -0.768269825 -0.633667797 -0.157424196 -0.71900652 -0.676939618 0.191089103 -0.724361762 -0.662408479 0.108587482 -0.69944875 -0.706385309 -0.317243819 -0.944011952 0.0905416687 -0.234467298 -0.959439627 0.156526954 -0.557405236 -0.808620095 0.18823641 -0.801174744 -0.558605641 0.214659657 -0.944465248 -0.24262263 0.221629544 -0.961414584 0.113884116 0.250424452 -0.854492187 0.434817917 0.284212034 -0.643653252 0.693319749 0.324065143 -0.356168159 0.866176426 0.350546205 0.431018735 -0.588005114 -0.684450755 0.329717367 -0.591390807 -0.735896304 0.597848532 -0.380447748 -0.705575399 0.494091495 -0.418512054 -0.762050691 0.681187936 -0.130044571 -0.720466103 0.595920952 -0.204349162 -0.776607777 0.657434328 0.104894145 -0.746175128 0.600255617 0.00948737127 -0.799751952 0.5617978 0.32383827 -0.76125686 0.53253265 0.201273627 -0.822130101 0.394741199 0.495180123 -0.773935418 0.409748475 0.372178328 -0.832820196 0.189697897 0.57327606 -0.797100537 0.236831172 0.474343 -0.847885437 -0.0296243312 0.590737071 -0.806320105 0.051209839 0.505810773 -0.861123112 0.127516286 0.991189582 0.0358163366 0.0700583812 0.993295147 0.0919596369 0.422646474 0.9038036 0.067149168 0.717454221 0.695696122 0.0355857704 0.925708909 0.377194973 0.0280529482 0.999162128 0.0230039677 0.0338505315 0.944501992 -0.326582732 0.0354923509 0.753710652 -0.654077929 0.0640493198 0.471288872 -0.876333266 0.099633355 -0.957596536 -0.112674098 0.265166783 -0.957596535 -0.112674105 0.265166782 -0.957596543 -0.112674098 0.265166755 -0.928108468 -0.175609444 0.328292543 -0.927597578 0.229272029 0.294952657 -0.9181546 0.15028004 0.36661702 -0.782777866 0.524307132 0.335202692 -0.799520127 0.453981785 0.39327866 -0.53500288 0.745303857 0.397861886 -0.570019539 0.687925047 0.449262567 -0.231998272 0.864577142 0.445738901 -0.288912153 0.815054884 0.502210418 0.084773036 0.869412573 0.486760013 0.00964671587 0.836680267 0.547606677 -0.692495387 -0.431553234 -0.578110668 -0.692495387 -0.431553234 -0.578110668 -0.692495387 -0.431553234 -0.578110668 -0.810103696 -0.164911939 -0.56261537 -0.826616766 0.129398585 -0.547686707 -0.737706305 0.415255997 -0.532308054 -0.548668708 0.651185561 -0.524328154 -0.295594248 0.809483634 -0.507306896 0.000615416456 0.871884256 -0.489711614 0.304862279 0.827387162 -0.4716879 0.24032729 0.875785212 -0.41862042 0.289047513 0.759894751 0.582246943 -0.447555382 -0.708980973 -0.545013908 -0.490042114 -0.644621015 -0.586789974 -0.168666181 -0.805281045 -0.568396127 -0.224869458 -0.762798967 -0.606276721 0.130730411 -0.800986276 -0.584235008 0.0534121438 -0.776785698 -0.627495915 0.404306658 -0.690168889 -0.600169169 0.312928489 -0.693393488 -0.649061809 0.620092588 -0.489496217 -0.613089419 0.534610944 -0.526985618 -0.660664284 0.735438042 -0.24071077 -0.633394988 0.672833191 -0.297941672 -0.677145669 0.767310758 0.036251144 -0.640249995 0.719706605 -0.0497726179 -0.692491942 0.702094136 0.295726941 -0.647772646 0.687203386 0.19674 -0.699317438 0.54153607 0.520279787 -0.660339025 0.559723617 0.420007401 -0.714355132 0.979917608 0.193661278 0.0475056909 0.949543971 0.28644182 0.127739305 0.986124516 -0.0670971525 0.151843379 0.895933163 -0.404956894 0.182520358 0.695102902 -0.691456285 0.196774391 0.390808637 -0.89126752 0.230023516 0.0513501461 -0.964912345 0.257502094 -0.288844357 -0.916038505 0.278284739 -0.595213974 -0.754471248 0.276574514 0.318523572 0.675159324 -0.665359017 0.369611853 0.581727957 -0.724554803 0.0576311218 0.743433646 -0.666322045 0.142384469 0.664519478 -0.73358062 -0.219951138 0.714341362 -0.664332684 -0.108683219 0.670261066 -0.73412401 -0.438896053 0.580802069 -0.685594057 -0.331279897 0.575823894 -0.747449311 -0.61134714 0.376642969 -0.695984732 -0.505671374 0.407832912 -0.760242578 -0.700849267 0.116131489 -0.703792428 -0.616890465 0.183673976 -0.765316944 -0.66602288 -0.138986147 -0.732868593 -0.61290938 -0.0509352687 -0.788509791 -0.543839331 -0.365972966 -0.755183799 -0.519224316 -0.249088438 -0.817533522 -0.917298168 -0.380377929 0.117799412 -0.891881159 -0.42331554 0.159222959 -0.981136869 -0.0772330311 0.177215981 -0.946345813 0.273636057 0.171909602 -0.777276539 0.605377699 0.171344754 -0.512855296 0.842589979 0.164382399 -0.188507851 0.972046181 0.139967896 0.185622898 0.97400382 0.129848754 0.517874832 0.846117066 0.126061769 0.377382657 0.85500312 0.355741471 0.377382657 0.85500312 0.355741471 0.377382657 0.85500312 0.355741471 0.275492214 0.861712821 0.426092777 0.652772628 0.662867056 0.366735821 0.539922974 0.7105717 0.451188477 0.83288133 0.392729267 0.38996463 0.746046096 0.475359504 0.466313805 0.902440339 0.0692828526 0.425207385 0.851555085 0.169057838 0.496259392 0.857892973 -0.257951471 0.44438799 0.841796871 -0.142606781 0.520616302 0.703632842 -0.543623312 0.457574604 0.726567351 -0.42527254 0.539669483 -0.0534371715 0.975699375 -0.212497523 -0.0534371713 0.975699372 -0.212497537 -0.0534371677 0.975699376 -0.212497523 0.297092085 0.912157272 -0.282321457 0.592291141 0.732700815 -0.335172671 0.801631324 0.470825523 -0.368389125 0.904236315 0.159574312 -0.396096863 0.900460779 -0.159362857 -0.404689839 0.789546849 -0.460527069 -0.405623709 0.582508023 -0.709363213 -0.396847874 0.659043238 -0.666868592 -0.347776209 0.527664635 -0.641649303 0.55664729 -0.43863227 0.891687615 -0.111780719 -0.413868406 0.900752441 -0.131749695 -0.725578131 0.684233202 -0.0732209108 -0.712699036 0.696204654 -0.0857855696 -0.923689249 0.378560515 -0.059077132 -0.907161467 0.412480884 -0.0831720721 -0.995181806 0.0269820346 -0.0942610329 -0.987668593 0.088863522 -0.128895403 -0.929884226 -0.323369532 -0.17534957 -0.945923466 -0.250537514 -0.206057638 -0.743980423 -0.600962673 -0.292124966 -0.777169501 -0.544163458 -0.316059642 -0.460593938 -0.795544643 -0.393652061 -0.509545143 -0.752414839 -0.417415449 -0.14410098 -0.872908867 -0.466116957 -0.185080948 -0.856655104 -0.481546545 0.187312032 -0.837742524 -0.512934368 0.157760416 -0.836125965 -0.525361801 -0.323885956 -0.940025482 0.107004584 -0.228561849 -0.962182873 0.148201214 -0.545290701 -0.799743563 0.251133996 -0.768008788 -0.540673657 0.343270299 -0.887942695 -0.230023418 0.398305157 -0.893542828 0.109934314 0.435310993 -0.793918425 0.416153235 0.443294507 -0.602219094 0.669402175 0.43500907 -0.336848654 0.846098561 0.413098305 0.48230315 -0.705682461 -0.519033656 0.448446317 -0.714566844 -0.536926555 0.714611361 -0.490862852 -0.498381644 0.676330278 -0.515376909 -0.52627369 0.866046091 -0.20647209 -0.455338824 0.836097688 -0.247340443 -0.489656371 0.902509388 0.090673488 -0.421016773 0.889142072 0.0468338446 -0.455228477 0.835680173 0.410461781 -0.36491064 0.83991188 0.34834703 -0.416175901 0.638954353 0.707646651 -0.301618223 0.673896749 0.644203281 -0.361753098 0.337407928 0.901669086 -0.270460256 0.397155275 0.854834796 -0.333953828 -0.0413538611 0.970445127 -0.23775221 0.0583181984 0.943568982 -0.326000864 0.133186694 0.903486393 0.407398628 0.0743356418 0.891808064 0.446265155 0.414564822 0.827363162 0.378954096 0.705835091 0.646991075 0.288443015 0.914144703 0.354571694 0.196515588 0.992893984 0.020534572 0.117217186 0.946653237 -0.318821011 0.0469128191 0.763991875 -0.645094877 0.0130005788 0.484587079 -0.874493807 0.0208792983 -0.901993982 -0.102111433 0.419499836 -0.901993993 -0.102111434 0.419499811 -0.901993982 -0.102111433 0.419499836 -0.866053315 -0.180428509 0.466258736 -0.866413332 0.221254431 0.447632008 -0.856775606 0.136773485 0.497220852 -0.731228307 0.504558711 0.459048659 -0.748739145 0.43315865 0.501760179 -0.501884689 0.725896543 0.470304123 -0.54068128 0.665957991 0.513968586 -0.213784404 0.854948444 0.472609127 -0.283507919 0.799744131 0.529181051 0.0951880708 0.869946833 0.483871615 -0.00543826244 0.833544973 0.552424839 -0.817168581 -0.497549591 -0.290998135 -0.817168593 -0.497549569 -0.290998139 -0.817168581 -0.497549591 -0.290998135 -0.957779519 -0.204082018 -0.202506601 -0.981094618 0.1240385 -0.14855235 -0.883049846 0.449076045 -0.136211875 -0.666182816 0.726809203 -0.167179058 -0.363286814 0.907800174 -0.209574651 -0.0147073 0.968163512 -0.249886192 0.328081825 0.903964509 -0.274245297 0.25180466 0.943483961 -0.215481851 0.260354702 0.769141222 0.583641337 -0.508336602 -0.783309595 -0.357798795 -0.572335137 -0.724286774 -0.384501184 -0.193320415 -0.870010145 -0.453552163 -0.256985269 -0.840868058 -0.47633967 0.129703964 -0.849134645 -0.51200316 0.0675446088 -0.841651333 -0.535780514 0.420992631 -0.732771898 -0.534612524 0.364587871 -0.743147962 -0.561076458 0.662490322 -0.535536275 -0.523743709 0.618282234 -0.561058116 -0.550400645 0.817795855 -0.286157273 -0.499323496 0.789339297 -0.317443167 -0.525521941 0.895319648 0.0140500429 -0.445202566 0.872755823 -0.0385480723 -0.486632634 0.86708654 0.319893454 -0.381875779 0.865906923 0.26472041 -0.424415252 0.717527165 0.621362073 -0.314744248 0.738142043 0.569296882 -0.362004676 0.973440546 0.191783028 0.125031093 0.938514238 0.279122943 0.203178265 0.984052329 -0.0641180599 0.16592133 0.902511366 -0.404993107 0.146471215 0.702900983 -0.698487561 0.134332926 0.398430533 -0.902435309 0.163901259 0.0610489743 -0.9739992 0.218170989 -0.270239249 -0.918577915 0.288418727 -0.560095667 -0.751705364 0.3481837 0.451856564 0.860769283 -0.234311518 0.501671777 0.812541433 -0.296819555 0.0936035064 0.983068742 -0.157525337 0.175591596 0.955204548 -0.238226495 -0.304752769 0.947190543 -0.0997788799 -0.20698429 0.960777623 -0.184563981 -0.624130971 0.773476558 -0.11042891 -0.543285505 0.818733177 -0.185787095 -0.859606111 0.492632747 -0.135610877 -0.793022245 0.569549167 -0.216169994 -0.971222022 0.154157716 -0.181557655 -0.93764272 0.243180028 -0.248373921 -0.951562817 -0.170022143 -0.256165331 -0.947208669 -0.0963524513 -0.305797226 -0.82157832 -0.480892931 -0.306187937 -0.839361485 -0.411690721 -0.354940908 -0.880761443 -0.334486734 0.33522814 -0.848310183 -0.391031693 0.357021076 -0.897675998 -0.0738624349 0.43442162 -0.844658573 0.232919839 0.481975356 -0.685447303 0.522057763 0.507560525 -0.449071377 0.740614683 0.499824759 -0.153989786 0.875936721 0.457189246 0.196380476 0.897083603 0.395822837 0.513319969 0.792462842 0.329401355 0.556637946 -0.783915333 0.275010814 0.556637987 -0.783915307 0.275010805 0.556638013 -0.783915284 0.275010818 0.616640797 -0.707552283 0.345143295 0.244257572 -0.924224754 0.293507823 0.335356751 -0.865770457 0.371453047 -0.080152181 -0.941576172 0.327123738 0.0223440532 -0.918510765 0.39476413 -0.387689548 -0.837835827 0.384353927 -0.287651582 -0.847758175 0.445603685 -0.636922981 -0.63661524 0.43479898 -0.539847741 -0.679122016 0.497350685 -0.797994516 -0.363668635 0.480572446 -0.717540082 -0.435625538 0.543476422 0.766824762 -0.38863852 -0.510822752 0.766824738 -0.388638538 -0.510822776 0.766824738 -0.388638538 -0.510822776 0.580245245 -0.627526717 -0.519158623 0.32063851 -0.800583226 -0.506218771 0.00968840091 -0.883792062 -0.46777957 -0.31605079 -0.853843278 -0.413598301 -0.609251705 -0.717796139 -0.337017897 -0.835600014 -0.483686207 -0.260423251 -0.963458257 -0.178500815 -0.199713911 -0.955144018 -0.246778946 -0.163707229 -0.800952818 -0.149006131 0.579889435 0.902124407 -0.0359544962 -0.429975382 0.872825113 -0.102757362 -0.477092493 0.880239959 0.269836453 -0.390340752 0.875464067 0.205070942 -0.437616929 0.753520149 0.569532141 -0.328390811 0.774422906 0.501338458 -0.385913091 0.51855314 0.816283092 -0.254528102 0.566188872 0.759901905 -0.319341909 0.188039931 0.967482918 -0.169167925 0.248333163 0.941935717 -0.226025985 -0.172337572 0.979157325 -0.107474154 -0.120575196 0.98095168 -0.15230044 -0.530146493 0.84630648 -0.0520580256 -0.47068949 0.87577084 -0.10713001 -0.796593283 0.603128308 -0.0409314794 -0.754121699 0.651134242 -0.0855842401 -0.956638178 0.278822018 -0.0842714555 -0.932732594 0.338329369 -0.124672154 -0.621095744 0.640119587 0.452202379 -0.629628101 0.625163902 0.461235894 -0.374982835 0.822874199 0.426926137 -0.0702183583 0.919764385 0.386138393 0.251066518 0.905578709 0.341895898 0.556695767 0.765292373 0.323136824 0.784725303 0.530310458 0.320900324 0.917867457 0.224822674 0.327068948 0.939887703 -0.118809314 0.320149109 -0.986063901 -0.0660697571 -0.152685201 -0.980727653 0.00743007955 -0.195238483 -0.889068708 -0.390262267 -0.23927431 -0.906165919 -0.316890608 -0.280077971 -0.672725761 -0.665989026 -0.322333162 -0.707550212 -0.612783258 -0.351950815 -0.389102821 -0.830067846 -0.399482623 -0.420601209 -0.804915014 -0.418576688 -0.0494407335 -0.89751319 -0.438207357 -0.0906957194 -0.882591482 -0.461309617 0.297977244 -0.842379239 -0.449006436 0.257812896 -0.843509599 -0.471194299 0.579396659 -0.67635948 -0.454793761 0.548548569 -0.687998004 -0.475134943 0.794897917 -0.423882916 -0.434120461 0.757899063 -0.45459983 -0.46789743 0.816531133 -0.577301189 -0.000497001963 0.835383269 -0.54918396 0.0230601964 0.582663189 -0.812672 0.00823581469 0.245777099 -0.968968059 0.0263537095 -0.146213827 -0.984270617 0.0991608264 -0.486095526 -0.85050054 0.200897912 -0.733474656 -0.610087825 0.299679453 -0.872226318 -0.284730796 0.397680304 -0.888628382 0.039272914 0.456943363 0.350285852 0.835293185 0.423774843 0.350285861 0.835293206 0.423774794 0.350285852 0.835293185 0.423774843 0.277696331 0.843928752 0.458986937 0.608075863 0.65043751 0.455164575 0.533626696 0.685944313 0.494694803 0.781861411 0.393254923 0.483780218 0.729637908 0.447263528 0.517285086 0.855565946 0.0819900576 0.511159997 0.826952899 0.14470216 0.543332483 0.821886711 -0.235418646 0.5187295 0.814230832 -0.157164712 0.5588626 0.683816924 -0.515900713 0.515985338 0.703893896 -0.429096905 0.566047021 -0.034820237 0.985574595 -0.165620861 -0.034820237 0.985574595 -0.165620861 -0.0348202369 0.985574592 -0.165620876 0.306609526 0.937084656 -0.166921977 0.610516668 0.776029113 -0.158266277 0.845078299 0.514857911 -0.144097189 0.973960528 0.178160055 -0.140213711 0.97486512 -0.181676206 -0.128964156 0.847524455 -0.516713972 -0.121280539 0.61648362 -0.778542318 -0.117557671 0.684391422 -0.726189334 -0.0652490024 0.515519013 -0.642622369 0.566812701 -0.43422284 0.893389512 -0.11535036 -0.383813465 0.911927451 -0.145174203 -0.711457848 0.693508928 -0.113459673 -0.687941353 0.713899895 -0.130704377 -0.914293838 0.391460029 -0.104047219 -0.898102818 0.422348578 -0.122609167 -0.993700049 0.028028057 -0.108511015 -0.987223756 0.0831293672 -0.135936617 -0.928538769 -0.343579406 -0.140602085 -0.948339175 -0.266687355 -0.171844881 -0.737500461 -0.64044533 -0.214296172 -0.788547007 -0.563408234 -0.24650513 -0.442683034 -0.8458792 -0.297523292 -0.535073051 -0.775234789 -0.335719901 -0.111171802 -0.919227403 -0.377705987 -0.219143158 -0.884928235 -0.410948043 0.227626346 -0.86605939 -0.445115019 0.126028785 -0.868467555 -0.479458915 -0.322197839 -0.921497308 0.216866925 -0.205508524 -0.939924412 0.272595573 -0.515721732 -0.797226742 0.313784348 -0.755854359 -0.554584627 0.348023101 -0.900941276 -0.239703758 0.361727697 -0.919173222 0.12048794 0.374970991 -0.811286261 0.442430402 0.382190977 -0.603415291 0.694828064 0.391284996 -0.327512124 0.856773333 0.39834064 0.520119176 -0.709555807 -0.475401514 0.424970656 -0.743199505 -0.516773101 0.738921963 -0.476834871 -0.476049197 0.659477971 -0.537348859 -0.525685276 0.8762733 -0.180267771 -0.446820584 0.823170532 -0.264141139 -0.502612908 0.901558458 0.119915581 -0.415707349 0.880779971 0.0333513598 -0.472349796 0.826325273 0.436164611 -0.356296191 0.838385353 0.336961471 -0.428447157 0.629593371 0.724795673 -0.279791745 0.681257748 0.640023213 -0.355328255 0.337084242 0.916138716 -0.216942544 0.409081448 0.866464688 -0.286166582 -0.0385504629 0.98923406 -0.141173074 0.0611131429 0.972949822 -0.222786505 0.127980195 0.955483407 0.265843052 0.073168358 0.951992641 0.29724805 0.401232832 0.878644586 0.258835673 0.682422828 0.695425948 0.225126263 0.893305565 0.398264561 0.20830388 0.978151008 0.0499986411 0.201793809 0.93272998 -0.305421438 0.191657323 0.745141475 -0.637192572 0.196849709 0.469125909 -0.856955483 0.213420199 -0.932952264 -0.118833817 0.339821418 -0.932952275 -0.118833811 0.339821392 -0.932952275 -0.118833811 0.339821392 -0.907179106 -0.181373402 0.379644253 -0.911310871 0.231035017 0.340786322 -0.909380227 0.157886436 0.384836947 -0.769962472 0.534745295 0.34814546 -0.791649304 0.475893481 0.383166771 -0.527984675 0.763084993 0.372737811 -0.564059435 0.720493075 0.403393954 -0.232357027 0.887880425 0.3970876 -0.285582408 0.856107221 0.430723942 0.07784552 0.900388394 0.428066368 0.0121525687 0.885840018 0.463831626 -0.823964748 -0.528095044 -0.205420832 -0.823964748 -0.528095044 -0.205420832 -0.823964748 -0.528095044 -0.205420832 -0.96171626 -0.215621899 -0.169142044 -0.979710171 0.134103048 -0.148944131 -0.868915471 0.474461858 -0.140967545 -0.642045071 0.752900593 -0.144633409 -0.344137664 0.928749259 -0.137819022 -0.0107975555 0.992379228 -0.122747223 0.322732002 0.941207062 -0.0998665154 0.267116248 0.961112512 -0.0700831518 0.295861567 0.81374378 0.500286912 -0.513019678 -0.833407342 -0.20553105 -0.586542435 -0.771900554 -0.245229499 -0.192718557 -0.946261421 -0.259709223 -0.279616789 -0.912208786 -0.299482191 0.148784096 -0.941801171 -0.301452893 0.0477623009 -0.936700997 -0.346857326 0.466710801 -0.820623548 -0.32978481 0.364626779 -0.84949132 -0.381329005 0.730675441 -0.592740435 -0.338780424 0.645709809 -0.655884194 -0.39099203 0.889724066 -0.301169949 -0.343056479 0.835359868 -0.381389143 -0.395873986 0.945786378 0.041110376 -0.322177069 0.918808363 -0.0660636323 -0.38913595 0.882112228 0.367739111 -0.294356864 0.895252859 0.262348192 -0.360132955 0.703400931 0.659907879 -0.264099833 0.748334908 0.576849569 -0.327474334 0.947529554 0.166890325 0.272645124 0.890987175 0.293132441 0.346720675 0.931702432 -0.055236914 0.358997857 0.844613967 -0.389742033 0.367053666 0.650889967 -0.667383741 0.361857974 0.366302492 -0.855047088 0.367038093 0.0553975339 -0.926029414 0.373363948 -0.258396224 -0.888468478 0.379282422 -0.551956771 -0.745883531 0.372829025 0.436250966 0.87328823 -0.216916487 0.501927721 0.818873956 -0.278413375 0.0991220993 0.982844988 -0.155533082 0.171582926 0.961967037 -0.212552864 -0.280000835 0.956222729 -0.0850742281 -0.218030527 0.967323795 -0.129411615 -0.60220963 0.79667016 -0.0515773051 -0.55963864 0.824424369 -0.0844337096 -0.855275839 0.516684641 -0.0392456367 -0.812561563 0.57708609 -0.0819472437 -0.983684285 0.16259404 -0.0769961403 -0.961032801 0.250393676 -0.117127978 -0.967485726 -0.182252738 -0.175371918 -0.973849056 -0.0906579552 -0.208324628 -0.818188233 -0.498173678 -0.287038328 -0.856960639 -0.404222161 -0.319723173 -0.904433498 -0.344412837 0.25175354 -0.861986045 -0.427393911 0.272606867 -0.936015435 -0.0805826273 0.342609904 -0.891984396 0.261472546 0.368776281 -0.72657832 0.579556775 0.369049983 -0.477403771 0.805125122 0.351936325 -0.177138853 0.927818491 0.328290533 0.165268403 0.932650788 0.320700579 0.471465978 0.818846844 0.327428888 0.509417777 -0.745591028 0.429636529 0.509417771 -0.745591019 0.429636553 0.509417771 -0.745591019 0.429636553 0.562922349 -0.667918523 0.486829823 0.22769497 -0.879471604 0.417952986 0.304813384 -0.822351607 0.480444207 -0.0688901954 -0.911054369 0.406489948 0.00989509374 -0.888416205 0.458932166 -0.367880218 -0.838636085 0.401688514 -0.298245898 -0.843215966 0.447254088 -0.636472057 -0.667293807 0.386810414 -0.568641858 -0.697254014 0.436443899 -0.836175441 -0.403008075 0.372014951 -0.778689196 -0.459530844 0.427170387 0.843560586 -0.468543775 -0.262435265 0.843560598 -0.468543752 -0.262435268 0.843560586 -0.468543775 -0.262435265 0.626753923 -0.736078337 -0.25567206 0.336243263 -0.90992683 -0.242844871 0.00880422444 -0.974300785 -0.225078801 -0.318244162 -0.923120566 -0.215798689 -0.606663637 -0.768989618 -0.201529648 -0.83166183 -0.52035862 -0.193818231 -0.961090125 -0.198881314 -0.191708099 -0.956330802 -0.236254241 -0.172091056 -0.893635376 -0.155005086 0.421176017 0.980009622 -0.0328584034 -0.196217904 0.957444385 -0.135217685 -0.254983191 0.928082534 0.315341756 -0.198046426 0.942006905 0.21524573 -0.257472848 0.754409876 0.628088318 -0.190711311 0.807497838 0.529870825 -0.259199056 0.488008022 0.853624701 -0.182134677 0.570534962 0.781429593 -0.252700711 0.160921847 0.973162071 -0.164498458 0.243014331 0.945073259 -0.218587671 -0.169547748 0.974175513 -0.149116164 -0.123256272 0.976122867 -0.17886319 -0.501372714 0.858138659 -0.110559682 -0.473059418 0.871291644 -0.13063559 -0.768072144 0.635867092 -0.0757510562 -0.758269645 0.646538426 -0.0837568503 -0.947044074 0.313175795 -0.0709115227 -0.938946612 0.334217696 -0.0817177596 -0.616688002 0.706316917 0.347580668 -0.653170497 0.656337696 0.377609759 -0.38396238 0.842829374 0.377109449 -0.0793842574 0.919624149 0.384694119 0.229812258 0.890162069 0.393443537 0.519779936 0.743746623 0.420321043 0.734104731 0.50926841 0.449150232 0.854894387 0.210340702 0.474249277 0.868795366 -0.118511597 0.480780212 -0.99333615 -0.0541258353 -0.101753071 -0.992174166 0.00428883525 -0.124787944 -0.89347948 -0.410830195 -0.181419319 -0.92392802 -0.318014019 -0.212659583 -0.653333328 -0.697535792 -0.294277728 -0.726844822 -0.607047431 -0.321232037 -0.350708364 -0.840489827 -0.413013915 -0.43683267 -0.786757498 -0.436107621 -0.0135657776 -0.868973146 -0.494673268 -0.107945476 -0.846083853 -0.522005639 0.309268173 -0.784741383 -0.537153758 0.226612552 -0.793433726 -0.564897932 0.560732757 -0.614946201 -0.554454638 0.500054703 -0.641159035 -0.582117157 0.755629234 -0.376901336 -0.535695663 0.698576458 -0.425904301 -0.57497518 0.776783392 -0.626371882 -0.0653132976 0.846100902 -0.533005537 -0.00428514696 0.594141726 -0.804283351 0.011131051 0.267378508 -0.962373992 0.048425534 -0.109471871 -0.986398318 0.122614301 -0.445761501 -0.870981985 0.206608483 -0.711064426 -0.64717937 0.274856772 -0.885888571 -0.318894395 0.336909194 -0.92778259 0.0311313076 0.371820262 0.350328691 0.85852316 0.374443309 0.350328695 0.85852317 0.374443283 0.350328709 0.858523145 0.374443328 0.290994633 0.867685196 0.403044073 0.615054384 0.669515772 0.416481376 0.553162584 0.70160798 0.449174129 0.792708933 0.404631964 0.455944647 0.7481954 0.453738499 0.484071294 0.863218595 0.0847661883 0.497662888 0.837684722 0.145461702 0.526426822 0.82070176 -0.233221362 0.521590278 0.815040551 -0.156761247 0.557794597 0.676203155 -0.507356811 0.534170721 0.696704149 -0.42432183 0.578406702 -0.0401092589 0.972939126 -0.227553741 -0.0401092552 0.972939126 -0.227553741 -0.0401092586 0.972939119 -0.22755377 0.289851163 0.937203228 -0.194001062 0.594341283 0.788289257 -0.159243484 0.83727971 0.531896215 -0.126685056 0.975230791 0.191959436 -0.109893036 0.980588983 -0.173140451 -0.0920197348 0.854921276 -0.512279739 -0.0817256471 0.623855172 -0.777438799 -0.0799602326 0.687196006 -0.725928743 -0.0280910876 0.505017077 -0.630673824 0.58924382 -0.420749324 0.879518355 -0.222300402 -0.369736116 0.89538408 -0.248158325 -0.687788113 0.680462272 -0.252821296 -0.657202943 0.702936082 -0.271965357 -0.883660662 0.38599717 -0.264858489 -0.860555309 0.420841014 -0.286944944 -0.963244291 0.0313073831 -0.266796334 -0.95185576 0.0814573549 -0.295525484 -0.904886792 -0.335165773 -0.262381018 -0.914648091 -0.278120087 -0.293373631 -0.724475643 -0.6326702 -0.273611881 -0.753188624 -0.582461153 -0.305689226 -0.446243101 -0.850085917 -0.279680225 -0.505531005 -0.799535934 -0.324315732 -0.127978492 -0.947311747 -0.293635762 -0.202175791 -0.920052556 -0.335601317 0.212629687 -0.923844804 -0.318275657 0.134909935 -0.922986624 -0.360409491 -0.299319369 -0.916234556 0.266312135 -0.209535606 -0.922825124 0.323246995 -0.519631084 -0.796119114 0.310125608 -0.770382678 -0.564035541 0.297278384 -0.928190608 -0.248734774 0.276754779 -0.953929986 0.121122287 0.274494033 -0.844197724 0.455454761 0.28265025 -0.627471254 0.717816784 0.301693372 -0.338811227 0.884789397 0.319929171 0.523564583 -0.785213996 -0.330634401 0.442498981 -0.812750808 -0.378986511 0.770716494 -0.54338627 -0.332757341 0.697644034 -0.601834982 -0.388699699 0.923574993 -0.211101011 -0.320071235 0.875922203 -0.298324435 -0.379160686 0.938471172 0.128260042 -0.320657482 0.924895534 0.0354719902 -0.378563059 0.830430563 0.466862516 -0.304013932 0.85400993 0.358945075 -0.376597228 0.603661495 0.744854028 -0.284227507 0.666075673 0.655880793 -0.355195133 0.312454502 0.907771878 -0.279861398 0.382740125 0.860116889 -0.337207554 -0.0294702086 0.967568609 -0.250883426 0.0428904976 0.951685131 -0.304065479 0.141769708 0.957233887 0.252199595 0.0614609372 0.953869723 0.293862391 0.382139283 0.871328049 0.307826248 0.656503396 0.682840444 0.320518673 0.858379606 0.382469904 0.34190821 0.93273966 0.0373496992 0.358610829 0.88170678 -0.306176652 0.358955445 0.697613355 -0.620001584 0.359073311 0.43517543 -0.827876034 0.353897751 -0.955182834 -0.115948848 0.272363028 -0.955182833 -0.115948856 0.272363027 -0.955182834 -0.115948848 0.272363028 -0.9255824 -0.190200952 0.327293168 -0.934606543 0.241431726 0.261192135 -0.934197308 0.153693334 0.321953024 -0.791345567 0.551030865 0.26483425 -0.819383042 0.480317228 0.31290061 -0.545424176 0.785637247 0.292038668 -0.588763169 0.737092523 0.331741681 -0.240976244 0.915876451 0.321093095 -0.301277286 0.882149692 0.361999885 0.0811064845 0.929390439 0.36007659 0.00959300223 0.915785282 0.401553597 -0.791699503 -0.528921773 -0.305701906 -0.79169951 -0.528921778 -0.305701879 -0.791699503 -0.528921773 -0.305701906 -0.925234128 -0.213275543 -0.313775956 -0.939978317 0.134973776 -0.313405238 -0.831314277 0.4676511 -0.300364815 -0.61472607 0.736447564 -0.282412544 -0.332985812 0.909756581 -0.247918158 -0.0135058991 0.977927178 -0.208509052 0.312716221 0.935006331 -0.167247502 0.270794036 0.95135576 -0.146944911 0.306757141 0.840324697 0.446938989 -0.508358295 -0.826493384 -0.241827478 -0.560087565 -0.777709442 -0.285429402 -0.199665938 -0.951470557 -0.234173636 -0.261889464 -0.924218733 -0.277909412 0.140114496 -0.964894002 -0.222142957 0.059003315 -0.959431799 -0.275697717 0.466563742 -0.857830491 -0.215511306 0.376205581 -0.88379836 -0.27815431 0.744942108 -0.632936286 -0.210838596 0.667552214 -0.693356933 -0.27134886 0.917136853 -0.330214555 -0.223200222 0.870863496 -0.405357396 -0.277996677 0.974608402 0.0346242859 -0.221223014 0.956707427 -0.0623733162 -0.284289409 0.897565957 0.38175938 -0.220533734 0.915852676 0.291110216 -0.276529779 0.695655295 0.680915831 -0.228948337 0.741770782 0.608071279 -0.282887658 0.906562481 0.181198458 0.38119757 0.863550926 0.268520801 0.426821247 0.893246778 -0.0696133409 0.444144319 0.804342819 -0.388481602 0.449571655 0.61920015 -0.653627882 0.435157175 0.349399664 -0.836092049 0.422930209 0.0509106697 -0.911597046 0.407920248 -0.258405106 -0.883668158 0.390329845 -0.555083833 -0.750169915 0.359342508 0.411171755 0.882329617 -0.228980862 0.481774621 0.828012666 -0.286859269 0.0809110949 0.970786604 -0.225891045 0.163550739 0.944695256 -0.284256977 -0.270623796 0.938578586 -0.214086428 -0.198480185 0.94488692 -0.260373433 -0.569368073 0.793324955 -0.21553541 -0.528020025 0.813256613 -0.244557834 -0.820826551 0.53491952 -0.200262029 -0.788614373 0.570143431 -0.230269059 -0.963543636 0.185694965 -0.192616304 -0.946152965 0.235828592 -0.221764383 -0.958612899 -0.172827325 -0.22625655 -0.960175482 -0.112454498 -0.25576753 -0.813385787 -0.511307662 -0.277431137 -0.847238651 -0.425011369 -0.318672253 -0.899430688 -0.369754049 0.233037296 -0.861468957 -0.433613917 0.264291896 -0.954189705 -0.077647772 0.288951261 -0.913319143 0.281296909 0.294482924 -0.735651808 0.606998552 0.300614662 -0.473576277 0.824819538 0.308866055 -0.168451434 0.933244965 0.317297889 0.171009343 0.923510824 0.343341758 0.469448566 0.799377698 0.374984453 0.50815838 -0.728629854 0.459209752 0.50815838 -0.728629854 0.459209752 0.508158373 -0.728629844 0.459209775 0.55744454 -0.654766671 0.51042746 0.227065668 -0.864917777 0.447614143 0.303866653 -0.805460367 0.508820847 -0.0710767103 -0.898524198 0.433130888 0.0138344309 -0.871795136 0.489675249 -0.37183895 -0.826610008 0.422435427 -0.290676351 -0.829636896 0.476665376 -0.641315247 -0.655672464 0.398507683 -0.560400498 -0.688638627 0.460139243 -0.841878015 -0.391754578 0.371173488 -0.772193594 -0.456739163 0.441708491 0.858140725 -0.483743332 -0.172008386 0.85814071 -0.483743354 -0.172008398 0.858140723 -0.483743331 -0.1720084 0.634947172 -0.753483405 -0.170601429 0.342346184 -0.922771677 -0.176894102 0.0159848602 -0.98135855 -0.191519922 -0.3100719 -0.924130899 -0.223243138 -0.59685273 -0.762454592 -0.24985959 -0.816936229 -0.506463933 -0.275879471 -0.937666912 -0.183122796 -0.295375699 -0.9343285 -0.242963183 -0.260766458 -0.89140905 -0.15764473 0.424897686 0.992431716 -0.0443711328 -0.114501052 0.976198744 -0.136138931 -0.168825959 0.939660548 0.313500875 -0.13694983 0.954522634 0.234371998 -0.184272375 0.76020225 0.631402161 -0.153048521 0.803502369 0.559504663 -0.203318652 0.488671383 0.855663226 -0.170413391 0.554186708 0.802057144 -0.222668881 0.162711056 0.969053617 -0.185634588 0.233639859 0.94505513 -0.228655237 -0.160020583 0.964317417 -0.210915461 -0.107111338 0.964378533 -0.241870228 -0.480224225 0.849614201 -0.218037617 -0.433363486 0.866479183 -0.247810236 -0.741079889 0.634647445 -0.219142007 -0.71594552 0.656572072 -0.23735022 -0.921247884 0.316474049 -0.226155946 -0.907925247 0.342272909 -0.241911145 -0.630981653 0.73225425 0.256253523 -0.672268809 0.681293037 0.289645381 -0.389895869 0.866095243 0.312826215 -0.0747047125 0.935923727 0.344188878 0.241311505 0.896468267 0.371636116 0.532432321 0.739548234 0.411806063 0.741869375 0.498973948 0.44794512 0.855036652 0.200393742 0.478283046 0.862478623 -0.122060923 0.491153495 -0.971734981 -0.0530272276 -0.23004182 -0.966515245 -0.00388521783 -0.256579786 -0.876206951 -0.413679248 -0.247246556 -0.895505226 -0.339554834 -0.287702808 -0.646108992 -0.710130177 -0.279746853 -0.702213853 -0.633859146 -0.324219506 -0.353876485 -0.872129603 -0.337877773 -0.42857045 -0.820015095 -0.37934498 -0.0173812865 -0.923928037 -0.382171263 -0.116074582 -0.895040355 -0.430615204 0.319068527 -0.852506174 -0.414039249 0.217870549 -0.860294112 -0.460897455 0.58947913 -0.675530421 -0.442914218 0.507769155 -0.710774191 -0.486796195 0.798022398 -0.410906185 -0.440813294 0.724078911 -0.478684972 -0.496558585 0.751976985 -0.636768361 0.170460167 0.806491755 -0.544529157 0.230345493 0.554199353 -0.79830493 0.235737812 0.241601282 -0.940847201 0.237561286 -0.115045699 -0.961165928 0.250847654 -0.441487874 -0.857374341 0.264570777 -0.714009549 -0.647332793 0.266740735 -0.906316237 -0.322223873 0.273427604 -0.959884045 0.0375476928 0.277871898 0.350636286 0.843831819 0.406204452 0.350636299 0.843831791 0.406204498 0.350636303 0.843831801 0.406204473 0.286814001 0.847131092 0.447332809 0.609039975 0.655757768 0.446152507 0.546277541 0.680622389 0.488194646 0.779488504 0.398213201 0.483553429 0.736870327 0.437185599 0.515646073 0.845043129 0.091232775 0.526857373 0.820362145 0.136971041 0.555198059 0.804849828 -0.21410175 0.5535135 0.79445438 -0.154097323 0.587448937 0.665876817 -0.478097177 0.572740041 0.675945936 -0.409165111 0.61292822 -0.0474050341 0.939032719 -0.340544147 -0.0474050379 0.939032719 -0.340544147 -0.0474050379 0.939032719 -0.340544147 0.272200982 0.912321015 -0.305903563 0.57340122 0.774188267 -0.268036503 0.818284658 0.528349893 -0.226399227 0.961027365 0.196746075 -0.194209642 0.97459398 -0.162856417 -0.153767232 0.857241682 -0.501041468 -0.118718772 0.632245912 -0.768975617 -0.094560074 0.681236487 -0.730488613 -0.0479920229 0.486743552 -0.60334123 0.631712019 -0.406900565 0.849976242 -0.334622651 -0.360544516 0.859533734 -0.362228397 -0.66375783 0.652789955 -0.365090151 -0.628777125 0.67293651 -0.38960978 -0.850888434 0.36819117 -0.374732085 -0.818437595 0.405865453 -0.406734725 -0.929093951 0.0268024577 -0.368871332 -0.907631533 0.0835895091 -0.411360906 -0.878917986 -0.328361311 -0.345950897 -0.881321563 -0.265906325 -0.390597145 -0.710514094 -0.621159361 -0.330652039 -0.73117863 -0.571354934 -0.372734961 -0.447055292 -0.844543855 -0.294766421 -0.492252531 -0.796649299 -0.35076679 -0.137048713 -0.955149133 -0.262502924 -0.194255507 -0.92909093 -0.314729792 0.20547677 -0.946955158 -0.247093557 0.140989594 -0.942868499 -0.301862431 -0.283435121 -0.866384706 0.411147265 -0.196404278 -0.858300135 0.474074085 -0.489606932 -0.745928296 0.451526333 -0.730961902 -0.53352783 0.42549119 -0.890278288 -0.240464854 0.38675732 -0.923788388 0.110966078 0.366471749 -0.825966563 0.434004822 0.359748594 -0.621129607 0.692239601 0.367426655 -0.341393391 0.862244736 0.374145117 0.527066362 -0.817898961 -0.230743015 0.450986891 -0.841089336 -0.298629459 0.788103271 -0.573847945 -0.222692097 0.713335785 -0.631788494 -0.303307362 0.948855079 -0.227929234 -0.218454351 0.900145355 -0.31738029 -0.298342237 0.95998567 0.128410592 -0.248873931 0.94685209 0.0372268277 -0.319507876 0.837566173 0.478327259 -0.263980946 0.859770417 0.375543781 -0.346066033 0.594242399 0.753233174 -0.281985384 0.653495406 0.666157417 -0.359413481 0.295311732 0.897734388 -0.326900519 0.368907773 0.84199064 -0.393648088 -0.0369671695 0.934669557 -0.353590507 0.0556703092 0.903383454 -0.425204835 0.132775944 0.922629751 0.36211171 0.0630113353 0.914732513 0.399116525 0.369846724 0.820165761 0.436510625 0.62402335 0.628818278 0.463877604 0.800656684 0.33990225 0.493371397 0.857937152 0.0211497987 0.51331913 0.806013761 -0.289598318 0.516211808 0.636654113 -0.571413874 0.517839478 0.398580672 -0.760444383 0.512696585 -0.910471116 -0.10603848 0.399747654 -0.910471116 -0.10603848 0.399747654 -0.910471105 -0.106038487 0.399747679 -0.868096625 -0.174339315 0.46477312 -0.897672013 0.233744158 0.373562078 -0.881059368 0.142910456 0.450900201 -0.763704218 0.532593031 0.364829455 -0.781919555 0.449410937 0.432008818 -0.525433655 0.75889312 0.3847086 -0.567738832 0.692703735 0.444785516 -0.229418952 0.884502822 0.406228634 -0.294589999 0.833054211 0.46822795 0.0846467442 0.896158355 0.435585962 0.00542659151 0.867902781 0.496704455 -0.777656049 -0.516405278 -0.358575875 -0.777656057 -0.516405284 -0.358575849 -0.777656049 -0.516405278 -0.358575875 -0.898490936 -0.203639652 -0.388902212 -0.90395171 0.131364151 -0.406957941 -0.795815107 0.446079265 -0.409501655 -0.588247697 0.699167145 -0.406361847 -0.320552445 0.866691163 -0.382220563 -0.0133346424 0.937005601 -0.349059725 0.303479771 0.901076659 -0.309775537 0.262057853 0.922811806 -0.282389894 0.293779367 0.797831182 0.526459009 -0.509138455 -0.82321667 -0.251181903 -0.555176032 -0.772168608 -0.309087713 -0.204389878 -0.953674695 -0.220747262 -0.257691089 -0.926621566 -0.273802441 0.135696064 -0.97347813 -0.184192588 0.0669615162 -0.966721386 -0.246912772 0.465343246 -0.870880198 -0.158187683 0.38891883 -0.892000591 -0.230384654 0.746700787 -0.649736721 -0.142408314 0.683996976 -0.69917316 -0.208098607 0.92359345 -0.349392718 -0.157796917 0.889183142 -0.405970168 -0.21104872 0.986565864 0.0164855673 -0.162530064 0.973959344 -0.0543249398 -0.220118143 0.912599806 0.37022062 -0.173488577 0.925493724 0.309202115 -0.218758815 0.707187965 0.676939496 -0.20405416 0.737996354 0.628410757 -0.245888802 0.859127734 0.186390271 0.476611166 0.823701409 0.245873115 0.510942658 0.839283147 -0.0705179472 0.539102048 0.746904052 -0.361274351 0.558225026 0.5719217 -0.600579638 0.558757253 0.319929264 -0.763928137 0.560409731 0.0427305268 -0.830933153 0.55472894 -0.243650505 -0.804545989 0.541608884 -0.520175769 -0.685196506 0.509826361 0.416723716 0.879536177 -0.229689916 0.469044324 0.837974041 -0.278921008 0.0844205225 0.962037192 -0.259533459 0.155430967 0.936028639 -0.315739769 -0.260939107 0.921083645 -0.288990833 -0.184747196 0.921901149 -0.340538905 -0.544601008 0.767847738 -0.337371596 -0.484897489 0.788232358 -0.378898635 -0.778423815 0.512733703 -0.362160896 -0.72047171 0.558204355 -0.411495339 -0.91016897 0.17417643 -0.375839084 -0.872640125 0.241029597 -0.424739857 -0.899069477 -0.171784372 -0.402696169 -0.887720843 -0.10052538 -0.449273139 -0.76319652 -0.499296947 -0.410162932 -0.780664984 -0.409076 -0.472460589 -0.887774899 -0.369109781 0.274979451 -0.842787304 -0.429478022 0.324435184 -0.941843001 -0.0824317278 0.32578639 -0.905577466 0.272884499 0.32475145 -0.727743547 0.595681923 0.339929958 -0.463990127 0.808534261 0.361919204 -0.158698011 0.911059244 0.380507549 0.176265909 0.892869509 0.414384327 0.463608802 0.763621593 0.449387295 0.484973323 -0.6721021 0.559535203 0.4849733 -0.67210211 0.559535211 0.484973323 -0.6721021 0.559535203 0.516880309 -0.611979841 0.598594537 0.22172964 -0.797919748 0.560499815 0.276419601 -0.744742479 0.60741324 -0.0560881018 -0.829486688 0.555703122 0.00426835775 -0.802573894 0.596537447 -0.337242193 -0.763293882 0.551044602 -0.279395764 -0.758315146 0.588978901 -0.592077633 -0.607731332 0.529251079 -0.526756497 -0.624581086 0.576564012 -0.783459565 -0.365153053 0.502846256 -0.716728445 -0.41097168 0.563384961 0.864260217 -0.473549687 -0.169720271 0.864260203 -0.473549709 -0.169720283 0.86426023 -0.473549664 -0.169720273 0.643482936 -0.749170911 -0.157075323 0.350099264 -0.92365014 -0.155887535 0.0192217752 -0.985185481 -0.170411535 -0.312875364 -0.92554451 -0.213251887 -0.601827874 -0.756998626 -0.254472574 -0.816229988 -0.494560509 -0.298627709 -0.925719512 -0.173057438 -0.336295269 -0.92858077 -0.2406305 -0.282550378 -0.820927161 -0.140306988 0.553527366 0.990083322 -0.055443777 -0.129077511 0.976787659 -0.122043562 -0.176043283 0.940332141 0.296025243 -0.167763287 0.947502702 0.248721963 -0.200937838 0.767491655 0.611417427 -0.192679241 0.790058586 0.569869419 -0.225956361 0.499646682 0.838999005 -0.215485181 0.537806155 0.804327233 -0.252630644 0.173623236 0.955524474 -0.238386139 0.220525081 0.936823184 -0.27153455 -0.150792741 0.948020024 -0.280213461 -0.108177015 0.945130461 -0.308263111 -0.468011099 0.827808039 -0.309353296 -0.414568018 0.841681006 -0.345986188 -0.718214431 0.609460669 -0.335746517 -0.677237552 0.638168352 -0.366183633 -0.882639976 0.296313412 -0.364890443 -0.855225389 0.335453764 -0.39504469 -0.629740047 0.724562596 0.2800652 -0.669159169 0.667035192 0.327551613 -0.389866896 0.853344677 0.346130995 -0.0747815799 0.923735616 0.375659723 0.241384848 0.883171899 0.402170054 0.528038816 0.721422064 0.448023675 0.72684365 0.478514008 0.492668908 0.82569436 0.185258369 0.532830329 0.822273806 -0.122692572 0.555708845 -0.926980685 -0.0580628749 -0.370588062 -0.911490318 8.83413215e-05 -0.411321519 -0.839630122 -0.404296706 -0.362719494 -0.846584374 -0.330186502 -0.417458707 -0.627858053 -0.69828436 -0.343792404 -0.666620583 -0.626181123 -0.40436889 -0.350806405 -0.86871779 -0.349663078 -0.40701976 -0.817420972 -0.407624668 -0.0225808844 -0.939554053 -0.341655214 -0.108345528 -0.903219423 -0.415278124 0.317667557 -0.886188336 -0.33727964 0.216924864 -0.884619708 -0.412785144 0.599398412 -0.71393623 -0.361962157 0.50812274 -0.744997387 -0.432192288 0.818740442 -0.43870533 -0.370407508 0.731332202 -0.509592861 -0.453286142 0.694777108 -0.592933961 0.407079953 0.726518405 -0.507128462 0.463672008 0.497947229 -0.737725984 0.455860646 0.216570705 -0.873551923 0.435894675 -0.112200104 -0.901113827 0.418813811 -0.422183723 -0.813183071 0.400617269 -0.689514782 -0.621640663 0.371661474 -0.882296444 -0.313488373 0.351109704 -0.940804788 0.0326413651 0.33737352 0.332742786 0.786077474 0.520926525 0.332742812 0.786077466 0.520926519 0.332742812 0.786077466 0.520926519 0.286119612 0.784639561 0.549978479 0.583996977 0.614814402 0.530047905 0.535542859 0.629594552 0.56285393 0.757306397 0.380423305 0.530815533 0.725624733 0.405309225 0.556051418 0.839285595 0.0936493689 0.535564643 0.820101235 0.124146198 0.558589014 0.823413226 -0.206640444 0.528479315 0.812093329 -0.15681994 0.562060434 0.700999919 -0.484281395 0.523517567 0.70893141 -0.415934547 0.569574147 -0.0289032136 0.912301029 -0.408499005 -0.0289032167 0.912301008 -0.408499052 -0.0289032155 0.912301029 -0.408499005 0.297731504 0.885801358 -0.355966157 0.595885414 0.738334942 -0.315883026 0.822042925 0.488210392 -0.293080265 0.937970141 0.169814632 -0.30228299 0.936174749 -0.161353303 -0.312317067 0.818384828 -0.469690937 -0.331114325 0.601347789 -0.716958072 -0.352635733 0.678522234 -0.680931177 -0.275572696 0.523063525 -0.623710821 0.580852271 -0.42469833 0.811186663 -0.402004387 -0.342875783 0.822470472 -0.453848564 -0.654051987 0.593297656 -0.469269527 -0.591733748 0.623434087 -0.511058814 -0.796957649 0.314073884 -0.515961337 -0.745696952 0.363741423 -0.558236718 -0.835314408 0.0123892935 -0.549632918 -0.801188958 0.0774796221 -0.593374386 -0.772397279 -0.282814235 -0.568698999 -0.764709681 -0.215037911 -0.607435429 -0.618691012 -0.52079173 -0.588215442 -0.630265325 -0.466449688 -0.620637018 -0.391667757 -0.709497359 -0.585841161 -0.424747301 -0.654830261 -0.625129634 -0.120222345 -0.807217379 -0.577881209 -0.167166859 -0.771718623 -0.613600528 0.18334753 -0.798668718 -0.573159631 0.126089261 -0.781722827 -0.610746199 -0.314630491 -0.929568375 0.192120508 -0.225161513 -0.9333531 0.279560875 -0.544612829 -0.792741399 0.27378448 -0.78565005 -0.548935183 0.285349196 -0.924370624 -0.238806845 0.297506706 -0.932098412 0.109290744 0.345323159 -0.816475214 0.416464215 0.399907217 -0.602876707 0.656176322 0.453841724 -0.323064784 0.811112635 0.487570958 0.466149729 -0.684512223 -0.560488579 0.392290553 -0.689673303 -0.608653315 0.688442902 -0.472550805 -0.550220053 0.608634131 -0.509115174 -0.608577222 0.821702096 -0.182688118 -0.539843233 0.759677383 -0.251950401 -0.599509191 0.826195641 0.109723693 -0.552595217 0.796347419 0.0330346851 -0.603936667 0.732350832 0.400795567 -0.550477222 0.731027967 0.308505238 -0.608623553 0.535599605 0.644917347 -0.54517399 0.570244753 0.559854716 -0.60115191 0.273265635 0.785565272 -0.55516943 0.330249285 0.723817043 -0.605825303 -0.0325732675 0.833899705 -0.550953958 0.0541557373 0.789343796 -0.611558278 0.155845364 0.959263755 0.235638006 0.0557549618 0.949458309 0.308901771 0.386593901 0.851527696 0.354183199 0.65756608 0.653013443 0.375739662 0.845950436 0.356643399 0.396450937 0.914596482 0.0311136577 0.403168966 0.875533382 -0.293772288 0.383587201 0.708366247 -0.604439386 0.364513771 0.451252645 -0.82475727 0.340802724 -0.934281047 -0.106162229 0.340365254 -0.934281047 -0.106162229 0.340365254 -0.934281038 -0.106162228 0.34036528 -0.898887837 -0.172448654 0.402817722 -0.903681541 0.221666038 0.366365718 -0.891866051 0.145348445 0.428309207 -0.7669989 0.504606675 0.396339237 -0.780069064 0.445374003 0.439470424 -0.535495695 0.723004524 0.436473159 -0.559377596 0.684766709 0.467109472 -0.247304495 0.854001032 0.457736523 -0.281758231 0.826397539 0.48752375 0.0661829572 0.879725665 0.470853024 0.0229924635 0.864585368 0.501959648 -0.682094819 -0.425438499 -0.594767804 -0.682094828 -0.425438475 -0.594767812 -0.68209486 -0.425438457 -0.594767788 -0.803280464 -0.166221679 -0.571936054 -0.835072918 0.12502972 -0.535743214 -0.765450065 0.421581932 -0.486163422 -0.586220703 0.682118762 -0.437103285 -0.32521627 0.868644346 -0.373753097 -0.00560377432 0.949755831 -0.312941621 0.327678068 0.907635578 -0.262344699 0.274709174 0.93638862 -0.218428985 0.316760451 0.797284804 0.513809067 -0.449804202 -0.703297007 -0.550499319 -0.486825005 -0.638358999 -0.596237539 -0.178273242 -0.814012412 -0.552813209 -0.228207516 -0.769361632 -0.596660716 0.126626793 -0.835407127 -0.534846322 0.0551056799 -0.806052104 -0.589273595 0.424975633 -0.747785842 -0.510109837 0.335895118 -0.744207499 -0.577347095 0.67985818 -0.552913296 -0.481746553 0.593090442 -0.58597899 -0.55215247 0.831208397 -0.286092211 -0.476701004 0.766870139 -0.342503738 -0.54277194 0.885554087 0.0314716 -0.463468983 0.839875155 -0.0547675604 -0.54000948 0.81950409 0.337869746 -0.462879121 0.811471774 0.247516421 -0.529385664 0.635595585 0.605087409 -0.479465827 0.658866573 0.524288725 -0.539459148 0.880027029 0.169801788 0.443531036 0.824217037 0.242190156 0.511869324 0.860511016 -0.0648649463 0.505285394 0.792245019 -0.364373148 0.489469141 0.629136366 -0.631376934 0.453376885 0.362184023 -0.827592361 0.42885151 0.0502262883 -0.911254841 0.408768803 -0.273401155 -0.876895034 0.395356685 -0.571647653 -0.730262599 0.374079534 0.373239422 0.787622589 -0.490247887 0.426513033 0.715953984 -0.552717401 0.0661996716 0.862298232 -0.50205514 0.144578435 0.811272824 -0.566509913 -0.254594771 0.821797756 -0.509735177 -0.16585488 0.806214298 -0.567900224 -0.509239793 0.673813017 -0.535397845 -0.436084375 0.68678887 -0.581507924 -0.712594339 0.443538405 -0.543583472 -0.641963617 0.484431992 -0.594313351 -0.82263714 0.148575424 -0.548810969 -0.774571351 0.212146171 -0.595846645 -0.807865246 -0.148920446 -0.570242443 -0.787693015 -0.0812717627 -0.610683728 -0.690896263 -0.432912583 -0.579006951 -0.695913024 -0.351405895 -0.626273869 -0.922282145 -0.371903742 0.10527702 -0.889997788 -0.428430223 0.156049612 -0.978059462 -0.0825062422 0.191291422 -0.937378698 0.263748429 0.227503719 -0.759676912 0.581269447 0.291576437 -0.491531888 0.793637636 0.358518766 -0.178153505 0.895682041 0.407449396 0.165630046 0.871582558 0.461422293 0.454986281 0.738245939 0.497976322 0.528035579 -0.707324178 0.469969078 0.528035579 -0.707324178 0.469969078 0.528035622 -0.707324156 0.469969063 0.558414741 -0.640154193 0.527613102 0.245706984 -0.85946166 0.448278633 0.306095756 -0.798855718 0.517817467 -0.0659852464 -0.899175765 0.43258397 0.00651048643 -0.869360078 0.494136286 -0.377924462 -0.818366973 0.432953345 -0.306549305 -0.816588596 0.489091596 -0.644196171 -0.636213797 0.424550701 -0.569986055 -0.661627342 0.487201351 -0.827412118 -0.374213294 0.418752431 -0.763380213 -0.425919676 0.485636778 0.784746057 -0.420952223 -0.454942691 0.784746057 -0.420952223 -0.454942691 0.784746047 -0.420952247 -0.454942685 0.583856507 -0.657994508 -0.475557364 0.315525179 -0.808853252 -0.49618573 0.0123837888 -0.858671198 -0.51237722 -0.28731412 -0.797617107 -0.530337202 -0.546626657 -0.650598234 -0.527182355 -0.745101992 -0.427265017 -0.512120715 -0.86170444 -0.149132108 -0.485000074 -0.871298288 -0.228480266 -0.434322531 -0.864604801 -0.139613986 0.482666005 0.939055174 -0.0357856163 -0.341898772 0.897109522 -0.120546942 -0.425044633 0.893004268 0.288155754 -0.345701661 0.884415477 0.203965814 -0.419770426 0.731458942 0.585539696 -0.34944396 0.755106598 0.496447444 -0.428198506 0.47120548 0.801583611 -0.368006943 0.52819498 0.720290311 -0.449657571 0.1474165 0.90580328 -0.397226375 0.228846541 0.853892343 -0.467436763 -0.167688457 0.876818312 -0.450633142 -0.0885390358 0.857858187 -0.506201709 -0.459144791 0.742241939 -0.488121875 -0.375399431 0.750734529 -0.543574221 -0.671422156 0.526643987 -0.521381241 -0.61028983 0.558037204 -0.562263997 -0.795350874 0.245651486 -0.554141079 -0.756480382 0.287211381 -0.587577276 -0.625289186 0.706628282 0.331194663 -0.668969733 0.634875985 0.386538458 -0.385527321 0.804175172 0.452405766 -0.0734911811 0.859558595 0.50572529 0.231345975 0.81450236 0.532038482 0.503248773 0.660756168 0.556903905 0.696020837 0.440061447 0.567363127 0.805069735 0.172800095 0.567452949 0.827451843 -0.120187427 0.548523864 -0.821197146 -0.0531163476 -0.568167142 -0.796955898 0.00216929701 -0.604033601 -0.744057055 -0.341495959 -0.574246993 -0.739307495 -0.274946705 -0.61467775 -0.564968674 -0.594127422 -0.572558298 -0.586830895 -0.529747862 -0.612369744 -0.320643668 -0.744349088 -0.585774764 -0.357948217 -0.698335134 -0.619839588 -0.0259900286 -0.810274472 -0.585473994 -0.0890928307 -0.772969547 -0.628156467 0.279948085 -0.761579524 -0.584487551 0.202497769 -0.751434683 -0.627965421 0.524879969 -0.604157717 -0.599578578 0.454074533 -0.620814958 -0.639065808 0.709616107 -0.367806664 -0.600968583 0.636646218 -0.41577961 -0.649468174 0.768408635 -0.622393172 0.14891242 0.811558275 -0.535143276 0.234509787 0.563105582 -0.792919091 0.232790504 0.243956288 -0.946796808 0.209907441 -0.130572408 -0.971375015 0.198447543 -0.470969942 -0.860295406 0.195138742 -0.743831407 -0.640708277 0.190283318 -0.922831237 -0.315928675 0.220389612 -0.96271714 0.0291183899 0.268938333 0.326422944 0.736875521 0.591998757 0.32642297 0.736875514 0.591998751 0.32642297 0.736875514 0.591998751 0.233493547 0.722166867 0.651118868 0.555132369 0.565512019 0.609937873 0.455642858 0.582278864 0.673305956 0.701360422 0.335946035 0.628676244 0.623873161 0.381448712 0.682113743 0.752284048 0.0688587332 0.655230636 0.698623457 0.131545191 0.70329306 0.714800374 -0.194936523 0.671610138 0.680770041 -0.111260309 0.723998132 0.588900504 -0.424447173 0.687779612 0.58252834 -0.326620151 0.744298334 -0.0262647723 0.907351397 -0.419551671 -0.0262647726 0.907351408 -0.419551646 -0.0262647741 0.907351397 -0.419551671 0.293965328 0.87202207 -0.391359036 0.58554955 0.724865112 -0.362908107 0.810608496 0.480761236 -0.334338899 0.932182418 0.167963815 -0.320661966 0.94181558 -0.162737115 -0.294108899 0.836047718 -0.478822418 -0.267868076 0.625734877 -0.741117447 -0.243312132 0.68454837 -0.705665462 -0.182838139 0.42009897 -0.489075816 0.764409381 -0.435794232 0.82556156 -0.358512898 -0.341928602 0.833973206 -0.43309759 -0.684653488 0.614521326 -0.391935124 -0.604445911 0.648895149 -0.462147407 -0.85138336 0.327761234 -0.409535039 -0.780255078 0.391385739 -0.487872132 -0.90654262 0.00407816924 -0.422094594 -0.857277829 0.0913932607 -0.506677408 -0.846197322 -0.321270312 -0.425129955 -0.834370513 -0.229211885 -0.501286105 -0.680165255 -0.58532315 -0.441329849 -0.695369286 -0.512740746 -0.50354591 -0.428849675 -0.792587793 -0.433465738 -0.470289677 -0.725940192 -0.50183509 -0.129803773 -0.89425142 -0.428328586 -0.185617272 -0.854283022 -0.485537585 0.198049563 -0.874895166 -0.441966988 0.134350518 -0.857697308 -0.496291513 -0.281821362 -0.830147517 0.481073611 -0.200109923 -0.817428816 0.540153821 -0.47681455 -0.689111979 0.545685408 -0.686016262 -0.476291345 0.550025676 -0.811587374 -0.20925732 0.545469806 -0.824192169 0.0929356458 0.558632469 -0.731389159 0.364253689 0.576532001 -0.551074399 0.583400016 0.596625031 -0.308807039 0.733651525 0.605304595 0.494437595 -0.740512193 -0.455162781 0.41671335 -0.746960487 -0.518073368 0.717637382 -0.50563691 -0.47888193 0.63655909 -0.542259513 -0.54840418 0.839965617 -0.196895279 -0.505657999 0.780051067 -0.261581752 -0.568414743 0.82591394 0.104567413 -0.554014277 0.797234575 0.038485642 -0.602441605 0.715406107 0.392493277 -0.578051148 0.709558215 0.314384553 -0.630626269 0.510206074 0.622466901 -0.593485231 0.53353873 0.550634943 -0.641979426 0.253231303 0.739572837 -0.623623224 0.293489385 0.686660283 -0.665102727 -0.0290045351 0.770253591 -0.637077815 0.0369310962 0.725700566 -0.687018764 0.141251806 0.954569216 0.262384334 0.0587390139 0.941142455 0.332867252 0.387617992 0.847963565 0.361538496 0.657309433 0.651255176 0.379224216 0.839400996 0.353529287 0.41282322 0.893831677 0.0291397454 0.447454811 0.836683787 -0.283109931 0.468837933 0.656737477 -0.564060922 0.500530881 0.405865779 -0.748021146 0.525106974 -0.798450441 -0.0760288383 0.597240746 -0.798450441 -0.0760288383 0.597240746 -0.798450441 -0.0760288309 0.597240747 -0.740480736 -0.146733113 0.655864066 -0.762841078 0.205598466 0.613027537 -0.725949609 0.108230214 0.679178464 -0.633669515 0.443310821 0.633986169 -0.633819759 0.345254451 0.692150184 -0.424107795 0.614958996 0.664799227 -0.454166875 0.527545206 0.717933496 -0.176709116 0.706489469 0.685307609 -0.237333393 0.626508629 0.742401373 0.0789394153 0.704552385 0.705247832 -0.00967859396 0.643006689 0.765799402 -0.777490538 -0.483626044 -0.402012827 -0.777490529 -0.483626038 -0.402012852 -0.777490529 -0.483626038 -0.402012852 -0.904604937 -0.183839151 -0.384568686 -0.920776895 0.143185686 -0.362860537 -0.821475687 0.45969849 -0.337424057 -0.611768171 0.721015835 -0.325385724 -0.32937862 0.89519091 -0.300238169 -0.000811607975 0.961097944 -0.276206595 0.332903369 0.908421408 -0.25287525 0.270460584 0.94361992 -0.190873044 0.200684598 0.582312346 0.787805829 -0.504355488 -0.799763215 -0.325583079 -0.555230077 -0.728654163 -0.400977147 -0.196914928 -0.915480554 -0.350884407 -0.257918109 -0.871770798 -0.416526019 0.13956525 -0.921060487 -0.363550711 0.0610235571 -0.898236399 -0.435255668 0.454226858 -0.805342321 -0.38092218 0.363752162 -0.810208769 -0.459615182 0.706730383 -0.581316187 -0.403241437 0.624755664 -0.619860766 -0.474818903 0.842362384 -0.296167204 -0.450233941 0.785928762 -0.35027384 -0.509533333 0.87735308 0.0256479724 -0.479159425 0.838975252 -0.0491211054 -0.541948008 0.799874502 0.32484678 -0.504653694 0.7926695 0.252542043 -0.554885196 0.613826661 0.580777463 -0.534709612 0.62977002 0.516083352 -0.58055809 0.877857774 0.172065706 0.446944204 0.821622089 0.247380632 0.513556195 0.841057122 -0.0585006792 0.537773733 0.754381334 -0.342532296 0.559982526 0.582502198 -0.581274544 0.568164672 0.325020611 -0.74191193 0.586453997 0.0431429049 -0.797451327 0.601838908 -0.235455859 -0.751655021 0.6160968 -0.484861343 -0.618002204 0.618856005 0.35876021 0.754527044 -0.549527117 0.400372247 0.690147524 -0.602825397 0.0638873531 0.824403861 -0.562384815 0.133663705 0.769379243 -0.624651578 -0.24245074 0.783421073 -0.572249126 -0.152003571 0.757268435 -0.635168822 -0.481742366 0.635633955 -0.60323608 -0.396595238 0.63978528 -0.658321359 -0.672303978 0.414252937 -0.613515986 -0.58287186 0.449805856 -0.676709012 -0.779286996 0.132843552 -0.61242499 -0.711227798 0.198230576 -0.674432842 -0.769628621 -0.152160467 -0.620095942 -0.733560809 -0.0797162577 -0.674932484 -0.672424241 -0.434116504 -0.599490201 -0.661619255 -0.345326402 -0.665589691 -0.879155396 -0.353310838 0.319776862 -0.826845896 -0.408674244 0.386408109 -0.918805718 -0.0848082507 0.385491391 -0.890716711 0.246050917 0.382207649 -0.729031229 0.555834252 0.399451814 -0.477567548 0.771037039 0.421225738 -0.176474271 0.885059397 0.430728098 0.163934128 0.875908596 0.453772778 0.456881119 0.750780448 0.47706222 0.473704991 -0.64428066 0.600421528 0.473705008 -0.644280684 0.60042149 0.47370501 -0.644280626 0.600421551 0.504211343 -0.563064277 0.65477442 0.210430203 -0.759641578 0.615356646 0.270296704 -0.686551166 0.674971991 -0.0646561248 -0.772815649 0.631328408 0.0112875895 -0.729750313 0.683620561 -0.325898211 -0.679524821 0.657294739 -0.241967435 -0.664241779 0.707272663 -0.535230388 -0.506890027 0.675715126 -0.437463943 -0.52089565 0.733002743 -0.661303002 -0.276777842 0.697188903 -0.560211488 -0.326647828 0.761225516 0.80560201 -0.434117201 -0.403171995 0.80560203 -0.434117182 -0.403171975 0.80560202 -0.434117206 -0.40317197 0.615476339 -0.696136249 -0.369571643 0.341797136 -0.876337797 -0.339421247 0.0161572268 -0.949406272 -0.313634621 -0.317601926 -0.897402727 -0.306263552 -0.610825135 -0.738211424 -0.286245607 -0.832479054 -0.485806583 -0.266403056 -0.954018274 -0.171078095 -0.246132926 -0.952884779 -0.243988755 -0.180222324 -0.601431169 -0.114032891 0.790744617 0.935231794 -0.0391475052 -0.35186498 0.898269334 -0.120529861 -0.422592897 0.874839336 0.280412264 -0.395000125 0.86634835 0.20341294 -0.456140014 0.709046583 0.567196051 -0.418976828 0.727092487 0.485742561 -0.485170774 0.455443553 0.775475358 -0.437274672 0.502736452 0.697701903 -0.510360769 0.143350734 0.881268729 -0.450350968 0.216658785 0.826264638 -0.519947803 -0.164236587 0.860635535 -0.482009148 -0.0851420575 0.834290725 -0.544710763 -0.45752611 0.737513863 -0.496732483 -0.361187927 0.738307321 -0.569601247 -0.678108338 0.526576791 -0.512724062 -0.593843012 0.560221246 -0.577496868 -0.80991001 0.24147886 -0.534540678 -0.745943063 0.297570283 -0.595836281 -0.594761891 0.682440324 0.424892335 -0.632847584 0.59579527 0.4945017 -0.376487885 0.772160159 0.511884325 -0.0822031421 0.84388728 0.530185724 0.215343071 0.815155879 0.537725073 0.486612701 0.670791805 0.559684226 0.6773688 0.451364565 0.580897183 0.776999922 0.185158401 0.60165396 0.785669667 -0.09781854 0.610863903 -0.840971943 -0.0668042728 -0.536938898 -0.796884577 0.0110001267 -0.60403143 -0.765926245 -0.368129699 -0.527102942 -0.749754979 -0.276705094 -0.601083823 -0.584863509 -0.637059926 -0.50208498 -0.605153793 -0.550976841 -0.574641982 -0.332426692 -0.798721144 -0.501534674 -0.373004823 -0.737247902 -0.563323117 -0.0256343114 -0.87424001 -0.484816756 -0.0944685608 -0.823893499 -0.558815885 0.296228566 -0.827004895 -0.47781957 0.211693751 -0.808174968 -0.549580728 0.552548798 -0.657635507 -0.512059924 0.475686618 -0.668141508 -0.5721094 0.741274612 -0.402941485 -0.536796153 0.663885355 -0.443670661 -0.602007126 0.728935922 -0.579658749 0.364208947 0.752080459 -0.508752339 0.418982148 0.512320875 -0.731362197 0.450151816 0.22029626 -0.859096295 0.461977395 -0.1148691 -0.872395464 0.475111824 -0.418244423 -0.770888425 0.480419233 -0.666333533 -0.577942155 0.471150175 -0.832658765 -0.287102915 0.47355179 -0.87678153 0.0250816141 0.480234382</float_array>
        <technique_common><accessor source="#vfx_kurp_1189-mesh-normals-array" count="2808" stride="3"><param name="X" type="float"/><param name="Y" type="float"/><param name="Z" type="float"/></accessor></technique_common>
      </source>
      <source id="vfx_kurp_1189-mesh-uv0">
        <float_array id="vfx_kurp_1189-mesh-uv0-array" count="5616">0.49999994 0.279999971 0.49999994 0.24000001 -6.29444017e-08 0.279999971 -6.64413093e-08 0.24000001 0.49999994 0.199999988 -6.99382241e-08 0.200000048 0.49999994 0.159999967 -7.34351318e-08 0.159999967 0.499999911 0.120000005 -7.69320394e-08 0.120000005 0.499999911 0.0799999833 -8.04289542e-08 0.0800000429 0.499999911 0.0400000215 -8.39258618e-08 0.0400000215 0.99999994 0.279999912 0.49999994 0.319999933 0.99999994 0.319999933 0.99999994 0.23999995 0.99999994 0.199999928 0.99999994 0.159999907 0.99999994 0.119999945 0.99999994 0.0799999237 0.99999994 0.0399999619 0.99999994 0 0.499999911 0 -8.74227766e-08 0 0.49999994 0.360000014 0.99999994 0.359999955 0.49999994 0.399999976 0.99999994 0.399999917 0.49999994 0.439999938 0.99999994 0.439999938 0.49999994 0.480000019 0.99999994 0.479999959 0.49999997 0.519999981 0.99999994 0.519999921 0.49999997 0.560000002 0.99999994 0.559999943 0.49999997 0.599999964 0.99999994 0.599999905 0.49999997 0.639999986 0.99999994 0.639999926 0.49999997 0.680000007 1 0.679999948 -3.14722008e-08 0.639999986 -3.49691121e-08 0.599999964 -3.84660197e-08 0.560000002 -4.19629345e-08 0.519999981 -4.54598421e-08 0.480000019 -4.89567569e-08 0.440000057 -5.24536681e-08 0.399999976 -5.59505757e-08 0.360000014 -5.94474869e-08 0.320000052 0.49999997 0.719999969 1 0.719999909 0.49999997 0.75999999 1 0.759999931 0.49999997 0.799999952 1 0.799999893 0.5 0.839999974 1 0.839999914 0.5 0.879999995 1 0.879999936 0.5 0.919999957 1 0.919999897 0.5 0.959999979 1 0.959999919 0.5 1 1 0.99999994 0 1 -3.49691298e-09 0.959999979 -6.99382596e-09 0.919999957 -1.04907336e-08 0.879999995 -1.39876466e-08 0.839999974 -1.74845596e-08 0.799999952 -2.09814672e-08 0.75999999 -2.44783802e-08 0.719999969 -2.79752879e-08 0.680000007 0.49999994 0.279999971 0.49999994 0.24000001 -6.29444017e-08 0.279999971 -6.64413093e-08 0.24000001 0.49999994 0.199999988 -6.99382241e-08 0.200000048 0.49999994 0.159999967 -7.34351318e-08 0.159999967 0.499999911 0.120000005 -7.69320394e-08 0.120000005 0.499999911 0.0799999833 -8.04289542e-08 0.0800000429 0.499999911 0.0400000215 -8.39258618e-08 0.0400000215 0.99999994 0.279999912 0.49999994 0.319999933 0.99999994 0.319999933 0.99999994 0.23999995 0.99999994 0.199999928 0.99999994 0.159999907 0.99999994 0.119999945 0.99999994 0.0799999237 0.99999994 0.0399999619 0.99999994 0 0.499999911 0 -8.74227766e-08 0 0.49999994 0.360000014 0.99999994 0.359999955 0.49999994 0.399999976 0.99999994 0.399999917 0.49999994 0.439999938 0.99999994 0.439999938 0.49999994 0.480000019 0.99999994 0.479999959 0.49999997 0.519999981 0.99999994 0.519999921 0.49999997 0.560000002 0.99999994 0.559999943 0.49999997 0.599999964 0.99999994 0.599999905 0.49999997 0.639999986 0.99999994 0.639999926 0.49999997 0.680000007 1 0.679999948 -3.14722008e-08 0.639999986 -3.49691121e-08 0.599999964 -3.84660197e-08 0.560000002 -4.19629345e-08 0.519999981 -4.54598421e-08 0.480000019 -4.89567569e-08 0.440000057 -5.24536681e-08 0.399999976 -5.59505757e-08 0.360000014 -5.94474869e-08 0.320000052 0.49999997 0.719999969 1 0.719999909 0.49999997 0.75999999 1 0.759999931 0.49999997 0.799999952 1 0.799999893 0.5 0.839999974 1 0.839999914 0.5 0.879999995 1 0.879999936 0.5 0.919999957 1 0.919999897 0.5 0.959999979 1 0.959999919 0.5 1 1 0.99999994 0 1 -3.49691298e-09 0.959999979 -6.99382596e-09 0.919999957 -1.04907336e-08 0.879999995 -1.39876466e-08 0.839999974 -1.74845596e-08 0.799999952 -2.09814672e-08 0.75999999 -2.44783802e-08 0.719999969 -2.79752879e-08 0.680000007 0.49999994 0.279999971 0.49999994 0.24000001 -6.29444017e-08 0.279999971 -6.64413093e-08 0.24000001 0.49999994 0.199999988 -6.99382241e-08 0.200000048 0.49999994 0.159999967 -7.34351318e-08 0.159999967 0.499999911 0.120000005 -7.69320394e-08 0.120000005 0.499999911 0.0799999833 -8.04289542e-08 0.0800000429 0.499999911 0.0400000215 -8.39258618e-08 0.0400000215 0.99999994 0.279999912 0.49999994 0.319999933 0.99999994 0.319999933 0.99999994 0.23999995 0.99999994 0.199999928 0.99999994 0.159999907 0.99999994 0.119999945 0.99999994 0.0799999237 0.99999994 0.0399999619 0.99999994 0 0.499999911 0 -8.74227766e-08 0 0.49999994 0.360000014 0.99999994 0.359999955 0.49999994 0.399999976 0.99999994 0.399999917 0.49999994 0.439999938 0.99999994 0.439999938 0.49999994 0.480000019 0.99999994 0.479999959 0.49999997 0.519999981 0.99999994 0.519999921 0.49999997 0.560000002 0.99999994 0.559999943 0.49999997 0.599999964 0.99999994 0.599999905 0.49999997 0.639999986 0.99999994 0.639999926 0.49999997 0.680000007 1 0.679999948 -3.14722008e-08 0.639999986 -3.49691121e-08 0.599999964 -3.84660197e-08 0.560000002 -4.19629345e-08 0.519999981 -4.54598421e-08 0.480000019 -4.89567569e-08 0.440000057 -5.24536681e-08 0.399999976 -5.59505757e-08 0.360000014 -5.94474869e-08 0.320000052 0.49999997 0.719999969 1 0.719999909 0.49999997 0.75999999 1 0.759999931 0.49999997 0.799999952 1 0.799999893 0.5 0.839999974 1 0.839999914 0.5 0.879999995 1 0.879999936 0.5 0.919999957 1 0.919999897 0.5 0.959999979 1 0.959999919 0.5 1 1 0.99999994 0 1 -3.49691298e-09 0.959999979 -6.99382596e-09 0.919999957 -1.04907336e-08 0.879999995 -1.39876466e-08 0.839999974 -1.74845596e-08 0.799999952 -2.09814672e-08 0.75999999 -2.44783802e-08 0.719999969 -2.79752879e-08 0.680000007 0.49999994 0.279999971 0.49999994 0.24000001 -6.29444017e-08 0.279999971 -6.64413093e-08 0.24000001 0.49999994 0.199999988 -6.99382241e-08 0.200000048 0.49999994 0.159999967 -7.34351318e-08 0.159999967 0.499999911 0.120000005 -7.69320394e-08 0.120000005 0.499999911 0.0799999833 -8.04289542e-08 0.0800000429 0.499999911 0.0400000215 -8.39258618e-08 0.0400000215 0.99999994 0.279999912 0.49999994 0.319999933 0.99999994 0.319999933 0.99999994 0.23999995 0.99999994 0.199999928 0.99999994 0.159999907 0.99999994 0.119999945 0.99999994 0.0799999237 0.99999994 0.0399999619 0.99999994 0 0.499999911 0 -8.74227766e-08 0 0.49999994 0.360000014 0.99999994 0.359999955 0.49999994 0.399999976 0.99999994 0.399999917 0.49999994 0.439999938 0.99999994 0.439999938 0.49999994 0.480000019 0.99999994 0.479999959 0.49999997 0.519999981 0.99999994 0.519999921 0.49999997 0.560000002 0.99999994 0.559999943 0.49999997 0.599999964 0.99999994 0.599999905 0.49999997 0.639999986 0.99999994 0.639999926 0.49999997 0.680000007 1 0.679999948 -3.14722008e-08 0.639999986 -3.49691121e-08 0.599999964 -3.84660197e-08 0.560000002 -4.19629345e-08 0.519999981 -4.54598421e-08 0.480000019 -4.89567569e-08 0.440000057 -5.24536681e-08 0.399999976 -5.59505757e-08 0.360000014 -5.94474869e-08 0.320000052 0.49999997 0.719999969 1 0.719999909 0.49999997 0.75999999 1 0.759999931 0.49999997 0.799999952 1 0.799999893 0.5 0.839999974 1 0.839999914 0.5 0.879999995 1 0.879999936 0.5 0.919999957 1 0.919999897 0.5 0.959999979 1 0.959999919 0.5 1 1 0.99999994 0 1 -3.49691298e-09 0.959999979 -6.99382596e-09 0.919999957 -1.04907336e-08 0.879999995 -1.39876466e-08 0.839999974 -1.74845596e-08 0.799999952 -2.09814672e-08 0.75999999 -2.44783802e-08 0.719999969 -2.79752879e-08 0.680000007 0.49999994 0.279999971 0.49999994 0.24000001 -6.29444017e-08 0.279999971 -6.64413093e-08 0.24000001 0.49999994 0.199999988 -6.99382241e-08 0.200000048 0.49999994 0.159999967 -7.34351318e-08 0.159999967 0.499999911 0.120000005 -7.69320394e-08 0.120000005 0.499999911 0.0799999833 -8.04289542e-08 0.0800000429 0.499999911 0.0400000215 -8.39258618e-08 0.0400000215 0.99999994 0.279999912 0.49999994 0.319999933 0.99999994 0.319999933 0.99999994 0.23999995 0.99999994 0.199999928 0.99999994 0.159999907 0.99999994 0.119999945 0.99999994 0.0799999237 0.99999994 0.0399999619 0.99999994 0 0.499999911 0 -8.74227766e-08 0 0.49999994 0.360000014 0.99999994 0.359999955 0.49999994 0.399999976 0.99999994 0.399999917 0.49999994 0.439999938 0.99999994 0.439999938 0.49999994 0.480000019 0.99999994 0.479999959 0.49999997 0.519999981 0.99999994 0.519999921 0.49999997 0.560000002 0.99999994 0.559999943 0.49999997 0.599999964 0.99999994 0.599999905 0.49999997 0.639999986 0.99999994 0.639999926 0.49999997 0.680000007 1 0.679999948 -3.14722008e-08 0.639999986 -3.49691121e-08 0.599999964 -3.84660197e-08 0.560000002 -4.19629345e-08 0.519999981 -4.54598421e-08 0.480000019 -4.89567569e-08 0.440000057 -5.24536681e-08 0.399999976 -5.59505757e-08 0.360000014 -5.94474869e-08 0.320000052 0.49999997 0.719999969 1 0.719999909 0.49999997 0.75999999 1 0.759999931 0.49999997 0.799999952 1 0.799999893 0.5 0.839999974 1 0.839999914 0.5 0.879999995 1 0.879999936 0.5 0.919999957 1 0.919999897 0.5 0.959999979 1 0.959999919 0.5 1 1 0.99999994 0 1 -3.49691298e-09 0.959999979 -6.99382596e-09 0.919999957 -1.04907336e-08 0.879999995 -1.39876466e-08 0.839999974 -1.74845596e-08 0.799999952 -2.09814672e-08 0.75999999 -2.44783802e-08 0.719999969 -2.79752879e-08 0.680000007 0.49999994 0.279999971 0.49999994 0.24000001 -6.29444017e-08 0.279999971 -6.64413093e-08 0.24000001 0.49999994 0.199999988 -6.99382241e-08 0.200000048 0.49999994 0.159999967 -7.34351318e-08 0.159999967 0.499999911 0.120000005 -7.69320394e-08 0.120000005 0.499999911 0.0799999833 -8.04289542e-08 0.0800000429 0.499999911 0.0400000215 -8.39258618e-08 0.0400000215 0.99999994 0.279999912 0.49999994 0.319999933 0.99999994 0.319999933 0.99999994 0.23999995 0.99999994 0.199999928 0.99999994 0.159999907 0.99999994 0.119999945 0.99999994 0.0799999237 0.99999994 0.0399999619 0.99999994 0 0.499999911 0 -8.74227766e-08 0 0.49999994 0.360000014 0.99999994 0.359999955 0.49999994 0.399999976 0.99999994 0.399999917 0.49999994 0.439999938 0.99999994 0.439999938 0.49999994 0.480000019 0.99999994 0.479999959 0.49999997 0.519999981 0.99999994 0.519999921 0.49999997 0.560000002 0.99999994 0.559999943 0.49999997 0.599999964 0.99999994 0.599999905 0.49999997 0.639999986 0.99999994 0.639999926 0.49999997 0.680000007 1 0.679999948 -3.14722008e-08 0.639999986 -3.49691121e-08 0.599999964 -3.84660197e-08 0.560000002 -4.19629345e-08 0.519999981 -4.54598421e-08 0.480000019 -4.89567569e-08 0.440000057 -5.24536681e-08 0.399999976 -5.59505757e-08 0.360000014 -5.94474869e-08 0.320000052 0.49999997 0.719999969 1 0.719999909 0.49999997 0.75999999 1 0.759999931 0.49999997 0.799999952 1 0.799999893 0.5 0.839999974 1 0.839999914 0.5 0.879999995 1 0.879999936 0.5 0.919999957 1 0.919999897 0.5 0.959999979 1 0.959999919 0.5 1 1 0.99999994 0 1 -3.49691298e-09 0.959999979 -6.99382596e-09 0.919999957 -1.04907336e-08 0.879999995 -1.39876466e-08 0.839999974 -1.74845596e-08 0.799999952 -2.09814672e-08 0.75999999 -2.44783802e-08 0.719999969 -2.79752879e-08 0.680000007 0.49999994 0.279999971 0.49999994 0.24000001 -6.29444017e-08 0.279999971 -6.64413093e-08 0.24000001 0.49999994 0.199999988 -6.99382241e-08 0.200000048 0.49999994 0.159999967 -7.34351318e-08 0.159999967 0.499999911 0.120000005 -7.69320394e-08 0.120000005 0.499999911 0.0799999833 -8.04289542e-08 0.0800000429 0.499999911 0.0400000215 -8.39258618e-08 0.0400000215 0.99999994 0.279999912 0.49999994 0.319999933 0.99999994 0.319999933 0.99999994 0.23999995 0.99999994 0.199999928 0.99999994 0.159999907 0.99999994 0.119999945 0.99999994 0.0799999237 0.99999994 0.0399999619 0.99999994 0 0.499999911 0 -8.74227766e-08 0 0.49999994 0.360000014 0.99999994 0.359999955 0.49999994 0.399999976 0.99999994 0.399999917 0.49999994 0.439999938 0.99999994 0.439999938 0.49999994 0.480000019 0.99999994 0.479999959 0.49999997 0.519999981 0.99999994 0.519999921 0.49999997 0.560000002 0.99999994 0.559999943 0.49999997 0.599999964 0.99999994 0.599999905 0.49999997 0.639999986 0.99999994 0.639999926 0.49999997 0.680000007 1 0.679999948 -3.14722008e-08 0.639999986 -3.49691121e-08 0.599999964 -3.84660197e-08 0.560000002 -4.19629345e-08 0.519999981 -4.54598421e-08 0.480000019 -4.89567569e-08 0.440000057 -5.24536681e-08 0.399999976 -5.59505757e-08 0.360000014 -5.94474869e-08 0.320000052 0.49999997 0.719999969 1 0.719999909 0.49999997 0.75999999 1 0.759999931 0.49999997 0.799999952 1 0.799999893 0.5 0.839999974 1 0.839999914 0.5 0.879999995 1 0.879999936 0.5 0.919999957 1 0.919999897 0.5 0.959999979 1 0.959999919 0.5 1 1 0.99999994 0 1 -3.49691298e-09 0.959999979 -6.99382596e-09 0.919999957 -1.04907336e-08 0.879999995 -1.39876466e-08 0.839999974 -1.74845596e-08 0.799999952 -2.09814672e-08 0.75999999 -2.44783802e-08 0.719999969 -2.79752879e-08 0.680000007 0.49999994 0.279999971 0.49999994 0.24000001 -6.29444017e-08 0.279999971 -6.64413093e-08 0.24000001 0.49999994 0.199999988 -6.99382241e-08 0.200000048 0.49999994 0.159999967 -7.34351318e-08 0.159999967 0.499999911 0.120000005 -7.69320394e-08 0.120000005 0.499999911 0.0799999833 -8.04289542e-08 0.0800000429 0.499999911 0.0400000215 -8.39258618e-08 0.0400000215 0.99999994 0.279999912 0.49999994 0.319999933 0.99999994 0.319999933 0.99999994 0.23999995 0.99999994 0.199999928 0.99999994 0.159999907 0.99999994 0.119999945 0.99999994 0.0799999237 0.99999994 0.0399999619 0.99999994 0 0.499999911 0 -8.74227766e-08 0 0.49999994 0.360000014 0.99999994 0.359999955 0.49999994 0.399999976 0.99999994 0.399999917 0.49999994 0.439999938 0.99999994 0.439999938 0.49999994 0.480000019 0.99999994 0.479999959 0.49999997 0.519999981 0.99999994 0.519999921 0.49999997 0.560000002 0.99999994 0.559999943 0.49999997 0.599999964 0.99999994 0.599999905 0.49999997 0.639999986 0.99999994 0.639999926 0.49999997 0.680000007 1 0.679999948 -3.14722008e-08 0.639999986 -3.49691121e-08 0.599999964 -3.84660197e-08 0.560000002 -4.19629345e-08 0.519999981 -4.54598421e-08 0.480000019 -4.89567569e-08 0.440000057 -5.24536681e-08 0.399999976 -5.59505757e-08 0.360000014 -5.94474869e-08 0.320000052 0.49999997 0.719999969 1 0.719999909 0.49999997 0.75999999 1 0.759999931 0.49999997 0.799999952 1 0.799999893 0.5 0.839999974 1 0.839999914 0.5 0.879999995 1 0.879999936 0.5 0.919999957 1 0.919999897 0.5 0.959999979 1 0.959999919 0.5 1 1 0.99999994 0 1 -3.49691298e-09 0.959999979 -6.99382596e-09 0.919999957 -1.04907336e-08 0.879999995 -1.39876466e-08 0.839999974 -1.74845596e-08 0.799999952 -2.09814672e-08 0.75999999 -2.44783802e-08 0.719999969 -2.79752879e-08 0.680000007 0.49999994 0.279999971 0.49999994 0.24000001 -6.29444017e-08 0.279999971 -6.64413093e-08 0.24000001 0.49999994 0.199999988 -6.99382241e-08 0.200000048 0.49999994 0.159999967 -7.34351318e-08 0.159999967 0.499999911 0.120000005 -7.69320394e-08 0.120000005 0.499999911 0.0799999833 -8.04289542e-08 0.0800000429 0.499999911 0.0400000215 -8.39258618e-08 0.0400000215 0.99999994 0.279999912 0.49999994 0.319999933 0.99999994 0.319999933 0.99999994 0.23999995 0.99999994 0.199999928 0.99999994 0.159999907 0.99999994 0.119999945 0.99999994 0.0799999237 0.99999994 0.0399999619 0.99999994 0 0.499999911 0 -8.74227766e-08 0 0.49999994 0.360000014 0.99999994 0.359999955 0.49999994 0.399999976 0.99999994 0.399999917 0.49999994 0.439999938 0.99999994 0.439999938 0.49999994 0.480000019 0.99999994 0.479999959 0.49999997 0.519999981 0.99999994 0.519999921 0.49999997 0.560000002 0.99999994 0.559999943 0.49999997 0.599999964 0.99999994 0.599999905 0.49999997 0.639999986 0.99999994 0.639999926 0.49999997 0.680000007 1 0.679999948 -3.14722008e-08 0.639999986 -3.49691121e-08 0.599999964 -3.84660197e-08 0.560000002 -4.19629345e-08 0.519999981 -4.54598421e-08 0.480000019 -4.89567569e-08 0.440000057 -5.24536681e-08 0.399999976 -5.59505757e-08 0.360000014 -5.94474869e-08 0.320000052 0.49999997 0.719999969 1 0.719999909 0.49999997 0.75999999 1 0.759999931 0.49999997 0.799999952 1 0.799999893 0.5 0.839999974 1 0.839999914 0.5 0.879999995 1 0.879999936 0.5 0.919999957 1 0.919999897 0.5 0.959999979 1 0.959999919 0.5 1 1 0.99999994 0 1 -3.49691298e-09 0.959999979 -6.99382596e-09 0.919999957 -1.04907336e-08 0.879999995 -1.39876466e-08 0.839999974 -1.74845596e-08 0.799999952 -2.09814672e-08 0.75999999 -2.44783802e-08 0.719999969 -2.79752879e-08 0.680000007 0.49999994 0.279999971 0.49999994 0.24000001 -6.29444017e-08 0.279999971 -6.64413093e-08 0.24000001 0.49999994 0.199999988 -6.99382241e-08 0.200000048 0.49999994 0.159999967 -7.34351318e-08 0.159999967 0.499999911 0.120000005 -7.69320394e-08 0.120000005 0.499999911 0.0799999833 -8.04289542e-08 0.0800000429 0.499999911 0.0400000215 -8.39258618e-08 0.0400000215 0.99999994 0.279999912 0.49999994 0.319999933 0.99999994 0.319999933 0.99999994 0.23999995 0.99999994 0.199999928 0.99999994 0.159999907 0.99999994 0.119999945 0.99999994 0.0799999237 0.99999994 0.0399999619 0.99999994 0 0.499999911 0 -8.74227766e-08 0 0.49999994 0.360000014 0.99999994 0.359999955 0.49999994 0.399999976 0.99999994 0.399999917 0.49999994 0.439999938 0.99999994 0.439999938 0.49999994 0.480000019 0.99999994 0.479999959 0.49999997 0.519999981 0.99999994 0.519999921 0.49999997 0.560000002 0.99999994 0.559999943 0.49999997 0.599999964 0.99999994 0.599999905 0.49999997 0.639999986 0.99999994 0.639999926 0.49999997 0.680000007 1 0.679999948 -3.14722008e-08 0.639999986 -3.49691121e-08 0.599999964 -3.84660197e-08 0.560000002 -4.19629345e-08 0.519999981 -4.54598421e-08 0.480000019 -4.89567569e-08 0.440000057 -5.24536681e-08 0.399999976 -5.59505757e-08 0.360000014 -5.94474869e-08 0.320000052 0.49999997 0.719999969 1 0.719999909 0.49999997 0.75999999 1 0.759999931 0.49999997 0.799999952 1 0.799999893 0.5 0.839999974 1 0.839999914 0.5 0.879999995 1 0.879999936 0.5 0.919999957 1 0.919999897 0.5 0.959999979 1 0.959999919 0.5 1 1 0.99999994 0 1 -3.49691298e-09 0.959999979 -6.99382596e-09 0.919999957 -1.04907336e-08 0.879999995 -1.39876466e-08 0.839999974 -1.74845596e-08 0.799999952 -2.09814672e-08 0.75999999 -2.44783802e-08 0.719999969 -2.79752879e-08 0.680000007 0.49999994 0.279999971 0.49999994 0.24000001 -6.29444017e-08 0.279999971 -6.64413093e-08 0.24000001 0.49999994 0.199999988 -6.99382241e-08 0.200000048 0.49999994 0.159999967 -7.34351318e-08 0.159999967 0.499999911 0.120000005 -7.69320394e-08 0.120000005 0.499999911 0.0799999833 -8.04289542e-08 0.0800000429 0.499999911 0.0400000215 -8.39258618e-08 0.0400000215 0.99999994 0.279999912 0.49999994 0.319999933 0.99999994 0.319999933 0.99999994 0.23999995 0.99999994 0.199999928 0.99999994 0.159999907 0.99999994 0.119999945 0.99999994 0.0799999237 0.99999994 0.0399999619 0.99999994 0 0.499999911 0 -8.74227766e-08 0 0.49999994 0.360000014 0.99999994 0.359999955 0.49999994 0.399999976 0.99999994 0.399999917 0.49999994 0.439999938 0.99999994 0.439999938 0.49999994 0.480000019 0.99999994 0.479999959 0.49999997 0.519999981 0.99999994 0.519999921 0.49999997 0.560000002 0.99999994 0.559999943 0.49999997 0.599999964 0.99999994 0.599999905 0.49999997 0.639999986 0.99999994 0.639999926 0.49999997 0.680000007 1 0.679999948 -3.14722008e-08 0.639999986 -3.49691121e-08 0.599999964 -3.84660197e-08 0.560000002 -4.19629345e-08 0.519999981 -4.54598421e-08 0.480000019 -4.89567569e-08 0.440000057 -5.24536681e-08 0.399999976 -5.59505757e-08 0.360000014 -5.94474869e-08 0.320000052 0.49999997 0.719999969 1 0.719999909 0.49999997 0.75999999 1 0.759999931 0.49999997 0.799999952 1 0.799999893 0.5 0.839999974 1 0.839999914 0.5 0.879999995 1 0.879999936 0.5 0.919999957 1 0.919999897 0.5 0.959999979 1 0.959999919 0.5 1 1 0.99999994 0 1 -3.49691298e-09 0.959999979 -6.99382596e-09 0.919999957 -1.04907336e-08 0.879999995 -1.39876466e-08 0.839999974 -1.74845596e-08 0.799999952 -2.09814672e-08 0.75999999 -2.44783802e-08 0.719999969 -2.79752879e-08 0.680000007 0.49999994 0.279999971 0.49999994 0.24000001 -6.29444017e-08 0.279999971 -6.64413093e-08 0.24000001 0.49999994 0.199999988 -6.99382241e-08 0.200000048 0.49999994 0.159999967 -7.34351318e-08 0.159999967 0.499999911 0.120000005 -7.69320394e-08 0.120000005 0.499999911 0.0799999833 -8.04289542e-08 0.0800000429 0.499999911 0.0400000215 -8.39258618e-08 0.0400000215 0.99999994 0.279999912 0.49999994 0.319999933 0.99999994 0.319999933 0.99999994 0.23999995 0.99999994 0.199999928 0.99999994 0.159999907 0.99999994 0.119999945 0.99999994 0.0799999237 0.99999994 0.0399999619 0.99999994 0 0.499999911 0 -8.74227766e-08 0 0.49999994 0.360000014 0.99999994 0.359999955 0.49999994 0.399999976 0.99999994 0.399999917 0.49999994 0.439999938 0.99999994 0.439999938 0.49999994 0.480000019 0.99999994 0.479999959 0.49999997 0.519999981 0.99999994 0.519999921 0.49999997 0.560000002 0.99999994 0.559999943 0.49999997 0.599999964 0.99999994 0.599999905 0.49999997 0.639999986 0.99999994 0.639999926 0.49999997 0.680000007 1 0.679999948 -3.14722008e-08 0.639999986 -3.49691121e-08 0.599999964 -3.84660197e-08 0.560000002 -4.19629345e-08 0.519999981 -4.54598421e-08 0.480000019 -4.89567569e-08 0.440000057 -5.24536681e-08 0.399999976 -5.59505757e-08 0.360000014 -5.94474869e-08 0.320000052 0.49999997 0.719999969 1 0.719999909 0.49999997 0.75999999 1 0.759999931 0.49999997 0.799999952 1 0.799999893 0.5 0.839999974 1 0.839999914 0.5 0.879999995 1 0.879999936 0.5 0.919999957 1 0.919999897 0.5 0.959999979 1 0.959999919 0.5 1 1 0.99999994 0 1 -3.49691298e-09 0.959999979 -6.99382596e-09 0.919999957 -1.04907336e-08 0.879999995 -1.39876466e-08 0.839999974 -1.74845596e-08 0.799999952 -2.09814672e-08 0.75999999 -2.44783802e-08 0.719999969 -2.79752879e-08 0.680000007 0.49999994 0.279999971 0.49999994 0.24000001 -6.29444017e-08 0.279999971 -6.64413093e-08 0.24000001 0.49999994 0.199999988 -6.99382241e-08 0.200000048 0.49999994 0.159999967 -7.34351318e-08 0.159999967 0.499999911 0.120000005 -7.69320394e-08 0.120000005 0.499999911 0.0799999833 -8.04289542e-08 0.0800000429 0.499999911 0.0400000215 -8.39258618e-08 0.0400000215 0.99999994 0.279999912 0.49999994 0.319999933 0.99999994 0.319999933 0.99999994 0.23999995 0.99999994 0.199999928 0.99999994 0.159999907 0.99999994 0.119999945 0.99999994 0.0799999237 0.99999994 0.0399999619 0.99999994 0 0.499999911 0 -8.74227766e-08 0 0.49999994 0.360000014 0.99999994 0.359999955 0.49999994 0.399999976 0.99999994 0.399999917 0.49999994 0.439999938 0.99999994 0.439999938 0.49999994 0.480000019 0.99999994 0.479999959 0.49999997 0.519999981 0.99999994 0.519999921 0.49999997 0.560000002 0.99999994 0.559999943 0.49999997 0.599999964 0.99999994 0.599999905 0.49999997 0.639999986 0.99999994 0.639999926 0.49999997 0.680000007 1 0.679999948 -3.14722008e-08 0.639999986 -3.49691121e-08 0.599999964 -3.84660197e-08 0.560000002 -4.19629345e-08 0.519999981 -4.54598421e-08 0.480000019 -4.89567569e-08 0.440000057 -5.24536681e-08 0.399999976 -5.59505757e-08 0.360000014 -5.94474869e-08 0.320000052 0.49999997 0.719999969 1 0.719999909 0.49999997 0.75999999 1 0.759999931 0.49999997 0.799999952 1 0.799999893 0.5 0.839999974 1 0.839999914 0.5 0.879999995 1 0.879999936 0.5 0.919999957 1 0.919999897 0.5 0.959999979 1 0.959999919 0.5 1 1 0.99999994 0 1 -3.49691298e-09 0.959999979 -6.99382596e-09 0.919999957 -1.04907336e-08 0.879999995 -1.39876466e-08 0.839999974 -1.74845596e-08 0.799999952 -2.09814672e-08 0.75999999 -2.44783802e-08 0.719999969 -2.79752879e-08 0.680000007 0.49999994 0.279999971 0.49999994 0.24000001 -6.29444017e-08 0.279999971 -6.64413093e-08 0.24000001 0.49999994 0.199999988 -6.99382241e-08 0.200000048 0.49999994 0.159999967 -7.34351318e-08 0.159999967 0.499999911 0.120000005 -7.69320394e-08 0.120000005 0.499999911 0.0799999833 -8.04289542e-08 0.0800000429 0.499999911 0.0400000215 -8.39258618e-08 0.0400000215 0.99999994 0.279999912 0.49999994 0.319999933 0.99999994 0.319999933 0.99999994 0.23999995 0.99999994 0.199999928 0.99999994 0.159999907 0.99999994 0.119999945 0.99999994 0.0799999237 0.99999994 0.0399999619 0.99999994 0 0.499999911 0 -8.74227766e-08 0 0.49999994 0.360000014 0.99999994 0.359999955 0.49999994 0.399999976 0.99999994 0.399999917 0.49999994 0.439999938 0.99999994 0.439999938 0.49999994 0.480000019 0.99999994 0.479999959 0.49999997 0.519999981 0.99999994 0.519999921 0.49999997 0.560000002 0.99999994 0.559999943 0.49999997 0.599999964 0.99999994 0.599999905 0.49999997 0.639999986 0.99999994 0.639999926 0.49999997 0.680000007 1 0.679999948 -3.14722008e-08 0.639999986 -3.49691121e-08 0.599999964 -3.84660197e-08 0.560000002 -4.19629345e-08 0.519999981 -4.54598421e-08 0.480000019 -4.89567569e-08 0.440000057 -5.24536681e-08 0.399999976 -5.59505757e-08 0.360000014 -5.94474869e-08 0.320000052 0.49999997 0.719999969 1 0.719999909 0.49999997 0.75999999 1 0.759999931 0.49999997 0.799999952 1 0.799999893 0.5 0.839999974 1 0.839999914 0.5 0.879999995 1 0.879999936 0.5 0.919999957 1 0.919999897 0.5 0.959999979 1 0.959999919 0.5 1 1 0.99999994 0 1 -3.49691298e-09 0.959999979 -6.99382596e-09 0.919999957 -1.04907336e-08 0.879999995 -1.39876466e-08 0.839999974 -1.74845596e-08 0.799999952 -2.09814672e-08 0.75999999 -2.44783802e-08 0.719999969 -2.79752879e-08 0.680000007 0.49999994 0.279999971 0.49999994 0.24000001 -6.29444017e-08 0.279999971 -6.64413093e-08 0.24000001 0.49999994 0.199999988 -6.99382241e-08 0.200000048 0.49999994 0.159999967 -7.34351318e-08 0.159999967 0.499999911 0.120000005 -7.69320394e-08 0.120000005 0.499999911 0.0799999833 -8.04289542e-08 0.0800000429 0.499999911 0.0400000215 -8.39258618e-08 0.0400000215 0.99999994 0.279999912 0.49999994 0.319999933 0.99999994 0.319999933 0.99999994 0.23999995 0.99999994 0.199999928 0.99999994 0.159999907 0.99999994 0.119999945 0.99999994 0.0799999237 0.99999994 0.0399999619 0.99999994 0 0.499999911 0 -8.74227766e-08 0 0.49999994 0.360000014 0.99999994 0.359999955 0.49999994 0.399999976 0.99999994 0.399999917 0.49999994 0.439999938 0.99999994 0.439999938 0.49999994 0.480000019 0.99999994 0.479999959 0.49999997 0.519999981 0.99999994 0.519999921 0.49999997 0.560000002 0.99999994 0.559999943 0.49999997 0.599999964 0.99999994 0.599999905 0.49999997 0.639999986 0.99999994 0.639999926 0.49999997 0.680000007 1 0.679999948 -3.14722008e-08 0.639999986 -3.49691121e-08 0.599999964 -3.84660197e-08 0.560000002 -4.19629345e-08 0.519999981 -4.54598421e-08 0.480000019 -4.89567569e-08 0.440000057 -5.24536681e-08 0.399999976 -5.59505757e-08 0.360000014 -5.94474869e-08 0.320000052 0.49999997 0.719999969 1 0.719999909 0.49999997 0.75999999 1 0.759999931 0.49999997 0.799999952 1 0.799999893 0.5 0.839999974 1 0.839999914 0.5 0.879999995 1 0.879999936 0.5 0.919999957 1 0.919999897 0.5 0.959999979 1 0.959999919 0.5 1 1 0.99999994 0 1 -3.49691298e-09 0.959999979 -6.99382596e-09 0.919999957 -1.04907336e-08 0.879999995 -1.39876466e-08 0.839999974 -1.74845596e-08 0.799999952 -2.09814672e-08 0.75999999 -2.44783802e-08 0.719999969 -2.79752879e-08 0.680000007 0.49999994 0.279999971 0.49999994 0.24000001 -6.29444017e-08 0.279999971 -6.64413093e-08 0.24000001 0.49999994 0.199999988 -6.99382241e-08 0.200000048 0.49999994 0.159999967 -7.34351318e-08 0.159999967 0.499999911 0.120000005 -7.69320394e-08 0.120000005 0.499999911 0.0799999833 -8.04289542e-08 0.0800000429 0.499999911 0.0400000215 -8.39258618e-08 0.0400000215 0.99999994 0.279999912 0.49999994 0.319999933 0.99999994 0.319999933 0.99999994 0.23999995 0.99999994 0.199999928 0.99999994 0.159999907 0.99999994 0.119999945 0.99999994 0.0799999237 0.99999994 0.0399999619 0.99999994 0 0.499999911 0 -8.74227766e-08 0 0.49999994 0.360000014 0.99999994 0.359999955 0.49999994 0.399999976 0.99999994 0.399999917 0.49999994 0.439999938 0.99999994 0.439999938 0.49999994 0.480000019 0.99999994 0.479999959 0.49999997 0.519999981 0.99999994 0.519999921 0.49999997 0.560000002 0.99999994 0.559999943 0.49999997 0.599999964 0.99999994 0.599999905 0.49999997 0.639999986 0.99999994 0.639999926 0.49999997 0.680000007 1 0.679999948 -3.14722008e-08 0.639999986 -3.49691121e-08 0.599999964 -3.84660197e-08 0.560000002 -4.19629345e-08 0.519999981 -4.54598421e-08 0.480000019 -4.89567569e-08 0.440000057 -5.24536681e-08 0.399999976 -5.59505757e-08 0.360000014 -5.94474869e-08 0.320000052 0.49999997 0.719999969 1 0.719999909 0.49999997 0.75999999 1 0.759999931 0.49999997 0.799999952 1 0.799999893 0.5 0.839999974 1 0.839999914 0.5 0.879999995 1 0.879999936 0.5 0.919999957 1 0.919999897 0.5 0.959999979 1 0.959999919 0.5 1 1 0.99999994 0 1 -3.49691298e-09 0.959999979 -6.99382596e-09 0.919999957 -1.04907336e-08 0.879999995 -1.39876466e-08 0.839999974 -1.74845596e-08 0.799999952 -2.09814672e-08 0.75999999 -2.44783802e-08 0.719999969 -2.79752879e-08 0.680000007 0.49999994 0.279999971 0.49999994 0.24000001 -6.29444017e-08 0.279999971 -6.64413093e-08 0.24000001 0.49999994 0.199999988 -6.99382241e-08 0.200000048 0.49999994 0.159999967 -7.34351318e-08 0.159999967 0.499999911 0.120000005 -7.69320394e-08 0.120000005 0.499999911 0.0799999833 -8.04289542e-08 0.0800000429 0.499999911 0.0400000215 -8.39258618e-08 0.0400000215 0.99999994 0.279999912 0.49999994 0.319999933 0.99999994 0.319999933 0.99999994 0.23999995 0.99999994 0.199999928 0.99999994 0.159999907 0.99999994 0.119999945 0.99999994 0.0799999237 0.99999994 0.0399999619 0.99999994 0 0.499999911 0 -8.74227766e-08 0 0.49999994 0.360000014 0.99999994 0.359999955 0.49999994 0.399999976 0.99999994 0.399999917 0.49999994 0.439999938 0.99999994 0.439999938 0.49999994 0.480000019 0.99999994 0.479999959 0.49999997 0.519999981 0.99999994 0.519999921 0.49999997 0.560000002 0.99999994 0.559999943 0.49999997 0.599999964 0.99999994 0.599999905 0.49999997 0.639999986 0.99999994 0.639999926 0.49999997 0.680000007 1 0.679999948 -3.14722008e-08 0.639999986 -3.49691121e-08 0.599999964 -3.84660197e-08 0.560000002 -4.19629345e-08 0.519999981 -4.54598421e-08 0.480000019 -4.89567569e-08 0.440000057 -5.24536681e-08 0.399999976 -5.59505757e-08 0.360000014 -5.94474869e-08 0.320000052 0.49999997 0.719999969 1 0.719999909 0.49999997 0.75999999 1 0.759999931 0.49999997 0.799999952 1 0.799999893 0.5 0.839999974 1 0.839999914 0.5 0.879999995 1 0.879999936 0.5 0.919999957 1 0.919999897 0.5 0.959999979 1 0.959999919 0.5 1 1 0.99999994 0 1 -3.49691298e-09 0.959999979 -6.99382596e-09 0.919999957 -1.04907336e-08 0.879999995 -1.39876466e-08 0.839999974 -1.74845596e-08 0.799999952 -2.09814672e-08 0.75999999 -2.44783802e-08 0.719999969 -2.79752879e-08 0.680000007 0.49999994 0.279999971 0.49999994 0.24000001 -6.29444017e-08 0.279999971 -6.64413093e-08 0.24000001 0.49999994 0.199999988 -6.99382241e-08 0.200000048 0.49999994 0.159999967 -7.34351318e-08 0.159999967 0.499999911 0.120000005 -7.69320394e-08 0.120000005 0.499999911 0.0799999833 -8.04289542e-08 0.0800000429 0.499999911 0.0400000215 -8.39258618e-08 0.0400000215 0.99999994 0.279999912 0.49999994 0.319999933 0.99999994 0.319999933 0.99999994 0.23999995 0.99999994 0.199999928 0.99999994 0.159999907 0.99999994 0.119999945 0.99999994 0.0799999237 0.99999994 0.0399999619 0.99999994 0 0.499999911 0 -8.74227766e-08 0 0.49999994 0.360000014 0.99999994 0.359999955 0.49999994 0.399999976 0.99999994 0.399999917 0.49999994 0.439999938 0.99999994 0.439999938 0.49999994 0.480000019 0.99999994 0.479999959 0.49999997 0.519999981 0.99999994 0.519999921 0.49999997 0.560000002 0.99999994 0.559999943 0.49999997 0.599999964 0.99999994 0.599999905 0.49999997 0.639999986 0.99999994 0.639999926 0.49999997 0.680000007 1 0.679999948 -3.14722008e-08 0.639999986 -3.49691121e-08 0.599999964 -3.84660197e-08 0.560000002 -4.19629345e-08 0.519999981 -4.54598421e-08 0.480000019 -4.89567569e-08 0.440000057 -5.24536681e-08 0.399999976 -5.59505757e-08 0.360000014 -5.94474869e-08 0.320000052 0.49999997 0.719999969 1 0.719999909 0.49999997 0.75999999 1 0.759999931 0.49999997 0.799999952 1 0.799999893 0.5 0.839999974 1 0.839999914 0.5 0.879999995 1 0.879999936 0.5 0.919999957 1 0.919999897 0.5 0.959999979 1 0.959999919 0.5 1 1 0.99999994 0 1 -3.49691298e-09 0.959999979 -6.99382596e-09 0.919999957 -1.04907336e-08 0.879999995 -1.39876466e-08 0.839999974 -1.74845596e-08 0.799999952 -2.09814672e-08 0.75999999 -2.44783802e-08 0.719999969 -2.79752879e-08 0.680000007 0.49999994 0.279999971 0.49999994 0.24000001 -6.29444017e-08 0.279999971 -6.64413093e-08 0.24000001 0.49999994 0.199999988 -6.99382241e-08 0.200000048 0.49999994 0.159999967 -7.34351318e-08 0.159999967 0.499999911 0.120000005 -7.69320394e-08 0.120000005 0.499999911 0.0799999833 -8.04289542e-08 0.0800000429 0.499999911 0.0400000215 -8.39258618e-08 0.0400000215 0.99999994 0.279999912 0.49999994 0.319999933 0.99999994 0.319999933 0.99999994 0.23999995 0.99999994 0.199999928 0.99999994 0.159999907 0.99999994 0.119999945 0.99999994 0.0799999237 0.99999994 0.0399999619 0.99999994 0 0.499999911 0 -8.74227766e-08 0 0.49999994 0.360000014 0.99999994 0.359999955 0.49999994 0.399999976 0.99999994 0.399999917 0.49999994 0.439999938 0.99999994 0.439999938 0.49999994 0.480000019 0.99999994 0.479999959 0.49999997 0.519999981 0.99999994 0.519999921 0.49999997 0.560000002 0.99999994 0.559999943 0.49999997 0.599999964 0.99999994 0.599999905 0.49999997 0.639999986 0.99999994 0.639999926 0.49999997 0.680000007 1 0.679999948 -3.14722008e-08 0.639999986 -3.49691121e-08 0.599999964 -3.84660197e-08 0.560000002 -4.19629345e-08 0.519999981 -4.54598421e-08 0.480000019 -4.89567569e-08 0.440000057 -5.24536681e-08 0.399999976 -5.59505757e-08 0.360000014 -5.94474869e-08 0.320000052 0.49999997 0.719999969 1 0.719999909 0.49999997 0.75999999 1 0.759999931 0.49999997 0.799999952 1 0.799999893 0.5 0.839999974 1 0.839999914 0.5 0.879999995 1 0.879999936 0.5 0.919999957 1 0.919999897 0.5 0.959999979 1 0.959999919 0.5 1 1 0.99999994 0 1 -3.49691298e-09 0.959999979 -6.99382596e-09 0.919999957 -1.04907336e-08 0.879999995 -1.39876466e-08 0.839999974 -1.74845596e-08 0.799999952 -2.09814672e-08 0.75999999 -2.44783802e-08 0.719999969 -2.79752879e-08 0.680000007 0.49999994 0.279999971 0.49999994 0.24000001 -6.29444017e-08 0.279999971 -6.64413093e-08 0.24000001 0.49999994 0.199999988 -6.99382241e-08 0.200000048 0.49999994 0.159999967 -7.34351318e-08 0.159999967 0.499999911 0.120000005 -7.69320394e-08 0.120000005 0.499999911 0.0799999833 -8.04289542e-08 0.0800000429 0.499999911 0.0400000215 -8.39258618e-08 0.0400000215 0.99999994 0.279999912 0.49999994 0.319999933 0.99999994 0.319999933 0.99999994 0.23999995 0.99999994 0.199999928 0.99999994 0.159999907 0.99999994 0.119999945 0.99999994 0.0799999237 0.99999994 0.0399999619 0.99999994 0 0.499999911 0 -8.74227766e-08 0 0.49999994 0.360000014 0.99999994 0.359999955 0.49999994 0.399999976 0.99999994 0.399999917 0.49999994 0.439999938 0.99999994 0.439999938 0.49999994 0.480000019 0.99999994 0.479999959 0.49999997 0.519999981 0.99999994 0.519999921 0.49999997 0.560000002 0.99999994 0.559999943 0.49999997 0.599999964 0.99999994 0.599999905 0.49999997 0.639999986 0.99999994 0.639999926 0.49999997 0.680000007 1 0.679999948 -3.14722008e-08 0.639999986 -3.49691121e-08 0.599999964 -3.84660197e-08 0.560000002 -4.19629345e-08 0.519999981 -4.54598421e-08 0.480000019 -4.89567569e-08 0.440000057 -5.24536681e-08 0.399999976 -5.59505757e-08 0.360000014 -5.94474869e-08 0.320000052 0.49999997 0.719999969 1 0.719999909 0.49999997 0.75999999 1 0.759999931 0.49999997 0.799999952 1 0.799999893 0.5 0.839999974 1 0.839999914 0.5 0.879999995 1 0.879999936 0.5 0.919999957 1 0.919999897 0.5 0.959999979 1 0.959999919 0.5 1 1 0.99999994 0 1 -3.49691298e-09 0.959999979 -6.99382596e-09 0.919999957 -1.04907336e-08 0.879999995 -1.39876466e-08 0.839999974 -1.74845596e-08 0.799999952 -2.09814672e-08 0.75999999 -2.44783802e-08 0.719999969 -2.79752879e-08 0.680000007 0.49999994 0.279999971 0.49999994 0.24000001 -6.29444017e-08 0.279999971 -6.64413093e-08 0.24000001 0.49999994 0.199999988 -6.99382241e-08 0.200000048 0.49999994 0.159999967 -7.34351318e-08 0.159999967 0.499999911 0.120000005 -7.69320394e-08 0.120000005 0.499999911 0.0799999833 -8.04289542e-08 0.0800000429 0.499999911 0.0400000215 -8.39258618e-08 0.0400000215 0.99999994 0.279999912 0.49999994 0.319999933 0.99999994 0.319999933 0.99999994 0.23999995 0.99999994 0.199999928 0.99999994 0.159999907 0.99999994 0.119999945 0.99999994 0.0799999237 0.99999994 0.0399999619 0.99999994 0 0.499999911 0 -8.74227766e-08 0 0.49999994 0.360000014 0.99999994 0.359999955 0.49999994 0.399999976 0.99999994 0.399999917 0.49999994 0.439999938 0.99999994 0.439999938 0.49999994 0.480000019 0.99999994 0.479999959 0.49999997 0.519999981 0.99999994 0.519999921 0.49999997 0.560000002 0.99999994 0.559999943 0.49999997 0.599999964 0.99999994 0.599999905 0.49999997 0.639999986 0.99999994 0.639999926 0.49999997 0.680000007 1 0.679999948 -3.14722008e-08 0.639999986 -3.49691121e-08 0.599999964 -3.84660197e-08 0.560000002 -4.19629345e-08 0.519999981 -4.54598421e-08 0.480000019 -4.89567569e-08 0.440000057 -5.24536681e-08 0.399999976 -5.59505757e-08 0.360000014 -5.94474869e-08 0.320000052 0.49999997 0.719999969 1 0.719999909 0.49999997 0.75999999 1 0.759999931 0.49999997 0.799999952 1 0.799999893 0.5 0.839999974 1 0.839999914 0.5 0.879999995 1 0.879999936 0.5 0.919999957 1 0.919999897 0.5 0.959999979 1 0.959999919 0.5 1 1 0.99999994 0 1 -3.49691298e-09 0.959999979 -6.99382596e-09 0.919999957 -1.04907336e-08 0.879999995 -1.39876466e-08 0.839999974 -1.74845596e-08 0.799999952 -2.09814672e-08 0.75999999 -2.44783802e-08 0.719999969 -2.79752879e-08 0.680000007 0.49999994 0.279999971 0.49999994 0.24000001 -6.29444017e-08 0.279999971 -6.64413093e-08 0.24000001 0.49999994 0.199999988 -6.99382241e-08 0.200000048 0.49999994 0.159999967 -7.34351318e-08 0.159999967 0.499999911 0.120000005 -7.69320394e-08 0.120000005 0.499999911 0.0799999833 -8.04289542e-08 0.0800000429 0.499999911 0.0400000215 -8.39258618e-08 0.0400000215 0.99999994 0.279999912 0.49999994 0.319999933 0.99999994 0.319999933 0.99999994 0.23999995 0.99999994 0.199999928 0.99999994 0.159999907 0.99999994 0.119999945 0.99999994 0.0799999237 0.99999994 0.0399999619 0.99999994 0 0.499999911 0 -8.74227766e-08 0 0.49999994 0.360000014 0.99999994 0.359999955 0.49999994 0.399999976 0.99999994 0.399999917 0.49999994 0.439999938 0.99999994 0.439999938 0.49999994 0.480000019 0.99999994 0.479999959 0.49999997 0.519999981 0.99999994 0.519999921 0.49999997 0.560000002 0.99999994 0.559999943 0.49999997 0.599999964 0.99999994 0.599999905 0.49999997 0.639999986 0.99999994 0.639999926 0.49999997 0.680000007 1 0.679999948 -3.14722008e-08 0.639999986 -3.49691121e-08 0.599999964 -3.84660197e-08 0.560000002 -4.19629345e-08 0.519999981 -4.54598421e-08 0.480000019 -4.89567569e-08 0.440000057 -5.24536681e-08 0.399999976 -5.59505757e-08 0.360000014 -5.94474869e-08 0.320000052 0.49999997 0.719999969 1 0.719999909 0.49999997 0.75999999 1 0.759999931 0.49999997 0.799999952 1 0.799999893 0.5 0.839999974 1 0.839999914 0.5 0.879999995 1 0.879999936 0.5 0.919999957 1 0.919999897 0.5 0.959999979 1 0.959999919 0.5 1 1 0.99999994 0 1 -3.49691298e-09 0.959999979 -6.99382596e-09 0.919999957 -1.04907336e-08 0.879999995 -1.39876466e-08 0.839999974 -1.74845596e-08 0.799999952 -2.09814672e-08 0.75999999 -2.44783802e-08 0.719999969 -2.79752879e-08 0.680000007 0.49999994 0.279999971 0.49999994 0.24000001 -6.29444017e-08 0.279999971 -6.64413093e-08 0.24000001 0.49999994 0.199999988 -6.99382241e-08 0.200000048 0.49999994 0.159999967 -7.34351318e-08 0.159999967 0.499999911 0.120000005 -7.69320394e-08 0.120000005 0.499999911 0.0799999833 -8.04289542e-08 0.0800000429 0.499999911 0.0400000215 -8.39258618e-08 0.0400000215 0.99999994 0.279999912 0.49999994 0.319999933 0.99999994 0.319999933 0.99999994 0.23999995 0.99999994 0.199999928 0.99999994 0.159999907 0.99999994 0.119999945 0.99999994 0.0799999237 0.99999994 0.0399999619 0.99999994 0 0.499999911 0 -8.74227766e-08 0 0.49999994 0.360000014 0.99999994 0.359999955 0.49999994 0.399999976 0.99999994 0.399999917 0.49999994 0.439999938 0.99999994 0.439999938 0.49999994 0.480000019 0.99999994 0.479999959 0.49999997 0.519999981 0.99999994 0.519999921 0.49999997 0.560000002 0.99999994 0.559999943 0.49999997 0.599999964 0.99999994 0.599999905 0.49999997 0.639999986 0.99999994 0.639999926 0.49999997 0.680000007 1 0.679999948 -3.14722008e-08 0.639999986 -3.49691121e-08 0.599999964 -3.84660197e-08 0.560000002 -4.19629345e-08 0.519999981 -4.54598421e-08 0.480000019 -4.89567569e-08 0.440000057 -5.24536681e-08 0.399999976 -5.59505757e-08 0.360000014 -5.94474869e-08 0.320000052 0.49999997 0.719999969 1 0.719999909 0.49999997 0.75999999 1 0.759999931 0.49999997 0.799999952 1 0.799999893 0.5 0.839999974 1 0.839999914 0.5 0.879999995 1 0.879999936 0.5 0.919999957 1 0.919999897 0.5 0.959999979 1 0.959999919 0.5 1 1 0.99999994 0 1 -3.49691298e-09 0.959999979 -6.99382596e-09 0.919999957 -1.04907336e-08 0.879999995 -1.39876466e-08 0.839999974 -1.74845596e-08 0.799999952 -2.09814672e-08 0.75999999 -2.44783802e-08 0.719999969 -2.79752879e-08 0.680000007 0.49999994 0.279999971 0.49999994 0.24000001 -6.29444017e-08 0.279999971 -6.64413093e-08 0.24000001 0.49999994 0.199999988 -6.99382241e-08 0.200000048 0.49999994 0.159999967 -7.34351318e-08 0.159999967 0.499999911 0.120000005 -7.69320394e-08 0.120000005 0.499999911 0.0799999833 -8.04289542e-08 0.0800000429 0.499999911 0.0400000215 -8.39258618e-08 0.0400000215 0.99999994 0.279999912 0.49999994 0.319999933 0.99999994 0.319999933 0.99999994 0.23999995 0.99999994 0.199999928 0.99999994 0.159999907 0.99999994 0.119999945 0.99999994 0.0799999237 0.99999994 0.0399999619 0.99999994 0 0.499999911 0 -8.74227766e-08 0 0.49999994 0.360000014 0.99999994 0.359999955 0.49999994 0.399999976 0.99999994 0.399999917 0.49999994 0.439999938 0.99999994 0.439999938 0.49999994 0.480000019 0.99999994 0.479999959 0.49999997 0.519999981 0.99999994 0.519999921 0.49999997 0.560000002 0.99999994 0.559999943 0.49999997 0.599999964 0.99999994 0.599999905 0.49999997 0.639999986 0.99999994 0.639999926 0.49999997 0.680000007 1 0.679999948 -3.14722008e-08 0.639999986 -3.49691121e-08 0.599999964 -3.84660197e-08 0.560000002 -4.19629345e-08 0.519999981 -4.54598421e-08 0.480000019 -4.89567569e-08 0.440000057 -5.24536681e-08 0.399999976 -5.59505757e-08 0.360000014 -5.94474869e-08 0.320000052 0.49999997 0.719999969 1 0.719999909 0.49999997 0.75999999 1 0.759999931 0.49999997 0.799999952 1 0.799999893 0.5 0.839999974 1 0.839999914 0.5 0.879999995 1 0.879999936 0.5 0.919999957 1 0.919999897 0.5 0.959999979 1 0.959999919 0.5 1 1 0.99999994 0 1 -3.49691298e-09 0.959999979 -6.99382596e-09 0.919999957 -1.04907336e-08 0.879999995 -1.39876466e-08 0.839999974 -1.74845596e-08 0.799999952 -2.09814672e-08 0.75999999 -2.44783802e-08 0.719999969 -2.79752879e-08 0.680000007 0.49999994 0.279999971 0.49999994 0.24000001 -6.29444017e-08 0.279999971 -6.64413093e-08 0.24000001 0.49999994 0.199999988 -6.99382241e-08 0.200000048 0.49999994 0.159999967 -7.34351318e-08 0.159999967 0.499999911 0.120000005 -7.69320394e-08 0.120000005 0.499999911 0.0799999833 -8.04289542e-08 0.0800000429 0.499999911 0.0400000215 -8.39258618e-08 0.0400000215 0.99999994 0.279999912 0.49999994 0.319999933 0.99999994 0.319999933 0.99999994 0.23999995 0.99999994 0.199999928 0.99999994 0.159999907 0.99999994 0.119999945 0.99999994 0.0799999237 0.99999994 0.0399999619 0.99999994 0 0.499999911 0 -8.74227766e-08 0 0.49999994 0.360000014 0.99999994 0.359999955 0.49999994 0.399999976 0.99999994 0.399999917 0.49999994 0.439999938 0.99999994 0.439999938 0.49999994 0.480000019 0.99999994 0.479999959 0.49999997 0.519999981 0.99999994 0.519999921 0.49999997 0.560000002 0.99999994 0.559999943 0.49999997 0.599999964 0.99999994 0.599999905 0.49999997 0.639999986 0.99999994 0.639999926 0.49999997 0.680000007 1 0.679999948 -3.14722008e-08 0.639999986 -3.49691121e-08 0.599999964 -3.84660197e-08 0.560000002 -4.19629345e-08 0.519999981 -4.54598421e-08 0.480000019 -4.89567569e-08 0.440000057 -5.24536681e-08 0.399999976 -5.59505757e-08 0.360000014 -5.94474869e-08 0.320000052 0.49999997 0.719999969 1 0.719999909 0.49999997 0.75999999 1 0.759999931 0.49999997 0.799999952 1 0.799999893 0.5 0.839999974 1 0.839999914 0.5 0.879999995 1 0.879999936 0.5 0.919999957 1 0.919999897 0.5 0.959999979 1 0.959999919 0.5 1 1 0.99999994 0 1 -3.49691298e-09 0.959999979 -6.99382596e-09 0.919999957 -1.04907336e-08 0.879999995 -1.39876466e-08 0.839999974 -1.74845596e-08 0.799999952 -2.09814672e-08 0.75999999 -2.44783802e-08 0.719999969 -2.79752879e-08 0.680000007 0.49999994 0.279999971 0.49999994 0.24000001 -6.29444017e-08 0.279999971 -6.64413093e-08 0.24000001 0.49999994 0.199999988 -6.99382241e-08 0.200000048 0.49999994 0.159999967 -7.34351318e-08 0.159999967 0.499999911 0.120000005 -7.69320394e-08 0.120000005 0.499999911 0.0799999833 -8.04289542e-08 0.0800000429 0.499999911 0.0400000215 -8.39258618e-08 0.0400000215 0.99999994 0.279999912 0.49999994 0.319999933 0.99999994 0.319999933 0.99999994 0.23999995 0.99999994 0.199999928 0.99999994 0.159999907 0.99999994 0.119999945 0.99999994 0.0799999237 0.99999994 0.0399999619 0.99999994 0 0.499999911 0 -8.74227766e-08 0 0.49999994 0.360000014 0.99999994 0.359999955 0.49999994 0.399999976 0.99999994 0.399999917 0.49999994 0.439999938 0.99999994 0.439999938 0.49999994 0.480000019 0.99999994 0.479999959 0.49999997 0.519999981 0.99999994 0.519999921 0.49999997 0.560000002 0.99999994 0.559999943 0.49999997 0.599999964 0.99999994 0.599999905 0.49999997 0.639999986 0.99999994 0.639999926 0.49999997 0.680000007 1 0.679999948 -3.14722008e-08 0.639999986 -3.49691121e-08 0.599999964 -3.84660197e-08 0.560000002 -4.19629345e-08 0.519999981 -4.54598421e-08 0.480000019 -4.89567569e-08 0.440000057 -5.24536681e-08 0.399999976 -5.59505757e-08 0.360000014 -5.94474869e-08 0.320000052 0.49999997 0.719999969 1 0.719999909 0.49999997 0.75999999 1 0.759999931 0.49999997 0.799999952 1 0.799999893 0.5 0.839999974 1 0.839999914 0.5 0.879999995 1 0.879999936 0.5 0.919999957 1 0.919999897 0.5 0.959999979 1 0.959999919 0.5 1 1 0.99999994 0 1 -3.49691298e-09 0.959999979 -6.99382596e-09 0.919999957 -1.04907336e-08 0.879999995 -1.39876466e-08 0.839999974 -1.74845596e-08 0.799999952 -2.09814672e-08 0.75999999 -2.44783802e-08 0.719999969 -2.79752879e-08 0.680000007 0.49999994 0.279999971 0.49999994 0.24000001 -6.29444017e-08 0.279999971 -6.64413093e-08 0.24000001 0.49999994 0.199999988 -6.99382241e-08 0.200000048 0.49999994 0.159999967 -7.34351318e-08 0.159999967 0.499999911 0.120000005 -7.69320394e-08 0.120000005 0.499999911 0.0799999833 -8.04289542e-08 0.0800000429 0.499999911 0.0400000215 -8.39258618e-08 0.0400000215 0.99999994 0.279999912 0.49999994 0.319999933 0.99999994 0.319999933 0.99999994 0.23999995 0.99999994 0.199999928 0.99999994 0.159999907 0.99999994 0.119999945 0.99999994 0.0799999237 0.99999994 0.0399999619 0.99999994 0 0.499999911 0 -8.74227766e-08 0 0.49999994 0.360000014 0.99999994 0.359999955 0.49999994 0.399999976 0.99999994 0.399999917 0.49999994 0.439999938 0.99999994 0.439999938 0.49999994 0.480000019 0.99999994 0.479999959 0.49999997 0.519999981 0.99999994 0.519999921 0.49999997 0.560000002 0.99999994 0.559999943 0.49999997 0.599999964 0.99999994 0.599999905 0.49999997 0.639999986 0.99999994 0.639999926 0.49999997 0.680000007 1 0.679999948 -3.14722008e-08 0.639999986 -3.49691121e-08 0.599999964 -3.84660197e-08 0.560000002 -4.19629345e-08 0.519999981 -4.54598421e-08 0.480000019 -4.89567569e-08 0.440000057 -5.24536681e-08 0.399999976 -5.59505757e-08 0.360000014 -5.94474869e-08 0.320000052 0.49999997 0.719999969 1 0.719999909 0.49999997 0.75999999 1 0.759999931 0.49999997 0.799999952 1 0.799999893 0.5 0.839999974 1 0.839999914 0.5 0.879999995 1 0.879999936 0.5 0.919999957 1 0.919999897 0.5 0.959999979 1 0.959999919 0.5 1 1 0.99999994 0 1 -3.49691298e-09 0.959999979 -6.99382596e-09 0.919999957 -1.04907336e-08 0.879999995 -1.39876466e-08 0.839999974 -1.74845596e-08 0.799999952 -2.09814672e-08 0.75999999 -2.44783802e-08 0.719999969 -2.79752879e-08 0.680000007 0.49999994 0.279999971 0.49999994 0.24000001 -6.29444017e-08 0.279999971 -6.64413093e-08 0.24000001 0.49999994 0.199999988 -6.99382241e-08 0.200000048 0.49999994 0.159999967 -7.34351318e-08 0.159999967 0.499999911 0.120000005 -7.69320394e-08 0.120000005 0.499999911 0.0799999833 -8.04289542e-08 0.0800000429 0.499999911 0.0400000215 -8.39258618e-08 0.0400000215 0.99999994 0.279999912 0.49999994 0.319999933 0.99999994 0.319999933 0.99999994 0.23999995 0.99999994 0.199999928 0.99999994 0.159999907 0.99999994 0.119999945 0.99999994 0.0799999237 0.99999994 0.0399999619 0.99999994 0 0.499999911 0 -8.74227766e-08 0 0.49999994 0.360000014 0.99999994 0.359999955 0.49999994 0.399999976 0.99999994 0.399999917 0.49999994 0.439999938 0.99999994 0.439999938 0.49999994 0.480000019 0.99999994 0.479999959 0.49999997 0.519999981 0.99999994 0.519999921 0.49999997 0.560000002 0.99999994 0.559999943 0.49999997 0.599999964 0.99999994 0.599999905 0.49999997 0.639999986 0.99999994 0.639999926 0.49999997 0.680000007 1 0.679999948 -3.14722008e-08 0.639999986 -3.49691121e-08 0.599999964 -3.84660197e-08 0.560000002 -4.19629345e-08 0.519999981 -4.54598421e-08 0.480000019 -4.89567569e-08 0.440000057 -5.24536681e-08 0.399999976 -5.59505757e-08 0.360000014 -5.94474869e-08 0.320000052 0.49999997 0.719999969 1 0.719999909 0.49999997 0.75999999 1 0.759999931 0.49999997 0.799999952 1 0.799999893 0.5 0.839999974 1 0.839999914 0.5 0.879999995 1 0.879999936 0.5 0.919999957 1 0.919999897 0.5 0.959999979 1 0.959999919 0.5 1 1 0.99999994 0 1 -3.49691298e-09 0.959999979 -6.99382596e-09 0.919999957 -1.04907336e-08 0.879999995 -1.39876466e-08 0.839999974 -1.74845596e-08 0.799999952 -2.09814672e-08 0.75999999 -2.44783802e-08 0.719999969 -2.79752879e-08 0.680000007 0.49999994 0.279999971 0.49999994 0.24000001 -6.29444017e-08 0.279999971 -6.64413093e-08 0.24000001 0.49999994 0.199999988 -6.99382241e-08 0.200000048 0.49999994 0.159999967 -7.34351318e-08 0.159999967 0.499999911 0.120000005 -7.69320394e-08 0.120000005 0.499999911 0.0799999833 -8.04289542e-08 0.0800000429 0.499999911 0.0400000215 -8.39258618e-08 0.0400000215 0.99999994 0.279999912 0.49999994 0.319999933 0.99999994 0.319999933 0.99999994 0.23999995 0.99999994 0.199999928 0.99999994 0.159999907 0.99999994 0.119999945 0.99999994 0.0799999237 0.99999994 0.0399999619 0.99999994 0 0.499999911 0 -8.74227766e-08 0 0.49999994 0.360000014 0.99999994 0.359999955 0.49999994 0.399999976 0.99999994 0.399999917 0.49999994 0.439999938 0.99999994 0.439999938 0.49999994 0.480000019 0.99999994 0.479999959 0.49999997 0.519999981 0.99999994 0.519999921 0.49999997 0.560000002 0.99999994 0.559999943 0.49999997 0.599999964 0.99999994 0.599999905 0.49999997 0.639999986 0.99999994 0.639999926 0.49999997 0.680000007 1 0.679999948 -3.14722008e-08 0.639999986 -3.49691121e-08 0.599999964 -3.84660197e-08 0.560000002 -4.19629345e-08 0.519999981 -4.54598421e-08 0.480000019 -4.89567569e-08 0.440000057 -5.24536681e-08 0.399999976 -5.59505757e-08 0.360000014 -5.94474869e-08 0.320000052 0.49999997 0.719999969 1 0.719999909 0.49999997 0.75999999 1 0.759999931 0.49999997 0.799999952 1 0.799999893 0.5 0.839999974 1 0.839999914 0.5 0.879999995 1 0.879999936 0.5 0.919999957 1 0.919999897 0.5 0.959999979 1 0.959999919 0.5 1 1 0.99999994 0 1 -3.49691298e-09 0.959999979 -6.99382596e-09 0.919999957 -1.04907336e-08 0.879999995 -1.39876466e-08 0.839999974 -1.74845596e-08 0.799999952 -2.09814672e-08 0.75999999 -2.44783802e-08 0.719999969 -2.79752879e-08 0.680000007 0.49999994 0.279999971 0.49999994 0.24000001 -6.29444017e-08 0.279999971 -6.64413093e-08 0.24000001 0.49999994 0.199999988 -6.99382241e-08 0.200000048 0.49999994 0.159999967 -7.34351318e-08 0.159999967 0.499999911 0.120000005 -7.69320394e-08 0.120000005 0.499999911 0.0799999833 -8.04289542e-08 0.0800000429 0.499999911 0.0400000215 -8.39258618e-08 0.0400000215 0.99999994 0.279999912 0.49999994 0.319999933 0.99999994 0.319999933 0.99999994 0.23999995 0.99999994 0.199999928 0.99999994 0.159999907 0.99999994 0.119999945 0.99999994 0.0799999237 0.99999994 0.0399999619 0.99999994 0 0.499999911 0 -8.74227766e-08 0 0.49999994 0.360000014 0.99999994 0.359999955 0.49999994 0.399999976 0.99999994 0.399999917 0.49999994 0.439999938 0.99999994 0.439999938 0.49999994 0.480000019 0.99999994 0.479999959 0.49999997 0.519999981 0.99999994 0.519999921 0.49999997 0.560000002 0.99999994 0.559999943 0.49999997 0.599999964 0.99999994 0.599999905 0.49999997 0.639999986 0.99999994 0.639999926 0.49999997 0.680000007 1 0.679999948 -3.14722008e-08 0.639999986 -3.49691121e-08 0.599999964 -3.84660197e-08 0.560000002 -4.19629345e-08 0.519999981 -4.54598421e-08 0.480000019 -4.89567569e-08 0.440000057 -5.24536681e-08 0.399999976 -5.59505757e-08 0.360000014 -5.94474869e-08 0.320000052 0.49999997 0.719999969 1 0.719999909 0.49999997 0.75999999 1 0.759999931 0.49999997 0.799999952 1 0.799999893 0.5 0.839999974 1 0.839999914 0.5 0.879999995 1 0.879999936 0.5 0.919999957 1 0.919999897 0.5 0.959999979 1 0.959999919 0.5 1 1 0.99999994 0 1 -3.49691298e-09 0.959999979 -6.99382596e-09 0.919999957 -1.04907336e-08 0.879999995 -1.39876466e-08 0.839999974 -1.74845596e-08 0.799999952 -2.09814672e-08 0.75999999 -2.44783802e-08 0.719999969 -2.79752879e-08 0.680000007 0.49999994 0.279999971 0.49999994 0.24000001 -6.29444017e-08 0.279999971 -6.64413093e-08 0.24000001 0.49999994 0.199999988 -6.99382241e-08 0.200000048 0.49999994 0.159999967 -7.34351318e-08 0.159999967 0.499999911 0.120000005 -7.69320394e-08 0.120000005 0.499999911 0.0799999833 -8.04289542e-08 0.0800000429 0.499999911 0.0400000215 -8.39258618e-08 0.0400000215 0.99999994 0.279999912 0.49999994 0.319999933 0.99999994 0.319999933 0.99999994 0.23999995 0.99999994 0.199999928 0.99999994 0.159999907 0.99999994 0.119999945 0.99999994 0.0799999237 0.99999994 0.0399999619 0.99999994 0 0.499999911 0 -8.74227766e-08 0 0.49999994 0.360000014 0.99999994 0.359999955 0.49999994 0.399999976 0.99999994 0.399999917 0.49999994 0.439999938 0.99999994 0.439999938 0.49999994 0.480000019 0.99999994 0.479999959 0.49999997 0.519999981 0.99999994 0.519999921 0.49999997 0.560000002 0.99999994 0.559999943 0.49999997 0.599999964 0.99999994 0.599999905 0.49999997 0.639999986 0.99999994 0.639999926 0.49999997 0.680000007 1 0.679999948 -3.14722008e-08 0.639999986 -3.49691121e-08 0.599999964 -3.84660197e-08 0.560000002 -4.19629345e-08 0.519999981 -4.54598421e-08 0.480000019 -4.89567569e-08 0.440000057 -5.24536681e-08 0.399999976 -5.59505757e-08 0.360000014 -5.94474869e-08 0.320000052 0.49999997 0.719999969 1 0.719999909 0.49999997 0.75999999 1 0.759999931 0.49999997 0.799999952 1 0.799999893 0.5 0.839999974 1 0.839999914 0.5 0.879999995 1 0.879999936 0.5 0.919999957 1 0.919999897 0.5 0.959999979 1 0.959999919 0.5 1 1 0.99999994 0 1 -3.49691298e-09 0.959999979 -6.99382596e-09 0.919999957 -1.04907336e-08 0.879999995 -1.39876466e-08 0.839999974 -1.74845596e-08 0.799999952 -2.09814672e-08 0.75999999 -2.44783802e-08 0.719999969 -2.79752879e-08 0.680000007 0.49999994 0.279999971 0.49999994 0.24000001 -6.29444017e-08 0.279999971 -6.64413093e-08 0.24000001 0.49999994 0.199999988 -6.99382241e-08 0.200000048 0.49999994 0.159999967 -7.34351318e-08 0.159999967 0.499999911 0.120000005 -7.69320394e-08 0.120000005 0.499999911 0.0799999833 -8.04289542e-08 0.0800000429 0.499999911 0.0400000215 -8.39258618e-08 0.0400000215 0.99999994 0.279999912 0.49999994 0.319999933 0.99999994 0.319999933 0.99999994 0.23999995 0.99999994 0.199999928 0.99999994 0.159999907 0.99999994 0.119999945 0.99999994 0.0799999237 0.99999994 0.0399999619 0.99999994 0 0.499999911 0 -8.74227766e-08 0 0.49999994 0.360000014 0.99999994 0.359999955 0.49999994 0.399999976 0.99999994 0.399999917 0.49999994 0.439999938 0.99999994 0.439999938 0.49999994 0.480000019 0.99999994 0.479999959 0.49999997 0.519999981 0.99999994 0.519999921 0.49999997 0.560000002 0.99999994 0.559999943 0.49999997 0.599999964 0.99999994 0.599999905 0.49999997 0.639999986 0.99999994 0.639999926 0.49999997 0.680000007 1 0.679999948 -3.14722008e-08 0.639999986 -3.49691121e-08 0.599999964 -3.84660197e-08 0.560000002 -4.19629345e-08 0.519999981 -4.54598421e-08 0.480000019 -4.89567569e-08 0.440000057 -5.24536681e-08 0.399999976 -5.59505757e-08 0.360000014 -5.94474869e-08 0.320000052 0.49999997 0.719999969 1 0.719999909 0.49999997 0.75999999 1 0.759999931 0.49999997 0.799999952 1 0.799999893 0.5 0.839999974 1 0.839999914 0.5 0.879999995 1 0.879999936 0.5 0.919999957 1 0.919999897 0.5 0.959999979 1 0.959999919 0.5 1 1 0.99999994 0 1 -3.49691298e-09 0.959999979 -6.99382596e-09 0.919999957 -1.04907336e-08 0.879999995 -1.39876466e-08 0.839999974 -1.74845596e-08 0.799999952 -2.09814672e-08 0.75999999 -2.44783802e-08 0.719999969 -2.79752879e-08 0.680000007 0.49999994 0.279999971 0.49999994 0.24000001 -6.29444017e-08 0.279999971 -6.64413093e-08 0.24000001 0.49999994 0.199999988 -6.99382241e-08 0.200000048 0.49999994 0.159999967 -7.34351318e-08 0.159999967 0.499999911 0.120000005 -7.69320394e-08 0.120000005 0.499999911 0.0799999833 -8.04289542e-08 0.0800000429 0.499999911 0.0400000215 -8.39258618e-08 0.0400000215 0.99999994 0.279999912 0.49999994 0.319999933 0.99999994 0.319999933 0.99999994 0.23999995 0.99999994 0.199999928 0.99999994 0.159999907 0.99999994 0.119999945 0.99999994 0.0799999237 0.99999994 0.0399999619 0.99999994 0 0.499999911 0 -8.74227766e-08 0 0.49999994 0.360000014 0.99999994 0.359999955 0.49999994 0.399999976 0.99999994 0.399999917 0.49999994 0.439999938 0.99999994 0.439999938 0.49999994 0.480000019 0.99999994 0.479999959 0.49999997 0.519999981 0.99999994 0.519999921 0.49999997 0.560000002 0.99999994 0.559999943 0.49999997 0.599999964 0.99999994 0.599999905 0.49999997 0.639999986 0.99999994 0.639999926 0.49999997 0.680000007 1 0.679999948 -3.14722008e-08 0.639999986 -3.49691121e-08 0.599999964 -3.84660197e-08 0.560000002 -4.19629345e-08 0.519999981 -4.54598421e-08 0.480000019 -4.89567569e-08 0.440000057 -5.24536681e-08 0.399999976 -5.59505757e-08 0.360000014 -5.94474869e-08 0.320000052 0.49999997 0.719999969 1 0.719999909 0.49999997 0.75999999 1 0.759999931 0.49999997 0.799999952 1 0.799999893 0.5 0.839999974 1 0.839999914 0.5 0.879999995 1 0.879999936 0.5 0.919999957 1 0.919999897 0.5 0.959999979 1 0.959999919 0.5 1 1 0.99999994 0 1 -3.49691298e-09 0.959999979 -6.99382596e-09 0.919999957 -1.04907336e-08 0.879999995 -1.39876466e-08 0.839999974 -1.74845596e-08 0.799999952 -2.09814672e-08 0.75999999 -2.44783802e-08 0.719999969 -2.79752879e-08 0.680000007 0.49999994 0.279999971 0.49999994 0.24000001 -6.29444017e-08 0.279999971 -6.64413093e-08 0.24000001 0.49999994 0.199999988 -6.99382241e-08 0.200000048 0.49999994 0.159999967 -7.34351318e-08 0.159999967 0.499999911 0.120000005 -7.69320394e-08 0.120000005 0.499999911 0.0799999833 -8.04289542e-08 0.0800000429 0.499999911 0.0400000215 -8.39258618e-08 0.0400000215 0.99999994 0.279999912 0.49999994 0.319999933 0.99999994 0.319999933 0.99999994 0.23999995 0.99999994 0.199999928 0.99999994 0.159999907 0.99999994 0.119999945 0.99999994 0.0799999237 0.99999994 0.0399999619 0.99999994 0 0.499999911 0 -8.74227766e-08 0 0.49999994 0.360000014 0.99999994 0.359999955 0.49999994 0.399999976 0.99999994 0.399999917 0.49999994 0.439999938 0.99999994 0.439999938 0.49999994 0.480000019 0.99999994 0.479999959 0.49999997 0.519999981 0.99999994 0.519999921 0.49999997 0.560000002 0.99999994 0.559999943 0.49999997 0.599999964 0.99999994 0.599999905 0.49999997 0.639999986 0.99999994 0.639999926 0.49999997 0.680000007 1 0.679999948 -3.14722008e-08 0.639999986 -3.49691121e-08 0.599999964 -3.84660197e-08 0.560000002 -4.19629345e-08 0.519999981 -4.54598421e-08 0.480000019 -4.89567569e-08 0.440000057 -5.24536681e-08 0.399999976 -5.59505757e-08 0.360000014 -5.94474869e-08 0.320000052 0.49999997 0.719999969 1 0.719999909 0.49999997 0.75999999 1 0.759999931 0.49999997 0.799999952 1 0.799999893 0.5 0.839999974 1 0.839999914 0.5 0.879999995 1 0.879999936 0.5 0.919999957 1 0.919999897 0.5 0.959999979 1 0.959999919 0.5 1 1 0.99999994 0 1 -3.49691298e-09 0.959999979 -6.99382596e-09 0.919999957 -1.04907336e-08 0.879999995 -1.39876466e-08 0.839999974 -1.74845596e-08 0.799999952 -2.09814672e-08 0.75999999 -2.44783802e-08 0.719999969 -2.79752879e-08 0.680000007 0.49999994 0.279999971 0.49999994 0.24000001 -6.29444017e-08 0.279999971 -6.64413093e-08 0.24000001 0.49999994 0.199999988 -6.99382241e-08 0.200000048 0.49999994 0.159999967 -7.34351318e-08 0.159999967 0.499999911 0.120000005 -7.69320394e-08 0.120000005 0.499999911 0.0799999833 -8.04289542e-08 0.0800000429 0.499999911 0.0400000215 -8.39258618e-08 0.0400000215 0.99999994 0.279999912 0.49999994 0.319999933 0.99999994 0.319999933 0.99999994 0.23999995 0.99999994 0.199999928 0.99999994 0.159999907 0.99999994 0.119999945 0.99999994 0.0799999237 0.99999994 0.0399999619 0.99999994 0 0.499999911 0 -8.74227766e-08 0 0.49999994 0.360000014 0.99999994 0.359999955 0.49999994 0.399999976 0.99999994 0.399999917 0.49999994 0.439999938 0.99999994 0.439999938 0.49999994 0.480000019 0.99999994 0.479999959 0.49999997 0.519999981 0.99999994 0.519999921 0.49999997 0.560000002 0.99999994 0.559999943 0.49999997 0.599999964 0.99999994 0.599999905 0.49999997 0.639999986 0.99999994 0.639999926 0.49999997 0.680000007 1 0.679999948 -3.14722008e-08 0.639999986 -3.49691121e-08 0.599999964 -3.84660197e-08 0.560000002 -4.19629345e-08 0.519999981 -4.54598421e-08 0.480000019 -4.89567569e-08 0.440000057 -5.24536681e-08 0.399999976 -5.59505757e-08 0.360000014 -5.94474869e-08 0.320000052 0.49999997 0.719999969 1 0.719999909 0.49999997 0.75999999 1 0.759999931 0.49999997 0.799999952 1 0.799999893 0.5 0.839999974 1 0.839999914 0.5 0.879999995 1 0.879999936 0.5 0.919999957 1 0.919999897 0.5 0.959999979 1 0.959999919 0.5 1 1 0.99999994 0 1 -3.49691298e-09 0.959999979 -6.99382596e-09 0.919999957 -1.04907336e-08 0.879999995 -1.39876466e-08 0.839999974 -1.74845596e-08 0.799999952 -2.09814672e-08 0.75999999 -2.44783802e-08 0.719999969 -2.79752879e-08 0.680000007 0.49999994 0.279999971 0.49999994 0.24000001 -6.29444017e-08 0.279999971 -6.64413093e-08 0.24000001 0.49999994 0.199999988 -6.99382241e-08 0.200000048 0.49999994 0.159999967 -7.34351318e-08 0.159999967 0.499999911 0.120000005 -7.69320394e-08 0.120000005 0.499999911 0.0799999833 -8.04289542e-08 0.0800000429 0.499999911 0.0400000215 -8.39258618e-08 0.0400000215 0.99999994 0.279999912 0.49999994 0.319999933 0.99999994 0.319999933 0.99999994 0.23999995 0.99999994 0.199999928 0.99999994 0.159999907 0.99999994 0.119999945 0.99999994 0.0799999237 0.99999994 0.0399999619 0.99999994 0 0.499999911 0 -8.74227766e-08 0 0.49999994 0.360000014 0.99999994 0.359999955 0.49999994 0.399999976 0.99999994 0.399999917 0.49999994 0.439999938 0.99999994 0.439999938 0.49999994 0.480000019 0.99999994 0.479999959 0.49999997 0.519999981 0.99999994 0.519999921 0.49999997 0.560000002 0.99999994 0.559999943 0.49999997 0.599999964 0.99999994 0.599999905 0.49999997 0.639999986 0.99999994 0.639999926 0.49999997 0.680000007 1 0.679999948 -3.14722008e-08 0.639999986 -3.49691121e-08 0.599999964 -3.84660197e-08 0.560000002 -4.19629345e-08 0.519999981 -4.54598421e-08 0.480000019 -4.89567569e-08 0.440000057 -5.24536681e-08 0.399999976 -5.59505757e-08 0.360000014 -5.94474869e-08 0.320000052 0.49999997 0.719999969 1 0.719999909 0.49999997 0.75999999 1 0.759999931 0.49999997 0.799999952 1 0.799999893 0.5 0.839999974 1 0.839999914 0.5 0.879999995 1 0.879999936 0.5 0.919999957 1 0.919999897 0.5 0.959999979 1 0.959999919 0.5 1 1 0.99999994 0 1 -3.49691298e-09 0.959999979 -6.99382596e-09 0.919999957 -1.04907336e-08 0.879999995 -1.39876466e-08 0.839999974 -1.74845596e-08 0.799999952 -2.09814672e-08 0.75999999 -2.44783802e-08 0.719999969 -2.79752879e-08 0.680000007</float_array>
        <technique_common><accessor source="#vfx_kurp_1189-mesh-uv0-array" count="2808" stride="2"><param name="S" type="float"/><param name="T" type="float"/></accessor></technique_common>
      </source>
      <vertices id="vfx_kurp_1189-mesh-vertices"><input semantic="POSITION" source="#vfx_kurp_1189-mesh-positions"/></vertices>
      <triangles material="PreviewMaterial" count="3600">
        <input semantic="VERTEX" source="#vfx_kurp_1189-mesh-vertices" offset="0"/>
        <input semantic="NORMAL" source="#vfx_kurp_1189-mesh-normals" offset="1"/>
        <input semantic="TEXCOORD" source="#vfx_kurp_1189-mesh-uv0" offset="2" set="0"/>
        <p>0 0 0 1 1 1 2 2 2 2 2 2 1 1 1 3 3 3 4 4 4 3 3 3 1 1 1 3 3 3 4 4 4 5 5 5 6 6 6 5 5 5 4 4 4 5 5 5 6 6 6 7 7 7 8 8 8 7 7 7 6 6 6 7 7 7 8 8 8 9 9 9 10 10 10 9 9 9 8 8 8 9 9 9 10 10 10 11 11 11 12 12 12 11 11 11 10 10 10 11 11 11 12 12 12 13 13 13 14 14 14 15 15 15 16 16 16 15 15 15 14 14 14 0 0 0 17 17 17 0 0 0 14 14 14 0 0 0 17 17 17 1 1 1 18 18 18 1 1 1 17 17 17 1 1 1 18 18 18 4 4 4 19 19 19 4 4 4 18 18 18 4 4 4 19 19 19 6 6 6 20 20 20 6 6 6 19 19 19 6 6 6 20 20 20 8 8 8 21 21 21 8 8 8 20 20 20 8 8 8 21 21 21 10 10 10 22 22 22 10 10 10 21 21 21 10 10 10 22 22 22 12 12 12 23 23 23 12 12 12 22 22 22 24 24 24 12 12 12 23 23 23 12 12 12 24 24 24 13 13 13 25 25 25 13 13 13 24 24 24 15 15 15 26 26 26 16 16 16 16 16 16 26 26 26 27 27 27 28 28 28 27 27 27 26 26 26 27 27 27 28 28 28 29 29 29 30 30 30 29 29 29 28 28 28 29 29 29 30 30 30 31 31 31 32 32 32 31 31 31 30 30 30 31 31 31 32 32 32 33 33 33 34 34 34 33 33 33 32 32 32 33 33 33 34 34 34 35 35 35 36 36 36 35 35 35 34 34 34 35 35 35 36 36 36 37 37 37 38 38 38 37 37 37 36 36 36 37 37 37 38 38 38 39 39 39 40 40 40 39 39 39 38 38 38 39 39 39 40 40 40 41 41 41 42 42 42 41 41 41 40 40 40 41 41 41 42 42 42 43 43 43 40 40 40 38 38 38 44 44 44 44 44 44 38 38 38 45 45 45 36 36 36 45 45 45 38 38 38 45 45 45 36 36 36 46 46 46 34 34 34 46 46 46 36 36 36 46 46 46 34 34 34 47 47 47 32 32 32 47 47 47 34 34 34 47 47 47 32 32 32 48 48 48 30 30 30 48 48 48 32 32 32 48 48 48 30 30 30 49 49 49 28 28 28 49 49 49 30 30 30 49 49 49 28 28 28 50 50 50 26 26 26 50 50 50 28 28 28 50 50 50 26 26 26 51 51 51 15 15 15 51 51 51 26 26 26 51 51 51 15 15 15 52 52 52 0 0 0 52 52 52 15 15 15 52 52 52 0 0 0 2 2 2 42 42 42 53 53 53 43 43 43 43 43 43 53 53 53 54 54 54 55 55 55 54 54 54 53 53 53 54 54 54 55 55 55 56 56 56 57 57 57 56 56 56 55 55 55 56 56 56 57 57 57 58 58 58 59 59 59 58 58 58 57 57 57 58 58 58 59 59 59 60 60 60 61 61 61 60 60 60 59 59 59 60 60 60 61 61 61 62 62 62 63 63 63 62 62 62 61 61 61 62 62 62 63 63 63 64 64 64 65 65 65 64 64 64 63 63 63 64 64 64 65 65 65 66 66 66 67 67 67 66 66 66 65 65 65 66 66 66 67 67 67 68 68 68 67 67 67 65 65 65 69 69 69 69 69 69 65 65 65 70 70 70 63 63 63 70 70 70 65 65 65 70 70 70 63 63 63 71 71 71 61 61 61 71 71 71 63 63 63 71 71 71 61 61 61 72 72 72 59 59 59 72 72 72 61 61 61 72 72 72 59 59 59 73 73 73 57 57 57 73 73 73 59 59 59 73 73 73 57 57 57 74 74 74 55 55 55 74 74 74 57 57 57 74 74 74 55 55 55 75 75 75 53 53 53 75 75 75 55 55 55 75 75 75 53 53 53 76 76 76 42 42 42 76 76 76 53 53 53 76 76 76 42 42 42 77 77 77 40 40 40 77 77 77 42 42 42 77 77 77 40 40 40 44 44 44 78 78 78 79 79 79 80 80 80 80 80 80 79 79 79 81 81 81 82 82 82 81 81 81 79 79 79 81 81 81 82 82 82 83 83 83 84 84 84 83 83 83 82 82 82 83 83 83 84 84 84 85 85 85 86 86 86 85 85 85 84 84 84 85 85 85 86 86 86 87 87 87 88 88 88 87 87 87 86 86 86 87 87 87 88 88 88 89 89 89 90 90 90 89 89 89 88 88 88 89 89 89 90 90 90 91 91 91 92 92 92 93 93 93 94 94 94 93 93 93 92 92 92 78 78 78 95 95 95 78 78 78 92 92 92 78 78 78 95 95 95 79 79 79 96 96 96 79 79 79 95 95 95 79 79 79 96 96 96 82 82 82 97 97 97 82 82 82 96 96 96 82 82 82 97 97 97 84 84 84 98 98 98 84 84 84 97 97 97 84 84 84 98 98 98 86 86 86 99 99 99 86 86 86 98 98 98 86 86 86 99 99 99 88 88 88 100 100 100 88 88 88 99 99 99 88 88 88 100 100 100 90 90 90 101 101 101 90 90 90 100 100 100 102 102 102 90 90 90 101 101 101 90 90 90 102 102 102 91 91 91 103 103 103 91 91 91 102 102 102 93 93 93 104 104 104 94 94 94 94 94 94 104 104 104 105 105 105 106 106 106 105 105 105 104 104 104 105 105 105 106 106 106 107 107 107 108 108 108 107 107 107 106 106 106 107 107 107 108 108 108 109 109 109 110 110 110 109 109 109 108 108 108 109 109 109 110 110 110 111 111 111 112 112 112 111 111 111 110 110 110 111 111 111 112 112 112 113 113 113 114 114 114 113 113 113 112 112 112 113 113 113 114 114 114 115 115 115 116 116 116 115 115 115 114 114 114 115 115 115 116 116 116 117 117 117 118 118 118 117 117 117 116 116 116 117 117 117 118 118 118 119 119 119 120 120 120 119 119 119 118 118 118 119 119 119 120 120 120 121 121 121 118 118 118 116 116 116 122 122 122 122 122 122 116 116 116 123 123 123 114 114 114 123 123 123 116 116 116 123 123 123 114 114 114 124 124 124 112 112 112 124 124 124 114 114 114 124 124 124 112 112 112 125 125 125 110 110 110 125 125 125 112 112 112 125 125 125 110 110 110 126 126 126 108 108 108 126 126 126 110 110 110 126 126 126 108 108 108 127 127 127 106 106 106 127 127 127 108 108 108 127 127 127 106 106 106 128 128 128 104 104 104 128 128 128 106 106 106 128 128 128 104 104 104 129 129 129 93 93 93 129 129 129 104 104 104 129 129 129 93 93 93 130 130 130 78 78 78 130 130 130 93 93 93 130 130 130 78 78 78 80 80 80 120 120 120 131 131 131 121 121 121 121 121 121 131 131 131 132 132 132 133 133 133 132 132 132 131 131 131 132 132 132 133 133 133 134 134 134 135 135 135 134 134 134 133 133 133 134 134 134 135 135 135 136 136 136 137 137 137 136 136 136 135 135 135 136 136 136 137 137 137 138 138 138 139 139 139 138 138 138 137 137 137 138 138 138 139 139 139 140 140 140 141 141 141 140 140 140 139 139 139 140 140 140 141 141 141 142 142 142 143 143 143 142 142 142 141 141 141 142 142 142 143 143 143 144 144 144 145 145 145 144 144 144 143 143 143 144 144 144 145 145 145 146 146 146 145 145 145 143 143 143 147 147 147 147 147 147 143 143 143 148 148 148 141 141 141 148 148 148 143 143 143 148 148 148 141 141 141 149 149 149 139 139 139 149 149 149 141 141 141 149 149 149 139 139 139 150 150 150 137 137 137 150 150 150 139 139 139 150 150 150 137 137 137 151 151 151 135 135 135 151 151 151 137 137 137 151 151 151 135 135 135 152 152 152 133 133 133 152 152 152 135 135 135 152 152 152 133 133 133 153 153 153 131 131 131 153 153 153 133 133 133 153 153 153 131 131 131 154 154 154 120 120 120 154 154 154 131 131 131 154 154 154 120 120 120 155 155 155 118 118 118 155 155 155 120 120 120 155 155 155 118 118 118 122 122 122 156 156 156 157 157 157 158 158 158 158 158 158 157 157 157 159 159 159 160 160 160 159 159 159 157 157 157 159 159 159 160 160 160 161 161 161 162 162 162 161 161 161 160 160 160 161 161 161 162 162 162 163 163 163 164 164 164 163 163 163 162 162 162 163 163 163 164 164 164 165 165 165 166 166 166 165 165 165 164 164 164 165 165 165 166 166 166 167 167 167 168 168 168 167 167 167 166 166 166 167 167 167 168 168 168 169 169 169 170 170 170 171 171 171 172 172 172 171 171 171 170 170 170 156 156 156 173 173 173 156 156 156 170 170 170 156 156 156 173 173 173 157 157 157 174 174 174 157 157 157 173 173 173 157 157 157 174 174 174 160 160 160 175 175 175 160 160 160 174 174 174 160 160 160 175 175 175 162 162 162 176 176 176 162 162 162 175 175 175 162 162 162 176 176 176 164 164 164 177 177 177 164 164 164 176 176 176 164 164 164 177 177 177 166 166 166 178 178 178 166 166 166 177 177 177 166 166 166 178 178 178 168 168 168 179 179 179 168 168 168 178 178 178 180 180 180 168 168 168 179 179 179 168 168 168 180 180 180 169 169 169 181 181 181 169 169 169 180 180 180 171 171 171 182 182 182 172 172 172 172 172 172 182 182 182 183 183 183 184 184 184 183 183 183 182 182 182 183 183 183 184 184 184 185 185 185 186 186 186 185 185 185 184 184 184 185 185 185 186 186 186 187 187 187 188 188 188 187 187 187 186 186 186 187 187 187 188 188 188 189 189 189 190 190 190 189 189 189 188 188 188 189 189 189 190 190 190 191 191 191 192 192 192 191 191 191 190 190 190 191 191 191 192 192 192 193 193 193 194 194 194 193 193 193 192 192 192 193 193 193 194 194 194 195 195 195 196 196 196 195 195 195 194 194 194 195 195 195 196 196 196 197 197 197 198 198 198 197 197 197 196 196 196 197 197 197 198 198 198 199 199 199 196 196 196 194 194 194 200 200 200 200 200 200 194 194 194 201 201 201 192 192 192 201 201 201 194 194 194 201 201 201 192 192 192 202 202 202 190 190 190 202 202 202 192 192 192 202 202 202 190 190 190 203 203 203 188 188 188 203 203 203 190 190 190 203 203 203 188 188 188 204 204 204 186 186 186 204 204 204 188 188 188 204 204 204 186 186 186 205 205 205 184 184 184 205 205 205 186 186 186 205 205 205 184 184 184 206 206 206 182 182 182 206 206 206 184 184 184 206 206 206 182 182 182 207 207 207 171 171 171 207 207 207 182 182 182 207 207 207 171 171 171 208 208 208 156 156 156 208 208 208 171 171 171 208 208 208 156 156 156 158 158 158 198 198 198 209 209 209 199 199 199 199 199 199 209 209 209 210 210 210 211 211 211 210 210 210 209 209 209 210 210 210 211 211 211 212 212 212 213 213 213 212 212 212 211 211 211 212 212 212 213 213 213 214 214 214 215 215 215 214 214 214 213 213 213 214 214 214 215 215 215 216 216 216 217 217 217 216 216 216 215 215 215 216 216 216 217 217 217 218 218 218 219 219 219 218 218 218 217 217 217 218 218 218 219 219 219 220 220 220 221 221 221 220 220 220 219 219 219 220 220 220 221 221 221 222 222 222 223 223 223 222 222 222 221 221 221 222 222 222 223 223 223 224 224 224 223 223 223 221 221 221 225 225 225 225 225 225 221 221 221 226 226 226 219 219 219 226 226 226 221 221 221 226 226 226 219 219 219 227 227 227 217 217 217 227 227 227 219 219 219 227 227 227 217 217 217 228 228 228 215 215 215 228 228 228 217 217 217 228 228 228 215 215 215 229 229 229 213 213 213 229 229 229 215 215 215 229 229 229 213 213 213 230 230 230 211 211 211 230 230 230 213 213 213 230 230 230 211 211 211 231 231 231 209 209 209 231 231 231 211 211 211 231 231 231 209 209 209 232 232 232 198 198 198 232 232 232 209 209 209 232 232 232 198 198 198 233 233 233 196 196 196 233 233 233 198 198 198 233 233 233 196 196 196 200 200 200 234 234 234 235 235 235 236 236 236 236 236 236 235 235 235 237 237 237 238 238 238 237 237 237 235 235 235 237 237 237 238 238 238 239 239 239 240 240 240 239 239 239 238 238 238 239 239 239 240 240 240 241 241 241 242 242 242 241 241 241 240 240 240 241 241 241 242 242 242 243 243 243 244 244 244 243 243 243 242 242 242 243 243 243 244 244 244 245 245 245 246 246 246 245 245 245 244 244 244 245 245 245 246 246 246 247 247 247 248 248 248 249 249 249 250 250 250 249 249 249 248 248 248 234 234 234 251 251 251 234 234 234 248 248 248 234 234 234 251 251 251 235 235 235 252 252 252 235 235 235 251 251 251 235 235 235 252 252 252 238 238 238 253 253 253 238 238 238 252 252 252 238 238 238 253 253 253 240 240 240 254 254 254 240 240 240 253 253 253 240 240 240 254 254 254 242 242 242 255 255 255 242 242 242 254 254 254 242 242 242 255 255 255 244 244 244 256 256 256 244 244 244 255 255 255 244 244 244 256 256 256 246 246 246 257 257 257 246 246 246 256 256 256 258 258 258 246 246 246 257 257 257 246 246 246 258 258 258 247 247 247 259 259 259 247 247 247 258 258 258 249 249 249 260 260 260 250 250 250 250 250 250 260 260 260 261 261 261 262 262 262 261 261 261 260 260 260 261 261 261 262 262 262 263 263 263 264 264 264 263 263 263 262 262 262 263 263 263 264 264 264 265 265 265 266 266 266 265 265 265 264 264 264 265 265 265 266 266 266 267 267 267 268 268 268 267 267 267 266 266 266 267 267 267 268 268 268 269 269 269 270 270 270 269 269 269 268 268 268 269 269 269 270 270 270 271 271 271 272 272 272 271 271 271 270 270 270 271 271 271 272 272 272 273 273 273 274 274 274 273 273 273 272 272 272 273 273 273 274 274 274 275 275 275 276 276 276 275 275 275 274 274 274 275 275 275 276 276 276 277 277 277 274 274 274 272 272 272 278 278 278 278 278 278 272 272 272 279 279 279 270 270 270 279 279 279 272 272 272 279 279 279 270 270 270 280 280 280 268 268 268 280 280 280 270 270 270 280 280 280 268 268 268 281 281 281 266 266 266 281 281 281 268 268 268 281 281 281 266 266 266 282 282 282 264 264 264 282 282 282 266 266 266 282 282 282 264 264 264 283 283 283 262 262 262 283 283 283 264 264 264 283 283 283 262 262 262 284 284 284 260 260 260 284 284 284 262 262 262 284 284 284 260 260 260 285 285 285 249 249 249 285 285 285 260 260 260 285 285 285 249 249 249 286 286 286 234 234 234 286 286 286 249 249 249 286 286 286 234 234 234 236 236 236 276 276 276 287 287 287 277 277 277 277 277 277 287 287 287 288 288 288 289 289 289 288 288 288 287 287 287 288 288 288 289 289 289 290 290 290 291 291 291 290 290 290 289 289 289 290 290 290 291 291 291 292 292 292 293 293 293 292 292 292 291 291 291 292 292 292 293 293 293 294 294 294 295 295 295 294 294 294 293 293 293 294 294 294 295 295 295 296 296 296 297 297 297 296 296 296 295 295 295 296 296 296 297 297 297 298 298 298 299 299 299 298 298 298 297 297 297 298 298 298 299 299 299 300 300 300 301 301 301 300 300 300 299 299 299 300 300 300 301 301 301 302 302 302 301 301 301 299 299 299 303 303 303 303 303 303 299 299 299 304 304 304 297 297 297 304 304 304 299 299 299 304 304 304 297 297 297 305 305 305 295 295 295 305 305 305 297 297 297 305 305 305 295 295 295 306 306 306 293 293 293 306 306 306 295 295 295 306 306 306 293 293 293 307 307 307 291 291 291 307 307 307 293 293 293 307 307 307 291 291 291 308 308 308 289 289 289 308 308 308 291 291 291 308 308 308 289 289 289 309 309 309 287 287 287 309 309 309 289 289 289 309 309 309 287 287 287 310 310 310 276 276 276 310 310 310 287 287 287 310 310 310 276 276 276 311 311 311 274 274 274 311 311 311 276 276 276 311 311 311 274 274 274 278 278 278 312 312 312 313 313 313 314 314 314 314 314 314 313 313 313 315 315 315 316 316 316 315 315 315 313 313 313 315 315 315 316 316 316 317 317 317 318 318 318 317 317 317 316 316 316 317 317 317 318 318 318 319 319 319 320 320 320 319 319 319 318 318 318 319 319 319 320 320 320 321 321 321 322 322 322 321 321 321 320 320 320 321 321 321 322 322 322 323 323 323 324 324 324 323 323 323 322 322 322 323 323 323 324 324 324 325 325 325 326 326 326 327 327 327 328 328 328 327 327 327 326 326 326 312 312 312 329 329 329 312 312 312 326 326 326 312 312 312 329 329 329 313 313 313 330 330 330 313 313 313 329 329 329 313 313 313 330 330 330 316 316 316 331 331 331 316 316 316 330 330 330 316 316 316 331 331 331 318 318 318 332 332 332 318 318 318 331 331 331 318 318 318 332 332 332 320 320 320 333 333 333 320 320 320 332 332 332 320 320 320 333 333 333 322 322 322 334 334 334 322 322 322 333 333 333 322 322 322 334 334 334 324 324 324 335 335 335 324 324 324 334 334 334 336 336 336 324 324 324 335 335 335 324 324 324 336 336 336 325 325 325 337 337 337 325 325 325 336 336 336 327 327 327 338 338 338 328 328 328 328 328 328 338 338 338 339 339 339 340 340 340 339 339 339 338 338 338 339 339 339 340 340 340 341 341 341 342 342 342 341 341 341 340 340 340 341 341 341 342 342 342 343 343 343 344 344 344 343 343 343 342 342 342 343 343 343 344 344 344 345 345 345 346 346 346 345 345 345 344 344 344 345 345 345 346 346 346 347 347 347 348 348 348 347 347 347 346 346 346 347 347 347 348 348 348 349 349 349 350 350 350 349 349 349 348 348 348 349 349 349 350 350 350 351 351 351 352 352 352 351 351 351 350 350 350 351 351 351 352 352 352 353 353 353 354 354 354 353 353 353 352 352 352 353 353 353 354 354 354 355 355 355 352 352 352 350 350 350 356 356 356 356 356 356 350 350 350 357 357 357 348 348 348 357 357 357 350 350 350 357 357 357 348 348 348 358 358 358 346 346 346 358 358 358 348 348 348 358 358 358 346 346 346 359 359 359 344 344 344 359 359 359 346 346 346 359 359 359 344 344 344 360 360 360 342 342 342 360 360 360 344 344 344 360 360 360 342 342 342 361 361 361 340 340 340 361 361 361 342 342 342 361 361 361 340 340 340 362 362 362 338 338 338 362 362 362 340 340 340 362 362 362 338 338 338 363 363 363 327 327 327 363 363 363 338 338 338 363 363 363 327 327 327 364 364 364 312 312 312 364 364 364 327 327 327 364 364 364 312 312 312 314 314 314 354 354 354 365 365 365 355 355 355 355 355 355 365 365 365 366 366 366 367 367 367 366 366 366 365 365 365 366 366 366 367 367 367 368 368 368 369 369 369 368 368 368 367 367 367 368 368 368 369 369 369 370 370 370 371 371 371 370 370 370 369 369 369 370 370 370 371 371 371 372 372 372 373 373 373 372 372 372 371 371 371 372 372 372 373 373 373 374 374 374 375 375 375 374 374 374 373 373 373 374 374 374 375 375 375 376 376 376 377 377 377 376 376 376 375 375 375 376 376 376 377 377 377 378 378 378 379 379 379 378 378 378 377 377 377 378 378 378 379 379 379 380 380 380 379 379 379 377 377 377 381 381 381 381 381 381 377 377 377 382 382 382 375 375 375 382 382 382 377 377 377 382 382 382 375 375 375 383 383 383 373 373 373 383 383 383 375 375 375 383 383 383 373 373 373 384 384 384 371 371 371 384 384 384 373 373 373 384 384 384 371 371 371 385 385 385 369 369 369 385 385 385 371 371 371 385 385 385 369 369 369 386 386 386 367 367 367 386 386 386 369 369 369 386 386 386 367 367 367 387 387 387 365 365 365 387 387 387 367 367 367 387 387 387 365 365 365 388 388 388 354 354 354 388 388 388 365 365 365 388 388 388 354 354 354 389 389 389 352 352 352 389 389 389 354 354 354 389 389 389 352 352 352 356 356 356 390 390 390 391 391 391 392 392 392 392 392 392 391 391 391 393 393 393 394 394 394 393 393 393 391 391 391 393 393 393 394 394 394 395 395 395 396 396 396 395 395 395 394 394 394 395 395 395 396 396 396 397 397 397 398 398 398 397 397 397 396 396 396 397 397 397 398 398 398 399 399 399 400 400 400 399 399 399 398 398 398 399 399 399 400 400 400 401 401 401 402 402 402 401 401 401 400 400 400 401 401 401 402 402 402 403 403 403 404 404 404 405 405 405 406 406 406 405 405 405 404 404 404 390 390 390 407 407 407 390 390 390 404 404 404 390 390 390 407 407 407 391 391 391 408 408 408 391 391 391 407 407 407 391 391 391 408 408 408 394 394 394 409 409 409 394 394 394 408 408 408 394 394 394 409 409 409 396 396 396 410 410 410 396 396 396 409 409 409 396 396 396 410 410 410 398 398 398 411 411 411 398 398 398 410 410 410 398 398 398 411 411 411 400 400 400 412 412 412 400 400 400 411 411 411 400 400 400 412 412 412 402 402 402 413 413 413 402 402 402 412 412 412 414 414 414 402 402 402 413 413 413 402 402 402 414 414 414 403 403 403 415 415 415 403 403 403 414 414 414 405 405 405 416 416 416 406 406 406 406 406 406 416 416 416 417 417 417 418 418 418 417 417 417 416 416 416 417 417 417 418 418 418 419 419 419 420 420 420 419 419 419 418 418 418 419 419 419 420 420 420 421 421 421 422 422 422 421 421 421 420 420 420 421 421 421 422 422 422 423 423 423 424 424 424 423 423 423 422 422 422 423 423 423 424 424 424 425 425 425 426 426 426 425 425 425 424 424 424 425 425 425 426 426 426 427 427 427 428 428 428 427 427 427 426 426 426 427 427 427 428 428 428 429 429 429 430 430 430 429 429 429 428 428 428 429 429 429 430 430 430 431 431 431 432 432 432 431 431 431 430 430 430 431 431 431 432 432 432 433 433 433 430 430 430 428 428 428 434 434 434 434 434 434 428 428 428 435 435 435 426 426 426 435 435 435 428 428 428 435 435 435 426 426 426 436 436 436 424 424 424 436 436 436 426 426 426 436 436 436 424 424 424 437 437 437 422 422 422 437 437 437 424 424 424 437 437 437 422 422 422 438 438 438 420 420 420 438 438 438 422 422 422 438 438 438 420 420 420 439 439 439 418 418 418 439 439 439 420 420 420 439 439 439 418 418 418 440 440 440 416 416 416 440 440 440 418 418 418 440 440 440 416 416 416 441 441 441 405 405 405 441 441 441 416 416 416 441 441 441 405 405 405 442 442 442 390 390 390 442 442 442 405 405 405 442 442 442 390 390 390 392 392 392 432 432 432 443 443 443 433 433 433 433 433 433 443 443 443 444 444 444 445 445 445 444 444 444 443 443 443 444 444 444 445 445 445 446 446 446 447 447 447 446 446 446 445 445 445 446 446 446 447 447 447 448 448 448 449 449 449 448 448 448 447 447 447 448 448 448 449 449 449 450 450 450 451 451 451 450 450 450 449 449 449 450 450 450 451 451 451 452 452 452 453 453 453 452 452 452 451 451 451 452 452 452 453 453 453 454 454 454 455 455 455 454 454 454 453 453 453 454 454 454 455 455 455 456 456 456 457 457 457 456 456 456 455 455 455 456 456 456 457 457 457 458 458 458 457 457 457 455 455 455 459 459 459 459 459 459 455 455 455 460 460 460 453 453 453 460 460 460 455 455 455 460 460 460 453 453 453 461 461 461 451 451 451 461 461 461 453 453 453 461 461 461 451 451 451 462 462 462 449 449 449 462 462 462 451 451 451 462 462 462 449 449 449 463 463 463 447 447 447 463 463 463 449 449 449 463 463 463 447 447 447 464 464 464 445 445 445 464 464 464 447 447 447 464 464 464 445 445 445 465 465 465 443 443 443 465 465 465 445 445 445 465 465 465 443 443 443 466 466 466 432 432 432 466 466 466 443 443 443 466 466 466 432 432 432 467 467 467 430 430 430 467 467 467 432 432 432 467 467 467 430 430 430 434 434 434 468 468 468 469 469 469 470 470 470 470 470 470 469 469 469 471 471 471 472 472 472 471 471 471 469 469 469 471 471 471 472 472 472 473 473 473 474 474 474 473 473 473 472 472 472 473 473 473 474 474 474 475 475 475 476 476 476 475 475 475 474 474 474 475 475 475 476 476 476 477 477 477 478 478 478 477 477 477 476 476 476 477 477 477 478 478 478 479 479 479 480 480 480 479 479 479 478 478 478 479 479 479 480 480 480 481 481 481 482 482 482 483 483 483 484 484 484 483 483 483 482 482 482 468 468 468 485 485 485 468 468 468 482 482 482 468 468 468 485 485 485 469 469 469 486 486 486 469 469 469 485 485 485 469 469 469 486 486 486 472 472 472 487 487 487 472 472 472 486 486 486 472 472 472 487 487 487 474 474 474 488 488 488 474 474 474 487 487 487 474 474 474 488 488 488 476 476 476 489 489 489 476 476 476 488 488 488 476 476 476 489 489 489 478 478 478 490 490 490 478 478 478 489 489 489 478 478 478 490 490 490 480 480 480 491 491 491 480 480 480 490 490 490 492 492 492 480 480 480 491 491 491 480 480 480 492 492 492 481 481 481 493 493 493 481 481 481 492 492 492 483 483 483 494 494 494 484 484 484 484 484 484 494 494 494 495 495 495 496 496 496 495 495 495 494 494 494 495 495 495 496 496 496 497 497 497 498 498 498 497 497 497 496 496 496 497 497 497 498 498 498 499 499 499 500 500 500 499 499 499 498 498 498 499 499 499 500 500 500 501 501 501 502 502 502 501 501 501 500 500 500 501 501 501 502 502 502 503 503 503 504 504 504 503 503 503 502 502 502 503 503 503 504 504 504 505 505 505 506 506 506 505 505 505 504 504 504 505 505 505 506 506 506 507 507 507 508 508 508 507 507 507 506 506 506 507 507 507 508 508 508 509 509 509 510 510 510 509 509 509 508 508 508 509 509 509 510 510 510 511 511 511 508 508 508 506 506 506 512 512 512 512 512 512 506 506 506 513 513 513 504 504 504 513 513 513 506 506 506 513 513 513 504 504 504 514 514 514 502 502 502 514 514 514 504 504 504 514 514 514 502 502 502 515 515 515 500 500 500 515 515 515 502 502 502 515 515 515 500 500 500 516 516 516 498 498 498 516 516 516 500 500 500 516 516 516 498 498 498 517 517 517 496 496 496 517 517 517 498 498 498 517 517 517 496 496 496 518 518 518 494 494 494 518 518 518 496 496 496 518 518 518 494 494 494 519 519 519 483 483 483 519 519 519 494 494 494 519 519 519 483 483 483 520 520 520 468 468 468 520 520 520 483 483 483 520 520 520 468 468 468 470 470 470 510 510 510 521 521 521 511 511 511 511 511 511 521 521 521 522 522 522 523 523 523 522 522 522 521 521 521 522 522 522 523 523 523 524 524 524 525 525 525 524 524 524 523 523 523 524 524 524 525 525 525 526 526 526 527 527 527 526 526 526 525 525 525 526 526 526 527 527 527 528 528 528 529 529 529 528 528 528 527 527 527 528 528 528 529 529 529 530 530 530 531 531 531 530 530 530 529 529 529 530 530 530 531 531 531 532 532 532 533 533 533 532 532 532 531 531 531 532 532 532 533 533 533 534 534 534 535 535 535 534 534 534 533 533 533 534 534 534 535 535 535 536 536 536 535 535 535 533 533 533 537 537 537 537 537 537 533 533 533 538 538 538 531 531 531 538 538 538 533 533 533 538 538 538 531 531 531 539 539 539 529 529 529 539 539 539 531 531 531 539 539 539 529 529 529 540 540 540 527 527 527 540 540 540 529 529 529 540 540 540 527 527 527 541 541 541 525 525 525 541 541 541 527 527 527 541 541 541 525 525 525 542 542 542 523 523 523 542 542 542 525 525 525 542 542 542 523 523 523 543 543 543 521 521 521 543 543 543 523 523 523 543 543 543 521 521 521 544 544 544 510 510 510 544 544 544 521 521 521 544 544 544 510 510 510 545 545 545 508 508 508 545 545 545 510 510 510 545 545 545 508 508 508 512 512 512 546 546 546 547 547 547 548 548 548 548 548 548 547 547 547 549 549 549 550 550 550 549 549 549 547 547 547 549 549 549 550 550 550 551 551 551 552 552 552 551 551 551 550 550 550 551 551 551 552 552 552 553 553 553 554 554 554 553 553 553 552 552 552 553 553 553 554 554 554 555 555 555 556 556 556 555 555 555 554 554 554 555 555 555 556 556 556 557 557 557 558 558 558 557 557 557 556 556 556 557 557 557 558 558 558 559 559 559 560 560 560 561 561 561 562 562 562 561 561 561 560 560 560 546 546 546 563 563 563 546 546 546 560 560 560 546 546 546 563 563 563 547 547 547 564 564 564 547 547 547 563 563 563 547 547 547 564 564 564 550 550 550 565 565 565 550 550 550 564 564 564 550 550 550 565 565 565 552 552 552 566 566 566 552 552 552 565 565 565 552 552 552 566 566 566 554 554 554 567 567 567 554 554 554 566 566 566 554 554 554 567 567 567 556 556 556 568 568 568 556 556 556 567 567 567 556 556 556 568 568 568 558 558 558 569 569 569 558 558 558 568 568 568 570 570 570 558 558 558 569 569 569 558 558 558 570 570 570 559 559 559 571 571 571 559 559 559 570 570 570 561 561 561 572 572 572 562 562 562 562 562 562 572 572 572 573 573 573 574 574 574 573 573 573 572 572 572 573 573 573 574 574 574 575 575 575 576 576 576 575 575 575 574 574 574 575 575 575 576 576 576 577 577 577 578 578 578 577 577 577 576 576 576 577 577 577 578 578 578 579 579 579 580 580 580 579 579 579 578 578 578 579 579 579 580 580 580 581 581 581 582 582 582 581 581 581 580 580 580 581 581 581 582 582 582 583 583 583 584 584 584 583 583 583 582 582 582 583 583 583 584 584 584 585 585 585 586 586 586 585 585 585 584 584 584 585 585 585 586 586 586 587 587 587 588 588 588 587 587 587 586 586 586 587 587 587 588 588 588 589 589 589 586 586 586 584 584 584 590 590 590 590 590 590 584 584 584 591 591 591 582 582 582 591 591 591 584 584 584 591 591 591 582 582 582 592 592 592 580 580 580 592 592 592 582 582 582 592 592 592 580 580 580 593 593 593 578 578 578 593 593 593 580 580 580 593 593 593 578 578 578 594 594 594 576 576 576 594 594 594 578 578 578 594 594 594 576 576 576 595 595 595 574 574 574 595 595 595 576 576 576 595 595 595 574 574 574 596 596 596 572 572 572 596 596 596 574 574 574 596 596 596 572 572 572 597 597 597 561 561 561 597 597 597 572 572 572 597 597 597 561 561 561 598 598 598 546 546 546 598 598 598 561 561 561 598 598 598 546 546 546 548 548 548 588 588 588 599 599 599 589 589 589 589 589 589 599 599 599 600 600 600 601 601 601 600 600 600 599 599 599 600 600 600 601 601 601 602 602 602 603 603 603 602 602 602 601 601 601 602 602 602 603 603 603 604 604 604 605 605 605 604 604 604 603 603 603 604 604 604 605 605 605 606 606 606 607 607 607 606 606 606 605 605 605 606 606 606 607 607 607 608 608 608 609 609 609 608 608 608 607 607 607 608 608 608 609 609 609 610 610 610 611 611 611 610 610 610 609 609 609 610 610 610 611 611 611 612 612 612 613 613 613 612 612 612 611 611 611 612 612 612 613 613 613 614 614 614 613 613 613 611 611 611 615 615 615 615 615 615 611 611 611 616 616 616 609 609 609 616 616 616 611 611 611 616 616 616 609 609 609 617 617 617 607 607 607 617 617 617 609 609 609 617 617 617 607 607 607 618 618 618 605 605 605 618 618 618 607 607 607 618 618 618 605 605 605 619 619 619 603 603 603 619 619 619 605 605 605 619 619 619 603 603 603 620 620 620 601 601 601 620 620 620 603 603 603 620 620 620 601 601 601 621 621 621 599 599 599 621 621 621 601 601 601 621 621 621 599 599 599 622 622 622 588 588 588 622 622 622 599 599 599 622 622 622 588 588 588 623 623 623 586 586 586 623 623 623 588 588 588 623 623 623 586 586 586 590 590 590 624 624 624 625 625 625 626 626 626 626 626 626 625 625 625 627 627 627 628 628 628 627 627 627 625 625 625 627 627 627 628 628 628 629 629 629 630 630 630 629 629 629 628 628 628 629 629 629 630 630 630 631 631 631 632 632 632 631 631 631 630 630 630 631 631 631 632 632 632 633 633 633 634 634 634 633 633 633 632 632 632 633 633 633 634 634 634 635 635 635 636 636 636 635 635 635 634 634 634 635 635 635 636 636 636 637 637 637 638 638 638 639 639 639 640 640 640 639 639 639 638 638 638 624 624 624 641 641 641 624 624 624 638 638 638 624 624 624 641 641 641 625 625 625 642 642 642 625 625 625 641 641 641 625 625 625 642 642 642 628 628 628 643 643 643 628 628 628 642 642 642 628 628 628 643 643 643 630 630 630 644 644 644 630 630 630 643 643 643 630 630 630 644 644 644 632 632 632 645 645 645 632 632 632 644 644 644 632 632 632 645 645 645 634 634 634 646 646 646 634 634 634 645 645 645 634 634 634 646 646 646 636 636 636 647 647 647 636 636 636 646 646 646 648 648 648 636 636 636 647 647 647 636 636 636 648 648 648 637 637 637 649 649 649 637 637 637 648 648 648 639 639 639 650 650 650 640 640 640 640 640 640 650 650 650 651 651 651 652 652 652 651 651 651 650 650 650 651 651 651 652 652 652 653 653 653 654 654 654 653 653 653 652 652 652 653 653 653 654 654 654 655 655 655 656 656 656 655 655 655 654 654 654 655 655 655 656 656 656 657 657 657 658 658 658 657 657 657 656 656 656 657 657 657 658 658 658 659 659 659 660 660 660 659 659 659 658 658 658 659 659 659 660 660 660 661 661 661 662 662 662 661 661 661 660 660 660 661 661 661 662 662 662 663 663 663 664 664 664 663 663 663 662 662 662 663 663 663 664 664 664 665 665 665 666 666 666 665 665 665 664 664 664 665 665 665 666 666 666 667 667 667 664 664 664 662 662 662 668 668 668 668 668 668 662 662 662 669 669 669 660 660 660 669 669 669 662 662 662 669 669 669 660 660 660 670 670 670 658 658 658 670 670 670 660 660 660 670 670 670 658 658 658 671 671 671 656 656 656 671 671 671 658 658 658 671 671 671 656 656 656 672 672 672 654 654 654 672 672 672 656 656 656 672 672 672 654 654 654 673 673 673 652 652 652 673 673 673 654 654 654 673 673 673 652 652 652 674 674 674 650 650 650 674 674 674 652 652 652 674 674 674 650 650 650 675 675 675 639 639 639 675 675 675 650 650 650 675 675 675 639 639 639 676 676 676 624 624 624 676 676 676 639 639 639 676 676 676 624 624 624 626 626 626 666 666 666 677 677 677 667 667 667 667 667 667 677 677 677 678 678 678 679 679 679 678 678 678 677 677 677 678 678 678 679 679 679 680 680 680 681 681 681 680 680 680 679 679 679 680 680 680 681 681 681 682 682 682 683 683 683 682 682 682 681 681 681 682 682 682 683 683 683 684 684 684 685 685 685 684 684 684 683 683 683 684 684 684 685 685 685 686 686 686 687 687 687 686 686 686 685 685 685 686 686 686 687 687 687 688 688 688 689 689 689 688 688 688 687 687 687 688 688 688 689 689 689 690 690 690 691 691 691 690 690 690 689 689 689 690 690 690 691 691 691 692 692 692 691 691 691 689 689 689 693 693 693 693 693 693 689 689 689 694 694 694 687 687 687 694 694 694 689 689 689 694 694 694 687 687 687 695 695 695 685 685 685 695 695 695 687 687 687 695 695 695 685 685 685 696 696 696 683 683 683 696 696 696 685 685 685 696 696 696 683 683 683 697 697 697 681 681 681 697 697 697 683 683 683 697 697 697 681 681 681 698 698 698 679 679 679 698 698 698 681 681 681 698 698 698 679 679 679 699 699 699 677 677 677 699 699 699 679 679 679 699 699 699 677 677 677 700 700 700 666 666 666 700 700 700 677 677 677 700 700 700 666 666 666 701 701 701 664 664 664 701 701 701 666 666 666 701 701 701 664 664 664 668 668 668 702 702 702 703 703 703 704 704 704 704 704 704 703 703 703 705 705 705 706 706 706 705 705 705 703 703 703 705 705 705 706 706 706 707 707 707 708 708 708 707 707 707 706 706 706 707 707 707 708 708 708 709 709 709 710 710 710 709 709 709 708 708 708 709 709 709 710 710 710 711 711 711 712 712 712 711 711 711 710 710 710 711 711 711 712 712 712 713 713 713 714 714 714 713 713 713 712 712 712 713 713 713 714 714 714 715 715 715 716 716 716 717 717 717 718 718 718 717 717 717 716 716 716 702 702 702 719 719 719 702 702 702 716 716 716 702 702 702 719 719 719 703 703 703 720 720 720 703 703 703 719 719 719 703 703 703 720 720 720 706 706 706 721 721 721 706 706 706 720 720 720 706 706 706 721 721 721 708 708 708 722 722 722 708 708 708 721 721 721 708 708 708 722 722 722 710 710 710 723 723 723 710 710 710 722 722 722 710 710 710 723 723 723 712 712 712 724 724 724 712 712 712 723 723 723 712 712 712 724 724 724 714 714 714 725 725 725 714 714 714 724 724 724 726 726 726 714 714 714 725 725 725 714 714 714 726 726 726 715 715 715 727 727 727 715 715 715 726 726 726 717 717 717 728 728 728 718 718 718 718 718 718 728 728 728 729 729 729 730 730 730 729 729 729 728 728 728 729 729 729 730 730 730 731 731 731 732 732 732 731 731 731 730 730 730 731 731 731 732 732 732 733 733 733 734 734 734 733 733 733 732 732 732 733 733 733 734 734 734 735 735 735 736 736 736 735 735 735 734 734 734 735 735 735 736 736 736 737 737 737 738 738 738 737 737 737 736 736 736 737 737 737 738 738 738 739 739 739 740 740 740 739 739 739 738 738 738 739 739 739 740 740 740 741 741 741 742 742 742 741 741 741 740 740 740 741 741 741 742 742 742 743 743 743 744 744 744 743 743 743 742 742 742 743 743 743 744 744 744 745 745 745 742 742 742 740 740 740 746 746 746 746 746 746 740 740 740 747 747 747 738 738 738 747 747 747 740 740 740 747 747 747 738 738 738 748 748 748 736 736 736 748 748 748 738 738 738 748 748 748 736 736 736 749 749 749 734 734 734 749 749 749 736 736 736 749 749 749 734 734 734 750 750 750 732 732 732 750 750 750 734 734 734 750 750 750 732 732 732 751 751 751 730 730 730 751 751 751 732 732 732 751 751 751 730 730 730 752 752 752 728 728 728 752 752 752 730 730 730 752 752 752 728 728 728 753 753 753 717 717 717 753 753 753 728 728 728 753 753 753 717 717 717 754 754 754 702 702 702 754 754 754 717 717 717 754 754 754 702 702 702 704 704 704 744 744 744 755 755 755 745 745 745 745 745 745 755 755 755 756 756 756 757 757 757 756 756 756 755 755 755 756 756 756 757 757 757 758 758 758 759 759 759 758 758 758 757 757 757 758 758 758 759 759 759 760 760 760 761 761 761 760 760 760 759 759 759 760 760 760 761 761 761 762 762 762 763 763 763 762 762 762 761 761 761 762 762 762 763 763 763 764 764 764 765 765 765 764 764 764 763 763 763 764 764 764 765 765 765 766 766 766 767 767 767 766 766 766 765 765 765 766 766 766 767 767 767 768 768 768 769 769 769 768 768 768 767 767 767 768 768 768 769 769 769 770 770 770 769 769 769 767 767 767 771 771 771 771 771 771 767 767 767 772 772 772 765 765 765 772 772 772 767 767 767 772 772 772 765 765 765 773 773 773 763 763 763 773 773 773 765 765 765 773 773 773 763 763 763 774 774 774 761 761 761 774 774 774 763 763 763 774 774 774 761 761 761 775 775 775 759 759 759 775 775 775 761 761 761 775 775 775 759 759 759 776 776 776 757 757 757 776 776 776 759 759 759 776 776 776 757 757 757 777 777 777 755 755 755 777 777 777 757 757 757 777 777 777 755 755 755 778 778 778 744 744 744 778 778 778 755 755 755 778 778 778 744 744 744 779 779 779 742 742 742 779 779 779 744 744 744 779 779 779 742 742 742 746 746 746 780 780 780 781 781 781 782 782 782 782 782 782 781 781 781 783 783 783 784 784 784 783 783 783 781 781 781 783 783 783 784 784 784 785 785 785 786 786 786 785 785 785 784 784 784 785 785 785 786 786 786 787 787 787 788 788 788 787 787 787 786 786 786 787 787 787 788 788 788 789 789 789 790 790 790 789 789 789 788 788 788 789 789 789 790 790 790 791 791 791 792 792 792 791 791 791 790 790 790 791 791 791 792 792 792 793 793 793 794 794 794 795 795 795 796 796 796 795 795 795 794 794 794 780 780 780 797 797 797 780 780 780 794 794 794 780 780 780 797 797 797 781 781 781 798 798 798 781 781 781 797 797 797 781 781 781 798 798 798 784 784 784 799 799 799 784 784 784 798 798 798 784 784 784 799 799 799 786 786 786 800 800 800 786 786 786 799 799 799 786 786 786 800 800 800 788 788 788 801 801 801 788 788 788 800 800 800 788 788 788 801 801 801 790 790 790 802 802 802 790 790 790 801 801 801 790 790 790 802 802 802 792 792 792 803 803 803 792 792 792 802 802 802 804 804 804 792 792 792 803 803 803 792 792 792 804 804 804 793 793 793 805 805 805 793 793 793 804 804 804 795 795 795 806 806 806 796 796 796 796 796 796 806 806 806 807 807 807 808 808 808 807 807 807 806 806 806 807 807 807 808 808 808 809 809 809 810 810 810 809 809 809 808 808 808 809 809 809 810 810 810 811 811 811 812 812 812 811 811 811 810 810 810 811 811 811 812 812 812 813 813 813 814 814 814 813 813 813 812 812 812 813 813 813 814 814 814 815 815 815 816 816 816 815 815 815 814 814 814 815 815 815 816 816 816 817 817 817 818 818 818 817 817 817 816 816 816 817 817 817 818 818 818 819 819 819 820 820 820 819 819 819 818 818 818 819 819 819 820 820 820 821 821 821 822 822 822 821 821 821 820 820 820 821 821 821 822 822 822 823 823 823 820 820 820 818 818 818 824 824 824 824 824 824 818 818 818 825 825 825 816 816 816 825 825 825 818 818 818 825 825 825 816 816 816 826 826 826 814 814 814 826 826 826 816 816 816 826 826 826 814 814 814 827 827 827 812 812 812 827 827 827 814 814 814 827 827 827 812 812 812 828 828 828 810 810 810 828 828 828 812 812 812 828 828 828 810 810 810 829 829 829 808 808 808 829 829 829 810 810 810 829 829 829 808 808 808 830 830 830 806 806 806 830 830 830 808 808 808 830 830 830 806 806 806 831 831 831 795 795 795 831 831 831 806 806 806 831 831 831 795 795 795 832 832 832 780 780 780 832 832 832 795 795 795 832 832 832 780 780 780 782 782 782 822 822 822 833 833 833 823 823 823 823 823 823 833 833 833 834 834 834 835 835 835 834 834 834 833 833 833 834 834 834 835 835 835 836 836 836 837 837 837 836 836 836 835 835 835 836 836 836 837 837 837 838 838 838 839 839 839 838 838 838 837 837 837 838 838 838 839 839 839 840 840 840 841 841 841 840 840 840 839 839 839 840 840 840 841 841 841 842 842 842 843 843 843 842 842 842 841 841 841 842 842 842 843 843 843 844 844 844 845 845 845 844 844 844 843 843 843 844 844 844 845 845 845 846 846 846 847 847 847 846 846 846 845 845 845 846 846 846 847 847 847 848 848 848 847 847 847 845 845 845 849 849 849 849 849 849 845 845 845 850 850 850 843 843 843 850 850 850 845 845 845 850 850 850 843 843 843 851 851 851 841 841 841 851 851 851 843 843 843 851 851 851 841 841 841 852 852 852 839 839 839 852 852 852 841 841 841 852 852 852 839 839 839 853 853 853 837 837 837 853 853 853 839 839 839 853 853 853 837 837 837 854 854 854 835 835 835 854 854 854 837 837 837 854 854 854 835 835 835 855 855 855 833 833 833 855 855 855 835 835 835 855 855 855 833 833 833 856 856 856 822 822 822 856 856 856 833 833 833 856 856 856 822 822 822 857 857 857 820 820 820 857 857 857 822 822 822 857 857 857 820 820 820 824 824 824 858 858 858 859 859 859 860 860 860 860 860 860 859 859 859 861 861 861 862 862 862 861 861 861 859 859 859 861 861 861 862 862 862 863 863 863 864 864 864 863 863 863 862 862 862 863 863 863 864 864 864 865 865 865 866 866 866 865 865 865 864 864 864 865 865 865 866 866 866 867 867 867 868 868 868 867 867 867 866 866 866 867 867 867 868 868 868 869 869 869 870 870 870 869 869 869 868 868 868 869 869 869 870 870 870 871 871 871 872 872 872 873 873 873 874 874 874 873 873 873 872 872 872 858 858 858 875 875 875 858 858 858 872 872 872 858 858 858 875 875 875 859 859 859 876 876 876 859 859 859 875 875 875 859 859 859 876 876 876 862 862 862 877 877 877 862 862 862 876 876 876 862 862 862 877 877 877 864 864 864 878 878 878 864 864 864 877 877 877 864 864 864 878 878 878 866 866 866 879 879 879 866 866 866 878 878 878 866 866 866 879 879 879 868 868 868 880 880 880 868 868 868 879 879 879 868 868 868 880 880 880 870 870 870 881 881 881 870 870 870 880 880 880 882 882 882 870 870 870 881 881 881 870 870 870 882 882 882 871 871 871 883 883 883 871 871 871 882 882 882 873 873 873 884 884 884 874 874 874 874 874 874 884 884 884 885 885 885 886 886 886 885 885 885 884 884 884 885 885 885 886 886 886 887 887 887 888 888 888 887 887 887 886 886 886 887 887 887 888 888 888 889 889 889 890 890 890 889 889 889 888 888 888 889 889 889 890 890 890 891 891 891 892 892 892 891 891 891 890 890 890 891 891 891 892 892 892 893 893 893 894 894 894 893 893 893 892 892 892 893 893 893 894 894 894 895 895 895 896 896 896 895 895 895 894 894 894 895 895 895 896 896 896 897 897 897 898 898 898 897 897 897 896 896 896 897 897 897 898 898 898 899 899 899 900 900 900 899 899 899 898 898 898 899 899 899 900 900 900 901 901 901 898 898 898 896 896 896 902 902 902 902 902 902 896 896 896 903 903 903 894 894 894 903 903 903 896 896 896 903 903 903 894 894 894 904 904 904 892 892 892 904 904 904 894 894 894 904 904 904 892 892 892 905 905 905 890 890 890 905 905 905 892 892 892 905 905 905 890 890 890 906 906 906 888 888 888 906 906 906 890 890 890 906 906 906 888 888 888 907 907 907 886 886 886 907 907 907 888 888 888 907 907 907 886 886 886 908 908 908 884 884 884 908 908 908 886 886 886 908 908 908 884 884 884 909 909 909 873 873 873 909 909 909 884 884 884 909 909 909 873 873 873 910 910 910 858 858 858 910 910 910 873 873 873 910 910 910 858 858 858 860 860 860 900 900 900 911 911 911 901 901 901 901 901 901 911 911 911 912 912 912 913 913 913 912 912 912 911 911 911 912 912 912 913 913 913 914 914 914 915 915 915 914 914 914 913 913 913 914 914 914 915 915 915 916 916 916 917 917 917 916 916 916 915 915 915 916 916 916 917 917 917 918 918 918 919 919 919 918 918 918 917 917 917 918 918 918 919 919 919 920 920 920 921 921 921 920 920 920 919 919 919 920 920 920 921 921 921 922 922 922 923 923 923 922 922 922 921 921 921 922 922 922 923 923 923 924 924 924 925 925 925 924 924 924 923 923 923 924 924 924 925 925 925 926 926 926 925 925 925 923 923 923 927 927 927 927 927 927 923 923 923 928 928 928 921 921 921 928 928 928 923 923 923 928 928 928 921 921 921 929 929 929 919 919 919 929 929 929 921 921 921 929 929 929 919 919 919 930 930 930 917 917 917 930 930 930 919 919 919 930 930 930 917 917 917 931 931 931 915 915 915 931 931 931 917 917 917 931 931 931 915 915 915 932 932 932 913 913 913 932 932 932 915 915 915 932 932 932 913 913 913 933 933 933 911 911 911 933 933 933 913 913 913 933 933 933 911 911 911 934 934 934 900 900 900 934 934 934 911 911 911 934 934 934 900 900 900 935 935 935 898 898 898 935 935 935 900 900 900 935 935 935 898 898 898 902 902 902 936 936 936 937 937 937 938 938 938 938 938 938 937 937 937 939 939 939 940 940 940 939 939 939 937 937 937 939 939 939 940 940 940 941 941 941 942 942 942 941 941 941 940 940 940 941 941 941 942 942 942 943 943 943 944 944 944 943 943 943 942 942 942 943 943 943 944 944 944 945 945 945 946 946 946 945 945 945 944 944 944 945 945 945 946 946 946 947 947 947 948 948 948 947 947 947 946 946 946 947 947 947 948 948 948 949 949 949 950 950 950 951 951 951 952 952 952 951 951 951 950 950 950 936 936 936 953 953 953 936 936 936 950 950 950 936 936 936 953 953 953 937 937 937 954 954 954 937 937 937 953 953 953 937 937 937 954 954 954 940 940 940 955 955 955 940 940 940 954 954 954 940 940 940 955 955 955 942 942 942 956 956 956 942 942 942 955 955 955 942 942 942 956 956 956 944 944 944 957 957 957 944 944 944 956 956 956 944 944 944 957 957 957 946 946 946 958 958 958 946 946 946 957 957 957 946 946 946 958 958 958 948 948 948 959 959 959 948 948 948 958 958 958 960 960 960 948 948 948 959 959 959 948 948 948 960 960 960 949 949 949 961 961 961 949 949 949 960 960 960 951 951 951 962 962 962 952 952 952 952 952 952 962 962 962 963 963 963 964 964 964 963 963 963 962 962 962 963 963 963 964 964 964 965 965 965 966 966 966 965 965 965 964 964 964 965 965 965 966 966 966 967 967 967 968 968 968 967 967 967 966 966 966 967 967 967 968 968 968 969 969 969 970 970 970 969 969 969 968 968 968 969 969 969 970 970 970 971 971 971 972 972 972 971 971 971 970 970 970 971 971 971 972 972 972 973 973 973 974 974 974 973 973 973 972 972 972 973 973 973 974 974 974 975 975 975 976 976 976 975 975 975 974 974 974 975 975 975 976 976 976 977 977 977 978 978 978 977 977 977 976 976 976 977 977 977 978 978 978 979 979 979 976 976 976 974 974 974 980 980 980 980 980 980 974 974 974 981 981 981 972 972 972 981 981 981 974 974 974 981 981 981 972 972 972 982 982 982 970 970 970 982 982 982 972 972 972 982 982 982 970 970 970 983 983 983 968 968 968 983 983 983 970 970 970 983 983 983 968 968 968 984 984 984 966 966 966 984 984 984 968 968 968 984 984 984 966 966 966 985 985 985 964 964 964 985 985 985 966 966 966 985 985 985 964 964 964 986 986 986 962 962 962 986 986 986 964 964 964 986 986 986 962 962 962 987 987 987 951 951 951 987 987 987 962 962 962 987 987 987 951 951 951 988 988 988 936 936 936 988 988 988 951 951 951 988 988 988 936 936 936 938 938 938 978 978 978 989 989 989 979 979 979 979 979 979 989 989 989 990 990 990 991 991 991 990 990 990 989 989 989 990 990 990 991 991 991 992 992 992 993 993 993 992 992 992 991 991 991 992 992 992 993 993 993 994 994 994 995 995 995 994 994 994 993 993 993 994 994 994 995 995 995 996 996 996 997 997 997 996 996 996 995 995 995 996 996 996 997 997 997 998 998 998 999 999 999 998 998 998 997 997 997 998 998 998 999 999 999 1000 1000 1000 1001 1001 1001 1000 1000 1000 999 999 999 1000 1000 1000 1001 1001 1001 1002 1002 1002 1003 1003 1003 1002 1002 1002 1001 1001 1001 1002 1002 1002 1003 1003 1003 1004 1004 1004 1003 1003 1003 1001 1001 1001 1005 1005 1005 1005 1005 1005 1001 1001 1001 1006 1006 1006 999 999 999 1006 1006 1006 1001 1001 1001 1006 1006 1006 999 999 999 1007 1007 1007 997 997 997 1007 1007 1007 999 999 999 1007 1007 1007 997 997 997 1008 1008 1008 995 995 995 1008 1008 1008 997 997 997 1008 1008 1008 995 995 995 1009 1009 1009 993 993 993 1009 1009 1009 995 995 995 1009 1009 1009 993 993 993 1010 1010 1010 991 991 991 1010 1010 1010 993 993 993 1010 1010 1010 991 991 991 1011 1011 1011 989 989 989 1011 1011 1011 991 991 991 1011 1011 1011 989 989 989 1012 1012 1012 978 978 978 1012 1012 1012 989 989 989 1012 1012 1012 978 978 978 1013 1013 1013 976 976 976 1013 1013 1013 978 978 978 1013 1013 1013 976 976 976 980 980 980 1014 1014 1014 1015 1015 1015 1016 1016 1016 1016 1016 1016 1015 1015 1015 1017 1017 1017 1018 1018 1018 1017 1017 1017 1015 1015 1015 1017 1017 1017 1018 1018 1018 1019 1019 1019 1020 1020 1020 1019 1019 1019 1018 1018 1018 1019 1019 1019 1020 1020 1020 1021 1021 1021 1022 1022 1022 1021 1021 1021 1020 1020 1020 1021 1021 1021 1022 1022 1022 1023 1023 1023 1024 1024 1024 1023 1023 1023 1022 1022 1022 1023 1023 1023 1024 1024 1024 1025 1025 1025 1026 1026 1026 1025 1025 1025 1024 1024 1024 1025 1025 1025 1026 1026 1026 1027 1027 1027 1028 1028 1028 1029 1029 1029 1030 1030 1030 1029 1029 1029 1028 1028 1028 1014 1014 1014 1031 1031 1031 1014 1014 1014 1028 1028 1028 1014 1014 1014 1031 1031 1031 1015 1015 1015 1032 1032 1032 1015 1015 1015 1031 1031 1031 1015 1015 1015 1032 1032 1032 1018 1018 1018 1033 1033 1033 1018 1018 1018 1032 1032 1032 1018 1018 1018 1033 1033 1033 1020 1020 1020 1034 1034 1034 1020 1020 1020 1033 1033 1033 1020 1020 1020 1034 1034 1034 1022 1022 1022 1035 1035 1035 1022 1022 1022 1034 1034 1034 1022 1022 1022 1035 1035 1035 1024 1024 1024 1036 1036 1036 1024 1024 1024 1035 1035 1035 1024 1024 1024 1036 1036 1036 1026 1026 1026 1037 1037 1037 1026 1026 1026 1036 1036 1036 1038 1038 1038 1026 1026 1026 1037 1037 1037 1026 1026 1026 1038 1038 1038 1027 1027 1027 1039 1039 1039 1027 1027 1027 1038 1038 1038 1029 1029 1029 1040 1040 1040 1030 1030 1030 1030 1030 1030 1040 1040 1040 1041 1041 1041 1042 1042 1042 1041 1041 1041 1040 1040 1040 1041 1041 1041 1042 1042 1042 1043 1043 1043 1044 1044 1044 1043 1043 1043 1042 1042 1042 1043 1043 1043 1044 1044 1044 1045 1045 1045 1046 1046 1046 1045 1045 1045 1044 1044 1044 1045 1045 1045 1046 1046 1046 1047 1047 1047 1048 1048 1048 1047 1047 1047 1046 1046 1046 1047 1047 1047 1048 1048 1048 1049 1049 1049 1050 1050 1050 1049 1049 1049 1048 1048 1048 1049 1049 1049 1050 1050 1050 1051 1051 1051 1052 1052 1052 1051 1051 1051 1050 1050 1050 1051 1051 1051 1052 1052 1052 1053 1053 1053 1054 1054 1054 1053 1053 1053 1052 1052 1052 1053 1053 1053 1054 1054 1054 1055 1055 1055 1056 1056 1056 1055 1055 1055 1054 1054 1054 1055 1055 1055 1056 1056 1056 1057 1057 1057 1054 1054 1054 1052 1052 1052 1058 1058 1058 1058 1058 1058 1052 1052 1052 1059 1059 1059 1050 1050 1050 1059 1059 1059 1052 1052 1052 1059 1059 1059 1050 1050 1050 1060 1060 1060 1048 1048 1048 1060 1060 1060 1050 1050 1050 1060 1060 1060 1048 1048 1048 1061 1061 1061 1046 1046 1046 1061 1061 1061 1048 1048 1048 1061 1061 1061 1046 1046 1046 1062 1062 1062 1044 1044 1044 1062 1062 1062 1046 1046 1046 1062 1062 1062 1044 1044 1044 1063 1063 1063 1042 1042 1042 1063 1063 1063 1044 1044 1044 1063 1063 1063 1042 1042 1042 1064 1064 1064 1040 1040 1040 1064 1064 1064 1042 1042 1042 1064 1064 1064 1040 1040 1040 1065 1065 1065 1029 1029 1029 1065 1065 1065 1040 1040 1040 1065 1065 1065 1029 1029 1029 1066 1066 1066 1014 1014 1014 1066 1066 1066 1029 1029 1029 1066 1066 1066 1014 1014 1014 1016 1016 1016 1056 1056 1056 1067 1067 1067 1057 1057 1057 1057 1057 1057 1067 1067 1067 1068 1068 1068 1069 1069 1069 1068 1068 1068 1067 1067 1067 1068 1068 1068 1069 1069 1069 1070 1070 1070 1071 1071 1071 1070 1070 1070 1069 1069 1069 1070 1070 1070 1071 1071 1071 1072 1072 1072 1073 1073 1073 1072 1072 1072 1071 1071 1071 1072 1072 1072 1073 1073 1073 1074 1074 1074 1075 1075 1075 1074 1074 1074 1073 1073 1073 1074 1074 1074 1075 1075 1075 1076 1076 1076 1077 1077 1077 1076 1076 1076 1075 1075 1075 1076 1076 1076 1077 1077 1077 1078 1078 1078 1079 1079 1079 1078 1078 1078 1077 1077 1077 1078 1078 1078 1079 1079 1079 1080 1080 1080 1081 1081 1081 1080 1080 1080 1079 1079 1079 1080 1080 1080 1081 1081 1081 1082 1082 1082 1081 1081 1081 1079 1079 1079 1083 1083 1083 1083 1083 1083 1079 1079 1079 1084 1084 1084 1077 1077 1077 1084 1084 1084 1079 1079 1079 1084 1084 1084 1077 1077 1077 1085 1085 1085 1075 1075 1075 1085 1085 1085 1077 1077 1077 1085 1085 1085 1075 1075 1075 1086 1086 1086 1073 1073 1073 1086 1086 1086 1075 1075 1075 1086 1086 1086 1073 1073 1073 1087 1087 1087 1071 1071 1071 1087 1087 1087 1073 1073 1073 1087 1087 1087 1071 1071 1071 1088 1088 1088 1069 1069 1069 1088 1088 1088 1071 1071 1071 1088 1088 1088 1069 1069 1069 1089 1089 1089 1067 1067 1067 1089 1089 1089 1069 1069 1069 1089 1089 1089 1067 1067 1067 1090 1090 1090 1056 1056 1056 1090 1090 1090 1067 1067 1067 1090 1090 1090 1056 1056 1056 1091 1091 1091 1054 1054 1054 1091 1091 1091 1056 1056 1056 1091 1091 1091 1054 1054 1054 1058 1058 1058 1092 1092 1092 1093 1093 1093 1094 1094 1094 1094 1094 1094 1093 1093 1093 1095 1095 1095 1096 1096 1096 1095 1095 1095 1093 1093 1093 1095 1095 1095 1096 1096 1096 1097 1097 1097 1098 1098 1098 1097 1097 1097 1096 1096 1096 1097 1097 1097 1098 1098 1098 1099 1099 1099 1100 1100 1100 1099 1099 1099 1098 1098 1098 1099 1099 1099 1100 1100 1100 1101 1101 1101 1102 1102 1102 1101 1101 1101 1100 1100 1100 1101 1101 1101 1102 1102 1102 1103 1103 1103 1104 1104 1104 1103 1103 1103 1102 1102 1102 1103 1103 1103 1104 1104 1104 1105 1105 1105 1106 1106 1106 1107 1107 1107 1108 1108 1108 1107 1107 1107 1106 1106 1106 1092 1092 1092 1109 1109 1109 1092 1092 1092 1106 1106 1106 1092 1092 1092 1109 1109 1109 1093 1093 1093 1110 1110 1110 1093 1093 1093 1109 1109 1109 1093 1093 1093 1110 1110 1110 1096 1096 1096 1111 1111 1111 1096 1096 1096 1110 1110 1110 1096 1096 1096 1111 1111 1111 1098 1098 1098 1112 1112 1112 1098 1098 1098 1111 1111 1111 1098 1098 1098 1112 1112 1112 1100 1100 1100 1113 1113 1113 1100 1100 1100 1112 1112 1112 1100 1100 1100 1113 1113 1113 1102 1102 1102 1114 1114 1114 1102 1102 1102 1113 1113 1113 1102 1102 1102 1114 1114 1114 1104 1104 1104 1115 1115 1115 1104 1104 1104 1114 1114 1114 1116 1116 1116 1104 1104 1104 1115 1115 1115 1104 1104 1104 1116 1116 1116 1105 1105 1105 1117 1117 1117 1105 1105 1105 1116 1116 1116 1107 1107 1107 1118 1118 1118 1108 1108 1108 1108 1108 1108 1118 1118 1118 1119 1119 1119 1120 1120 1120 1119 1119 1119 1118 1118 1118 1119 1119 1119 1120 1120 1120 1121 1121 1121 1122 1122 1122 1121 1121 1121 1120 1120 1120 1121 1121 1121 1122 1122 1122 1123 1123 1123 1124 1124 1124 1123 1123 1123 1122 1122 1122 1123 1123 1123 1124 1124 1124 1125 1125 1125 1126 1126 1126 1125 1125 1125 1124 1124 1124 1125 1125 1125 1126 1126 1126 1127 1127 1127 1128 1128 1128 1127 1127 1127 1126 1126 1126 1127 1127 1127 1128 1128 1128 1129 1129 1129 1130 1130 1130 1129 1129 1129 1128 1128 1128 1129 1129 1129 1130 1130 1130 1131 1131 1131 1132 1132 1132 1131 1131 1131 1130 1130 1130 1131 1131 1131 1132 1132 1132 1133 1133 1133 1134 1134 1134 1133 1133 1133 1132 1132 1132 1133 1133 1133 1134 1134 1134 1135 1135 1135 1132 1132 1132 1130 1130 1130 1136 1136 1136 1136 1136 1136 1130 1130 1130 1137 1137 1137 1128 1128 1128 1137 1137 1137 1130 1130 1130 1137 1137 1137 1128 1128 1128 1138 1138 1138 1126 1126 1126 1138 1138 1138 1128 1128 1128 1138 1138 1138 1126 1126 1126 1139 1139 1139 1124 1124 1124 1139 1139 1139 1126 1126 1126 1139 1139 1139 1124 1124 1124 1140 1140 1140 1122 1122 1122 1140 1140 1140 1124 1124 1124 1140 1140 1140 1122 1122 1122 1141 1141 1141 1120 1120 1120 1141 1141 1141 1122 1122 1122 1141 1141 1141 1120 1120 1120 1142 1142 1142 1118 1118 1118 1142 1142 1142 1120 1120 1120 1142 1142 1142 1118 1118 1118 1143 1143 1143 1107 1107 1107 1143 1143 1143 1118 1118 1118 1143 1143 1143 1107 1107 1107 1144 1144 1144 1092 1092 1092 1144 1144 1144 1107 1107 1107 1144 1144 1144 1092 1092 1092 1094 1094 1094 1134 1134 1134 1145 1145 1145 1135 1135 1135 1135 1135 1135 1145 1145 1145 1146 1146 1146 1147 1147 1147 1146 1146 1146 1145 1145 1145 1146 1146 1146 1147 1147 1147 1148 1148 1148 1149 1149 1149 1148 1148 1148 1147 1147 1147 1148 1148 1148 1149 1149 1149 1150 1150 1150 1151 1151 1151 1150 1150 1150 1149 1149 1149 1150 1150 1150 1151 1151 1151 1152 1152 1152 1153 1153 1153 1152 1152 1152 1151 1151 1151 1152 1152 1152 1153 1153 1153 1154 1154 1154 1155 1155 1155 1154 1154 1154 1153 1153 1153 1154 1154 1154 1155 1155 1155 1156 1156 1156 1157 1157 1157 1156 1156 1156 1155 1155 1155 1156 1156 1156 1157 1157 1157 1158 1158 1158 1159 1159 1159 1158 1158 1158 1157 1157 1157 1158 1158 1158 1159 1159 1159 1160 1160 1160 1159 1159 1159 1157 1157 1157 1161 1161 1161 1161 1161 1161 1157 1157 1157 1162 1162 1162 1155 1155 1155 1162 1162 1162 1157 1157 1157 1162 1162 1162 1155 1155 1155 1163 1163 1163 1153 1153 1153 1163 1163 1163 1155 1155 1155 1163 1163 1163 1153 1153 1153 1164 1164 1164 1151 1151 1151 1164 1164 1164 1153 1153 1153 1164 1164 1164 1151 1151 1151 1165 1165 1165 1149 1149 1149 1165 1165 1165 1151 1151 1151 1165 1165 1165 1149 1149 1149 1166 1166 1166 1147 1147 1147 1166 1166 1166 1149 1149 1149 1166 1166 1166 1147 1147 1147 1167 1167 1167 1145 1145 1145 1167 1167 1167 1147 1147 1147 1167 1167 1167 1145 1145 1145 1168 1168 1168 1134 1134 1134 1168 1168 1168 1145 1145 1145 1168 1168 1168 1134 1134 1134 1169 1169 1169 1132 1132 1132 1169 1169 1169 1134 1134 1134 1169 1169 1169 1132 1132 1132 1136 1136 1136 1170 1170 1170 1171 1171 1171 1172 1172 1172 1172 1172 1172 1171 1171 1171 1173 1173 1173 1174 1174 1174 1173 1173 1173 1171 1171 1171 1173 1173 1173 1174 1174 1174 1175 1175 1175 1176 1176 1176 1175 1175 1175 1174 1174 1174 1175 1175 1175 1176 1176 1176 1177 1177 1177 1178 1178 1178 1177 1177 1177 1176 1176 1176 1177 1177 1177 1178 1178 1178 1179 1179 1179 1180 1180 1180 1179 1179 1179 1178 1178 1178 1179 1179 1179 1180 1180 1180 1181 1181 1181 1182 1182 1182 1181 1181 1181 1180 1180 1180 1181 1181 1181 1182 1182 1182 1183 1183 1183 1184 1184 1184 1185 1185 1185 1186 1186 1186 1185 1185 1185 1184 1184 1184 1170 1170 1170 1187 1187 1187 1170 1170 1170 1184 1184 1184 1170 1170 1170 1187 1187 1187 1171 1171 1171 1188 1188 1188 1171 1171 1171 1187 1187 1187 1171 1171 1171 1188 1188 1188 1174 1174 1174 1189 1189 1189 1174 1174 1174 1188 1188 1188 1174 1174 1174 1189 1189 1189 1176 1176 1176 1190 1190 1190 1176 1176 1176 1189 1189 1189 1176 1176 1176 1190 1190 1190 1178 1178 1178 1191 1191 1191 1178 1178 1178 1190 1190 1190 1178 1178 1178 1191 1191 1191 1180 1180 1180 1192 1192 1192 1180 1180 1180 1191 1191 1191 1180 1180 1180 1192 1192 1192 1182 1182 1182 1193 1193 1193 1182 1182 1182 1192 1192 1192 1194 1194 1194 1182 1182 1182 1193 1193 1193 1182 1182 1182 1194 1194 1194 1183 1183 1183 1195 1195 1195 1183 1183 1183 1194 1194 1194 1185 1185 1185 1196 1196 1196 1186 1186 1186 1186 1186 1186 1196 1196 1196 1197 1197 1197 1198 1198 1198 1197 1197 1197 1196 1196 1196 1197 1197 1197 1198 1198 1198 1199 1199 1199 1200 1200 1200 1199 1199 1199 1198 1198 1198 1199 1199 1199 1200 1200 1200 1201 1201 1201 1202 1202 1202 1201 1201 1201 1200 1200 1200 1201 1201 1201 1202 1202 1202 1203 1203 1203 1204 1204 1204 1203 1203 1203 1202 1202 1202 1203 1203 1203 1204 1204 1204 1205 1205 1205 1206 1206 1206 1205 1205 1205 1204 1204 1204 1205 1205 1205 1206 1206 1206 1207 1207 1207 1208 1208 1208 1207 1207 1207 1206 1206 1206 1207 1207 1207 1208 1208 1208 1209 1209 1209 1210 1210 1210 1209 1209 1209 1208 1208 1208 1209 1209 1209 1210 1210 1210 1211 1211 1211 1212 1212 1212 1211 1211 1211 1210 1210 1210 1211 1211 1211 1212 1212 1212 1213 1213 1213 1210 1210 1210 1208 1208 1208 1214 1214 1214 1214 1214 1214 1208 1208 1208 1215 1215 1215 1206 1206 1206 1215 1215 1215 1208 1208 1208 1215 1215 1215 1206 1206 1206 1216 1216 1216 1204 1204 1204 1216 1216 1216 1206 1206 1206 1216 1216 1216 1204 1204 1204 1217 1217 1217 1202 1202 1202 1217 1217 1217 1204 1204 1204 1217 1217 1217 1202 1202 1202 1218 1218 1218 1200 1200 1200 1218 1218 1218 1202 1202 1202 1218 1218 1218 1200 1200 1200 1219 1219 1219 1198 1198 1198 1219 1219 1219 1200 1200 1200 1219 1219 1219 1198 1198 1198 1220 1220 1220 1196 1196 1196 1220 1220 1220 1198 1198 1198 1220 1220 1220 1196 1196 1196 1221 1221 1221 1185 1185 1185 1221 1221 1221 1196 1196 1196 1221 1221 1221 1185 1185 1185 1222 1222 1222 1170 1170 1170 1222 1222 1222 1185 1185 1185 1222 1222 1222 1170 1170 1170 1172 1172 1172 1212 1212 1212 1223 1223 1223 1213 1213 1213 1213 1213 1213 1223 1223 1223 1224 1224 1224 1225 1225 1225 1224 1224 1224 1223 1223 1223 1224 1224 1224 1225 1225 1225 1226 1226 1226 1227 1227 1227 1226 1226 1226 1225 1225 1225 1226 1226 1226 1227 1227 1227 1228 1228 1228 1229 1229 1229 1228 1228 1228 1227 1227 1227 1228 1228 1228 1229 1229 1229 1230 1230 1230 1231 1231 1231 1230 1230 1230 1229 1229 1229 1230 1230 1230 1231 1231 1231 1232 1232 1232 1233 1233 1233 1232 1232 1232 1231 1231 1231 1232 1232 1232 1233 1233 1233 1234 1234 1234 1235 1235 1235 1234 1234 1234 1233 1233 1233 1234 1234 1234 1235 1235 1235 1236 1236 1236 1237 1237 1237 1236 1236 1236 1235 1235 1235 1236 1236 1236 1237 1237 1237 1238 1238 1238 1237 1237 1237 1235 1235 1235 1239 1239 1239 1239 1239 1239 1235 1235 1235 1240 1240 1240 1233 1233 1233 1240 1240 1240 1235 1235 1235 1240 1240 1240 1233 1233 1233 1241 1241 1241 1231 1231 1231 1241 1241 1241 1233 1233 1233 1241 1241 1241 1231 1231 1231 1242 1242 1242 1229 1229 1229 1242 1242 1242 1231 1231 1231 1242 1242 1242 1229 1229 1229 1243 1243 1243 1227 1227 1227 1243 1243 1243 1229 1229 1229 1243 1243 1243 1227 1227 1227 1244 1244 1244 1225 1225 1225 1244 1244 1244 1227 1227 1227 1244 1244 1244 1225 1225 1225 1245 1245 1245 1223 1223 1223 1245 1245 1245 1225 1225 1225 1245 1245 1245 1223 1223 1223 1246 1246 1246 1212 1212 1212 1246 1246 1246 1223 1223 1223 1246 1246 1246 1212 1212 1212 1247 1247 1247 1210 1210 1210 1247 1247 1247 1212 1212 1212 1247 1247 1247 1210 1210 1210 1214 1214 1214 1248 1248 1248 1249 1249 1249 1250 1250 1250 1250 1250 1250 1249 1249 1249 1251 1251 1251 1252 1252 1252 1251 1251 1251 1249 1249 1249 1251 1251 1251 1252 1252 1252 1253 1253 1253 1254 1254 1254 1253 1253 1253 1252 1252 1252 1253 1253 1253 1254 1254 1254 1255 1255 1255 1256 1256 1256 1255 1255 1255 1254 1254 1254 1255 1255 1255 1256 1256 1256 1257 1257 1257 1258 1258 1258 1257 1257 1257 1256 1256 1256 1257 1257 1257 1258 1258 1258 1259 1259 1259 1260 1260 1260 1259 1259 1259 1258 1258 1258 1259 1259 1259 1260 1260 1260 1261 1261 1261 1262 1262 1262 1263 1263 1263 1264 1264 1264 1263 1263 1263 1262 1262 1262 1248 1248 1248 1265 1265 1265 1248 1248 1248 1262 1262 1262 1248 1248 1248 1265 1265 1265 1249 1249 1249 1266 1266 1266 1249 1249 1249 1265 1265 1265 1249 1249 1249 1266 1266 1266 1252 1252 1252 1267 1267 1267 1252 1252 1252 1266 1266 1266 1252 1252 1252 1267 1267 1267 1254 1254 1254 1268 1268 1268 1254 1254 1254 1267 1267 1267 1254 1254 1254 1268 1268 1268 1256 1256 1256 1269 1269 1269 1256 1256 1256 1268 1268 1268 1256 1256 1256 1269 1269 1269 1258 1258 1258 1270 1270 1270 1258 1258 1258 1269 1269 1269 1258 1258 1258 1270 1270 1270 1260 1260 1260 1271 1271 1271 1260 1260 1260 1270 1270 1270 1272 1272 1272 1260 1260 1260 1271 1271 1271 1260 1260 1260 1272 1272 1272 1261 1261 1261 1273 1273 1273 1261 1261 1261 1272 1272 1272 1263 1263 1263 1274 1274 1274 1264 1264 1264 1264 1264 1264 1274 1274 1274 1275 1275 1275 1276 1276 1276 1275 1275 1275 1274 1274 1274 1275 1275 1275 1276 1276 1276 1277 1277 1277 1278 1278 1278 1277 1277 1277 1276 1276 1276 1277 1277 1277 1278 1278 1278 1279 1279 1279 1280 1280 1280 1279 1279 1279 1278 1278 1278 1279 1279 1279 1280 1280 1280 1281 1281 1281 1282 1282 1282 1281 1281 1281 1280 1280 1280 1281 1281 1281 1282 1282 1282 1283 1283 1283 1284 1284 1284 1283 1283 1283 1282 1282 1282 1283 1283 1283 1284 1284 1284 1285 1285 1285 1286 1286 1286 1285 1285 1285 1284 1284 1284 1285 1285 1285 1286 1286 1286 1287 1287 1287 1288 1288 1288 1287 1287 1287 1286 1286 1286 1287 1287 1287 1288 1288 1288 1289 1289 1289 1290 1290 1290 1289 1289 1289 1288 1288 1288 1289 1289 1289 1290 1290 1290 1291 1291 1291 1288 1288 1288 1286 1286 1286 1292 1292 1292 1292 1292 1292 1286 1286 1286 1293 1293 1293 1284 1284 1284 1293 1293 1293 1286 1286 1286 1293 1293 1293 1284 1284 1284 1294 1294 1294 1282 1282 1282 1294 1294 1294 1284 1284 1284 1294 1294 1294 1282 1282 1282 1295 1295 1295 1280 1280 1280 1295 1295 1295 1282 1282 1282 1295 1295 1295 1280 1280 1280 1296 1296 1296 1278 1278 1278 1296 1296 1296 1280 1280 1280 1296 1296 1296 1278 1278 1278 1297 1297 1297 1276 1276 1276 1297 1297 1297 1278 1278 1278 1297 1297 1297 1276 1276 1276 1298 1298 1298 1274 1274 1274 1298 1298 1298 1276 1276 1276 1298 1298 1298 1274 1274 1274 1299 1299 1299 1263 1263 1263 1299 1299 1299 1274 1274 1274 1299 1299 1299 1263 1263 1263 1300 1300 1300 1248 1248 1248 1300 1300 1300 1263 1263 1263 1300 1300 1300 1248 1248 1248 1250 1250 1250 1290 1290 1290 1301 1301 1301 1291 1291 1291 1291 1291 1291 1301 1301 1301 1302 1302 1302 1303 1303 1303 1302 1302 1302 1301 1301 1301 1302 1302 1302 1303 1303 1303 1304 1304 1304 1305 1305 1305 1304 1304 1304 1303 1303 1303 1304 1304 1304 1305 1305 1305 1306 1306 1306 1307 1307 1307 1306 1306 1306 1305 1305 1305 1306 1306 1306 1307 1307 1307 1308 1308 1308 1309 1309 1309 1308 1308 1308 1307 1307 1307 1308 1308 1308 1309 1309 1309 1310 1310 1310 1311 1311 1311 1310 1310 1310 1309 1309 1309 1310 1310 1310 1311 1311 1311 1312 1312 1312 1313 1313 1313 1312 1312 1312 1311 1311 1311 1312 1312 1312 1313 1313 1313 1314 1314 1314 1315 1315 1315 1314 1314 1314 1313 1313 1313 1314 1314 1314 1315 1315 1315 1316 1316 1316 1315 1315 1315 1313 1313 1313 1317 1317 1317 1317 1317 1317 1313 1313 1313 1318 1318 1318 1311 1311 1311 1318 1318 1318 1313 1313 1313 1318 1318 1318 1311 1311 1311 1319 1319 1319 1309 1309 1309 1319 1319 1319 1311 1311 1311 1319 1319 1319 1309 1309 1309 1320 1320 1320 1307 1307 1307 1320 1320 1320 1309 1309 1309 1320 1320 1320 1307 1307 1307 1321 1321 1321 1305 1305 1305 1321 1321 1321 1307 1307 1307 1321 1321 1321 1305 1305 1305 1322 1322 1322 1303 1303 1303 1322 1322 1322 1305 1305 1305 1322 1322 1322 1303 1303 1303 1323 1323 1323 1301 1301 1301 1323 1323 1323 1303 1303 1303 1323 1323 1323 1301 1301 1301 1324 1324 1324 1290 1290 1290 1324 1324 1324 1301 1301 1301 1324 1324 1324 1290 1290 1290 1325 1325 1325 1288 1288 1288 1325 1325 1325 1290 1290 1290 1325 1325 1325 1288 1288 1288 1292 1292 1292 1326 1326 1326 1327 1327 1327 1328 1328 1328 1328 1328 1328 1327 1327 1327 1329 1329 1329 1330 1330 1330 1329 1329 1329 1327 1327 1327 1329 1329 1329 1330 1330 1330 1331 1331 1331 1332 1332 1332 1331 1331 1331 1330 1330 1330 1331 1331 1331 1332 1332 1332 1333 1333 1333 1334 1334 1334 1333 1333 1333 1332 1332 1332 1333 1333 1333 1334 1334 1334 1335 1335 1335 1336 1336 1336 1335 1335 1335 1334 1334 1334 1335 1335 1335 1336 1336 1336 1337 1337 1337 1338 1338 1338 1337 1337 1337 1336 1336 1336 1337 1337 1337 1338 1338 1338 1339 1339 1339 1340 1340 1340 1341 1341 1341 1342 1342 1342 1341 1341 1341 1340 1340 1340 1326 1326 1326 1343 1343 1343 1326 1326 1326 1340 1340 1340 1326 1326 1326 1343 1343 1343 1327 1327 1327 1344 1344 1344 1327 1327 1327 1343 1343 1343 1327 1327 1327 1344 1344 1344 1330 1330 1330 1345 1345 1345 1330 1330 1330 1344 1344 1344 1330 1330 1330 1345 1345 1345 1332 1332 1332 1346 1346 1346 1332 1332 1332 1345 1345 1345 1332 1332 1332 1346 1346 1346 1334 1334 1334 1347 1347 1347 1334 1334 1334 1346 1346 1346 1334 1334 1334 1347 1347 1347 1336 1336 1336 1348 1348 1348 1336 1336 1336 1347 1347 1347 1336 1336 1336 1348 1348 1348 1338 1338 1338 1349 1349 1349 1338 1338 1338 1348 1348 1348 1350 1350 1350 1338 1338 1338 1349 1349 1349 1338 1338 1338 1350 1350 1350 1339 1339 1339 1351 1351 1351 1339 1339 1339 1350 1350 1350 1341 1341 1341 1352 1352 1352 1342 1342 1342 1342 1342 1342 1352 1352 1352 1353 1353 1353 1354 1354 1354 1353 1353 1353 1352 1352 1352 1353 1353 1353 1354 1354 1354 1355 1355 1355 1356 1356 1356 1355 1355 1355 1354 1354 1354 1355 1355 1355 1356 1356 1356 1357 1357 1357 1358 1358 1358 1357 1357 1357 1356 1356 1356 1357 1357 1357 1358 1358 1358 1359 1359 1359 1360 1360 1360 1359 1359 1359 1358 1358 1358 1359 1359 1359 1360 1360 1360 1361 1361 1361 1362 1362 1362 1361 1361 1361 1360 1360 1360 1361 1361 1361 1362 1362 1362 1363 1363 1363 1364 1364 1364 1363 1363 1363 1362 1362 1362 1363 1363 1363 1364 1364 1364 1365 1365 1365 1366 1366 1366 1365 1365 1365 1364 1364 1364 1365 1365 1365 1366 1366 1366 1367 1367 1367 1368 1368 1368 1367 1367 1367 1366 1366 1366 1367 1367 1367 1368 1368 1368 1369 1369 1369 1366 1366 1366 1364 1364 1364 1370 1370 1370 1370 1370 1370 1364 1364 1364 1371 1371 1371 1362 1362 1362 1371 1371 1371 1364 1364 1364 1371 1371 1371 1362 1362 1362 1372 1372 1372 1360 1360 1360 1372 1372 1372 1362 1362 1362 1372 1372 1372 1360 1360 1360 1373 1373 1373 1358 1358 1358 1373 1373 1373 1360 1360 1360 1373 1373 1373 1358 1358 1358 1374 1374 1374 1356 1356 1356 1374 1374 1374 1358 1358 1358 1374 1374 1374 1356 1356 1356 1375 1375 1375 1354 1354 1354 1375 1375 1375 1356 1356 1356 1375 1375 1375 1354 1354 1354 1376 1376 1376 1352 1352 1352 1376 1376 1376 1354 1354 1354 1376 1376 1376 1352 1352 1352 1377 1377 1377 1341 1341 1341 1377 1377 1377 1352 1352 1352 1377 1377 1377 1341 1341 1341 1378 1378 1378 1326 1326 1326 1378 1378 1378 1341 1341 1341 1378 1378 1378 1326 1326 1326 1328 1328 1328 1368 1368 1368 1379 1379 1379 1369 1369 1369 1369 1369 1369 1379 1379 1379 1380 1380 1380 1381 1381 1381 1380 1380 1380 1379 1379 1379 1380 1380 1380 1381 1381 1381 1382 1382 1382 1383 1383 1383 1382 1382 1382 1381 1381 1381 1382 1382 1382 1383 1383 1383 1384 1384 1384 1385 1385 1385 1384 1384 1384 1383 1383 1383 1384 1384 1384 1385 1385 1385 1386 1386 1386 1387 1387 1387 1386 1386 1386 1385 1385 1385 1386 1386 1386 1387 1387 1387 1388 1388 1388 1389 1389 1389 1388 1388 1388 1387 1387 1387 1388 1388 1388 1389 1389 1389 1390 1390 1390 1391 1391 1391 1390 1390 1390 1389 1389 1389 1390 1390 1390 1391 1391 1391 1392 1392 1392 1393 1393 1393 1392 1392 1392 1391 1391 1391 1392 1392 1392 1393 1393 1393 1394 1394 1394 1393 1393 1393 1391 1391 1391 1395 1395 1395 1395 1395 1395 1391 1391 1391 1396 1396 1396 1389 1389 1389 1396 1396 1396 1391 1391 1391 1396 1396 1396 1389 1389 1389 1397 1397 1397 1387 1387 1387 1397 1397 1397 1389 1389 1389 1397 1397 1397 1387 1387 1387 1398 1398 1398 1385 1385 1385 1398 1398 1398 1387 1387 1387 1398 1398 1398 1385 1385 1385 1399 1399 1399 1383 1383 1383 1399 1399 1399 1385 1385 1385 1399 1399 1399 1383 1383 1383 1400 1400 1400 1381 1381 1381 1400 1400 1400 1383 1383 1383 1400 1400 1400 1381 1381 1381 1401 1401 1401 1379 1379 1379 1401 1401 1401 1381 1381 1381 1401 1401 1401 1379 1379 1379 1402 1402 1402 1368 1368 1368 1402 1402 1402 1379 1379 1379 1402 1402 1402 1368 1368 1368 1403 1403 1403 1366 1366 1366 1403 1403 1403 1368 1368 1368 1403 1403 1403 1366 1366 1366 1370 1370 1370 1404 1404 1404 1405 1405 1405 1406 1406 1406 1406 1406 1406 1405 1405 1405 1407 1407 1407 1408 1408 1408 1407 1407 1407 1405 1405 1405 1407 1407 1407 1408 1408 1408 1409 1409 1409 1410 1410 1410 1409 1409 1409 1408 1408 1408 1409 1409 1409 1410 1410 1410 1411 1411 1411 1412 1412 1412 1411 1411 1411 1410 1410 1410 1411 1411 1411 1412 1412 1412 1413 1413 1413 1414 1414 1414 1413 1413 1413 1412 1412 1412 1413 1413 1413 1414 1414 1414 1415 1415 1415 1416 1416 1416 1415 1415 1415 1414 1414 1414 1415 1415 1415 1416 1416 1416 1417 1417 1417 1418 1418 1418 1419 1419 1419 1420 1420 1420 1419 1419 1419 1418 1418 1418 1404 1404 1404 1421 1421 1421 1404 1404 1404 1418 1418 1418 1404 1404 1404 1421 1421 1421 1405 1405 1405 1422 1422 1422 1405 1405 1405 1421 1421 1421 1405 1405 1405 1422 1422 1422 1408 1408 1408 1423 1423 1423 1408 1408 1408 1422 1422 1422 1408 1408 1408 1423 1423 1423 1410 1410 1410 1424 1424 1424 1410 1410 1410 1423 1423 1423 1410 1410 1410 1424 1424 1424 1412 1412 1412 1425 1425 1425 1412 1412 1412 1424 1424 1424 1412 1412 1412 1425 1425 1425 1414 1414 1414 1426 1426 1426 1414 1414 1414 1425 1425 1425 1414 1414 1414 1426 1426 1426 1416 1416 1416 1427 1427 1427 1416 1416 1416 1426 1426 1426 1428 1428 1428 1416 1416 1416 1427 1427 1427 1416 1416 1416 1428 1428 1428 1417 1417 1417 1429 1429 1429 1417 1417 1417 1428 1428 1428 1419 1419 1419 1430 1430 1430 1420 1420 1420 1420 1420 1420 1430 1430 1430 1431 1431 1431 1432 1432 1432 1431 1431 1431 1430 1430 1430 1431 1431 1431 1432 1432 1432 1433 1433 1433 1434 1434 1434 1433 1433 1433 1432 1432 1432 1433 1433 1433 1434 1434 1434 1435 1435 1435 1436 1436 1436 1435 1435 1435 1434 1434 1434 1435 1435 1435 1436 1436 1436 1437 1437 1437 1438 1438 1438 1437 1437 1437 1436 1436 1436 1437 1437 1437 1438 1438 1438 1439 1439 1439 1440 1440 1440 1439 1439 1439 1438 1438 1438 1439 1439 1439 1440 1440 1440 1441 1441 1441 1442 1442 1442 1441 1441 1441 1440 1440 1440 1441 1441 1441 1442 1442 1442 1443 1443 1443 1444 1444 1444 1443 1443 1443 1442 1442 1442 1443 1443 1443 1444 1444 1444 1445 1445 1445 1446 1446 1446 1445 1445 1445 1444 1444 1444 1445 1445 1445 1446 1446 1446 1447 1447 1447 1444 1444 1444 1442 1442 1442 1448 1448 1448 1448 1448 1448 1442 1442 1442 1449 1449 1449 1440 1440 1440 1449 1449 1449 1442 1442 1442 1449 1449 1449 1440 1440 1440 1450 1450 1450 1438 1438 1438 1450 1450 1450 1440 1440 1440 1450 1450 1450 1438 1438 1438 1451 1451 1451 1436 1436 1436 1451 1451 1451 1438 1438 1438 1451 1451 1451 1436 1436 1436 1452 1452 1452 1434 1434 1434 1452 1452 1452 1436 1436 1436 1452 1452 1452 1434 1434 1434 1453 1453 1453 1432 1432 1432 1453 1453 1453 1434 1434 1434 1453 1453 1453 1432 1432 1432 1454 1454 1454 1430 1430 1430 1454 1454 1454 1432 1432 1432 1454 1454 1454 1430 1430 1430 1455 1455 1455 1419 1419 1419 1455 1455 1455 1430 1430 1430 1455 1455 1455 1419 1419 1419 1456 1456 1456 1404 1404 1404 1456 1456 1456 1419 1419 1419 1456 1456 1456 1404 1404 1404 1406 1406 1406 1446 1446 1446 1457 1457 1457 1447 1447 1447 1447 1447 1447 1457 1457 1457 1458 1458 1458 1459 1459 1459 1458 1458 1458 1457 1457 1457 1458 1458 1458 1459 1459 1459 1460 1460 1460 1461 1461 1461 1460 1460 1460 1459 1459 1459 1460 1460 1460 1461 1461 1461 1462 1462 1462 1463 1463 1463 1462 1462 1462 1461 1461 1461 1462 1462 1462 1463 1463 1463 1464 1464 1464 1465 1465 1465 1464 1464 1464 1463 1463 1463 1464 1464 1464 1465 1465 1465 1466 1466 1466 1467 1467 1467 1466 1466 1466 1465 1465 1465 1466 1466 1466 1467 1467 1467 1468 1468 1468 1469 1469 1469 1468 1468 1468 1467 1467 1467 1468 1468 1468 1469 1469 1469 1470 1470 1470 1471 1471 1471 1470 1470 1470 1469 1469 1469 1470 1470 1470 1471 1471 1471 1472 1472 1472 1471 1471 1471 1469 1469 1469 1473 1473 1473 1473 1473 1473 1469 1469 1469 1474 1474 1474 1467 1467 1467 1474 1474 1474 1469 1469 1469 1474 1474 1474 1467 1467 1467 1475 1475 1475 1465 1465 1465 1475 1475 1475 1467 1467 1467 1475 1475 1475 1465 1465 1465 1476 1476 1476 1463 1463 1463 1476 1476 1476 1465 1465 1465 1476 1476 1476 1463 1463 1463 1477 1477 1477 1461 1461 1461 1477 1477 1477 1463 1463 1463 1477 1477 1477 1461 1461 1461 1478 1478 1478 1459 1459 1459 1478 1478 1478 1461 1461 1461 1478 1478 1478 1459 1459 1459 1479 1479 1479 1457 1457 1457 1479 1479 1479 1459 1459 1459 1479 1479 1479 1457 1457 1457 1480 1480 1480 1446 1446 1446 1480 1480 1480 1457 1457 1457 1480 1480 1480 1446 1446 1446 1481 1481 1481 1444 1444 1444 1481 1481 1481 1446 1446 1446 1481 1481 1481 1444 1444 1444 1448 1448 1448 1482 1482 1482 1483 1483 1483 1484 1484 1484 1484 1484 1484 1483 1483 1483 1485 1485 1485 1486 1486 1486 1485 1485 1485 1483 1483 1483 1485 1485 1485 1486 1486 1486 1487 1487 1487 1488 1488 1488 1487 1487 1487 1486 1486 1486 1487 1487 1487 1488 1488 1488 1489 1489 1489 1490 1490 1490 1489 1489 1489 1488 1488 1488 1489 1489 1489 1490 1490 1490 1491 1491 1491 1492 1492 1492 1491 1491 1491 1490 1490 1490 1491 1491 1491 1492 1492 1492 1493 1493 1493 1494 1494 1494 1493 1493 1493 1492 1492 1492 1493 1493 1493 1494 1494 1494 1495 1495 1495 1496 1496 1496 1497 1497 1497 1498 1498 1498 1497 1497 1497 1496 1496 1496 1482 1482 1482 1499 1499 1499 1482 1482 1482 1496 1496 1496 1482 1482 1482 1499 1499 1499 1483 1483 1483 1500 1500 1500 1483 1483 1483 1499 1499 1499 1483 1483 1483 1500 1500 1500 1486 1486 1486 1501 1501 1501 1486 1486 1486 1500 1500 1500 1486 1486 1486 1501 1501 1501 1488 1488 1488 1502 1502 1502 1488 1488 1488 1501 1501 1501 1488 1488 1488 1502 1502 1502 1490 1490 1490 1503 1503 1503 1490 1490 1490 1502 1502 1502 1490 1490 1490 1503 1503 1503 1492 1492 1492 1504 1504 1504 1492 1492 1492 1503 1503 1503 1492 1492 1492 1504 1504 1504 1494 1494 1494 1505 1505 1505 1494 1494 1494 1504 1504 1504 1506 1506 1506 1494 1494 1494 1505 1505 1505 1494 1494 1494 1506 1506 1506 1495 1495 1495 1507 1507 1507 1495 1495 1495 1506 1506 1506 1497 1497 1497 1508 1508 1508 1498 1498 1498 1498 1498 1498 1508 1508 1508 1509 1509 1509 1510 1510 1510 1509 1509 1509 1508 1508 1508 1509 1509 1509 1510 1510 1510 1511 1511 1511 1512 1512 1512 1511 1511 1511 1510 1510 1510 1511 1511 1511 1512 1512 1512 1513 1513 1513 1514 1514 1514 1513 1513 1513 1512 1512 1512 1513 1513 1513 1514 1514 1514 1515 1515 1515 1516 1516 1516 1515 1515 1515 1514 1514 1514 1515 1515 1515 1516 1516 1516 1517 1517 1517 1518 1518 1518 1517 1517 1517 1516 1516 1516 1517 1517 1517 1518 1518 1518 1519 1519 1519 1520 1520 1520 1519 1519 1519 1518 1518 1518 1519 1519 1519 1520 1520 1520 1521 1521 1521 1522 1522 1522 1521 1521 1521 1520 1520 1520 1521 1521 1521 1522 1522 1522 1523 1523 1523 1524 1524 1524 1523 1523 1523 1522 1522 1522 1523 1523 1523 1524 1524 1524 1525 1525 1525 1522 1522 1522 1520 1520 1520 1526 1526 1526 1526 1526 1526 1520 1520 1520 1527 1527 1527 1518 1518 1518 1527 1527 1527 1520 1520 1520 1527 1527 1527 1518 1518 1518 1528 1528 1528 1516 1516 1516 1528 1528 1528 1518 1518 1518 1528 1528 1528 1516 1516 1516 1529 1529 1529 1514 1514 1514 1529 1529 1529 1516 1516 1516 1529 1529 1529 1514 1514 1514 1530 1530 1530 1512 1512 1512 1530 1530 1530 1514 1514 1514 1530 1530 1530 1512 1512 1512 1531 1531 1531 1510 1510 1510 1531 1531 1531 1512 1512 1512 1531 1531 1531 1510 1510 1510 1532 1532 1532 1508 1508 1508 1532 1532 1532 1510 1510 1510 1532 1532 1532 1508 1508 1508 1533 1533 1533 1497 1497 1497 1533 1533 1533 1508 1508 1508 1533 1533 1533 1497 1497 1497 1534 1534 1534 1482 1482 1482 1534 1534 1534 1497 1497 1497 1534 1534 1534 1482 1482 1482 1484 1484 1484 1524 1524 1524 1535 1535 1535 1525 1525 1525 1525 1525 1525 1535 1535 1535 1536 1536 1536 1537 1537 1537 1536 1536 1536 1535 1535 1535 1536 1536 1536 1537 1537 1537 1538 1538 1538 1539 1539 1539 1538 1538 1538 1537 1537 1537 1538 1538 1538 1539 1539 1539 1540 1540 1540 1541 1541 1541 1540 1540 1540 1539 1539 1539 1540 1540 1540 1541 1541 1541 1542 1542 1542 1543 1543 1543 1542 1542 1542 1541 1541 1541 1542 1542 1542 1543 1543 1543 1544 1544 1544 1545 1545 1545 1544 1544 1544 1543 1543 1543 1544 1544 1544 1545 1545 1545 1546 1546 1546 1547 1547 1547 1546 1546 1546 1545 1545 1545 1546 1546 1546 1547 1547 1547 1548 1548 1548 1549 1549 1549 1548 1548 1548 1547 1547 1547 1548 1548 1548 1549 1549 1549 1550 1550 1550 1549 1549 1549 1547 1547 1547 1551 1551 1551 1551 1551 1551 1547 1547 1547 1552 1552 1552 1545 1545 1545 1552 1552 1552 1547 1547 1547 1552 1552 1552 1545 1545 1545 1553 1553 1553 1543 1543 1543 1553 1553 1553 1545 1545 1545 1553 1553 1553 1543 1543 1543 1554 1554 1554 1541 1541 1541 1554 1554 1554 1543 1543 1543 1554 1554 1554 1541 1541 1541 1555 1555 1555 1539 1539 1539 1555 1555 1555 1541 1541 1541 1555 1555 1555 1539 1539 1539 1556 1556 1556 1537 1537 1537 1556 1556 1556 1539 1539 1539 1556 1556 1556 1537 1537 1537 1557 1557 1557 1535 1535 1535 1557 1557 1557 1537 1537 1537 1557 1557 1557 1535 1535 1535 1558 1558 1558 1524 1524 1524 1558 1558 1558 1535 1535 1535 1558 1558 1558 1524 1524 1524 1559 1559 1559 1522 1522 1522 1559 1559 1559 1524 1524 1524 1559 1559 1559 1522 1522 1522 1526 1526 1526 1560 1560 1560 1561 1561 1561 1562 1562 1562 1562 1562 1562 1561 1561 1561 1563 1563 1563 1564 1564 1564 1563 1563 1563 1561 1561 1561 1563 1563 1563 1564 1564 1564 1565 1565 1565 1566 1566 1566 1565 1565 1565 1564 1564 1564 1565 1565 1565 1566 1566 1566 1567 1567 1567 1568 1568 1568 1567 1567 1567 1566 1566 1566 1567 1567 1567 1568 1568 1568 1569 1569 1569 1570 1570 1570 1569 1569 1569 1568 1568 1568 1569 1569 1569 1570 1570 1570 1571 1571 1571 1572 1572 1572 1571 1571 1571 1570 1570 1570 1571 1571 1571 1572 1572 1572 1573 1573 1573 1574 1574 1574 1575 1575 1575 1576 1576 1576 1575 1575 1575 1574 1574 1574 1560 1560 1560 1577 1577 1577 1560 1560 1560 1574 1574 1574 1560 1560 1560 1577 1577 1577 1561 1561 1561 1578 1578 1578 1561 1561 1561 1577 1577 1577 1561 1561 1561 1578 1578 1578 1564 1564 1564 1579 1579 1579 1564 1564 1564 1578 1578 1578 1564 1564 1564 1579 1579 1579 1566 1566 1566 1580 1580 1580 1566 1566 1566 1579 1579 1579 1566 1566 1566 1580 1580 1580 1568 1568 1568 1581 1581 1581 1568 1568 1568 1580 1580 1580 1568 1568 1568 1581 1581 1581 1570 1570 1570 1582 1582 1582 1570 1570 1570 1581 1581 1581 1570 1570 1570 1582 1582 1582 1572 1572 1572 1583 1583 1583 1572 1572 1572 1582 1582 1582 1584 1584 1584 1572 1572 1572 1583 1583 1583 1572 1572 1572 1584 1584 1584 1573 1573 1573 1585 1585 1585 1573 1573 1573 1584 1584 1584 1575 1575 1575 1586 1586 1586 1576 1576 1576 1576 1576 1576 1586 1586 1586 1587 1587 1587 1588 1588 1588 1587 1587 1587 1586 1586 1586 1587 1587 1587 1588 1588 1588 1589 1589 1589 1590 1590 1590 1589 1589 1589 1588 1588 1588 1589 1589 1589 1590 1590 1590 1591 1591 1591 1592 1592 1592 1591 1591 1591 1590 1590 1590 1591 1591 1591 1592 1592 1592 1593 1593 1593 1594 1594 1594 1593 1593 1593 1592 1592 1592 1593 1593 1593 1594 1594 1594 1595 1595 1595 1596 1596 1596 1595 1595 1595 1594 1594 1594 1595 1595 1595 1596 1596 1596 1597 1597 1597 1598 1598 1598 1597 1597 1597 1596 1596 1596 1597 1597 1597 1598 1598 1598 1599 1599 1599 1600 1600 1600 1599 1599 1599 1598 1598 1598 1599 1599 1599 1600 1600 1600 1601 1601 1601 1602 1602 1602 1601 1601 1601 1600 1600 1600 1601 1601 1601 1602 1602 1602 1603 1603 1603 1600 1600 1600 1598 1598 1598 1604 1604 1604 1604 1604 1604 1598 1598 1598 1605 1605 1605 1596 1596 1596 1605 1605 1605 1598 1598 1598 1605 1605 1605 1596 1596 1596 1606 1606 1606 1594 1594 1594 1606 1606 1606 1596 1596 1596 1606 1606 1606 1594 1594 1594 1607 1607 1607 1592 1592 1592 1607 1607 1607 1594 1594 1594 1607 1607 1607 1592 1592 1592 1608 1608 1608 1590 1590 1590 1608 1608 1608 1592 1592 1592 1608 1608 1608 1590 1590 1590 1609 1609 1609 1588 1588 1588 1609 1609 1609 1590 1590 1590 1609 1609 1609 1588 1588 1588 1610 1610 1610 1586 1586 1586 1610 1610 1610 1588 1588 1588 1610 1610 1610 1586 1586 1586 1611 1611 1611 1575 1575 1575 1611 1611 1611 1586 1586 1586 1611 1611 1611 1575 1575 1575 1612 1612 1612 1560 1560 1560 1612 1612 1612 1575 1575 1575 1612 1612 1612 1560 1560 1560 1562 1562 1562 1602 1602 1602 1613 1613 1613 1603 1603 1603 1603 1603 1603 1613 1613 1613 1614 1614 1614 1615 1615 1615 1614 1614 1614 1613 1613 1613 1614 1614 1614 1615 1615 1615 1616 1616 1616 1617 1617 1617 1616 1616 1616 1615 1615 1615 1616 1616 1616 1617 1617 1617 1618 1618 1618 1619 1619 1619 1618 1618 1618 1617 1617 1617 1618 1618 1618 1619 1619 1619 1620 1620 1620 1621 1621 1621 1620 1620 1620 1619 1619 1619 1620 1620 1620 1621 1621 1621 1622 1622 1622 1623 1623 1623 1622 1622 1622 1621 1621 1621 1622 1622 1622 1623 1623 1623 1624 1624 1624 1625 1625 1625 1624 1624 1624 1623 1623 1623 1624 1624 1624 1625 1625 1625 1626 1626 1626 1627 1627 1627 1626 1626 1626 1625 1625 1625 1626 1626 1626 1627 1627 1627 1628 1628 1628 1627 1627 1627 1625 1625 1625 1629 1629 1629 1629 1629 1629 1625 1625 1625 1630 1630 1630 1623 1623 1623 1630 1630 1630 1625 1625 1625 1630 1630 1630 1623 1623 1623 1631 1631 1631 1621 1621 1621 1631 1631 1631 1623 1623 1623 1631 1631 1631 1621 1621 1621 1632 1632 1632 1619 1619 1619 1632 1632 1632 1621 1621 1621 1632 1632 1632 1619 1619 1619 1633 1633 1633 1617 1617 1617 1633 1633 1633 1619 1619 1619 1633 1633 1633 1617 1617 1617 1634 1634 1634 1615 1615 1615 1634 1634 1634 1617 1617 1617 1634 1634 1634 1615 1615 1615 1635 1635 1635 1613 1613 1613 1635 1635 1635 1615 1615 1615 1635 1635 1635 1613 1613 1613 1636 1636 1636 1602 1602 1602 1636 1636 1636 1613 1613 1613 1636 1636 1636 1602 1602 1602 1637 1637 1637 1600 1600 1600 1637 1637 1637 1602 1602 1602 1637 1637 1637 1600 1600 1600 1604 1604 1604 1638 1638 1638 1639 1639 1639 1640 1640 1640 1640 1640 1640 1639 1639 1639 1641 1641 1641 1642 1642 1642 1641 1641 1641 1639 1639 1639 1641 1641 1641 1642 1642 1642 1643 1643 1643 1644 1644 1644 1643 1643 1643 1642 1642 1642 1643 1643 1643 1644 1644 1644 1645 1645 1645 1646 1646 1646 1645 1645 1645 1644 1644 1644 1645 1645 1645 1646 1646 1646 1647 1647 1647 1648 1648 1648 1647 1647 1647 1646 1646 1646 1647 1647 1647 1648 1648 1648 1649 1649 1649 1650 1650 1650 1649 1649 1649 1648 1648 1648 1649 1649 1649 1650 1650 1650 1651 1651 1651 1652 1652 1652 1653 1653 1653 1654 1654 1654 1653 1653 1653 1652 1652 1652 1638 1638 1638 1655 1655 1655 1638 1638 1638 1652 1652 1652 1638 1638 1638 1655 1655 1655 1639 1639 1639 1656 1656 1656 1639 1639 1639 1655 1655 1655 1639 1639 1639 1656 1656 1656 1642 1642 1642 1657 1657 1657 1642 1642 1642 1656 1656 1656 1642 1642 1642 1657 1657 1657 1644 1644 1644 1658 1658 1658 1644 1644 1644 1657 1657 1657 1644 1644 1644 1658 1658 1658 1646 1646 1646 1659 1659 1659 1646 1646 1646 1658 1658 1658 1646 1646 1646 1659 1659 1659 1648 1648 1648 1660 1660 1660 1648 1648 1648 1659 1659 1659 1648 1648 1648 1660 1660 1660 1650 1650 1650 1661 1661 1661 1650 1650 1650 1660 1660 1660 1662 1662 1662 1650 1650 1650 1661 1661 1661 1650 1650 1650 1662 1662 1662 1651 1651 1651 1663 1663 1663 1651 1651 1651 1662 1662 1662 1653 1653 1653 1664 1664 1664 1654 1654 1654 1654 1654 1654 1664 1664 1664 1665 1665 1665 1666 1666 1666 1665 1665 1665 1664 1664 1664 1665 1665 1665 1666 1666 1666 1667 1667 1667 1668 1668 1668 1667 1667 1667 1666 1666 1666 1667 1667 1667 1668 1668 1668 1669 1669 1669 1670 1670 1670 1669 1669 1669 1668 1668 1668 1669 1669 1669 1670 1670 1670 1671 1671 1671 1672 1672 1672 1671 1671 1671 1670 1670 1670 1671 1671 1671 1672 1672 1672 1673 1673 1673 1674 1674 1674 1673 1673 1673 1672 1672 1672 1673 1673 1673 1674 1674 1674 1675 1675 1675 1676 1676 1676 1675 1675 1675 1674 1674 1674 1675 1675 1675 1676 1676 1676 1677 1677 1677 1678 1678 1678 1677 1677 1677 1676 1676 1676 1677 1677 1677 1678 1678 1678 1679 1679 1679 1680 1680 1680 1679 1679 1679 1678 1678 1678 1679 1679 1679 1680 1680 1680 1681 1681 1681 1678 1678 1678 1676 1676 1676 1682 1682 1682 1682 1682 1682 1676 1676 1676 1683 1683 1683 1674 1674 1674 1683 1683 1683 1676 1676 1676 1683 1683 1683 1674 1674 1674 1684 1684 1684 1672 1672 1672 1684 1684 1684 1674 1674 1674 1684 1684 1684 1672 1672 1672 1685 1685 1685 1670 1670 1670 1685 1685 1685 1672 1672 1672 1685 1685 1685 1670 1670 1670 1686 1686 1686 1668 1668 1668 1686 1686 1686 1670 1670 1670 1686 1686 1686 1668 1668 1668 1687 1687 1687 1666 1666 1666 1687 1687 1687 1668 1668 1668 1687 1687 1687 1666 1666 1666 1688 1688 1688 1664 1664 1664 1688 1688 1688 1666 1666 1666 1688 1688 1688 1664 1664 1664 1689 1689 1689 1653 1653 1653 1689 1689 1689 1664 1664 1664 1689 1689 1689 1653 1653 1653 1690 1690 1690 1638 1638 1638 1690 1690 1690 1653 1653 1653 1690 1690 1690 1638 1638 1638 1640 1640 1640 1680 1680 1680 1691 1691 1691 1681 1681 1681 1681 1681 1681 1691 1691 1691 1692 1692 1692 1693 1693 1693 1692 1692 1692 1691 1691 1691 1692 1692 1692 1693 1693 1693 1694 1694 1694 1695 1695 1695 1694 1694 1694 1693 1693 1693 1694 1694 1694 1695 1695 1695 1696 1696 1696 1697 1697 1697 1696 1696 1696 1695 1695 1695 1696 1696 1696 1697 1697 1697 1698 1698 1698 1699 1699 1699 1698 1698 1698 1697 1697 1697 1698 1698 1698 1699 1699 1699 1700 1700 1700 1701 1701 1701 1700 1700 1700 1699 1699 1699 1700 1700 1700 1701 1701 1701 1702 1702 1702 1703 1703 1703 1702 1702 1702 1701 1701 1701 1702 1702 1702 1703 1703 1703 1704 1704 1704 1705 1705 1705 1704 1704 1704 1703 1703 1703 1704 1704 1704 1705 1705 1705 1706 1706 1706 1705 1705 1705 1703 1703 1703 1707 1707 1707 1707 1707 1707 1703 1703 1703 1708 1708 1708 1701 1701 1701 1708 1708 1708 1703 1703 1703 1708 1708 1708 1701 1701 1701 1709 1709 1709 1699 1699 1699 1709 1709 1709 1701 1701 1701 1709 1709 1709 1699 1699 1699 1710 1710 1710 1697 1697 1697 1710 1710 1710 1699 1699 1699 1710 1710 1710 1697 1697 1697 1711 1711 1711 1695 1695 1695 1711 1711 1711 1697 1697 1697 1711 1711 1711 1695 1695 1695 1712 1712 1712 1693 1693 1693 1712 1712 1712 1695 1695 1695 1712 1712 1712 1693 1693 1693 1713 1713 1713 1691 1691 1691 1713 1713 1713 1693 1693 1693 1713 1713 1713 1691 1691 1691 1714 1714 1714 1680 1680 1680 1714 1714 1714 1691 1691 1691 1714 1714 1714 1680 1680 1680 1715 1715 1715 1678 1678 1678 1715 1715 1715 1680 1680 1680 1715 1715 1715 1678 1678 1678 1682 1682 1682 1716 1716 1716 1717 1717 1717 1718 1718 1718 1718 1718 1718 1717 1717 1717 1719 1719 1719 1720 1720 1720 1719 1719 1719 1717 1717 1717 1719 1719 1719 1720 1720 1720 1721 1721 1721 1722 1722 1722 1721 1721 1721 1720 1720 1720 1721 1721 1721 1722 1722 1722 1723 1723 1723 1724 1724 1724 1723 1723 1723 1722 1722 1722 1723 1723 1723 1724 1724 1724 1725 1725 1725 1726 1726 1726 1725 1725 1725 1724 1724 1724 1725 1725 1725 1726 1726 1726 1727 1727 1727 1728 1728 1728 1727 1727 1727 1726 1726 1726 1727 1727 1727 1728 1728 1728 1729 1729 1729 1730 1730 1730 1731 1731 1731 1732 1732 1732 1731 1731 1731 1730 1730 1730 1716 1716 1716 1733 1733 1733 1716 1716 1716 1730 1730 1730 1716 1716 1716 1733 1733 1733 1717 1717 1717 1734 1734 1734 1717 1717 1717 1733 1733 1733 1717 1717 1717 1734 1734 1734 1720 1720 1720 1735 1735 1735 1720 1720 1720 1734 1734 1734 1720 1720 1720 1735 1735 1735 1722 1722 1722 1736 1736 1736 1722 1722 1722 1735 1735 1735 1722 1722 1722 1736 1736 1736 1724 1724 1724 1737 1737 1737 1724 1724 1724 1736 1736 1736 1724 1724 1724 1737 1737 1737 1726 1726 1726 1738 1738 1738 1726 1726 1726 1737 1737 1737 1726 1726 1726 1738 1738 1738 1728 1728 1728 1739 1739 1739 1728 1728 1728 1738 1738 1738 1740 1740 1740 1728 1728 1728 1739 1739 1739 1728 1728 1728 1740 1740 1740 1729 1729 1729 1741 1741 1741 1729 1729 1729 1740 1740 1740 1731 1731 1731 1742 1742 1742 1732 1732 1732 1732 1732 1732 1742 1742 1742 1743 1743 1743 1744 1744 1744 1743 1743 1743 1742 1742 1742 1743 1743 1743 1744 1744 1744 1745 1745 1745 1746 1746 1746 1745 1745 1745 1744 1744 1744 1745 1745 1745 1746 1746 1746 1747 1747 1747 1748 1748 1748 1747 1747 1747 1746 1746 1746 1747 1747 1747 1748 1748 1748 1749 1749 1749 1750 1750 1750 1749 1749 1749 1748 1748 1748 1749 1749 1749 1750 1750 1750 1751 1751 1751 1752 1752 1752 1751 1751 1751 1750 1750 1750 1751 1751 1751 1752 1752 1752 1753 1753 1753 1754 1754 1754 1753 1753 1753 1752 1752 1752 1753 1753 1753 1754 1754 1754 1755 1755 1755 1756 1756 1756 1755 1755 1755 1754 1754 1754 1755 1755 1755 1756 1756 1756 1757 1757 1757 1758 1758 1758 1757 1757 1757 1756 1756 1756 1757 1757 1757 1758 1758 1758 1759 1759 1759 1756 1756 1756 1754 1754 1754 1760 1760 1760 1760 1760 1760 1754 1754 1754 1761 1761 1761 1752 1752 1752 1761 1761 1761 1754 1754 1754 1761 1761 1761 1752 1752 1752 1762 1762 1762 1750 1750 1750 1762 1762 1762 1752 1752 1752 1762 1762 1762 1750 1750 1750 1763 1763 1763 1748 1748 1748 1763 1763 1763 1750 1750 1750 1763 1763 1763 1748 1748 1748 1764 1764 1764 1746 1746 1746 1764 1764 1764 1748 1748 1748 1764 1764 1764 1746 1746 1746 1765 1765 1765 1744 1744 1744 1765 1765 1765 1746 1746 1746 1765 1765 1765 1744 1744 1744 1766 1766 1766 1742 1742 1742 1766 1766 1766 1744 1744 1744 1766 1766 1766 1742 1742 1742 1767 1767 1767 1731 1731 1731 1767 1767 1767 1742 1742 1742 1767 1767 1767 1731 1731 1731 1768 1768 1768 1716 1716 1716 1768 1768 1768 1731 1731 1731 1768 1768 1768 1716 1716 1716 1718 1718 1718 1758 1758 1758 1769 1769 1769 1759 1759 1759 1759 1759 1759 1769 1769 1769 1770 1770 1770 1771 1771 1771 1770 1770 1770 1769 1769 1769 1770 1770 1770 1771 1771 1771 1772 1772 1772 1773 1773 1773 1772 1772 1772 1771 1771 1771 1772 1772 1772 1773 1773 1773 1774 1774 1774 1775 1775 1775 1774 1774 1774 1773 1773 1773 1774 1774 1774 1775 1775 1775 1776 1776 1776 1777 1777 1777 1776 1776 1776 1775 1775 1775 1776 1776 1776 1777 1777 1777 1778 1778 1778 1779 1779 1779 1778 1778 1778 1777 1777 1777 1778 1778 1778 1779 1779 1779 1780 1780 1780 1781 1781 1781 1780 1780 1780 1779 1779 1779 1780 1780 1780 1781 1781 1781 1782 1782 1782 1783 1783 1783 1782 1782 1782 1781 1781 1781 1782 1782 1782 1783 1783 1783 1784 1784 1784 1783 1783 1783 1781 1781 1781 1785 1785 1785 1785 1785 1785 1781 1781 1781 1786 1786 1786 1779 1779 1779 1786 1786 1786 1781 1781 1781 1786 1786 1786 1779 1779 1779 1787 1787 1787 1777 1777 1777 1787 1787 1787 1779 1779 1779 1787 1787 1787 1777 1777 1777 1788 1788 1788 1775 1775 1775 1788 1788 1788 1777 1777 1777 1788 1788 1788 1775 1775 1775 1789 1789 1789 1773 1773 1773 1789 1789 1789 1775 1775 1775 1789 1789 1789 1773 1773 1773 1790 1790 1790 1771 1771 1771 1790 1790 1790 1773 1773 1773 1790 1790 1790 1771 1771 1771 1791 1791 1791 1769 1769 1769 1791 1791 1791 1771 1771 1771 1791 1791 1791 1769 1769 1769 1792 1792 1792 1758 1758 1758 1792 1792 1792 1769 1769 1769 1792 1792 1792 1758 1758 1758 1793 1793 1793 1756 1756 1756 1793 1793 1793 1758 1758 1758 1793 1793 1793 1756 1756 1756 1760 1760 1760 1794 1794 1794 1795 1795 1795 1796 1796 1796 1796 1796 1796 1795 1795 1795 1797 1797 1797 1798 1798 1798 1797 1797 1797 1795 1795 1795 1797 1797 1797 1798 1798 1798 1799 1799 1799 1800 1800 1800 1799 1799 1799 1798 1798 1798 1799 1799 1799 1800 1800 1800 1801 1801 1801 1802 1802 1802 1801 1801 1801 1800 1800 1800 1801 1801 1801 1802 1802 1802 1803 1803 1803 1804 1804 1804 1803 1803 1803 1802 1802 1802 1803 1803 1803 1804 1804 1804 1805 1805 1805 1806 1806 1806 1805 1805 1805 1804 1804 1804 1805 1805 1805 1806 1806 1806 1807 1807 1807 1808 1808 1808 1809 1809 1809 1810 1810 1810 1809 1809 1809 1808 1808 1808 1794 1794 1794 1811 1811 1811 1794 1794 1794 1808 1808 1808 1794 1794 1794 1811 1811 1811 1795 1795 1795 1812 1812 1812 1795 1795 1795 1811 1811 1811 1795 1795 1795 1812 1812 1812 1798 1798 1798 1813 1813 1813 1798 1798 1798 1812 1812 1812 1798 1798 1798 1813 1813 1813 1800 1800 1800 1814 1814 1814 1800 1800 1800 1813 1813 1813 1800 1800 1800 1814 1814 1814 1802 1802 1802 1815 1815 1815 1802 1802 1802 1814 1814 1814 1802 1802 1802 1815 1815 1815 1804 1804 1804 1816 1816 1816 1804 1804 1804 1815 1815 1815 1804 1804 1804 1816 1816 1816 1806 1806 1806 1817 1817 1817 1806 1806 1806 1816 1816 1816 1818 1818 1818 1806 1806 1806 1817 1817 1817 1806 1806 1806 1818 1818 1818 1807 1807 1807 1819 1819 1819 1807 1807 1807 1818 1818 1818 1809 1809 1809 1820 1820 1820 1810 1810 1810 1810 1810 1810 1820 1820 1820 1821 1821 1821 1822 1822 1822 1821 1821 1821 1820 1820 1820 1821 1821 1821 1822 1822 1822 1823 1823 1823 1824 1824 1824 1823 1823 1823 1822 1822 1822 1823 1823 1823 1824 1824 1824 1825 1825 1825 1826 1826 1826 1825 1825 1825 1824 1824 1824 1825 1825 1825 1826 1826 1826 1827 1827 1827 1828 1828 1828 1827 1827 1827 1826 1826 1826 1827 1827 1827 1828 1828 1828 1829 1829 1829 1830 1830 1830 1829 1829 1829 1828 1828 1828 1829 1829 1829 1830 1830 1830 1831 1831 1831 1832 1832 1832 1831 1831 1831 1830 1830 1830 1831 1831 1831 1832 1832 1832 1833 1833 1833 1834 1834 1834 1833 1833 1833 1832 1832 1832 1833 1833 1833 1834 1834 1834 1835 1835 1835 1836 1836 1836 1835 1835 1835 1834 1834 1834 1835 1835 1835 1836 1836 1836 1837 1837 1837 1834 1834 1834 1832 1832 1832 1838 1838 1838 1838 1838 1838 1832 1832 1832 1839 1839 1839 1830 1830 1830 1839 1839 1839 1832 1832 1832 1839 1839 1839 1830 1830 1830 1840 1840 1840 1828 1828 1828 1840 1840 1840 1830 1830 1830 1840 1840 1840 1828 1828 1828 1841 1841 1841 1826 1826 1826 1841 1841 1841 1828 1828 1828 1841 1841 1841 1826 1826 1826 1842 1842 1842 1824 1824 1824 1842 1842 1842 1826 1826 1826 1842 1842 1842 1824 1824 1824 1843 1843 1843 1822 1822 1822 1843 1843 1843 1824 1824 1824 1843 1843 1843 1822 1822 1822 1844 1844 1844 1820 1820 1820 1844 1844 1844 1822 1822 1822 1844 1844 1844 1820 1820 1820 1845 1845 1845 1809 1809 1809 1845 1845 1845 1820 1820 1820 1845 1845 1845 1809 1809 1809 1846 1846 1846 1794 1794 1794 1846 1846 1846 1809 1809 1809 1846 1846 1846 1794 1794 1794 1796 1796 1796 1836 1836 1836 1847 1847 1847 1837 1837 1837 1837 1837 1837 1847 1847 1847 1848 1848 1848 1849 1849 1849 1848 1848 1848 1847 1847 1847 1848 1848 1848 1849 1849 1849 1850 1850 1850 1851 1851 1851 1850 1850 1850 1849 1849 1849 1850 1850 1850 1851 1851 1851 1852 1852 1852 1853 1853 1853 1852 1852 1852 1851 1851 1851 1852 1852 1852 1853 1853 1853 1854 1854 1854 1855 1855 1855 1854 1854 1854 1853 1853 1853 1854 1854 1854 1855 1855 1855 1856 1856 1856 1857 1857 1857 1856 1856 1856 1855 1855 1855 1856 1856 1856 1857 1857 1857 1858 1858 1858 1859 1859 1859 1858 1858 1858 1857 1857 1857 1858 1858 1858 1859 1859 1859 1860 1860 1860 1861 1861 1861 1860 1860 1860 1859 1859 1859 1860 1860 1860 1861 1861 1861 1862 1862 1862 1861 1861 1861 1859 1859 1859 1863 1863 1863 1863 1863 1863 1859 1859 1859 1864 1864 1864 1857 1857 1857 1864 1864 1864 1859 1859 1859 1864 1864 1864 1857 1857 1857 1865 1865 1865 1855 1855 1855 1865 1865 1865 1857 1857 1857 1865 1865 1865 1855 1855 1855 1866 1866 1866 1853 1853 1853 1866 1866 1866 1855 1855 1855 1866 1866 1866 1853 1853 1853 1867 1867 1867 1851 1851 1851 1867 1867 1867 1853 1853 1853 1867 1867 1867 1851 1851 1851 1868 1868 1868 1849 1849 1849 1868 1868 1868 1851 1851 1851 1868 1868 1868 1849 1849 1849 1869 1869 1869 1847 1847 1847 1869 1869 1869 1849 1849 1849 1869 1869 1869 1847 1847 1847 1870 1870 1870 1836 1836 1836 1870 1870 1870 1847 1847 1847 1870 1870 1870 1836 1836 1836 1871 1871 1871 1834 1834 1834 1871 1871 1871 1836 1836 1836 1871 1871 1871 1834 1834 1834 1838 1838 1838 1872 1872 1872 1873 1873 1873 1874 1874 1874 1874 1874 1874 1873 1873 1873 1875 1875 1875 1876 1876 1876 1875 1875 1875 1873 1873 1873 1875 1875 1875 1876 1876 1876 1877 1877 1877 1878 1878 1878 1877 1877 1877 1876 1876 1876 1877 1877 1877 1878 1878 1878 1879 1879 1879 1880 1880 1880 1879 1879 1879 1878 1878 1878 1879 1879 1879 1880 1880 1880 1881 1881 1881 1882 1882 1882 1881 1881 1881 1880 1880 1880 1881 1881 1881 1882 1882 1882 1883 1883 1883 1884 1884 1884 1883 1883 1883 1882 1882 1882 1883 1883 1883 1884 1884 1884 1885 1885 1885 1886 1886 1886 1887 1887 1887 1888 1888 1888 1887 1887 1887 1886 1886 1886 1872 1872 1872 1889 1889 1889 1872 1872 1872 1886 1886 1886 1872 1872 1872 1889 1889 1889 1873 1873 1873 1890 1890 1890 1873 1873 1873 1889 1889 1889 1873 1873 1873 1890 1890 1890 1876 1876 1876 1891 1891 1891 1876 1876 1876 1890 1890 1890 1876 1876 1876 1891 1891 1891 1878 1878 1878 1892 1892 1892 1878 1878 1878 1891 1891 1891 1878 1878 1878 1892 1892 1892 1880 1880 1880 1893 1893 1893 1880 1880 1880 1892 1892 1892 1880 1880 1880 1893 1893 1893 1882 1882 1882 1894 1894 1894 1882 1882 1882 1893 1893 1893 1882 1882 1882 1894 1894 1894 1884 1884 1884 1895 1895 1895 1884 1884 1884 1894 1894 1894 1896 1896 1896 1884 1884 1884 1895 1895 1895 1884 1884 1884 1896 1896 1896 1885 1885 1885 1897 1897 1897 1885 1885 1885 1896 1896 1896 1887 1887 1887 1898 1898 1898 1888 1888 1888 1888 1888 1888 1898 1898 1898 1899 1899 1899 1900 1900 1900 1899 1899 1899 1898 1898 1898 1899 1899 1899 1900 1900 1900 1901 1901 1901 1902 1902 1902 1901 1901 1901 1900 1900 1900 1901 1901 1901 1902 1902 1902 1903 1903 1903 1904 1904 1904 1903 1903 1903 1902 1902 1902 1903 1903 1903 1904 1904 1904 1905 1905 1905 1906 1906 1906 1905 1905 1905 1904 1904 1904 1905 1905 1905 1906 1906 1906 1907 1907 1907 1908 1908 1908 1907 1907 1907 1906 1906 1906 1907 1907 1907 1908 1908 1908 1909 1909 1909 1910 1910 1910 1909 1909 1909 1908 1908 1908 1909 1909 1909 1910 1910 1910 1911 1911 1911 1912 1912 1912 1911 1911 1911 1910 1910 1910 1911 1911 1911 1912 1912 1912 1913 1913 1913 1914 1914 1914 1913 1913 1913 1912 1912 1912 1913 1913 1913 1914 1914 1914 1915 1915 1915 1912 1912 1912 1910 1910 1910 1916 1916 1916 1916 1916 1916 1910 1910 1910 1917 1917 1917 1908 1908 1908 1917 1917 1917 1910 1910 1910 1917 1917 1917 1908 1908 1908 1918 1918 1918 1906 1906 1906 1918 1918 1918 1908 1908 1908 1918 1918 1918 1906 1906 1906 1919 1919 1919 1904 1904 1904 1919 1919 1919 1906 1906 1906 1919 1919 1919 1904 1904 1904 1920 1920 1920 1902 1902 1902 1920 1920 1920 1904 1904 1904 1920 1920 1920 1902 1902 1902 1921 1921 1921 1900 1900 1900 1921 1921 1921 1902 1902 1902 1921 1921 1921 1900 1900 1900 1922 1922 1922 1898 1898 1898 1922 1922 1922 1900 1900 1900 1922 1922 1922 1898 1898 1898 1923 1923 1923 1887 1887 1887 1923 1923 1923 1898 1898 1898 1923 1923 1923 1887 1887 1887 1924 1924 1924 1872 1872 1872 1924 1924 1924 1887 1887 1887 1924 1924 1924 1872 1872 1872 1874 1874 1874 1914 1914 1914 1925 1925 1925 1915 1915 1915 1915 1915 1915 1925 1925 1925 1926 1926 1926 1927 1927 1927 1926 1926 1926 1925 1925 1925 1926 1926 1926 1927 1927 1927 1928 1928 1928 1929 1929 1929 1928 1928 1928 1927 1927 1927 1928 1928 1928 1929 1929 1929 1930 1930 1930 1931 1931 1931 1930 1930 1930 1929 1929 1929 1930 1930 1930 1931 1931 1931 1932 1932 1932 1933 1933 1933 1932 1932 1932 1931 1931 1931 1932 1932 1932 1933 1933 1933 1934 1934 1934 1935 1935 1935 1934 1934 1934 1933 1933 1933 1934 1934 1934 1935 1935 1935 1936 1936 1936 1937 1937 1937 1936 1936 1936 1935 1935 1935 1936 1936 1936 1937 1937 1937 1938 1938 1938 1939 1939 1939 1938 1938 1938 1937 1937 1937 1938 1938 1938 1939 1939 1939 1940 1940 1940 1939 1939 1939 1937 1937 1937 1941 1941 1941 1941 1941 1941 1937 1937 1937 1942 1942 1942 1935 1935 1935 1942 1942 1942 1937 1937 1937 1942 1942 1942 1935 1935 1935 1943 1943 1943 1933 1933 1933 1943 1943 1943 1935 1935 1935 1943 1943 1943 1933 1933 1933 1944 1944 1944 1931 1931 1931 1944 1944 1944 1933 1933 1933 1944 1944 1944 1931 1931 1931 1945 1945 1945 1929 1929 1929 1945 1945 1945 1931 1931 1931 1945 1945 1945 1929 1929 1929 1946 1946 1946 1927 1927 1927 1946 1946 1946 1929 1929 1929 1946 1946 1946 1927 1927 1927 1947 1947 1947 1925 1925 1925 1947 1947 1947 1927 1927 1927 1947 1947 1947 1925 1925 1925 1948 1948 1948 1914 1914 1914 1948 1948 1948 1925 1925 1925 1948 1948 1948 1914 1914 1914 1949 1949 1949 1912 1912 1912 1949 1949 1949 1914 1914 1914 1949 1949 1949 1912 1912 1912 1916 1916 1916 1950 1950 1950 1951 1951 1951 1952 1952 1952 1952 1952 1952 1951 1951 1951 1953 1953 1953 1954 1954 1954 1953 1953 1953 1951 1951 1951 1953 1953 1953 1954 1954 1954 1955 1955 1955 1956 1956 1956 1955 1955 1955 1954 1954 1954 1955 1955 1955 1956 1956 1956 1957 1957 1957 1958 1958 1958 1957 1957 1957 1956 1956 1956 1957 1957 1957 1958 1958 1958 1959 1959 1959 1960 1960 1960 1959 1959 1959 1958 1958 1958 1959 1959 1959 1960 1960 1960 1961 1961 1961 1962 1962 1962 1961 1961 1961 1960 1960 1960 1961 1961 1961 1962 1962 1962 1963 1963 1963 1964 1964 1964 1965 1965 1965 1966 1966 1966 1965 1965 1965 1964 1964 1964 1950 1950 1950 1967 1967 1967 1950 1950 1950 1964 1964 1964 1950 1950 1950 1967 1967 1967 1951 1951 1951 1968 1968 1968 1951 1951 1951 1967 1967 1967 1951 1951 1951 1968 1968 1968 1954 1954 1954 1969 1969 1969 1954 1954 1954 1968 1968 1968 1954 1954 1954 1969 1969 1969 1956 1956 1956 1970 1970 1970 1956 1956 1956 1969 1969 1969 1956 1956 1956 1970 1970 1970 1958 1958 1958 1971 1971 1971 1958 1958 1958 1970 1970 1970 1958 1958 1958 1971 1971 1971 1960 1960 1960 1972 1972 1972 1960 1960 1960 1971 1971 1971 1960 1960 1960 1972 1972 1972 1962 1962 1962 1973 1973 1973 1962 1962 1962 1972 1972 1972 1974 1974 1974 1962 1962 1962 1973 1973 1973 1962 1962 1962 1974 1974 1974 1963 1963 1963 1975 1975 1975 1963 1963 1963 1974 1974 1974 1965 1965 1965 1976 1976 1976 1966 1966 1966 1966 1966 1966 1976 1976 1976 1977 1977 1977 1978 1978 1978 1977 1977 1977 1976 1976 1976 1977 1977 1977 1978 1978 1978 1979 1979 1979 1980 1980 1980 1979 1979 1979 1978 1978 1978 1979 1979 1979 1980 1980 1980 1981 1981 1981 1982 1982 1982 1981 1981 1981 1980 1980 1980 1981 1981 1981 1982 1982 1982 1983 1983 1983 1984 1984 1984 1983 1983 1983 1982 1982 1982 1983 1983 1983 1984 1984 1984 1985 1985 1985 1986 1986 1986 1985 1985 1985 1984 1984 1984 1985 1985 1985 1986 1986 1986 1987 1987 1987 1988 1988 1988 1987 1987 1987 1986 1986 1986 1987 1987 1987 1988 1988 1988 1989 1989 1989 1990 1990 1990 1989 1989 1989 1988 1988 1988 1989 1989 1989 1990 1990 1990 1991 1991 1991 1992 1992 1992 1991 1991 1991 1990 1990 1990 1991 1991 1991 1992 1992 1992 1993 1993 1993 1990 1990 1990 1988 1988 1988 1994 1994 1994 1994 1994 1994 1988 1988 1988 1995 1995 1995 1986 1986 1986 1995 1995 1995 1988 1988 1988 1995 1995 1995 1986 1986 1986 1996 1996 1996 1984 1984 1984 1996 1996 1996 1986 1986 1986 1996 1996 1996 1984 1984 1984 1997 1997 1997 1982 1982 1982 1997 1997 1997 1984 1984 1984 1997 1997 1997 1982 1982 1982 1998 1998 1998 1980 1980 1980 1998 1998 1998 1982 1982 1982 1998 1998 1998 1980 1980 1980 1999 1999 1999 1978 1978 1978 1999 1999 1999 1980 1980 1980 1999 1999 1999 1978 1978 1978 2000 2000 2000 1976 1976 1976 2000 2000 2000 1978 1978 1978 2000 2000 2000 1976 1976 1976 2001 2001 2001 1965 1965 1965 2001 2001 2001 1976 1976 1976 2001 2001 2001 1965 1965 1965 2002 2002 2002 1950 1950 1950 2002 2002 2002 1965 1965 1965 2002 2002 2002 1950 1950 1950 1952 1952 1952 1992 1992 1992 2003 2003 2003 1993 1993 1993 1993 1993 1993 2003 2003 2003 2004 2004 2004 2005 2005 2005 2004 2004 2004 2003 2003 2003 2004 2004 2004 2005 2005 2005 2006 2006 2006 2007 2007 2007 2006 2006 2006 2005 2005 2005 2006 2006 2006 2007 2007 2007 2008 2008 2008 2009 2009 2009 2008 2008 2008 2007 2007 2007 2008 2008 2008 2009 2009 2009 2010 2010 2010 2011 2011 2011 2010 2010 2010 2009 2009 2009 2010 2010 2010 2011 2011 2011 2012 2012 2012 2013 2013 2013 2012 2012 2012 2011 2011 2011 2012 2012 2012 2013 2013 2013 2014 2014 2014 2015 2015 2015 2014 2014 2014 2013 2013 2013 2014 2014 2014 2015 2015 2015 2016 2016 2016 2017 2017 2017 2016 2016 2016 2015 2015 2015 2016 2016 2016 2017 2017 2017 2018 2018 2018 2017 2017 2017 2015 2015 2015 2019 2019 2019 2019 2019 2019 2015 2015 2015 2020 2020 2020 2013 2013 2013 2020 2020 2020 2015 2015 2015 2020 2020 2020 2013 2013 2013 2021 2021 2021 2011 2011 2011 2021 2021 2021 2013 2013 2013 2021 2021 2021 2011 2011 2011 2022 2022 2022 2009 2009 2009 2022 2022 2022 2011 2011 2011 2022 2022 2022 2009 2009 2009 2023 2023 2023 2007 2007 2007 2023 2023 2023 2009 2009 2009 2023 2023 2023 2007 2007 2007 2024 2024 2024 2005 2005 2005 2024 2024 2024 2007 2007 2007 2024 2024 2024 2005 2005 2005 2025 2025 2025 2003 2003 2003 2025 2025 2025 2005 2005 2005 2025 2025 2025 2003 2003 2003 2026 2026 2026 1992 1992 1992 2026 2026 2026 2003 2003 2003 2026 2026 2026 1992 1992 1992 2027 2027 2027 1990 1990 1990 2027 2027 2027 1992 1992 1992 2027 2027 2027 1990 1990 1990 1994 1994 1994 2028 2028 2028 2029 2029 2029 2030 2030 2030 2030 2030 2030 2029 2029 2029 2031 2031 2031 2032 2032 2032 2031 2031 2031 2029 2029 2029 2031 2031 2031 2032 2032 2032 2033 2033 2033 2034 2034 2034 2033 2033 2033 2032 2032 2032 2033 2033 2033 2034 2034 2034 2035 2035 2035 2036 2036 2036 2035 2035 2035 2034 2034 2034 2035 2035 2035 2036 2036 2036 2037 2037 2037 2038 2038 2038 2037 2037 2037 2036 2036 2036 2037 2037 2037 2038 2038 2038 2039 2039 2039 2040 2040 2040 2039 2039 2039 2038 2038 2038 2039 2039 2039 2040 2040 2040 2041 2041 2041 2042 2042 2042 2043 2043 2043 2044 2044 2044 2043 2043 2043 2042 2042 2042 2028 2028 2028 2045 2045 2045 2028 2028 2028 2042 2042 2042 2028 2028 2028 2045 2045 2045 2029 2029 2029 2046 2046 2046 2029 2029 2029 2045 2045 2045 2029 2029 2029 2046 2046 2046 2032 2032 2032 2047 2047 2047 2032 2032 2032 2046 2046 2046 2032 2032 2032 2047 2047 2047 2034 2034 2034 2048 2048 2048 2034 2034 2034 2047 2047 2047 2034 2034 2034 2048 2048 2048 2036 2036 2036 2049 2049 2049 2036 2036 2036 2048 2048 2048 2036 2036 2036 2049 2049 2049 2038 2038 2038 2050 2050 2050 2038 2038 2038 2049 2049 2049 2038 2038 2038 2050 2050 2050 2040 2040 2040 2051 2051 2051 2040 2040 2040 2050 2050 2050 2052 2052 2052 2040 2040 2040 2051 2051 2051 2040 2040 2040 2052 2052 2052 2041 2041 2041 2053 2053 2053 2041 2041 2041 2052 2052 2052 2043 2043 2043 2054 2054 2054 2044 2044 2044 2044 2044 2044 2054 2054 2054 2055 2055 2055 2056 2056 2056 2055 2055 2055 2054 2054 2054 2055 2055 2055 2056 2056 2056 2057 2057 2057 2058 2058 2058 2057 2057 2057 2056 2056 2056 2057 2057 2057 2058 2058 2058 2059 2059 2059 2060 2060 2060 2059 2059 2059 2058 2058 2058 2059 2059 2059 2060 2060 2060 2061 2061 2061 2062 2062 2062 2061 2061 2061 2060 2060 2060 2061 2061 2061 2062 2062 2062 2063 2063 2063 2064 2064 2064 2063 2063 2063 2062 2062 2062 2063 2063 2063 2064 2064 2064 2065 2065 2065 2066 2066 2066 2065 2065 2065 2064 2064 2064 2065 2065 2065 2066 2066 2066 2067 2067 2067 2068 2068 2068 2067 2067 2067 2066 2066 2066 2067 2067 2067 2068 2068 2068 2069 2069 2069 2070 2070 2070 2069 2069 2069 2068 2068 2068 2069 2069 2069 2070 2070 2070 2071 2071 2071 2068 2068 2068 2066 2066 2066 2072 2072 2072 2072 2072 2072 2066 2066 2066 2073 2073 2073 2064 2064 2064 2073 2073 2073 2066 2066 2066 2073 2073 2073 2064 2064 2064 2074 2074 2074 2062 2062 2062 2074 2074 2074 2064 2064 2064 2074 2074 2074 2062 2062 2062 2075 2075 2075 2060 2060 2060 2075 2075 2075 2062 2062 2062 2075 2075 2075 2060 2060 2060 2076 2076 2076 2058 2058 2058 2076 2076 2076 2060 2060 2060 2076 2076 2076 2058 2058 2058 2077 2077 2077 2056 2056 2056 2077 2077 2077 2058 2058 2058 2077 2077 2077 2056 2056 2056 2078 2078 2078 2054 2054 2054 2078 2078 2078 2056 2056 2056 2078 2078 2078 2054 2054 2054 2079 2079 2079 2043 2043 2043 2079 2079 2079 2054 2054 2054 2079 2079 2079 2043 2043 2043 2080 2080 2080 2028 2028 2028 2080 2080 2080 2043 2043 2043 2080 2080 2080 2028 2028 2028 2030 2030 2030 2070 2070 2070 2081 2081 2081 2071 2071 2071 2071 2071 2071 2081 2081 2081 2082 2082 2082 2083 2083 2083 2082 2082 2082 2081 2081 2081 2082 2082 2082 2083 2083 2083 2084 2084 2084 2085 2085 2085 2084 2084 2084 2083 2083 2083 2084 2084 2084 2085 2085 2085 2086 2086 2086 2087 2087 2087 2086 2086 2086 2085 2085 2085 2086 2086 2086 2087 2087 2087 2088 2088 2088 2089 2089 2089 2088 2088 2088 2087 2087 2087 2088 2088 2088 2089 2089 2089 2090 2090 2090 2091 2091 2091 2090 2090 2090 2089 2089 2089 2090 2090 2090 2091 2091 2091 2092 2092 2092 2093 2093 2093 2092 2092 2092 2091 2091 2091 2092 2092 2092 2093 2093 2093 2094 2094 2094 2095 2095 2095 2094 2094 2094 2093 2093 2093 2094 2094 2094 2095 2095 2095 2096 2096 2096 2095 2095 2095 2093 2093 2093 2097 2097 2097 2097 2097 2097 2093 2093 2093 2098 2098 2098 2091 2091 2091 2098 2098 2098 2093 2093 2093 2098 2098 2098 2091 2091 2091 2099 2099 2099 2089 2089 2089 2099 2099 2099 2091 2091 2091 2099 2099 2099 2089 2089 2089 2100 2100 2100 2087 2087 2087 2100 2100 2100 2089 2089 2089 2100 2100 2100 2087 2087 2087 2101 2101 2101 2085 2085 2085 2101 2101 2101 2087 2087 2087 2101 2101 2101 2085 2085 2085 2102 2102 2102 2083 2083 2083 2102 2102 2102 2085 2085 2085 2102 2102 2102 2083 2083 2083 2103 2103 2103 2081 2081 2081 2103 2103 2103 2083 2083 2083 2103 2103 2103 2081 2081 2081 2104 2104 2104 2070 2070 2070 2104 2104 2104 2081 2081 2081 2104 2104 2104 2070 2070 2070 2105 2105 2105 2068 2068 2068 2105 2105 2105 2070 2070 2070 2105 2105 2105 2068 2068 2068 2072 2072 2072 2106 2106 2106 2107 2107 2107 2108 2108 2108 2108 2108 2108 2107 2107 2107 2109 2109 2109 2110 2110 2110 2109 2109 2109 2107 2107 2107 2109 2109 2109 2110 2110 2110 2111 2111 2111 2112 2112 2112 2111 2111 2111 2110 2110 2110 2111 2111 2111 2112 2112 2112 2113 2113 2113 2114 2114 2114 2113 2113 2113 2112 2112 2112 2113 2113 2113 2114 2114 2114 2115 2115 2115 2116 2116 2116 2115 2115 2115 2114 2114 2114 2115 2115 2115 2116 2116 2116 2117 2117 2117 2118 2118 2118 2117 2117 2117 2116 2116 2116 2117 2117 2117 2118 2118 2118 2119 2119 2119 2120 2120 2120 2121 2121 2121 2122 2122 2122 2121 2121 2121 2120 2120 2120 2106 2106 2106 2123 2123 2123 2106 2106 2106 2120 2120 2120 2106 2106 2106 2123 2123 2123 2107 2107 2107 2124 2124 2124 2107 2107 2107 2123 2123 2123 2107 2107 2107 2124 2124 2124 2110 2110 2110 2125 2125 2125 2110 2110 2110 2124 2124 2124 2110 2110 2110 2125 2125 2125 2112 2112 2112 2126 2126 2126 2112 2112 2112 2125 2125 2125 2112 2112 2112 2126 2126 2126 2114 2114 2114 2127 2127 2127 2114 2114 2114 2126 2126 2126 2114 2114 2114 2127 2127 2127 2116 2116 2116 2128 2128 2128 2116 2116 2116 2127 2127 2127 2116 2116 2116 2128 2128 2128 2118 2118 2118 2129 2129 2129 2118 2118 2118 2128 2128 2128 2130 2130 2130 2118 2118 2118 2129 2129 2129 2118 2118 2118 2130 2130 2130 2119 2119 2119 2131 2131 2131 2119 2119 2119 2130 2130 2130 2121 2121 2121 2132 2132 2132 2122 2122 2122 2122 2122 2122 2132 2132 2132 2133 2133 2133 2134 2134 2134 2133 2133 2133 2132 2132 2132 2133 2133 2133 2134 2134 2134 2135 2135 2135 2136 2136 2136 2135 2135 2135 2134 2134 2134 2135 2135 2135 2136 2136 2136 2137 2137 2137 2138 2138 2138 2137 2137 2137 2136 2136 2136 2137 2137 2137 2138 2138 2138 2139 2139 2139 2140 2140 2140 2139 2139 2139 2138 2138 2138 2139 2139 2139 2140 2140 2140 2141 2141 2141 2142 2142 2142 2141 2141 2141 2140 2140 2140 2141 2141 2141 2142 2142 2142 2143 2143 2143 2144 2144 2144 2143 2143 2143 2142 2142 2142 2143 2143 2143 2144 2144 2144 2145 2145 2145 2146 2146 2146 2145 2145 2145 2144 2144 2144 2145 2145 2145 2146 2146 2146 2147 2147 2147 2148 2148 2148 2147 2147 2147 2146 2146 2146 2147 2147 2147 2148 2148 2148 2149 2149 2149 2146 2146 2146 2144 2144 2144 2150 2150 2150 2150 2150 2150 2144 2144 2144 2151 2151 2151 2142 2142 2142 2151 2151 2151 2144 2144 2144 2151 2151 2151 2142 2142 2142 2152 2152 2152 2140 2140 2140 2152 2152 2152 2142 2142 2142 2152 2152 2152 2140 2140 2140 2153 2153 2153 2138 2138 2138 2153 2153 2153 2140 2140 2140 2153 2153 2153 2138 2138 2138 2154 2154 2154 2136 2136 2136 2154 2154 2154 2138 2138 2138 2154 2154 2154 2136 2136 2136 2155 2155 2155 2134 2134 2134 2155 2155 2155 2136 2136 2136 2155 2155 2155 2134 2134 2134 2156 2156 2156 2132 2132 2132 2156 2156 2156 2134 2134 2134 2156 2156 2156 2132 2132 2132 2157 2157 2157 2121 2121 2121 2157 2157 2157 2132 2132 2132 2157 2157 2157 2121 2121 2121 2158 2158 2158 2106 2106 2106 2158 2158 2158 2121 2121 2121 2158 2158 2158 2106 2106 2106 2108 2108 2108 2148 2148 2148 2159 2159 2159 2149 2149 2149 2149 2149 2149 2159 2159 2159 2160 2160 2160 2161 2161 2161 2160 2160 2160 2159 2159 2159 2160 2160 2160 2161 2161 2161 2162 2162 2162 2163 2163 2163 2162 2162 2162 2161 2161 2161 2162 2162 2162 2163 2163 2163 2164 2164 2164 2165 2165 2165 2164 2164 2164 2163 2163 2163 2164 2164 2164 2165 2165 2165 2166 2166 2166 2167 2167 2167 2166 2166 2166 2165 2165 2165 2166 2166 2166 2167 2167 2167 2168 2168 2168 2169 2169 2169 2168 2168 2168 2167 2167 2167 2168 2168 2168 2169 2169 2169 2170 2170 2170 2171 2171 2171 2170 2170 2170 2169 2169 2169 2170 2170 2170 2171 2171 2171 2172 2172 2172 2173 2173 2173 2172 2172 2172 2171 2171 2171 2172 2172 2172 2173 2173 2173 2174 2174 2174 2173 2173 2173 2171 2171 2171 2175 2175 2175 2175 2175 2175 2171 2171 2171 2176 2176 2176 2169 2169 2169 2176 2176 2176 2171 2171 2171 2176 2176 2176 2169 2169 2169 2177 2177 2177 2167 2167 2167 2177 2177 2177 2169 2169 2169 2177 2177 2177 2167 2167 2167 2178 2178 2178 2165 2165 2165 2178 2178 2178 2167 2167 2167 2178 2178 2178 2165 2165 2165 2179 2179 2179 2163 2163 2163 2179 2179 2179 2165 2165 2165 2179 2179 2179 2163 2163 2163 2180 2180 2180 2161 2161 2161 2180 2180 2180 2163 2163 2163 2180 2180 2180 2161 2161 2161 2181 2181 2181 2159 2159 2159 2181 2181 2181 2161 2161 2161 2181 2181 2181 2159 2159 2159 2182 2182 2182 2148 2148 2148 2182 2182 2182 2159 2159 2159 2182 2182 2182 2148 2148 2148 2183 2183 2183 2146 2146 2146 2183 2183 2183 2148 2148 2148 2183 2183 2183 2146 2146 2146 2150 2150 2150 2184 2184 2184 2185 2185 2185 2186 2186 2186 2186 2186 2186 2185 2185 2185 2187 2187 2187 2188 2188 2188 2187 2187 2187 2185 2185 2185 2187 2187 2187 2188 2188 2188 2189 2189 2189 2190 2190 2190 2189 2189 2189 2188 2188 2188 2189 2189 2189 2190 2190 2190 2191 2191 2191 2192 2192 2192 2191 2191 2191 2190 2190 2190 2191 2191 2191 2192 2192 2192 2193 2193 2193 2194 2194 2194 2193 2193 2193 2192 2192 2192 2193 2193 2193 2194 2194 2194 2195 2195 2195 2196 2196 2196 2195 2195 2195 2194 2194 2194 2195 2195 2195 2196 2196 2196 2197 2197 2197 2198 2198 2198 2199 2199 2199 2200 2200 2200 2199 2199 2199 2198 2198 2198 2184 2184 2184 2201 2201 2201 2184 2184 2184 2198 2198 2198 2184 2184 2184 2201 2201 2201 2185 2185 2185 2202 2202 2202 2185 2185 2185 2201 2201 2201 2185 2185 2185 2202 2202 2202 2188 2188 2188 2203 2203 2203 2188 2188 2188 2202 2202 2202 2188 2188 2188 2203 2203 2203 2190 2190 2190 2204 2204 2204 2190 2190 2190 2203 2203 2203 2190 2190 2190 2204 2204 2204 2192 2192 2192 2205 2205 2205 2192 2192 2192 2204 2204 2204 2192 2192 2192 2205 2205 2205 2194 2194 2194 2206 2206 2206 2194 2194 2194 2205 2205 2205 2194 2194 2194 2206 2206 2206 2196 2196 2196 2207 2207 2207 2196 2196 2196 2206 2206 2206 2208 2208 2208 2196 2196 2196 2207 2207 2207 2196 2196 2196 2208 2208 2208 2197 2197 2197 2209 2209 2209 2197 2197 2197 2208 2208 2208 2199 2199 2199 2210 2210 2210 2200 2200 2200 2200 2200 2200 2210 2210 2210 2211 2211 2211 2212 2212 2212 2211 2211 2211 2210 2210 2210 2211 2211 2211 2212 2212 2212 2213 2213 2213 2214 2214 2214 2213 2213 2213 2212 2212 2212 2213 2213 2213 2214 2214 2214 2215 2215 2215 2216 2216 2216 2215 2215 2215 2214 2214 2214 2215 2215 2215 2216 2216 2216 2217 2217 2217 2218 2218 2218 2217 2217 2217 2216 2216 2216 2217 2217 2217 2218 2218 2218 2219 2219 2219 2220 2220 2220 2219 2219 2219 2218 2218 2218 2219 2219 2219 2220 2220 2220 2221 2221 2221 2222 2222 2222 2221 2221 2221 2220 2220 2220 2221 2221 2221 2222 2222 2222 2223 2223 2223 2224 2224 2224 2223 2223 2223 2222 2222 2222 2223 2223 2223 2224 2224 2224 2225 2225 2225 2226 2226 2226 2225 2225 2225 2224 2224 2224 2225 2225 2225 2226 2226 2226 2227 2227 2227 2224 2224 2224 2222 2222 2222 2228 2228 2228 2228 2228 2228 2222 2222 2222 2229 2229 2229 2220 2220 2220 2229 2229 2229 2222 2222 2222 2229 2229 2229 2220 2220 2220 2230 2230 2230 2218 2218 2218 2230 2230 2230 2220 2220 2220 2230 2230 2230 2218 2218 2218 2231 2231 2231 2216 2216 2216 2231 2231 2231 2218 2218 2218 2231 2231 2231 2216 2216 2216 2232 2232 2232 2214 2214 2214 2232 2232 2232 2216 2216 2216 2232 2232 2232 2214 2214 2214 2233 2233 2233 2212 2212 2212 2233 2233 2233 2214 2214 2214 2233 2233 2233 2212 2212 2212 2234 2234 2234 2210 2210 2210 2234 2234 2234 2212 2212 2212 2234 2234 2234 2210 2210 2210 2235 2235 2235 2199 2199 2199 2235 2235 2235 2210 2210 2210 2235 2235 2235 2199 2199 2199 2236 2236 2236 2184 2184 2184 2236 2236 2236 2199 2199 2199 2236 2236 2236 2184 2184 2184 2186 2186 2186 2226 2226 2226 2237 2237 2237 2227 2227 2227 2227 2227 2227 2237 2237 2237 2238 2238 2238 2239 2239 2239 2238 2238 2238 2237 2237 2237 2238 2238 2238 2239 2239 2239 2240 2240 2240 2241 2241 2241 2240 2240 2240 2239 2239 2239 2240 2240 2240 2241 2241 2241 2242 2242 2242 2243 2243 2243 2242 2242 2242 2241 2241 2241 2242 2242 2242 2243 2243 2243 2244 2244 2244 2245 2245 2245 2244 2244 2244 2243 2243 2243 2244 2244 2244 2245 2245 2245 2246 2246 2246 2247 2247 2247 2246 2246 2246 2245 2245 2245 2246 2246 2246 2247 2247 2247 2248 2248 2248 2249 2249 2249 2248 2248 2248 2247 2247 2247 2248 2248 2248 2249 2249 2249 2250 2250 2250 2251 2251 2251 2250 2250 2250 2249 2249 2249 2250 2250 2250 2251 2251 2251 2252 2252 2252 2251 2251 2251 2249 2249 2249 2253 2253 2253 2253 2253 2253 2249 2249 2249 2254 2254 2254 2247 2247 2247 2254 2254 2254 2249 2249 2249 2254 2254 2254 2247 2247 2247 2255 2255 2255 2245 2245 2245 2255 2255 2255 2247 2247 2247 2255 2255 2255 2245 2245 2245 2256 2256 2256 2243 2243 2243 2256 2256 2256 2245 2245 2245 2256 2256 2256 2243 2243 2243 2257 2257 2257 2241 2241 2241 2257 2257 2257 2243 2243 2243 2257 2257 2257 2241 2241 2241 2258 2258 2258 2239 2239 2239 2258 2258 2258 2241 2241 2241 2258 2258 2258 2239 2239 2239 2259 2259 2259 2237 2237 2237 2259 2259 2259 2239 2239 2239 2259 2259 2259 2237 2237 2237 2260 2260 2260 2226 2226 2226 2260 2260 2260 2237 2237 2237 2260 2260 2260 2226 2226 2226 2261 2261 2261 2224 2224 2224 2261 2261 2261 2226 2226 2226 2261 2261 2261 2224 2224 2224 2228 2228 2228 2262 2262 2262 2263 2263 2263 2264 2264 2264 2264 2264 2264 2263 2263 2263 2265 2265 2265 2266 2266 2266 2265 2265 2265 2263 2263 2263 2265 2265 2265 2266 2266 2266 2267 2267 2267 2268 2268 2268 2267 2267 2267 2266 2266 2266 2267 2267 2267 2268 2268 2268 2269 2269 2269 2270 2270 2270 2269 2269 2269 2268 2268 2268 2269 2269 2269 2270 2270 2270 2271 2271 2271 2272 2272 2272 2271 2271 2271 2270 2270 2270 2271 2271 2271 2272 2272 2272 2273 2273 2273 2274 2274 2274 2273 2273 2273 2272 2272 2272 2273 2273 2273 2274 2274 2274 2275 2275 2275 2276 2276 2276 2277 2277 2277 2278 2278 2278 2277 2277 2277 2276 2276 2276 2262 2262 2262 2279 2279 2279 2262 2262 2262 2276 2276 2276 2262 2262 2262 2279 2279 2279 2263 2263 2263 2280 2280 2280 2263 2263 2263 2279 2279 2279 2263 2263 2263 2280 2280 2280 2266 2266 2266 2281 2281 2281 2266 2266 2266 2280 2280 2280 2266 2266 2266 2281 2281 2281 2268 2268 2268 2282 2282 2282 2268 2268 2268 2281 2281 2281 2268 2268 2268 2282 2282 2282 2270 2270 2270 2283 2283 2283 2270 2270 2270 2282 2282 2282 2270 2270 2270 2283 2283 2283 2272 2272 2272 2284 2284 2284 2272 2272 2272 2283 2283 2283 2272 2272 2272 2284 2284 2284 2274 2274 2274 2285 2285 2285 2274 2274 2274 2284 2284 2284 2286 2286 2286 2274 2274 2274 2285 2285 2285 2274 2274 2274 2286 2286 2286 2275 2275 2275 2287 2287 2287 2275 2275 2275 2286 2286 2286 2277 2277 2277 2288 2288 2288 2278 2278 2278 2278 2278 2278 2288 2288 2288 2289 2289 2289 2290 2290 2290 2289 2289 2289 2288 2288 2288 2289 2289 2289 2290 2290 2290 2291 2291 2291 2292 2292 2292 2291 2291 2291 2290 2290 2290 2291 2291 2291 2292 2292 2292 2293 2293 2293 2294 2294 2294 2293 2293 2293 2292 2292 2292 2293 2293 2293 2294 2294 2294 2295 2295 2295 2296 2296 2296 2295 2295 2295 2294 2294 2294 2295 2295 2295 2296 2296 2296 2297 2297 2297 2298 2298 2298 2297 2297 2297 2296 2296 2296 2297 2297 2297 2298 2298 2298 2299 2299 2299 2300 2300 2300 2299 2299 2299 2298 2298 2298 2299 2299 2299 2300 2300 2300 2301 2301 2301 2302 2302 2302 2301 2301 2301 2300 2300 2300 2301 2301 2301 2302 2302 2302 2303 2303 2303 2304 2304 2304 2303 2303 2303 2302 2302 2302 2303 2303 2303 2304 2304 2304 2305 2305 2305 2302 2302 2302 2300 2300 2300 2306 2306 2306 2306 2306 2306 2300 2300 2300 2307 2307 2307 2298 2298 2298 2307 2307 2307 2300 2300 2300 2307 2307 2307 2298 2298 2298 2308 2308 2308 2296 2296 2296 2308 2308 2308 2298 2298 2298 2308 2308 2308 2296 2296 2296 2309 2309 2309 2294 2294 2294 2309 2309 2309 2296 2296 2296 2309 2309 2309 2294 2294 2294 2310 2310 2310 2292 2292 2292 2310 2310 2310 2294 2294 2294 2310 2310 2310 2292 2292 2292 2311 2311 2311 2290 2290 2290 2311 2311 2311 2292 2292 2292 2311 2311 2311 2290 2290 2290 2312 2312 2312 2288 2288 2288 2312 2312 2312 2290 2290 2290 2312 2312 2312 2288 2288 2288 2313 2313 2313 2277 2277 2277 2313 2313 2313 2288 2288 2288 2313 2313 2313 2277 2277 2277 2314 2314 2314 2262 2262 2262 2314 2314 2314 2277 2277 2277 2314 2314 2314 2262 2262 2262 2264 2264 2264 2304 2304 2304 2315 2315 2315 2305 2305 2305 2305 2305 2305 2315 2315 2315 2316 2316 2316 2317 2317 2317 2316 2316 2316 2315 2315 2315 2316 2316 2316 2317 2317 2317 2318 2318 2318 2319 2319 2319 2318 2318 2318 2317 2317 2317 2318 2318 2318 2319 2319 2319 2320 2320 2320 2321 2321 2321 2320 2320 2320 2319 2319 2319 2320 2320 2320 2321 2321 2321 2322 2322 2322 2323 2323 2323 2322 2322 2322 2321 2321 2321 2322 2322 2322 2323 2323 2323 2324 2324 2324 2325 2325 2325 2324 2324 2324 2323 2323 2323 2324 2324 2324 2325 2325 2325 2326 2326 2326 2327 2327 2327 2326 2326 2326 2325 2325 2325 2326 2326 2326 2327 2327 2327 2328 2328 2328 2329 2329 2329 2328 2328 2328 2327 2327 2327 2328 2328 2328 2329 2329 2329 2330 2330 2330 2329 2329 2329 2327 2327 2327 2331 2331 2331 2331 2331 2331 2327 2327 2327 2332 2332 2332 2325 2325 2325 2332 2332 2332 2327 2327 2327 2332 2332 2332 2325 2325 2325 2333 2333 2333 2323 2323 2323 2333 2333 2333 2325 2325 2325 2333 2333 2333 2323 2323 2323 2334 2334 2334 2321 2321 2321 2334 2334 2334 2323 2323 2323 2334 2334 2334 2321 2321 2321 2335 2335 2335 2319 2319 2319 2335 2335 2335 2321 2321 2321 2335 2335 2335 2319 2319 2319 2336 2336 2336 2317 2317 2317 2336 2336 2336 2319 2319 2319 2336 2336 2336 2317 2317 2317 2337 2337 2337 2315 2315 2315 2337 2337 2337 2317 2317 2317 2337 2337 2337 2315 2315 2315 2338 2338 2338 2304 2304 2304 2338 2338 2338 2315 2315 2315 2338 2338 2338 2304 2304 2304 2339 2339 2339 2302 2302 2302 2339 2339 2339 2304 2304 2304 2339 2339 2339 2302 2302 2302 2306 2306 2306 2340 2340 2340 2341 2341 2341 2342 2342 2342 2342 2342 2342 2341 2341 2341 2343 2343 2343 2344 2344 2344 2343 2343 2343 2341 2341 2341 2343 2343 2343 2344 2344 2344 2345 2345 2345 2346 2346 2346 2345 2345 2345 2344 2344 2344 2345 2345 2345 2346 2346 2346 2347 2347 2347 2348 2348 2348 2347 2347 2347 2346 2346 2346 2347 2347 2347 2348 2348 2348 2349 2349 2349 2350 2350 2350 2349 2349 2349 2348 2348 2348 2349 2349 2349 2350 2350 2350 2351 2351 2351 2352 2352 2352 2351 2351 2351 2350 2350 2350 2351 2351 2351 2352 2352 2352 2353 2353 2353 2354 2354 2354 2355 2355 2355 2356 2356 2356 2355 2355 2355 2354 2354 2354 2340 2340 2340 2357 2357 2357 2340 2340 2340 2354 2354 2354 2340 2340 2340 2357 2357 2357 2341 2341 2341 2358 2358 2358 2341 2341 2341 2357 2357 2357 2341 2341 2341 2358 2358 2358 2344 2344 2344 2359 2359 2359 2344 2344 2344 2358 2358 2358 2344 2344 2344 2359 2359 2359 2346 2346 2346 2360 2360 2360 2346 2346 2346 2359 2359 2359 2346 2346 2346 2360 2360 2360 2348 2348 2348 2361 2361 2361 2348 2348 2348 2360 2360 2360 2348 2348 2348 2361 2361 2361 2350 2350 2350 2362 2362 2362 2350 2350 2350 2361 2361 2361 2350 2350 2350 2362 2362 2362 2352 2352 2352 2363 2363 2363 2352 2352 2352 2362 2362 2362 2364 2364 2364 2352 2352 2352 2363 2363 2363 2352 2352 2352 2364 2364 2364 2353 2353 2353 2365 2365 2365 2353 2353 2353 2364 2364 2364 2355 2355 2355 2366 2366 2366 2356 2356 2356 2356 2356 2356 2366 2366 2366 2367 2367 2367 2368 2368 2368 2367 2367 2367 2366 2366 2366 2367 2367 2367 2368 2368 2368 2369 2369 2369 2370 2370 2370 2369 2369 2369 2368 2368 2368 2369 2369 2369 2370 2370 2370 2371 2371 2371 2372 2372 2372 2371 2371 2371 2370 2370 2370 2371 2371 2371 2372 2372 2372 2373 2373 2373 2374 2374 2374 2373 2373 2373 2372 2372 2372 2373 2373 2373 2374 2374 2374 2375 2375 2375 2376 2376 2376 2375 2375 2375 2374 2374 2374 2375 2375 2375 2376 2376 2376 2377 2377 2377 2378 2378 2378 2377 2377 2377 2376 2376 2376 2377 2377 2377 2378 2378 2378 2379 2379 2379 2380 2380 2380 2379 2379 2379 2378 2378 2378 2379 2379 2379 2380 2380 2380 2381 2381 2381 2382 2382 2382 2381 2381 2381 2380 2380 2380 2381 2381 2381 2382 2382 2382 2383 2383 2383 2380 2380 2380 2378 2378 2378 2384 2384 2384 2384 2384 2384 2378 2378 2378 2385 2385 2385 2376 2376 2376 2385 2385 2385 2378 2378 2378 2385 2385 2385 2376 2376 2376 2386 2386 2386 2374 2374 2374 2386 2386 2386 2376 2376 2376 2386 2386 2386 2374 2374 2374 2387 2387 2387 2372 2372 2372 2387 2387 2387 2374 2374 2374 2387 2387 2387 2372 2372 2372 2388 2388 2388 2370 2370 2370 2388 2388 2388 2372 2372 2372 2388 2388 2388 2370 2370 2370 2389 2389 2389 2368 2368 2368 2389 2389 2389 2370 2370 2370 2389 2389 2389 2368 2368 2368 2390 2390 2390 2366 2366 2366 2390 2390 2390 2368 2368 2368 2390 2390 2390 2366 2366 2366 2391 2391 2391 2355 2355 2355 2391 2391 2391 2366 2366 2366 2391 2391 2391 2355 2355 2355 2392 2392 2392 2340 2340 2340 2392 2392 2392 2355 2355 2355 2392 2392 2392 2340 2340 2340 2342 2342 2342 2382 2382 2382 2393 2393 2393 2383 2383 2383 2383 2383 2383 2393 2393 2393 2394 2394 2394 2395 2395 2395 2394 2394 2394 2393 2393 2393 2394 2394 2394 2395 2395 2395 2396 2396 2396 2397 2397 2397 2396 2396 2396 2395 2395 2395 2396 2396 2396 2397 2397 2397 2398 2398 2398 2399 2399 2399 2398 2398 2398 2397 2397 2397 2398 2398 2398 2399 2399 2399 2400 2400 2400 2401 2401 2401 2400 2400 2400 2399 2399 2399 2400 2400 2400 2401 2401 2401 2402 2402 2402 2403 2403 2403 2402 2402 2402 2401 2401 2401 2402 2402 2402 2403 2403 2403 2404 2404 2404 2405 2405 2405 2404 2404 2404 2403 2403 2403 2404 2404 2404 2405 2405 2405 2406 2406 2406 2407 2407 2407 2406 2406 2406 2405 2405 2405 2406 2406 2406 2407 2407 2407 2408 2408 2408 2407 2407 2407 2405 2405 2405 2409 2409 2409 2409 2409 2409 2405 2405 2405 2410 2410 2410 2403 2403 2403 2410 2410 2410 2405 2405 2405 2410 2410 2410 2403 2403 2403 2411 2411 2411 2401 2401 2401 2411 2411 2411 2403 2403 2403 2411 2411 2411 2401 2401 2401 2412 2412 2412 2399 2399 2399 2412 2412 2412 2401 2401 2401 2412 2412 2412 2399 2399 2399 2413 2413 2413 2397 2397 2397 2413 2413 2413 2399 2399 2399 2413 2413 2413 2397 2397 2397 2414 2414 2414 2395 2395 2395 2414 2414 2414 2397 2397 2397 2414 2414 2414 2395 2395 2395 2415 2415 2415 2393 2393 2393 2415 2415 2415 2395 2395 2395 2415 2415 2415 2393 2393 2393 2416 2416 2416 2382 2382 2382 2416 2416 2416 2393 2393 2393 2416 2416 2416 2382 2382 2382 2417 2417 2417 2380 2380 2380 2417 2417 2417 2382 2382 2382 2417 2417 2417 2380 2380 2380 2384 2384 2384 2418 2418 2418 2419 2419 2419 2420 2420 2420 2420 2420 2420 2419 2419 2419 2421 2421 2421 2422 2422 2422 2421 2421 2421 2419 2419 2419 2421 2421 2421 2422 2422 2422 2423 2423 2423 2424 2424 2424 2423 2423 2423 2422 2422 2422 2423 2423 2423 2424 2424 2424 2425 2425 2425 2426 2426 2426 2425 2425 2425 2424 2424 2424 2425 2425 2425 2426 2426 2426 2427 2427 2427 2428 2428 2428 2427 2427 2427 2426 2426 2426 2427 2427 2427 2428 2428 2428 2429 2429 2429 2430 2430 2430 2429 2429 2429 2428 2428 2428 2429 2429 2429 2430 2430 2430 2431 2431 2431 2432 2432 2432 2433 2433 2433 2434 2434 2434 2433 2433 2433 2432 2432 2432 2418 2418 2418 2435 2435 2435 2418 2418 2418 2432 2432 2432 2418 2418 2418 2435 2435 2435 2419 2419 2419 2436 2436 2436 2419 2419 2419 2435 2435 2435 2419 2419 2419 2436 2436 2436 2422 2422 2422 2437 2437 2437 2422 2422 2422 2436 2436 2436 2422 2422 2422 2437 2437 2437 2424 2424 2424 2438 2438 2438 2424 2424 2424 2437 2437 2437 2424 2424 2424 2438 2438 2438 2426 2426 2426 2439 2439 2439 2426 2426 2426 2438 2438 2438 2426 2426 2426 2439 2439 2439 2428 2428 2428 2440 2440 2440 2428 2428 2428 2439 2439 2439 2428 2428 2428 2440 2440 2440 2430 2430 2430 2441 2441 2441 2430 2430 2430 2440 2440 2440 2442 2442 2442 2430 2430 2430 2441 2441 2441 2430 2430 2430 2442 2442 2442 2431 2431 2431 2443 2443 2443 2431 2431 2431 2442 2442 2442 2433 2433 2433 2444 2444 2444 2434 2434 2434 2434 2434 2434 2444 2444 2444 2445 2445 2445 2446 2446 2446 2445 2445 2445 2444 2444 2444 2445 2445 2445 2446 2446 2446 2447 2447 2447 2448 2448 2448 2447 2447 2447 2446 2446 2446 2447 2447 2447 2448 2448 2448 2449 2449 2449 2450 2450 2450 2449 2449 2449 2448 2448 2448 2449 2449 2449 2450 2450 2450 2451 2451 2451 2452 2452 2452 2451 2451 2451 2450 2450 2450 2451 2451 2451 2452 2452 2452 2453 2453 2453 2454 2454 2454 2453 2453 2453 2452 2452 2452 2453 2453 2453 2454 2454 2454 2455 2455 2455 2456 2456 2456 2455 2455 2455 2454 2454 2454 2455 2455 2455 2456 2456 2456 2457 2457 2457 2458 2458 2458 2457 2457 2457 2456 2456 2456 2457 2457 2457 2458 2458 2458 2459 2459 2459 2460 2460 2460 2459 2459 2459 2458 2458 2458 2459 2459 2459 2460 2460 2460 2461 2461 2461 2458 2458 2458 2456 2456 2456 2462 2462 2462 2462 2462 2462 2456 2456 2456 2463 2463 2463 2454 2454 2454 2463 2463 2463 2456 2456 2456 2463 2463 2463 2454 2454 2454 2464 2464 2464 2452 2452 2452 2464 2464 2464 2454 2454 2454 2464 2464 2464 2452 2452 2452 2465 2465 2465 2450 2450 2450 2465 2465 2465 2452 2452 2452 2465 2465 2465 2450 2450 2450 2466 2466 2466 2448 2448 2448 2466 2466 2466 2450 2450 2450 2466 2466 2466 2448 2448 2448 2467 2467 2467 2446 2446 2446 2467 2467 2467 2448 2448 2448 2467 2467 2467 2446 2446 2446 2468 2468 2468 2444 2444 2444 2468 2468 2468 2446 2446 2446 2468 2468 2468 2444 2444 2444 2469 2469 2469 2433 2433 2433 2469 2469 2469 2444 2444 2444 2469 2469 2469 2433 2433 2433 2470 2470 2470 2418 2418 2418 2470 2470 2470 2433 2433 2433 2470 2470 2470 2418 2418 2418 2420 2420 2420 2460 2460 2460 2471 2471 2471 2461 2461 2461 2461 2461 2461 2471 2471 2471 2472 2472 2472 2473 2473 2473 2472 2472 2472 2471 2471 2471 2472 2472 2472 2473 2473 2473 2474 2474 2474 2475 2475 2475 2474 2474 2474 2473 2473 2473 2474 2474 2474 2475 2475 2475 2476 2476 2476 2477 2477 2477 2476 2476 2476 2475 2475 2475 2476 2476 2476 2477 2477 2477 2478 2478 2478 2479 2479 2479 2478 2478 2478 2477 2477 2477 2478 2478 2478 2479 2479 2479 2480 2480 2480 2481 2481 2481 2480 2480 2480 2479 2479 2479 2480 2480 2480 2481 2481 2481 2482 2482 2482 2483 2483 2483 2482 2482 2482 2481 2481 2481 2482 2482 2482 2483 2483 2483 2484 2484 2484 2485 2485 2485 2484 2484 2484 2483 2483 2483 2484 2484 2484 2485 2485 2485 2486 2486 2486 2485 2485 2485 2483 2483 2483 2487 2487 2487 2487 2487 2487 2483 2483 2483 2488 2488 2488 2481 2481 2481 2488 2488 2488 2483 2483 2483 2488 2488 2488 2481 2481 2481 2489 2489 2489 2479 2479 2479 2489 2489 2489 2481 2481 2481 2489 2489 2489 2479 2479 2479 2490 2490 2490 2477 2477 2477 2490 2490 2490 2479 2479 2479 2490 2490 2490 2477 2477 2477 2491 2491 2491 2475 2475 2475 2491 2491 2491 2477 2477 2477 2491 2491 2491 2475 2475 2475 2492 2492 2492 2473 2473 2473 2492 2492 2492 2475 2475 2475 2492 2492 2492 2473 2473 2473 2493 2493 2493 2471 2471 2471 2493 2493 2493 2473 2473 2473 2493 2493 2493 2471 2471 2471 2494 2494 2494 2460 2460 2460 2494 2494 2494 2471 2471 2471 2494 2494 2494 2460 2460 2460 2495 2495 2495 2458 2458 2458 2495 2495 2495 2460 2460 2460 2495 2495 2495 2458 2458 2458 2462 2462 2462 2496 2496 2496 2497 2497 2497 2498 2498 2498 2498 2498 2498 2497 2497 2497 2499 2499 2499 2500 2500 2500 2499 2499 2499 2497 2497 2497 2499 2499 2499 2500 2500 2500 2501 2501 2501 2502 2502 2502 2501 2501 2501 2500 2500 2500 2501 2501 2501 2502 2502 2502 2503 2503 2503 2504 2504 2504 2503 2503 2503 2502 2502 2502 2503 2503 2503 2504 2504 2504 2505 2505 2505 2506 2506 2506 2505 2505 2505 2504 2504 2504 2505 2505 2505 2506 2506 2506 2507 2507 2507 2508 2508 2508 2507 2507 2507 2506 2506 2506 2507 2507 2507 2508 2508 2508 2509 2509 2509 2510 2510 2510 2511 2511 2511 2512 2512 2512 2511 2511 2511 2510 2510 2510 2496 2496 2496 2513 2513 2513 2496 2496 2496 2510 2510 2510 2496 2496 2496 2513 2513 2513 2497 2497 2497 2514 2514 2514 2497 2497 2497 2513 2513 2513 2497 2497 2497 2514 2514 2514 2500 2500 2500 2515 2515 2515 2500 2500 2500 2514 2514 2514 2500 2500 2500 2515 2515 2515 2502 2502 2502 2516 2516 2516 2502 2502 2502 2515 2515 2515 2502 2502 2502 2516 2516 2516 2504 2504 2504 2517 2517 2517 2504 2504 2504 2516 2516 2516 2504 2504 2504 2517 2517 2517 2506 2506 2506 2518 2518 2518 2506 2506 2506 2517 2517 2517 2506 2506 2506 2518 2518 2518 2508 2508 2508 2519 2519 2519 2508 2508 2508 2518 2518 2518 2520 2520 2520 2508 2508 2508 2519 2519 2519 2508 2508 2508 2520 2520 2520 2509 2509 2509 2521 2521 2521 2509 2509 2509 2520 2520 2520 2511 2511 2511 2522 2522 2522 2512 2512 2512 2512 2512 2512 2522 2522 2522 2523 2523 2523 2524 2524 2524 2523 2523 2523 2522 2522 2522 2523 2523 2523 2524 2524 2524 2525 2525 2525 2526 2526 2526 2525 2525 2525 2524 2524 2524 2525 2525 2525 2526 2526 2526 2527 2527 2527 2528 2528 2528 2527 2527 2527 2526 2526 2526 2527 2527 2527 2528 2528 2528 2529 2529 2529 2530 2530 2530 2529 2529 2529 2528 2528 2528 2529 2529 2529 2530 2530 2530 2531 2531 2531 2532 2532 2532 2531 2531 2531 2530 2530 2530 2531 2531 2531 2532 2532 2532 2533 2533 2533 2534 2534 2534 2533 2533 2533 2532 2532 2532 2533 2533 2533 2534 2534 2534 2535 2535 2535 2536 2536 2536 2535 2535 2535 2534 2534 2534 2535 2535 2535 2536 2536 2536 2537 2537 2537 2538 2538 2538 2537 2537 2537 2536 2536 2536 2537 2537 2537 2538 2538 2538 2539 2539 2539 2536 2536 2536 2534 2534 2534 2540 2540 2540 2540 2540 2540 2534 2534 2534 2541 2541 2541 2532 2532 2532 2541 2541 2541 2534 2534 2534 2541 2541 2541 2532 2532 2532 2542 2542 2542 2530 2530 2530 2542 2542 2542 2532 2532 2532 2542 2542 2542 2530 2530 2530 2543 2543 2543 2528 2528 2528 2543 2543 2543 2530 2530 2530 2543 2543 2543 2528 2528 2528 2544 2544 2544 2526 2526 2526 2544 2544 2544 2528 2528 2528 2544 2544 2544 2526 2526 2526 2545 2545 2545 2524 2524 2524 2545 2545 2545 2526 2526 2526 2545 2545 2545 2524 2524 2524 2546 2546 2546 2522 2522 2522 2546 2546 2546 2524 2524 2524 2546 2546 2546 2522 2522 2522 2547 2547 2547 2511 2511 2511 2547 2547 2547 2522 2522 2522 2547 2547 2547 2511 2511 2511 2548 2548 2548 2496 2496 2496 2548 2548 2548 2511 2511 2511 2548 2548 2548 2496 2496 2496 2498 2498 2498 2538 2538 2538 2549 2549 2549 2539 2539 2539 2539 2539 2539 2549 2549 2549 2550 2550 2550 2551 2551 2551 2550 2550 2550 2549 2549 2549 2550 2550 2550 2551 2551 2551 2552 2552 2552 2553 2553 2553 2552 2552 2552 2551 2551 2551 2552 2552 2552 2553 2553 2553 2554 2554 2554 2555 2555 2555 2554 2554 2554 2553 2553 2553 2554 2554 2554 2555 2555 2555 2556 2556 2556 2557 2557 2557 2556 2556 2556 2555 2555 2555 2556 2556 2556 2557 2557 2557 2558 2558 2558 2559 2559 2559 2558 2558 2558 2557 2557 2557 2558 2558 2558 2559 2559 2559 2560 2560 2560 2561 2561 2561 2560 2560 2560 2559 2559 2559 2560 2560 2560 2561 2561 2561 2562 2562 2562 2563 2563 2563 2562 2562 2562 2561 2561 2561 2562 2562 2562 2563 2563 2563 2564 2564 2564 2563 2563 2563 2561 2561 2561 2565 2565 2565 2565 2565 2565 2561 2561 2561 2566 2566 2566 2559 2559 2559 2566 2566 2566 2561 2561 2561 2566 2566 2566 2559 2559 2559 2567 2567 2567 2557 2557 2557 2567 2567 2567 2559 2559 2559 2567 2567 2567 2557 2557 2557 2568 2568 2568 2555 2555 2555 2568 2568 2568 2557 2557 2557 2568 2568 2568 2555 2555 2555 2569 2569 2569 2553 2553 2553 2569 2569 2569 2555 2555 2555 2569 2569 2569 2553 2553 2553 2570 2570 2570 2551 2551 2551 2570 2570 2570 2553 2553 2553 2570 2570 2570 2551 2551 2551 2571 2571 2571 2549 2549 2549 2571 2571 2571 2551 2551 2551 2571 2571 2571 2549 2549 2549 2572 2572 2572 2538 2538 2538 2572 2572 2572 2549 2549 2549 2572 2572 2572 2538 2538 2538 2573 2573 2573 2536 2536 2536 2573 2573 2573 2538 2538 2538 2573 2573 2573 2536 2536 2536 2540 2540 2540 2574 2574 2574 2575 2575 2575 2576 2576 2576 2576 2576 2576 2575 2575 2575 2577 2577 2577 2578 2578 2578 2577 2577 2577 2575 2575 2575 2577 2577 2577 2578 2578 2578 2579 2579 2579 2580 2580 2580 2579 2579 2579 2578 2578 2578 2579 2579 2579 2580 2580 2580 2581 2581 2581 2582 2582 2582 2581 2581 2581 2580 2580 2580 2581 2581 2581 2582 2582 2582 2583 2583 2583 2584 2584 2584 2583 2583 2583 2582 2582 2582 2583 2583 2583 2584 2584 2584 2585 2585 2585 2586 2586 2586 2585 2585 2585 2584 2584 2584 2585 2585 2585 2586 2586 2586 2587 2587 2587 2588 2588 2588 2589 2589 2589 2590 2590 2590 2589 2589 2589 2588 2588 2588 2574 2574 2574 2591 2591 2591 2574 2574 2574 2588 2588 2588 2574 2574 2574 2591 2591 2591 2575 2575 2575 2592 2592 2592 2575 2575 2575 2591 2591 2591 2575 2575 2575 2592 2592 2592 2578 2578 2578 2593 2593 2593 2578 2578 2578 2592 2592 2592 2578 2578 2578 2593 2593 2593 2580 2580 2580 2594 2594 2594 2580 2580 2580 2593 2593 2593 2580 2580 2580 2594 2594 2594 2582 2582 2582 2595 2595 2595 2582 2582 2582 2594 2594 2594 2582 2582 2582 2595 2595 2595 2584 2584 2584 2596 2596 2596 2584 2584 2584 2595 2595 2595 2584 2584 2584 2596 2596 2596 2586 2586 2586 2597 2597 2597 2586 2586 2586 2596 2596 2596 2598 2598 2598 2586 2586 2586 2597 2597 2597 2586 2586 2586 2598 2598 2598 2587 2587 2587 2599 2599 2599 2587 2587 2587 2598 2598 2598 2589 2589 2589 2600 2600 2600 2590 2590 2590 2590 2590 2590 2600 2600 2600 2601 2601 2601 2602 2602 2602 2601 2601 2601 2600 2600 2600 2601 2601 2601 2602 2602 2602 2603 2603 2603 2604 2604 2604 2603 2603 2603 2602 2602 2602 2603 2603 2603 2604 2604 2604 2605 2605 2605 2606 2606 2606 2605 2605 2605 2604 2604 2604 2605 2605 2605 2606 2606 2606 2607 2607 2607 2608 2608 2608 2607 2607 2607 2606 2606 2606 2607 2607 2607 2608 2608 2608 2609 2609 2609 2610 2610 2610 2609 2609 2609 2608 2608 2608 2609 2609 2609 2610 2610 2610 2611 2611 2611 2612 2612 2612 2611 2611 2611 2610 2610 2610 2611 2611 2611 2612 2612 2612 2613 2613 2613 2614 2614 2614 2613 2613 2613 2612 2612 2612 2613 2613 2613 2614 2614 2614 2615 2615 2615 2616 2616 2616 2615 2615 2615 2614 2614 2614 2615 2615 2615 2616 2616 2616 2617 2617 2617 2614 2614 2614 2612 2612 2612 2618 2618 2618 2618 2618 2618 2612 2612 2612 2619 2619 2619 2610 2610 2610 2619 2619 2619 2612 2612 2612 2619 2619 2619 2610 2610 2610 2620 2620 2620 2608 2608 2608 2620 2620 2620 2610 2610 2610 2620 2620 2620 2608 2608 2608 2621 2621 2621 2606 2606 2606 2621 2621 2621 2608 2608 2608 2621 2621 2621 2606 2606 2606 2622 2622 2622 2604 2604 2604 2622 2622 2622 2606 2606 2606 2622 2622 2622 2604 2604 2604 2623 2623 2623 2602 2602 2602 2623 2623 2623 2604 2604 2604 2623 2623 2623 2602 2602 2602 2624 2624 2624 2600 2600 2600 2624 2624 2624 2602 2602 2602 2624 2624 2624 2600 2600 2600 2625 2625 2625 2589 2589 2589 2625 2625 2625 2600 2600 2600 2625 2625 2625 2589 2589 2589 2626 2626 2626 2574 2574 2574 2626 2626 2626 2589 2589 2589 2626 2626 2626 2574 2574 2574 2576 2576 2576 2616 2616 2616 2627 2627 2627 2617 2617 2617 2617 2617 2617 2627 2627 2627 2628 2628 2628 2629 2629 2629 2628 2628 2628 2627 2627 2627 2628 2628 2628 2629 2629 2629 2630 2630 2630 2631 2631 2631 2630 2630 2630 2629 2629 2629 2630 2630 2630 2631 2631 2631 2632 2632 2632 2633 2633 2633 2632 2632 2632 2631 2631 2631 2632 2632 2632 2633 2633 2633 2634 2634 2634 2635 2635 2635 2634 2634 2634 2633 2633 2633 2634 2634 2634 2635 2635 2635 2636 2636 2636 2637 2637 2637 2636 2636 2636 2635 2635 2635 2636 2636 2636 2637 2637 2637 2638 2638 2638 2639 2639 2639 2638 2638 2638 2637 2637 2637 2638 2638 2638 2639 2639 2639 2640 2640 2640 2641 2641 2641 2640 2640 2640 2639 2639 2639 2640 2640 2640 2641 2641 2641 2642 2642 2642 2641 2641 2641 2639 2639 2639 2643 2643 2643 2643 2643 2643 2639 2639 2639 2644 2644 2644 2637 2637 2637 2644 2644 2644 2639 2639 2639 2644 2644 2644 2637 2637 2637 2645 2645 2645 2635 2635 2635 2645 2645 2645 2637 2637 2637 2645 2645 2645 2635 2635 2635 2646 2646 2646 2633 2633 2633 2646 2646 2646 2635 2635 2635 2646 2646 2646 2633 2633 2633 2647 2647 2647 2631 2631 2631 2647 2647 2647 2633 2633 2633 2647 2647 2647 2631 2631 2631 2648 2648 2648 2629 2629 2629 2648 2648 2648 2631 2631 2631 2648 2648 2648 2629 2629 2629 2649 2649 2649 2627 2627 2627 2649 2649 2649 2629 2629 2629 2649 2649 2649 2627 2627 2627 2650 2650 2650 2616 2616 2616 2650 2650 2650 2627 2627 2627 2650 2650 2650 2616 2616 2616 2651 2651 2651 2614 2614 2614 2651 2651 2651 2616 2616 2616 2651 2651 2651 2614 2614 2614 2618 2618 2618 2652 2652 2652 2653 2653 2653 2654 2654 2654 2654 2654 2654 2653 2653 2653 2655 2655 2655 2656 2656 2656 2655 2655 2655 2653 2653 2653 2655 2655 2655 2656 2656 2656 2657 2657 2657 2658 2658 2658 2657 2657 2657 2656 2656 2656 2657 2657 2657 2658 2658 2658 2659 2659 2659 2660 2660 2660 2659 2659 2659 2658 2658 2658 2659 2659 2659 2660 2660 2660 2661 2661 2661 2662 2662 2662 2661 2661 2661 2660 2660 2660 2661 2661 2661 2662 2662 2662 2663 2663 2663 2664 2664 2664 2663 2663 2663 2662 2662 2662 2663 2663 2663 2664 2664 2664 2665 2665 2665 2666 2666 2666 2667 2667 2667 2668 2668 2668 2667 2667 2667 2666 2666 2666 2652 2652 2652 2669 2669 2669 2652 2652 2652 2666 2666 2666 2652 2652 2652 2669 2669 2669 2653 2653 2653 2670 2670 2670 2653 2653 2653 2669 2669 2669 2653 2653 2653 2670 2670 2670 2656 2656 2656 2671 2671 2671 2656 2656 2656 2670 2670 2670 2656 2656 2656 2671 2671 2671 2658 2658 2658 2672 2672 2672 2658 2658 2658 2671 2671 2671 2658 2658 2658 2672 2672 2672 2660 2660 2660 2673 2673 2673 2660 2660 2660 2672 2672 2672 2660 2660 2660 2673 2673 2673 2662 2662 2662 2674 2674 2674 2662 2662 2662 2673 2673 2673 2662 2662 2662 2674 2674 2674 2664 2664 2664 2675 2675 2675 2664 2664 2664 2674 2674 2674 2676 2676 2676 2664 2664 2664 2675 2675 2675 2664 2664 2664 2676 2676 2676 2665 2665 2665 2677 2677 2677 2665 2665 2665 2676 2676 2676 2667 2667 2667 2678 2678 2678 2668 2668 2668 2668 2668 2668 2678 2678 2678 2679 2679 2679 2680 2680 2680 2679 2679 2679 2678 2678 2678 2679 2679 2679 2680 2680 2680 2681 2681 2681 2682 2682 2682 2681 2681 2681 2680 2680 2680 2681 2681 2681 2682 2682 2682 2683 2683 2683 2684 2684 2684 2683 2683 2683 2682 2682 2682 2683 2683 2683 2684 2684 2684 2685 2685 2685 2686 2686 2686 2685 2685 2685 2684 2684 2684 2685 2685 2685 2686 2686 2686 2687 2687 2687 2688 2688 2688 2687 2687 2687 2686 2686 2686 2687 2687 2687 2688 2688 2688 2689 2689 2689 2690 2690 2690 2689 2689 2689 2688 2688 2688 2689 2689 2689 2690 2690 2690 2691 2691 2691 2692 2692 2692 2691 2691 2691 2690 2690 2690 2691 2691 2691 2692 2692 2692 2693 2693 2693 2694 2694 2694 2693 2693 2693 2692 2692 2692 2693 2693 2693 2694 2694 2694 2695 2695 2695 2692 2692 2692 2690 2690 2690 2696 2696 2696 2696 2696 2696 2690 2690 2690 2697 2697 2697 2688 2688 2688 2697 2697 2697 2690 2690 2690 2697 2697 2697 2688 2688 2688 2698 2698 2698 2686 2686 2686 2698 2698 2698 2688 2688 2688 2698 2698 2698 2686 2686 2686 2699 2699 2699 2684 2684 2684 2699 2699 2699 2686 2686 2686 2699 2699 2699 2684 2684 2684 2700 2700 2700 2682 2682 2682 2700 2700 2700 2684 2684 2684 2700 2700 2700 2682 2682 2682 2701 2701 2701 2680 2680 2680 2701 2701 2701 2682 2682 2682 2701 2701 2701 2680 2680 2680 2702 2702 2702 2678 2678 2678 2702 2702 2702 2680 2680 2680 2702 2702 2702 2678 2678 2678 2703 2703 2703 2667 2667 2667 2703 2703 2703 2678 2678 2678 2703 2703 2703 2667 2667 2667 2704 2704 2704 2652 2652 2652 2704 2704 2704 2667 2667 2667 2704 2704 2704 2652 2652 2652 2654 2654 2654 2694 2694 2694 2705 2705 2705 2695 2695 2695 2695 2695 2695 2705 2705 2705 2706 2706 2706 2707 2707 2707 2706 2706 2706 2705 2705 2705 2706 2706 2706 2707 2707 2707 2708 2708 2708 2709 2709 2709 2708 2708 2708 2707 2707 2707 2708 2708 2708 2709 2709 2709 2710 2710 2710 2711 2711 2711 2710 2710 2710 2709 2709 2709 2710 2710 2710 2711 2711 2711 2712 2712 2712 2713 2713 2713 2712 2712 2712 2711 2711 2711 2712 2712 2712 2713 2713 2713 2714 2714 2714 2715 2715 2715 2714 2714 2714 2713 2713 2713 2714 2714 2714 2715 2715 2715 2716 2716 2716 2717 2717 2717 2716 2716 2716 2715 2715 2715 2716 2716 2716 2717 2717 2717 2718 2718 2718 2719 2719 2719 2718 2718 2718 2717 2717 2717 2718 2718 2718 2719 2719 2719 2720 2720 2720 2719 2719 2719 2717 2717 2717 2721 2721 2721 2721 2721 2721 2717 2717 2717 2722 2722 2722 2715 2715 2715 2722 2722 2722 2717 2717 2717 2722 2722 2722 2715 2715 2715 2723 2723 2723 2713 2713 2713 2723 2723 2723 2715 2715 2715 2723 2723 2723 2713 2713 2713 2724 2724 2724 2711 2711 2711 2724 2724 2724 2713 2713 2713 2724 2724 2724 2711 2711 2711 2725 2725 2725 2709 2709 2709 2725 2725 2725 2711 2711 2711 2725 2725 2725 2709 2709 2709 2726 2726 2726 2707 2707 2707 2726 2726 2726 2709 2709 2709 2726 2726 2726 2707 2707 2707 2727 2727 2727 2705 2705 2705 2727 2727 2727 2707 2707 2707 2727 2727 2727 2705 2705 2705 2728 2728 2728 2694 2694 2694 2728 2728 2728 2705 2705 2705 2728 2728 2728 2694 2694 2694 2729 2729 2729 2692 2692 2692 2729 2729 2729 2694 2694 2694 2729 2729 2729 2692 2692 2692 2696 2696 2696 2730 2730 2730 2731 2731 2731 2732 2732 2732 2732 2732 2732 2731 2731 2731 2733 2733 2733 2734 2734 2734 2733 2733 2733 2731 2731 2731 2733 2733 2733 2734 2734 2734 2735 2735 2735 2736 2736 2736 2735 2735 2735 2734 2734 2734 2735 2735 2735 2736 2736 2736 2737 2737 2737 2738 2738 2738 2737 2737 2737 2736 2736 2736 2737 2737 2737 2738 2738 2738 2739 2739 2739 2740 2740 2740 2739 2739 2739 2738 2738 2738 2739 2739 2739 2740 2740 2740 2741 2741 2741 2742 2742 2742 2741 2741 2741 2740 2740 2740 2741 2741 2741 2742 2742 2742 2743 2743 2743 2744 2744 2744 2745 2745 2745 2746 2746 2746 2745 2745 2745 2744 2744 2744 2730 2730 2730 2747 2747 2747 2730 2730 2730 2744 2744 2744 2730 2730 2730 2747 2747 2747 2731 2731 2731 2748 2748 2748 2731 2731 2731 2747 2747 2747 2731 2731 2731 2748 2748 2748 2734 2734 2734 2749 2749 2749 2734 2734 2734 2748 2748 2748 2734 2734 2734 2749 2749 2749 2736 2736 2736 2750 2750 2750 2736 2736 2736 2749 2749 2749 2736 2736 2736 2750 2750 2750 2738 2738 2738 2751 2751 2751 2738 2738 2738 2750 2750 2750 2738 2738 2738 2751 2751 2751 2740 2740 2740 2752 2752 2752 2740 2740 2740 2751 2751 2751 2740 2740 2740 2752 2752 2752 2742 2742 2742 2753 2753 2753 2742 2742 2742 2752 2752 2752 2754 2754 2754 2742 2742 2742 2753 2753 2753 2742 2742 2742 2754 2754 2754 2743 2743 2743 2755 2755 2755 2743 2743 2743 2754 2754 2754 2745 2745 2745 2756 2756 2756 2746 2746 2746 2746 2746 2746 2756 2756 2756 2757 2757 2757 2758 2758 2758 2757 2757 2757 2756 2756 2756 2757 2757 2757 2758 2758 2758 2759 2759 2759 2760 2760 2760 2759 2759 2759 2758 2758 2758 2759 2759 2759 2760 2760 2760 2761 2761 2761 2762 2762 2762 2761 2761 2761 2760 2760 2760 2761 2761 2761 2762 2762 2762 2763 2763 2763 2764 2764 2764 2763 2763 2763 2762 2762 2762 2763 2763 2763 2764 2764 2764 2765 2765 2765 2766 2766 2766 2765 2765 2765 2764 2764 2764 2765 2765 2765 2766 2766 2766 2767 2767 2767 2768 2768 2768 2767 2767 2767 2766 2766 2766 2767 2767 2767 2768 2768 2768 2769 2769 2769 2770 2770 2770 2769 2769 2769 2768 2768 2768 2769 2769 2769 2770 2770 2770 2771 2771 2771 2772 2772 2772 2771 2771 2771 2770 2770 2770 2771 2771 2771 2772 2772 2772 2773 2773 2773 2770 2770 2770 2768 2768 2768 2774 2774 2774 2774 2774 2774 2768 2768 2768 2775 2775 2775 2766 2766 2766 2775 2775 2775 2768 2768 2768 2775 2775 2775 2766 2766 2766 2776 2776 2776 2764 2764 2764 2776 2776 2776 2766 2766 2766 2776 2776 2776 2764 2764 2764 2777 2777 2777 2762 2762 2762 2777 2777 2777 2764 2764 2764 2777 2777 2777 2762 2762 2762 2778 2778 2778 2760 2760 2760 2778 2778 2778 2762 2762 2762 2778 2778 2778 2760 2760 2760 2779 2779 2779 2758 2758 2758 2779 2779 2779 2760 2760 2760 2779 2779 2779 2758 2758 2758 2780 2780 2780 2756 2756 2756 2780 2780 2780 2758 2758 2758 2780 2780 2780 2756 2756 2756 2781 2781 2781 2745 2745 2745 2781 2781 2781 2756 2756 2756 2781 2781 2781 2745 2745 2745 2782 2782 2782 2730 2730 2730 2782 2782 2782 2745 2745 2745 2782 2782 2782 2730 2730 2730 2732 2732 2732 2772 2772 2772 2783 2783 2783 2773 2773 2773 2773 2773 2773 2783 2783 2783 2784 2784 2784 2785 2785 2785 2784 2784 2784 2783 2783 2783 2784 2784 2784 2785 2785 2785 2786 2786 2786 2787 2787 2787 2786 2786 2786 2785 2785 2785 2786 2786 2786 2787 2787 2787 2788 2788 2788 2789 2789 2789 2788 2788 2788 2787 2787 2787 2788 2788 2788 2789 2789 2789 2790 2790 2790 2791 2791 2791 2790 2790 2790 2789 2789 2789 2790 2790 2790 2791 2791 2791 2792 2792 2792 2793 2793 2793 2792 2792 2792 2791 2791 2791 2792 2792 2792 2793 2793 2793 2794 2794 2794 2795 2795 2795 2794 2794 2794 2793 2793 2793 2794 2794 2794 2795 2795 2795 2796 2796 2796 2797 2797 2797 2796 2796 2796 2795 2795 2795 2796 2796 2796 2797 2797 2797 2798 2798 2798 2797 2797 2797 2795 2795 2795 2799 2799 2799 2799 2799 2799 2795 2795 2795 2800 2800 2800 2793 2793 2793 2800 2800 2800 2795 2795 2795 2800 2800 2800 2793 2793 2793 2801 2801 2801 2791 2791 2791 2801 2801 2801 2793 2793 2793 2801 2801 2801 2791 2791 2791 2802 2802 2802 2789 2789 2789 2802 2802 2802 2791 2791 2791 2802 2802 2802 2789 2789 2789 2803 2803 2803 2787 2787 2787 2803 2803 2803 2789 2789 2789 2803 2803 2803 2787 2787 2787 2804 2804 2804 2785 2785 2785 2804 2804 2804 2787 2787 2787 2804 2804 2804 2785 2785 2785 2805 2805 2805 2783 2783 2783 2805 2805 2805 2785 2785 2785 2805 2805 2805 2783 2783 2783 2806 2806 2806 2772 2772 2772 2806 2806 2806 2783 2783 2783 2806 2806 2806 2772 2772 2772 2807 2807 2807 2770 2770 2770 2807 2807 2807 2772 2772 2772 2807 2807 2807 2770 2770 2770 2774 2774 2774</p>
      </triangles>
    </mesh></geometry>
  </library_geometries>
  <library_visual_scenes>
    <visual_scene id="Scene" name="Scene">
      <node id="vfx_kurp_1189" name="vfx_kurp_1189" type="NODE">
        <instance_geometry url="#vfx_kurp_1189-mesh"><bind_material><technique_common><instance_material symbol="PreviewMaterial" target="#PreviewMaterial"><bind_vertex_input semantic="UVSET0" input_semantic="TEXCOORD" input_set="0"/></instance_material></technique_common></bind_material></instance_geometry>
      </node>
    </visual_scene>
  </library_visual_scenes>
  <scene><instance_visual_scene url="#Scene"/></scene>
</COLLADA>
