<?xml version="1.0" encoding="utf-8"?>
<COLLADA xmlns="http://www.collada.org/2005/11/COLLADASchema" version="1.4.1">
  <asset>
    <contributor><authoring_tool>Morrobroom Kurpulio VFX preview converter</authoring_tool></contributor>
    <unit name="unit" meter="1"/>
    <up_axis>Z_UP</up_axis>
  </asset>
  <library_images>
    <image id="VFXTexture" name="darkmap_newgen-1.dds">
      <init_from>../../../Textures/Kurp/darkmap_newgen-1.dds</init_from>
    </image>
  </library_images>
  <library_effects>
    <effect id="PreviewEffect">
      <profile_COMMON>
        <newparam sid="VFXTexture-surface">
          <surface type="2D"><init_from>VFXTexture</init_from></surface>
        </newparam>
        <newparam sid="VFXTexture-sampler">
          <sampler2D><source>VFXTexture-surface</source></sampler2D>
        </newparam>
        <technique sid="common"><phong>
          <emission><color>0.08 0.08 0.08 1</color></emission>
          <ambient><color>0.2 0.2 0.2 1</color></ambient>
          <diffuse><texture texture="VFXTexture-sampler" texcoord="UVSET0"/></diffuse>
          <specular><color>0.15 0.15 0.15 1</color></specular>
          <shininess><float>8</float></shininess>
          <transparent opaque="A_ONE"><texture texture="VFXTexture-sampler" texcoord="UVSET0"/></transparent>
          <transparency><float>1</float></transparency>
        </phong></technique>
      </profile_COMMON>
      <extra><technique profile="GOOGLEEARTH"><double_sided>1</double_sided></technique></extra>
    </effect>
  </library_effects>
  <library_materials><material id="PreviewMaterial" name="PreviewMaterial"><instance_effect url="#PreviewEffect"/></material></library_materials>
  <library_geometries>
    <geometry id="vfx_kurp_1197-mesh" name="vfx_kurp_1197"><mesh>
      <source id="vfx_kurp_1197-mesh-positions">
        <float_array id="vfx_kurp_1197-mesh-positions-array" count="2628">3.74955259 -0.0123647327 0.4998468 3.74999967 1.39698459e-08 -7.62894172e-08 3.59538999 -0.963382068 -0.0243055899 3.59487386 -0.976715961 0.494029958 3.75044676 0.012364761 -0.49984699 3.59590612 -0.950048175 -0.542641219 3.19948239 -1.84722236 -0.0486111082 3.1983767 -1.86238063 0.48818775 3.20058789 -1.83206408 -0.585409984 2.59272484 -2.59272541 -0.0729166221 2.59003719 -2.61035275 0.482319171 2.59541248 -2.57509808 -0.628152475 1.8194443 -3.15137067 -0.0972221627 1.81378672 -3.17170587 0.476419837 1.82510188 -3.13103547 -0.670864211 0.934623923 -3.48806615 -0.121527697 0.924364294 -3.51077466 0.470487649 0.944883551 -3.46535764 -0.713543092 -1.76065649e-07 -3.58333364 -0.145833244 -0.0165267261 -3.60739217 0.46451822 0.0165263745 -3.55927511 -0.756184732 -0.920246233 -3.43440328 -0.170138838 -0.944447341 -3.45802923 0.457671268 -0.896045126 -3.41077733 -0.797948945 -1.76388819 -3.05514607 -0.194444373 -1.79668315 -3.07591843 0.450779159 -1.73109324 -3.03437371 -0.839667905 -2.47487358 -2.47487415 -0.218749979 -2.51642116 -2.48985123 0.443842894 -2.43332599 -2.45989708 -0.881342901 -3.00703282 -1.73611071 -0.243055562 -3.0565165 -1.74207022 0.436855037 -2.95754914 -1.7301512 -0.922966208 -3.32707753 -0.891487421 -0.267361192 -3.38256917 -0.885243238 0.429815442 -3.27158589 -0.897731604 -0.964537921 -3.41666646 3.00091533e-07 -0.291666774 -3.47509084 0.0212271396 0.422717816 -3.35824208 -0.0212265405 -1.00605136 -3.27341466 0.877110017 -0.315972404 -3.33057065 0.915258898 0.414721924 -3.21625867 0.838961137 -1.04666683 -2.91080746 1.68055575 -0.340277987 -2.96172776 1.73640444 0.406664473 -2.85988717 1.62470706 -1.08722049 -2.35702194 2.35702308 -0.364583593 -2.39624656 2.42987465 0.398539692 -2.31779731 2.28417152 -1.12770693 -1.65277865 2.86269497 -0.388889128 -1.67479556 2.95017247 0.390339762 -1.63076174 2.77521748 -1.16811802 -0.848351014 3.16609082 -0.41319471 -0.848113454 3.26406598 0.382066756 -0.848588575 3.06811547 -1.20845615 4.49655665e-08 3.25000043 -0.437500293 0.0265258108 3.35268064 0.373712092 -0.0265257213 3.14732022 -1.24871265 0.833972276 3.11242795 -0.461805875 0.889219488 3.21251187 0.364444142 0.778725111 3.01234383 -1.28805592 1.59722321 2.76646981 -0.48611141 1.68161261 2.85579724 0.35508545 1.51283371 2.67714237 -1.3273082 2.23917106 2.23917221 -0.510416897 2.35077385 2.30919536 0.345634394 2.12756828 2.16914905 -1.36646816 2.71835789 1.56944392 -0.534722527 2.85272679 1.61190913 0.336088209 2.58398899 1.5269788 -1.40553324 3.00510297 0.805212796 -0.559028014 3.15529809 0.812908471 0.326440125 2.85490784 0.797517073 -1.44449608 3.08333306 -4.99370715e-07 -0.583333501 3.24017453 -0.0324978595 0.316687326 2.92649178 0.0324968581 -1.4833543 2.95144009 -0.790834963 -0.607639036 3.10384183 -0.866405595 0.305993681 2.79903836 -0.715264283 -1.52127173 2.62213139 -1.51389048 -0.63194457 2.75809388 -1.63237727 0.295187883 2.4861689 -1.39540369 -1.559077 2.12132018 -2.12132057 -0.656250105 2.22864078 -2.27918151 0.284263067 2.01399959 -1.96345962 -1.59676325 1.48611109 -2.57402023 -0.68055564 1.55334666 -2.76421933 0.273212079 1.41887552 -2.38382114 -1.63432314 0.762077152 -2.84411568 -0.704861175 0.779551089 -3.05628571 0.262028436 0.744603216 -2.63194565 -1.67175067 -1.00172767e-06 -2.91666703 -0.729166757 -0.0392272121 -3.13756719 0.250710753 0.0392252093 -2.69576687 -1.7090441 -0.747701561 -2.79045224 -0.753472339 -0.846903432 -3.00452828 0.238431481 -0.648499689 -2.57637619 -1.74537604 -1.43055365 -2.4777964 -0.777777779 -1.58876479 -2.66856369 0.226007012 -1.27234251 -2.28702911 -1.78156245 -2.00347026 -2.00346797 -0.802083504 -2.21514686 -2.154505 0.213431767 -1.79179366 -1.85243094 -1.81759875 -2.42968353 -1.40277521 -0.826389039 -2.68467755 -1.4990061 0.20069783 -2.17468952 -1.30654432 -1.85347579 -2.68312687 -0.718942939 -0.850694669 -2.96702256 -0.747940122 0.187801483 -2.39923118 -0.689945756 -1.8891907 -2.74999985 9.77174651e-08 -0.875000204 -3.04482064 0.0468137599 0.174730709 -2.45517906 -0.0468135632 -1.92473109 -2.62946362 0.704566775 -0.899305834 -2.91450333 0.8307953 0.160675552 -2.3444239 0.578338203 -1.9592871 -2.33345722 1.34722225 -0.923611464 -2.58710312 1.55085442 0.1464412 -2.07981132 1.14359009 -1.99366401 -1.88561728 1.88561881 -0.947916999 -2.0866711 2.15870899 0.132016017 -1.68456347 1.61252863 -2.02784999 -1.31944267 2.28534607 -0.972222533 -1.44876616 2.61410259 0.117395236 -1.19011919 1.95658954 -2.06184009 -0.675807057 2.52213959 -0.996528068 -0.717938863 2.88747372 0.102569605 -0.633675251 2.15680545 -2.09562572 1.71841896e-06 2.58333363 -1.0208337 0.0553806254 2.96185937 0.0875329269 -0.0553771921 2.20480789 -2.1292002 0.661429034 2.46847652 -1.04513923 0.818179047 2.83365292 0.0714854489 0.50467902 2.10330013 -2.1617638 1.263888 2.18912052 -1.06944477 1.51869814 2.51357254 0.055211378 1.00907785 1.86466849 -2.19410079 1.76776679 1.76776717 -1.0937503 2.10988372 2.02497485 0.0387072778 1.42564995 1.51055939 -2.22620777 2.14100879 1.23610832 -1.11805593 2.55246166 1.40244829 0.0219612333 1.72955592 1.06976835 -2.25807308 2.36115192 0.632669124 -1.14236137 2.81755299 0.689380465 0.00496465944 1.90475085 0.575957784 -2.28968738 2.41666645 -7.79583854e-07 -1.16666691 2.88854298 -0.0650638113 -0.0122927451 1.94478992 0.0650622497 -2.32104095 2.30748886 -0.618291816 -1.19097244 2.7617928 -0.80915519 -0.0305929934 1.85318492 -0.427428443 -2.35135177 2.04478286 -1.18055412 -1.21527798 2.44775299 -1.49234755 -0.0491663732 1.64181273 -0.868760694 -2.38138946 1.64991438 -1.64991705 -1.23958361 1.96917613 -2.06865867 -0.0680247079 1.33065264 -1.23117544 -2.41114239 1.1527754 -1.99667094 -1.26388914 1.35982067 -2.49966663 -0.0871774448 0.945730128 -1.49367525 -2.44060062 0.589533099 -2.20016445 -1.28819468 0.662061129 -2.75709938 -0.106635167 0.51700507 -1.64322951 -2.46975407 -9.42120678e-08 -2.25000022 -1.31250021 -0.0760361921 -2.82464947 -0.126409318 0.0760360014 -1.67535098 -2.49859089 -0.575152358 -2.14650253 -1.33680565 -0.803832924 -2.69864506 -0.147265794 -0.346471792 -1.59436009 -2.52634548 -1.09722559 -1.90044272 -1.36111147 -1.47183564 -2.3893248 -0.168455389 -0.722615539 -1.41156065 -2.55376743 -1.53206513 -1.53206417 -1.38541691 -2.03496135 -1.91895202 -0.189989546 -1.02916891 -1.14517633 -2.58084415 -1.85233176 -1.06944477 -1.40972235 -2.45555118 -1.32057011 -0.211883429 -1.24911234 -0.818319428 -2.60756115 -2.03917754 -0.546391305 -1.43402827 -2.70585407 -0.635690651 -0.234148673 -1.37250101 -0.457091958 -2.63390774 -2.08333305 1.47022376e-06 -1.4583337 -2.7698254 0.0885054065 -0.256801776 -1.39684059 -0.088502462 -2.65986561 -1.98551353 0.532019242 -1.48263924 -2.64378742 0.802323163 -0.280578689 -1.32723972 0.261715297 -2.68469967 -1.75610526 1.01389171 -1.50694496 -2.33783668 1.4571316 -0.304760246 -1.17437383 0.570651826 -2.70912956 -1.41421492 1.41421272 -1.53125031 -1.87383216 2.00864337 -0.32936409 -0.954597678 0.819782174 -2.73313641 -0.986113563 1.70799334 -1.55555584 -1.28425467 2.41982769 -0.354403477 -0.687972508 0.996159092 -2.75670819 -0.503259333 1.87818931 -1.57986157 -0.609939394 2.66338314 -0.379898148 -0.396579248 1.09299537 -2.77982487 2.52296253e-06 1.91666682 -1.60416701 0.102702428 2.723531 -0.405863482 -0.102697398 1.10980264 -2.80247063 0.488881834 1.82452643 -1.62847254 0.804704106 2.59659714 -0.43300677 0.173059597 1.05245573 -2.82393841 0.930555834 1.61176951 -1.65277789 1.44815428 2.29261421 -0.46064492 0.412957388 0.930924811 -2.84491085 1.29636442 1.29636051 -1.67708361 1.98942168 1.83315184 -0.488798244 0.603307113 0.759569132 -2.86536908 1.56365788 0.902776255 -1.70138915 2.39201053 1.25027258 -0.51748534 0.735305225 0.555279883 -2.88529305 1.71720164 0.460121925 -1.72569468 2.62902187 0.584305438 -0.546726426 0.805381501 0.335938411 -2.90466313 1.74999984 7.79544618e-09 -1.75000022 2.67724823 -0.111100437 -0.576174459 0.822751439 0.111100461 -2.92382607 3.25032621 0.0180683899 -9.81384133e-08 3.74999967 1.39698459e-08 -7.62894172e-08 3.59538999 -0.963382068 -0.0243055899 3.09856343 -0.815050328 -0.0209845799 4.24967314 -0.018068363 -5.44404153e-08 4.09221655 -1.11171381 -0.0276266013 3.19948239 -1.84722236 -0.0486111082 2.74226116 -1.56564867 -0.0416017211 3.65670362 -2.12879604 -0.0556204923 2.59272484 -2.59272541 -0.0729166221 2.21130928 -2.18898471 -0.0619451174 2.9741404 -2.99646611 -0.0838881267 1.8194443 -3.15137067 -0.0972221627 1.54679243 -2.64645447 -0.0820122493 2.09209617 -3.65628706 -0.112432076 0.934623923 -3.48806615 -0.121527697 0.797718251 -2.91189694 -0.10179968 1.0715296 -4.06423537 -0.141255715 -1.76065649e-07 -3.58333364 -0.145833244 0.0174328568 -2.97302594 -0.121304132 -0.0174332085 -4.19364134 -0.170362356 -0.920246233 -3.43440328 -0.170138838 -0.740418922 -2.83267521 -0.14056237 -1.10007354 -4.03613135 -0.199715307 -1.76388819 -3.05514607 -0.194444373 -1.42528975 -2.50564312 -0.159543755 -2.10248664 -3.60464903 -0.229344991 -2.47487358 -2.47487415 -0.218749979 -1.99293655 -2.01981815 -0.178244236 -2.95681061 -2.92993016 -0.259255723 -3.00703282 -1.73611071 -0.243055562 -2.40847877 -1.41308863 -0.196661594 -3.60558706 -2.0591328 -0.289449529 -3.32707753 -0.891487421 -0.267361192 -2.64849857 -0.730426132 -0.214792493 -4.00565649 -1.05254871 -0.319929891 -3.41666646 3.00091533e-07 -0.291666774 -2.70231289 -0.0205754387 -0.232633284 -4.13102004 0.0205760378 -0.350700264 -3.27341466 0.877110017 -0.315972404 -2.57309879 0.667645131 -0.250256971 -3.97373053 1.08657495 -0.381687838 -2.91080746 1.68055575 -0.340277987 -2.27474025 1.28841936 -0.267596296 -3.54687467 2.07269214 -0.412959677 -2.35702194 2.35702308 -0.364583593 -1.83302443 1.80182956 -0.284648542 -2.88101944 2.91221661 -0.444518668 -1.65277865 2.86269497 -0.388889128 -1.28270275 2.1766003 -0.301410632 -2.02285464 3.54878965 -0.476367624 -0.848351014 3.16609082 -0.41319471 -0.664778338 2.39197448 -0.317879086 -1.03192369 3.94020697 -0.508510311 4.49655665e-08 3.25000043 -0.437500293 -0.0235227559 2.43879322 -0.334051495 0.0235228453 4.06120764 -0.540949067 0.833972276 3.11242795 -0.461805875 0.596959981 2.32053722 -0.350035959 1.07098457 3.90431868 -0.573575791 1.59722321 2.76646981 -0.48611141 1.15545723 2.05018466 -0.365730124 2.03898929 3.48275495 -0.606492671 2.23917106 2.23917221 -0.510416897 1.61624301 1.65144103 -0.381130868 2.86209912 2.82690339 -0.639702902 2.71835789 1.56944392 -0.534722527 1.95152782 1.15596782 -0.396235019 3.48518796 1.9829201 -0.673210011 3.00510297 0.805212796 -0.559028014 2.14310649 0.600926504 -0.4110385 3.86709944 1.00949909 -0.707017528 3.08333306 -4.99370715e-07 -0.583333501 2.18327392 0.0262144927 -0.425539023 3.98339239 -0.0262154941 -0.741127979 2.95144009 -0.790834963 -0.607639036 2.07578281 -0.528642519 -0.439884955 3.82709738 -1.05302736 -0.775393116 2.62213139 -1.51389048 -0.63194457 1.83267405 -1.02689087 -0.453933389 3.41158872 -2.00089 -0.809955704 2.12132018 -2.12132057 -0.656250105 1.47561819 -1.4368396 -0.467682941 2.76702217 -2.80580143 -0.84481727 1.48611109 -2.57402023 -0.68055564 1.03327142 -1.73405917 -0.481128986 1.93895076 -3.4139813 -0.879982294 0.762077152 -2.84411568 -0.704861175 0.539039238 -1.90278571 -0.494269092 0.985115066 -3.78544546 -0.915453257 -1.00172767e-06 -2.91666703 -0.729166757 0.0285684322 -1.93668483 -0.50709935 -0.0285704349 -3.89664923 -0.951234164 -0.747701561 -2.79045224 -0.753472339 -0.463017518 -1.83971599 -0.519809635 -1.03238565 -3.74118849 -0.987135044 -1.43055365 -2.4777964 -0.777777779 -0.903267016 -1.62300074 -0.532217511 -1.95784038 -3.33259206 -1.02333805 -2.00347026 -2.00346797 -0.802083504 -1.26437628 -1.30619623 -0.544320115 -2.74256424 -2.70073971 -1.05984689 -2.42968353 -1.40277521 -0.826389039 -1.52510998 -0.91503755 -0.556113824 -3.33425718 -1.89051288 -1.09666425 -2.68312687 -0.718942939 -0.850694669 -1.67202418 -0.479279859 -0.567595681 -3.69422956 -0.958605971 -1.13379366 -2.74999985 9.77174651e-08 -0.875000204 -1.70006716 -0.0304920767 -0.57876254 -3.79993254 0.0304922734 -1.17123787 -2.62946362 0.704566775 -0.899305834 -1.61334555 0.400459534 -0.589846811 -3.64558187 1.00867406 -1.20876486 -2.33345722 1.34722225 -0.923611464 -1.42205469 0.785226452 -0.600623521 -3.24485974 1.90921805 -1.24659941 -1.88561728 1.88561881 -0.947916999 -1.14388859 1.09971582 -0.611090717 -2.62734608 2.6715218 -1.28474323 -1.31944267 2.28534607 -0.972222533 -0.801733887 1.32572929 -0.621244392 -1.83715136 3.24496274 -1.32320072 -0.675807057 2.52213959 -0.996528068 -0.421840722 1.45199473 -0.631082353 -0.929773345 3.59228445 -1.36197378 1.71841896e-06 2.58333363 -1.0208337 -0.0318525587 1.47462599 -0.640600023 0.0318559979 3.69204107 -1.40106737 0.661429034 2.46847652 -1.04513923 0.341411071 1.39782793 -0.650075064 0.981447044 3.53912511 -1.4402034 1.263888 2.18912052 -1.06944477 0.673526822 1.23086407 -0.659241066 1.85424922 3.14737706 -1.47964852 1.76776679 1.76776717 -1.0937503 0.943887152 0.989501205 -0.668092642 2.59164642 2.54603313 -1.51940796 2.14100879 1.23610832 -1.11805593 1.13714725 0.693885337 -0.676628409 3.14487042 1.7783314 -1.55948346 2.36115192 0.632669124 -1.14236137 1.24404499 0.366913348 -0.684845315 3.47825895 0.898424925 -1.59987748 2.41666645 -7.79583854e-07 -1.16666691 1.26175577 0.0324767714 -0.69274026 3.57157713 -0.032478333 -1.64059336 2.30748886 -0.618291816 -1.19097244 1.19449999 -0.286435322 -0.700637637 3.42047773 -0.950148311 -1.68130725 2.04478286 -1.18055412 -1.21527798 1.05059978 -0.56907092 -0.708223163 3.03896603 -1.79203723 -1.72233279 1.64991438 -1.64991705 -1.23958361 0.843960012 -0.798100769 -0.7154945 2.45586876 -2.50173344 -1.76367266 1.1527754 -1.99667094 -1.26388914 0.592090329 -0.960814872 -0.722449361 1.71346057 -3.03252702 -1.80532878 0.589533099 -2.20016445 -1.28819468 0.314689116 -1.04978334 -0.729084979 0.864377035 -3.35054555 -1.84730418 -9.42120678e-08 -2.25000022 -1.31250021 0.0321311598 -1.06309854 -0.735398113 -0.0321313505 -3.43690191 -1.88960231 -0.575152358 -2.14650253 -1.33680565 -0.236190752 -1.00492822 -0.741763937 -0.914114012 -3.28807683 -1.93184722 -1.09722559 -1.90044272 -1.36111147 -0.472951419 -0.882639517 -0.747820675 -1.72149966 -2.91824593 -1.97440227 -1.53206513 -1.53206417 -1.38541691 -0.663809119 -0.708336364 -0.753565037 -2.40032123 -2.35579189 -2.01726878 -1.85233176 -1.06944477 -1.40972235 -0.798464024 -0.497016056 -0.758996403 -2.9061995 -1.64187357 -2.06044811 -2.03917754 -0.546391305 -1.43402827 -0.871109213 -0.265373234 -0.764112293 -3.20724568 -0.827409375 -2.10394405 -2.08333305 1.47022376e-06 -1.4583337 -0.880606664 -0.0305023556 -0.768911945 -3.28605962 0.0305052941 -2.14775546 -1.98551353 0.532019242 -1.48263924 -0.830967534 0.191524938 -0.77381941 -3.14005952 0.872513593 -2.19145893 -1.75610526 1.01389171 -1.50694496 -0.728605186 0.386497026 -0.778425228 -2.78360524 1.64128649 -2.23546451 -1.41421492 1.41421272 -1.53125031 -0.58388339 0.542783078 -0.782727587 -2.24454654 2.28564228 -2.27977298 -0.986113563 1.70799334 -1.55555584 -0.409433895 0.65219861 -0.786725247 -1.56279318 2.76378807 -2.32438625 -0.503259333 1.87818931 -1.57986157 -0.21915727 0.710332976 -0.790419304 -0.787361395 3.04604573 -2.36930374 2.52296253e-06 1.91666682 -1.60416701 -0.0271450434 0.716629039 -0.793808472 0.0271500919 3.11670461 -2.41452564 0.488881834 1.82452643 -1.62847254 0.15352191 0.674839793 -0.797371113 0.824241746 2.97421307 -2.45957416 0.930555834 1.61176951 -1.65277789 0.311397748 0.590420922 -0.800645936 1.54971392 2.6331181 -2.50490993 1.29636442 1.29636051 -1.67708361 0.437235076 0.472054584 -0.803635132 2.15549377 2.12066654 -2.55053219 1.56365788 0.902776255 -1.70138915 0.524627312 0.330194049 -0.806338704 2.60268845 1.47535841 -2.59643978 1.71720164 0.460121925 -1.72569468 0.570287618 0.17618604 -0.80875808 2.86411557 0.744057809 -2.64263138 1.74999984 7.79544618e-09 -1.75000022 0.573566636 0.0126728999 -0.819492829 2.92643303 -0.012672885 -2.6805077 -3.49713102 0.0123652989 -1.44189627 -3.24759488 5.32970361e-07 -1.87499984 -3.10154614 0.963382545 -1.81874431 -3.36026693 0.976716533 -1.3695944 -2.99805875 -0.0123642335 -2.3081036 -2.84282536 0.950048652 -2.26789402 -2.74652714 1.84722274 -1.64183962 -3.01396908 1.8623812 -1.17640526 -2.4790852 1.83206447 -2.10727371 -2.20890697 2.59272579 -1.35950997 -2.48419727 2.61035313 -0.877317823 -1.93361648 2.57509846 -1.84170211 -1.5270735 3.15137086 -0.993918911 -1.80899489 3.17170606 -0.494301565 -1.24515202 3.13103566 -1.49353621 -0.748643743 3.48806615 -0.572557887 -1.03576633 3.51077466 -0.0547277518 -0.461521156 3.46535764 -1.09038803 0.0729172479 3.58333364 -0.12629508 -0.21794608 3.60739217 0.410548073 0.363780575 3.55927511 -0.663138209 0.882026495 3.43440328 0.312778692 0.589080199 3.45802923 0.868578733 1.17497274 3.41077733 -0.243021349 1.6247946 3.05514588 0.713550435 1.33058407 3.07591824 1.28872787 1.91900504 3.03437352 0.138373019 2.25267871 2.47487377 1.04799387 1.95736354 2.48985084 1.64258998 2.54799389 2.4598967 0.453397758 2.7256947 1.73611033 1.29302418 2.42859348 1.74206984 1.90658591 3.02279591 1.73015082 0.679462491 3.01501431 0.891486944 1.43199723 2.71448311 0.885242761 2.06351569 3.31554532 0.897731127 0.800478661 3.10475316 -8.09813367e-07 1.45574238 2.79815792 -0.0212276298 2.10362972 3.41134839 0.0212260115 0.807855046 2.99284615 -0.877110494 1.36306717 2.67699761 -0.915259375 2.02444499 3.30869489 -0.838961614 0.701689254 2.6909718 -1.68055613 1.16071426 2.36159881 -1.73640483 1.83304561 3.02034478 -1.62470744 0.488382967 2.22353233 -2.35702346 0.862772192 1.87594016 -2.42987503 1.5432687 2.57112431 -2.2841719 0.182275751 1.62579234 -2.86269516 0.489601333 1.25524513 -2.95017266 1.17544176 1.99633964 -2.77521767 -0.196239093 0.941290393 -3.16609101 0.0663382838 0.543453892 -3.26406598 0.754936086 1.3391268 -3.06811566 -0.622259531 0.218749574 -3.25000043 -0.378886515 -0.209828618 -3.35268064 0.310381107 0.647327767 -3.14732022 -1.06815416 -0.491338737 -3.11242776 -0.816921819 -0.952309241 -3.21251187 -0.128991999 -0.0303682511 -3.01234383 -1.50485175 -1.1401806 -2.76646962 -1.2195965 -1.63386233 -2.85579705 -0.533293398 -0.646498737 -2.67714218 -1.90589946 -1.68397086 -2.23917182 -1.56161959 -2.20864738 -2.30919498 -0.876058878 -1.15929443 -2.16914886 -2.2471804 -2.08680595 -1.56944354 -1.82226222 -2.63857826 -1.61190875 -1.13530256 -1.53503373 -1.52697852 -2.50922207 -2.32298168 -0.805212414 -1.98668388 -2.89578843 -0.812907994 -1.29494364 -1.75017474 -0.797516692 -2.6784243 -2.37857803 9.26280077e-07 -2.04684814 -2.96441712 0.0324983453 -1.34582798 -1.79273913 -0.0324964886 -2.74786839 -2.25220245 0.790835392 -2.00195087 -2.84100251 0.866406072 -1.28692257 -1.66340239 0.715264617 -2.71697907 -1.95485995 1.51389086 -1.85834563 -2.5361731 1.63237765 -1.12340671 -1.37354672 1.39540398 -2.59328465 -1.50899184 2.12132076 -1.62898924 -2.0721907 2.2791819 -0.868141283 -0.94579288 1.96345981 -2.3898373 -0.946731772 2.57402042 -1.33243391 -1.4818433 2.76421952 -0.540064629 -0.411620337 2.38382133 -2.124803 -0.307547216 2.84411568 -0.991466156 -0.80612489 3.0562859 -0.162852159 0.191030422 2.63194565 -1.82008002 0.364584618 2.91666703 -0.631476316 -0.0913832022 3.13756719 0.236735586 0.820552361 2.69576687 -1.49968817 1.02426502 2.79045205 -0.278675274 0.614224538 3.00452809 0.629939518 1.43430559 2.576376 -1.18729011 1.62778494 2.47779621 0.0417016274 1.26290752 2.6685635 0.990110317 1.99266246 2.28702892 -0.906707014 2.13609813 2.00346759 0.307110529 1.81165774 2.15450462 1.29241087 2.46053852 1.85243056 -0.67818986 2.51736225 1.40277483 0.499167927 2.22465023 1.49900572 1.51614821 2.81007447 1.30654394 -0.517812355 2.74900345 0.71894251 0.604840288 2.47561611 0.747939693 1.64615214 3.0223906 0.689945327 -0.436471564 2.81906971 -5.33002466e-07 0.617227564 2.54952663 -0.046814198 1.67373145 3.08861298 0.0468131311 -0.439276511 2.7268351 -0.704567204 0.53591009 2.44369587 -0.830795682 1.59640076 3.00997414 -0.578338632 -0.524580534 2.48263859 -1.34722263 0.366857582 2.16727603 -1.5508548 1.42037327 2.79800114 -1.14359047 -0.686658107 2.1069506 -1.88561919 0.121888389 1.74110186 -2.15870937 1.1576647 2.47279953 -1.61252902 -0.913887991 1.62878172 -2.28534626 -0.182248142 1.19597027 -2.61410278 0.826050198 2.06159328 -1.95658973 -1.19054643 1.08352968 -2.52213978 -0.525115164 0.570468005 -2.88747391 0.44779721 1.5965914 -2.15680564 -1.49802763 0.510414942 -2.58333363 -0.884068884 -0.0917279674 -2.96185937 0.0481152929 1.11255781 -2.20480789 -1.81625293 -0.0502451308 -2.46847652 -1.23583176 -0.744307005 -2.83365273 -0.347181445 0.643816719 -2.10330013 -2.124482 -0.559837064 -2.18912033 -1.55811036 -1.34283726 -2.51357235 -0.711534749 0.223163084 -1.86466849 -2.40468601 -0.984056106 -1.76776698 -1.83109897 -1.8465668 -2.02497447 -1.02142049 -0.1215454 -1.5105593 -2.64077763 -1.29514019 -1.23610804 -2.03876918 -2.22147754 -1.40244791 -1.25721189 -0.368802958 -1.06976816 -2.82032666 -1.47363694 -0.632668838 -2.16988986 -2.44255489 -0.689380036 -1.40447705 -0.504718979 -0.575957593 -2.93530297 -1.50956108 1.08646238e-06 -2.21869644 -2.49540523 0.0650642345 -1.45491736 -0.523716982 -0.0650620589 -2.98247552 -1.40285771 0.618292102 -2.18515685 -2.37648605 0.809155572 -1.40739071 -0.429229266 0.427428633 -2.9629229 -1.16319477 1.18055441 -2.07485297 -2.0952328 1.49234793 -1.26645576 -0.231156663 0.868760885 -2.88325009 -0.809075749 1.64991725 -1.89846805 -1.67134383 2.06865886 -1.0434991 0.0531923958 1.23117554 -2.75343689 -0.366387945 1.99667113 -1.67094767 -1.1340502 2.49966682 -0.755408108 0.40127421 1.49367525 -2.58648724 0.133546974 2.20016445 -1.41037571 -0.52004381 2.75709938 -0.423379237 0.787137759 1.64322951 -2.39737228 0.656250439 2.25000022 -1.1366584 0.129054298 2.82464947 -0.0714554857 1.18344662 1.67535098 -2.20186122 1.16649963 2.14650234 -0.870131315 0.76977297 2.69864487 0.27438064 1.56322634 1.5943599 -2.01464351 1.6307812 1.90044253 -0.630144224 1.35887501 2.38932461 0.590031251 1.90268729 1.41156046 -1.8503197 2.01951583 1.53206389 -0.433773572 1.85732329 1.91895164 0.852944959 2.18170856 1.14517605 -1.7204922 2.30902752 1.06944448 -0.294689421 2.23251155 1.32056973 1.04427921 2.38554367 0.818319142 -1.63365805 2.48299374 0.546390971 -0.222316078 2.46041263 0.635690269 1.15014831 2.50557465 0.457091672 -1.59478056 2.53338608 -1.83107189e-06 -0.221287492 2.52713989 -0.0885058178 1.16251585 2.53963226 0.0885021521 -1.60509093 2.46082462 -0.532019575 -0.291246466 2.42987617 -0.802323544 1.07890541 2.49177307 -0.261715607 -1.66139834 2.27430404 -1.013892 -0.427000004 2.1770058 -1.45713198 0.904988207 2.37160228 -0.570652112 -1.75898822 1.99037097 -1.41421301 -0.618994245 1.78746798 -2.00864375 0.651678333 2.19327396 -0.81978246 -1.88966678 1.63177702 -1.70799353 -0.854094137 1.2893985 -2.41982788 0.335204821 1.97415565 -0.996159282 -2.04339317 1.22576582 -1.8781895 -1.11657058 0.718171655 -2.66338333 -0.0240318615 1.73335993 -1.09299556 -2.20910934 0.802081025 -1.91666682 -1.38925078 0.113988365 -2.723531 -0.402839381 1.49017365 -1.10980274 -2.37566208 0.390851909 -1.82452643 -1.6547396 -0.480391223 -2.59659695 -0.777347004 1.26209499 -1.05245582 -2.53213219 0.0205037239 -1.61176951 -1.89662574 -1.02381631 -2.29261402 -1.12300741 1.06482374 -0.930924906 -2.67024388 -0.28414288 -1.29636042 -2.10057929 -1.47849085 -1.83315165 -1.41802256 0.910205187 -0.759569179 -2.78313603 -0.503473003 -0.902776064 -2.25527519 -1.81279948 -1.25027229 -1.64416068 0.805853474 -0.555279883 -2.8663897 -0.624292955 -0.460121734 -2.35309623 -2.00343669 -0.584305057 -1.78798983 0.754850685 -0.335938411 -2.91820283 -0.640544186 1.7905227e-07 -2.39054455 -2.03047774 0.111100806 -1.83760589 0.749389374 -0.111100461 -2.9434834 -2.81486496 -0.018067916 -1.62516329 -3.24759488 5.32970361e-07 -1.87499984 -3.10154614 0.963382545 -1.81874431 -2.6729422 0.815050805 -1.56745484 -3.68032499 0.0180689829 -2.12483657 -3.53014989 1.11171438 -2.07003349 -2.74652714 1.84722274 -1.64183962 -2.35406669 1.56564906 -1.40715868 -3.13898759 2.12879661 -1.87652057 -2.20890697 2.59272579 -1.35950997 -1.8840771 2.18898509 -1.15930063 -2.53373665 2.99646649 -1.5597193 -1.5270735 3.15137086 -0.993918911 -1.29855501 2.64645466 -0.844420827 -1.7555918 3.65628744 -1.14341699 -0.748643743 3.48806615 -0.572557887 -0.639944038 2.91189713 -0.487020118 -0.8573434 4.06423537 -0.658095703 0.0729172479 3.58333364 -0.12629508 0.0455551571 2.97302594 -0.113768782 0.100279345 4.19364134 -0.138821377 0.882026495 3.43440328 0.312778692 0.711503135 2.83267502 0.248478989 1.05254985 4.03613135 0.377078396 1.6247946 3.05514588 0.713550435 1.31410934 2.50564293 0.574476012 1.93547977 3.60464864 0.852624906 2.25267871 2.47487377 1.04799387 1.81505606 2.01981776 0.842104352 2.69030136 2.92992978 1.25388338 2.7256947 1.73611033 1.29302418 2.18413471 1.41308825 1.03392545 3.26725507 2.05913223 1.552123 3.01501431 0.891486944 1.43199723 2.40106338 0.73042575 1.13823358 3.62896543 1.05254814 1.72576087 3.10475316 -8.09813367e-07 1.45574238 2.45658821 0.0205750349 1.14969007 3.7529183 -0.0205766547 1.76179469 2.99284615 -0.877110494 1.36306717 2.35349716 -0.667645512 1.06982052 3.63219534 -1.08657552 1.65631392 2.6909718 -1.68055613 1.16071426 2.10378078 -1.28841974 0.90562488 3.27816281 -2.07269271 1.41580374 2.22353233 -2.35702346 0.862772192 1.72976973 -1.80182975 0.669999276 2.71729492 -2.91221699 1.05554516 1.62579234 -2.86269516 0.489601333 1.26155807 -2.17660049 0.380322009 1.99002669 -3.54879003 0.598880729 0.941290393 -3.16609101 0.0663382838 0.734654056 -2.39197468 0.0570977041 1.14792663 -3.94020697 0.0755788636 0.218749574 -3.25000043 -0.378886515 0.187396648 -2.43879322 -0.2775358 0.2501025 -4.06120764 -0.480237205 -0.491338737 -3.11242776 -0.816921819 -0.341964894 -2.32053722 -0.601620111 -0.640712557 -3.90431868 -1.03222362 -1.1401806 -2.76646962 -1.2195965 -0.817790616 -2.05018447 -0.89446031 -1.46257069 -3.48275457 -1.54473278 -1.68397086 -2.23917182 -1.56161959 -1.20914232 -1.65144084 -1.13819057 -2.15879959 -2.826903 -1.98504871 -2.08680595 -1.56944354 -1.82226222 -1.4919553 -1.15596754 -1.31891357 -2.68165669 -1.98291953 -2.32561096 -2.32298168 -0.805212414 -1.98668388 -1.65046561 -0.600926217 -1.42752306 -2.99549775 -1.00949852 -2.54584488 -2.37857803 9.26280077e-07 -2.04684814 -1.67800124 -0.0262141917 -1.46016457 -3.07915501 0.0262160454 -2.6335318 -2.25220245 0.790835392 -2.00195087 -1.57773812 0.528642805 -1.41884291 -2.92666688 1.05302793 -2.58505882 -1.95485995 1.51389086 -1.85834563 -1.36017544 1.02689115 -1.30945484 -2.54954437 2.00089038 -2.40723652 -1.50899184 2.12132076 -1.62898924 -1.04408123 1.43683979 -1.1428343 -1.97390254 2.80580181 -2.11514419 -0.946731772 2.57402042 -1.33243391 -0.654274616 1.73405936 -0.933305564 -1.23918898 3.41398168 -1.73156226 -0.307547216 2.84411568 -0.991466156 -0.219686893 1.90278571 -0.697569142 -0.39540754 3.78544546 -1.28536312 0.364584618 2.91666703 -0.631476316 0.228808907 1.93668483 -0.45344506 0.500360306 3.89664923 -0.809507573 1.02426502 2.79045205 -0.278675274 0.660889969 1.83971599 -0.2186595 1.38764021 3.74118849 -0.338691025 1.62778494 2.47779621 0.0417016274 1.04836113 1.62300055 -0.00928029655 2.20720886 3.33259168 0.0926835968 2.13609813 2.00346759 0.307110529 1.36714213 1.30619604 0.160793164 2.90505414 2.70073933 0.453427941 2.51736225 1.40277483 0.499167927 1.59884093 0.915037264 0.280946354 3.43588376 1.8905123 0.717389594 2.74900345 0.71894251 0.604840288 1.73181327 0.479279573 0.344459849 3.76619345 0.958605399 0.86522075 2.81906971 -5.33002466e-07 0.617227564 1.76168254 0.0304918055 0.348810535 3.87645689 -0.0304928725 0.885644544 2.7268351 -0.704567204 0.53591009 1.69212153 -0.400459772 0.295850448 3.76154867 -1.00867464 0.775969851 2.48263859 -1.34722263 0.366857582 1.53184702 -0.785226691 0.190872112 3.43343015 -1.90921863 0.542843064 2.1069506 -1.88561919 0.121888389 1.2961817 -1.09971601 0.0427241838 2.9177195 -2.67152218 0.201052693 1.62878172 -2.28534626 -0.182248142 1.00494386 -1.32572939 -0.137146511 2.25261959 -3.24496312 -0.227349857 1.08352968 -2.52213978 -0.525115164 0.680865679 -1.45199482 -0.335613017 1.48619368 -3.59228445 -0.714617311 0.510414942 -2.58333363 -0.884068884 0.347884851 -1.47462599 -0.538849648 0.672944985 -3.69204107 -1.22928802 -0.0502451308 -2.46847652 -1.23583176 0.0293666188 -1.39782793 -0.733687078 -0.129856922 -3.53912511 -1.73797629 -0.559837064 -2.18912033 -1.55811036 -0.25367103 -1.23086397 -0.907682909 -0.866003145 -3.14737687 -2.2085379 -0.984056106 -1.76776698 -1.83109897 -0.483384092 -0.98950111 -1.05052883 -1.48472807 -2.54603275 -2.6116692 -1.29514019 -1.23610804 -2.03876918 -0.646484337 -0.693885194 -1.15455105 -1.94379619 -1.77833102 -2.9229876 -1.47363694 -0.632668838 -2.16988986 -0.734951984 -0.366913205 -1.21511595 -2.21232208 -0.898424448 -3.12466397 -1.50956108 1.08646238e-06 -2.21869644 -0.746342479 -0.0324766134 -1.23080856 -2.27277988 0.032478789 -3.20658422 -1.40285771 0.618292102 -2.18515685 -0.684148513 0.286435465 -1.20401995 -2.1215668 0.950148787 -3.16629357 -1.16319477 1.18055441 -2.07485297 -0.555734452 0.569071063 -1.13863909 -1.77065509 1.79203761 -3.01106686 -0.809075749 1.64991725 -1.89846805 -0.373143488 0.798100865 -1.04161636 -1.24500801 2.50173382 -2.75531964 -0.366387945 1.99667113 -1.67094767 -0.151540496 0.960814967 -0.921704592 -0.581235513 3.03252721 -2.42019085 0.133546974 2.20016445 -1.41037571 0.0920138254 1.04978334 -0.788750613 0.175080111 3.35054555 -2.03200076 0.656250439 2.25000022 -1.1366584 0.339872747 1.06309854 -0.652938948 0.972628226 3.43690191 -1.62037776 1.16649963 2.14650234 -0.870131315 0.575429257 1.00492813 -0.524290999 1.7575701 3.28807645 -1.21597168 1.6307812 1.90044253 -0.630144224 0.783498347 0.882639421 -0.411155945 2.478064 2.91824555 -0.849132646 2.01951583 1.53206389 -0.433773572 0.951658072 0.708336221 -0.320701866 3.08737378 2.35579151 -0.546845349 2.30902752 1.06944448 -0.294689421 1.07098829 0.497015913 -0.258078126 3.54706693 1.641873 -0.331300621 2.48299374 0.546390971 -0.222316078 1.1364588 0.265373067 -0.226186017 3.82952848 0.827408803 -0.218446163 2.53338608 -1.83107189e-06 -0.221287492 1.14708368 0.0305021976 -0.225593928 3.91968886 -0.0305058573 -0.216981033 2.46082462 -0.532019575 -0.291246466 1.10654861 -0.191525093 -0.254663495 3.81510054 -0.872514166 -0.327829414 2.27430404 -1.013892 -0.427000004 1.02020313 -0.38649717 -0.309833436 3.52840467 -1.64128707 -0.544166525 1.99037097 -1.41421301 -0.618994245 0.897021498 -0.542783173 -0.385920292 3.08372044 -2.28564266 -0.852068151 1.63177702 -1.70799353 -0.854094137 0.747942602 -0.652198706 -0.476607091 2.5156113 -2.76378846 -1.23158113 1.22576582 -1.8781895 -1.11657058 0.585005244 -0.710333024 -0.574944552 1.86652644 -3.04604592 -1.65819666 0.802081025 -1.91666682 -1.38925078 0.420412356 -0.716629087 -0.673885785 1.18374969 -3.11670461 -2.10461582 0.390851909 -1.82452643 -1.6547396 0.265731529 -0.674839793 -0.767304623 0.515972384 -2.97421307 -2.54217476 0.0205037239 -1.61176951 -1.89662574 0.130644466 -0.590420922 -0.849078573 -0.0896370245 -2.63311791 -2.94417271 -0.28414288 -1.29636042 -2.10057929 0.0231607679 -0.472054536 -0.914585985 -0.591446552 -2.12066634 -3.2865727 -0.503473003 -0.902776064 -2.25527519 -0.0511713214 -0.330194001 -0.960623469 -0.955774608 -1.47535813 -3.54992719 -0.624292955 -0.460121734 -2.35309623 -0.0895045949 -0.176185992 -0.985548797 -1.15908119 -0.744057476 -3.72064367 -0.640544186 1.7905227e-07 -2.39054455 -0.0869769109 -0.0126728477 -0.996484867 -1.19411146 0.0126732068 -3.78460432</float_array>
        <technique_common><accessor source="#vfx_kurp_1197-mesh-positions-array" count="876" stride="3"><param name="X" type="float"/><param name="Y" type="float"/><param name="Z" type="float"/></accessor></technique_common>
      </source>
      <source id="vfx_kurp_1197-mesh-normals">
        <float_array id="vfx_kurp_1197-mesh-normals-array" count="2628">-0.987374468 0.158374068 0.00305201201 -0.987373034 0.158383336 0.00303479488 -0.958228089 0.285933667 0.00639277542 -0.957786962 0.287406589 0.00644881734 -0.987368289 0.158412904 0.00303552999 -0.957761591 0.287491472 0.00643337801 -0.851495035 0.524200504 0.0130398126 -0.850681961 0.525517524 0.0130970646 -0.850633602 0.52559619 0.0130813026 -0.686701954 0.7266711 0.0197367296 -0.685568033 0.727739392 0.0197951756 -0.685498039 0.727805773 0.0197786646 -0.47511623 0.879524422 0.0264831878 -0.473735301 0.8802672 0.0265428162 -0.47364657 0.880315461 0.0265257483 -0.23120293 0.972336172 0.0332802385 -0.229667019 0.972698017 0.0333410757 -0.229564037 0.97272293 0.0333234811 0.0283667556 0.998791812 0.0401278473 0.0299167874 0.998744127 0.0401889941 0.0300278892 0.998741523 0.0401708304 0.285857195 0.957117598 0.0470273113 0.287314705 0.956678064 0.0470886552 0.287426466 0.956645411 0.0470699957 0.523685223 0.850200066 0.0539780973 0.524986872 0.849392965 0.0540404888 0.525091307 0.849329617 0.0540214794 0.725621183 0.685386914 0.0609809512 0.726675517 0.684263295 0.0610445371 0.726764519 0.684170503 0.0610250511 0.877903144 0.473980058 0.0680365696 0.878634495 0.472613623 0.0681013004 0.8786998 0.472495061 0.0680814104 0.97017591 0.230460209 0.0751451617 0.970530187 0.228942061 0.0752109568 0.970564365 0.228803769 0.0751907453 0.996199149 -0.0285095894 0.0823071018 0.996148789 -0.0300377577 0.0823730771 0.996145975 -0.0301874227 0.0823523933 0.954270314 -0.285225752 0.0895233984 0.953834541 -0.286659064 0.0895893357 0.953791245 -0.286809648 0.0895683378 0.847337303 -0.522159456 0.0967935842 0.846540446 -0.523437974 0.0968605274 0.84645551 -0.523579237 0.0968393083 0.682791533 -0.723156276 0.104118795 0.681684718 -0.724189921 0.104186868 0.681559621 -0.724310754 0.104165323 0.471955385 -0.874543301 0.111499458 0.470611354 -0.875258488 0.111568508 0.470451193 -0.875347351 0.111546804 0.229300809 -0.96606182 0.118935688 0.227809719 -0.966405895 0.119005788 0.227622417 -0.966452705 0.11898405 -0.0285450567 -0.991564965 0.126428243 -0.0300421523 -0.991511804 0.126498265 -0.0302441883 -0.991508481 0.126476168 -0.283945241 -0.94943413 0.133977358 -0.28534543 -0.949004396 0.134047163 -0.285548127 -0.948946557 0.134024996 -0.519463291 -0.842681393 0.141583753 -0.520710061 -0.841899649 0.141654554 -0.520900326 -0.841785697 0.141632234 -0.719058098 -0.678734542 0.149247691 -0.720064269 -0.677651214 0.149319393 -0.720226825 -0.677483381 0.149296984 -0.869180698 -0.468919436 0.15696967 -0.869874761 -0.467606269 0.157042277 -0.869994348 -0.467391285 0.15701981 -0.959698593 -0.227675223 0.164750125 -0.960029868 -0.226220689 0.164823701 -0.960092936 -0.225969249 0.16480125 -0.984583112 0.0284421771 0.172589506 -0.98452715 0.0298981269 0.172662657 -0.984522877 0.030167777 0.172640115 -0.942313519 0.281902947 0.180488115 -0.941892462 0.283260261 0.180560831 -0.94181573 0.283529549 0.18053843 -0.835969077 0.515406243 0.188446563 -0.835207274 0.516613001 0.188520072 -0.835056049 0.516865481 0.188497927 -0.673006487 0.713066411 0.196465168 -0.671953898 0.714037935 0.196539531 -0.671731281 0.714253413 0.196517553 -0.464735719 0.86149997 0.20454465 -0.463462562 0.862167718 0.20461984 -0.46317768 0.862325964 0.204598069 -0.225531445 0.950736825 0.212685348 -0.224123384 0.951052764 0.212761248 -0.223791355 0.951135731 0.212739865 0.0281611649 0.974892634 0.220887531 0.0295658566 0.97483399 0.220962783 0.0299200851 0.974827968 0.220941668 0.278963208 0.932560502 0.229151562 0.280267891 0.932150889 0.229226154 0.280620253 0.932050008 0.22920527 0.50975956 0.826891386 0.237478054 0.510916944 0.826155118 0.237553356 0.511247044 0.825956771 0.237532886 0.704871589 0.665361042 0.245867295 0.705801183 0.664346749 0.245943261 0.706081922 0.66405576 0.245923294 0.8511281 0.459241151 0.254319727 0.851764865 0.458016579 0.254396202 0.85196994 0.457645705 0.254376943 0.93876189 0.222808361 0.262835592 0.939060032 0.221457004 0.262912631 0.939166961 0.221025183 0.262894063 0.962065045 -0.0276491271 0.271415503 0.962003985 -0.0289920842 0.27149179 0.961995189 -0.029450765 0.271473588 0.919763099 -0.274958614 0.280059997 0.919367844 -0.276201068 0.280135213 0.919236805 -0.276654698 0.280117609 0.815083388 -0.502246621 0.28876877 0.814377718 -0.503346677 0.288844344 0.814122012 -0.50376969 0.288827714 0.655510722 -0.694099484 0.297542601 0.65454174 -0.69498075 0.297618661 0.654167835 -0.695339445 0.297602923 0.452250833 -0.837615241 0.306381937 0.451084074 -0.83821618 0.306458471 0.450608067 -0.838477538 0.306443776 0.219441028 -0.923276727 0.315286727 0.218156276 -0.923554888 0.315363613 0.217602847 -0.92369007 0.315350052 -0.0268386737 -0.945588009 0.324257618 -0.0281107797 -0.945525107 0.324333249 -0.0286944381 -0.945511948 0.324320499 -0.269683006 -0.903430054 0.333294485 -0.270854535 -0.9030521 0.333368752 -0.271428727 -0.902884044 0.333356939 -0.49252906 -0.800111823 0.342397716 -0.493563634 -0.799442072 0.342472353 -0.494098965 -0.799115843 0.342461797 -0.680298036 -0.64311332 0.351567688 -0.68112463 -0.642196836 0.35164252 -0.681577036 -0.641721615 0.351633494 -0.820419326 -0.443545081 0.360804505 -0.820980369 -0.442444562 0.36087954 -0.82130865 -0.441840994 0.36087205 -0.90368174 -0.215358418 0.370108181 -0.903938337 -0.214149009 0.370183312 -0.904106099 -0.213449482 0.370177634 -0.92484506 0.0256374838 0.379479029 -0.924781035 0.0268288593 0.379552697 -0.924761294 0.0275642424 0.379548102 -0.882971362 0.262878512 0.388917036 -0.882613877 0.26397019 0.388989052 -0.882399514 0.264690851 0.38898567 -0.781457176 0.480192148 0.398422117 -0.780828539 0.481153907 0.398494305 -0.780415832 0.481824249 0.398492813 -0.627764053 0.662912138 0.407994841 -0.626907106 0.663678284 0.408066926 -0.626308077 0.664243155 0.408067669 -0.432871309 0.798876519 0.417634693 -0.431845103 0.799394079 0.417706732 -0.431085678 0.799802248 0.41770983 -0.210487728 0.879246315 0.42734159 -0.209362717 0.879479833 0.427413706 -0.208482801 0.879686173 0.427419184 0.023921883 0.899087081 0.437115733 0.0250245095 0.899022895 0.437186011 0.0259452132 0.898993389 0.437193014 0.254219705 0.857672375 0.446956864 0.255224648 0.857338259 0.447025155 0.256122741 0.857065866 0.447033828 0.46471682 0.758493898 0.456864624 0.465600073 0.757910966 0.456932753 0.46643448 0.757390798 0.456944258 0.641254001 0.608978682 0.466838593 0.641955023 0.608187442 0.466906611 0.642657947 0.607433449 0.466921159 0.772168566 0.419931644 0.476878517 0.772639714 0.418987018 0.476946278 0.773145907 0.418031868 0.476964112 0.849071988 0.204751791 0.486984049 0.849282031 0.203717784 0.48705143 0.849533779 0.202613707 0.487072935 0.867394929 -0.0215247591 0.497154626 0.867332028 -0.0225326043 0.497219704 0.867287714 -0.0236837012 0.497243505 0.826659937 -0.243288403 0.507389497 0.826351931 -0.24420206 0.507452303 0.826004611 -0.24532042 0.507478348 0.730464101 -0.445445538 0.517687619 0.729930817 -0.446246474 0.517750024 0.729272963 -0.447285772 0.517780246 0.586177942 -0.614459214 0.528048572 0.585456505 -0.615093306 0.528110696 0.584504373 -0.615968473 0.528145319 0.404381207 -0.739272757 0.538471568 0.403522223 -0.739697098 0.53853321 0.402314701 -0.740325883 0.538572621 0.198085362 -0.812040962 0.548955067 0.19714823 -0.812227651 0.549016227 0.195747494 -0.812536116 0.549060997 -0.0182073008 -0.828631717 0.559497964 -0.0191154854 -0.828571623 0.559556667 -0.0205744206 -0.828504318 0.559604581 -0.229536284 -0.788859859 0.570099305 -0.23035516 -0.788580541 0.570155445 -0.231770676 -0.788128723 0.570206515 -0.421537078 -0.6964388 0.580757686 -0.422253631 -0.695958244 0.580813218 -0.423573042 -0.695108048 0.580870622 -0.581432099 -0.558658059 0.591470952 -0.581997881 -0.558010349 0.591525922 -0.583112167 -0.556777405 0.591590332 -0.698897526 -0.385814003 0.602237331 -0.699275021 -0.385044249 0.602291766 -0.700075809 -0.383473368 0.602363709 -0.766745037 -0.190435918 0.613054817 -0.768136157 -0.186649654 0.612477552 -0.764594911 -0.200708359 0.612462877 -0.784080442 -0.0861921679 0.61464524 -0.785851899 -0.080463894 0.613157692 -0.781269238 -0.108154295 0.614752818 0.000872187906 0.0250637273 -0.999685475 0.000906796983 0.0250758857 -0.999685139 0.00108862937 0.0259685202 -0.999662168 0.00105336981 0.0259712555 -0.999662135 0.000908471468 0.0251221917 -0.999683975 0.00110225079 0.0260269983 -0.999660633 0.00221518866 0.0284477561 -0.999592826 0.00218599753 0.0284687408 -0.999592293 0.00224945349 0.0285108747 -0.999590951 0.00504707772 0.0319035273 -0.99947821 0.00503015938 0.0319393799 -0.99947715 0.00510550666 0.0319645668 -0.999475963 0.0101031986 0.0355373022 -0.99931728 0.0101042099 0.0355827054 -0.999315654 0.0101865137 0.0355874294 -0.99931465 0.0175836257 0.0383672646 -0.999108988 0.0176059248 0.0384152117 -0.999106753 0.0176898319 0.0383974844 -0.999105952 0.0273173913 0.0393442133 -0.998852238 0.027360337 0.0393864589 -0.998849397 0.0274396434 0.0393459136 -0.99884882 0.0387472767 0.0374788713 -0.998545934 0.0388085872 0.0375077866 -0.998542468 0.0388766568 0.0374459554 -0.99854214 0.050956133 0.0319730672 -0.998188958 0.0510331255 0.0319811896 -0.998184764 0.0510838808 0.0319011766 -0.998184728 0.0627362816 0.0223387094 -0.997780107 0.0628218133 0.0223200062 -0.997775144 0.0628504521 0.0222267747 -0.997775421 0.0726934668 0.00848882828 -0.997318204 0.072778404 0.00843928291 -0.99731243 0.0727813001 0.00833970286 -0.997313056 0.0793790602 -0.00920073139 -0.996802042 0.0794531089 -0.00928154846 -0.996795393 0.0794287751 -0.00938074826 -0.996796404 0.0814407697 -0.0298758636 -0.996230312 0.0814931465 -0.0299816261 -0.996222851 0.0814422684 -0.0300734161 -0.996224245 0.07777211 -0.0522362585 -0.995601764 0.0777948481 -0.0523604254 -0.995593465 0.0777197633 -0.0524373392 -0.995595281 0.0676560988 -0.0746102471 -0.994915053 0.0676412937 -0.0747476797 -0.994905744 0.0675466211 -0.074802749 -0.994908037 0.0508790715 -0.0950774309 -0.9941688 0.0508214 -0.0952166743 -0.994158423 0.0507137172 -0.0952447415 -0.994161233 0.0278090725 -0.111621634 -0.993361599 0.0277068746 -0.111749381 -0.993350092 0.0275938355 -0.111747404 -0.993353461 -0.00057393841 -0.122308215 -0.992492001 -0.000718801628 -0.122410312 -0.992479319 -0.000827879834 -0.122377539 -0.992483276 -0.0327011203 -0.125468092 -0.991558568 -0.0328756234 -0.125530973 -0.991544839 -0.0329739007 -0.125469298 -0.991549382 -0.0664920515 -0.119875589 -0.990559766 -0.0666844486 -0.119891266 -0.990544935 -0.0667649729 -0.119803771 -0.990550097 -0.0994868526 -0.104899998 -0.98949399 -0.0996899375 -0.104859836 -0.989477807 -0.0997441588 -0.104752782 -0.989483682 -0.129019276 -0.0806179648 -0.988359636 -0.129216895 -0.0805169943 -0.98834205 -0.12923962 -0.0803991119 -0.988348675 -0.152423116 -0.0478748986 -0.987155098 -0.152597234 -0.0477136039 -0.987136007 -0.152586431 -0.0475937801 -0.987143461 -0.167256491 -0.00828607482 -0.985878597 -0.167388691 -0.00806989698 -0.985857953 -0.16734521 -0.00795811038 -0.985866243 -0.171522346 0.0358300165 -0.984528463 -0.171595947 0.0360803607 -0.984506495 -0.171523108 0.0361780932 -0.984515601 -0.163871916 0.0815765795 -0.983102872 -0.163878917 0.0818438528 -0.98307949 -0.163780482 0.0819211831 -0.983089453 -0.14376819 0.125667914 -0.981599859 -0.143698334 0.125943511 -0.981574766 -0.143583328 0.125989557 -0.981585686 -0.111593898 0.164657627 -0.980017688 -0.111443294 0.164919671 -0.979990762 -0.111321576 0.164930567 -0.980002763 -0.0686985834 0.195200781 -0.978354312 -0.0684705069 0.195425627 -0.978325413 -0.0683514559 0.195401522 -0.978338553 -0.0173628977 0.214326912 -0.976607651 -0.0170661487 0.214491587 -0.976576728 -0.0169608574 0.214434742 -0.976591046 0.0393062864 0.219698472 -0.974775665 0.0396419494 0.219782601 -0.974743107 0.0397296872 0.219698572 -0.974758478 0.0975580163 0.209840794 -0.972856246 0.0979094942 0.209835855 -0.972822001 0.0979734677 0.209729571 -0.972838479 0.153240411 0.184318332 -0.970847119 0.153597306 0.18421344 -0.970810628 0.153625978 0.184095529 -0.970828458 0.202092232 0.143839807 -0.968746014 0.202426096 0.143631805 -0.96870717 0.202417582 0.143513694 -0.968726454 0.240059913 0.0902832974 -0.966550653 0.240340947 0.089977398 -0.966509336 0.240297404 0.0898702653 -0.966530131 0.263621328 0.0266318338 -0.964258545 0.263821191 0.0262414428 -0.964214585 0.263747606 0.0261557161 -0.964237045 0.270086939 -0.0431817389 -0.961867134 0.270180877 -0.0436153667 -0.961821186 0.270085775 -0.0436801155 -0.961844957 0.257854489 -0.114510706 -0.959373942 0.257833779 -0.114958354 -0.959325971 0.25772304 -0.114996563 -0.959351148 0.226599534 -0.182295922 -0.956776279 0.226452211 -0.182745184 -0.956725454 0.226338441 -0.182744767 -0.956752455 0.177376209 -0.241423575 -0.954071453 0.177100138 -0.241838769 -0.954017584 0.176995993 -0.241800755 -0.954046547 0.112621673 -0.287101717 -0.951256518 0.112224354 -0.28744593 -0.951199523 0.112142355 -0.287375511 -0.95123047 0.0360564358 -0.315234535 -0.948328594 0.0355553955 -0.315472805 -0.948268276 0.0355063596 -0.31537869 -0.948301418 -0.0475186916 -0.322767606 -0.945284638 -0.0480679502 -0.32286996 -0.945221911 -0.0480915095 -0.322764493 -0.945256732 -0.132515875 -0.307971471 -0.942121604 -0.133074997 -0.307929632 -0.942056467 -0.133071574 -0.307819223 -0.942093033 -0.212928062 -0.270643957 -0.938836242 -0.213484587 -0.270444127 -0.93876744 -0.213439596 -0.270344164 -0.938806461 -0.282751016 -0.212206686 -0.935425136 -0.283260788 -0.211846483 -0.93535255 -0.283178928 -0.211772384 -0.935394116 -0.336421581 -0.135687397 -0.931884891 -0.336838632 -0.135177418 -0.93180835 -0.336730327 -0.135142027 -0.931852628 -0.369248568 -0.0455839595 -0.928212044 -0.369529491 -0.0449484705 -0.928131236 -0.369409503 -0.0449601265 -0.928178434 -0.377802728 0.0523901617 -0.92440271 -0.377910918 0.0530794048 -0.924319163 -0.377796532 0.0530365037 -0.924368384 -0.360228269 0.15166217 -0.920453247 -0.360155587 0.152357252 -0.920366895 -0.360054581 0.15228568 -0.920418259 -0.316458639 0.245232147 -0.916359713 -0.316189079 0.245918958 -0.916268701 -0.316120021 0.245804125 -0.916323341 -0.248307964 0.326165684 -0.912117921 -0.247840348 0.326788788 -0.912022067 -0.247819664 0.326642427 -0.912080117 -0.159430027 0.388097823 -0.907723607 -0.158777114 0.388600938 -0.907622796 -0.158819227 0.38843986 -0.907684377 -0.0551417169 0.425721435 -0.903172548 -0.0543339779 0.426050459 -0.903066346 -0.0544452742 0.42589739 -0.903131843 0.0578850413 0.435222758 -0.898460057 0.05875074 0.435332856 -0.898350519 0.0586032789 0.435212341 -0.89841854 0.172043901 0.414624205 -0.89358137 0.172907177 0.414507903 -0.893468694 0.172733483 0.414428257 -0.893539235 0.279298222 0.364010729 -0.888531762 0.280147554 0.363646986 -0.888413315 0.27992829 0.363633146 -0.888488091 0.371742761 0.285617833 -0.88330616 0.372507563 0.285005891 -0.883181611 0.37226552 0.285076382 -0.883260912 0.442180968 0.183762911 -0.877899302 0.442789912 0.182920307 -0.877768338 0.442553794 0.183087992 -0.877852451 0.484671237 0.0646263587 -0.872305695 0.485055801 0.0635929104 -0.87216788 0.484860165 0.0638592558 -0.872257196 0.495008412 -0.0641107562 -0.866519754 0.495113351 -0.0652065213 -0.866378023 0.494992012 -0.0648981623 -0.866470505 0.471100655 -0.193759991 -0.860535437 0.470919307 -0.194842084 -0.860390358 0.470881827 -0.194511938 -0.860485567 0.413206276 -0.315201697 -0.854346805 0.412711325 -0.316261562 -0.854194349 0.412789875 -0.315885986 -0.85429536 0.32401388 -0.419523437 -0.847947576 0.32320494 -0.420470215 -0.847787335 0.323420226 -0.420088797 -0.847894309 0.208546754 -0.498668842 -0.841330873 0.207445801 -0.499411435 -0.841162564 0.207809933 -0.499069019 -0.841275903 0.073898323 -0.546045304 -0.834490002 0.0725533754 -0.546495508 -0.834313291 0.0730644092 -0.546244204 -0.834433258 -0.0711934627 -0.55705576 -0.827417894 -0.07261012 -0.557141502 -0.827237038 -0.0720437164 -0.557031508 -0.827360624 -0.216904824 -0.529506279 -0.820106943 -0.218287929 -0.529223918 -0.819922207 -0.217712382 -0.529264317 -0.820049146 -0.352989787 -0.463855348 -0.812549338 -0.354335017 -0.463169048 -0.812355297 -0.353722279 -0.463401593 -0.8124897 -0.469494066 -0.363282048 -0.804736898 -0.470686673 -0.362188368 -0.804533182 -0.470095813 -0.362639397 -0.804675459 -0.557475565 -0.233562945 -0.796661374 -0.558394906 -0.232091962 -0.796447393 -0.557897853 -0.232769037 -0.796598118 -0.609681947 -0.0827570908 -0.788314142 -0.609186645 -0.0634166594 -0.790487165 -0.608914196 -0.0865888372 -0.788495957 -0.623683087 -0.000107250262 -0.781677296 -0.619628796 0.0390393628 -0.783923519 -0.622144095 -0.010268364 -0.782835414 0.853565398 -0.158374087 0.496330293 0.853572792 -0.158383356 0.496314619 0.826653491 -0.285933737 0.48465029 0.826243391 -0.28740671 0.484478319 0.853568378 -0.158413128 0.496312709 0.826229146 -0.287491557 0.484452272 0.730896272 -0.524200602 0.437040465 0.730163521 -0.525517647 0.43668345 0.7301296 -0.525596321 0.436645478 0.584832913 -0.726671167 0.360443447 0.583821658 -0.727739517 0.35992703 0.583769222 -0.727805877 0.359877897 0.398220935 -0.879524547 0.260493105 0.396995214 -0.880267317 0.259854286 0.39692691 -0.880315544 0.259795249 0.183587391 -0.972336195 0.144422967 0.182226853 -0.972698038 0.143707693 0.182146461 -0.972722951 0.143640966 -0.0446302555 -0.998791812 0.0205683559 -0.0460031962 -0.998744127 0.0198462921 -0.0460903391 -0.998741523 0.0197750128 -0.271073371 -0.957117556 -0.102201819 -0.272366255 -0.956678031 -0.102877438 -0.272453727 -0.956645375 -0.102949471 -0.480513862 -0.850199981 -0.215096306 -0.481672291 -0.849392898 -0.215693088 -0.481753311 -0.849329517 -0.215761717 -0.658896985 -0.68538678 -0.309999557 -0.659841836 -0.68426317 -0.310471684 -0.659909183 -0.684170359 -0.310533074 -0.794304776 -0.473979943 -0.380030179 -0.794970476 -0.472613527 -0.380339842 -0.79501714 -0.472494821 -0.380389788 -0.877769573 -0.230460043 -0.42001041 -0.878109284 -0.228941919 -0.420130555 -0.878128879 -0.228803618 -0.420164939 -0.903887331 0.0285097472 -0.426819503 -0.903876707 0.0300379018 -0.426737182 -0.903863943 0.0301875427 -0.426753659 -0.871184043 0.285225836 -0.399605539 -0.870839607 0.286659215 -0.399330532 -0.870791548 0.28680983 -0.399327186 -0.782212388 0.522159525 -0.339842921 -0.781555774 0.523438038 -0.339386494 -0.781471535 0.523579408 -0.339362406 -0.643374122 0.723156367 -0.251226208 -0.642449626 0.724190006 -0.250613872 -0.642330585 0.724310814 -0.250569879 -0.464474976 0.874543368 -0.139416262 -0.463345477 0.875258583 -0.138684469 -0.463196043 0.875347383 -0.138623179 -0.258047936 0.966061882 -0.011649155 -0.256791687 0.966405951 -0.0108428889 -0.256618741 0.966452727 -0.0107679331 -0.0384931966 0.991564968 0.123762627 -0.0372318355 0.991511796 0.124571864 -0.0370457468 0.991508479 0.124653719 0.178915053 0.949434097 0.258000581 0.180092752 0.949004351 0.258761167 0.180279669 0.948946519 0.25884309 0.379076656 0.842681281 0.382346895 0.380120998 0.841899526 0.383031612 0.380296831 0.841785681 0.38310728 0.548098819 0.678734383 0.488781467 0.548934285 0.677651112 0.489346627 0.549086388 0.677483316 0.489408311 0.674247676 0.468919392 0.570530171 0.674812511 0.467606198 0.570940031 0.674927469 0.46739113 0.570980247 0.748748307 0.227675097 0.622527126 0.748998478 0.226220478 0.622756434 0.749064304 0.225969159 0.622768503 0.766379238 -0.0284423102 0.641758443 0.766294173 -0.0298982632 0.64179384 0.766301762 -0.0301679135 0.64177216 0.725823364 -0.281903096 0.627464014 0.725422377 -0.283260343 0.62731647 0.725367078 -0.283529702 0.627258726 0.629747072 -0.515406413 0.581184011 0.629050597 -0.516613113 0.580866799 0.628930696 -0.516865558 0.58077205 0.484608 -0.713066467 0.506647116 0.483659223 -0.714038053 0.506185159 0.483477493 -0.71425353 0.506054749 0.300200437 -0.861500037 0.409508711 0.299060262 -0.862167795 0.408937225 0.298824492 -0.862326033 0.408775899 0.0889731563 -0.950736812 0.296956715 0.0877157624 -0.951052753 0.29631842 0.0874389708 -0.951135755 0.296133757 -0.134832218 -0.974892617 0.177213594 -0.136086362 -0.974833983 0.176576349 -0.136382494 -0.974827969 0.176380967 -0.356165144 -0.932560452 0.0589694348 -0.357332345 -0.932150831 0.0583816984 -0.357627026 -0.932049968 0.058187353 -0.560203832 -0.826891336 -0.0492177329 -0.561243824 -0.826155054 -0.0497312427 -0.561519451 -0.825956712 -0.0499140887 -0.733370489 -0.665360873 -0.139508547 -0.734213531 -0.664346575 -0.139907539 -0.73444657 -0.664055691 -0.14006525 -0.864258465 -0.459241091 -0.205316647 -0.864848148 -0.458016521 -0.205568838 -0.865016158 -0.457645504 -0.205688207 -0.944409454 -0.222808188 -0.241758755 -0.944706182 -0.221456806 -0.241841088 -0.944789497 -0.221025056 -0.241910584 -0.968880519 0.0276492159 -0.245979797 -0.968865771 0.0289921785 -0.245883246 -0.968849044 0.0294509264 -0.245894636 -0.936568122 0.274958873 -0.217342521 -0.936263423 0.276201332 -0.217079769 -0.936141158 0.276654936 -0.217029443 -0.850267253 0.502246691 -0.157460664 -0.849693959 0.503346684 -0.157042325 -0.849464125 0.503769819 -0.156928868 -0.716460233 0.694099491 -0.0700758924 -0.715659043 0.694980821 -0.0695254823 -0.715327317 0.695339555 -0.0693522314 -0.54485159 0.837615295 0.0392092161 -0.54387935 0.838216276 0.039858853 -0.543459757 0.838477646 0.0400840479 -0.347684762 0.92327676 0.163325842 -0.346610536 0.92355493 0.164034839 -0.346124437 0.923690132 0.16429977 -0.138885723 0.945588 0.294234755 -0.137821794 0.945525109 0.294936299 -0.137310015 0.945511947 0.29521707 0.0669052964 0.903430032 0.423483008 0.0678827241 0.903052092 0.424133063 0.0683857064 0.90288402 0.424409992 0.25534394 0.800111758 0.542789689 0.25620255 0.799442056 0.54337156 0.256671486 0.799115829 0.543630058 0.41337166 0.643113207 0.644615602 0.414050045 0.642196718 0.645093742 0.414446511 0.641721499 0.645312023 0.530101714 0.443544952 0.722675618 0.530550069 0.442444478 0.723021098 0.530838237 0.441840905 0.723178665 0.597557183 0.215358405 0.772364015 0.597741848 0.214148941 0.772557386 0.597890128 0.213449444 0.772636221 0.611199744 -0.0256375152 0.791061054 0.611107581 -0.0268289909 0.791092744 0.611092746 -0.0275643207 0.791078924 0.570217127 -0.262878654 0.778297656 0.569871482 -0.263970344 0.77818131 0.569687485 -0.264691025 0.778071224 0.477550656 -0.480192305 0.735772194 0.47697019 -0.481153988 0.735520413 0.47661344 -0.481824405 0.735312771 0.339662126 -0.662912232 0.667215866 0.338883911 -0.663678356 0.666849859 0.338364779 -0.664243278 0.666550931 0.16606009 -0.798876586 0.578117849 0.165135351 -0.799394119 0.577667169 0.164476141 -0.799802301 0.577290116 -0.0313831785 -0.879246337 0.475332489 -0.0323934749 -0.879479847 0.474832457 -0.0331581983 -0.879686186 0.474397247 -0.239274975 -0.899087059 0.366592343 -0.240264986 -0.899022892 0.366101867 -0.241065903 -0.898993368 0.365647582 -0.443639299 -0.857672315 0.2599661 -0.444543773 -0.857338179 0.259522792 -0.445325889 -0.857065812 0.25908116 -0.630889051 -0.758493773 0.16329789 -0.631688003 -0.757910853 0.162915335 -0.632416416 -0.757390665 0.162508023 -0.788761651 -0.608978551 0.0836670969 -0.789402798 -0.60818727 0.083375463 -0.790018795 -0.607433318 0.0830365492 -0.907156831 -0.419931683 0.0269047508 -0.907598837 -0.41898685 0.0267277113 -0.908046077 -0.418031817 0.0264900348 -0.978809969 -0.204751629 -0.00279548513 -0.979025568 -0.203717595 -0.00284221101 -0.979254304 -0.202613696 -0.00294938753 -0.999763353 0.021524917 -0.0031490181 -0.999741419 0.0225327384 -0.00306111825 -0.99971494 0.02368391 -0.00301838442 -0.969603227 0.243288514 0.0260822024 -0.96936788 0.244202201 0.0262906389 -0.969080123 0.245320537 0.0264867798 -0.891444251 0.44544559 0.0830985741 -0.891013613 0.44624653 0.0834192848 -0.890459021 0.447285811 0.0837743152 -0.771669208 0.614459275 0.164214596 -0.771075419 0.615093463 0.16462907 -0.770268207 0.615968589 0.165135057 -0.619440081 0.739272835 0.264139474 -0.618727029 0.739697158 0.264622331 -0.617700867 0.740326037 0.265260246 -0.44602441 0.81204097 0.37636643 -0.445243392 0.812227674 0.376887951 -0.444052585 0.812536194 0.377627111 -0.263980898 0.828631707 0.49364317 -0.263223653 0.828571632 0.494148114 -0.261984174 0.828504337 0.49491904 -0.0862653707 0.788859908 0.608488563 -0.0855841713 0.788580598 0.608946623 -0.0843840449 0.788128779 0.609698582 0.0746831751 0.696438855 0.713719374 0.0752758777 0.695958216 0.714125832 0.0763897521 0.695108054 0.714835225 0.207799743 0.558657933 0.802944942 0.20826211 0.558010265 0.803275444 0.20919502 0.556777245 0.80388839 0.304144447 0.385813868 0.871001616 0.304444128 0.385044149 0.871237497 0.305101669 0.383473285 0.871700185 0.357493332 0.190435807 0.914293564 0.358986645 0.18664962 0.914489206 0.355927161 0.20070834 0.912705877 0.371710948 0.0861921516 0.92433862 0.373988773 0.0804639672 0.923936117 0.369222672 0.108154282 0.923026148 0.499087252 -0.0250637721 -0.866189195 0.499056967 -0.0250759833 -0.866206291 0.498888377 -0.0259685648 -0.866277104 0.498918959 -0.0259712734 -0.86625941 0.499055057 -0.0251222942 -0.866206049 0.498875571 -0.0260270896 -0.866282723 0.497878094 -0.0284477969 -0.866780322 0.497903088 -0.0284687826 -0.866765276 0.497847446 -0.028510897 -0.866795852 0.495368164 -0.0319034762 -0.868097086 0.495382258 -0.0319393283 -0.868087725 0.495316486 -0.0319646045 -0.868124324 0.490908975 -0.0355372649 -0.870485773 0.490907323 -0.0355826885 -0.870484849 0.490835571 -0.035587545 -0.870525111 0.484326664 -0.0383672791 -0.874045556 0.484306212 -0.0384152417 -0.874054782 0.484233166 -0.0383975986 -0.874096028 0.475768559 -0.0393442505 -0.87869011 0.475729937 -0.0393864992 -0.878709128 0.475660946 -0.0393459719 -0.878748291 0.465716842 -0.0374789017 -0.884139782 0.465662006 -0.0375078248 -0.884167439 0.465602934 -0.0374460108 -0.884201167 0.454965144 -0.0319731086 -0.889935075 0.454896432 -0.0319812343 -0.889969908 0.45485243 -0.0319011135 -0.889995273 0.444558864 -0.0223387799 -0.895471047 0.444482289 -0.0223200522 -0.895509525 0.444457622 -0.0222268031 -0.895524088 0.435704736 -0.00848881338 -0.900049623 0.435628331 -0.00843925321 -0.900087071 0.435626041 -0.00833973961 -0.900089107 0.429656776 0.00920069222 -0.902945404 0.429589297 0.00928151133 -0.902976683 0.429610791 0.00938067218 -0.902965432 0.427585471 0.0298758271 -0.903481101 0.427536336 0.0299815906 -0.90350085 0.427581037 0.030073363 -0.903476646 0.430448285 0.0522362095 -0.901102465 0.430424399 0.0523603604 -0.901106669 0.430490313 0.0524372531 -0.90107071 0.438865702 0.0746102799 -0.89544972 0.438873882 0.0747477179 -0.895434249 0.438957105 0.0748027059 -0.895388862 0.453021814 0.0950774007 -0.886414984 0.453066586 0.0952166539 -0.886377153 0.453161301 0.0952446912 -0.886325721 0.472597451 0.111621589 -0.874180914 0.472680198 0.111749326 -0.874119854 0.472779812 0.111747325 -0.874066236 0.49674306 0.122308182 -0.859236312 0.496862191 0.122410257 -0.859152892 0.496958599 0.122377482 -0.8591018 0.524099282 0.125468058 -0.842364357 0.524243593 0.125530899 -0.842265189 0.524330962 0.12546925 -0.842219989 0.552863706 0.119875496 -0.824603898 0.553022858 0.119891158 -0.824494893 0.553095215 0.119803725 -0.824459066 0.580905187 0.104899866 -0.807183487 0.581072939 0.104859742 -0.807067949 0.581122881 0.104752743 -0.807045885 0.605913823 0.0806179352 -0.791434891 0.606076175 0.0805169411 -0.791320853 0.606099128 0.080399081 -0.791315256 0.625579759 0.0478748481 -0.778689902 0.625721046 0.0477135188 -0.778586279 0.625715431 0.0475936902 -0.778598125 0.637787595 0.00828599576 -0.770167726 0.637891777 0.00806987202 -0.770083734 0.63785838 0.00795806093 -0.770112561 0.640806919 -0.0358301516 -0.766865499 0.640859655 -0.0360804605 -0.766809692 0.640801135 -0.0361781941 -0.766853992 0.63346869 -0.0815766084 -0.769456091 0.633463026 -0.0818439128 -0.769432367 0.633382796 -0.0819212792 -0.769490181 0.615306729 -0.125667928 -0.7782064 0.615233712 -0.125943555 -0.778219571 0.615139731 -0.125989603 -0.778286407 0.586651938 -0.164657687 -0.792923294 0.586508162 -0.164919721 -0.792975196 0.586408661 -0.164930608 -0.793046516 0.548671904 -0.195200891 -0.81293035 0.548459887 -0.195425734 -0.813019394 0.54836333 -0.19540158 -0.813090328 0.503340551 -0.214326982 -0.83708556 0.503068032 -0.214491622 -0.837207202 0.502984049 -0.214434744 -0.83727223 0.453347601 -0.219698492 -0.863833621 0.453040625 -0.219782648 -0.863973252 0.452972357 -0.219698566 -0.86403043 0.401940433 -0.209840803 -0.891297215 0.401618896 -0.209835871 -0.891443307 0.401571725 -0.209729555 -0.891489576 0.352713402 -0.184318332 -0.917398501 0.352386094 -0.184213448 -0.917545337 0.352370196 -0.184095558 -0.917575104 0.309355978 -0.143839823 -0.940004779 0.309047436 -0.143631863 -0.940138059 0.309064452 -0.143513696 -0.940150511 0.275377273 -0.0902833043 -0.957087395 0.275113283 -0.089977398 -0.957192117 0.275161409 -0.0898702943 -0.957188346 0.253826498 -0.0266318544 -0.966883061 0.25363144 -0.0262414381 -0.966944921 0.253706394 -0.0261557007 -0.96692758 0.247031454 0.0431817553 -0.968044832 0.246927122 0.0436153887 -0.96805201 0.247021367 0.0436801174 -0.968025047 0.256378447 0.114510717 -0.959769445 0.256372387 0.114958343 -0.959717551 0.256480909 0.114996548 -0.959683978 0.282147229 0.182295874 -0.941892327 0.282249388 0.182745127 -0.941774655 0.282361412 0.182744752 -0.941741147 0.32342347 0.241423603 -0.914938196 0.32363567 0.241838755 -0.914753502 0.323740282 0.241800792 -0.91472652 0.378095062 0.287101687 -0.880123142 0.37841069 0.287445898 -0.879875108 0.37849719 0.287375515 -0.879860893 0.442938578 0.315234551 -0.839304828 0.443342334 0.315472786 -0.839002084 0.443401298 0.315378719 -0.839006288 0.513794736 0.322767655 -0.79488113 0.514239062 0.32286995 -0.79455219 0.514276846 0.322764446 -0.7945706 0.585822953 0.307971454 -0.749643283 0.586274562 0.307929634 -0.749307332 0.586289943 0.307819099 -0.749340714 0.653819213 0.270643924 -0.706592034 0.654266821 0.27044403 -0.70625417 0.654247396 0.270344046 -0.706310443 0.712582153 0.212206597 -0.668726428 0.71298735 0.211846348 -0.66840868 0.712937303 0.21177228 -0.668485529 0.757292079 0.135687274 -0.638825227 0.757614982 0.135177331 -0.638550411 0.757543375 0.135141997 -0.638642839 0.78388466 0.0455838116 -0.619230939 0.784087527 0.044948376 -0.619020512 0.78400721 0.0449600044 -0.619121387 0.789388106 -0.0523902765 -0.611654867 0.789440096 -0.0530794524 -0.611528337 0.789365583 -0.0530366335 -0.61162823 0.772193503 -0.151662218 -0.617021689 0.772087285 -0.152357327 -0.616983362 0.772025579 -0.152285754 -0.61707824 0.732241086 -0.245232237 -0.635361426 0.731962074 -0.24591906 -0.635417452 0.731929646 -0.245804245 -0.635499227 0.671099974 -0.326165742 -0.665763272 0.670647093 -0.326788817 -0.665914067 0.670658104 -0.326642569 -0.665974729 0.591932251 -0.388097892 -0.706396656 0.591316394 -0.388601 -0.706635823 0.591383643 -0.388439958 -0.706668087 0.499340325 -0.425721526 -0.754599511 0.498587723 -0.42605051 -0.754911416 0.498716901 -0.425897458 -0.754912451 0.39910006 -0.435222829 -0.807031741 0.398295578 -0.435332861 -0.807369762 0.398457169 -0.435212374 -0.807354986 0.29779625 -0.414624126 -0.859886171 0.296992239 -0.414507831 -0.860220244 0.297177876 -0.414428346 -0.860194429 0.202386518 -0.36401073 -0.90914019 0.201591744 -0.363647012 -0.909462269 0.201818968 -0.363633266 -0.909417369 0.119714417 -0.285617801 -0.950836963 0.118989768 -0.285005842 -0.95111151 0.119238986 -0.285076406 -0.95105915 0.0560096604 -0.183762875 -0.98137359 0.0554168557 -0.182920306 -0.981564636 0.0556633191 -0.183087965 -0.98151943 0.0164152342 -0.0646262971 -0.997774515 0.016013302 -0.0635928813 -0.997847443 0.0162272953 -0.0638592232 -0.997826976 0.00457002552 0.0641107937 -0.997932323 0.00440825852 0.0652065656 -0.99786205 0.0045595239 0.064898193 -0.997881474 0.0222826602 0.193760024 -0.980795869 0.0223671736 0.194842143 -0.980579547 0.0224471353 0.19451195 -0.980643272 0.0693263192 0.315201731 -0.94648916 0.0696787673 0.316261643 -0.946109635 0.0696611943 0.315886058 -0.946236396 0.143369571 0.419523509 -0.896351043 0.14399001 0.420470149 -0.895807865 0.143857091 0.420088886 -0.896008072 0.240058619 0.498668827 -0.832887304 0.240927945 0.499411364 -0.832191093 0.240669332 0.49906908 -0.832471217 0.353247349 0.546045311 -0.759638617 0.354323713 0.546495495 -0.758813139 0.353941088 0.546244272 -0.759172511 0.475364435 0.557055757 -0.680968089 0.476500815 0.557141549 -0.680103131 0.476072113 0.557031524 -0.680493369 0.597898657 0.529506202 -0.601781005 0.599004154 0.529223864 -0.600929384 0.598569092 0.529264269 -0.601327178 0.711972889 0.463855324 -0.527193365 0.713040821 0.463168974 -0.526352817 0.712577443 0.463401484 -0.526775524 0.80896228 0.363282052 -0.462175486 0.809893321 0.362188225 -0.46140275 0.809452721 0.362639282 -0.461821442 0.881118695 0.233562852 -0.411191245 0.881807905 0.232091914 -0.410546175 0.881452805 0.232768925 -0.410925272 0.922157156 0.0827569801 -0.377859051 0.922814702 0.063416606 -0.37998863 0.921583161 0.0865887315 -0.378400409 0.930964039 0.000107097089 -0.365110869 0.928576066 -0.0390394746 -0.369083201 0.930210337 0.0102682373 -0.366883213</float_array>
        <technique_common><accessor source="#vfx_kurp_1197-mesh-normals-array" count="876" stride="3"><param name="X" type="float"/><param name="Y" type="float"/><param name="Z" type="float"/></accessor></technique_common>
      </source>
      <source id="vfx_kurp_1197-mesh-uv0">
        <float_array id="vfx_kurp_1197-mesh-uv0-array" count="1752">-0.125 3.5 0.5 3.5 0.5 3.44342947 -0.125 3.44342947 1.125 3.5 1.125 3.44342947 0.5 3.38727927 -0.125 3.38727927 1.125 3.38727927 0.5 3.33154893 -0.125 3.33154893 1.125 3.33154893 0.5 3.27623844 -0.125 3.27623844 1.125 3.27623844 0.5 3.22134829 -0.125 3.22134829 1.125 3.22134829 0.5 3.16687775 -0.125 3.16687775 1.125 3.16687775 0.5 3.1128273 -0.125 3.1128273 1.125 3.1128273 0.5 3.05919695 -0.125 3.05919695 1.125 3.05919695 0.5 3.00598669 -0.125 3.00598669 1.125 3.00598669 0.5 2.95319605 -0.125 2.95319605 1.125 2.95319605 0.5 2.9008255 -0.125 2.9008255 1.125 2.9008255 0.5 2.84887481 -0.125 2.84887481 1.125 2.84887481 0.5 2.79734397 -0.125 2.79734397 1.125 2.79734397 0.5 2.74623346 -0.125 2.74623346 1.125 2.74623346 0.5 2.69554257 -0.125 2.69554257 1.125 2.69554257 0.5 2.64527178 -0.125 2.64527178 1.125 2.64527178 0.5 2.59542084 -0.125 2.59542084 1.125 2.59542084 0.5 2.54598975 -0.125 2.54598975 1.125 2.54598975 0.5 2.49697876 -0.125 2.49697876 1.125 2.49697876 0.5 2.44838738 -0.125 2.44838738 1.125 2.44838738 0.5 2.4002161 -0.125 2.4002161 1.125 2.4002161 0.5 2.35246468 -0.125 2.35246468 1.125 2.35246468 0.5 2.30513287 -0.125 2.30513287 1.125 2.30513287 0.5 2.25822139 -0.125 2.25822139 1.125 2.25822139 0.5 2.21172953 -0.125 2.21172953 1.125 2.21172953 0.5 2.16565752 -0.125 2.16565752 1.125 2.16565752 0.5 2.12000537 -0.125 2.12000537 1.125 2.12000537 0.5 2.07477307 -0.125 2.07477307 1.125 2.07477307 0.5 2.02996063 -0.125 2.02996063 1.125 2.02996063 0.5 1.98556781 -0.125 1.98556781 1.125 1.98556781 0.5 1.94159484 -0.125 1.94159484 1.125 1.94159484 0.5 1.8980422 -0.125 1.8980422 1.125 1.8980422 0.5 1.85490859 -0.125 1.85490859 1.125 1.85490859 0.5 1.81219506 -0.125 1.81219506 1.125 1.81219506 0.5 1.76990175 -0.125 1.76990175 1.125 1.76990175 0.5 1.72802758 -0.125 1.72802758 1.125 1.72802758 0.5 1.68657315 -0.125 1.68657315 1.125 1.68657315 0.5 1.64553905 -0.125 1.64553905 1.125 1.64553905 0.5 1.60492444 -0.125 1.60492444 1.125 1.60492444 0.5 1.56472933 -0.125 1.56472933 1.125 1.56472933 0.5 1.52495408 -0.125 1.52495408 1.125 1.52495408 0.5 1.48559833 -0.125 1.48559833 1.125 1.48559833 0.5 1.44666219 -0.125 1.44666219 1.125 1.44666219 0.5 1.40814626 -0.125 1.40814626 1.125 1.40814626 0.5 1.3700496 -0.125 1.3700496 1.125 1.3700496 0.5 1.33237219 -0.125 1.33237219 1.125 1.33237219 0.5 1.29511511 -0.125 1.29511511 1.125 1.29511511 0.5 1.2582773 -0.125 1.2582773 1.125 1.2582773 0.5 1.22185922 -0.125 1.22185922 1.125 1.22185922 0.5 1.18586087 -0.125 1.18586087 1.125 1.18586087 0.5 1.15028155 -0.125 1.15028155 1.125 1.15028155 0.5 1.11512184 -0.125 1.11512184 1.125 1.11512184 0.5 1.08038211 -0.125 1.08038211 1.125 1.08038211 0.5 1.04606164 -0.125 1.04606164 1.125 1.04606164 0.5 1.01216054 -0.125 1.01216054 1.125 1.01216054 0.5 0.978678703 -0.125 0.978678703 1.125 0.978678703 0.5 0.945616841 -0.125 0.945616841 1.125 0.945616841 0.5 0.912974119 -0.125 0.912974119 1.125 0.912974119 0.5 0.880750418 -0.125 0.880750418 1.125 0.880750418 0.5 0.84894681 -0.125 0.84894681 1.125 0.84894681 0.5 0.817562103 -0.125 0.817562103 1.125 0.817562103 0.5 0.786596775 -0.125 0.786596775 1.125 0.786596775 0.5 0.756051064 -0.125 0.756051064 1.125 0.756051064 0.5 0.725924253 -0.125 0.725924253 1.125 0.725924253 0.5 0.696216583 -0.125 0.696216583 1.125 0.696216583 0.5 0.666928172 -0.125 0.666928172 1.125 0.666928172 0.5 0.63805902 -0.125 0.63805902 1.125 0.63805902 0.5 0.609609127 -0.125 0.609609127 1.125 0.609609127 0.5 0.581578135 -0.125 0.581578135 1.125 0.581578135 0.5 0.553966284 -0.125 0.553966284 1.125 0.553966284 0.5 0.526773453 -0.125 0.526773453 1.125 0.526773453 0.5 0.5 -0.125 0.5 1.125 0.5 -0.125 3.5 0.5 3.5 0.5 3.44342947 -0.125 3.44342947 1.125 3.5 1.125 3.44342947 0.5 3.38727927 -0.125 3.38727927 1.125 3.38727927 0.5 3.33154893 -0.125 3.33154893 1.125 3.33154893 0.5 3.27623844 -0.125 3.27623844 1.125 3.27623844 0.5 3.22134829 -0.125 3.22134829 1.125 3.22134829 0.5 3.16687775 -0.125 3.16687775 1.125 3.16687775 0.5 3.1128273 -0.125 3.1128273 1.125 3.1128273 0.5 3.05919695 -0.125 3.05919695 1.125 3.05919695 0.5 3.00598669 -0.125 3.00598669 1.125 3.00598669 0.5 2.95319605 -0.125 2.95319605 1.125 2.95319605 0.5 2.9008255 -0.125 2.9008255 1.125 2.9008255 0.5 2.84887481 -0.125 2.84887481 1.125 2.84887481 0.5 2.79734397 -0.125 2.79734397 1.125 2.79734397 0.5 2.74623346 -0.125 2.74623346 1.125 2.74623346 0.5 2.69554257 -0.125 2.69554257 1.125 2.69554257 0.5 2.64527178 -0.125 2.64527178 1.125 2.64527178 0.5 2.59542084 -0.125 2.59542084 1.125 2.59542084 0.5 2.54598975 -0.125 2.54598975 1.125 2.54598975 0.5 2.49697876 -0.125 2.49697876 1.125 2.49697876 0.5 2.44838738 -0.125 2.44838738 1.125 2.44838738 0.5 2.4002161 -0.125 2.4002161 1.125 2.4002161 0.5 2.35246468 -0.125 2.35246468 1.125 2.35246468 0.5 2.30513287 -0.125 2.30513287 1.125 2.30513287 0.5 2.25822139 -0.125 2.25822139 1.125 2.25822139 0.5 2.21172953 -0.125 2.21172953 1.125 2.21172953 0.5 2.16565752 -0.125 2.16565752 1.125 2.16565752 0.5 2.12000537 -0.125 2.12000537 1.125 2.12000537 0.5 2.07477307 -0.125 2.07477307 1.125 2.07477307 0.5 2.02996063 -0.125 2.02996063 1.125 2.02996063 0.5 1.98556781 -0.125 1.98556781 1.125 1.98556781 0.5 1.94159484 -0.125 1.94159484 1.125 1.94159484 0.5 1.8980422 -0.125 1.8980422 1.125 1.8980422 0.5 1.85490859 -0.125 1.85490859 1.125 1.85490859 0.5 1.81219506 -0.125 1.81219506 1.125 1.81219506 0.5 1.76990175 -0.125 1.76990175 1.125 1.76990175 0.5 1.72802758 -0.125 1.72802758 1.125 1.72802758 0.5 1.68657315 -0.125 1.68657315 1.125 1.68657315 0.5 1.64553905 -0.125 1.64553905 1.125 1.64553905 0.5 1.60492444 -0.125 1.60492444 1.125 1.60492444 0.5 1.56472933 -0.125 1.56472933 1.125 1.56472933 0.5 1.52495408 -0.125 1.52495408 1.125 1.52495408 0.5 1.48559833 -0.125 1.48559833 1.125 1.48559833 0.5 1.44666219 -0.125 1.44666219 1.125 1.44666219 0.5 1.40814626 -0.125 1.40814626 1.125 1.40814626 0.5 1.3700496 -0.125 1.3700496 1.125 1.3700496 0.5 1.33237219 -0.125 1.33237219 1.125 1.33237219 0.5 1.29511511 -0.125 1.29511511 1.125 1.29511511 0.5 1.2582773 -0.125 1.2582773 1.125 1.2582773 0.5 1.22185922 -0.125 1.22185922 1.125 1.22185922 0.5 1.18586087 -0.125 1.18586087 1.125 1.18586087 0.5 1.15028155 -0.125 1.15028155 1.125 1.15028155 0.5 1.11512184 -0.125 1.11512184 1.125 1.11512184 0.5 1.08038211 -0.125 1.08038211 1.125 1.08038211 0.5 1.04606164 -0.125 1.04606164 1.125 1.04606164 0.5 1.01216054 -0.125 1.01216054 1.125 1.01216054 0.5 0.978678703 -0.125 0.978678703 1.125 0.978678703 0.5 0.945616841 -0.125 0.945616841 1.125 0.945616841 0.5 0.912974119 -0.125 0.912974119 1.125 0.912974119 0.5 0.880750418 -0.125 0.880750418 1.125 0.880750418 0.5 0.84894681 -0.125 0.84894681 1.125 0.84894681 0.5 0.817562103 -0.125 0.817562103 1.125 0.817562103 0.5 0.786596775 -0.125 0.786596775 1.125 0.786596775 0.5 0.756051064 -0.125 0.756051064 1.125 0.756051064 0.5 0.725924253 -0.125 0.725924253 1.125 0.725924253 0.5 0.696216583 -0.125 0.696216583 1.125 0.696216583 0.5 0.666928172 -0.125 0.666928172 1.125 0.666928172 0.5 0.63805902 -0.125 0.63805902 1.125 0.63805902 0.5 0.609609127 -0.125 0.609609127 1.125 0.609609127 0.5 0.581578135 -0.125 0.581578135 1.125 0.581578135 0.5 0.553966284 -0.125 0.553966284 1.125 0.553966284 0.5 0.526773453 -0.125 0.526773453 1.125 0.526773453 0.5 0.5 -0.125 0.5 1.125 0.5 -0.125 3.5 0.5 3.5 0.5 3.44342947 -0.125 3.44342947 1.125 3.5 1.125 3.44342947 0.5 3.38727927 -0.125 3.38727927 1.125 3.38727927 0.5 3.33154893 -0.125 3.33154893 1.125 3.33154893 0.5 3.27623844 -0.125 3.27623844 1.125 3.27623844 0.5 3.22134829 -0.125 3.22134829 1.125 3.22134829 0.5 3.16687775 -0.125 3.16687775 1.125 3.16687775 0.5 3.1128273 -0.125 3.1128273 1.125 3.1128273 0.5 3.05919695 -0.125 3.05919695 1.125 3.05919695 0.5 3.00598669 -0.125 3.00598669 1.125 3.00598669 0.5 2.95319605 -0.125 2.95319605 1.125 2.95319605 0.5 2.9008255 -0.125 2.9008255 1.125 2.9008255 0.5 2.84887481 -0.125 2.84887481 1.125 2.84887481 0.5 2.79734397 -0.125 2.79734397 1.125 2.79734397 0.5 2.74623346 -0.125 2.74623346 1.125 2.74623346 0.5 2.69554257 -0.125 2.69554257 1.125 2.69554257 0.5 2.64527178 -0.125 2.64527178 1.125 2.64527178 0.5 2.59542084 -0.125 2.59542084 1.125 2.59542084 0.5 2.54598975 -0.125 2.54598975 1.125 2.54598975 0.5 2.49697876 -0.125 2.49697876 1.125 2.49697876 0.5 2.44838738 -0.125 2.44838738 1.125 2.44838738 0.5 2.4002161 -0.125 2.4002161 1.125 2.4002161 0.5 2.35246468 -0.125 2.35246468 1.125 2.35246468 0.5 2.30513287 -0.125 2.30513287 1.125 2.30513287 0.5 2.25822139 -0.125 2.25822139 1.125 2.25822139 0.5 2.21172953 -0.125 2.21172953 1.125 2.21172953 0.5 2.16565752 -0.125 2.16565752 1.125 2.16565752 0.5 2.12000537 -0.125 2.12000537 1.125 2.12000537 0.5 2.07477307 -0.125 2.07477307 1.125 2.07477307 0.5 2.02996063 -0.125 2.02996063 1.125 2.02996063 0.5 1.98556781 -0.125 1.98556781 1.125 1.98556781 0.5 1.94159484 -0.125 1.94159484 1.125 1.94159484 0.5 1.8980422 -0.125 1.8980422 1.125 1.8980422 0.5 1.85490859 -0.125 1.85490859 1.125 1.85490859 0.5 1.81219506 -0.125 1.81219506 1.125 1.81219506 0.5 1.76990175 -0.125 1.76990175 1.125 1.76990175 0.5 1.72802758 -0.125 1.72802758 1.125 1.72802758 0.5 1.68657315 -0.125 1.68657315 1.125 1.68657315 0.5 1.64553905 -0.125 1.64553905 1.125 1.64553905 0.5 1.60492444 -0.125 1.60492444 1.125 1.60492444 0.5 1.56472933 -0.125 1.56472933 1.125 1.56472933 0.5 1.52495408 -0.125 1.52495408 1.125 1.52495408 0.5 1.48559833 -0.125 1.48559833 1.125 1.48559833 0.5 1.44666219 -0.125 1.44666219 1.125 1.44666219 0.5 1.40814626 -0.125 1.40814626 1.125 1.40814626 0.5 1.3700496 -0.125 1.3700496 1.125 1.3700496 0.5 1.33237219 -0.125 1.33237219 1.125 1.33237219 0.5 1.29511511 -0.125 1.29511511 1.125 1.29511511 0.5 1.2582773 -0.125 1.2582773 1.125 1.2582773 0.5 1.22185922 -0.125 1.22185922 1.125 1.22185922 0.5 1.18586087 -0.125 1.18586087 1.125 1.18586087 0.5 1.15028155 -0.125 1.15028155 1.125 1.15028155 0.5 1.11512184 -0.125 1.11512184 1.125 1.11512184 0.5 1.08038211 -0.125 1.08038211 1.125 1.08038211 0.5 1.04606164 -0.125 1.04606164 1.125 1.04606164 0.5 1.01216054 -0.125 1.01216054 1.125 1.01216054 0.5 0.978678703 -0.125 0.978678703 1.125 0.978678703 0.5 0.945616841 -0.125 0.945616841 1.125 0.945616841 0.5 0.912974119 -0.125 0.912974119 1.125 0.912974119 0.5 0.880750418 -0.125 0.880750418 1.125 0.880750418 0.5 0.84894681 -0.125 0.84894681 1.125 0.84894681 0.5 0.817562103 -0.125 0.817562103 1.125 0.817562103 0.5 0.786596775 -0.125 0.786596775 1.125 0.786596775 0.5 0.756051064 -0.125 0.756051064 1.125 0.756051064 0.5 0.725924253 -0.125 0.725924253 1.125 0.725924253 0.5 0.696216583 -0.125 0.696216583 1.125 0.696216583 0.5 0.666928172 -0.125 0.666928172 1.125 0.666928172 0.5 0.63805902 -0.125 0.63805902 1.125 0.63805902 0.5 0.609609127 -0.125 0.609609127 1.125 0.609609127 0.5 0.581578135 -0.125 0.581578135 1.125 0.581578135 0.5 0.553966284 -0.125 0.553966284 1.125 0.553966284 0.5 0.526773453 -0.125 0.526773453 1.125 0.526773453 0.5 0.5 -0.125 0.5 1.125 0.5 -0.125 3.5 0.5 3.5 0.5 3.44342947 -0.125 3.44342947 1.125 3.5 1.125 3.44342947 0.5 3.38727927 -0.125 3.38727927 1.125 3.38727927 0.5 3.33154893 -0.125 3.33154893 1.125 3.33154893 0.5 3.27623844 -0.125 3.27623844 1.125 3.27623844 0.5 3.22134829 -0.125 3.22134829 1.125 3.22134829 0.5 3.16687775 -0.125 3.16687775 1.125 3.16687775 0.5 3.1128273 -0.125 3.1128273 1.125 3.1128273 0.5 3.05919695 -0.125 3.05919695 1.125 3.05919695 0.5 3.00598669 -0.125 3.00598669 1.125 3.00598669 0.5 2.95319605 -0.125 2.95319605 1.125 2.95319605 0.5 2.9008255 -0.125 2.9008255 1.125 2.9008255 0.5 2.84887481 -0.125 2.84887481 1.125 2.84887481 0.5 2.79734397 -0.125 2.79734397 1.125 2.79734397 0.5 2.74623346 -0.125 2.74623346 1.125 2.74623346 0.5 2.69554257 -0.125 2.69554257 1.125 2.69554257 0.5 2.64527178 -0.125 2.64527178 1.125 2.64527178 0.5 2.59542084 -0.125 2.59542084 1.125 2.59542084 0.5 2.54598975 -0.125 2.54598975 1.125 2.54598975 0.5 2.49697876 -0.125 2.49697876 1.125 2.49697876 0.5 2.44838738 -0.125 2.44838738 1.125 2.44838738 0.5 2.4002161 -0.125 2.4002161 1.125 2.4002161 0.5 2.35246468 -0.125 2.35246468 1.125 2.35246468 0.5 2.30513287 -0.125 2.30513287 1.125 2.30513287 0.5 2.25822139 -0.125 2.25822139 1.125 2.25822139 0.5 2.21172953 -0.125 2.21172953 1.125 2.21172953 0.5 2.16565752 -0.125 2.16565752 1.125 2.16565752 0.5 2.12000537 -0.125 2.12000537 1.125 2.12000537 0.5 2.07477307 -0.125 2.07477307 1.125 2.07477307 0.5 2.02996063 -0.125 2.02996063 1.125 2.02996063 0.5 1.98556781 -0.125 1.98556781 1.125 1.98556781 0.5 1.94159484 -0.125 1.94159484 1.125 1.94159484 0.5 1.8980422 -0.125 1.8980422 1.125 1.8980422 0.5 1.85490859 -0.125 1.85490859 1.125 1.85490859 0.5 1.81219506 -0.125 1.81219506 1.125 1.81219506 0.5 1.76990175 -0.125 1.76990175 1.125 1.76990175 0.5 1.72802758 -0.125 1.72802758 1.125 1.72802758 0.5 1.68657315 -0.125 1.68657315 1.125 1.68657315 0.5 1.64553905 -0.125 1.64553905 1.125 1.64553905 0.5 1.60492444 -0.125 1.60492444 1.125 1.60492444 0.5 1.56472933 -0.125 1.56472933 1.125 1.56472933 0.5 1.52495408 -0.125 1.52495408 1.125 1.52495408 0.5 1.48559833 -0.125 1.48559833 1.125 1.48559833 0.5 1.44666219 -0.125 1.44666219 1.125 1.44666219 0.5 1.40814626 -0.125 1.40814626 1.125 1.40814626 0.5 1.3700496 -0.125 1.3700496 1.125 1.3700496 0.5 1.33237219 -0.125 1.33237219 1.125 1.33237219 0.5 1.29511511 -0.125 1.29511511 1.125 1.29511511 0.5 1.2582773 -0.125 1.2582773 1.125 1.2582773 0.5 1.22185922 -0.125 1.22185922 1.125 1.22185922 0.5 1.18586087 -0.125 1.18586087 1.125 1.18586087 0.5 1.15028155 -0.125 1.15028155 1.125 1.15028155 0.5 1.11512184 -0.125 1.11512184 1.125 1.11512184 0.5 1.08038211 -0.125 1.08038211 1.125 1.08038211 0.5 1.04606164 -0.125 1.04606164 1.125 1.04606164 0.5 1.01216054 -0.125 1.01216054 1.125 1.01216054 0.5 0.978678703 -0.125 0.978678703 1.125 0.978678703 0.5 0.945616841 -0.125 0.945616841 1.125 0.945616841 0.5 0.912974119 -0.125 0.912974119 1.125 0.912974119 0.5 0.880750418 -0.125 0.880750418 1.125 0.880750418 0.5 0.84894681 -0.125 0.84894681 1.125 0.84894681 0.5 0.817562103 -0.125 0.817562103 1.125 0.817562103 0.5 0.786596775 -0.125 0.786596775 1.125 0.786596775 0.5 0.756051064 -0.125 0.756051064 1.125 0.756051064 0.5 0.725924253 -0.125 0.725924253 1.125 0.725924253 0.5 0.696216583 -0.125 0.696216583 1.125 0.696216583 0.5 0.666928172 -0.125 0.666928172 1.125 0.666928172 0.5 0.63805902 -0.125 0.63805902 1.125 0.63805902 0.5 0.609609127 -0.125 0.609609127 1.125 0.609609127 0.5 0.581578135 -0.125 0.581578135 1.125 0.581578135 0.5 0.553966284 -0.125 0.553966284 1.125 0.553966284 0.5 0.526773453 -0.125 0.526773453 1.125 0.526773453 0.5 0.5 -0.125 0.5 1.125 0.5</float_array>
        <technique_common><accessor source="#vfx_kurp_1197-mesh-uv0-array" count="876" stride="2"><param name="S" type="float"/><param name="T" type="float"/></accessor></technique_common>
      </source>
      <vertices id="vfx_kurp_1197-mesh-vertices"><input semantic="POSITION" source="#vfx_kurp_1197-mesh-positions"/></vertices>
      <triangles material="PreviewMaterial" count="1152">
        <input semantic="VERTEX" source="#vfx_kurp_1197-mesh-vertices" offset="0"/>
        <input semantic="NORMAL" source="#vfx_kurp_1197-mesh-normals" offset="1"/>
        <input semantic="TEXCOORD" source="#vfx_kurp_1197-mesh-uv0" offset="2" set="0"/>
        <p>0 0 0 1 1 1 2 2 2 2 2 2 3 3 3 0 0 0 1 1 1 4 4 4 5 5 5 5 5 5 2 2 2 1 1 1 3 3 3 2 2 2 6 6 6 6 6 6 7 7 7 3 3 3 2 2 2 5 5 5 8 8 8 8 8 8 6 6 6 2 2 2 7 7 7 6 6 6 9 9 9 9 9 9 10 10 10 7 7 7 6 6 6 8 8 8 11 11 11 11 11 11 9 9 9 6 6 6 10 10 10 9 9 9 12 12 12 12 12 12 13 13 13 10 10 10 9 9 9 11 11 11 14 14 14 14 14 14 12 12 12 9 9 9 13 13 13 12 12 12 15 15 15 15 15 15 16 16 16 13 13 13 12 12 12 14 14 14 17 17 17 17 17 17 15 15 15 12 12 12 16 16 16 15 15 15 18 18 18 18 18 18 19 19 19 16 16 16 15 15 15 17 17 17 20 20 20 20 20 20 18 18 18 15 15 15 19 19 19 18 18 18 21 21 21 21 21 21 22 22 22 19 19 19 18 18 18 20 20 20 23 23 23 23 23 23 21 21 21 18 18 18 22 22 22 21 21 21 24 24 24 24 24 24 25 25 25 22 22 22 21 21 21 23 23 23 26 26 26 26 26 26 24 24 24 21 21 21 25 25 25 24 24 24 27 27 27 27 27 27 28 28 28 25 25 25 24 24 24 26 26 26 29 29 29 29 29 29 27 27 27 24 24 24 28 28 28 27 27 27 30 30 30 30 30 30 31 31 31 28 28 28 27 27 27 29 29 29 32 32 32 32 32 32 30 30 30 27 27 27 31 31 31 30 30 30 33 33 33 33 33 33 34 34 34 31 31 31 30 30 30 32 32 32 35 35 35 35 35 35 33 33 33 30 30 30 34 34 34 33 33 33 36 36 36 36 36 36 37 37 37 34 34 34 33 33 33 35 35 35 38 38 38 38 38 38 36 36 36 33 33 33 37 37 37 36 36 36 39 39 39 39 39 39 40 40 40 37 37 37 36 36 36 38 38 38 41 41 41 41 41 41 39 39 39 36 36 36 40 40 40 39 39 39 42 42 42 42 42 42 43 43 43 40 40 40 39 39 39 41 41 41 44 44 44 44 44 44 42 42 42 39 39 39 43 43 43 42 42 42 45 45 45 45 45 45 46 46 46 43 43 43 42 42 42 44 44 44 47 47 47 47 47 47 45 45 45 42 42 42 46 46 46 45 45 45 48 48 48 48 48 48 49 49 49 46 46 46 45 45 45 47 47 47 50 50 50 50 50 50 48 48 48 45 45 45 49 49 49 48 48 48 51 51 51 51 51 51 52 52 52 49 49 49 48 48 48 50 50 50 53 53 53 53 53 53 51 51 51 48 48 48 52 52 52 51 51 51 54 54 54 54 54 54 55 55 55 52 52 52 51 51 51 53 53 53 56 56 56 56 56 56 54 54 54 51 51 51 55 55 55 54 54 54 57 57 57 57 57 57 58 58 58 55 55 55 54 54 54 56 56 56 59 59 59 59 59 59 57 57 57 54 54 54 58 58 58 57 57 57 60 60 60 60 60 60 61 61 61 58 58 58 57 57 57 59 59 59 62 62 62 62 62 62 60 60 60 57 57 57 61 61 61 60 60 60 63 63 63 63 63 63 64 64 64 61 61 61 60 60 60 62 62 62 65 65 65 65 65 65 63 63 63 60 60 60 64 64 64 63 63 63 66 66 66 66 66 66 67 67 67 64 64 64 63 63 63 65 65 65 68 68 68 68 68 68 66 66 66 63 63 63 67 67 67 66 66 66 69 69 69 69 69 69 70 70 70 67 67 67 66 66 66 68 68 68 71 71 71 71 71 71 69 69 69 66 66 66 70 70 70 69 69 69 72 72 72 72 72 72 73 73 73 70 70 70 69 69 69 71 71 71 74 74 74 74 74 74 72 72 72 69 69 69 73 73 73 72 72 72 75 75 75 75 75 75 76 76 76 73 73 73 72 72 72 74 74 74 77 77 77 77 77 77 75 75 75 72 72 72 76 76 76 75 75 75 78 78 78 78 78 78 79 79 79 76 76 76 75 75 75 77 77 77 80 80 80 80 80 80 78 78 78 75 75 75 79 79 79 78 78 78 81 81 81 81 81 81 82 82 82 79 79 79 78 78 78 80 80 80 83 83 83 83 83 83 81 81 81 78 78 78 82 82 82 81 81 81 84 84 84 84 84 84 85 85 85 82 82 82 81 81 81 83 83 83 86 86 86 86 86 86 84 84 84 81 81 81 85 85 85 84 84 84 87 87 87 87 87 87 88 88 88 85 85 85 84 84 84 86 86 86 89 89 89 89 89 89 87 87 87 84 84 84 88 88 88 87 87 87 90 90 90 90 90 90 91 91 91 88 88 88 87 87 87 89 89 89 92 92 92 92 92 92 90 90 90 87 87 87 91 91 91 90 90 90 93 93 93 93 93 93 94 94 94 91 91 91 90 90 90 92 92 92 95 95 95 95 95 95 93 93 93 90 90 90 94 94 94 93 93 93 96 96 96 96 96 96 97 97 97 94 94 94 93 93 93 95 95 95 98 98 98 98 98 98 96 96 96 93 93 93 97 97 97 96 96 96 99 99 99 99 99 99 100 100 100 97 97 97 96 96 96 98 98 98 101 101 101 101 101 101 99 99 99 96 96 96 100 100 100 99 99 99 102 102 102 102 102 102 103 103 103 100 100 100 99 99 99 101 101 101 104 104 104 104 104 104 102 102 102 99 99 99 103 103 103 102 102 102 105 105 105 105 105 105 106 106 106 103 103 103 102 102 102 104 104 104 107 107 107 107 107 107 105 105 105 102 102 102 106 106 106 105 105 105 108 108 108 108 108 108 109 109 109 106 106 106 105 105 105 107 107 107 110 110 110 110 110 110 108 108 108 105 105 105 109 109 109 108 108 108 111 111 111 111 111 111 112 112 112 109 109 109 108 108 108 110 110 110 113 113 113 113 113 113 111 111 111 108 108 108 112 112 112 111 111 111 114 114 114 114 114 114 115 115 115 112 112 112 111 111 111 113 113 113 116 116 116 116 116 116 114 114 114 111 111 111 115 115 115 114 114 114 117 117 117 117 117 117 118 118 118 115 115 115 114 114 114 116 116 116 119 119 119 119 119 119 117 117 117 114 114 114 118 118 118 117 117 117 120 120 120 120 120 120 121 121 121 118 118 118 117 117 117 119 119 119 122 122 122 122 122 122 120 120 120 117 117 117 121 121 121 120 120 120 123 123 123 123 123 123 124 124 124 121 121 121 120 120 120 122 122 122 125 125 125 125 125 125 123 123 123 120 120 120 124 124 124 123 123 123 126 126 126 126 126 126 127 127 127 124 124 124 123 123 123 125 125 125 128 128 128 128 128 128 126 126 126 123 123 123 127 127 127 126 126 126 129 129 129 129 129 129 130 130 130 127 127 127 126 126 126 128 128 128 131 131 131 131 131 131 129 129 129 126 126 126 130 130 130 129 129 129 132 132 132 132 132 132 133 133 133 130 130 130 129 129 129 131 131 131 134 134 134 134 134 134 132 132 132 129 129 129 133 133 133 132 132 132 135 135 135 135 135 135 136 136 136 133 133 133 132 132 132 134 134 134 137 137 137 137 137 137 135 135 135 132 132 132 136 136 136 135 135 135 138 138 138 138 138 138 139 139 139 136 136 136 135 135 135 137 137 137 140 140 140 140 140 140 138 138 138 135 135 135 139 139 139 138 138 138 141 141 141 141 141 141 142 142 142 139 139 139 138 138 138 140 140 140 143 143 143 143 143 143 141 141 141 138 138 138 142 142 142 141 141 141 144 144 144 144 144 144 145 145 145 142 142 142 141 141 141 143 143 143 146 146 146 146 146 146 144 144 144 141 141 141 145 145 145 144 144 144 147 147 147 147 147 147 148 148 148 145 145 145 144 144 144 146 146 146 149 149 149 149 149 149 147 147 147 144 144 144 148 148 148 147 147 147 150 150 150 150 150 150 151 151 151 148 148 148 147 147 147 149 149 149 152 152 152 152 152 152 150 150 150 147 147 147 151 151 151 150 150 150 153 153 153 153 153 153 154 154 154 151 151 151 150 150 150 152 152 152 155 155 155 155 155 155 153 153 153 150 150 150 154 154 154 153 153 153 156 156 156 156 156 156 157 157 157 154 154 154 153 153 153 155 155 155 158 158 158 158 158 158 156 156 156 153 153 153 157 157 157 156 156 156 159 159 159 159 159 159 160 160 160 157 157 157 156 156 156 158 158 158 161 161 161 161 161 161 159 159 159 156 156 156 160 160 160 159 159 159 162 162 162 162 162 162 163 163 163 160 160 160 159 159 159 161 161 161 164 164 164 164 164 164 162 162 162 159 159 159 163 163 163 162 162 162 165 165 165 165 165 165 166 166 166 163 163 163 162 162 162 164 164 164 167 167 167 167 167 167 165 165 165 162 162 162 166 166 166 165 165 165 168 168 168 168 168 168 169 169 169 166 166 166 165 165 165 167 167 167 170 170 170 170 170 170 168 168 168 165 165 165 169 169 169 168 168 168 171 171 171 171 171 171 172 172 172 169 169 169 168 168 168 170 170 170 173 173 173 173 173 173 171 171 171 168 168 168 172 172 172 171 171 171 174 174 174 174 174 174 175 175 175 172 172 172 171 171 171 173 173 173 176 176 176 176 176 176 174 174 174 171 171 171 175 175 175 174 174 174 177 177 177 177 177 177 178 178 178 175 175 175 174 174 174 176 176 176 179 179 179 179 179 179 177 177 177 174 174 174 178 178 178 177 177 177 180 180 180 180 180 180 181 181 181 178 178 178 177 177 177 179 179 179 182 182 182 182 182 182 180 180 180 177 177 177 181 181 181 180 180 180 183 183 183 183 183 183 184 184 184 181 181 181 180 180 180 182 182 182 185 185 185 185 185 185 183 183 183 180 180 180 184 184 184 183 183 183 186 186 186 186 186 186 187 187 187 184 184 184 183 183 183 185 185 185 188 188 188 188 188 188 186 186 186 183 183 183 187 187 187 186 186 186 189 189 189 189 189 189 190 190 190 187 187 187 186 186 186 188 188 188 191 191 191 191 191 191 189 189 189 186 186 186 190 190 190 189 189 189 192 192 192 192 192 192 193 193 193 190 190 190 189 189 189 191 191 191 194 194 194 194 194 194 192 192 192 189 189 189 193 193 193 192 192 192 195 195 195 195 195 195 196 196 196 193 193 193 192 192 192 194 194 194 197 197 197 197 197 197 195 195 195 192 192 192 196 196 196 195 195 195 198 198 198 198 198 198 199 199 199 196 196 196 195 195 195 197 197 197 200 200 200 200 200 200 198 198 198 195 195 195 199 199 199 198 198 198 201 201 201 201 201 201 202 202 202 199 199 199 198 198 198 200 200 200 203 203 203 203 203 203 201 201 201 198 198 198 202 202 202 201 201 201 204 204 204 204 204 204 205 205 205 202 202 202 201 201 201 203 203 203 206 206 206 206 206 206 204 204 204 201 201 201 205 205 205 204 204 204 207 207 207 207 207 207 208 208 208 205 205 205 204 204 204 206 206 206 209 209 209 209 209 209 207 207 207 204 204 204 208 208 208 207 207 207 210 210 210 210 210 210 211 211 211 208 208 208 207 207 207 209 209 209 212 212 212 212 212 212 210 210 210 207 207 207 211 211 211 210 210 210 213 213 213 213 213 213 214 214 214 211 211 211 210 210 210 212 212 212 215 215 215 215 215 215 213 213 213 210 210 210 214 214 214 213 213 213 216 216 216 216 216 216 217 217 217 214 214 214 213 213 213 215 215 215 218 218 218 218 218 218 216 216 216 213 213 213 219 219 219 220 220 220 221 221 221 221 221 221 222 222 222 219 219 219 220 220 220 223 223 223 224 224 224 224 224 224 221 221 221 220 220 220 222 222 222 221 221 221 225 225 225 225 225 225 226 226 226 222 222 222 221 221 221 224 224 224 227 227 227 227 227 227 225 225 225 221 221 221 226 226 226 225 225 225 228 228 228 228 228 228 229 229 229 226 226 226 225 225 225 227 227 227 230 230 230 230 230 230 228 228 228 225 225 225 229 229 229 228 228 228 231 231 231 231 231 231 232 232 232 229 229 229 228 228 228 230 230 230 233 233 233 233 233 233 231 231 231 228 228 228 232 232 232 231 231 231 234 234 234 234 234 234 235 235 235 232 232 232 231 231 231 233 233 233 236 236 236 236 236 236 234 234 234 231 231 231 235 235 235 234 234 234 237 237 237 237 237 237 238 238 238 235 235 235 234 234 234 236 236 236 239 239 239 239 239 239 237 237 237 234 234 234 238 238 238 237 237 237 240 240 240 240 240 240 241 241 241 238 238 238 237 237 237 239 239 239 242 242 242 242 242 242 240 240 240 237 237 237 241 241 241 240 240 240 243 243 243 243 243 243 244 244 244 241 241 241 240 240 240 242 242 242 245 245 245 245 245 245 243 243 243 240 240 240 244 244 244 243 243 243 246 246 246 246 246 246 247 247 247 244 244 244 243 243 243 245 245 245 248 248 248 248 248 248 246 246 246 243 243 243 247 247 247 246 246 246 249 249 249 249 249 249 250 250 250 247 247 247 246 246 246 248 248 248 251 251 251 251 251 251 249 249 249 246 246 246 250 250 250 249 249 249 252 252 252 252 252 252 253 253 253 250 250 250 249 249 249 251 251 251 254 254 254 254 254 254 252 252 252 249 249 249 253 253 253 252 252 252 255 255 255 255 255 255 256 256 256 253 253 253 252 252 252 254 254 254 257 257 257 257 257 257 255 255 255 252 252 252 256 256 256 255 255 255 258 258 258 258 258 258 259 259 259 256 256 256 255 255 255 257 257 257 260 260 260 260 260 260 258 258 258 255 255 255 259 259 259 258 258 258 261 261 261 261 261 261 262 262 262 259 259 259 258 258 258 260 260 260 263 263 263 263 263 263 261 261 261 258 258 258 262 262 262 261 261 261 264 264 264 264 264 264 265 265 265 262 262 262 261 261 261 263 263 263 266 266 266 266 266 266 264 264 264 261 261 261 265 265 265 264 264 264 267 267 267 267 267 267 268 268 268 265 265 265 264 264 264 266 266 266 269 269 269 269 269 269 267 267 267 264 264 264 268 268 268 267 267 267 270 270 270 270 270 270 271 271 271 268 268 268 267 267 267 269 269 269 272 272 272 272 272 272 270 270 270 267 267 267 271 271 271 270 270 270 273 273 273 273 273 273 274 274 274 271 271 271 270 270 270 272 272 272 275 275 275 275 275 275 273 273 273 270 270 270 274 274 274 273 273 273 276 276 276 276 276 276 277 277 277 274 274 274 273 273 273 275 275 275 278 278 278 278 278 278 276 276 276 273 273 273 277 277 277 276 276 276 279 279 279 279 279 279 280 280 280 277 277 277 276 276 276 278 278 278 281 281 281 281 281 281 279 279 279 276 276 276 280 280 280 279 279 279 282 282 282 282 282 282 283 283 283 280 280 280 279 279 279 281 281 281 284 284 284 284 284 284 282 282 282 279 279 279 283 283 283 282 282 282 285 285 285 285 285 285 286 286 286 283 283 283 282 282 282 284 284 284 287 287 287 287 287 287 285 285 285 282 282 282 286 286 286 285 285 285 288 288 288 288 288 288 289 289 289 286 286 286 285 285 285 287 287 287 290 290 290 290 290 290 288 288 288 285 285 285 289 289 289 288 288 288 291 291 291 291 291 291 292 292 292 289 289 289 288 288 288 290 290 290 293 293 293 293 293 293 291 291 291 288 288 288 292 292 292 291 291 291 294 294 294 294 294 294 295 295 295 292 292 292 291 291 291 293 293 293 296 296 296 296 296 296 294 294 294 291 291 291 295 295 295 294 294 294 297 297 297 297 297 297 298 298 298 295 295 295 294 294 294 296 296 296 299 299 299 299 299 299 297 297 297 294 294 294 298 298 298 297 297 297 300 300 300 300 300 300 301 301 301 298 298 298 297 297 297 299 299 299 302 302 302 302 302 302 300 300 300 297 297 297 301 301 301 300 300 300 303 303 303 303 303 303 304 304 304 301 301 301 300 300 300 302 302 302 305 305 305 305 305 305 303 303 303 300 300 300 304 304 304 303 303 303 306 306 306 306 306 306 307 307 307 304 304 304 303 303 303 305 305 305 308 308 308 308 308 308 306 306 306 303 303 303 307 307 307 306 306 306 309 309 309 309 309 309 310 310 310 307 307 307 306 306 306 308 308 308 311 311 311 311 311 311 309 309 309 306 306 306 310 310 310 309 309 309 312 312 312 312 312 312 313 313 313 310 310 310 309 309 309 311 311 311 314 314 314 314 314 314 312 312 312 309 309 309 313 313 313 312 312 312 315 315 315 315 315 315 316 316 316 313 313 313 312 312 312 314 314 314 317 317 317 317 317 317 315 315 315 312 312 312 316 316 316 315 315 315 318 318 318 318 318 318 319 319 319 316 316 316 315 315 315 317 317 317 320 320 320 320 320 320 318 318 318 315 315 315 319 319 319 318 318 318 321 321 321 321 321 321 322 322 322 319 319 319 318 318 318 320 320 320 323 323 323 323 323 323 321 321 321 318 318 318 322 322 322 321 321 321 324 324 324 324 324 324 325 325 325 322 322 322 321 321 321 323 323 323 326 326 326 326 326 326 324 324 324 321 321 321 325 325 325 324 324 324 327 327 327 327 327 327 328 328 328 325 325 325 324 324 324 326 326 326 329 329 329 329 329 329 327 327 327 324 324 324 328 328 328 327 327 327 330 330 330 330 330 330 331 331 331 328 328 328 327 327 327 329 329 329 332 332 332 332 332 332 330 330 330 327 327 327 331 331 331 330 330 330 333 333 333 333 333 333 334 334 334 331 331 331 330 330 330 332 332 332 335 335 335 335 335 335 333 333 333 330 330 330 334 334 334 333 333 333 336 336 336 336 336 336 337 337 337 334 334 334 333 333 333 335 335 335 338 338 338 338 338 338 336 336 336 333 333 333 337 337 337 336 336 336 339 339 339 339 339 339 340 340 340 337 337 337 336 336 336 338 338 338 341 341 341 341 341 341 339 339 339 336 336 336 340 340 340 339 339 339 342 342 342 342 342 342 343 343 343 340 340 340 339 339 339 341 341 341 344 344 344 344 344 344 342 342 342 339 339 339 343 343 343 342 342 342 345 345 345 345 345 345 346 346 346 343 343 343 342 342 342 344 344 344 347 347 347 347 347 347 345 345 345 342 342 342 346 346 346 345 345 345 348 348 348 348 348 348 349 349 349 346 346 346 345 345 345 347 347 347 350 350 350 350 350 350 348 348 348 345 345 345 349 349 349 348 348 348 351 351 351 351 351 351 352 352 352 349 349 349 348 348 348 350 350 350 353 353 353 353 353 353 351 351 351 348 348 348 352 352 352 351 351 351 354 354 354 354 354 354 355 355 355 352 352 352 351 351 351 353 353 353 356 356 356 356 356 356 354 354 354 351 351 351 355 355 355 354 354 354 357 357 357 357 357 357 358 358 358 355 355 355 354 354 354 356 356 356 359 359 359 359 359 359 357 357 357 354 354 354 358 358 358 357 357 357 360 360 360 360 360 360 361 361 361 358 358 358 357 357 357 359 359 359 362 362 362 362 362 362 360 360 360 357 357 357 361 361 361 360 360 360 363 363 363 363 363 363 364 364 364 361 361 361 360 360 360 362 362 362 365 365 365 365 365 365 363 363 363 360 360 360 364 364 364 363 363 363 366 366 366 366 366 366 367 367 367 364 364 364 363 363 363 365 365 365 368 368 368 368 368 368 366 366 366 363 363 363 367 367 367 366 366 366 369 369 369 369 369 369 370 370 370 367 367 367 366 366 366 368 368 368 371 371 371 371 371 371 369 369 369 366 366 366 370 370 370 369 369 369 372 372 372 372 372 372 373 373 373 370 370 370 369 369 369 371 371 371 374 374 374 374 374 374 372 372 372 369 369 369 373 373 373 372 372 372 375 375 375 375 375 375 376 376 376 373 373 373 372 372 372 374 374 374 377 377 377 377 377 377 375 375 375 372 372 372 376 376 376 375 375 375 378 378 378 378 378 378 379 379 379 376 376 376 375 375 375 377 377 377 380 380 380 380 380 380 378 378 378 375 375 375 379 379 379 378 378 378 381 381 381 381 381 381 382 382 382 379 379 379 378 378 378 380 380 380 383 383 383 383 383 383 381 381 381 378 378 378 382 382 382 381 381 381 384 384 384 384 384 384 385 385 385 382 382 382 381 381 381 383 383 383 386 386 386 386 386 386 384 384 384 381 381 381 385 385 385 384 384 384 387 387 387 387 387 387 388 388 388 385 385 385 384 384 384 386 386 386 389 389 389 389 389 389 387 387 387 384 384 384 388 388 388 387 387 387 390 390 390 390 390 390 391 391 391 388 388 388 387 387 387 389 389 389 392 392 392 392 392 392 390 390 390 387 387 387 391 391 391 390 390 390 393 393 393 393 393 393 394 394 394 391 391 391 390 390 390 392 392 392 395 395 395 395 395 395 393 393 393 390 390 390 394 394 394 393 393 393 396 396 396 396 396 396 397 397 397 394 394 394 393 393 393 395 395 395 398 398 398 398 398 398 396 396 396 393 393 393 397 397 397 396 396 396 399 399 399 399 399 399 400 400 400 397 397 397 396 396 396 398 398 398 401 401 401 401 401 401 399 399 399 396 396 396 400 400 400 399 399 399 402 402 402 402 402 402 403 403 403 400 400 400 399 399 399 401 401 401 404 404 404 404 404 404 402 402 402 399 399 399 403 403 403 402 402 402 405 405 405 405 405 405 406 406 406 403 403 403 402 402 402 404 404 404 407 407 407 407 407 407 405 405 405 402 402 402 406 406 406 405 405 405 408 408 408 408 408 408 409 409 409 406 406 406 405 405 405 407 407 407 410 410 410 410 410 410 408 408 408 405 405 405 409 409 409 408 408 408 411 411 411 411 411 411 412 412 412 409 409 409 408 408 408 410 410 410 413 413 413 413 413 413 411 411 411 408 408 408 412 412 412 411 411 411 414 414 414 414 414 414 415 415 415 412 412 412 411 411 411 413 413 413 416 416 416 416 416 416 414 414 414 411 411 411 415 415 415 414 414 414 417 417 417 417 417 417 418 418 418 415 415 415 414 414 414 416 416 416 419 419 419 419 419 419 417 417 417 414 414 414 418 418 418 417 417 417 420 420 420 420 420 420 421 421 421 418 418 418 417 417 417 419 419 419 422 422 422 422 422 422 420 420 420 417 417 417 421 421 421 420 420 420 423 423 423 423 423 423 424 424 424 421 421 421 420 420 420 422 422 422 425 425 425 425 425 425 423 423 423 420 420 420 424 424 424 423 423 423 426 426 426 426 426 426 427 427 427 424 424 424 423 423 423 425 425 425 428 428 428 428 428 428 426 426 426 423 423 423 427 427 427 426 426 426 429 429 429 429 429 429 430 430 430 427 427 427 426 426 426 428 428 428 431 431 431 431 431 431 429 429 429 426 426 426 430 430 430 429 429 429 432 432 432 432 432 432 433 433 433 430 430 430 429 429 429 431 431 431 434 434 434 434 434 434 432 432 432 429 429 429 433 433 433 432 432 432 435 435 435 435 435 435 436 436 436 433 433 433 432 432 432 434 434 434 437 437 437 437 437 437 435 435 435 432 432 432 438 438 438 439 439 439 440 440 440 440 440 440 441 441 441 438 438 438 439 439 439 442 442 442 443 443 443 443 443 443 440 440 440 439 439 439 441 441 441 440 440 440 444 444 444 444 444 444 445 445 445 441 441 441 440 440 440 443 443 443 446 446 446 446 446 446 444 444 444 440 440 440 445 445 445 444 444 444 447 447 447 447 447 447 448 448 448 445 445 445 444 444 444 446 446 446 449 449 449 449 449 449 447 447 447 444 444 444 448 448 448 447 447 447 450 450 450 450 450 450 451 451 451 448 448 448 447 447 447 449 449 449 452 452 452 452 452 452 450 450 450 447 447 447 451 451 451 450 450 450 453 453 453 453 453 453 454 454 454 451 451 451 450 450 450 452 452 452 455 455 455 455 455 455 453 453 453 450 450 450 454 454 454 453 453 453 456 456 456 456 456 456 457 457 457 454 454 454 453 453 453 455 455 455 458 458 458 458 458 458 456 456 456 453 453 453 457 457 457 456 456 456 459 459 459 459 459 459 460 460 460 457 457 457 456 456 456 458 458 458 461 461 461 461 461 461 459 459 459 456 456 456 460 460 460 459 459 459 462 462 462 462 462 462 463 463 463 460 460 460 459 459 459 461 461 461 464 464 464 464 464 464 462 462 462 459 459 459 463 463 463 462 462 462 465 465 465 465 465 465 466 466 466 463 463 463 462 462 462 464 464 464 467 467 467 467 467 467 465 465 465 462 462 462 466 466 466 465 465 465 468 468 468 468 468 468 469 469 469 466 466 466 465 465 465 467 467 467 470 470 470 470 470 470 468 468 468 465 465 465 469 469 469 468 468 468 471 471 471 471 471 471 472 472 472 469 469 469 468 468 468 470 470 470 473 473 473 473 473 473 471 471 471 468 468 468 472 472 472 471 471 471 474 474 474 474 474 474 475 475 475 472 472 472 471 471 471 473 473 473 476 476 476 476 476 476 474 474 474 471 471 471 475 475 475 474 474 474 477 477 477 477 477 477 478 478 478 475 475 475 474 474 474 476 476 476 479 479 479 479 479 479 477 477 477 474 474 474 478 478 478 477 477 477 480 480 480 480 480 480 481 481 481 478 478 478 477 477 477 479 479 479 482 482 482 482 482 482 480 480 480 477 477 477 481 481 481 480 480 480 483 483 483 483 483 483 484 484 484 481 481 481 480 480 480 482 482 482 485 485 485 485 485 485 483 483 483 480 480 480 484 484 484 483 483 483 486 486 486 486 486 486 487 487 487 484 484 484 483 483 483 485 485 485 488 488 488 488 488 488 486 486 486 483 483 483 487 487 487 486 486 486 489 489 489 489 489 489 490 490 490 487 487 487 486 486 486 488 488 488 491 491 491 491 491 491 489 489 489 486 486 486 490 490 490 489 489 489 492 492 492 492 492 492 493 493 493 490 490 490 489 489 489 491 491 491 494 494 494 494 494 494 492 492 492 489 489 489 493 493 493 492 492 492 495 495 495 495 495 495 496 496 496 493 493 493 492 492 492 494 494 494 497 497 497 497 497 497 495 495 495 492 492 492 496 496 496 495 495 495 498 498 498 498 498 498 499 499 499 496 496 496 495 495 495 497 497 497 500 500 500 500 500 500 498 498 498 495 495 495 499 499 499 498 498 498 501 501 501 501 501 501 502 502 502 499 499 499 498 498 498 500 500 500 503 503 503 503 503 503 501 501 501 498 498 498 502 502 502 501 501 501 504 504 504 504 504 504 505 505 505 502 502 502 501 501 501 503 503 503 506 506 506 506 506 506 504 504 504 501 501 501 505 505 505 504 504 504 507 507 507 507 507 507 508 508 508 505 505 505 504 504 504 506 506 506 509 509 509 509 509 509 507 507 507 504 504 504 508 508 508 507 507 507 510 510 510 510 510 510 511 511 511 508 508 508 507 507 507 509 509 509 512 512 512 512 512 512 510 510 510 507 507 507 511 511 511 510 510 510 513 513 513 513 513 513 514 514 514 511 511 511 510 510 510 512 512 512 515 515 515 515 515 515 513 513 513 510 510 510 514 514 514 513 513 513 516 516 516 516 516 516 517 517 517 514 514 514 513 513 513 515 515 515 518 518 518 518 518 518 516 516 516 513 513 513 517 517 517 516 516 516 519 519 519 519 519 519 520 520 520 517 517 517 516 516 516 518 518 518 521 521 521 521 521 521 519 519 519 516 516 516 520 520 520 519 519 519 522 522 522 522 522 522 523 523 523 520 520 520 519 519 519 521 521 521 524 524 524 524 524 524 522 522 522 519 519 519 523 523 523 522 522 522 525 525 525 525 525 525 526 526 526 523 523 523 522 522 522 524 524 524 527 527 527 527 527 527 525 525 525 522 522 522 526 526 526 525 525 525 528 528 528 528 528 528 529 529 529 526 526 526 525 525 525 527 527 527 530 530 530 530 530 530 528 528 528 525 525 525 529 529 529 528 528 528 531 531 531 531 531 531 532 532 532 529 529 529 528 528 528 530 530 530 533 533 533 533 533 533 531 531 531 528 528 528 532 532 532 531 531 531 534 534 534 534 534 534 535 535 535 532 532 532 531 531 531 533 533 533 536 536 536 536 536 536 534 534 534 531 531 531 535 535 535 534 534 534 537 537 537 537 537 537 538 538 538 535 535 535 534 534 534 536 536 536 539 539 539 539 539 539 537 537 537 534 534 534 538 538 538 537 537 537 540 540 540 540 540 540 541 541 541 538 538 538 537 537 537 539 539 539 542 542 542 542 542 542 540 540 540 537 537 537 541 541 541 540 540 540 543 543 543 543 543 543 544 544 544 541 541 541 540 540 540 542 542 542 545 545 545 545 545 545 543 543 543 540 540 540 544 544 544 543 543 543 546 546 546 546 546 546 547 547 547 544 544 544 543 543 543 545 545 545 548 548 548 548 548 548 546 546 546 543 543 543 547 547 547 546 546 546 549 549 549 549 549 549 550 550 550 547 547 547 546 546 546 548 548 548 551 551 551 551 551 551 549 549 549 546 546 546 550 550 550 549 549 549 552 552 552 552 552 552 553 553 553 550 550 550 549 549 549 551 551 551 554 554 554 554 554 554 552 552 552 549 549 549 553 553 553 552 552 552 555 555 555 555 555 555 556 556 556 553 553 553 552 552 552 554 554 554 557 557 557 557 557 557 555 555 555 552 552 552 556 556 556 555 555 555 558 558 558 558 558 558 559 559 559 556 556 556 555 555 555 557 557 557 560 560 560 560 560 560 558 558 558 555 555 555 559 559 559 558 558 558 561 561 561 561 561 561 562 562 562 559 559 559 558 558 558 560 560 560 563 563 563 563 563 563 561 561 561 558 558 558 562 562 562 561 561 561 564 564 564 564 564 564 565 565 565 562 562 562 561 561 561 563 563 563 566 566 566 566 566 566 564 564 564 561 561 561 565 565 565 564 564 564 567 567 567 567 567 567 568 568 568 565 565 565 564 564 564 566 566 566 569 569 569 569 569 569 567 567 567 564 564 564 568 568 568 567 567 567 570 570 570 570 570 570 571 571 571 568 568 568 567 567 567 569 569 569 572 572 572 572 572 572 570 570 570 567 567 567 571 571 571 570 570 570 573 573 573 573 573 573 574 574 574 571 571 571 570 570 570 572 572 572 575 575 575 575 575 575 573 573 573 570 570 570 574 574 574 573 573 573 576 576 576 576 576 576 577 577 577 574 574 574 573 573 573 575 575 575 578 578 578 578 578 578 576 576 576 573 573 573 577 577 577 576 576 576 579 579 579 579 579 579 580 580 580 577 577 577 576 576 576 578 578 578 581 581 581 581 581 581 579 579 579 576 576 576 580 580 580 579 579 579 582 582 582 582 582 582 583 583 583 580 580 580 579 579 579 581 581 581 584 584 584 584 584 584 582 582 582 579 579 579 583 583 583 582 582 582 585 585 585 585 585 585 586 586 586 583 583 583 582 582 582 584 584 584 587 587 587 587 587 587 585 585 585 582 582 582 586 586 586 585 585 585 588 588 588 588 588 588 589 589 589 586 586 586 585 585 585 587 587 587 590 590 590 590 590 590 588 588 588 585 585 585 589 589 589 588 588 588 591 591 591 591 591 591 592 592 592 589 589 589 588 588 588 590 590 590 593 593 593 593 593 593 591 591 591 588 588 588 592 592 592 591 591 591 594 594 594 594 594 594 595 595 595 592 592 592 591 591 591 593 593 593 596 596 596 596 596 596 594 594 594 591 591 591 595 595 595 594 594 594 597 597 597 597 597 597 598 598 598 595 595 595 594 594 594 596 596 596 599 599 599 599 599 599 597 597 597 594 594 594 598 598 598 597 597 597 600 600 600 600 600 600 601 601 601 598 598 598 597 597 597 599 599 599 602 602 602 602 602 602 600 600 600 597 597 597 601 601 601 600 600 600 603 603 603 603 603 603 604 604 604 601 601 601 600 600 600 602 602 602 605 605 605 605 605 605 603 603 603 600 600 600 604 604 604 603 603 603 606 606 606 606 606 606 607 607 607 604 604 604 603 603 603 605 605 605 608 608 608 608 608 608 606 606 606 603 603 603 607 607 607 606 606 606 609 609 609 609 609 609 610 610 610 607 607 607 606 606 606 608 608 608 611 611 611 611 611 611 609 609 609 606 606 606 610 610 610 609 609 609 612 612 612 612 612 612 613 613 613 610 610 610 609 609 609 611 611 611 614 614 614 614 614 614 612 612 612 609 609 609 613 613 613 612 612 612 615 615 615 615 615 615 616 616 616 613 613 613 612 612 612 614 614 614 617 617 617 617 617 617 615 615 615 612 612 612 616 616 616 615 615 615 618 618 618 618 618 618 619 619 619 616 616 616 615 615 615 617 617 617 620 620 620 620 620 620 618 618 618 615 615 615 619 619 619 618 618 618 621 621 621 621 621 621 622 622 622 619 619 619 618 618 618 620 620 620 623 623 623 623 623 623 621 621 621 618 618 618 622 622 622 621 621 621 624 624 624 624 624 624 625 625 625 622 622 622 621 621 621 623 623 623 626 626 626 626 626 626 624 624 624 621 621 621 625 625 625 624 624 624 627 627 627 627 627 627 628 628 628 625 625 625 624 624 624 626 626 626 629 629 629 629 629 629 627 627 627 624 624 624 628 628 628 627 627 627 630 630 630 630 630 630 631 631 631 628 628 628 627 627 627 629 629 629 632 632 632 632 632 632 630 630 630 627 627 627 631 631 631 630 630 630 633 633 633 633 633 633 634 634 634 631 631 631 630 630 630 632 632 632 635 635 635 635 635 635 633 633 633 630 630 630 634 634 634 633 633 633 636 636 636 636 636 636 637 637 637 634 634 634 633 633 633 635 635 635 638 638 638 638 638 638 636 636 636 633 633 633 637 637 637 636 636 636 639 639 639 639 639 639 640 640 640 637 637 637 636 636 636 638 638 638 641 641 641 641 641 641 639 639 639 636 636 636 640 640 640 639 639 639 642 642 642 642 642 642 643 643 643 640 640 640 639 639 639 641 641 641 644 644 644 644 644 644 642 642 642 639 639 639 643 643 643 642 642 642 645 645 645 645 645 645 646 646 646 643 643 643 642 642 642 644 644 644 647 647 647 647 647 647 645 645 645 642 642 642 646 646 646 645 645 645 648 648 648 648 648 648 649 649 649 646 646 646 645 645 645 647 647 647 650 650 650 650 650 650 648 648 648 645 645 645 649 649 649 648 648 648 651 651 651 651 651 651 652 652 652 649 649 649 648 648 648 650 650 650 653 653 653 653 653 653 651 651 651 648 648 648 652 652 652 651 651 651 654 654 654 654 654 654 655 655 655 652 652 652 651 651 651 653 653 653 656 656 656 656 656 656 654 654 654 651 651 651 657 657 657 658 658 658 659 659 659 659 659 659 660 660 660 657 657 657 658 658 658 661 661 661 662 662 662 662 662 662 659 659 659 658 658 658 660 660 660 659 659 659 663 663 663 663 663 663 664 664 664 660 660 660 659 659 659 662 662 662 665 665 665 665 665 665 663 663 663 659 659 659 664 664 664 663 663 663 666 666 666 666 666 666 667 667 667 664 664 664 663 663 663 665 665 665 668 668 668 668 668 668 666 666 666 663 663 663 667 667 667 666 666 666 669 669 669 669 669 669 670 670 670 667 667 667 666 666 666 668 668 668 671 671 671 671 671 671 669 669 669 666 666 666 670 670 670 669 669 669 672 672 672 672 672 672 673 673 673 670 670 670 669 669 669 671 671 671 674 674 674 674 674 674 672 672 672 669 669 669 673 673 673 672 672 672 675 675 675 675 675 675 676 676 676 673 673 673 672 672 672 674 674 674 677 677 677 677 677 677 675 675 675 672 672 672 676 676 676 675 675 675 678 678 678 678 678 678 679 679 679 676 676 676 675 675 675 677 677 677 680 680 680 680 680 680 678 678 678 675 675 675 679 679 679 678 678 678 681 681 681 681 681 681 682 682 682 679 679 679 678 678 678 680 680 680 683 683 683 683 683 683 681 681 681 678 678 678 682 682 682 681 681 681 684 684 684 684 684 684 685 685 685 682 682 682 681 681 681 683 683 683 686 686 686 686 686 686 684 684 684 681 681 681 685 685 685 684 684 684 687 687 687 687 687 687 688 688 688 685 685 685 684 684 684 686 686 686 689 689 689 689 689 689 687 687 687 684 684 684 688 688 688 687 687 687 690 690 690 690 690 690 691 691 691 688 688 688 687 687 687 689 689 689 692 692 692 692 692 692 690 690 690 687 687 687 691 691 691 690 690 690 693 693 693 693 693 693 694 694 694 691 691 691 690 690 690 692 692 692 695 695 695 695 695 695 693 693 693 690 690 690 694 694 694 693 693 693 696 696 696 696 696 696 697 697 697 694 694 694 693 693 693 695 695 695 698 698 698 698 698 698 696 696 696 693 693 693 697 697 697 696 696 696 699 699 699 699 699 699 700 700 700 697 697 697 696 696 696 698 698 698 701 701 701 701 701 701 699 699 699 696 696 696 700 700 700 699 699 699 702 702 702 702 702 702 703 703 703 700 700 700 699 699 699 701 701 701 704 704 704 704 704 704 702 702 702 699 699 699 703 703 703 702 702 702 705 705 705 705 705 705 706 706 706 703 703 703 702 702 702 704 704 704 707 707 707 707 707 707 705 705 705 702 702 702 706 706 706 705 705 705 708 708 708 708 708 708 709 709 709 706 706 706 705 705 705 707 707 707 710 710 710 710 710 710 708 708 708 705 705 705 709 709 709 708 708 708 711 711 711 711 711 711 712 712 712 709 709 709 708 708 708 710 710 710 713 713 713 713 713 713 711 711 711 708 708 708 712 712 712 711 711 711 714 714 714 714 714 714 715 715 715 712 712 712 711 711 711 713 713 713 716 716 716 716 716 716 714 714 714 711 711 711 715 715 715 714 714 714 717 717 717 717 717 717 718 718 718 715 715 715 714 714 714 716 716 716 719 719 719 719 719 719 717 717 717 714 714 714 718 718 718 717 717 717 720 720 720 720 720 720 721 721 721 718 718 718 717 717 717 719 719 719 722 722 722 722 722 722 720 720 720 717 717 717 721 721 721 720 720 720 723 723 723 723 723 723 724 724 724 721 721 721 720 720 720 722 722 722 725 725 725 725 725 725 723 723 723 720 720 720 724 724 724 723 723 723 726 726 726 726 726 726 727 727 727 724 724 724 723 723 723 725 725 725 728 728 728 728 728 728 726 726 726 723 723 723 727 727 727 726 726 726 729 729 729 729 729 729 730 730 730 727 727 727 726 726 726 728 728 728 731 731 731 731 731 731 729 729 729 726 726 726 730 730 730 729 729 729 732 732 732 732 732 732 733 733 733 730 730 730 729 729 729 731 731 731 734 734 734 734 734 734 732 732 732 729 729 729 733 733 733 732 732 732 735 735 735 735 735 735 736 736 736 733 733 733 732 732 732 734 734 734 737 737 737 737 737 737 735 735 735 732 732 732 736 736 736 735 735 735 738 738 738 738 738 738 739 739 739 736 736 736 735 735 735 737 737 737 740 740 740 740 740 740 738 738 738 735 735 735 739 739 739 738 738 738 741 741 741 741 741 741 742 742 742 739 739 739 738 738 738 740 740 740 743 743 743 743 743 743 741 741 741 738 738 738 742 742 742 741 741 741 744 744 744 744 744 744 745 745 745 742 742 742 741 741 741 743 743 743 746 746 746 746 746 746 744 744 744 741 741 741 745 745 745 744 744 744 747 747 747 747 747 747 748 748 748 745 745 745 744 744 744 746 746 746 749 749 749 749 749 749 747 747 747 744 744 744 748 748 748 747 747 747 750 750 750 750 750 750 751 751 751 748 748 748 747 747 747 749 749 749 752 752 752 752 752 752 750 750 750 747 747 747 751 751 751 750 750 750 753 753 753 753 753 753 754 754 754 751 751 751 750 750 750 752 752 752 755 755 755 755 755 755 753 753 753 750 750 750 754 754 754 753 753 753 756 756 756 756 756 756 757 757 757 754 754 754 753 753 753 755 755 755 758 758 758 758 758 758 756 756 756 753 753 753 757 757 757 756 756 756 759 759 759 759 759 759 760 760 760 757 757 757 756 756 756 758 758 758 761 761 761 761 761 761 759 759 759 756 756 756 760 760 760 759 759 759 762 762 762 762 762 762 763 763 763 760 760 760 759 759 759 761 761 761 764 764 764 764 764 764 762 762 762 759 759 759 763 763 763 762 762 762 765 765 765 765 765 765 766 766 766 763 763 763 762 762 762 764 764 764 767 767 767 767 767 767 765 765 765 762 762 762 766 766 766 765 765 765 768 768 768 768 768 768 769 769 769 766 766 766 765 765 765 767 767 767 770 770 770 770 770 770 768 768 768 765 765 765 769 769 769 768 768 768 771 771 771 771 771 771 772 772 772 769 769 769 768 768 768 770 770 770 773 773 773 773 773 773 771 771 771 768 768 768 772 772 772 771 771 771 774 774 774 774 774 774 775 775 775 772 772 772 771 771 771 773 773 773 776 776 776 776 776 776 774 774 774 771 771 771 775 775 775 774 774 774 777 777 777 777 777 777 778 778 778 775 775 775 774 774 774 776 776 776 779 779 779 779 779 779 777 777 777 774 774 774 778 778 778 777 777 777 780 780 780 780 780 780 781 781 781 778 778 778 777 777 777 779 779 779 782 782 782 782 782 782 780 780 780 777 777 777 781 781 781 780 780 780 783 783 783 783 783 783 784 784 784 781 781 781 780 780 780 782 782 782 785 785 785 785 785 785 783 783 783 780 780 780 784 784 784 783 783 783 786 786 786 786 786 786 787 787 787 784 784 784 783 783 783 785 785 785 788 788 788 788 788 788 786 786 786 783 783 783 787 787 787 786 786 786 789 789 789 789 789 789 790 790 790 787 787 787 786 786 786 788 788 788 791 791 791 791 791 791 789 789 789 786 786 786 790 790 790 789 789 789 792 792 792 792 792 792 793 793 793 790 790 790 789 789 789 791 791 791 794 794 794 794 794 794 792 792 792 789 789 789 793 793 793 792 792 792 795 795 795 795 795 795 796 796 796 793 793 793 792 792 792 794 794 794 797 797 797 797 797 797 795 795 795 792 792 792 796 796 796 795 795 795 798 798 798 798 798 798 799 799 799 796 796 796 795 795 795 797 797 797 800 800 800 800 800 800 798 798 798 795 795 795 799 799 799 798 798 798 801 801 801 801 801 801 802 802 802 799 799 799 798 798 798 800 800 800 803 803 803 803 803 803 801 801 801 798 798 798 802 802 802 801 801 801 804 804 804 804 804 804 805 805 805 802 802 802 801 801 801 803 803 803 806 806 806 806 806 806 804 804 804 801 801 801 805 805 805 804 804 804 807 807 807 807 807 807 808 808 808 805 805 805 804 804 804 806 806 806 809 809 809 809 809 809 807 807 807 804 804 804 808 808 808 807 807 807 810 810 810 810 810 810 811 811 811 808 808 808 807 807 807 809 809 809 812 812 812 812 812 812 810 810 810 807 807 807 811 811 811 810 810 810 813 813 813 813 813 813 814 814 814 811 811 811 810 810 810 812 812 812 815 815 815 815 815 815 813 813 813 810 810 810 814 814 814 813 813 813 816 816 816 816 816 816 817 817 817 814 814 814 813 813 813 815 815 815 818 818 818 818 818 818 816 816 816 813 813 813 817 817 817 816 816 816 819 819 819 819 819 819 820 820 820 817 817 817 816 816 816 818 818 818 821 821 821 821 821 821 819 819 819 816 816 816 820 820 820 819 819 819 822 822 822 822 822 822 823 823 823 820 820 820 819 819 819 821 821 821 824 824 824 824 824 824 822 822 822 819 819 819 823 823 823 822 822 822 825 825 825 825 825 825 826 826 826 823 823 823 822 822 822 824 824 824 827 827 827 827 827 827 825 825 825 822 822 822 826 826 826 825 825 825 828 828 828 828 828 828 829 829 829 826 826 826 825 825 825 827 827 827 830 830 830 830 830 830 828 828 828 825 825 825 829 829 829 828 828 828 831 831 831 831 831 831 832 832 832 829 829 829 828 828 828 830 830 830 833 833 833 833 833 833 831 831 831 828 828 828 832 832 832 831 831 831 834 834 834 834 834 834 835 835 835 832 832 832 831 831 831 833 833 833 836 836 836 836 836 836 834 834 834 831 831 831 835 835 835 834 834 834 837 837 837 837 837 837 838 838 838 835 835 835 834 834 834 836 836 836 839 839 839 839 839 839 837 837 837 834 834 834 838 838 838 837 837 837 840 840 840 840 840 840 841 841 841 838 838 838 837 837 837 839 839 839 842 842 842 842 842 842 840 840 840 837 837 837 841 841 841 840 840 840 843 843 843 843 843 843 844 844 844 841 841 841 840 840 840 842 842 842 845 845 845 845 845 845 843 843 843 840 840 840 844 844 844 843 843 843 846 846 846 846 846 846 847 847 847 844 844 844 843 843 843 845 845 845 848 848 848 848 848 848 846 846 846 843 843 843 847 847 847 846 846 846 849 849 849 849 849 849 850 850 850 847 847 847 846 846 846 848 848 848 851 851 851 851 851 851 849 849 849 846 846 846 850 850 850 849 849 849 852 852 852 852 852 852 853 853 853 850 850 850 849 849 849 851 851 851 854 854 854 854 854 854 852 852 852 849 849 849 853 853 853 852 852 852 855 855 855 855 855 855 856 856 856 853 853 853 852 852 852 854 854 854 857 857 857 857 857 857 855 855 855 852 852 852 856 856 856 855 855 855 858 858 858 858 858 858 859 859 859 856 856 856 855 855 855 857 857 857 860 860 860 860 860 860 858 858 858 855 855 855 859 859 859 858 858 858 861 861 861 861 861 861 862 862 862 859 859 859 858 858 858 860 860 860 863 863 863 863 863 863 861 861 861 858 858 858 862 862 862 861 861 861 864 864 864 864 864 864 865 865 865 862 862 862 861 861 861 863 863 863 866 866 866 866 866 866 864 864 864 861 861 861 865 865 865 864 864 864 867 867 867 867 867 867 868 868 868 865 865 865 864 864 864 866 866 866 869 869 869 869 869 869 867 867 867 864 864 864 868 868 868 867 867 867 870 870 870 870 870 870 871 871 871 868 868 868 867 867 867 869 869 869 872 872 872 872 872 872 870 870 870 867 867 867 871 871 871 870 870 870 873 873 873 873 873 873 874 874 874 871 871 871 870 870 870 872 872 872 875 875 875 875 875 875 873 873 873 870 870 870</p>
      </triangles>
    </mesh></geometry>
  </library_geometries>
  <library_visual_scenes>
    <visual_scene id="Scene" name="Scene">
      <node id="vfx_kurp_1197" name="vfx_kurp_1197" type="NODE">
        <instance_geometry url="#vfx_kurp_1197-mesh"><bind_material><technique_common><instance_material symbol="PreviewMaterial" target="#PreviewMaterial"><bind_vertex_input semantic="UVSET0" input_semantic="TEXCOORD" input_set="0"/></instance_material></technique_common></bind_material></instance_geometry>
      </node>
    </visual_scene>
  </library_visual_scenes>
  <scene><instance_visual_scene url="#Scene"/></scene>
</COLLADA>
