<?xml version="1.0" encoding="utf-8"?>
<COLLADA xmlns="http://www.collada.org/2005/11/COLLADASchema" version="1.4.1">
  <asset>
    <contributor><authoring_tool>Morrobroom Kurpulio VFX preview converter</authoring_tool></contributor>
    <unit name="unit" meter="1"/>
    <up_axis>Z_UP</up_axis>
  </asset>
  <library_images>
    <image id="VFXTexture" name="darkmap_newgen-1.dds">
      <init_from>../../../Textures/Kurp/darkmap_newgen-1.dds</init_from>
    </image>
  </library_images>
  <library_effects>
    <effect id="PreviewEffect">
      <profile_COMMON>
        <newparam sid="VFXTexture-surface">
          <surface type="2D"><init_from>VFXTexture</init_from></surface>
        </newparam>
        <newparam sid="VFXTexture-sampler">
          <sampler2D><source>VFXTexture-surface</source></sampler2D>
        </newparam>
        <technique sid="common"><phong>
          <emission><color>0.08 0.08 0.08 1</color></emission>
          <ambient><color>0.2 0.2 0.2 1</color></ambient>
          <diffuse><texture texture="VFXTexture-sampler" texcoord="UVSET0"/></diffuse>
          <specular><color>0.15 0.15 0.15 1</color></specular>
          <shininess><float>8</float></shininess>
          <transparent opaque="A_ONE"><texture texture="VFXTexture-sampler" texcoord="UVSET0"/></transparent>
          <transparency><float>1</float></transparency>
        </phong></technique>
      </profile_COMMON>
      <extra><technique profile="GOOGLEEARTH"><double_sided>1</double_sided></technique></extra>
    </effect>
  </library_effects>
  <library_materials><material id="PreviewMaterial" name="PreviewMaterial"><instance_effect url="#PreviewEffect"/></material></library_materials>
  <library_geometries>
    <geometry id="vfx_kurp_0443-mesh" name="vfx_kurp_0443"><mesh>
      <source id="vfx_kurp_0443-mesh-positions">
        <float_array id="vfx_kurp_0443-mesh-positions-array" count="2745">-0.507969702 -0.065464912 11.3218634 -0.565950772 -2.95678811 13.0463362 0.848120887 0.327381465 11.0177313 0.584072256 -3.36667795 13.2309597 -2.81609056 -4.88616475 14.6396244 0.584072256 -3.36667795 13.2309597 -0.565950772 -2.95678811 13.0463362 -2.31132441 -5.63704237 15.1221453 -3.32085363 -4.13528624 14.1571029 -1.71597229 -2.54689555 12.8617116 -1.71597229 -2.54689555 12.8617116 -0.565950772 -2.95678811 13.0463362 -1.86405921 -0.458315081 11.625998 -2.64232269 1.96467797 9.68516064 -1.86405921 -0.458315081 11.625998 -0.507969702 -0.065464912 11.3218634 -3.49825887 0.857068075 10.5658407 -5.7235601 1.89808306 8.31196472 -3.49825887 0.857068075 10.5658407 -2.64232269 1.96467797 9.68516064 -5.73100468 0.688219884 9.72921139 -8.05499378 -0.302951764 7.24305602 -5.73100468 0.688219884 9.72921139 -5.7235601 1.89808306 8.31196472 -7.55574436 -1.19150331 9.04841499 -8.39576256 -3.55101908 6.37274242 -7.55574436 -1.19150331 9.04841499 -8.05499378 -0.302951764 7.24305602 -7.55574436 -1.19150331 9.04841499 -8.39576256 -3.55101908 6.37274242 -7.73741388 -3.94193521 8.52354329 -6.60461875 -6.28936202 5.51336812 -7.73741388 -3.94193521 8.52354329 -8.39576256 -3.55101908 6.37274242 -7.73741388 -3.94193521 8.52354329 -6.60461875 -6.28936202 5.51336812 -5.96793194 -6.54907504 7.90961038 -3.52462465 -7.25349383 4.49168992 -5.96793194 -6.54907504 7.90961038 -6.60461875 -6.28936202 5.51336812 -2.62603815 -7.57632825 7.02040119 -0.598294194 -6.10798583 3.23296423 -2.62603815 -7.57632825 7.02040119 -3.52462465 -7.25349383 4.49168992 0.884507569 -6.25015533 5.73639269 -1.78638486 3.07228684 8.80448127 0.848120887 0.327381465 11.0177313 -0.507969702 -0.065464912 11.3218634 -5.71611516 3.10794629 6.89471756 -1.78638486 3.07228684 8.80448127 -2.64232269 1.96467797 9.68516064 -8.55424245 0.585601656 5.43769689 -5.71611516 3.10794629 6.89471756 -5.7235601 1.89808306 8.31196472 -9.05411138 -3.1601012 4.2219406 -8.55424245 0.585601656 5.43769689 -8.05499378 -0.302951764 7.24305602 -9.05411138 -3.1601012 4.2219406 -8.39576256 -3.55101908 6.37274242 -7.24130531 -6.02965002 3.1171245 -9.05411138 -3.1601012 4.2219406 -8.39576256 -3.55101908 6.37274242 -7.24130531 -6.02965002 3.1171245 -4.42321285 -6.93065998 1.96297958 -7.24130531 -6.02965002 3.1171245 -6.60461875 -6.28936202 5.51336812 -2.08109592 -5.96581493 0.729533993 -4.42321285 -6.93065998 1.96297958 -3.52462465 -7.25349383 4.49168992 -1.22544653 -4.30005875 -0.35430898 -0.598294194 -6.10798583 3.23296423 -2.08109592 -5.96581493 0.729533993 0.885079006 -3.43029904 1.77739701 -0.598294194 -6.10798583 3.23296423 -1.22544653 -4.30005875 -0.35430898 -0.598294194 -6.10798583 3.23296423 0.884507569 -6.25015533 5.73639269 2.99560339 -2.56053965 3.90910202 0.884507569 -6.25015533 5.73639269 -0.507969702 -0.065464912 11.3218634 -0.565950772 -2.95678811 13.0463362 -0.554512663 -0.845229281 10.1071176 -0.554512663 -0.845229281 10.1071176 -0.621142836 -3.58878574 11.9870061 -2.81609056 -4.88616475 14.6396244 -0.621142836 -3.58878574 11.9870061 -0.565950772 -2.95678811 13.0463362 -2.99622795 -5.51479876 13.8498138 -2.63595244 -4.25753071 15.4294356 -0.510756907 -2.32478821 14.1056654 -0.507969702 -0.065464912 11.3218634 -0.510756907 -2.32478821 14.1056654 -0.565950772 -2.95678811 13.0463362 -0.510756907 -2.32478821 14.1056654 -0.461425779 0.71429784 12.5366108 -2.64232269 1.96467797 9.68516064 -0.461425779 0.71429784 12.5366108 -0.507969702 -0.065464912 11.3218634 -2.86322326 3.08590186 10.8806019 -5.7235601 1.89808306 8.31196472 -2.86322326 3.08590186 10.8806019 -2.64232269 1.96467797 9.68516064 -2.86322326 3.08590186 10.8806019 -6.70987358 3.10309203 9.33546511 -8.05499378 -0.302951764 7.24305602 -6.70987358 3.10309203 9.33546511 -5.7235601 1.89808306 8.31196472 -9.80769132 0.418696602 8.08291857 -8.39576256 -3.55101908 6.37274242 -9.80769132 0.418696602 8.08291857 -8.05499378 -0.302951764 7.24305602 -10.5189221 -4.20022593 6.90463307 -6.60461875 -6.28936202 5.51336812 -10.5189221 -4.20022593 6.90463307 -8.39576256 -3.55101908 6.37274242 -7.92921444 -8.39768098 5.63680914 -3.52462465 -7.25349383 4.49168992 -3.53600856 -9.93518553 4.15337042 -0.598294194 -6.10798583 3.23296423 -3.53600856 -9.93518553 4.15337042 -3.52462465 -7.25349383 4.49168992 0.774901235 -8.49543652 2.28402523 -2.42142183 0.84345343 8.48971811 -0.554512663 -0.845229281 10.1071176 -0.507969702 -0.065464912 11.3218634 -2.64232269 1.96467797 9.68516064 -4.73724316 0.693075291 7.28846571 -2.42142183 0.84345343 8.48971811 -2.64232269 1.96467797 9.68516064 -4.73724316 0.693075291 7.28846571 -5.7235601 1.89808306 8.31196472 -6.30229633 -1.02460123 6.40319261 -4.73724316 0.693075291 7.28846571 -5.7235601 1.89808306 8.31196472 -6.27260241 -2.90181076 5.8408515 -6.30229633 -1.02460123 6.40319261 -8.05499378 -0.302951764 7.24305602 -6.27260241 -2.90181076 5.8408515 -5.28002052 -4.1810447 5.38992692 -6.27260241 -2.90181076 5.8408515 -8.39576256 -3.55101908 6.37274242 -3.51324069 -4.57180281 4.83001026 -6.60461875 -6.28936202 5.51336812 -1.97148923 -3.72053403 4.18190403 -3.51324069 -4.57180281 4.83001026 -3.52462465 -7.25349383 4.49168992 -1.40476815 -2.33677908 3.59832518 -0.598294194 -6.10798583 3.23296423 -1.97148923 -3.72053403 4.18190403 0.885079006 -3.43029904 1.77739701 -0.598294194 -6.10798583 3.23296423 -0.598294194 -6.10798583 3.23296423 0.774901235 -8.49543652 2.28402523 3.17492661 -4.52381844 -0.0435299755 -2.74516455 -6.95857789 11.3218383 -5.22012826 -5.46271356 13.0463284 -3.39719247 -6.52838187 10.1070964 -3.39719247 -6.52838187 10.1070964 -5.22012826 -5.46271356 13.0463284 -5.73986149 -5.09891131 11.9870008 -5.76594291 -2.54935644 14.6396345 -5.73986149 -5.09891131 11.9870008 -5.22012826 -5.46271356 13.0463284 -6.22028945 -2.07903183 13.849827 -5.31159613 -3.01968208 15.4294408 -4.70039335 -5.82651897 14.1056527 -2.74516455 -6.95857789 11.3218383 -4.70039335 -5.82651897 14.1056527 -5.22012826 -5.46271356 13.0463284 -4.70039335 -5.82651897 14.1056527 -2.09313748 -7.38877442 12.5365803 0.0801624277 -6.12523621 9.68513091 -2.09313748 -7.38877442 12.5365803 -2.74516455 -6.95857789 11.3218383 -2.09313748 -7.38877442 12.5365803 0.0801624277 -6.12523621 9.68513091 1.16162545 -6.49454942 10.8805664 1.56310348 -3.42350097 8.31194526 1.16162545 -6.49454942 10.8805664 0.0801624277 -6.12523621 9.68513091 1.16162545 -6.49454942 10.8805664 1.56310348 -3.42350097 8.31194526 3.09983212 -3.17183832 9.33544186 0.82266462 -0.303897538 7.24305657 3.09983212 -3.17183832 9.33544186 1.56310348 -3.42350097 8.31194526 2.32398182 0.853154304 8.08292086 -1.81986299 1.61525495 6.37276256 2.32398182 0.853154304 8.08292086 0.82266462 -0.303897538 7.24305657 -1.32051157 3.77856515 6.90466407 -5.08691292 1.43325446 5.51339771 -1.32051157 3.77856515 6.90466407 -1.81986299 1.61525495 6.37276256 -6.25047255 3.63454627 5.63685517 -7.46187529 -0.752026826 4.49171521 -9.77859785 0.598678634 4.15341073 -7.93300449 -3.85905036 3.23297267 -9.77859785 0.598678634 4.15341073 -7.46187529 -0.752026826 4.49171521 -10.6871984 -3.85454234 2.28404275 -1.00130069 -5.75592323 8.48969374 -3.39719247 -6.52838187 10.1070964 -2.74516455 -6.95857789 11.3218383 -1.00130069 -5.75592323 8.48969374 0.0263745646 -3.67516721 7.28844965 -1.00130069 -5.75592323 8.48969374 0.0801624277 -6.12523621 9.68513091 0.0263745646 -3.67516721 7.28844965 -0.678653427 -1.46094876 6.40319153 0.0263745646 -3.67516721 7.28844965 1.56310348 -3.42350097 8.31194526 -2.31921361 -0.548056932 5.84086095 0.82266462 -0.303897538 7.24305657 -0.678653427 -1.46094876 6.40319153 0.82266462 -0.303897538 7.24305657 -2.31921361 -0.548056932 5.84086095 -3.92335516 -0.76803876 5.38994026 -2.31921361 -0.548056932 5.84086095 -1.81986299 1.61525495 6.37276256 -5.1451532 -2.10273286 4.83002008 -5.08691292 1.43325446 5.51339771 -5.17881009 -3.86355921 4.18190377 -5.1451532 -2.10273286 4.83002008 -7.46187529 -0.752026826 4.49171521 -5.17881009 -3.86355921 4.18190377 -4.26380552 -5.046228 3.5983153 -7.93300449 -3.85905036 3.23297267 -5.17881009 -3.86355921 4.18190377 -6.35575096 -6.48252383 1.77738564 -7.93300449 -3.85905036 3.23297267 -10.6871984 -3.85454234 2.28404275 -8.4476956 -7.91882008 -0.0435425439 -7.59617951 -1.57455504 11.3218589 -5.06323509 -0.179115831 13.0463478 -8.61443902 -0.596567887 11.0177287 -5.28327294 1.02177744 13.2309773 -2.26728117 -1.16311354 14.6396395 -5.28327294 1.02177744 13.2309773 -5.06323509 -0.179115831 13.0463478 -1.8693872 -0.350536894 15.1221662 -2.66517803 -1.97568783 14.1571119 -4.84320106 -1.38000858 12.8617167 -4.84320106 -1.38000858 12.8617167 -5.06323509 -0.179115831 13.0463478 -6.57791758 -2.55253927 11.6259911 -8.28715249 -4.43802133 9.685137 -6.57791758 -2.55253927 11.6259911 -7.59617951 -1.57455504 11.3218589 -6.89996877 -4.62548335 10.5658205 -6.68885641 -7.07314577 8.31193198 -6.89996877 -4.62548335 10.5658205 -8.28715249 -4.43802133 9.685137 -5.63736632 -6.47466893 9.72918507 -3.61698365 -7.99170205 7.24302792 -5.63736632 -6.47466893 9.72918507 -6.68885641 -7.07314577 8.31193198 -3.09710634 -7.11507381 9.04839394 -0.633687515 -6.66277754 6.37273148 -3.09710634 -7.11507381 9.04839394 -3.61698365 -7.99170205 7.24302792 -3.09710634 -7.11507381 9.04839394 -0.633687515 -6.66277754 6.37273148 -0.624325746 -5.89718457 8.52353662 0.842217928 -3.74242489 5.51337799 -0.624325746 -5.89718457 8.52353662 -0.633687515 -6.66277754 6.37273148 -0.624325746 -5.89718457 8.52353662 0.842217928 -3.74242489 5.51337799 0.74878417 -3.06119474 7.90962447 0.137186675 -0.593000499 4.49171584 0.74878417 -3.06119474 7.90962447 0.842217928 -3.74242489 5.51337799 -0.0325324717 0.346601199 7.02043173 -2.31801423 1.36852798 3.23299272 -0.0325324717 0.346601199 7.02043173 0.137186675 -0.593000499 4.49171584 -2.93630092 2.72374277 5.73642708 -9.67433654 -4.2505572 8.80445479 -8.61443902 -0.596567887 11.0177287 -7.59617951 -1.57455504 11.3218589 -7.74034616 -7.67162194 6.89467759 -9.67433654 -4.2505572 8.80445479 -8.28715249 -4.43802133 9.685137 -4.13686338 -8.86833089 5.4376622 -7.74034616 -7.67162194 6.89467759 -6.68885641 -7.07314577 8.31193198 -0.643050833 -7.42837124 4.22192541 -4.13686338 -8.86833089 5.4376622 -3.61698365 -7.99170205 7.24302792 -0.643050833 -7.42837124 4.22192541 -0.633687515 -6.66277754 6.37273148 0.935651804 -4.42365435 3.11713121 -0.643050833 -7.42837124 4.22192541 -0.633687515 -6.66277754 6.37273148 0.935651804 -4.42365435 3.11713121 0.306906686 -1.5326037 1.96300051 0.935651804 -4.42365435 3.11713121 0.842217928 -3.74242489 5.51337799 -1.69972825 0.0133128607 0.729556949 0.306906686 -1.5326037 1.96300051 0.137186675 -0.593000499 4.49171584 -3.57013655 -0.0785456202 -0.354292742 -2.31801423 1.36852798 3.23299272 -1.69972825 0.0133128607 0.729556949 -5.37864059 1.31433116 1.77741519 -2.31801423 1.36852798 3.23299272 -3.57013655 -0.0785456202 -0.354292742 -2.31801423 1.36852798 3.23299272 -2.93630092 2.72374277 5.73642708 -7.18714368 2.70720661 3.90912217 -7.59617951 -1.57455504 11.3218589 -5.06323509 -0.179115831 13.0463478 -6.89760843 -1.22497329 10.107117 -6.89760843 -1.22497329 10.107117 -4.48831004 0.0890915655 11.9870211 -2.26728117 -1.16311354 14.6396395 -4.48831004 0.0890915655 11.9870211 -5.06323509 -0.179115831 13.0463478 -1.63279713 -1.00479548 13.8498322 -2.90176611 -1.32143093 15.4294476 -5.63816362 -0.447322318 14.1056731 -7.59617951 -1.57455504 11.3218589 -5.63816362 -0.447322318 14.1056731 -5.06323509 -0.179115831 13.0463478 -5.63816362 -0.447322318 14.1056731 -8.29474971 -1.92413502 12.5366015 -8.28715249 -4.43802133 9.685137 -8.29474971 -1.92413502 12.5366015 -7.59617951 -1.57455504 11.3218589 -8.29474971 -1.92413502 12.5366015 -9.14771495 -5.18994551 10.8805718 -6.68885641 -7.07314577 8.31193198 -9.14771495 -5.18994551 10.8805718 -8.28715249 -4.43802133 9.685137 -9.14771495 -5.18994551 10.8805718 -7.239271 -8.52982834 9.33542196 -3.61698365 -7.99170205 7.24302792 -7.239271 -8.52982834 9.33542196 -6.68885641 -7.07314577 8.31193198 -3.36560344 -9.87041149 8.08288122 -0.633687515 -6.66277754 6.37273148 -3.36560344 -9.87041149 8.08288122 -3.61698365 -7.99170205 7.24302792 0.990120388 -8.17688672 6.90461911 0.842217928 -3.74242489 5.51337799 0.990120388 -8.17688672 6.90461911 -0.633687515 -6.66277754 6.37273148 3.33037302 -3.83539904 5.63682717 0.137186675 -0.593000499 4.49171584 2.46529265 0.73798873 4.15341108 -2.31801423 1.36852798 3.23299272 2.46529265 0.73798873 4.15341108 0.137186675 -0.593000499 4.49171584 -0.937015584 3.75148124 2.2840717 -7.42659046 -3.68609646 8.48970187 -6.89760843 -1.22497329 10.107117 -7.59617951 -1.57455504 11.3218589 -7.42659046 -3.68609646 8.48970187 -8.28715249 -4.43802133 9.685137 -6.13844434 -5.61646032 7.28844297 -7.42659046 -3.68609646 8.48970187 -8.28715249 -4.43802133 9.685137 -6.13844434 -5.61646032 7.28844297 -6.68885641 -7.07314577 8.31193198 -3.86836329 -6.11299241 6.40317431 -6.13844434 -5.61646032 7.28844297 -6.68885641 -7.07314577 8.31193198 -2.25749691 -5.14866858 5.84084375 -3.86836329 -6.11299241 6.40317431 -3.61698365 -7.99170205 7.24302792 -2.25749691 -5.14866858 5.84084375 -1.64593742 -3.649448 5.38992975 -2.25749691 -5.14866858 5.84084375 -0.633687515 -6.66277754 6.37273148 -2.19091931 -1.92398972 4.83002098 0.842217928 -3.74242489 5.51337799 -3.69901339 -1.01442497 4.18191487 -2.19091931 -1.92398972 4.83002098 0.137186675 -0.593000499 4.49171584 -3.69901339 -1.01442497 4.18191487 -5.18073892 -1.21550468 3.59832999 -2.31801423 1.36852798 3.23299272 -3.69901339 -1.01442497 4.18191487 -5.37864059 1.31433116 1.77741519 -2.31801423 1.36852798 3.23299272 -2.31801423 1.36852798 3.23299272 -0.937015584 3.75148124 2.2840717 -5.57654307 3.84416686 -0.0434983178 -2.74516455 -6.95857789 11.3218383 -5.22012826 -5.46271356 13.0463284 -3.08299556 -8.32940833 11.0176993 -6.15011383 -6.25371924 13.2309492 -5.76594291 -2.54935644 14.6396345 -6.15011383 -6.25371924 13.2309492 -5.22012826 -5.46271356 13.0463284 -6.66860328 -2.61106085 15.1221568 -4.86328326 -2.4876553 14.1571101 -4.29014093 -4.67171094 12.8617043 -4.29014093 -4.67171094 12.8617043 -5.22012826 -5.46271356 13.0463284 -2.4073369 -5.587747 11.6259792 0.0801624277 -6.12523621 9.68513091 -2.4073369 -5.587747 11.6259792 -2.74516455 -6.95857789 11.3218383 -0.451085149 -4.83017399 10.5658198 1.56310348 -3.42350097 8.31194526 -0.451085149 -4.83017399 10.5658198 0.0801624277 -6.12523621 9.68513091 0.51905773 -2.81213041 9.7291988 0.82266462 -0.303897538 7.24305657 0.51905773 -2.81213041 9.7291988 1.56310348 -3.42350097 8.31194526 -0.196462749 -0.29199485 9.04841912 -1.81986299 1.61525495 6.37276256 -0.196462749 -0.29199485 9.04841912 0.82266462 -0.303897538 7.24305657 -0.196462749 -0.29199485 9.04841912 -2.48757411 1.24055404 8.52356365 -5.08691292 1.43325446 5.51339771 -2.48757411 1.24055404 8.52356365 -1.81986299 1.61525495 6.37276256 -2.48757411 1.24055404 8.52356365 -5.63016637 1.01171051 7.90963954 -7.46187529 -0.752026826 4.49171521 -5.63016637 1.01171051 7.90963954 -5.08691292 1.43325446 5.51339771 -8.19074351 -1.36882295 7.02042542 -7.93300449 -3.85905036 3.23297267 -8.19074351 -1.36882295 7.02042542 -7.46187529 -0.752026826 4.49171521 -8.79751991 -5.07212354 5.73639731 0.611408429 -7.42029932 8.80444231 -3.08299556 -8.32940833 11.0176993 -2.74516455 -6.95857789 11.3218383 2.60714928 -4.03487193 6.89469098 0.611408429 -7.42029932 8.80444231 0.0801624277 -6.12523621 9.68513091 1.84179309 -0.315801791 5.43769419 2.60714928 -4.03487193 6.89469098 1.56310348 -3.42350097 8.31194526 -1.15215069 1.9899546 4.22196051 1.84179309 -0.315801791 5.43769419 0.82266462 -0.303897538 7.24305657 -1.15215069 1.9899546 4.22196051 -1.81986299 1.61525495 6.37276256 -4.54365966 1.85479857 3.11715494 -1.15215069 1.9899546 4.22196051 -1.81986299 1.61525495 6.37276256 -4.54365966 1.85479857 3.11715494 -6.73300661 -0.135229794 1.96300539 -4.54365966 1.85479857 3.11715494 -5.08691292 1.43325446 5.51339771 -7.0684885 -2.64597782 0.72954695 -6.73300661 -0.135229794 1.96300539 -7.46187529 -0.752026826 4.49171521 -6.05372892 -4.21986351 -0.354308455 -7.93300449 -3.85905036 3.23297267 -7.0684885 -2.64597782 0.72954695 -6.35575096 -6.48252383 1.77738564 -7.93300449 -3.85905036 3.23297267 -6.05372892 -4.21986351 -0.354308455 -7.93300449 -3.85905036 3.23297267 -8.79751991 -5.07212354 5.73639731 -6.65777225 -8.74518317 3.90907878 -8.79751991 -5.07212354 5.73639731 0.137186675 -0.593000499 4.49171584 2.46529265 0.73798873 4.15341108 -0.937015584 3.75148124 2.2840717 -2.31801423 1.36852798 3.23299272 -0.937015584 3.75148124 2.2840717 -5.37864059 1.31433116 1.77741519 -5.57654307 3.84416686 -0.0434983178 -5.18073892 -1.21550468 3.59832999 -2.31801423 1.36852798 3.23299272 -3.69901339 -1.01442497 4.18191487 -3.69901339 -1.01442497 4.18191487 0.137186675 -0.593000499 4.49171584 -2.19091931 -1.92398972 4.83002098 0.137186675 -0.593000499 4.49171584 -3.69901339 -1.01442497 4.18191487 -2.19091931 -1.92398972 4.83002098 -1.64593742 -3.649448 5.38992975 -0.633687515 -6.66277754 6.37273148 -2.25749691 -5.14866858 5.84084375 -0.633687515 -6.66277754 6.37273148 -2.25749691 -5.14866858 5.84084375 -3.61698365 -7.99170205 7.24302792 -3.86836329 -6.11299241 6.40317431 -3.61698365 -7.99170205 7.24302792 -2.25749691 -5.14866858 5.84084375 -3.86836329 -6.11299241 6.40317431 -6.68885641 -7.07314577 8.31193198 -6.13844434 -5.61646032 7.28844297 -6.68885641 -7.07314577 8.31193198 -6.13844434 -5.61646032 7.28844297 -8.28715249 -4.43802133 9.685137 -7.42659046 -3.68609646 8.48970187 -8.28715249 -4.43802133 9.685137 -6.13844434 -5.61646032 7.28844297 -7.42659046 -3.68609646 8.48970187 -7.59617951 -1.57455504 11.3218589 -6.89760843 -1.22497329 10.107117 -7.59617951 -1.57455504 11.3218589 -7.42659046 -3.68609646 8.48970187 -6.89760843 -1.22497329 10.107117 -5.06323509 -0.179115831 13.0463478 -4.48831004 0.0890915655 11.9870211 -6.89760843 -1.22497329 10.107117 2.46529265 0.73798873 4.15341108 3.33037302 -3.83539904 5.63682717 0.137186675 -0.593000499 4.49171584 0.990120388 -8.17688672 6.90461911 -0.633687515 -6.66277754 6.37273148 0.990120388 -8.17688672 6.90461911 -3.36560344 -9.87041149 8.08288122 -3.61698365 -7.99170205 7.24302792 -3.36560344 -9.87041149 8.08288122 -7.239271 -8.52982834 9.33542196 -6.68885641 -7.07314577 8.31193198 -7.239271 -8.52982834 9.33542196 -9.14771495 -5.18994551 10.8805718 -8.28715249 -4.43802133 9.685137 -9.14771495 -5.18994551 10.8805718 -9.14771495 -5.18994551 10.8805718 -8.29474971 -1.92413502 12.5366015 -7.59617951 -1.57455504 11.3218589 -8.29474971 -1.92413502 12.5366015 -8.29474971 -1.92413502 12.5366015 -5.63816362 -0.447322318 14.1056731 -5.06323509 -0.179115831 13.0463478 -5.63816362 -0.447322318 14.1056731 -7.59617951 -1.57455504 11.3218589 -5.63816362 -0.447322318 14.1056731 -2.90176611 -1.32143093 15.4294476 -5.06323509 -0.179115831 13.0463478 -2.26728117 -1.16311354 14.6396395 -4.48831004 0.0890915655 11.9870211 -1.63279713 -1.00479548 13.8498322 0.137186675 -0.593000499 4.49171584 -0.0325324717 0.346601199 7.02043173 -2.31801423 1.36852798 3.23299272 -2.93630092 2.72374277 5.73642708 -2.31801423 1.36852798 3.23299272 -2.93630092 2.72374277 5.73642708 -5.37864059 1.31433116 1.77741519 -7.18714368 2.70720661 3.90912217 -3.57013655 -0.0785456202 -0.354292742 -2.31801423 1.36852798 3.23299272 -1.69972825 0.0133128607 0.729556949 -2.31801423 1.36852798 3.23299272 -3.57013655 -0.0785456202 -0.354292742 -1.69972825 0.0133128607 0.729556949 0.137186675 -0.593000499 4.49171584 0.306906686 -1.5326037 1.96300051 0.306906686 -1.5326037 1.96300051 0.842217928 -3.74242489 5.51337799 0.935651804 -4.42365435 3.11713121 0.842217928 -3.74242489 5.51337799 0.935651804 -4.42365435 3.11713121 -0.633687515 -6.66277754 6.37273148 -0.643050833 -7.42837124 4.22192541 -0.633687515 -6.66277754 6.37273148 0.935651804 -4.42365435 3.11713121 -0.643050833 -7.42837124 4.22192541 -3.61698365 -7.99170205 7.24302792 -4.13686338 -8.86833089 5.4376622 -3.61698365 -7.99170205 7.24302792 -0.643050833 -7.42837124 4.22192541 -4.13686338 -8.86833089 5.4376622 -6.68885641 -7.07314577 8.31193198 -7.74034616 -7.67162194 6.89467759 -6.68885641 -7.07314577 8.31193198 -7.74034616 -7.67162194 6.89467759 -8.28715249 -4.43802133 9.685137 -9.67433654 -4.2505572 8.80445479 -8.28715249 -4.43802133 9.685137 -9.67433654 -4.2505572 8.80445479 -7.59617951 -1.57455504 11.3218589 -8.61443902 -0.596567887 11.0177287 -8.61443902 -0.596567887 11.0177287 -5.06323509 -0.179115831 13.0463478 -5.28327294 1.02177744 13.2309773 -5.06323509 -0.179115831 13.0463478 -0.0325324717 0.346601199 7.02043173 0.137186675 -0.593000499 4.49171584 0.74878417 -3.06119474 7.90962447 0.74878417 -3.06119474 7.90962447 0.842217928 -3.74242489 5.51337799 -0.624325746 -5.89718457 8.52353662 -0.624325746 -5.89718457 8.52353662 0.842217928 -3.74242489 5.51337799 -0.624325746 -5.89718457 8.52353662 -0.633687515 -6.66277754 6.37273148 -3.09710634 -7.11507381 9.04839394 -3.09710634 -7.11507381 9.04839394 -0.633687515 -6.66277754 6.37273148 -3.09710634 -7.11507381 9.04839394 -3.61698365 -7.99170205 7.24302792 -5.63736632 -6.47466893 9.72918507 -5.63736632 -6.47466893 9.72918507 -6.68885641 -7.07314577 8.31193198 -6.89996877 -4.62548335 10.5658205 -6.89996877 -4.62548335 10.5658205 -8.28715249 -4.43802133 9.685137 -6.57791758 -2.55253927 11.6259911 -7.59617951 -1.57455504 11.3218589 -6.57791758 -2.55253927 11.6259911 -7.59617951 -1.57455504 11.3218589 -4.84320106 -1.38000858 12.8617167 -4.84320106 -1.38000858 12.8617167 -5.06323509 -0.179115831 13.0463478 -2.66517803 -1.97568783 14.1571119 -2.26728117 -1.16311354 14.6396395 -5.28327294 1.02177744 13.2309773 -1.8693872 -0.350536894 15.1221662 -7.46187529 -0.752026826 4.49171521 -9.77859785 0.598678634 4.15341073 -10.6871984 -3.85454234 2.28404275 -7.93300449 -3.85905036 3.23297267 -10.6871984 -3.85454234 2.28404275 -6.35575096 -6.48252383 1.77738564 -8.4476956 -7.91882008 -0.0435425439 -4.26380552 -5.046228 3.5983153 -7.93300449 -3.85905036 3.23297267 -5.17881009 -3.86355921 4.18190377 -5.17881009 -3.86355921 4.18190377 -5.1451532 -2.10273286 4.83002008 -5.17881009 -3.86355921 4.18190377 -5.1451532 -2.10273286 4.83002008 -5.08691292 1.43325446 5.51339771 -3.92335516 -0.76803876 5.38994026 -1.81986299 1.61525495 6.37276256 -2.31921361 -0.548056932 5.84086095 -2.31921361 -0.548056932 5.84086095 0.82266462 -0.303897538 7.24305657 -0.678653427 -1.46094876 6.40319153 -2.31921361 -0.548056932 5.84086095 -0.678653427 -1.46094876 6.40319153 1.56310348 -3.42350097 8.31194526 0.0263745646 -3.67516721 7.28844965 0.0263745646 -3.67516721 7.28844965 0.0801624277 -6.12523621 9.68513091 -1.00130069 -5.75592323 8.48969374 0.0263745646 -3.67516721 7.28844965 -1.00130069 -5.75592323 8.48969374 -2.74516455 -6.95857789 11.3218383 -3.39719247 -6.52838187 10.1070964 -1.00130069 -5.75592323 8.48969374 -3.39719247 -6.52838187 10.1070964 -5.22012826 -5.46271356 13.0463284 -5.73986149 -5.09891131 11.9870008 -3.39719247 -6.52838187 10.1070964 -9.77859785 0.598678634 4.15341073 -7.46187529 -0.752026826 4.49171521 -6.25047255 3.63454627 5.63685517 -5.08691292 1.43325446 5.51339771 -1.32051157 3.77856515 6.90466407 -1.81986299 1.61525495 6.37276256 -1.32051157 3.77856515 6.90466407 -1.81986299 1.61525495 6.37276256 2.32398182 0.853154304 8.08292086 0.82266462 -0.303897538 7.24305657 2.32398182 0.853154304 8.08292086 0.82266462 -0.303897538 7.24305657 3.09983212 -3.17183832 9.33544186 1.56310348 -3.42350097 8.31194526 3.09983212 -3.17183832 9.33544186 1.56310348 -3.42350097 8.31194526 1.16162545 -6.49454942 10.8805664 0.0801624277 -6.12523621 9.68513091 1.16162545 -6.49454942 10.8805664 1.16162545 -6.49454942 10.8805664 0.0801624277 -6.12523621 9.68513091 -2.09313748 -7.38877442 12.5365803 -2.74516455 -6.95857789 11.3218383 -2.09313748 -7.38877442 12.5365803 -2.09313748 -7.38877442 12.5365803 -2.74516455 -6.95857789 11.3218383 -4.70039335 -5.82651897 14.1056527 -5.22012826 -5.46271356 13.0463284 -4.70039335 -5.82651897 14.1056527 -4.70039335 -5.82651897 14.1056527 -5.31159613 -3.01968208 15.4294408 -5.76594291 -2.54935644 14.6396345 -5.73986149 -5.09891131 11.9870008 -5.22012826 -5.46271356 13.0463284 -6.22028945 -2.07903183 13.849827 -7.46187529 -0.752026826 4.49171521 -8.19074351 -1.36882295 7.02042542 -7.93300449 -3.85905036 3.23297267 -8.79751991 -5.07212354 5.73639731 -7.93300449 -3.85905036 3.23297267 -8.79751991 -5.07212354 5.73639731 -6.35575096 -6.48252383 1.77738564 -6.65777225 -8.74518317 3.90907878 -6.35575096 -6.48252383 1.77738564 -8.79751991 -5.07212354 5.73639731 -6.05372892 -4.21986351 -0.354308455 -7.0684885 -2.64597782 0.72954695 -7.93300449 -3.85905036 3.23297267 -6.05372892 -4.21986351 -0.354308455 -7.0684885 -2.64597782 0.72954695 -6.73300661 -0.135229794 1.96300539 -7.46187529 -0.752026826 4.49171521 -6.73300661 -0.135229794 1.96300539 -5.08691292 1.43325446 5.51339771 -4.54365966 1.85479857 3.11715494 -4.54365966 1.85479857 3.11715494 -1.81986299 1.61525495 6.37276256 -1.15215069 1.9899546 4.22196051 -1.81986299 1.61525495 6.37276256 -4.54365966 1.85479857 3.11715494 -1.15215069 1.9899546 4.22196051 0.82266462 -0.303897538 7.24305657 1.84179309 -0.315801791 5.43769419 0.82266462 -0.303897538 7.24305657 -1.15215069 1.9899546 4.22196051 1.84179309 -0.315801791 5.43769419 1.56310348 -3.42350097 8.31194526 2.60714928 -4.03487193 6.89469098 1.56310348 -3.42350097 8.31194526 2.60714928 -4.03487193 6.89469098 0.0801624277 -6.12523621 9.68513091 0.611408429 -7.42029932 8.80444231 0.0801624277 -6.12523621 9.68513091 0.611408429 -7.42029932 8.80444231 -2.74516455 -6.95857789 11.3218383 -3.08299556 -8.32940833 11.0176993 -2.74516455 -6.95857789 11.3218383 -3.08299556 -8.32940833 11.0176993 -5.22012826 -5.46271356 13.0463284 -6.15011383 -6.25371924 13.2309492 -5.22012826 -5.46271356 13.0463284 -8.19074351 -1.36882295 7.02042542 -5.63016637 1.01171051 7.90963954 -5.08691292 1.43325446 5.51339771 -5.63016637 1.01171051 7.90963954 -5.08691292 1.43325446 5.51339771 -2.48757411 1.24055404 8.52356365 -2.48757411 1.24055404 8.52356365 -5.08691292 1.43325446 5.51339771 -2.48757411 1.24055404 8.52356365 -1.81986299 1.61525495 6.37276256 -0.196462749 -0.29199485 9.04841912 0.82266462 -0.303897538 7.24305657 -0.196462749 -0.29199485 9.04841912 -1.81986299 1.61525495 6.37276256 -0.196462749 -0.29199485 9.04841912 0.82266462 -0.303897538 7.24305657 0.51905773 -2.81213041 9.7291988 0.51905773 -2.81213041 9.7291988 1.56310348 -3.42350097 8.31194526 -0.451085149 -4.83017399 10.5658198 -0.451085149 -4.83017399 10.5658198 0.0801624277 -6.12523621 9.68513091 -2.4073369 -5.587747 11.6259792 -2.4073369 -5.587747 11.6259792 -2.74516455 -6.95857789 11.3218383 -4.29014093 -4.67171094 12.8617043 -4.29014093 -4.67171094 12.8617043 -5.22012826 -5.46271356 13.0463284 -4.86328326 -2.4876553 14.1571101 -5.76594291 -2.54935644 14.6396345 -6.15011383 -6.25371924 13.2309492 -6.66860328 -2.61106085 15.1221568 -3.52462465 -7.25349383 4.49168992 -3.53600856 -9.93518553 4.15337042 0.774901235 -8.49543652 2.28402523 -0.598294194 -6.10798583 3.23296423 0.774901235 -8.49543652 2.28402523 0.885079006 -3.43029904 1.77739701 3.17492661 -4.52381844 -0.0435299755 -1.40476815 -2.33677908 3.59832518 -0.598294194 -6.10798583 3.23296423 -1.97148923 -3.72053403 4.18190403 -1.97148923 -3.72053403 4.18190403 -3.52462465 -7.25349383 4.49168992 -3.51324069 -4.57180281 4.83001026 -3.52462465 -7.25349383 4.49168992 -3.51324069 -4.57180281 4.83001026 -5.28002052 -4.1810447 5.38992692 -8.39576256 -3.55101908 6.37274242 -6.27260241 -2.90181076 5.8408515 -8.39576256 -3.55101908 6.37274242 -6.27260241 -2.90181076 5.8408515 -8.05499378 -0.302951764 7.24305602 -6.30229633 -1.02460123 6.40319261 -8.05499378 -0.302951764 7.24305602 -6.27260241 -2.90181076 5.8408515 -6.30229633 -1.02460123 6.40319261 -5.7235601 1.89808306 8.31196472 -4.73724316 0.693075291 7.28846571 -5.7235601 1.89808306 8.31196472 -4.73724316 0.693075291 7.28846571 -2.64232269 1.96467797 9.68516064 -2.42142183 0.84345343 8.48971811 -2.64232269 1.96467797 9.68516064 -4.73724316 0.693075291 7.28846571 -2.42142183 0.84345343 8.48971811 -0.507969702 -0.065464912 11.3218634 -0.554512663 -0.845229281 10.1071176 -0.507969702 -0.065464912 11.3218634 -0.554512663 -0.845229281 10.1071176 -0.565950772 -2.95678811 13.0463362 -0.621142836 -3.58878574 11.9870061 -0.554512663 -0.845229281 10.1071176 -3.53600856 -9.93518553 4.15337042 -7.92921444 -8.39768098 5.63680914 -3.52462465 -7.25349383 4.49168992 -10.5189221 -4.20022593 6.90463307 -8.39576256 -3.55101908 6.37274242 -10.5189221 -4.20022593 6.90463307 -9.80769132 0.418696602 8.08291857 -8.05499378 -0.302951764 7.24305602 -9.80769132 0.418696602 8.08291857 -6.70987358 3.10309203 9.33546511 -5.7235601 1.89808306 8.31196472 -6.70987358 3.10309203 9.33546511 -2.86322326 3.08590186 10.8806019 -2.64232269 1.96467797 9.68516064 -2.86322326 3.08590186 10.8806019 -2.86322326 3.08590186 10.8806019 -0.461425779 0.71429784 12.5366108 -0.507969702 -0.065464912 11.3218634 -0.461425779 0.71429784 12.5366108 -0.510756907 -2.32478821 14.1056654 -0.565950772 -2.95678811 13.0463362 -0.510756907 -2.32478821 14.1056654 -0.507969702 -0.065464912 11.3218634 -0.510756907 -2.32478821 14.1056654 -2.63595244 -4.25753071 15.4294356 -0.565950772 -2.95678811 13.0463362 -2.81609056 -4.88616475 14.6396244 -0.621142836 -3.58878574 11.9870061 -2.99622795 -5.51479876 13.8498138 -3.52462465 -7.25349383 4.49168992 -2.62603815 -7.57632825 7.02040119 -0.598294194 -6.10798583 3.23296423 0.884507569 -6.25015533 5.73639269 -0.598294194 -6.10798583 3.23296423 0.884507569 -6.25015533 5.73639269 0.885079006 -3.43029904 1.77739701 2.99560339 -2.56053965 3.90910202 0.885079006 -3.43029904 1.77739701 0.884507569 -6.25015533 5.73639269 -1.22544653 -4.30005875 -0.35430898 -0.598294194 -6.10798583 3.23296423 -2.08109592 -5.96581493 0.729533993 -0.598294194 -6.10798583 3.23296423 -1.22544653 -4.30005875 -0.35430898 -2.08109592 -5.96581493 0.729533993 -3.52462465 -7.25349383 4.49168992 -4.42321285 -6.93065998 1.96297958 -4.42321285 -6.93065998 1.96297958 -6.60461875 -6.28936202 5.51336812 -7.24130531 -6.02965002 3.1171245 -6.60461875 -6.28936202 5.51336812 -7.24130531 -6.02965002 3.1171245 -8.39576256 -3.55101908 6.37274242 -9.05411138 -3.1601012 4.2219406 -8.39576256 -3.55101908 6.37274242 -7.24130531 -6.02965002 3.1171245 -9.05411138 -3.1601012 4.2219406 -8.05499378 -0.302951764 7.24305602 -8.55424245 0.585601656 5.43769689 -8.05499378 -0.302951764 7.24305602 -9.05411138 -3.1601012 4.2219406 -8.55424245 0.585601656 5.43769689 -5.7235601 1.89808306 8.31196472 -5.71611516 3.10794629 6.89471756 -5.7235601 1.89808306 8.31196472 -5.71611516 3.10794629 6.89471756 -2.64232269 1.96467797 9.68516064 -1.78638486 3.07228684 8.80448127 -2.64232269 1.96467797 9.68516064 -1.78638486 3.07228684 8.80448127 -0.507969702 -0.065464912 11.3218634 0.848120887 0.327381465 11.0177313 0.848120887 0.327381465 11.0177313 -0.565950772 -2.95678811 13.0463362 0.584072256 -3.36667795 13.2309597 -0.565950772 -2.95678811 13.0463362 -2.62603815 -7.57632825 7.02040119 -3.52462465 -7.25349383 4.49168992 -5.96793194 -6.54907504 7.90961038 -5.96793194 -6.54907504 7.90961038 -6.60461875 -6.28936202 5.51336812 -7.73741388 -3.94193521 8.52354329 -7.73741388 -3.94193521 8.52354329 -6.60461875 -6.28936202 5.51336812 -7.73741388 -3.94193521 8.52354329 -8.39576256 -3.55101908 6.37274242 -7.55574436 -1.19150331 9.04841499 -7.55574436 -1.19150331 9.04841499 -8.39576256 -3.55101908 6.37274242 -7.55574436 -1.19150331 9.04841499 -8.05499378 -0.302951764 7.24305602 -5.73100468 0.688219884 9.72921139 -5.73100468 0.688219884 9.72921139 -5.7235601 1.89808306 8.31196472 -3.49825887 0.857068075 10.5658407 -3.49825887 0.857068075 10.5658407 -2.64232269 1.96467797 9.68516064 -1.86405921 -0.458315081 11.625998 -0.507969702 -0.065464912 11.3218634 -1.86405921 -0.458315081 11.625998 -0.507969702 -0.065464912 11.3218634 -1.71597229 -2.54689555 12.8617116 -1.71597229 -2.54689555 12.8617116 -0.565950772 -2.95678811 13.0463362 -3.32085363 -4.13528624 14.1571029 -2.81609056 -4.88616475 14.6396244 0.584072256 -3.36667795 13.2309597 -2.31132441 -5.63704237 15.1221453</float_array>
        <technique_common><accessor source="#vfx_kurp_0443-mesh-positions-array" count="915" stride="3"><param name="X" type="float"/><param name="Y" type="float"/><param name="Z" type="float"/></accessor></technique_common>
      </source>
      <source id="vfx_kurp_0443-mesh-normals">
        <float_array id="vfx_kurp_0443-mesh-normals-array" count="2745">0.0444574663 0.511075525 0.858385311 0.044457466 0.511075525 0.85838531 0.0444575389 0.511075559 0.858385287 0.0443659066 0.511106504 0.858371602 0.0766316251 0.580225819 0.81084252 0.0766316251 0.580225819 0.81084252 0.0766316251 0.580225819 0.81084252 0.0795171044 0.576181265 0.813444638 0.0809973669 0.57680009 0.812859817 0.0774551062 0.581944007 0.809531889 0.0443540038 0.511079423 0.858388342 0.721485608 0.340561806 0.602889852 0.044475339 0.511033463 0.858409427 -0.00555674715 0.624077274 0.781342869 -0.00555666649 0.624077295 0.781342853 -0.00555674715 0.624077274 0.781342869 -0.00420619936 0.624345907 0.781136669 -0.293932866 0.723651822 0.624444963 -0.293932793 0.723651863 0.624444949 -0.293932849 0.723651864 0.624444922 -0.287804068 0.729125846 0.620922152 -0.712958667 0.535153941 0.45310065 -0.712958667 0.535153941 0.45310065 -0.712958667 0.535153941 0.45310065 -0.715052183 0.528340068 0.457774124 -0.960117012 0.0261402517 0.278373868 -0.960117025 0.0261402747 0.27837382 -0.960117006 0.0261402714 0.278373886 -0.955823946 0.00705629363 0.293855053 -0.955823946 0.00705629363 0.293855053 -0.955823946 0.00705629363 0.293855053 -0.80713118 -0.572804322 0.14294918 -0.807131173 -0.572804351 0.142949101 -0.80713118 -0.572804322 0.14294918 -0.801262262 -0.579173118 0.150124236 -0.801262275 -0.579173091 0.150124272 -0.801262271 -0.579173096 0.150124276 -0.305319637 -0.951994451 -0.0220563919 -0.305319637 -0.951994451 -0.0220563919 -0.305319637 -0.951994451 -0.0220563919 -0.297687179 -0.95452807 -0.0160781472 0.273551783 -0.937095502 -0.216844279 0.273551783 -0.937095502 -0.216844279 0.273551827 -0.937095495 -0.216844257 0.274908578 -0.936885037 -0.216036342 -0.00568985931 0.624361333 0.781114941 -0.00568985931 0.624361333 0.781114941 0.965586915 0.156306002 0.207870977 -0.296133728 0.724106223 0.622876387 -0.296133717 0.72410621 0.622876407 0.654165674 0.741074295 -0.151248674 -0.710615415 0.536954099 0.454649346 -0.710615425 0.536954091 0.45464934 -0.000878566058 0.896034505 -0.443983552 -0.958489631 0.03611209 0.282831301 -0.958489635 0.0361121122 0.282831285 -0.524813948 0.542059095 -0.656309574 -0.954932714 0.0208495596 0.29608919 -0.954932709 0.0208495373 0.296089206 -0.810374798 -0.56772058 0.144865556 -0.810374787 -0.567720615 0.144865481 -0.618125239 0.0284405583 -0.785564971 -0.804730946 -0.573952934 0.151611784 -0.311924609 -0.94989478 -0.0200734855 -0.311924617 -0.949894778 -0.0200734741 -0.380627031 -0.298081538 -0.875368756 0.272248888 -0.937567882 -0.2164417 0.272248888 -0.937567882 -0.2164417 -0.109707756 -0.348002304 -0.931052418 0.661110893 -0.617185532 -0.426631464 0.661110893 -0.617185532 -0.426631464 0.661110891 -0.617185512 -0.426631496 0.675719222 -0.604029015 -0.422554709 0.675719222 -0.604029015 -0.422554709 0.675719211 -0.604029023 -0.422554715 0.287903644 -0.418278949 -0.861483727 0.669466778 -0.605098663 -0.430894234 0.677682299 -0.5990008 -0.426549813 0.677682315 -0.599000816 -0.426549766 0.999350052 -0.031006667 -0.0183864356 0.999350053 -0.031006627 -0.0183864058 0.999350052 -0.031006667 -0.0183864356 0.99873949 -0.0425258274 -0.0266642886 0.998739492 -0.0425258285 -0.0266642445 0.736752103 -0.596872691 0.317709503 0.736752117 -0.596872678 0.317709497 0.737502535 -0.596184614 0.317260014 0.734033278 -0.602947853 0.312488453 0.735896297 -0.601493638 0.310905201 0.73854868 -0.595222752 0.31663184 0.998852726 -0.0376672203 -0.0295704701 0.998852726 -0.0376672203 -0.0295704701 0.998999676 -0.0238459257 -0.0378288135 0.999415175 -0.0270338222 -0.0209399057 0.999415175 -0.0270338222 -0.0209399057 0.773117723 0.51987832 -0.363339398 0.773117723 0.51987832 -0.363339398 0.774884612 0.518026548 -0.362218626 0.769295652 0.530753366 -0.355647388 0.266286471 0.727115426 -0.632767471 0.266286428 0.727115442 -0.632767471 0.270412205 0.726641778 -0.631560738 0.254162461 0.738490194 -0.624526762 0.254162461 0.738490194 -0.624526762 -0.157388042 0.561299013 -0.812509952 -0.157388046 0.561299007 -0.812509955 -0.157236861 0.561392511 -0.812474626 -0.158072006 0.561431374 -0.812285697 -0.320373969 0.276392324 -0.906072736 -0.320373945 0.27639232 -0.906072746 -0.321367379 0.274307448 -0.906354474 -0.312917092 0.27972589 -0.907654295 -0.275421969 0.119210648 -0.953903329 -0.275421969 0.119210648 -0.953903329 -0.275558171 0.119742783 -0.953797337 -0.276218015 0.117691563 -0.953861785 -0.278743298 0.119333134 -0.952922755 -0.279170053 0.12135684 -0.952542177 -0.430103917 0.114795 -0.895451132 -0.430103917 0.114795 -0.895451132 -0.431656365 0.114708743 -0.894714864 -0.426463579 0.111481982 -0.897608257 0.777872348 0.514871473 -0.360308168 0.777872351 0.514871443 -0.360308205 -0.93922023 0.307318845 -0.153037535 0.772589957 0.528055692 -0.352508077 0.27913734 0.725593288 -0.628964805 0.27913734 0.725593288 -0.628964805 -0.939348024 -0.314538249 0.136714956 0.260414505 0.739945172 -0.620214018 0.260414505 0.739945172 -0.620214018 -0.156864555 0.561622697 -0.812387505 -0.156864555 0.561622697 -0.812387505 -0.494772579 -0.76086429 0.419863819 -0.324988239 0.266665158 -0.907343561 -0.324988215 0.266665154 -0.907343571 0.00228347756 -0.765067923 0.64394554 -0.312195828 0.276305165 -0.908949515 -0.276093032 0.121835722 -0.953377519 -0.276093032 0.121835722 -0.953377519 0.341426028 -0.444983121 0.827899927 -0.276252898 0.117714606 -0.953848839 0.274097581 -0.113479904 0.954983156 -0.437976771 0.114353464 -0.891683595 -0.43797676 0.114353424 -0.891683605 0.0500176271 -0.132497659 0.989920505 -0.638302808 -0.062166754 -0.767271021 -0.638302819 -0.0621667541 -0.767271012 -0.638302808 -0.062166754 -0.767271021 -0.639298365 -0.06246232 -0.766417679 -0.0403154436 -0.388084478 0.920741605 -0.73171489 -0.161178185 -0.662280086 -0.638963189 -0.0627855625 -0.766670735 -0.63936776 -0.0627433719 -0.76633683 -0.526527432 -0.849959228 -0.0183895229 -0.526527432 -0.849959228 -0.0183895229 -0.526527452 -0.849959215 -0.018389536 -0.536198079 -0.843670834 -0.0266672904 -0.536198099 -0.84367082 -0.0266673035 -0.536198079 -0.843670834 -0.0266672904 -0.8852821 -0.339611427 0.317710058 -0.885282102 -0.339611425 0.317710056 -0.8852821 -0.339611427 0.317710058 -0.889184029 -0.334219112 0.312488955 -0.888855731 -0.336560047 0.310906455 -0.884751102 -0.341992608 0.316633136 -0.532047081 -0.846198144 -0.0295737097 -0.532047055 -0.846198162 -0.0295736605 -0.0747623363 -0.803929934 0.590006147 -0.52311937 -0.852002062 -0.0209430522 -0.52311939 -0.852002049 -0.0209430653 0.063667608 -0.929476586 -0.363345169 0.063667608 -0.929476586 -0.363345169 0.063667608 -0.929476586 -0.363345169 0.0749969859 -0.931604199 -0.355653017 0.0749969859 -0.931604199 -0.355653017 0.0749969859 -0.931604199 -0.355653017 0.49655507 -0.594164879 -0.632772597 0.496555078 -0.594164894 -0.632772576 0.496555078 -0.594164894 -0.632772576 0.512468056 -0.589352606 -0.624531823 0.512468056 -0.589352606 -0.624531823 0.512468056 -0.589352606 -0.624531823 0.564790505 -0.144343005 -0.812512635 0.564790513 -0.144342993 -0.812512632 0.564790515 -0.144342996 -0.81251263 0.565247235 -0.143816703 -0.812288323 0.399546771 0.139261002 -0.906073259 0.399546766 0.139260997 -0.906073262 0.399546789 0.13926098 -0.906073255 0.398705282 0.131136504 -0.907654844 0.24094731 0.178922602 -0.953903086 0.24094731 0.178922602 -0.953903086 0.24094731 0.178922602 -0.953903086 0.240029759 0.180371453 -0.953861549 0.242713963 0.181737591 -0.952922547 0.244680032 0.181095287 -0.952541957 0.314464501 0.315088659 -0.895450286 0.314464482 0.315088678 -0.895450286 0.314464482 0.315088678 -0.895450286 0.309774959 0.313592571 -0.897607472 0.0569547693 -0.93109098 -0.360313394 0.0569547882 -0.931090971 -0.360313413 0.3989504 -0.722000069 0.565291499 0.0710136224 -0.933108417 -0.352513472 0.488811717 -0.604533094 -0.628969669 0.488811717 -0.604533094 -0.628969669 0.746003022 -0.601507793 0.285775902 0.510602276 -0.595494619 -0.620218892 0.564809308 -0.144957994 -0.81239007 0.564809308 -0.144957994 -0.81239007 0.982836711 -0.184082348 -0.0120701843 0.393429926 0.148120599 -0.907344026 0.393429926 0.148120599 -0.907344026 0.393429926 0.148120599 -0.907344026 0.905796924 0.369243763 -0.207824388 0.395382198 0.132222097 -0.908950072 0.243556329 0.178191078 -0.953377289 0.243556329 0.178191078 -0.953377289 0.526799798 0.745175947 -0.408894584 0.240067056 0.180390132 -0.95384863 0.0802302716 0.86322768 -0.498398512 0.318018443 0.322127491 -0.891682763 0.318018424 0.322127509 -0.891682763 -0.323780229 0.755930114 -0.568978054 0.309479651 0.316365395 -0.896735905 0.265310893 0.583874155 -0.767268598 0.265310901 0.583874163 -0.767268589 0.265310893 0.583874155 -0.767268598 0.265552685 0.58488412 -0.766415252 -0.223810977 0.610589944 -0.759663456 0.265105047 0.58475546 -0.766668354 0.26534392 0.585084816 -0.766334367 -0.464835967 -0.217041169 0.85838258 -0.464835967 -0.217041169 0.85838258 -0.464835968 -0.21704117 0.85838258 -0.464816929 -0.21713626 0.858368841 -0.540808721 -0.223752769 0.810839457 -0.540808719 -0.223752767 0.810839459 -0.540808719 -0.223752767 0.810839459 -0.53874875 -0.219231573 0.81344164 -0.540024849 -0.218259037 0.812856786 -0.542708544 -0.223898887 0.809528705 -0.464787324 -0.217133239 0.858385636 -0.655680052 0.454540168 0.602890459 -0.464808219 -0.217004796 0.858406802 -0.537691001 -0.316855508 0.781339219 -0.537690962 -0.316855547 0.78133923 -0.537690981 -0.316855527 0.781339224 -0.538598741 -0.315820403 0.781133067 -0.479736392 -0.616382636 0.624440101 -0.479736392 -0.616382636 0.624440101 -0.479736404 -0.616382649 0.624440079 -0.487541335 -0.613811948 0.620917337 -0.106978698 -0.885019835 0.453095409 -0.106978733 -0.885019833 0.453095406 -0.10697868 -0.885019846 0.453095392 -0.100031246 -0.883426037 0.457768705 0.457419582 -0.844557377 0.278370549 0.457419588 -0.84455737 0.278370562 0.457419588 -0.84455737 0.278370562 0.471800337 -0.83129743 0.293852046 0.471800346 -0.831297422 0.293852054 0.471800346 -0.831297422 0.293852054 0.899628283 -0.412594571 0.142949896 0.899628268 -0.412594596 0.142949915 0.899628289 -0.412594565 0.142949871 0.902209333 -0.40432753 0.150125175 0.902209333 -0.40432753 0.150125175 0.902209339 -0.404327525 0.15012515 0.977111247 0.211582918 -0.0220517435 0.977111247 0.211582918 -0.0220517435 0.977111247 0.211582918 -0.0220517435 0.975489185 0.219459544 -0.0160735334 0.674773087 0.705452001 -0.216838087 0.674773087 0.705452001 -0.216838087 0.674773087 0.705452001 -0.216838087 0.673912547 0.706521649 -0.216030179 -0.537870449 -0.317112565 0.781111388 -0.537870449 -0.317112565 0.781111388 -0.618159186 0.758068552 0.20787326 -0.479029145 -0.618516095 0.62287151 -0.47902915 -0.618516053 0.622871548 -0.968871514 0.195987668 -0.15125086 -0.109709639 -0.883890699 0.454643847 -0.109709639 -0.883890699 0.454643847 -0.775547853 -0.448775574 -0.443988752 0.447970036 -0.848133912 0.282828066 0.447970036 -0.848133912 0.282828066 -0.207027637 -0.725528188 -0.656314259 0.459409274 -0.837422339 0.296086045 0.459409264 -0.837422347 0.296086037 0.896847441 -0.417945528 0.144866154 0.896847441 -0.417945528 0.144866154 0.284434851 -0.549528066 -0.785567133 0.899422874 -0.409941652 0.151612456 0.978595368 0.204812931 -0.0200691062 0.978595369 0.204812922 -0.0200691506 0.448462812 -0.180587005 -0.875368174 0.675833794 0.704559679 -0.216435537 0.675833794 0.704559679 -0.216435537 0.356235599 0.0789967184 -0.931050867 0.203944103 0.881134047 -0.426625825 0.203944134 0.881134042 -0.426625821 0.203944103 0.881134047 -0.426625825 0.185246182 0.887206895 -0.422549142 0.185246182 0.887206895 -0.422549142 0.185246182 0.887206895 -0.422549142 0.218291169 0.458476281 -0.861480391 0.189298719 0.882326992 -0.430888703 0.17990993 0.886392965 -0.426544171 -0.472822586 0.880965874 -0.0183828987 -0.472822571 0.880965882 -0.0183829214 -0.472822571 0.880965882 -0.0183829214 -0.462541598 0.886196641 -0.0266605313 -0.462541598 0.886196641 -0.0266605313 0.148529504 0.936480618 0.317715341 0.148529494 0.936480616 0.317715351 0.147558429 0.936786487 0.3172658 0.155150226 0.937163662 0.312494285 0.152959313 0.938049998 0.310911 0.146202451 0.937211556 0.316637557 -0.46680552 0.883865593 -0.0295672067 -0.46680552 0.883865593 -0.0295672067 -0.478847567 0.877082745 -0.037826788 -0.476295652 0.879035899 -0.0209365946 -0.476295667 0.879035891 -0.0209365718 -0.836785488 0.409602398 -0.363339955 -0.836785488 0.409602398 -0.363339955 -0.836065317 0.412058394 -0.362219085 -0.844292558 0.400854826 -0.35564798 -0.844292565 0.400854801 -0.355647991 -0.762841553 -0.132943488 -0.632770728 -0.762841548 -0.132943538 -0.632770723 -0.764494252 -0.129133633 -0.631563966 -0.766630424 -0.14913055 -0.624530121 -0.766630425 -0.14913055 -0.62453012 -0.407402474 -0.416947003 -0.812513644 -0.407402474 -0.416947003 -0.812513644 -0.407559065 -0.416862815 -0.812478308 -0.407175083 -0.417605664 -0.812289334 -0.0791727501 -0.415643216 -0.906075269 -0.0791727501 -0.415643216 -0.906075269 -0.0768705335 -0.415461124 -0.90635698 -0.0857882041 -0.410852142 -0.907656819 0.0344746666 -0.298122504 -0.953904854 0.0344746666 -0.298122504 -0.953904854 0.0340819078 -0.298506521 -0.953798868 0.0361884226 -0.29805234 -0.953863303 0.0360295195 -0.30105976 -0.952924391 0.0344899684 -0.302441503 -0.952543741 0.115639484 -0.429873622 -0.895453058 0.115639518 -0.429873603 -0.895453062 0.116490417 -0.431174915 -0.894716813 0.1166886 -0.425064202 -0.897610269 -0.834826923 0.41622327 -0.360308478 -0.834826923 0.41622327 -0.360308478 0.203465001 -0.96704711 -0.153042084 -0.843603567 0.405056501 -0.352508514 -0.84360356 0.405056525 -0.352508504 -0.767948818 -0.121053255 -0.628967982 -0.767948819 -0.121053255 -0.628967981 0.742071575 -0.656231015 0.136713686 -0.771016515 -0.144443627 -0.620217359 -0.771016515 -0.144443627 -0.620217359 -0.407944617 -0.416655423 -0.812391192 -0.407944617 -0.416655423 -0.812391192 0.90631264 -0.0480556794 0.419866706 -0.0684417806 -0.414775549 -0.907346112 -0.068441777 -0.414775555 -0.907346109 0.66142428 0.384508189 0.643949823 -0.0831864048 -0.408517043 -0.90895206 0.0325368666 -0.300016081 -0.953379097 0.0325368666 -0.300016081 -0.953379097 0.214650734 0.51817073 0.827903471 0.03618556 -0.298094016 -0.953850388 -0.0387758587 0.294110388 0.954984561 0.119958442 -0.436470706 -0.891685648 0.119958442 -0.436470706 -0.891685648 0.0897344941 0.109559797 0.989921397 0.119237631 -0.426194913 -0.896738693 0.372992013 -0.521698807 -0.767272646 0.372992019 -0.521698817 -0.767272636 0.372992007 -0.521698798 -0.767272655 0.373745736 -0.522413158 -0.766419348 0.356245849 0.159122568 0.920743669 0.505444058 -0.553090633 -0.662281704 0.373858052 -0.521961227 -0.766672443 0.374023841 -0.522332717 -0.766338501 0.420378609 -0.294043953 0.858382187 0.420378621 -0.294043929 0.858382189 0.420378632 -0.294043906 0.858382192 0.42045074 -0.293980568 0.858368569 0.464176691 -0.356482458 0.81083923 0.464176667 -0.356482454 0.810839245 0.464515976 -0.356977298 0.81042712 0.459231004 -0.356959093 0.81344151 0.459027898 -0.358550148 0.812856187 0.465254098 -0.358054383 0.809528062 0.420434102 -0.293955688 0.858385239 0.674200448 0.369463104 0.639492588 0.420333129 -0.294038135 0.858406451 0.543247685 -0.30723066 0.78133941 0.543247697 -0.307230661 0.781339402 0.543420487 -0.307245523 0.781213392 0.542805072 -0.308534537 0.781133211 0.773669344 -0.10727598 0.624441839 0.773669344 -0.10727598 0.624441839 0.774449618 -0.106400089 0.623623933 0.775345544 -0.115320547 0.620919043 0.81993761 0.349860912 0.453100053 0.819937609 0.349860887 0.453100074 0.82012283 0.348469331 0.45383661 0.815083392 0.355080825 0.457773604 0.502697407 0.818414064 0.278376968 0.502697407 0.818414064 0.278376968 0.506265907 0.815515099 0.280410334 0.484023661 0.824238073 0.293858289 0.484023661 0.824238073 0.293858289 -0.0924973408 0.985397433 0.142955028 -0.0924973503 0.985397431 0.142955039 -0.0901110423 0.985508009 0.143714869 -0.100947202 0.983499151 0.150130221 -0.100947265 0.983499153 0.150130166 -0.671791758 0.7404118 -0.0220499443 -0.671791762 0.740411796 -0.022049948 -0.670020914 0.742034769 -0.0213629663 -0.677802091 0.73506872 -0.0160717923 -0.948325126 0.231645954 -0.21684005 -0.948325126 0.231645954 -0.21684005 -0.948252699 0.232054918 -0.216719483 -0.948821266 0.230365686 -0.21603207 0.543560288 -0.307257511 0.78111141 0.543560284 -0.307257456 0.781111435 0.143195395 0.768351901 0.623803202 0.775163283 -0.105597193 0.622873275 0.775163283 -0.105597193 0.622873275 -0.0814055155 0.498432327 0.863098116 0.820324963 0.346931484 0.454648767 0.82032497 0.346931483 0.454648754 -0.00300171713 0.323994808 0.946054097 0.51051948 0.81201885 0.282834312 0.510519475 0.812018858 0.282834299 0.0925919369 0.50427621 0.858564055 0.495523511 0.816569608 0.29609209 0.495523511 0.816569608 0.29609209 -0.0864727433 0.985664641 0.144871256 -0.0864727243 0.985664646 0.144871234 -0.22448928 0.673195117 0.704565751 -0.094692133 0.983893037 0.151617586 -0.666670885 0.745082032 -0.0200673099 -0.666670886 0.745082032 -0.0200672816 -0.678708611 0.480864234 0.555089371 -0.948082736 0.233010668 -0.216437415 -0.948082736 0.233010668 -0.216437415 -0.96123467 0.0300631365 0.274087789 -0.865055104 -0.263943869 -0.426630168 -0.865055111 -0.263943868 -0.426630155 -0.865055098 -0.26394387 -0.426630181 -0.86096542 -0.283173104 -0.422553593 -0.743318258 -0.422640294 0.518510509 -0.860965425 -0.283173078 -0.422553601 -0.895496806 -0.444725908 0.0174452364 -0.858765567 -0.277223507 -0.43089306 -0.857592401 -0.287387398 -0.426548657 -0.857592412 -0.287387374 -0.426548651 -0.0831592329 0.379651827 0.921384302 -0.115639518 0.429873603 0.895453062 -0.1166886 0.425064202 0.897610269 -0.373858075 0.521961215 0.76667244 -0.373858052 0.521961227 0.766672443 -0.373858052 0.521961227 0.766672443 -0.374023841 0.522332717 0.766338501 -0.373745736 0.522413158 0.766419348 -0.223618607 0.469890411 0.853930747 -0.372992007 0.521698798 0.767272655 -0.119237631 0.426194913 0.896738693 -0.542139656 -0.145901866 0.827524766 -0.119958442 0.436470706 0.891685648 -0.119958442 0.436470706 0.891685648 -0.119958442 0.436470706 0.891685648 -0.0339128048 0.301512382 0.952858964 -0.0361855674 0.298094028 0.953850384 0.038348195 0.368427763 0.928865114 -0.0325368666 0.300016081 0.953379097 -0.032536874 0.300016093 0.953379093 0.0831864048 0.408517043 0.90895206 0.302063226 0.419940162 0.855808429 0.068441777 0.414775555 0.907346109 0.068441777 0.414775555 0.907346109 0.0684417806 0.414775549 0.907346112 0.407467743 0.417584112 0.812153648 0.67452714 0.236737083 0.699262963 0.407944617 0.416655423 0.812391192 0.407944611 0.416655435 0.812391188 0.771016515 0.144443627 0.620217359 0.856645442 -0.261510817 0.444714155 0.767948819 0.121053255 0.628967981 0.767948818 0.121053255 0.628967982 0.767948818 0.121053255 0.628967982 0.843603567 -0.405056501 0.352508514 0.587137985 -0.802962839 0.102565423 0.834826923 -0.41622327 0.360308478 0.834826923 -0.41622327 0.360308478 0.834826923 -0.41622327 0.360308478 0.472822571 -0.880965882 0.0183829214 0.0137079341 -0.970108328 -0.2422848 0.462541598 -0.886196641 0.0266605313 0.462541598 -0.886196641 0.0266605313 -0.0344899684 0.302441503 0.952543741 -0.0344899758 0.302441515 0.952543737 -0.0360295195 0.30105976 0.952924391 -0.0361884226 0.29805234 0.953863303 -0.0130923366 0.320976429 0.946996686 0.0857882041 0.410852142 0.907656819 0.0857882077 0.410852136 0.907656822 0.141820624 0.419619763 0.896552378 0.407175083 0.417605664 0.812289334 0.40717507 0.417605647 0.812289349 0.482897025 0.370535572 0.793419091 0.766630425 0.14913055 0.62453012 0.766630424 0.14913055 0.624530121 0.798521046 0.0359340755 0.600893402 0.762841548 0.132943538 0.632770723 0.844292565 -0.400854801 0.355647991 0.844292558 -0.400854826 0.35564798 0.963416231 -0.0873714448 -0.253368106 0.836785488 -0.409602398 0.363339955 0.476295667 -0.879035891 0.0209365718 0.476295652 -0.879035899 0.0209365946 0.161609364 -0.97398002 -0.158887802 0.46680552 -0.883865593 0.0295672067 0.46680552 -0.883865593 0.0295672067 -0.146202451 -0.937211556 -0.316637557 -0.146202451 -0.937211556 -0.316637557 -0.152959333 -0.938050002 -0.310910979 -0.152959323 -0.93805 -0.31091099 -0.148529494 -0.936480616 -0.317715351 -0.155150226 -0.937163662 -0.312494285 -0.859425574 -0.495391505 0.126392003 -0.674773087 -0.705452001 0.216838087 -0.32819252 -0.862109649 0.38607852 -0.673912547 -0.706521649 0.216030179 -0.673912547 -0.706521649 0.216030179 -0.189298719 -0.882326992 0.430888703 -0.189298719 -0.882326992 0.430888703 -0.17990993 -0.886392965 0.426544171 -0.185246182 -0.887206895 0.422549142 -0.185246182 -0.887206895 0.422549142 -0.203944103 -0.881134047 0.426625825 -0.203944134 -0.881134042 0.426625821 -0.203944103 -0.881134047 0.426625825 -0.67458362 -0.706015349 0.215590506 -0.674583599 -0.706015366 0.215590517 -0.675833794 -0.704559679 0.216435537 -0.976710378 -0.214104632 0.0140015996 -0.967087752 0.231206511 -0.106230077 -0.978595369 -0.204812922 0.0200691506 -0.978595368 -0.204812931 0.0200691062 -0.899422874 0.409941652 -0.151612456 -0.603201207 0.751375192 -0.267551163 -0.896847441 0.417945528 -0.144866154 -0.896847448 0.417945522 -0.144866129 -0.896847441 0.417945528 -0.144866154 -0.459409274 0.837422339 -0.296086045 -0.0343181657 0.9007506 -0.432978776 -0.447970036 0.848133912 -0.282828066 -0.447970036 0.848133912 -0.282828066 -0.447970036 0.848133912 -0.282828066 0.10432701 0.882516043 -0.4585644 0.412276078 0.687356181 -0.597971501 0.109709639 0.883890699 -0.454643847 0.109709639 0.883890699 -0.454643847 0.484560622 0.617027652 -0.620062804 0.533461027 0.374598762 -0.758350249 0.47902915 0.618516053 -0.622871548 0.479029133 0.618516083 -0.622871531 0.538548245 0.316413513 -0.780927831 0.477576089 0.233618406 -0.846961345 0.537870449 0.317112565 -0.781111388 0.464835968 0.21704117 -0.85838258 0.501475369 0.217837005 -0.837298927 0.464816929 0.21713626 -0.858368841 0.46481693 0.21713626 -0.85836884 -0.975489185 -0.219459544 0.0160735334 -0.975489173 -0.219459598 0.0160735166 -0.975489173 -0.219459598 0.0160735166 -0.902209339 0.404327525 -0.15012515 -0.902209333 0.40432753 -0.150125175 -0.902209333 0.40432753 -0.150125175 -0.899628268 0.412594596 -0.142949915 -0.899628283 0.412594571 -0.142949896 -0.471800346 0.831297422 -0.293852054 -0.471800346 0.831297422 -0.293852054 -0.471800337 0.83129743 -0.293852046 -0.457419588 0.84455737 -0.278370562 -0.457419582 0.844557377 -0.278370549 0.100031246 0.883426037 -0.457768705 0.10003123 0.883426028 -0.457768725 0.100031248 0.883426017 -0.457768742 0.487541335 0.613811948 -0.620917337 0.487541323 0.613811935 -0.620917359 0.487541301 0.613811949 -0.620917363 0.538598741 0.315820403 -0.781133067 0.538598761 0.315820383 -0.781133062 0.538598761 0.315820383 -0.781133062 0.537690981 0.316855527 -0.781339224 0.464808219 0.217004796 -0.858406802 0.464808238 0.217004775 -0.858406797 0.464808238 0.217004775 -0.858406797 0.542708544 0.223898887 -0.809528705 0.542708544 0.223898887 -0.809528705 0.542708544 0.223898887 -0.809528705 0.540024853 0.218259041 -0.812856782 0.540808719 0.223752767 -0.810839459 0.53874875 0.219231573 -0.81344164 -0.287211379 -0.261849229 0.9213819 -0.314464482 -0.315088678 0.895450286 -0.309774959 -0.313592571 0.897607472 -0.265105039 -0.584755452 0.766668364 -0.265105047 -0.58475546 0.766668354 -0.265105047 -0.58475546 0.766668354 -0.26534392 -0.585084816 0.766334367 -0.265552685 -0.58488412 0.766415252 -0.295130448 -0.428609421 0.853927388 -0.265310893 -0.583874155 0.767268598 -0.309479651 -0.316365395 0.896735905 -0.318018424 -0.322127509 0.891682763 -0.318018443 -0.322127491 0.891682763 -0.244164111 -0.180130999 0.95285713 -0.242139303 -0.180498246 0.953304223 -0.240067091 -0.180390091 0.953848629 -0.338244799 -0.151008662 0.928863198 -0.243556329 -0.178191078 0.953377289 -0.395382198 -0.132222097 0.908950072 -0.514713196 0.0516195916 0.855807071 -0.393429926 -0.148120599 0.907344026 -0.393429926 -0.148120599 0.907344026 -0.565374964 0.144080906 0.812152598 -0.542286259 0.465785251 0.699263693 -0.564809308 0.144957994 0.81239007 -0.510602276 0.595494619 0.620218892 -0.201849163 0.872629681 0.444718286 -0.488811717 0.604533094 0.628969669 -0.488811717 0.604533094 0.628969669 -0.0710136224 0.933108417 0.352513472 0.401816862 0.909957259 0.102571905 -0.0569547882 0.931090971 0.360313413 -0.0569547693 0.93109098 0.360313394 0.526527452 0.849959215 0.018389536 0.833285179 0.496926965 -0.242279597 0.536198079 0.843670834 0.0266672904 0.536198079 0.843670834 0.0266672904 -0.244680032 -0.181095287 0.952541957 -0.244680032 -0.181095287 0.952541957 -0.244680032 -0.181095287 0.952541957 0.0600729098 -0.479344619 0.875568376 -0.240029759 -0.180371453 0.953861549 -0.271430501 -0.171831866 0.946994875 -0.398705282 -0.131136504 0.907654844 -0.3987053 -0.131136483 0.907654839 -0.3987053 -0.131136483 0.907654839 -0.434314481 -0.0869945266 0.896550547 -0.565247235 0.143816703 0.812288323 -0.565247223 0.14381671 0.81228833 -0.565247233 0.1438167 0.812288324 -0.562344231 0.232928945 0.793418599 -0.512468056 0.589352606 0.624531823 -0.512468056 0.589352606 0.624531823 -0.512468056 0.589352606 0.624531823 -0.430382068 0.673569142 0.600895903 -0.496555078 0.594164894 0.632772576 -0.0749969859 0.931604199 0.355653017 -0.0749969859 0.931604199 0.355653017 -0.0749969859 0.931604199 0.355653017 0.0411226267 0.947750407 0.316351222 -0.063667608 0.929476586 0.363345169 0.52311939 0.852002049 0.0209430653 0.52311937 0.852002062 0.0209430522 0.52311937 0.852002062 0.0209430522 0.611048481 0.791150139 -0.0264803836 0.532047055 0.846198162 0.0295736605 0.884751102 0.341992608 -0.316633136 0.884751102 0.341992608 -0.316633136 0.888855733 0.336560044 -0.310906453 0.885282102 0.339611425 -0.317710056 0.8852821 0.339611427 -0.317710058 0.889184029 0.334219112 -0.312488955 0.948252699 -0.232054918 0.216719483 0.94854914 -0.231068762 0.216475765 0.94863377 -0.230850305 0.216337945 0.948821266 -0.230365686 0.21603207 0.858765567 0.277223507 0.43089306 0.858765567 0.277223507 0.43089306 0.858765542 0.277223533 0.430893092 0.857592401 0.287387398 0.426548657 0.857592401 0.287387398 0.426548657 0.857592412 0.287387374 0.426548651 0.860965425 0.283173078 0.422553601 0.865055098 0.26394387 0.426630181 0.865055111 0.263943868 0.426630155 0.865055104 0.263943869 0.426630168 0.948718318 -0.2312001 0.215592361 0.948082736 -0.233010668 0.216437415 0.67377519 -0.73880376 0.0139999054 0.67377519 -0.73880376 0.0139999054 0.283313546 -0.95312522 -0.106234407 0.666670886 -0.745082032 0.0200672816 0.094692133 -0.983893037 -0.151617586 -0.349108517 -0.898073712 -0.267557191 0.0864727243 -0.985664646 -0.144871234 0.0864727338 -0.985664643 -0.144871245 0.0864727433 -0.985664641 -0.144871256 -0.495523511 -0.816569608 -0.29609209 -0.762912469 -0.48009315 -0.432983986 -0.510519475 -0.812018858 -0.282834299 -0.51051948 -0.81201885 -0.282834312 -0.51051948 -0.81201885 -0.282834312 -0.816443399 -0.350905388 -0.458569062 -0.801403879 0.0133664712 -0.597974213 -0.82032497 -0.346931483 -0.454648754 -0.820324963 -0.346931484 -0.454648767 -0.776639805 0.111130988 -0.62006493 -0.591139945 0.274696152 -0.758350571 -0.775163283 0.105597193 -0.622873275 -0.775163283 0.105597193 -0.622873275 -0.543293574 0.308194767 -0.780927703 -0.441104959 0.296788589 -0.846961008 -0.543560284 0.307257456 -0.781111435 -0.543560277 0.30725751 -0.781111419 -0.420378632 0.294043906 -0.858382192 -0.439387583 0.325376506 -0.837298442 -0.42045074 0.293980568 -0.858368569 -0.42045074 0.293980568 -0.858368569 0.677802091 -0.73506872 0.0160717923 0.677802096 -0.735068715 0.016071796 0.671791752 -0.740411805 0.0220499709 0.100947265 -0.983499153 -0.150130166 0.100947202 -0.983499151 -0.150130221 0.100947202 -0.983499151 -0.150130221 0.0924973503 -0.985397431 -0.142955039 0.0924973408 -0.985397433 -0.142955028 -0.484023661 -0.824238073 -0.293858289 -0.484023661 -0.824238073 -0.293858289 -0.484023661 -0.824238073 -0.293858289 -0.502697407 -0.818414064 -0.278376968 -0.502697407 -0.818414064 -0.278376968 -0.502697407 -0.818414064 -0.278376968 -0.815083392 -0.355080825 -0.457773604 -0.815083393 -0.355080849 -0.457773583 -0.815083399 -0.355080823 -0.457773591 -0.775345544 0.115320547 -0.620919043 -0.775345544 0.115320547 -0.620919043 -0.77534554 0.115320587 -0.620919042 -0.542805072 0.308534537 -0.781133211 -0.54280506 0.308534535 -0.78113322 -0.542805072 0.308534537 -0.781133211 -0.420333129 0.294038135 -0.858406451 -0.420333153 0.294038139 -0.858406438 -0.420333129 0.294038135 -0.858406451 -0.465254098 0.358054383 -0.809528062 -0.465254098 0.358054383 -0.809528062 -0.465254098 0.358054383 -0.809528062 -0.459027898 0.358550148 -0.812856187 -0.464176667 0.356482454 -0.810839245 -0.459231004 0.356959093 -0.81344151 0.370370638 -0.117813089 0.921382476 0.430103917 -0.114795 0.895451132 0.426463579 -0.111481982 0.897608257 0.638963189 0.0627855625 0.766670735 0.638963189 0.0627855625 0.766670735 0.638963189 0.0627855625 0.766670735 0.63936776 0.0627433719 0.76633683 0.639298365 0.06246232 0.766417679 0.518748983 -0.0412906563 0.853928905 0.638302808 0.062166754 0.767271021 0.428717193 -0.109839683 0.896736757 0.144717697 0.542453016 0.827527349 0.43797676 -0.114353424 0.891683605 0.43797676 -0.114353424 0.891683605 0.278077022 -0.121392284 0.952857326 0.276252898 -0.117714606 0.953848839 0.299896712 -0.217429523 0.928862942 0.276093032 -0.121835722 0.953377519 0.276093032 -0.121835722 0.953377519 0.312195828 -0.276305165 0.908949515 0.212649897 -0.471569278 0.85580514 0.324988215 -0.266665154 0.907343571 0.324988191 -0.26666515 0.907343581 0.324988239 -0.266665158 0.907343561 0.157907103 -0.561674023 0.81215001 -0.132241094 -0.702530081 0.699259449 0.156864555 -0.561622697 0.812387505 0.156864555 -0.561622697 0.812387505 -0.260414505 -0.739945172 0.620214018 -0.654796404 -0.611123683 0.444712845 -0.27913734 -0.725593288 0.628964805 -0.27913734 -0.725593288 0.628964805 -0.27913734 -0.725593288 0.628964805 -0.772589966 -0.528055682 0.352508072 -0.988954884 -0.106995453 0.102568077 -0.777872351 -0.514871443 0.360308205 -0.777872355 -0.514871487 0.360308134 -0.999350052 0.031006667 0.0183864356 -0.846993092 0.473184308 -0.242279408 -0.998739492 0.0425258285 0.0266642445 -0.99873949 0.0425258274 0.0266642886 0.279170053 -0.12135684 0.952542177 0.279170071 -0.121356881 0.952542166 0.278743298 -0.119333134 0.952922755 0.276218015 -0.117691563 0.953861785 0.284522858 -0.149155138 0.946994978 0.312917092 -0.27972589 0.907654295 0.312917106 -0.279725867 0.907654298 0.292493772 -0.332635193 0.896549621 0.158072006 -0.561431374 0.812285697 0.158071966 -0.561431351 0.81228572 0.0794472797 -0.603473366 0.793415418 -0.254162461 -0.738490194 0.624526762 -0.254162461 -0.738490194 0.624526762 -0.368138917 -0.709509901 0.600890537 -0.266286428 -0.727115442 0.632767471 -0.769295652 -0.530753366 0.355647388 -0.769295645 -0.53075342 0.355647322 -0.557374789 -0.790655743 -0.253370955 -0.999415175 0.0270338222 0.0209399057 -0.999415175 0.0270338222 0.0209399057 -0.924296611 0.347033169 -0.158882832 -0.998852726 0.0376672203 0.0295704701 -0.998852726 0.0376672203 0.0295704701 -0.73854868 0.595222752 -0.31663184 -0.738548674 0.595222763 -0.316631834 -0.735896304 0.601493635 -0.310905188 -0.735896304 0.601493635 -0.310905188 -0.736752117 0.596872678 -0.317709497 -0.734033278 0.602947853 -0.312488453 0.000691765397 0.991979424 0.126397564 -0.273551783 0.937095502 0.216844279 -0.582511192 0.715275812 0.386084477 -0.274908578 0.936885037 0.216036342 -0.274908595 0.936885027 0.216036362 -0.669466778 0.605098663 0.430894234 -0.669466762 0.605098647 0.430894281 -0.677682299 0.5990008 0.426549813 -0.677682318 0.599000765 0.426549833 -0.677682315 0.599000816 0.426549766 -0.675719211 0.604029023 0.422554715 -0.675719222 0.604029015 0.422554709 -0.661110891 0.617185512 0.426631496 -0.661110893 0.617185532 0.426631464 -0.661110893 0.617185532 0.426631464 -0.274134435 0.937213073 0.215596769 -0.274134418 0.93721307 0.215596804 -0.272248888 0.937567882 0.2164417 0.30293525 0.952908215 0.0140059839 0.683774408 0.721919751 -0.106228211 0.311924617 0.949894778 0.0200734741 0.311924609 0.94989478 0.0200734855 0.804730946 0.573952934 -0.151611784 0.952309777 0.146701353 -0.267553362 0.810374787 0.567720615 -0.144865481 0.810374787 0.567720615 -0.144865481 0.810374798 0.56772058 -0.144865556 0.954932714 -0.0208495596 -0.29608919 0.797230472 -0.420652713 -0.432983683 0.958489635 -0.0361121122 -0.282831285 0.958489637 -0.0361120701 -0.282831283 0.958489631 -0.03611209 -0.282831301 0.712116147 -0.531605567 -0.45856964 0.389128089 -0.700716093 -0.597976829 0.710615425 -0.536954091 -0.45464934 0.710615415 -0.536954099 -0.454649346 0.292079465 -0.728151911 -0.620068045 0.0576785628 -0.649286007 -0.75835405 0.296133717 -0.72410621 -0.622876407 0.296133728 -0.724106223 -0.622876387 0.0047448377 -0.62459898 -0.780931239 -0.0364713172 -0.530397504 -0.846964185 0.00568985931 -0.624361333 -0.781114941 -0.0444575389 -0.511075559 -0.858385287 -0.062088048 -0.543204156 -0.837301809 -0.0443659066 -0.511106504 -0.858371602 -0.0443659069 -0.511106504 -0.858371603 0.297687179 0.95452807 0.0160781472 0.297687179 0.95452807 0.0160781472 0.29768717 0.954528073 0.0160781585 0.801262271 0.579173096 -0.150124276 0.801262275 0.579173091 -0.150124272 0.801262262 0.579173118 -0.150124236 0.807131173 0.572804351 -0.142949101 0.80713118 0.572804322 -0.14294918 0.955823946 -0.00705629363 -0.293855053 0.955823946 -0.00705629363 -0.293855053 0.955823946 -0.00705629363 -0.293855053 0.960117025 -0.0261402747 -0.27837382 0.960117012 -0.0261402517 -0.278373868 0.715052183 -0.528340068 -0.457774124 0.715052187 -0.528340032 -0.457774159 0.715052187 -0.528340032 -0.457774159 0.287804068 -0.729125846 -0.620922152 0.287804085 -0.729125805 -0.620922193 0.287804012 -0.729125845 -0.620922179 0.00420619936 -0.624345907 -0.781136669 0.00420619205 -0.624345897 -0.781136677 0.00420619205 -0.624345897 -0.781136677 0.00555674715 -0.624077274 -0.781342869 -0.044475339 -0.511033463 -0.858409427 -0.044475339 -0.511033463 -0.858409427 -0.044475339 -0.511033463 -0.858409427 -0.0774551062 -0.581944007 -0.809531889 -0.0774551062 -0.581944007 -0.809531889 -0.0774551062 -0.581944007 -0.809531889 -0.0809973651 -0.576800093 -0.812859815 -0.0766316251 -0.580225819 -0.81084252 -0.0795171044 -0.576181265 -0.813444638</float_array>
        <technique_common><accessor source="#vfx_kurp_0443-mesh-normals-array" count="915" stride="3"><param name="X" type="float"/><param name="Y" type="float"/><param name="Z" type="float"/></accessor></technique_common>
      </source>
      <source id="vfx_kurp_0443-mesh-uv0">
        <float_array id="vfx_kurp_0443-mesh-uv0-array" count="1830">0.5 -0.529999971 0.5 -0.630000114 0 -0.529999971 0 -0.630000114 0.5 -0.730000019 0 -0.630000114 0.5 -0.630000114 0 -0.730000019 1 -0.730000019 1 -0.630000114 1 -0.630000114 0.5 -0.630000114 1 -0.529999971 0.5 -0.430000067 1 -0.529999971 0.5 -0.529999971 1 -0.430000067 0.5 -0.330000043 1 -0.430000067 0.5 -0.430000067 1 -0.330000043 0.5 -0.230000019 1 -0.330000043 0.5 -0.330000043 1 -0.230000019 0.5 -0.129999995 1 -0.230000019 0.5 -0.230000019 1 -0.230000019 0.5 -0.129999995 1 -0.129999995 0.5 -0.0299999714 1 -0.129999995 0.5 -0.129999995 1 -0.129999995 0.5 -0.0299999714 1 -0.0299999714 0.5 0.0699999928 1 -0.0299999714 0.5 -0.0299999714 1 0.0699999928 0.5 0.169999957 1 0.0699999928 0.5 0.0699999928 1 0.169999957 0 -0.430000067 0 -0.529999971 0.5 -0.529999971 0 -0.330000043 0 -0.430000067 0.5 -0.430000067 0 -0.230000019 0 -0.330000043 0.5 -0.330000043 0 -0.129999995 0 -0.230000019 0.5 -0.230000019 0 -0.129999995 0.5 -0.129999995 0 -0.0299999714 0 -0.129999995 0.5 -0.129999995 0 -0.0299999714 0 0.0699999928 0 -0.0299999714 0.5 -0.0299999714 0 0.169999957 0 0.0699999928 0.5 0.0699999928 0 0.269999981 0.5 0.169999957 0 0.169999957 0.5 0.269999981 0.5 0.169999957 0 0.269999981 0.5 0.169999957 1 0.169999957 1 0.269999981 1 0.169999957 0.5 -0.529999971 0.5 -0.630000114 0 -0.529999971 0 -0.529999971 0 -0.630000114 0.5 -0.730000019 0 -0.630000114 0.5 -0.630000114 0 -0.730000019 1 -0.730000019 1 -0.630000114 0.5 -0.529999971 1 -0.630000114 0.5 -0.630000114 1 -0.630000114 1 -0.529999971 0.5 -0.430000067 1 -0.529999971 0.5 -0.529999971 1 -0.430000067 0.5 -0.330000043 1 -0.430000067 0.5 -0.430000067 1 -0.430000067 1 -0.330000043 0.5 -0.230000019 1 -0.330000043 0.5 -0.330000043 1 -0.230000019 0.5 -0.129999995 1 -0.230000019 0.5 -0.230000019 1 -0.129999995 0.5 -0.0299999714 1 -0.129999995 0.5 -0.129999995 1 -0.0299999714 0.5 0.0699999928 1 0.0699999928 0.5 0.169999957 1 0.0699999928 0.5 0.0699999928 1 0.169999957 0 -0.430000067 0 -0.529999971 0.5 -0.529999971 0.5 -0.430000067 0 -0.330000043 0 -0.430000067 0.5 -0.430000067 0 -0.330000043 0.5 -0.330000043 0 -0.230000019 0 -0.330000043 0.5 -0.330000043 0 -0.129999995 0 -0.230000019 0.5 -0.230000019 0 -0.129999995 0 -0.0299999714 0 -0.129999995 0.5 -0.129999995 0 0.0699999928 0.5 -0.0299999714 0 0.169999957 0 0.0699999928 0.5 0.0699999928 0 0.269999981 0.5 0.169999957 0 0.169999957 0.5 0.269999981 0.5 0.169999957 0.5 0.169999957 1 0.169999957 1 0.269999981 0.5 -0.529999971 0.5 -0.630000114 0 -0.529999971 0 -0.529999971 0.5 -0.630000114 0 -0.630000114 0.5 -0.730000019 0 -0.630000114 0.5 -0.630000114 0 -0.730000019 1 -0.730000019 1 -0.630000114 0.5 -0.529999971 1 -0.630000114 0.5 -0.630000114 1 -0.630000114 1 -0.529999971 0.5 -0.430000067 1 -0.529999971 0.5 -0.529999971 1 -0.529999971 0.5 -0.430000067 1 -0.430000067 0.5 -0.330000043 1 -0.430000067 0.5 -0.430000067 1 -0.430000067 0.5 -0.330000043 1 -0.330000043 0.5 -0.230000019 1 -0.330000043 0.5 -0.330000043 1 -0.230000019 0.5 -0.129999995 1 -0.230000019 0.5 -0.230000019 1 -0.129999995 0.5 -0.0299999714 1 -0.129999995 0.5 -0.129999995 1 -0.0299999714 0.5 0.0699999928 1 0.0699999928 0.5 0.169999957 1 0.0699999928 0.5 0.0699999928 1 0.169999957 0 -0.430000067 0 -0.529999971 0.5 -0.529999971 0 -0.430000067 0 -0.330000043 0 -0.430000067 0.5 -0.430000067 0 -0.330000043 0 -0.230000019 0 -0.330000043 0.5 -0.330000043 0 -0.129999995 0.5 -0.230000019 0 -0.230000019 0.5 -0.230000019 0 -0.129999995 0 -0.0299999714 0 -0.129999995 0.5 -0.129999995 0 0.0699999928 0.5 -0.0299999714 0 0.169999957 0 0.0699999928 0.5 0.0699999928 0 0.169999957 0 0.269999981 0.5 0.169999957 0 0.169999957 0.5 0.269999981 0.5 0.169999957 1 0.169999957 1 0.269999981 0.5 -0.529999971 0.5 -0.630000114 0 -0.529999971 0 -0.630000114 0.5 -0.730000019 0 -0.630000114 0.5 -0.630000114 0 -0.730000019 1 -0.730000019 1 -0.630000114 1 -0.630000114 0.5 -0.630000114 1 -0.529999971 0.5 -0.430000067 1 -0.529999971 0.5 -0.529999971 1 -0.430000067 0.5 -0.330000043 1 -0.430000067 0.5 -0.430000067 1 -0.330000043 0.5 -0.230000019 1 -0.330000043 0.5 -0.330000043 1 -0.230000019 0.5 -0.129999995 1 -0.230000019 0.5 -0.230000019 1 -0.230000019 0.5 -0.129999995 1 -0.129999995 0.5 -0.0299999714 1 -0.129999995 0.5 -0.129999995 1 -0.129999995 0.5 -0.0299999714 1 -0.0299999714 0.5 0.0699999928 1 -0.0299999714 0.5 -0.0299999714 1 0.0699999928 0.5 0.169999957 1 0.0699999928 0.5 0.0699999928 1 0.169999957 0 -0.430000067 0 -0.529999971 0.5 -0.529999971 0 -0.330000043 0 -0.430000067 0.5 -0.430000067 0 -0.230000019 0 -0.330000043 0.5 -0.330000043 0 -0.129999995 0 -0.230000019 0.5 -0.230000019 0 -0.129999995 0.5 -0.129999995 0 -0.0299999714 0 -0.129999995 0.5 -0.129999995 0 -0.0299999714 0 0.0699999928 0 -0.0299999714 0.5 -0.0299999714 0 0.169999957 0 0.0699999928 0.5 0.0699999928 0 0.269999981 0.5 0.169999957 0 0.169999957 0.5 0.269999981 0.5 0.169999957 0 0.269999981 0.5 0.169999957 1 0.169999957 1 0.269999981 0.5 -0.529999971 0.5 -0.630000114 0 -0.529999971 0 -0.529999971 0 -0.630000114 0.5 -0.730000019 0 -0.630000114 0.5 -0.630000114 0 -0.730000019 1 -0.730000019 1 -0.630000114 0.5 -0.529999971 1 -0.630000114 0.5 -0.630000114 1 -0.630000114 1 -0.529999971 0.5 -0.430000067 1 -0.529999971 0.5 -0.529999971 1 -0.529999971 1 -0.430000067 0.5 -0.330000043 1 -0.430000067 0.5 -0.430000067 1 -0.430000067 1 -0.330000043 0.5 -0.230000019 1 -0.330000043 0.5 -0.330000043 1 -0.230000019 0.5 -0.129999995 1 -0.230000019 0.5 -0.230000019 1 -0.129999995 0.5 -0.0299999714 1 -0.129999995 0.5 -0.129999995 1 -0.0299999714 0.5 0.0699999928 1 0.0699999928 0.5 0.169999957 1 0.0699999928 0.5 0.0699999928 1 0.169999957 0 -0.430000067 0 -0.529999971 0.5 -0.529999971 0 -0.430000067 0.5 -0.430000067 0 -0.330000043 0 -0.430000067 0.5 -0.430000067 0 -0.330000043 0.5 -0.330000043 0 -0.230000019 0 -0.330000043 0.5 -0.330000043 0 -0.129999995 0 -0.230000019 0.5 -0.230000019 0 -0.129999995 0 -0.0299999714 0 -0.129999995 0.5 -0.129999995 0 0.0699999928 0.5 -0.0299999714 0 0.169999957 0 0.0699999928 0.5 0.0699999928 0 0.169999957 0 0.269999981 0.5 0.169999957 0 0.169999957 0.5 0.269999981 0.5 0.169999957 0.5 0.169999957 1 0.169999957 1 0.269999981 0.5 -0.529999971 0.5 -0.630000114 0 -0.529999971 0 -0.630000114 0.5 -0.730000019 0 -0.630000114 0.5 -0.630000114 0 -0.730000019 1 -0.730000019 1 -0.630000114 1 -0.630000114 0.5 -0.630000114 1 -0.529999971 0.5 -0.430000067 1 -0.529999971 0.5 -0.529999971 1 -0.430000067 0.5 -0.330000043 1 -0.430000067 0.5 -0.430000067 1 -0.330000043 0.5 -0.230000019 1 -0.330000043 0.5 -0.330000043 1 -0.230000019 0.5 -0.129999995 1 -0.230000019 0.5 -0.230000019 1 -0.230000019 1 -0.129999995 0.5 -0.0299999714 1 -0.129999995 0.5 -0.129999995 1 -0.129999995 1 -0.0299999714 0.5 0.0699999928 1 -0.0299999714 0.5 -0.0299999714 1 0.0699999928 0.5 0.169999957 1 0.0699999928 0.5 0.0699999928 1 0.169999957 0 -0.430000067 0 -0.529999971 0.5 -0.529999971 0 -0.330000043 0 -0.430000067 0.5 -0.430000067 0 -0.230000019 0 -0.330000043 0.5 -0.330000043 0 -0.129999995 0 -0.230000019 0.5 -0.230000019 0 -0.129999995 0.5 -0.129999995 0 -0.0299999714 0 -0.129999995 0.5 -0.129999995 0 -0.0299999714 0 0.0699999928 0 -0.0299999714 0.5 -0.0299999714 0 0.169999957 0 0.0699999928 0.5 0.0699999928 0 0.269999981 0.5 0.169999957 0 0.169999957 0.5 0.269999981 0.5 0.169999957 0 0.269999981 0.5 0.169999957 1 0.169999957 1 0.269999981 1 0.169999957 0.5 0.0699999928 1 0.0699999928 1 0.169999957 0.5 0.169999957 1 0.169999957 0.5 0.269999981 1 0.269999981 0 0.269999981 0.5 0.169999957 0 0.169999957 0 0.169999957 0.5 0.0699999928 0 0.0699999928 0.5 0.0699999928 0 0.169999957 0 0.0699999928 0 -0.0299999714 0.5 -0.129999995 0 -0.129999995 0.5 -0.129999995 0 -0.129999995 0.5 -0.230000019 0 -0.230000019 0.5 -0.230000019 0 -0.129999995 0 -0.230000019 0.5 -0.330000043 0 -0.330000043 0.5 -0.330000043 0 -0.330000043 0.5 -0.430000067 0 -0.430000067 0.5 -0.430000067 0 -0.330000043 0 -0.430000067 0.5 -0.529999971 0 -0.529999971 0.5 -0.529999971 0 -0.430000067 0 -0.529999971 0.5 -0.630000114 0 -0.630000114 0 -0.529999971 1 0.0699999928 1 -0.0299999714 0.5 0.0699999928 1 -0.129999995 0.5 -0.129999995 1 -0.129999995 1 -0.230000019 0.5 -0.230000019 1 -0.230000019 1 -0.330000043 0.5 -0.330000043 1 -0.330000043 1 -0.430000067 0.5 -0.430000067 1 -0.430000067 1 -0.430000067 1 -0.529999971 0.5 -0.529999971 1 -0.529999971 1 -0.529999971 1 -0.630000114 0.5 -0.630000114 1 -0.630000114 0.5 -0.529999971 1 -0.630000114 1 -0.730000019 0.5 -0.630000114 0.5 -0.730000019 0 -0.630000114 0 -0.730000019 0.5 0.0699999928 1 0.0699999928 0.5 0.169999957 1 0.169999957 0.5 0.169999957 1 0.169999957 0.5 0.269999981 1 0.269999981 0 0.269999981 0.5 0.169999957 0 0.169999957 0.5 0.169999957 0 0.269999981 0 0.169999957 0.5 0.0699999928 0 0.0699999928 0 0.0699999928 0.5 -0.0299999714 0 -0.0299999714 0.5 -0.0299999714 0 -0.0299999714 0.5 -0.129999995 0 -0.129999995 0.5 -0.129999995 0 -0.0299999714 0 -0.129999995 0.5 -0.230000019 0 -0.230000019 0.5 -0.230000019 0 -0.129999995 0 -0.230000019 0.5 -0.330000043 0 -0.330000043 0.5 -0.330000043 0 -0.330000043 0.5 -0.430000067 0 -0.430000067 0.5 -0.430000067 0 -0.430000067 0.5 -0.529999971 0 -0.529999971 0 -0.529999971 0.5 -0.630000114 0 -0.630000114 0.5 -0.630000114 1 0.0699999928 0.5 0.0699999928 1 -0.0299999714 1 -0.0299999714 0.5 -0.0299999714 1 -0.129999995 1 -0.129999995 0.5 -0.0299999714 1 -0.129999995 0.5 -0.129999995 1 -0.230000019 1 -0.230000019 0.5 -0.129999995 1 -0.230000019 0.5 -0.230000019 1 -0.330000043 1 -0.330000043 0.5 -0.330000043 1 -0.430000067 1 -0.430000067 0.5 -0.430000067 1 -0.529999971 0.5 -0.529999971 1 -0.529999971 0.5 -0.529999971 1 -0.630000114 1 -0.630000114 0.5 -0.630000114 1 -0.730000019 0.5 -0.730000019 0 -0.630000114 0 -0.730000019 0.5 0.0699999928 1 0.0699999928 1 0.169999957 0.5 0.169999957 1 0.169999957 0.5 0.269999981 1 0.269999981 0 0.269999981 0.5 0.169999957 0 0.169999957 0 0.169999957 0 0.0699999928 0 0.169999957 0 0.0699999928 0.5 -0.0299999714 0 -0.0299999714 0.5 -0.129999995 0 -0.129999995 0 -0.129999995 0.5 -0.230000019 0 -0.230000019 0 -0.129999995 0 -0.230000019 0.5 -0.330000043 0 -0.330000043 0 -0.330000043 0.5 -0.430000067 0 -0.430000067 0 -0.330000043 0 -0.430000067 0.5 -0.529999971 0 -0.529999971 0 -0.430000067 0 -0.529999971 0.5 -0.630000114 0 -0.630000114 0 -0.529999971 1 0.0699999928 0.5 0.0699999928 1 -0.0299999714 0.5 -0.0299999714 1 -0.129999995 0.5 -0.129999995 1 -0.129999995 0.5 -0.129999995 1 -0.230000019 0.5 -0.230000019 1 -0.230000019 0.5 -0.230000019 1 -0.330000043 0.5 -0.330000043 1 -0.330000043 0.5 -0.330000043 1 -0.430000067 0.5 -0.430000067 1 -0.430000067 1 -0.430000067 0.5 -0.430000067 1 -0.529999971 0.5 -0.529999971 1 -0.529999971 1 -0.529999971 0.5 -0.529999971 1 -0.630000114 0.5 -0.630000114 1 -0.630000114 1 -0.630000114 1 -0.730000019 0.5 -0.730000019 0 -0.630000114 0.5 -0.630000114 0 -0.730000019 0.5 0.0699999928 1 0.0699999928 0.5 0.169999957 1 0.169999957 0.5 0.169999957 1 0.169999957 0.5 0.269999981 1 0.269999981 0.5 0.269999981 1 0.169999957 0 0.269999981 0 0.169999957 0.5 0.169999957 0 0.269999981 0 0.169999957 0 0.0699999928 0.5 0.0699999928 0 0.0699999928 0.5 -0.0299999714 0 -0.0299999714 0 -0.0299999714 0.5 -0.129999995 0 -0.129999995 0.5 -0.129999995 0 -0.0299999714 0 -0.129999995 0.5 -0.230000019 0 -0.230000019 0.5 -0.230000019 0 -0.129999995 0 -0.230000019 0.5 -0.330000043 0 -0.330000043 0.5 -0.330000043 0 -0.330000043 0.5 -0.430000067 0 -0.430000067 0.5 -0.430000067 0 -0.430000067 0.5 -0.529999971 0 -0.529999971 0.5 -0.529999971 0 -0.529999971 0.5 -0.630000114 0 -0.630000114 0.5 -0.630000114 1 0.0699999928 1 -0.0299999714 0.5 -0.0299999714 1 -0.0299999714 0.5 -0.0299999714 1 -0.129999995 1 -0.129999995 0.5 -0.0299999714 1 -0.129999995 0.5 -0.129999995 1 -0.230000019 0.5 -0.230000019 1 -0.230000019 0.5 -0.129999995 1 -0.230000019 0.5 -0.230000019 1 -0.330000043 1 -0.330000043 0.5 -0.330000043 1 -0.430000067 1 -0.430000067 0.5 -0.430000067 1 -0.529999971 1 -0.529999971 0.5 -0.529999971 1 -0.630000114 1 -0.630000114 0.5 -0.630000114 1 -0.730000019 0.5 -0.730000019 0 -0.630000114 0 -0.730000019 0.5 0.0699999928 1 0.0699999928 1 0.169999957 0.5 0.169999957 1 0.169999957 0.5 0.269999981 1 0.269999981 0 0.269999981 0.5 0.169999957 0 0.169999957 0 0.169999957 0.5 0.0699999928 0 0.0699999928 0.5 0.0699999928 0 0.0699999928 0 -0.0299999714 0.5 -0.129999995 0 -0.129999995 0.5 -0.129999995 0 -0.129999995 0.5 -0.230000019 0 -0.230000019 0.5 -0.230000019 0 -0.129999995 0 -0.230000019 0.5 -0.330000043 0 -0.330000043 0.5 -0.330000043 0 -0.330000043 0.5 -0.430000067 0 -0.430000067 0.5 -0.430000067 0 -0.330000043 0 -0.430000067 0.5 -0.529999971 0 -0.529999971 0.5 -0.529999971 0 -0.529999971 0.5 -0.630000114 0 -0.630000114 0 -0.529999971 1 0.0699999928 1 -0.0299999714 0.5 0.0699999928 1 -0.129999995 0.5 -0.129999995 1 -0.129999995 1 -0.230000019 0.5 -0.230000019 1 -0.230000019 1 -0.330000043 0.5 -0.330000043 1 -0.330000043 1 -0.430000067 0.5 -0.430000067 1 -0.430000067 1 -0.430000067 1 -0.529999971 0.5 -0.529999971 1 -0.529999971 1 -0.630000114 0.5 -0.630000114 1 -0.630000114 0.5 -0.529999971 1 -0.630000114 1 -0.730000019 0.5 -0.630000114 0.5 -0.730000019 0 -0.630000114 0 -0.730000019 0.5 0.0699999928 1 0.0699999928 0.5 0.169999957 1 0.169999957 0.5 0.169999957 1 0.169999957 0.5 0.269999981 1 0.269999981 0.5 0.269999981 1 0.169999957 0 0.269999981 0.5 0.169999957 0 0.169999957 0.5 0.169999957 0 0.269999981 0 0.169999957 0.5 0.0699999928 0 0.0699999928 0 0.0699999928 0.5 -0.0299999714 0 -0.0299999714 0.5 -0.0299999714 0 -0.0299999714 0.5 -0.129999995 0 -0.129999995 0.5 -0.129999995 0 -0.0299999714 0 -0.129999995 0.5 -0.230000019 0 -0.230000019 0.5 -0.230000019 0 -0.129999995 0 -0.230000019 0.5 -0.330000043 0 -0.330000043 0.5 -0.330000043 0 -0.330000043 0.5 -0.430000067 0 -0.430000067 0.5 -0.430000067 0 -0.430000067 0.5 -0.529999971 0 -0.529999971 0 -0.529999971 0.5 -0.630000114 0 -0.630000114 0.5 -0.630000114 1 0.0699999928 0.5 0.0699999928 1 -0.0299999714 1 -0.0299999714 0.5 -0.0299999714 1 -0.129999995 1 -0.129999995 0.5 -0.0299999714 1 -0.129999995 0.5 -0.129999995 1 -0.230000019 1 -0.230000019 0.5 -0.129999995 1 -0.230000019 0.5 -0.230000019 1 -0.330000043 1 -0.330000043 0.5 -0.330000043 1 -0.430000067 1 -0.430000067 0.5 -0.430000067 1 -0.529999971 0.5 -0.529999971 1 -0.529999971 0.5 -0.529999971 1 -0.630000114 1 -0.630000114 0.5 -0.630000114 1 -0.730000019 0.5 -0.730000019 0 -0.630000114 0 -0.730000019</float_array>
        <technique_common><accessor source="#vfx_kurp_0443-mesh-uv0-array" count="915" stride="2"><param name="S" type="float"/><param name="T" type="float"/></accessor></technique_common>
      </source>
      <vertices id="vfx_kurp_0443-mesh-vertices"><input semantic="POSITION" source="#vfx_kurp_0443-mesh-positions"/></vertices>
      <triangles material="PreviewMaterial" count="480">
        <input semantic="VERTEX" source="#vfx_kurp_0443-mesh-vertices" offset="0"/>
        <input semantic="NORMAL" source="#vfx_kurp_0443-mesh-normals" offset="1"/>
        <input semantic="TEXCOORD" source="#vfx_kurp_0443-mesh-uv0" offset="2" set="0"/>
        <p>0 0 0 1 1 1 2 2 2 2 2 2 1 1 1 3 3 3 4 4 4 5 5 5 6 6 6 5 5 5 4 4 4 7 7 7 4 4 4 6 6 6 8 8 8 8 8 8 6 6 6 9 9 9 0 0 0 10 10 10 11 11 11 10 10 10 0 0 0 12 12 12 13 13 13 14 14 14 15 15 15 14 14 14 13 13 13 16 16 16 17 17 17 18 18 18 19 19 19 18 18 18 17 17 17 20 20 20 21 21 21 22 22 22 23 23 23 22 22 22 21 21 21 24 24 24 25 25 25 26 26 26 27 27 27 28 28 28 29 29 29 30 30 30 31 31 31 32 32 32 33 33 33 34 34 34 35 35 35 36 36 36 37 37 37 38 38 38 39 39 39 38 38 38 37 37 37 40 40 40 41 41 41 42 42 42 43 43 43 42 42 42 41 41 41 44 44 44 45 45 45 15 15 15 46 46 46 47 47 47 45 45 45 13 13 13 48 48 48 19 19 19 49 49 49 50 50 50 48 48 48 17 17 17 51 51 51 23 23 23 52 52 52 53 53 53 51 51 51 21 21 21 54 54 54 27 27 27 55 55 55 56 56 56 57 57 57 58 58 58 59 59 59 33 33 33 60 60 60 61 61 61 62 62 62 31 31 31 63 63 63 39 39 39 64 64 64 65 65 65 63 63 63 37 37 37 66 66 66 43 43 43 67 67 67 68 68 68 66 66 66 41 41 41 69 69 69 70 70 70 71 71 71 72 72 72 73 73 73 74 74 74 75 75 75 72 72 72 76 76 76 77 77 77 78 78 78 72 72 72 79 79 79 80 80 80 81 81 81 82 82 82 11 11 11 83 83 83 84 84 84 85 85 85 86 86 86 85 85 85 84 84 84 87 87 87 84 84 84 86 86 86 88 88 88 88 88 88 86 86 86 89 89 89 90 90 90 91 91 91 92 92 92 93 93 93 47 47 47 94 94 94 95 95 95 96 96 96 97 97 97 96 96 96 50 50 50 98 98 98 99 99 99 100 100 100 101 101 101 102 102 102 53 53 53 103 103 103 104 104 104 105 105 105 106 106 106 105 105 105 56 56 56 107 107 107 108 108 108 109 109 109 110 110 110 109 109 109 61 61 61 111 111 111 112 112 112 113 113 113 114 114 114 113 113 113 65 65 65 115 115 115 116 116 116 115 115 115 112 112 112 115 115 115 68 68 68 117 117 117 118 118 118 119 119 119 120 120 120 119 119 119 75 75 75 121 121 121 122 122 122 97 97 97 123 123 123 124 124 124 122 122 122 125 125 125 126 126 126 101 101 101 127 127 127 128 128 128 129 129 129 130 130 130 131 131 131 106 106 106 132 132 132 133 133 133 131 131 131 104 104 104 134 134 134 110 110 110 135 135 135 136 136 136 137 137 137 108 108 108 138 138 138 114 114 114 139 139 139 140 140 140 138 138 138 112 112 112 141 141 141 112 112 112 138 138 138 142 142 142 141 141 141 116 116 116 143 143 143 120 120 120 144 144 144 145 145 145 143 143 143 118 118 118 146 146 146 147 147 147 148 148 148 149 149 149 150 150 150 146 146 146 151 151 151 149 149 149 152 152 152 153 153 153 152 152 152 149 149 149 154 154 154 155 155 155 156 156 156 157 157 157 158 158 158 159 159 159 160 160 160 161 161 161 162 162 162 161 161 161 160 160 160 163 163 163 160 160 160 162 162 162 164 164 164 164 164 164 162 162 162 165 165 165 166 166 166 167 167 167 168 168 168 169 169 169 154 154 154 170 170 170 171 171 171 172 172 172 173 173 173 174 174 174 175 175 175 176 176 176 177 177 177 178 178 178 179 179 179 180 180 180 181 181 181 182 182 182 183 183 183 184 184 184 185 185 185 184 184 184 183 183 183 186 186 186 187 187 187 188 188 188 189 189 189 188 188 188 187 187 187 190 190 190 191 191 191 192 192 192 193 193 193 192 192 192 191 191 191 194 194 194 195 195 195 194 194 194 191 191 191 194 194 194 195 195 195 196 196 196 197 197 197 198 198 198 199 199 199 198 198 198 197 197 197 200 200 200 201 201 201 173 173 173 202 202 202 203 203 203 204 204 204 175 175 175 205 205 205 179 179 179 206 206 206 207 207 207 208 208 208 181 181 181 209 209 209 185 185 185 210 210 210 211 211 211 209 209 209 183 183 183 212 212 212 213 213 213 214 214 214 215 215 215 216 216 216 187 187 187 217 217 217 193 193 193 218 218 218 219 219 219 217 217 217 191 191 191 220 220 220 191 191 191 217 217 217 221 221 221 220 220 220 195 195 195 222 222 222 199 199 199 223 223 223 224 224 224 225 225 225 197 197 197 226 226 226 227 227 227 228 228 228 229 229 229 227 227 227 226 226 226 230 230 230 229 229 229 231 231 231 232 232 232 231 231 231 229 229 229 233 233 233 234 234 234 235 235 235 235 235 235 234 234 234 236 236 236 237 237 237 238 238 238 239 239 239 238 238 238 237 237 237 240 240 240 237 237 237 239 239 239 241 241 241 241 241 241 239 239 239 242 242 242 233 233 233 243 243 243 244 244 244 243 243 243 233 233 233 245 245 245 246 246 246 247 247 247 248 248 248 247 247 247 246 246 246 249 249 249 250 250 250 251 251 251 252 252 252 251 251 251 250 250 250 253 253 253 254 254 254 255 255 255 256 256 256 255 255 255 254 254 254 257 257 257 258 258 258 259 259 259 260 260 260 261 261 261 262 262 262 263 263 263 264 264 264 265 265 265 266 266 266 267 267 267 268 268 268 269 269 269 270 270 270 271 271 271 272 272 272 271 271 271 270 270 270 273 273 273 274 274 274 275 275 275 276 276 276 275 275 275 274 274 274 277 277 277 278 278 278 248 248 248 279 279 279 280 280 280 278 278 278 246 246 246 281 281 281 252 252 252 282 282 282 283 283 283 281 281 281 250 250 250 284 284 284 256 256 256 285 285 285 286 286 286 284 284 284 254 254 254 287 287 287 260 260 260 288 288 288 289 289 289 290 290 290 291 291 291 292 292 292 266 266 266 293 293 293 294 294 294 295 295 295 264 264 264 296 296 296 272 272 272 297 297 297 298 298 298 296 296 296 270 270 270 299 299 299 276 276 276 300 300 300 301 301 301 299 299 299 274 274 274 302 302 302 303 303 303 304 304 304 305 305 305 306 306 306 307 307 307 308 308 308 305 305 305 309 309 309 310 310 310 309 309 309 305 305 305 311 311 311 312 312 312 313 313 313 314 314 314 244 244 244 315 315 315 316 316 316 317 317 317 318 318 318 317 317 317 316 316 316 319 319 319 316 316 316 318 318 318 320 320 320 320 320 320 318 318 318 321 321 321 322 322 322 323 323 323 324 324 324 325 325 325 280 280 280 326 326 326 327 327 327 328 328 328 329 329 329 330 330 330 283 283 283 331 331 331 332 332 332 333 333 333 334 334 334 335 335 335 286 286 286 336 336 336 337 337 337 338 338 338 339 339 339 338 338 338 289 289 289 340 340 340 341 341 341 342 342 342 343 343 343 342 342 342 294 294 294 344 344 344 345 345 345 346 346 346 347 347 347 346 346 346 298 298 298 348 348 348 349 349 349 348 348 348 345 345 345 348 348 348 301 301 301 350 350 350 351 351 351 352 352 352 353 353 353 352 352 352 308 308 308 354 354 354 355 355 355 329 329 329 356 356 356 357 357 357 358 358 358 359 359 359 360 360 360 334 334 334 361 361 361 362 362 362 363 363 363 364 364 364 365 365 365 339 339 339 366 366 366 367 367 367 365 365 365 337 337 337 368 368 368 343 343 343 369 369 369 370 370 370 371 371 371 341 341 341 372 372 372 347 347 347 373 373 373 374 374 374 372 372 372 345 345 345 375 375 375 345 345 345 372 372 372 376 376 376 375 375 375 349 349 349 377 377 377 353 353 353 378 378 378 379 379 379 380 380 380 351 351 351 381 381 381 382 382 382 383 383 383 384 384 384 385 385 385 381 381 381 386 386 386 384 384 384 387 387 387 388 388 388 387 387 387 384 384 384 389 389 389 390 390 390 391 391 391 391 391 391 168 168 168 392 392 392 393 393 393 394 394 394 395 395 395 394 394 394 393 393 393 396 396 396 393 393 393 395 395 395 397 397 397 397 397 397 395 395 395 398 398 398 389 389 389 399 399 399 400 400 400 399 399 399 203 203 203 401 401 401 402 402 402 403 403 403 404 404 404 403 403 403 207 207 207 405 405 405 406 406 406 407 407 407 408 408 408 407 407 407 211 211 211 409 409 409 410 410 410 411 411 411 412 412 412 411 411 411 215 215 215 413 413 413 414 414 414 415 415 415 416 416 416 417 417 417 219 219 219 418 418 418 419 419 419 420 420 420 421 421 421 422 422 422 221 221 221 423 423 423 424 424 424 425 425 425 426 426 426 425 425 425 224 224 224 427 427 427 428 428 428 429 429 429 430 430 430 429 429 429 230 230 230 431 431 431 432 432 432 404 404 404 433 433 433 434 434 434 432 432 432 402 402 402 435 435 435 408 408 408 436 436 436 437 437 437 435 435 435 406 406 406 438 438 438 412 412 412 439 439 439 440 440 440 438 438 438 410 410 410 441 441 441 416 416 416 442 442 442 443 443 443 444 444 444 445 445 445 446 446 446 421 421 421 447 447 447 448 448 448 449 449 449 419 419 419 450 450 450 426 426 426 451 451 451 452 452 452 450 450 450 424 424 424 453 453 453 430 430 430 454 454 454 455 455 455 453 453 453 428 428 428 456 456 456 457 457 457 458 458 458 459 459 459 460 460 460 461 461 461 462 462 462 459 459 459 463 463 463 464 464 464 465 465 465 459 459 459 466 466 466 467 467 467 386 386 386 468 468 468 385 385 385 467 467 467 469 469 469 470 470 470 471 471 471 472 472 472 471 471 471 470 470 470 471 471 471 473 473 473 474 474 474 475 475 475 386 386 386 473 473 473 474 474 474 476 476 476 477 477 477 478 478 478 479 479 479 480 480 480 466 466 466 481 481 481 376 376 376 482 482 482 376 376 376 481 481 481 376 376 376 482 482 482 483 483 483 484 484 484 485 485 485 482 482 482 483 483 483 486 486 486 487 487 487 488 488 488 489 489 489 490 490 490 487 487 487 491 491 491 492 492 492 493 493 493 494 494 494 491 491 491 492 492 492 495 495 495 496 496 496 497 497 497 498 498 498 499 499 499 496 496 496 500 500 500 501 501 501 502 502 502 503 503 503 504 504 504 501 501 501 505 505 505 506 506 506 507 507 507 324 324 324 508 508 508 509 509 509 379 379 379 510 510 510 376 376 376 510 510 510 511 511 511 510 510 510 376 376 376 512 512 512 513 513 513 512 512 512 376 376 376 514 514 514 374 374 374 515 515 515 516 516 516 515 515 515 513 513 513 517 517 517 370 370 370 518 518 518 519 519 519 518 518 518 516 516 516 520 520 520 367 367 367 521 521 521 522 522 522 523 523 523 519 519 519 524 524 524 362 362 362 525 525 525 526 526 526 527 527 527 522 522 522 528 528 528 357 357 357 529 529 529 530 530 530 531 531 531 532 532 532 533 533 533 506 506 506 534 534 534 534 534 534 535 535 535 536 536 536 537 537 537 536 536 536 530 530 530 538 538 538 536 536 536 537 537 537 539 539 539 540 540 540 541 541 541 542 542 542 543 543 543 540 540 540 541 541 541 544 544 544 545 545 545 546 546 546 545 545 545 544 544 544 545 545 545 547 547 547 548 548 548 549 549 549 550 550 550 551 551 551 543 543 543 552 552 552 553 553 553 554 554 554 477 477 477 552 552 552 539 539 539 555 555 555 556 556 556 557 557 557 558 558 558 555 555 555 556 556 556 559 559 559 560 560 560 561 561 561 562 562 562 563 563 563 560 560 560 564 564 564 565 565 565 566 566 566 567 567 567 568 568 568 565 565 565 569 569 569 570 570 570 571 571 571 572 572 572 569 569 569 570 570 570 573 573 573 574 574 574 575 575 575 576 576 576 573 573 573 574 574 574 577 577 577 578 578 578 579 579 579 526 526 526 577 577 577 578 578 578 580 580 580 581 581 581 582 582 582 583 583 583 580 580 580 584 584 584 585 585 585 586 586 586 558 558 558 586 586 586 585 585 585 587 587 587 588 588 588 589 589 589 562 562 562 590 590 590 591 591 591 592 592 592 593 593 593 594 594 594 567 567 567 595 595 595 596 596 596 597 597 597 598 598 598 599 599 599 572 572 572 599 599 599 598 598 598 600 600 600 601 601 601 602 602 602 576 576 576 602 602 602 601 601 601 603 603 603 604 604 604 605 605 605 606 606 606 605 605 605 604 604 604 607 607 607 608 608 608 609 609 609 583 583 583 609 609 609 608 608 608 610 610 610 611 611 611 612 612 612 612 612 612 581 581 581 613 613 613 614 614 614 613 613 613 611 611 611 615 615 615 613 613 613 614 614 614 616 616 616 617 617 617 462 462 462 618 618 618 460 460 460 617 617 617 619 619 619 620 620 620 621 621 621 622 622 622 621 621 621 620 620 620 621 621 621 623 623 623 624 624 624 625 625 625 462 462 462 623 623 623 624 624 624 626 626 626 616 616 616 627 627 627 455 455 455 628 628 628 616 616 616 629 629 629 630 630 630 631 631 631 452 452 452 629 629 629 630 630 630 631 631 631 632 632 632 633 633 633 448 448 448 631 631 631 632 632 632 634 634 634 635 635 635 636 636 636 443 443 443 637 637 637 635 635 635 638 638 638 639 639 639 640 640 640 440 440 440 638 638 638 639 639 639 641 641 641 642 642 642 643 643 643 437 437 437 644 644 644 642 642 642 645 645 645 646 646 646 647 647 647 434 434 434 648 648 648 646 646 646 649 649 649 650 650 650 651 651 651 400 400 400 652 652 652 653 653 653 654 654 654 655 655 655 656 656 656 655 655 655 616 616 616 655 655 655 630 630 630 657 657 657 658 658 658 657 657 657 630 630 630 659 659 659 660 660 660 661 661 661 662 662 662 661 661 661 658 658 658 663 663 663 664 664 664 665 665 665 666 666 666 665 665 665 662 662 662 667 667 667 668 668 668 669 669 669 670 670 670 671 671 671 666 666 666 672 672 672 673 673 673 674 674 674 675 675 675 676 676 676 670 670 670 677 677 677 678 678 678 679 679 679 680 680 680 681 681 681 675 675 675 682 682 682 650 650 650 683 683 683 683 683 683 680 680 680 684 684 684 685 685 685 684 684 684 686 686 686 687 687 687 684 684 684 685 685 685 688 688 688 689 689 689 690 690 690 691 691 691 690 690 690 689 689 689 692 692 692 693 693 693 694 694 694 695 695 695 696 696 696 697 697 697 694 694 694 698 698 698 692 692 692 699 699 699 700 700 700 701 701 701 690 690 690 702 702 702 688 688 688 703 703 703 688 688 688 702 702 702 704 704 704 705 705 705 706 706 706 707 707 707 656 656 656 705 705 705 706 706 706 708 708 708 709 709 709 710 710 710 711 711 711 712 712 712 709 709 709 713 713 713 714 714 714 715 715 715 716 716 716 717 717 717 714 714 714 718 718 718 719 719 719 720 720 720 721 721 721 718 718 718 719 719 719 722 722 722 723 723 723 724 724 724 725 725 725 722 722 722 723 723 723 726 726 726 727 727 727 728 728 728 729 729 729 726 726 726 727 727 727 730 730 730 731 731 731 732 732 732 733 733 733 730 730 730 734 734 734 704 704 704 735 735 735 736 736 736 735 735 735 704 704 704 737 737 737 738 738 738 739 739 739 711 711 711 740 740 740 741 741 741 742 742 742 743 743 743 744 744 744 745 745 745 746 746 746 747 747 747 748 748 748 749 749 749 750 750 750 721 721 721 750 750 750 749 749 749 751 751 751 752 752 752 753 753 753 725 725 725 753 753 753 752 752 752 754 754 754 755 755 755 756 756 756 729 729 729 756 756 756 755 755 755 757 757 757 758 758 758 759 759 759 733 733 733 759 759 759 758 758 758 760 760 760 761 761 761 762 762 762 762 762 762 731 731 731 763 763 763 764 764 764 763 763 763 761 761 761 765 765 765 763 763 763 764 764 764 766 766 766 767 767 767 151 151 151 768 768 768 150 150 150 767 767 767 769 769 769 770 770 770 771 771 771 772 772 772 771 771 771 770 770 770 771 771 771 773 773 773 774 774 774 775 775 775 151 151 151 773 773 773 774 774 774 776 776 776 777 777 777 778 778 778 779 779 779 776 776 776 766 766 766 780 780 780 142 142 142 781 781 781 142 142 142 780 780 780 142 142 142 781 781 781 782 782 782 783 783 783 784 784 784 781 781 781 782 782 782 785 785 785 786 786 786 787 787 787 788 788 788 789 789 789 786 786 786 790 790 790 791 791 791 792 792 792 793 793 793 790 790 790 791 791 791 794 794 794 795 795 795 796 796 796 797 797 797 798 798 798 795 795 795 799 799 799 800 800 800 801 801 801 802 802 802 799 799 799 800 800 800 803 803 803 804 804 804 805 805 805 92 92 92 806 806 806 807 807 807 145 145 145 808 808 808 142 142 142 808 808 808 809 809 809 808 808 808 142 142 142 810 810 810 811 811 811 810 810 810 142 142 142 812 812 812 140 140 140 813 813 813 814 814 814 813 813 813 811 811 811 815 815 815 136 136 136 816 816 816 817 817 817 816 816 816 814 814 814 818 818 818 133 133 133 819 819 819 820 820 820 821 821 821 817 817 817 822 822 822 128 128 128 823 823 823 824 824 824 823 823 823 820 820 820 825 825 825 124 124 124 826 826 826 827 827 827 828 828 828 829 829 829 830 830 830 804 804 804 831 831 831 831 831 831 832 832 832 833 833 833 834 834 834 833 833 833 827 827 827 835 835 835 833 833 833 834 834 834 836 836 836 837 837 837 838 838 838 839 839 839 840 840 840 837 837 837 838 838 838 841 841 841 842 842 842 843 843 843 844 844 844 845 845 845 842 842 842 846 846 846 847 847 847 848 848 848 849 849 849 850 850 850 840 840 840 851 851 851 852 852 852 853 853 853 777 777 777 851 851 851 836 836 836 854 854 854 855 855 855 856 856 856 857 857 857 854 854 854 855 855 855 858 858 858 859 859 859 860 860 860 861 861 861 862 862 862 859 859 859 863 863 863 864 864 864 865 865 865 866 866 866 867 867 867 864 864 864 868 868 868 869 869 869 870 870 870 871 871 871 868 868 868 869 869 869 872 872 872 873 873 873 874 874 874 875 875 875 872 872 872 873 873 873 876 876 876 877 877 877 878 878 878 824 824 824 876 876 876 877 877 877 879 879 879 880 880 880 881 881 881 882 882 882 879 879 879 883 883 883 884 884 884 885 885 885 857 857 857 885 885 885 884 884 884 886 886 886 887 887 887 888 888 888 861 861 861 889 889 889 890 890 890 891 891 891 892 892 892 893 893 893 866 866 866 894 894 894 895 895 895 896 896 896 897 897 897 898 898 898 871 871 871 898 898 898 897 897 897 899 899 899 900 900 900 901 901 901 875 875 875 901 901 901 900 900 900 902 902 902 903 903 903 904 904 904 905 905 905 904 904 904 903 903 903 906 906 906 907 907 907 908 908 908 882 882 882 908 908 908 907 907 907 909 909 909 910 910 910 911 911 911 911 911 911 880 880 880 912 912 912 913 913 913 912 912 912 910 910 910 914 914 914 912 912 912 913 913 913</p>
      </triangles>
    </mesh></geometry>
  </library_geometries>
  <library_visual_scenes>
    <visual_scene id="Scene" name="Scene">
      <node id="vfx_kurp_0443" name="vfx_kurp_0443" type="NODE">
        <instance_geometry url="#vfx_kurp_0443-mesh"><bind_material><technique_common><instance_material symbol="PreviewMaterial" target="#PreviewMaterial"><bind_vertex_input semantic="UVSET0" input_semantic="TEXCOORD" input_set="0"/></instance_material></technique_common></bind_material></instance_geometry>
      </node>
    </visual_scene>
  </library_visual_scenes>
  <scene><instance_visual_scene url="#Scene"/></scene>
</COLLADA>
