<?xml version="1.0" encoding="utf-8"?>
<COLLADA xmlns="http://www.collada.org/2005/11/COLLADASchema" version="1.4.1">
  <asset>
    <contributor><authoring_tool>Morrobroom Kurpulio VFX preview converter</authoring_tool></contributor>
    <unit name="unit" meter="1"/>
    <up_axis>Z_UP</up_axis>
  </asset>
  <library_images>
    <image id="VFXTexture" name="darkmap_newgen-1.dds">
      <init_from>../../../Textures/Kurp/darkmap_newgen-1.dds</init_from>
    </image>
  </library_images>
  <library_effects>
    <effect id="PreviewEffect">
      <profile_COMMON>
        <newparam sid="VFXTexture-surface">
          <surface type="2D"><init_from>VFXTexture</init_from></surface>
        </newparam>
        <newparam sid="VFXTexture-sampler">
          <sampler2D><source>VFXTexture-surface</source></sampler2D>
        </newparam>
        <technique sid="common"><phong>
          <emission><color>0.08 0.08 0.08 1</color></emission>
          <ambient><color>0.2 0.2 0.2 1</color></ambient>
          <diffuse><texture texture="VFXTexture-sampler" texcoord="UVSET0"/></diffuse>
          <specular><color>0.15 0.15 0.15 1</color></specular>
          <shininess><float>8</float></shininess>
          <transparent opaque="A_ONE"><texture texture="VFXTexture-sampler" texcoord="UVSET0"/></transparent>
          <transparency><float>1</float></transparency>
        </phong></technique>
      </profile_COMMON>
      <extra><technique profile="GOOGLEEARTH"><double_sided>1</double_sided></technique></extra>
    </effect>
  </library_effects>
  <library_materials><material id="PreviewMaterial" name="PreviewMaterial"><instance_effect url="#PreviewEffect"/></material></library_materials>
  <library_geometries>
    <geometry id="vfx_kurp_0630-mesh" name="vfx_kurp_0630"><mesh>
      <source id="vfx_kurp_0630-mesh-positions">
        <float_array id="vfx_kurp_0630-mesh-positions-array" count="2448">-1.1007225 -1.18633327 1.66556828 -0.864923369 -0.96108565 1.3244946 -1.52502953 -1.06154192 1.477824 -1.27353839 -0.821254729 1.11392772 -0.594318887 -0.723280416 0.985096187 -0.990902869 -0.572851479 0.759376097 -0.298044735 -0.476127902 0.646717418 -0.686538478 -0.318937488 0.411725759 0.0146315875 -0.222750867 0.308356882 -0.3697274 -0.0622045722 0.0688775523 0.318507836 0.0210102056 -0.0142333259 -0.0652488316 0.182040048 -0.254353088 -1.73561171 -1.29112542 1.85388705 -1.29293033 -1.39579594 2.00859506 -1.89480852 -1.50724307 2.24517955 -1.43347242 -1.58641994 2.35361114 -1.99104825 -1.70657237 2.65440189 -1.51537005 -1.7557126 2.70101543 -2.01182099 -1.88477811 3.08260392 -1.53258287 -1.90219507 3.05285945 -1.94517163 -2.03658354 3.52793945 -1.47851526 -2.02532808 3.41408791 -1.78836632 -2.14827819 3.96749446 -1.35236996 -2.11545102 3.76827787 -1.55591684 -2.19528529 4.36239398 -1.1655601 -2.15337519 4.08540599 -1.26178783 -2.17987752 4.71190385 -0.922246604 -2.14135765 4.37413838 -0.920404269 -2.10678591 5.01675382 -0.628619077 -2.08028885 4.63594371 -0.544214795 -1.98072644 5.27966084 -0.292841323 -1.97107116 4.87030072 -0.144120618 -1.80574804 5.50366644 0.0753735869 -1.81527511 5.07636197 0.26967659 -1.58529576 5.69139776 0.465613836 -1.61507698 5.25370081 0.687115197 -1.32245344 5.84494276 0.867330454 -1.3730088 5.40242236 1.09799891 -1.02016175 5.96593513 1.27010529 -1.09175232 5.52308985 1.49187878 -0.681377831 6.05564667 1.66377217 -0.773968143 5.61662851 1.85799604 -0.309244297 6.11502649 2.03847942 -0.422134026 5.68428434 2.18282045 0.0814478327 6.14595183 2.37180421 -0.0485222734 5.72375507 2.47208982 0.472649741 6.14598072 2.65216052 0.33056083 5.72379275 2.73301732 0.884369681 6.11159257 2.9070136 0.732227045 5.69036201 2.95716847 1.31080752 6.04471358 3.12761643 1.15053903 5.62504829 3.13602541 1.74605284 5.9472258 3.30530451 1.57966929 5.52947219 3.26102845 2.18406259 5.82101908 3.43145538 2.01392743 5.40524726 3.32365141 2.61862883 5.66803555 3.49741185 2.44777972 5.25393982 3.3155178 3.04341526 5.49029416 3.49436753 2.87582803 5.07703324 3.22852903 3.45208545 5.2898724 3.4132389 3.29267395 4.87595456 3.06608123 3.83210282 5.07522458 3.2538046 3.68030721 4.65980319 2.88015353 4.16964423 4.8684112 3.06742917 4.01865908 4.45249198 2.67593999 4.47294602 4.66690612 2.86267218 4.32276737 4.25045091 2.45313228 4.74503606 4.46943178 2.63923568 4.59562568 4.05241963 2.21141055 4.98894278 4.27470268 2.39682416 4.84022892 3.85713411 1.95045382 5.20768636 4.0814356 2.13515018 5.05957539 3.66333509 1.66993542 5.40428428 3.88834692 1.85392389 5.25667282 3.46975886 1.36953576 5.58174772 3.69416072 1.55285913 5.43453187 3.27514122 1.04893369 5.74307966 3.49759757 1.23166116 5.59616715 3.07821175 0.707815795 5.89128741 3.29738678 0.890032569 5.74460068 2.87769963 0.345872507 6.02937088 3.09225597 0.527672038 5.88284708 2.67233062 -0.0372032251 6.16033587 2.88093476 0.144272955 6.01392689 2.46082977 -0.441714428 6.28718748 2.66215494 -0.260471374 6.14085615 2.24192212 -0.867963204 6.41293145 2.43464668 -0.686869774 6.26664953 2.01433247 -1.31625321 6.54057718 2.19713986 -1.13523438 6.39432116 1.77678426 -1.78688349 6.67313167 1.94836517 -1.60587227 6.52688321 1.52800397 -2.28015716 6.81360672 1.68705309 -2.09909587 6.66734934 1.26671622 -2.79637516 6.96501104 1.41193236 -2.61521426 6.8187304 0.991646947 -3.33584017 7.13035655 1.12173242 -3.15453835 6.98403824 0.70152082 -3.82337534 7.28702184 0.856731602 -3.64198009 7.14067627 0.436569252 1.48136499 1.2452417 -0.345353278 1.17190985 1.00492849 -0.267655157 1.50454494 1.11465913 -0.729837651 1.17440818 0.858293114 -0.647008676 0.853333082 0.754262961 -0.161802856 0.841622909 0.596452348 -0.536470623 0.527877329 0.495858123 -0.0352555435 0.507257883 0.330976101 -0.406477917 0.197581123 0.23220237 0.104312037 0.172584605 0.0638274313 -0.265068986 -0.119028895 -0.0210162237 0.241955466 -0.144653674 -0.189893543 -0.127153072 1.83112674 1.36378174 -0.776304338 1.77929445 1.47251957 -0.387837138 2.15320608 1.60378019 -0.777113785 2.06333412 1.68418995 -0.388687941 2.46925672 1.83224798 -0.72221817 2.33169928 1.87820772 -0.342240514 2.77631492 2.04568049 -0.601354932 2.5840449 2.05362672 -0.243044507 3.06954543 2.23935226 -0.405629677 2.82189338 2.2107193 -0.0842795575 3.33253475 2.39835864 -0.140014326 3.03386371 2.33894661 0.12958408 3.54430471 2.49639964 0.172366007 3.20385482 2.41782418 0.380541443 3.70885518 2.53531619 0.520356671 3.33957553 2.45056391 0.668232672 3.83111188 2.51922001 0.892806583 3.44417566 2.43815623 0.988337922 3.91682135 2.45250394 1.28077502 3.51998321 2.38130864 1.33432954 3.97152864 2.33904755 1.67666322 3.56952595 2.28124194 1.69833318 4.00030511 2.18216212 2.07330606 3.59580962 2.13974808 2.07204462 4.00781442 1.98477507 2.46348217 3.60224283 1.95899717 2.44721763 3.99844349 1.74962688 2.83971814 3.59251327 1.74135201 2.81585357 3.97639044 1.47941769 3.1942203 3.57049873 1.48921216 3.17027516 3.94569013 1.17695436 3.51883324 3.54023677 1.20487202 3.50316855 3.91041997 0.854897045 3.80290129 3.50609091 0.898298498 3.79572961 3.86420051 0.527881545 4.04894938 3.46129382 0.581414722 4.03419593 3.80464328 0.178680821 4.26250348 3.4031764 0.240757615 4.24280489 3.73534108 -0.187546993 4.43738068 3.33516293 -0.118450586 4.41500713 3.65986778 -0.565557729 4.56731339 3.26069196 -0.491073941 4.54433732 3.58179919 -0.94999597 4.64599663 3.18320097 -0.872092115 4.62436768 3.50471562 -1.33536072 4.6671591 3.10612468 -1.25662251 4.64863501 3.43218521 -1.71603331 4.62466344 3.03290759 -1.63990677 4.61054325 3.36772422 -2.08638734 4.51260782 2.96704678 -2.01719408 4.50326074 3.31480485 -2.43471525 4.335784 2.91300054 -2.37210513 4.32869013 3.27008046 -2.74638151 4.1410559 2.86816823 -2.68451991 4.13349326 3.23097432 -3.02865053 3.93204305 2.82895814 -2.96753977 3.92392396 3.19704868 -3.28423697 3.7082454 2.79493728 -3.22384731 3.6994954 3.16786421 -3.51585509 3.46915252 2.76566917 -3.45612723 3.45972005 3.14298229 -3.72621442 3.21425218 2.74071832 -3.66706596 3.2041188 3.12196566 -3.91802068 2.94302825 2.71964876 -3.85935933 2.93221021 3.10437915 -4.09397388 2.65497139 2.7020227 -4.03570411 2.64351561 3.08978513 -4.25676692 2.34957086 2.68740115 -4.19880325 2.33754687 3.07774955 -4.40909621 2.02632332 2.6753471 -4.35136395 2.01381547 3.06783554 -4.55365123 1.68472897 2.66542083 -4.49608925 1.67182677 3.05960718 -4.6931268 1.3242901 2.65718522 -4.63568624 1.31108351 3.05262901 -4.8302162 0.944513232 2.65020244 -4.77285888 0.931087501 3.04646376 -4.96761395 0.544904733 2.64403449 -4.91030924 0.53133842 3.04067541 -5.10801793 0.124970049 2.63824438 -5.05074058 0.111333592 3.03482641 -5.25412317 -0.315781526 2.63239494 -5.19685329 -0.329425424 3.02848092 -5.408629 -0.77784398 2.62604903 -5.35134805 -0.791441277 3.02120079 -5.57423247 -1.26170992 2.61877002 -5.51692506 -1.2752141 3.0125496 -5.75363342 -1.76787324 2.61012033 -5.69628367 -1.7812456 3.00366846 -5.92220584 -2.22582914 2.60124009 -5.86482664 -2.23911406 -0.662063098 -0.939592618 1.84647548 -0.545588546 -0.746016012 1.46663444 -0.364353068 -0.696110909 2.08011073 -0.240075857 -0.489553054 1.67493406 -0.433423459 -0.56517694 1.05481562 -0.122897617 -0.300623383 1.24477641 -0.324347318 -0.39356052 0.619312426 -0.0108299793 -0.124295637 0.797366505 -0.216983273 -0.227334266 0.168382533 0.0979593402 0.0441393042 0.340467496 -0.115223176 -0.0707475701 -0.266963253 0.199921541 0.201037164 -0.0957416499 -0.497910555 -0.925738264 2.45242412 -0.783874797 -1.14900678 2.1861996 -0.643102629 -1.18430077 2.78343368 -0.911877684 -1.37693366 2.47822464 -0.802248219 -1.4777355 3.06350026 -1.04696214 -1.62597724 2.71616832 -0.977081444 -1.81097624 3.28133832 -1.19060333 -1.89974635 2.89529657 -1.16808106 -2.1864748 3.42484151 -1.3455313 -2.20432943 3.01169192 -1.36309688 -2.58768284 3.47950116 -1.50268652 -2.52754294 3.05594711 -1.53236838 -2.98206461 3.43552313 -1.63882548 -2.84425273 3.02058372 -1.67185825 -3.36504004 3.30468748 -1.75479065 -3.16056282 2.91249935 -1.77950252 -3.73268037 3.10051956 -1.8488414 -3.4760434 2.73743624 -1.85421963 -4.08329487 2.83558432 -1.91825535 -3.78802604 2.50209395 -1.89504858 -4.41600179 2.52106379 -1.96018758 -4.09303123 2.214556 -1.90078598 -4.72985585 2.16722552 -1.97203947 -4.38764777 1.88382367 -1.86994215 -5.02354839 1.78391929 -1.95149376 -4.66882324 1.51930721 -1.8008143 -5.29537118 1.38090798 -1.89645067 -4.93390736 1.13051232 -1.69157749 -5.54322996 0.968047612 -1.80492909 -5.18063481 0.726849854 -1.54040418 -5.76463155 0.555409452 -1.6749531 -5.40713914 0.317511369 -1.35408018 -5.95475035 0.159912118 -1.50712998 -5.6032555 -0.0757286883 -1.1498502 -6.1090469 -0.217078033 -1.30924766 -5.75279202 -0.44107549 -0.913792479 -6.23044279 -0.58988939 -1.07908878 -5.87140077 -0.804983983 -0.647350481 -6.3173171 -0.949011704 -0.818051609 -5.95705371 -1.15774936 -0.352020704 -6.36796523 -1.28484008 -0.527480511 -6.00779835 -1.48976315 -0.0293934021 -6.38065154 -1.58768478 -0.20862326 -6.02171613 -1.79150424 0.318785695 -6.35366028 -1.84780507 0.137422419 -5.99687029 -2.0534958 0.690594618 -6.28535185 -2.05550734 0.509740211 -5.93124444 -2.26621943 1.08398949 -6.17420756 -2.20130226 0.907535341 -5.82270215 -2.41995202 1.48640771 -6.02584336 -2.28057292 1.3151532 -5.6753718 -2.50494231 1.86267493 -5.86957008 -2.32278148 1.69232422 -5.5187223 -2.54725172 2.21767479 -5.70619588 -2.33594431 2.04826875 -5.35491373 -2.56044909 2.55416436 -5.53516292 -2.3213449 2.38570818 -5.18339839 -2.54580863 2.87490558 -5.35590347 -2.28026072 2.70736499 -5.00362708 -2.50460763 3.18265418 -5.16784944 -2.21396403 3.01596096 -4.81505557 -2.43812949 3.48016622 -4.97043049 -2.12372201 3.31422652 -4.6171389 -2.34766101 3.77018848 -4.76308345 -2.01080244 3.60489313 -4.40933217 -2.23449294 4.05546256 -4.54524073 -1.87647028 3.8907007 -4.19108392 -2.0999128 4.33872875 -4.31634362 -1.72199515 4.17439427 -3.96184423 -1.94520833 4.62272075 -4.07583269 -1.54864786 4.45871687 -3.72105521 -1.77166303 4.91017473 -3.82315222 -1.3577023 4.74641766 -3.46816099 -1.58055859 5.20382566 -3.55774828 -1.15043535 5.04024179 -3.20260351 -1.37317437 5.5064083 -3.27906586 -0.92812492 5.34293466 -2.9238232 -1.15078823 5.8206606 -2.98655165 -0.692049026 5.65724335 -2.63125966 -0.91467538 6.1493179 -2.67965229 -0.443488585 5.98591068 -2.3243548 -0.666113439 6.49511901 -2.35781382 -0.183722651 6.33168101 -2.00254866 -0.406376522 6.86080135 -2.02048229 0.0859678354 6.6972978 -1.66528188 -0.136740847 7.24910448 -1.66710312 0.364303199 7.08550475 -1.31199429 0.141519247 7.60628076 -1.34686777 0.612288534 7.44261488 -0.991819495 0.389455569 1.08383587 0.629535635 1.77753111 0.870015804 0.51695398 1.40749911 1.24563424 0.21286439 1.82955391 1.01757486 0.0927123082 1.43479896 0.628729424 0.420434017 1.02364574 0.765555993 -0.00813890368 1.03382972 0.367169233 0.335624211 0.629429677 0.496850979 -0.0952844196 0.628824158 0.0926048395 0.257899029 0.228095512 0.218654782 -0.174045759 0.222172453 -0.173740349 0.186286051 -0.157043737 -0.0482184014 -0.245801319 -0.163730963 1.44221358 0.358301084 2.21606165 1.2632452 0.762142222 2.13013938 1.59924694 0.535464138 2.59216848 1.40184399 0.918278472 2.46184096 1.70777149 0.751040075 2.95496044 1.49413003 1.10120449 2.76991393 1.75795072 1.01108313 3.29982123 1.53547559 1.31481375 3.05334109 1.74015929 1.31958889 3.62010367 1.52103963 1.56505706 3.31313167 1.64773424 1.66139261 3.89689679 1.44676015 1.84041318 3.53625674 1.47805623 1.99780239 4.10704402 1.31056028 2.11075498 3.70494121 1.24006693 2.32083351 4.25623339 1.11432594 2.37821449 3.82798477 0.944475136 2.62415401 4.3513823 0.861533075 2.63992466 3.90937357 0.60053722 2.90350358 4.4001115 0.557107183 2.89094671 3.95238804 0.216151232 3.15537811 4.4096377 0.207334419 3.12558303 3.96071155 -0.201502528 3.37622037 4.38656049 -0.180780661 3.33819368 3.93864939 -0.645469797 3.56214349 4.33700199 -0.60001324 3.52346496 3.89097758 -1.1087343 3.70890985 4.26678838 -1.04319362 3.67643545 3.82277264 -1.58405954 3.81198056 4.18156667 -1.50337526 3.79244267 3.73929034 -2.06384031 3.8665877 4.08685196 -1.97398086 3.86705679 3.64591542 -2.53046437 3.87295296 3.98937794 -2.43387994 3.89171898 3.55026665 -2.97263722 3.84362915 3.88325497 -2.86238118 3.86333801 3.44741667 -3.40835823 3.77082349 3.76369274 -3.28763868 3.79254866 3.33073231 -3.82940414 3.65311097 3.63574188 -3.70109128 3.67766055 3.20512224 -4.22741558 3.48905516 3.5044479 -4.09431054 3.51699131 3.07549292 -4.59391446 3.27726954 3.37487304 -4.45899208 3.30880787 2.94673589 -4.92032601 3.01650007 3.25209458 -4.78692074 3.05124825 2.82373043 -5.19807062 2.70569029 3.1411741 -5.0698914 2.74224851 2.71136775 -5.41872289 2.34398598 3.0470929 -5.29954504 2.37954306 2.61462034 -5.5763942 1.94389419 2.97427401 -5.46416653 1.97658916 2.53972166 -5.69180425 1.55527142 2.91568418 -5.57985296 1.58703238 2.48099083 -5.77324818 1.17589075 2.86745083 -5.66151329 1.20664219 2.4326293 -5.82257694 0.803371738 2.82889007 -5.71098154 0.833072002 2.39396003 -5.84163434 0.435324094 2.79931744 -5.73009343 0.463973677 2.36430241 -5.83225735 0.0693615558 2.77804942 -5.72069163 0.0970039525 2.34297533 -5.79627877 -0.296904323 2.76440536 -5.68462452 -0.270188222 2.3292967 -5.73553102 -0.665850644 2.75770663 -5.62374413 -0.639953342 2.32258222 -5.65183958 -1.0398526 2.75727232 -5.53989951 -1.01465299 2.32214649 -5.54703838 -1.42127935 2.76242499 -5.43494424 -1.39665336 2.32730604 -5.42295817 -1.81249417 2.77248398 -5.3107233 -1.78832204 2.33737539 -5.2814348 -2.21586077 2.786769 -5.16908355 -2.19203215 2.35167176 -5.12430686 -2.63373951 2.80459993 -5.01186812 -2.61015499 2.36951186 -4.95341331 -3.06849103 2.8252948 -4.8409181 -3.04506247 2.39021309 -4.77059514 -3.52247908 2.84817259 -4.65807273 -3.49912944 2.41309353 -4.5776941 -3.99806295 2.87255058 -4.46517234 -3.97472466 2.43747099 -4.37655295 -4.49760676 2.89774772 -4.26405488 -4.47422129 2.46266411 -4.16901307 -5.02347238 2.92308075 -4.05655933 -4.99998945 2.48799137 -3.95691764 -5.57802443 2.94786781 -3.84452319 -5.55440068 2.51277078 -3.7701054 -6.084281 2.96855243 -3.65774845 -6.0605623 2.53345037 -1.31480952 -1.32599527 1.44176042 -1.0678876 -1.09008738 1.08450967 -1.3109425 -0.921879962 1.70163187 -1.07057429 -0.692253059 1.35391278 -0.788755286 -0.844770042 0.734370349 -0.796466535 -0.451361872 1.01010199 -0.486746599 -0.59282486 0.389419705 -0.497836622 -0.202240509 0.66902347 -0.171139467 -0.337069085 0.0478782204 -0.183956346 0.0521136689 0.329356223 0.133163746 -0.0929652713 -0.275165955 0.120095294 0.296015524 0.00657953143 -1.50850064 -1.13720134 2.05427824 -1.52004138 -1.54971997 1.80820392 -1.65447462 -1.33524866 2.41276911 -1.67380609 -1.75841419 2.18602134 -1.74054824 -1.51328731 2.77817349 -1.76586976 -1.94899766 2.57724362 -1.75879778 -1.66900709 3.15225172 -1.78560629 -2.11796624 2.98321193 -1.70106656 -1.80048889 3.53797047 -1.72262032 -2.26142273 3.40405689 -1.56806398 -1.89569377 3.91184529 -1.57267235 -2.36803526 3.82392704 -1.37313897 -1.93514324 4.24261414 -1.34833774 -2.41351698 4.20518562 -1.12201474 -1.92227834 4.54004672 -1.06201965 -2.398957 4.5459955 -0.82265768 -1.85907437 4.80577258 -0.726365842 -2.32800052 4.84692465 -0.484065472 -1.74741634 5.04012566 -0.352990646 -2.20438126 5.1098359 -0.116159838 -1.58955427 5.24307624 0.0474132858 -2.03146874 5.33695226 0.270657977 -1.38814431 5.41470479 0.464632424 -1.81222835 5.53039378 0.665840593 -1.14615905 5.55529386 0.888605284 -1.54930323 5.69207154 1.05887726 -0.866828908 5.66529013 1.30922694 -1.24508516 5.82373485 1.43942328 -0.553614591 5.74523793 1.71622793 -0.901731213 5.92703704 1.79744432 -0.210209838 5.79572387 2.09903113 -0.521168443 6.00358695 2.11444395 0.151055549 5.8205165 2.44018063 -0.11812999 6.04919045 2.38572913 0.51787615 5.82051953 2.7385212 0.285334416 6.04925394 2.63100675 0.904525107 5.78814825 3.00902417 0.712071617 6.01380633 2.84171615 1.30432267 5.72524941 3.24306874 1.1570239 5.94451247 3.00965821 1.71053211 5.63385956 3.4316713 1.61518996 5.84283786 3.12714444 2.11650392 5.51615953 3.5653394 2.0814861 5.71010681 3.18712441 2.51599594 5.37434278 3.63393887 2.55041262 5.54763257 3.18310682 2.90371951 5.21032755 3.62677851 3.01552378 5.35699985 3.10855376 3.27586912 5.02533075 3.53321456 3.46889038 5.14049681 2.96004882 3.63057339 4.82309036 3.35983702 3.88183664 4.91193741 2.78173949 3.95431219 4.62474049 3.16584321 4.23399112 4.69616269 2.58676551 4.24390955 4.4323455 2.95184676 4.55180424 4.48501183 2.37462277 4.50298259 4.24432048 2.71774526 4.83767918 4.27753088 2.14458216 4.73510034 4.05900191 2.4636527 5.09407103 4.07283485 1.89575107 4.94367011 3.87471803 2.18985275 5.32359086 3.87005206 1.6271765 5.13188558 3.6898552 1.89668268 5.52907186 3.66825061 1.33796635 5.30272483 3.50290586 1.58442866 5.71355442 3.46639606 1.02736147 5.45901473 3.31247539 1.25323337 5.88023207 3.26333394 0.694771853 5.6035079 3.11727176 0.903076509 6.0323802 3.05781465 0.339761722 5.73894 2.91607051 0.533782824 6.17327797 2.84851608 -0.0379858166 5.86807986 2.70768811 0.145055495 6.30618326 2.63407661 -0.438704053 5.99374007 2.49095754 -0.263481615 6.43430285 2.41311934 -0.862577785 6.11878378 2.2647146 -0.692254927 6.56079653 2.18426471 -1.30976934 6.24611766 2.0277862 -1.14171818 6.68877995 1.94613757 -1.78042666 6.37868246 1.77899388 -1.61232903 6.82133245 1.69737553 -2.27470296 6.51944587 1.51714659 -2.10455024 6.96151089 1.43662293 -2.79275372 6.67139071 1.24104507 -2.61883577 7.11235145 1.16253443 -3.33474655 6.8375143 0.949481322 -3.15563206 7.27688121 0.873772405 -3.82393159 6.99470716 0.683582194 -3.64142384 7.43299095 0.609718678 1.36682323 1.32852256 -0.595659423 1.04270863 1.07683089 -0.514324477 1.6190867 1.03137827 -0.479531506 1.3036094 0.786390759 -0.400339338 0.714060609 0.818244111 -0.405150847 0.980895463 0.532471176 -0.293122685 0.382289793 0.554826948 -0.276161365 0.652845445 0.272007261 -0.165572143 0.048891002 0.288695324 -0.135288563 0.321274744 0.00733446592 -0.0254683864 -0.268164347 0.035120639 0.00254801057 0.00448177849 -0.24603041 0.112254391 1.92535904 1.26501681 -0.523175016 1.68506202 1.57128442 -0.640966356 2.22047511 1.48493587 -0.524013811 1.99606476 1.80303417 -0.64178778 2.50272548 1.68898476 -0.475106555 2.2982306 2.02147097 -0.589352306 2.77100233 1.87547258 -0.369601234 2.5893574 2.2238346 -0.474798029 3.0249771 2.04321633 -0.200074315 2.8664616 2.40685511 -0.289834816 3.24877126 2.17863157 0.0255529014 3.11762709 2.55867356 -0.0359830452 3.42606154 2.26081366 0.287372189 3.32209813 2.65341021 0.265535157 3.56577236 2.29413353 0.584130521 3.48265824 2.69174645 0.604458925 3.67164449 2.2805179 0.910128486 3.60364293 2.67685822 0.971016121 3.74680793 2.22162536 1.25843216 3.68999643 2.61218717 1.35667211 3.79438846 2.11936766 1.62124814 3.746666 2.50092179 1.75374837 3.81770593 1.97601342 1.99042701 3.77840863 2.34589682 2.15492378 3.82024061 1.79412598 2.3577575 3.78981662 2.1496463 2.55294229 3.80554803 1.57650836 2.71509898 3.78540873 1.91447053 2.94047273 3.77716719 1.32616922 3.0544574 3.76972193 1.64246052 3.31003811 3.73852895 1.04631626 3.36808034 3.74739788 1.3355101 3.65392151 3.6972226 0.747868286 3.64227645 3.71928831 1.00532726 3.95635442 3.65384996 0.441229905 3.87301572 3.67164433 0.668066373 4.21012961 3.59777748 0.113280426 4.07372327 3.61004201 0.306157961 4.43158479 3.53245878 -0.230100881 4.23804055 3.53804544 -0.0758966433 4.61434755 3.46135788 -0.582959835 4.35995 3.45920188 -0.473671923 4.75170071 3.38788212 -0.939395371 4.43388258 3.37711803 -0.882692719 4.83648175 3.31528281 -1.2938464 4.45479003 3.29555747 -1.29813683 4.86100409 3.24654082 -1.64158996 4.41801645 3.21855198 -1.71435011 4.81719023 3.18432789 -1.97924443 4.31871407 3.15044322 -2.12433714 4.69715443 3.13241011 -2.30466988 4.15542585 3.09539518 -2.50215015 4.50904829 3.08951426 -2.60359088 3.96867486 3.04873443 -2.82731054 4.30587431 3.05217451 -2.87310491 3.76911711 3.00775791 -3.12308541 4.08684992 3.0198717 -3.11646346 3.55603149 2.97211416 -3.39162048 3.85170932 2.99209757 -3.33688714 3.32849269 2.94143567 -3.63509485 3.60037991 2.96837269 -3.5374635 3.08543708 2.91532788 -3.85581689 3.33293393 2.94825246 -3.72109244 2.82576187 2.89336228 -4.05628786 3.04947687 2.93132212 -3.89047932 2.54843557 2.87507993 -4.23919863 2.75005173 2.91718381 -4.04818623 2.25255824 2.86000246 -4.40738395 2.4345595 2.90544918 -4.19669901 1.93739242 2.84764736 -4.5637608 2.10274638 2.89572443 -4.3384801 1.60234109 2.83753203 -4.71126072 1.75421464 2.88760971 -4.47601246 1.2469153 2.82918297 -4.85280051 1.38845855 2.880695 -4.61181519 0.870698564 2.82213608 -4.99125925 1.00490209 2.87456254 -4.74844863 0.473315696 2.81593598 -5.12947486 0.602927545 2.86878582 -4.88850982 0.0544089703 2.81013386 -5.27024872 0.18189465 2.86293423 -5.03462621 -0.386368993 2.8042874 -5.41635091 -0.258837859 2.85657301 -5.1894487 -0.849371719 2.79795714 -5.57052866 -0.719913404 2.84926447 -5.35564351 -1.3349568 2.79070663 -5.73551467 -1.20196709 2.84057016 -5.53588809 -1.84349311 2.78210028 -5.9140296 -1.70562559 2.8316574 -5.70502896 -2.30299949 2.77325095 -6.08200284 -2.16194369 -0.670026661 -0.660547482 1.99918567 -0.548021457 -0.45776957 1.60138635 -0.356389467 -0.975155989 1.92740062 -0.237642896 -0.777799482 1.54018223 -0.43230299 -0.271195724 1.17656857 -0.124018105 -0.594604627 1.12302342 -0.321106406 -0.0962398366 0.732625727 -0.014070863 -0.421616324 0.684053241 -0.212732097 0.0715519684 0.277464743 0.0937081704 -0.254746951 0.231385286 -0.110828746 0.22835925 -0.158493026 0.195527103 -0.0980696491 -0.204211906 -0.48162124 -1.19045583 2.27661387 -0.800163973 -0.884289164 2.36200974 -0.61462937 -1.42730321 2.57999057 -0.940350929 -1.13393112 2.68166751 -0.756719885 -1.68927266 2.8301995 -1.09249047 -1.41444008 2.94946908 -0.909443801 -1.98035885 3.02059943 -1.25824111 -1.73036378 3.15603556 -1.07487497 -2.30559109 3.14488814 -1.43873745 -2.08521315 3.29164522 -1.24076089 -2.64671444 3.19175253 -1.62502217 -2.46851125 3.3436956 -1.38270117 -2.97708931 3.15476528 -1.78849269 -2.84922802 3.30134157 -1.50195762 -3.30315166 3.04285976 -1.92469128 -3.2224512 3.17432706 -1.59696025 -3.62394431 2.86365516 -2.0313837 -3.58477929 2.97430067 -1.66552432 -3.93713548 2.62515241 -2.10695038 -3.93418535 2.71252565 -1.70535073 -4.23976893 2.33611268 -2.14988554 -4.26926375 2.3995071 -1.71428582 -4.52878049 2.00586676 -2.15853933 -4.58872304 2.04518223 -1.69039516 -4.80117947 1.6440444 -2.13104064 -4.89119251 1.6591821 -1.63198747 -5.05407557 1.26039252 -2.06527777 -5.17520305 1.25102799 -1.53764102 -5.28465473 0.864642584 -1.95886524 -5.43920994 0.830254424 -1.40626269 -5.49016957 0.466377944 -1.80909454 -5.68160111 0.406542949 -1.24065576 -5.66674625 0.0861668273 -1.62055435 -5.89125959 -0.00198332497 -1.04917081 -5.81141607 -0.267370797 -1.40992695 -6.05042319 -0.390782732 -0.827581545 -5.92541104 -0.617695638 -1.16529971 -6.17643252 -0.777177735 -0.578004377 -6.00682294 -0.954894004 -0.887397883 -6.26754754 -1.15186701 -0.302770696 -6.05398793 -1.26925967 -0.57673055 -6.32177528 -1.50534361 -0.00436587557 -6.06551207 -1.55148144 -0.233650686 -6.33685558 -1.82770743 0.314794562 -6.04025883 -1.79290684 0.141413652 -6.31027172 -2.10839388 0.652877181 -5.97718893 -1.98577183 0.547457649 -6.23940699 -2.33595478 1.00936087 -5.87494757 -2.12304802 0.982163957 -6.12196251 -2.49820641 1.38381636 -5.73557773 -2.20012989 1.41774456 -5.96563743 -2.58538533 1.74469024 -5.58570454 -2.24062283 1.81030875 -5.80258751 -2.62941031 2.08364419 -5.42972007 -2.253199 2.18229935 -5.63138954 -2.64319441 2.40403337 -5.26687274 -2.23930208 2.53583912 -5.45168858 -2.62785152 2.70927296 -5.09627592 -2.20020239 2.87299728 -5.26325472 -2.58466583 3.00271343 -4.91696041 -2.13698173 3.19590127 -5.06594434 -2.51511164 3.28754772 -4.72794842 -2.05057609 3.50684531 -4.85962126 -2.42080697 3.56675553 -4.52832547 -1.94185648 3.80832649 -4.6440904 -2.30343909 3.84312382 -4.31727571 -1.81170764 4.10303917 -4.41904903 -2.16467524 4.1193003 -4.09410077 -1.66109063 4.39382262 -4.18408674 -2.00611285 4.39784719 -3.85819601 -1.49106154 4.68359043 -3.93869189 -1.82924935 4.68130036 -3.60902859 -1.30277081 4.97529246 -3.68228486 -1.63549023 4.9721963 -3.34611117 -1.09744718 5.27187072 -3.41424037 -1.4261624 5.2730935 -3.06897968 -0.87637622 5.57624955 -3.13390973 -1.20253693 5.58657712 -2.77717926 -0.640880339 5.89132674 -2.84063171 -0.965844062 5.91525546 -2.47025982 -0.39230761 6.21997322 -2.53374762 -0.717294419 6.2617619 -2.14776423 -0.132016415 6.56503867 -2.21259846 -0.458083324 6.62874557 -1.80923217 0.138629541 6.92935396 -1.87653226 -0.189402766 7.01887087 -1.45419404 0.418266793 7.31573845 -1.52490372 0.0875556473 7.37725428 -1.13287313 0.667091744 7.67164164 -1.20581405 0.334652151 1.34743311 0.477319958 1.68481178 1.12351999 0.359372258 1.29725573 0.982037054 0.365080202 1.92227318 0.764070716 0.250294182 1.54504228 0.874626291 0.259782236 0.901270379 0.519659277 0.152513039 1.15620517 0.608001718 0.173316836 0.499406528 0.256018646 0.0670231171 0.758847392 0.33086299 0.094857203 0.0943031495 -0.0196032445 -0.0110037604 0.355964862 0.064143553 0.0231431738 -0.291377784 -0.286102169 -0.0826582431 -0.0293969094 1.16644588 0.50142264 2.28475228 1.53901293 0.61902078 2.06144871 1.31041248 0.663681517 2.62938378 1.6906783 0.790061162 2.4246253 1.40742681 0.856114526 2.95338987 1.79447473 0.996130145 2.77148447 1.45134456 1.08324451 3.2547054 1.84208172 1.24265254 3.09845691 1.43593164 1.3504527 3.53211018 1.82526723 1.53419342 3.40112516 1.35765664 1.64105432 3.76770138 1.73683767 1.86075162 3.66545217 1.2154781 1.92301735 3.94361232 1.57313841 2.18554002 3.86837291 1.01272124 2.19857657 4.0701762 1.34167165 2.50047144 4.01404193 0.754545868 2.46438919 4.15225427 1.05146227 2.79968946 4.10850164 0.446852073 2.71587222 4.1941375 0.710792191 3.07857804 4.15836215 0.0963638513 2.94790266 4.20022192 0.3271218 3.33305848 4.17012733 -0.289669319 3.15531847 4.17518642 -0.0926140094 3.55909554 4.15002357 -0.703729434 3.33312009 4.12391938 -0.541753881 3.75248828 4.1040604 -1.13815917 3.47654094 4.0514075 -1.01376903 3.90880428 4.03815373 -1.5852316 3.58108554 3.96262352 -1.50220358 4.02333757 3.95823355 -2.03721101 3.64260297 3.86241585 -2.0006103 4.09104148 3.87035164 -2.47625661 3.65756727 3.76151756 -2.48808798 4.10710459 3.77812723 -2.89088837 3.63008934 3.66196851 -2.94413031 4.07687774 3.66870334 -3.30018052 3.56183814 3.54951406 -3.3958169 4.00153385 3.54491147 -3.69516262 3.45175689 3.4291368 -3.83533325 3.87901448 3.41172788 -4.06704626 3.29912948 3.30580319 -4.25468035 3.70691685 3.27413815 -4.40739876 3.10357692 3.18436692 -4.64550829 3.48250033 3.13724249 -4.70842197 2.86491159 3.06942671 -4.99882529 3.20283657 3.00639879 -4.96325969 2.5826671 2.96516577 -5.30470283 2.86527154 2.88737657 -5.16599767 2.25524657 2.8753225 -5.55227075 2.46828231 2.78639124 -5.31432477 1.88302559 2.80437861 -5.72623646 2.0374576 2.70961755 -5.42502489 1.51030701 2.74818287 -5.8466328 1.63199665 2.64849268 -5.50279609 1.14807824 2.70212734 -5.93196586 1.23445455 2.59795331 -5.54976842 0.793385349 2.66541056 -5.98379051 0.84305825 2.5574401 -5.56790299 0.443124936 2.63726689 -6.00382468 0.456172861 2.5263531 -5.55895522 0.0941736916 2.61698884 -5.99399366 0.0721918436 2.50403606 -5.52450025 -0.256488936 2.60392842 -5.95640355 -0.310603579 2.48977421 -5.46600587 -0.611683435 2.59748135 -5.8932695 -0.694120437 2.48280786 -5.3849161 -0.974015479 2.59706238 -5.80682319 -1.08049008 2.48235678 -5.28272862 -1.34590038 2.60208709 -5.69925421 -1.47203226 2.48764429 -5.16102037 -1.72961773 2.61195308 -5.57266131 -1.87119842 2.49790665 -5.02146267 -2.1273723 2.62603877 -5.42905616 -2.28052067 2.51240255 -4.86580617 -2.54133265 2.64370058 -5.27036876 -2.70256166 2.53041136 -4.69586476 -2.97366323 2.66427836 -5.09846711 -3.1398904 2.55123009 -4.51349453 -3.42654079 2.68709729 -4.91517324 -3.59506771 2.57416897 -4.32058351 -3.9021547 2.71147405 -4.7222834 -4.07063305 2.59854808 -4.1190345 -4.40271676 2.73671923 -4.52157378 -4.56911144 2.62369316 -3.91075931 -4.93045287 2.76213923 -4.31481356 -5.0930091 2.64893341 -3.69767158 -5.48760679 2.78703937 -4.10376997 -5.64481855 2.67360002 -3.51022499 -5.99557593 2.80779258 -3.91762908 -6.14926744 2.6942105</float_array>
        <technique_common><accessor source="#vfx_kurp_0630-mesh-positions-array" count="816" stride="3"><param name="X" type="float"/><param name="Y" type="float"/><param name="Z" type="float"/></accessor></technique_common>
      </source>
      <source id="vfx_kurp_0630-mesh-normals">
        <float_array id="vfx_kurp_0630-mesh-normals-array" count="2448">0.00879447638 0.841799062 0.539719368 -0.00489004909 0.828623917 0.559784325 0.00874353603 0.841790878 0.539732961 -0.00492163026 0.82861794 0.559792897 -0.0154042143 0.819329898 0.573115371 -0.0154227969 0.819325805 0.573120722 -0.0224821756 0.813397745 0.581273309 -0.0224918933 0.813395291 0.581276367 -0.0261247137 0.810434714 0.585246165 -0.0261278935 0.810433939 0.585247096 -0.0270968695 0.809655203 0.586279977 -0.0270969687 0.809655466 0.586279609 0.0246742643 0.859374682 0.510750759 0.0247508867 0.859386282 0.510727532 0.0407194749 0.881560063 0.470312428 0.0408192368 0.881578019 0.470270121 0.0528811123 0.907535488 0.416632844 0.0529743249 0.907562537 0.416562076 0.0557108647 0.934791962 0.350799497 0.0557402964 0.934821883 0.350715078 0.0439613968 0.960401458 0.275129851 0.0440461087 0.960393575 0.275143821 0.0088236049 0.983346881 0.181524258 0.00914575786 0.983299756 0.181763431 -0.0514587375 0.995600575 0.0783038476 -0.0504511421 0.995619879 0.0787130154 -0.125007515 0.992084431 -0.0118997083 -0.122559442 0.99239373 -0.011570095 -0.201487937 0.975777683 -0.0852087151 -0.19718882 0.97663316 -0.0854648462 -0.275170726 0.950475947 -0.144487179 -0.268897655 0.952058961 -0.145869069 -0.344235642 0.918551232 -0.194333366 -0.33593744 0.92098392 -0.197318666 -0.409029741 0.880667799 -0.238995604 -0.398555858 0.884079654 -0.244041786 -0.470630245 0.836101079 -0.281854854 -0.457629594 0.840696229 -0.289490942 -0.530008085 0.783005607 -0.325566659 -0.513853669 0.78913087 -0.336492015 -0.58748602 0.718494667 -0.372324577 -0.567181128 0.72673326 -0.387510435 -0.638479 0.642592315 -0.423579607 -0.617121735 0.651951759 -0.440590135 -0.680513402 0.564576698 -0.467070298 -0.67074589 0.569216456 -0.475491932 -0.734775218 0.4832408 -0.476008096 -0.73458002 0.483382886 -0.476165076 -0.787655472 0.399137279 -0.469348794 -0.787173032 0.399472831 -0.469872403 -0.836554557 0.304357351 -0.455568959 -0.835666971 0.305035252 -0.456743044 -0.879775069 0.195281127 -0.433429474 -0.87840398 0.196505617 -0.435651227 -0.913451388 0.068727886 -0.40110228 -0.911609341 0.070761587 -0.404921236 -0.931046993 -0.0766301466 -0.356762271 -0.928933711 -0.0735267916 -0.362871839 -0.92381696 -0.238009706 -0.299855973 -0.921903077 -0.233744386 -0.308963232 -0.885674105 -0.399520495 -0.236568708 -0.884831959 -0.395601487 -0.246113526 -0.83718411 -0.514001726 -0.186882296 -0.837141278 -0.512554346 -0.191003987 -0.799239613 -0.582388483 -0.148457726 -0.799239775 -0.582388515 -0.148456728 -0.759793097 -0.640864583 -0.109576622 -0.759793216 -0.640864455 -0.109576548 -0.714307447 -0.696395434 -0.0692695475 -0.714307333 -0.696395523 -0.0692698338 -0.664510785 -0.746710766 -0.0291281436 -0.664510552 -0.746710939 -0.0291290137 -0.612805043 -0.790180423 0.00921287513 -0.612805167 -0.79018036 0.00921008418 -0.561836653 -0.826058424 0.0443515077 -0.561837094 -0.826058317 0.0443479018 -0.51402712 -0.854461246 0.0753133335 -0.51402762 -0.854461284 0.0753094983 -0.471250646 -0.876129333 0.101588491 -0.471251698 -0.87612932 0.101583716 -0.434701813 -0.892124627 0.123077141 -0.434703141 -0.892124681 0.12307206 -0.404937481 -0.903567147 0.139971596 -0.404938928 -0.903567324 0.139966265 -0.38201995 -0.911463287 0.152628419 -0.382021713 -0.911463524 0.152622589 -0.365662941 -0.916632281 0.161480266 -0.3656649 -0.916632618 0.161473915 -0.355374575 -0.919690359 0.166968724 -0.355376536 -0.919690731 0.1669625 -0.350554274 -0.921073422 0.169515345 -0.350556097 -0.921073851 0.169509246 -0.35056123 -0.921073559 0.169500214 -0.350562961 -0.921074054 0.169493944 -0.354752948 -0.919876391 0.167265573 -0.354754657 -0.919876868 0.167259324 -0.362510896 -0.917594367 0.163114768 -0.362512347 -0.917594869 0.16310872 -0.372401419 -0.914561389 0.157780381 -0.372402423 -0.914561732 0.157776027 -0.377590207 -0.912914267 0.154961859 -0.377591062 -0.912914453 0.154958677 0.619034267 -0.731518677 0.285791885 0.640475942 -0.71489318 0.280567831 0.619066118 -0.731507904 0.285750464 0.640495695 -0.714885559 0.280542157 0.655218979 -0.703308136 0.275763949 0.655230761 -0.703303053 0.275748915 0.664465995 -0.695974734 0.272220702 0.664472308 -0.695971789 0.272212822 0.669037585 -0.692329598 0.27031174 0.669039604 -0.692328651 0.27030917 0.670235826 -0.691372599 0.269792265 0.670235611 -0.69137288 0.26979208 0.589437537 -0.754079876 0.28970145 0.589387017 -0.754095864 0.289762612 0.550258678 -0.783231757 0.289419077 0.550182633 -0.78325746 0.289494079 0.501444599 -0.818464915 0.280479048 0.501347278 -0.818504624 0.280537142 0.44580145 -0.857088767 0.258185811 0.445718629 -0.857133498 0.258180306 0.387085309 -0.895781093 0.21849759 0.387061576 -0.895771246 0.218579986 0.321504062 -0.934947583 0.150027179 0.321577727 -0.934859988 0.150414657 0.255910327 -0.965191152 0.0539994895 0.255864633 -0.96514193 0.0550848854 0.204842708 -0.977521254 -0.049916553 0.204179706 -0.977778838 -0.0475309509 0.168005991 -0.974226317 -0.150522657 0.166145169 -0.975135516 -0.146650977 0.141099198 -0.959582477 -0.243500483 0.137536 -0.961419134 -0.238237481 0.119643819 -0.936756444 -0.328896215 0.113949554 -0.939726447 -0.322381303 0.100087578 -0.907160821 -0.408707378 0.0918115778 -0.911474371 -0.400980181 0.0797244973 -0.87068357 -0.485339186 0.0682816763 -0.876638018 -0.476280798 0.0562720001 -0.825979474 -0.560884454 0.0408351039 -0.8340443 -0.550184151 0.0274211529 -0.770599807 -0.636729156 0.00680497151 -0.781528001 -0.623833051 -0.0100158166 -0.704851571 -0.709284108 -0.0325156736 -0.717214896 -0.696093043 -0.0445403583 -0.635678743 -0.770667693 -0.0553462971 -0.641801613 -0.764870889 -0.0436153466 -0.556987631 -0.829374753 -0.0438129691 -0.55715657 -0.829250855 -0.0297434049 -0.472785923 -0.880675196 -0.03035583 -0.47321222 -0.880425305 -0.0128978369 -0.376824552 -0.926194852 -0.014203517 -0.377706258 -0.925816528 0.00673259387 -0.265330304 -0.964134068 0.00437887745 -0.266940135 -0.963703165 0.0286658532 -0.134865162 -0.99044922 0.0248211421 -0.137559316 -0.990182481 0.0516245577 0.0161723876 -0.998535607 0.045792414 0.0120140926 -0.99887873 0.0729552002 0.185097055 -0.980008479 0.0647112566 0.179259228 -0.981671321 0.0872341886 0.355138526 -0.930734561 0.0789835119 0.34956885 -0.933575505 0.0928350047 0.476423112 -0.874301252 0.0893639662 0.474260557 -0.875837317 0.100311521 0.550394697 -0.828856608 0.100312377 0.550394841 -0.828856409 0.109215769 0.614690826 -0.781170343 0.109215852 0.61469074 -0.781170398 0.117394083 0.676314337 -0.727198423 0.117393484 0.676314215 -0.727198634 0.124507821 0.73275519 -0.669004958 0.124506955 0.732755243 -0.669005061 0.130353502 0.782129 -0.609329297 0.130351238 0.782128548 -0.609330361 0.134888679 0.823463917 -0.551100918 0.134885779 0.823463277 -0.551102584 0.138219922 0.856712673 -0.496929219 0.138216653 0.856712027 -0.496931243 0.140540159 0.88252128 -0.448781299 0.140536081 0.882520383 -0.44878434 0.14207751 0.90192308 -0.407858723 0.14207331 0.901922209 -0.407862114 0.143048839 0.91605683 -0.374669074 0.143044593 0.916056006 -0.374672708 0.143633245 0.925977036 -0.349193385 0.143628679 0.925976204 -0.349197468 0.143964372 0.932565725 -0.331052001 0.143959493 0.932564924 -0.33105638 0.144134136 0.936505595 -0.319660165 0.144129501 0.936504893 -0.319664312 0.144199809 0.938298001 -0.314329885 0.144194925 0.938297331 -0.314334126 0.144188596 0.938295496 -0.314342507 0.144183514 0.938294835 -0.314346809 0.144112866 0.93673862 -0.31898627 0.14410778 0.936737985 -0.318990431 0.143969815 0.933789055 -0.327583109 0.143964949 0.933788472 -0.327586908 0.143770872 0.929899448 -0.338551258 0.143767316 0.929899021 -0.338553938 0.143657205 0.927800161 -0.344310135 0.143654337 0.927799728 -0.344312497 0.69738287 -0.698419545 -0.160833056 0.690050338 -0.710645143 -0.137164177 0.697397271 -0.698416977 -0.160781757 0.690058455 -0.710643484 -0.137131935 0.685336215 -0.718270131 -0.120009549 0.68534042 -0.718269341 -0.119990255 0.682522787 -0.722710923 -0.108864907 0.682524738 -0.722710633 -0.1088546 0.681174585 -0.724805122 -0.10324108 0.6811752 -0.724805027 -0.103237684 0.680827156 -0.725341721 -0.101753487 0.680827376 -0.725341494 -0.101753636 0.708423802 -0.679418038 -0.191119981 0.708401861 -0.679418999 -0.191197877 0.724494891 -0.650745706 -0.227238154 0.724469718 -0.650736526 -0.227344676 0.746839472 -0.609487014 -0.266000719 0.746827963 -0.609451321 -0.26611479 0.77557714 -0.554655224 -0.301392905 0.775598024 -0.554590501 -0.301458257 0.810255328 -0.486377111 -0.326991756 0.810208901 -0.486411015 -0.327056357 0.854633226 -0.394500653 -0.337596333 0.854425836 -0.394799319 -0.337772096 0.901631356 -0.284552561 -0.325715732 0.901160449 -0.285206703 -0.326445986 0.939419081 -0.179746086 -0.291861498 0.938566427 -0.180771761 -0.293963659 0.965667745 -0.0871196298 -0.244736544 0.964521395 -0.0882081867 -0.248832864 0.981432063 -0.00635855839 -0.191704656 0.980145377 -0.00707724371 -0.198153862 0.988407476 0.065833042 -0.136808888 0.987107923 0.065891048 -0.145864042 0.98771257 0.133380476 -0.0814464734 0.986487793 0.134575157 -0.0934417536 0.979482738 0.199902363 -0.0255462485 0.978403095 0.202591009 -0.0410398291 0.96274541 0.268561156 0.0315623387 0.961899202 0.273155488 0.0116621119 0.935270381 0.342150926 0.0905652159 0.934813967 0.349166877 0.0648485934 0.895148022 0.420816066 0.147050527 0.89537593 0.429012031 0.119375969 0.848445132 0.490311104 0.199338606 0.848925165 0.494580301 0.186323346 0.801250396 0.531385244 0.275004591 0.801302915 0.531448746 0.274728717 0.74960778 0.558094233 0.355835642 0.749735493 0.558382081 0.355114267 0.686059541 0.579484284 0.43990939 0.686366803 0.580197468 0.438487753 0.606516416 0.594761699 0.527632788 0.607184652 0.596206343 0.525228326 0.50625472 0.601910526 0.617583902 0.50757112 0.604545847 0.613918462 0.380999135 0.597790812 0.705326736 0.383345828 0.602261059 0.700233955 0.229251765 0.578946724 0.782473206 0.232984169 0.586018672 0.776080211 0.0629540186 0.545982547 0.835427944 0.0668973865 0.553825369 0.829941082 -0.0649724706 0.512421218 0.85627278 -0.0633434585 0.515947765 0.854274844 -0.146186736 0.481802719 0.863999756 -0.146186543 0.481802155 0.864000103 -0.219302006 0.448122422 0.866656175 -0.219301896 0.448122516 0.866656154 -0.292633053 0.410844938 0.863465305 -0.292633163 0.410845285 0.863465103 -0.363246341 0.371406645 0.854464276 -0.363246571 0.37140739 0.854463855 -0.42847103 0.331606649 0.840505566 -0.428470808 0.33160899 0.840504755 -0.486332897 0.293290554 0.823080169 -0.486332385 0.293293948 0.823079262 -0.535763068 0.258038708 0.803973856 -0.535762494 0.258042551 0.803973004 -0.57653442 0.226991099 0.784909615 -0.576533494 0.226996038 0.784908867 -0.609046635 0.200796469 0.767295885 -0.609045708 0.200801559 0.767295289 -0.634062227 0.179674025 0.752118566 -0.634061191 0.179679738 0.752118075 -0.652479639 0.163534547 0.739950521 -0.652478469 0.163540886 0.739950151 -0.665193741 0.152080058 0.731019113 -0.665192645 0.152086311 0.731018809 -0.673011857 0.144905192 0.725298232 -0.673010847 0.144911376 0.725297934 -0.67662802 0.141556323 0.722590015 -0.676627043 0.141562637 0.722589693 -0.676623752 0.141572417 0.722590859 -0.676622809 0.141578753 0.7225905 -0.673482038 0.144504485 0.724941652 -0.673481188 0.1445108 0.724941183 -0.66760689 0.149930905 0.729261108 -0.66760611 0.149937152 0.729260538 -0.66000316 0.156861392 0.734704249 -0.660002679 0.156865882 0.734703722 -0.655962566 0.160503183 0.737530908 -0.655962108 0.160506302 0.737530637 -0.812709881 -0.249837828 0.526387414 -0.799441586 -0.24268286 0.549543611 -0.812679008 -0.249861806 0.526423696 -0.799421743 -0.242697163 0.54956616 -0.789421958 -0.238583812 0.565588841 -0.789409894 -0.23859172 0.565602343 -0.782745333 -0.236371783 0.57570663 -0.782738827 -0.2363757 0.575713867 -0.779328408 -0.235384792 0.580724748 -0.779326288 -0.235386107 0.580727059 -0.778419293 -0.235139617 0.582041893 -0.778419361 -0.235139914 0.582041681 -0.828605324 -0.261969028 0.494757966 -0.828650551 -0.261933707 0.494700917 -0.845592696 -0.281708491 0.453446048 -0.845651025 -0.281669356 0.453361575 -0.860404309 -0.312117072 0.402849053 -0.860459674 -0.312100251 0.402743817 -0.868330791 -0.35497035 0.346406823 -0.868350787 -0.355004828 0.346321357 -0.864724549 -0.411122618 0.288495488 -0.864767235 -0.411054044 0.288465252 -0.842088376 -0.48954078 0.226355897 -0.842280925 -0.48918852 0.22640105 -0.794963872 -0.583083478 0.167469697 -0.79562031 -0.582227746 0.167329535 -0.731029074 -0.670756365 0.125229358 -0.732678298 -0.669121812 0.124332266 -0.659188132 -0.745548071 0.0981278773 -0.662138669 -0.743225962 0.0958517237 -0.584920029 -0.807021968 0.0811424862 -0.589256776 -0.804270952 0.0769719872 -0.510032515 -0.857337357 0.0695664457 -0.51576818 -0.854403394 0.0630715879 -0.433866702 -0.898981184 0.0599375979 -0.441078731 -0.89603762 0.0506570472 -0.354454478 -0.933746224 0.0497997189 -0.363371722 -0.930904578 0.0371168263 -0.269150404 -0.962379762 0.0371921099 -0.280225467 -0.95972127 0.0202180979 -0.174928775 -0.984374739 0.0201568099 -0.188940388 -0.98198563 -0.00239845326 -0.0739396623 -0.997251059 -0.00482203271 -0.0889919428 -0.995598518 -0.0293943137 0.0220789913 -0.999374084 -0.0276398111 0.0150571985 -0.999109775 -0.0394073429 0.119182905 -0.99276316 -0.0147221763 0.119000104 -0.992781778 -0.0149438077 0.214076734 -0.976756795 0.0108312322 0.21366954 -0.976853115 0.0101646068 0.313756886 -0.948668763 0.0398019391 0.313008879 -0.948973694 0.0383975191 0.419935882 -0.904680693 0.0721574567 0.418733735 -0.905434354 0.0696468986 0.532662967 -0.839492785 0.107340712 0.530931998 -0.841097937 0.103273785 0.649050603 -0.747065955 0.143616759 0.646852562 -0.750115221 0.137509703 0.761998406 -0.622816854 0.177362894 0.759680457 -0.627995387 0.168841338 0.856853733 -0.474592681 0.20140374 0.855497895 -0.480491669 0.19300546 0.911363783 -0.352768638 0.212062121 0.911149319 -0.355391716 0.208575276 0.937005851 -0.270036027 0.221586505 0.937005724 -0.270035884 0.221587219 0.953724019 -0.191873649 0.231505935 0.953723992 -0.191873748 0.231505966 0.964465314 -0.110686761 0.239906439 0.964465385 -0.110686663 0.239906197 0.968706393 -0.0296796987 0.246428569 0.968706603 -0.0296796822 0.246427747 0.966814737 0.047838215 0.250959696 0.966815363 0.0478370783 0.250957503 0.959948759 0.119009856 0.253643519 0.959949732 0.119008025 0.253640696 0.949740819 0.181823289 0.254818892 0.949742052 0.181821189 0.254815795 0.937921365 0.235208856 0.25491235 0.93792311 0.235205964 0.2549086 0.92601677 0.278928141 0.254346288 0.926018783 0.278925008 0.254342394 0.9151864 0.313340669 0.253478754 0.915188629 0.313337354 0.253474802 0.906192296 0.339148643 0.252574187 0.906194917 0.339144941 0.252569754 0.899439063 0.357216056 0.251805602 0.899441861 0.357212184 0.251801102 0.895054048 0.36843249 0.251268286 0.895056863 0.368428685 0.251263837 0.892965577 0.373647184 0.250998527 0.892968401 0.373643449 0.250994038 0.89297313 0.373635757 0.250988665 0.892975883 0.373632165 0.250984218 0.89479836 0.369095475 0.251205942 0.894801095 0.36909196 0.251201364 0.898126997 0.360646597 0.251598747 0.89812972 0.360643098 0.251594041 0.902281101 0.349783741 0.252071715 0.902282976 0.349781353 0.252068317 0.904419958 0.34404335 0.252306785 0.904421267 0.344041534 0.252304567 0.884790718 -0.257984751 0.388058312 0.852057458 -0.289533591 0.436083006 0.884807447 -0.257998502 0.388011025 0.852070598 -0.289539119 0.436053661 0.826905646 -0.311787669 0.467990921 0.826914699 -0.311789424 0.467973755 0.809973946 -0.325990818 0.487516352 0.809979209 -0.325991129 0.487507401 0.801263545 -0.333083966 0.49702294 0.801265285 -0.333084088 0.497020054 0.798944865 -0.334950583 0.499494954 0.798944732 -0.334950948 0.499494923 0.922976104 -0.215897049 0.318596258 0.922957928 -0.215869639 0.31866748 0.961425677 -0.162774718 0.221731954 0.961410217 -0.162733327 0.221829347 0.990561799 -0.100566671 0.093132526 0.990554961 -0.100528451 0.0932464418 0.997289988 -0.0352829777 -0.0645584264 0.997296565 -0.0352838975 -0.064456256 0.971107 0.0235846848 -0.237476225 0.971143507 0.0238326845 -0.237302111 0.908114881 0.0677410147 -0.413205177 0.908151373 0.067875684 -0.413102863 0.814363957 0.0872762868 -0.573754474 0.814853685 0.0865201957 -0.573173384 0.708822726 0.0810769028 -0.700711695 0.710354897 0.0795191283 -0.699337278 0.608610459 0.05675917 -0.791436483 0.61174574 0.0544504829 -0.78917824 0.523039133 0.0220947525 -0.852022234 0.528204244 0.0191589701 -0.848901178 0.45493033 -0.0176988515 -0.890351136 0.462515409 -0.0211220434 -0.886359609 0.403956346 -0.0599213959 -0.912813616 0.414447489 -0.063659099 -0.907844038 0.369043599 -0.103435078 -0.923638461 0.383138083 -0.107217617 -0.917447324 0.349581225 -0.147798369 -0.925174907 0.368290241 -0.151144338 -0.917342731 0.345950395 -0.19261109 -0.918269727 0.370697275 -0.194627273 -0.908132014 0.362547222 -0.233990924 -0.902112942 0.3891031 -0.233352575 -0.891148334 0.38480748 -0.266972237 -0.88354345 0.397005014 -0.265902471 -0.878454834 0.37527542 -0.294940984 -0.878736693 0.375538077 -0.294855389 -0.878653204 0.362277634 -0.316118532 -0.876826089 0.362994389 -0.315833144 -0.876632476 0.354454748 -0.333364491 -0.873630326 0.355893294 -0.332641961 -0.87332084 0.351484763 -0.346602571 -0.869669546 0.353926602 -0.345039409 -0.869300734 0.353249302 -0.355212794 -0.865470278 0.356928223 -0.352178165 -0.865201008 0.359564538 -0.357918461 -0.8617469 0.364511705 -0.352556462 -0.861878853 0.369726945 -0.352795114 -0.859556626 0.375547215 -0.344213314 -0.860512338 0.381451406 -0.336212382 -0.861078428 0.38594638 -0.327165567 -0.862559032 0.388773102 -0.318873209 -0.864393054 0.390261709 -0.315039866 -0.865127552 0.38976518 -0.314231804 -0.865645122 0.389765555 -0.314231421 -0.865645092 0.388637959 -0.312560678 -0.866756228 0.388638115 -0.312559259 -0.86675667 0.387336036 -0.31096913 -0.867910707 0.387335791 -0.310967765 -0.867911305 0.385908938 -0.309525441 -0.869061732 0.385908269 -0.309524207 -0.869062468 0.384423685 -0.308274626 -0.870163884 0.38442255 -0.308272786 -0.870165038 0.382955982 -0.30723789 -0.871177131 0.382954408 -0.307235319 -0.87117873 0.381577108 -0.306413926 -0.87207191 0.381575312 -0.306411102 -0.872073688 0.380338741 -0.305781754 -0.872834441 0.38033672 -0.30577827 -0.872836542 0.379276324 -0.305310416 -0.873461516 0.379273957 -0.305306071 -0.873464063 0.378407242 -0.304968807 -0.873957657 0.378404846 -0.304964131 -0.873960326 0.377732491 -0.304728308 -0.87433336 0.377730109 -0.304723349 -0.874336117 0.37724466 -0.304565196 -0.874600771 0.3772423 -0.304559933 -0.874603622 0.376930507 -0.304462363 -0.874772006 0.376928255 -0.304456844 -0.874774897 0.376773276 -0.304406769 -0.874859084 0.376771157 -0.304401073 -0.874861979 0.376754196 -0.304390205 -0.874873064 0.376752317 -0.304384659 -0.874875803 0.376855952 -0.304408058 -0.874823025 0.376854334 -0.304402585 -0.874825626 0.377060872 -0.304456737 -0.87471778 0.377059596 -0.304451492 -0.874720155 0.377328381 -0.304527594 -0.874577748 0.377327219 -0.30452349 -0.874579678 0.377469426 -0.304565939 -0.874503528 0.377468504 -0.304562749 -0.874505037 -0.059811782 0.318864857 0.945911071 -0.0085023218 0.35867209 0.933424899 -0.0598632632 0.318869853 0.94590613 -0.0085349936 0.358672232 0.933424546 0.0267777631 0.38640918 0.921938662 0.0267583356 0.386407709 0.921939843 0.04890539 0.403965883 0.913465833 0.0488951186 0.403964535 0.913466979 0.0598418696 0.412691278 0.908903108 0.0598386144 0.412690819 0.908903531 0.0627041542 0.414982266 0.907666187 0.0627041677 0.414982609 0.90766603 -0.130833683 0.264821412 0.95538064 -0.130757839 0.264807282 0.95539494 -0.224690722 0.195011478 0.954717028 -0.224590231 0.194988237 0.954745419 -0.34163775 0.110624365 0.933298397 -0.341526585 0.110607038 0.933341135 -0.474900143 0.0181120588 0.879853288 -0.474811469 0.0181309708 0.879900754 -0.609293887 -0.0706500041 0.789790818 -0.609111821 -0.0708626589 0.789912194 -0.733458833 -0.145255362 0.664032394 -0.733359987 -0.145369591 0.664116565 -0.83541058 -0.192764861 0.514714359 -0.835216829 -0.191919347 0.515344363 -0.90665788 -0.208878076 0.366526176 -0.9063157 -0.207106859 0.368372911 -0.95063568 -0.200702195 0.236665233 -0.95028688 -0.198042264 0.240279227 -0.975358757 -0.177021813 0.131676012 -0.975177569 -0.173600419 0.137446732 -0.988190055 -0.144395295 0.0512875622 -0.988307426 -0.140350662 0.0595829107 -0.994273321 -0.106623537 -0.00720996603 -0.99476473 -0.102109022 0.00410837023 -0.996766492 -0.0655779593 -0.0464337392 -0.997656719 -0.0608187095 -0.0313393503 -0.997449411 -0.0221103939 -0.0678660678 -0.998700083 -0.0175098636 -0.0478701325 -0.997171835 0.0232325022 -0.0714743528 -0.998626873 0.0269074175 -0.0449484142 -0.99637908 0.0667532118 -0.052656787 -0.99740054 0.0679555181 -0.0239627035 -0.994372121 0.102414819 -0.0271162394 -0.994666013 0.102212459 -0.0138613365 -0.990757467 0.130839773 -0.0357854086 -0.990776827 0.130769219 -0.0355061985 -0.987186026 0.152082327 -0.0483188999 -0.987260963 0.151832614 -0.0475673118 -0.983947267 0.169661341 -0.0553426103 -0.984143779 0.168998659 -0.0538560534 -0.981361823 0.183410014 -0.0573562429 -0.981779997 0.181925747 -0.0548731208 -0.979750283 0.192624087 -0.0546382975 -0.980524546 0.189668173 -0.050966647 -0.979465792 0.195920648 -0.0475590359 -0.980737725 0.190597243 -0.0427341336 -0.980847059 0.191222067 -0.03705628 -0.982684971 0.182578766 -0.0315474518 -0.984304499 0.174575959 -0.0258435294 -0.985989393 0.165387518 -0.0217229308 -0.987427703 0.15688637 -0.0193183214 -0.988066029 0.152976154 -0.0179949778 -0.98819138 0.152091355 -0.0186015313 -0.98819148 0.152090752 -0.0186011159 -0.988445906 0.150253548 -0.0199640266 -0.988446168 0.150251842 -0.0199638749 -0.988680355 0.14848742 -0.0215091272 -0.988680529 0.148486203 -0.0215095249 -0.988884489 0.146868274 -0.0231770709 -0.98888468 0.146866853 -0.0231779502 -0.989052774 0.145447727 -0.024891128 -0.989053081 0.14544539 -0.0248925998 -0.989184071 0.144253275 -0.0265681598 -0.989184408 0.144250626 -0.0265699963 -0.989280893 0.143289804 -0.0281308826 -0.989281275 0.143286743 -0.0281330502 -0.989348958 0.142537395 -0.0295250756 -0.989349447 0.142533464 -0.0295276561 -0.989394803 0.141966499 -0.0307154271 -0.98939539 0.141961779 -0.0307183239 -0.989424488 0.141545893 -0.0316850642 -0.989425109 0.141540883 -0.0316880271 -0.989443095 0.141245499 -0.0324356529 -0.989443767 0.141240113 -0.032438601 -0.989454578 0.141039381 -0.032977737 -0.989455286 0.141033725 -0.0329806669 -0.989461442 0.140909203 -0.0333264478 -0.989462163 0.14090348 -0.0333292124 -0.989465383 0.140840059 -0.0335012344 -0.989466163 0.140833939 -0.0335039481 -0.989467325 0.140821216 -0.0335230938 -0.989468096 0.140815219 -0.0335255424 -0.989467389 0.140847365 -0.0334111682 -0.989468148 0.140841517 -0.033413351 -0.989465674 0.140912808 -0.0331852528 -0.989466417 0.14090715 -0.0331871216 -0.989462254 0.141006198 -0.0328892017 -0.989462815 0.141001907 -0.032890742 -0.989460208 0.141056892 -0.0327329979 -0.989460632 0.141053665 -0.0327341091 -0.660555093 -0.539390097 -0.522231073 -0.67812761 -0.568653942 -0.465591708 -0.660570639 -0.539347075 -0.522255842 -0.678135907 -0.568628607 -0.465610566 -0.689424978 -0.586905952 -0.424540461 -0.689429086 -0.586891859 -0.424553272 -0.696167045 -0.597535952 -0.39787213 -0.696168856 -0.597528878 -0.397879585 -0.699398384 -0.602548097 -0.384418641 -0.699399024 -0.602545825 -0.384421038 -0.700234296 -0.603832174 -0.38086564 -0.700234559 -0.603832047 -0.380865358 -0.634179272 -0.49384379 -0.594924333 -0.634152951 -0.493911999 -0.594895766 -0.595707794 -0.425163077 -0.681445949 -0.595672594 -0.425259643 -0.681416464 -0.542195914 -0.326315128 -0.774300993 -0.542168775 -0.326428718 -0.774272117 -0.473342032 -0.194962934 -0.859032465 -0.473354457 -0.195060189 -0.85900354 -0.39408776 -0.0391899067 -0.918236891 -0.39389891 -0.0394188564 -0.91830812 -0.311149742 0.132263467 -0.941112222 -0.3110553 0.132127536 -0.941162534 -0.237630771 0.303167074 -0.922833323 -0.238574099 0.302663268 -0.922755301 -0.18465023 0.451494496 -0.872958769 -0.186843972 0.450152379 -0.87318507 -0.153348438 0.568528936 -0.808244459 -0.15700643 0.566104394 -0.809243348 -0.140459381 0.655770133 -0.741779411 -0.145661846 0.652141772 -0.743971596 -0.141920247 0.718685378 -0.68069815 -0.148718848 0.71371135 -0.684469731 -0.154622174 0.762744676 -0.627943105 -0.163090385 0.756156911 -0.633741471 -0.176700497 0.791939903 -0.584472519 -0.186932772 0.783265049 -0.592918208 -0.207282684 0.80853593 -0.550730005 -0.219341898 0.797004385 -0.562737187 -0.246110962 0.81313476 -0.527485788 -0.259899682 0.797546016 -0.544401053 -0.291775392 0.802940035 -0.519763813 -0.304087526 0.78549926 -0.539000639 -0.332723543 0.78709178 -0.519405018 -0.337692661 0.778856537 -0.528532082 -0.353739169 0.791415432 -0.498528048 -0.353788304 0.791248348 -0.498758346 -0.366906215 0.797837778 -0.47836671 -0.366991082 0.797402427 -0.479027051 -0.379011762 0.800800396 -0.463755118 -0.379042052 0.799967161 -0.465166276 -0.389798525 0.80085936 -0.454622255 -0.389536643 0.799515648 -0.457204476 -0.398615793 0.798398925 -0.451292152 -0.397591838 0.796489489 -0.455549365 -0.404182383 0.793849758 -0.454355768 -0.401623015 0.791456415 -0.460755572 -0.404379687 0.787955335 -0.464331195 -0.399276439 0.785376947 -0.473034223 -0.394761402 0.782541848 -0.481447496 -0.388603494 0.78070064 -0.489381073 -0.382337239 0.779801741 -0.495709068 -0.379532116 0.779231957 -0.49875137 -0.378545605 0.779666147 -0.498822538 -0.37854561 0.779665897 -0.498822925 -0.37645617 0.780628657 -0.498898438 -0.376454834 0.780628685 -0.498899403 -0.374354983 0.781695957 -0.498808358 -0.374353541 0.781696305 -0.498808895 -0.37232961 0.782826424 -0.498551352 -0.372328062 0.782827044 -0.498551535 -0.37045439 0.783969653 -0.498151712 -0.370451903 0.783970686 -0.498151936 -0.368784403 0.785073598 -0.497651997 -0.368781521 0.785074881 -0.497652109 -0.367354938 0.786090875 -0.497103094 -0.367351634 0.786092347 -0.497103207 -0.366170191 0.786990244 -0.496553871 -0.36616568 0.786992073 -0.4965543 -0.36521878 0.787752564 -0.496045502 -0.36521361 0.787754604 -0.49604607 -0.364481627 0.788370174 -0.495606308 -0.364476117 0.788372288 -0.495606998 -0.363931395 0.78884669 -0.495252299 -0.363925669 0.788848822 -0.49525311 -0.363544424 0.789189355 -0.494990519 -0.363538621 0.789191367 -0.494991572 -0.363296999 0.789409702 -0.494820789 -0.363290995 0.789411716 -0.494821983 -0.363169451 0.789520562 -0.494737538 -0.363163334 0.789522524 -0.494738898 -0.363145241 0.789534856 -0.494732499 -0.363138982 0.789536709 -0.494734136 -0.36321061 0.789465096 -0.494795831 -0.363204821 0.789466737 -0.494797462 -0.363355861 0.789323051 -0.49491579 -0.363350432 0.789324443 -0.494917555 -0.363550499 0.789137172 -0.495069246 -0.363545906 0.789138458 -0.495070569 -0.36365428 0.789039037 -0.495149434 -0.363650994 0.789039956 -0.495150383 -0.3612337 0.924897 -0.118641278 -0.32947549 0.942044602 -0.0632287091 -0.361220428 0.924895737 -0.118691525 -0.329471105 0.942043964 -0.063261046 -0.305493863 0.951870197 -0.0248319996 -0.305493269 0.951869879 -0.0248514752 -0.289514599 0.957173397 -0.000620536047 -0.289515064 0.957173249 -0.000630912589 -0.281339041 0.959540902 0.0113842383 -0.281339219 0.95954089 0.01138087 -0.2791662 0.960132852 0.0145306104 -0.279165847 0.960132954 0.0145306615 -0.399361738 0.895915158 -0.194541081 -0.399390929 0.895917948 -0.194468291 -0.440045127 0.848654102 -0.293507242 -0.440093332 0.848661986 -0.293412155 -0.475512346 0.775817261 -0.414723506 -0.475566673 0.775840024 -0.414618616 -0.494468839 0.673138583 -0.549895458 -0.494496053 0.673188179 -0.549810267 -0.486867343 0.545074092 -0.682535292 -0.487128557 0.545030532 -0.682383681 -0.446848312 0.399255146 -0.800575989 -0.44700095 0.399246297 -0.800495187 -0.373941463 0.253488411 -0.892138671 -0.373732942 0.254519577 -0.891932437 -0.281853013 0.129442111 -0.950685867 -0.281747785 0.132001538 -0.950365077 -0.186601411 0.0355053461 -0.981793911 -0.18696453 0.0399850017 -0.981552578 -0.0980442696 -0.0291817828 -0.994754113 -0.099201098 -0.0225716516 -0.99481137 -0.0200488729 -0.0691962816 -0.997401583 -0.0223247209 -0.0602673859 -0.997932587 0.0468964362 -0.0891415299 -0.994914324 0.0430740464 -0.0776165074 -0.99605236 0.103454646 -0.0922686599 -0.990345208 0.0974338894 -0.0777225998 -0.992202517 0.150156862 -0.0802826563 -0.985397185 0.140903418 -0.062122636 -0.988072368 0.186674659 -0.0535272951 -0.980962487 0.172541354 -0.031013124 -0.984513924 0.207307299 -0.0109182522 -0.978214944 0.18985746 0.011640474 -0.981742657 0.217527205 0.0317020104 -0.975539286 0.208872482 0.0416323957 -0.977056309 0.244122288 0.0436583616 -0.968761196 0.243891571 0.0438242336 -0.968811818 0.267790225 0.0480080774 -0.962280427 0.26712678 0.0484153617 -0.962444407 0.285184333 0.0541542708 -0.956941592 0.283750934 0.054849356 -0.957328029 0.296540826 0.0616044975 -0.953031177 0.293872522 0.062518818 -0.95379785 0.301546412 0.0696847566 -0.95090157 0.297045638 0.0705393788 -0.952254212 0.29943973 0.0772091924 -0.950986114 0.292470379 0.0773926526 -0.953137689 0.289297874 0.0821097092 -0.953711034 0.27945154 0.0806450935 -0.956767059 0.269936275 0.0797482074 -0.959570024 0.260553918 0.0768769874 -0.962393674 0.252765362 0.0731532964 -0.964758139 0.249039874 0.071605782 -0.965842509 0.24877796 0.0705677586 -0.965986396 0.248777323 0.0705677637 -0.96598656 0.248300134 0.0683339955 -0.966269894 0.248298975 0.0683331405 -0.966270253 0.247991207 0.066008617 -0.96651085 0.247990439 0.0660074378 -0.966511128 0.247868426 0.0636857011 -0.966698182 0.247867951 0.0636841121 -0.966698408 0.247921066 0.0614575779 -0.966828894 0.247920345 0.0614550382 -0.966829241 0.248115987 0.0594052654 -0.966907168 0.248115191 0.05940209 -0.966907567 0.248407225 0.0575902978 -0.966942195 0.248406423 0.0575867083 -0.966942615 0.248745824 0.0560410473 -0.966946181 0.248744642 0.0560366764 -0.966946738 0.249087439 0.0547653315 -0.966931335 0.249085893 0.0547601555 -0.966932026 0.249398237 0.0537549693 -0.966907918 0.249396423 0.0537493799 -0.966908697 0.249657147 0.0529890627 -0.966883379 0.249655079 0.0529831713 -0.966884236 0.24985204 0.0524432931 -0.966862792 0.249849695 0.0524373193 -0.966863722 0.249979156 0.0520936976 -0.966848834 0.249976732 0.0520878697 -0.966849775 0.250040079 0.0519158879 -0.966842645 0.250037359 0.0519098843 -0.96684367 0.250040219 0.0518869524 -0.966844162 0.250037435 0.0518811745 -0.966845192 0.249987871 0.051988855 -0.966852224 0.249985042 0.0519835405 -0.966853241 0.249891836 0.0522036149 -0.966865478 0.249888891 0.0521985755 -0.966866511 0.249771053 0.0524885774 -0.96688126 0.249768824 0.0524844569 -0.966882059 0.249708381 0.0526398823 -0.966889222 0.249706735 0.0526368481 -0.966889812</float_array>
        <technique_common><accessor source="#vfx_kurp_0630-mesh-normals-array" count="816" stride="3"><param name="X" type="float"/><param name="Y" type="float"/><param name="Z" type="float"/></accessor></technique_common>
      </source>
      <source id="vfx_kurp_0630-mesh-uv0">
        <float_array id="vfx_kurp_0630-mesh-uv0-array" count="1632">0 0.899999976 0 0.920000017 1 0.899999976 1 0.920000017 0 0.939999998 1 0.939999998 0 0.959999979 1 0.959999979 0 0.980000019 1 0.980000019 0 1 1 1 1 0.879999995 0 0.879999995 1 0.860000014 0 0.860000014 1 0.840000033 0 0.840000033 1 0.819999993 0 0.819999993 1 0.800000012 0 0.800000012 1 0.779999971 0 0.779999971 1 0.75999999 0 0.75999999 1 0.74000001 0 0.74000001 1 0.720000029 0 0.720000029 1 0.700000048 0 0.700000048 1 0.680000007 0 0.680000007 1 0.659999967 0 0.659999967 1 0.639999986 0 0.639999986 1 0.620000005 0 0.620000005 1 0.600000024 0 0.600000024 1 0.580000043 0 0.580000043 1 0.560000002 0 0.560000002 1 0.540000021 0 0.540000021 1 0.519999981 0 0.519999981 1 0.5 0 0.5 1 0.480000019 0 0.480000019 1 0.460000038 0 0.460000038 1 0.439999998 0 0.439999998 1 0.420000017 0 0.420000017 1 0.400000036 0 0.400000036 1 0.379999995 0 0.379999995 1 0.360000014 0 0.360000014 1 0.340000033 0 0.340000033 1 0.319999993 0 0.319999993 1 0.300000012 0 0.300000012 1 0.280000031 0 0.280000031 1 0.25999999 0 0.25999999 1 0.24000001 0 0.24000001 1 0.220000029 0 0.220000029 1 0.200000048 0 0.200000048 1 0.180000007 0 0.180000007 1 0.160000026 0 0.160000026 1 0.140000045 0 0.140000045 1 0.120000005 0 0.120000005 1 0.100000024 0 0.100000024 1 0.0800000429 0 0.0800000429 1 0.0600000024 0 0.0600000024 1 0.0400000215 0 0.0400000215 1 0.0200000405 0 0.0200000405 1 0 0 0 0 0.899999976 0 0.920000017 1 0.899999976 1 0.920000017 0 0.939999998 1 0.939999998 0 0.959999979 1 0.959999979 0 0.980000019 1 0.980000019 0 1 1 1 1 0.879999995 0 0.879999995 1 0.860000014 0 0.860000014 1 0.840000033 0 0.840000033 1 0.819999993 0 0.819999993 1 0.800000012 0 0.800000012 1 0.779999971 0 0.779999971 1 0.75999999 0 0.75999999 1 0.74000001 0 0.74000001 1 0.720000029 0 0.720000029 1 0.700000048 0 0.700000048 1 0.680000007 0 0.680000007 1 0.659999967 0 0.659999967 1 0.639999986 0 0.639999986 1 0.620000005 0 0.620000005 1 0.600000024 0 0.600000024 1 0.580000043 0 0.580000043 1 0.560000002 0 0.560000002 1 0.540000021 0 0.540000021 1 0.519999981 0 0.519999981 1 0.5 0 0.5 1 0.480000019 0 0.480000019 1 0.460000038 0 0.460000038 1 0.439999998 0 0.439999998 1 0.420000017 0 0.420000017 1 0.400000036 0 0.400000036 1 0.379999995 0 0.379999995 1 0.360000014 0 0.360000014 1 0.340000033 0 0.340000033 1 0.319999993 0 0.319999993 1 0.300000012 0 0.300000012 1 0.280000031 0 0.280000031 1 0.25999999 0 0.25999999 1 0.24000001 0 0.24000001 1 0.220000029 0 0.220000029 1 0.200000048 0 0.200000048 1 0.180000007 0 0.180000007 1 0.160000026 0 0.160000026 1 0.140000045 0 0.140000045 1 0.120000005 0 0.120000005 1 0.100000024 0 0.100000024 1 0.0800000429 0 0.0800000429 1 0.0600000024 0 0.0600000024 1 0.0400000215 0 0.0400000215 1 0.0200000405 0 0.0200000405 1 0 0 0 0 0.899999976 0 0.920000017 1 0.899999976 1 0.920000017 0 0.939999998 1 0.939999998 0 0.959999979 1 0.959999979 0 0.980000019 1 0.980000019 0 1 1 1 1 0.879999995 0 0.879999995 1 0.860000014 0 0.860000014 1 0.840000033 0 0.840000033 1 0.819999993 0 0.819999993 1 0.800000012 0 0.800000012 1 0.779999971 0 0.779999971 1 0.75999999 0 0.75999999 1 0.74000001 0 0.74000001 1 0.720000029 0 0.720000029 1 0.700000048 0 0.700000048 1 0.680000007 0 0.680000007 1 0.659999967 0 0.659999967 1 0.639999986 0 0.639999986 1 0.620000005 0 0.620000005 1 0.600000024 0 0.600000024 1 0.580000043 0 0.580000043 1 0.560000002 0 0.560000002 1 0.540000021 0 0.540000021 1 0.519999981 0 0.519999981 1 0.5 0 0.5 1 0.480000019 0 0.480000019 1 0.460000038 0 0.460000038 1 0.439999998 0 0.439999998 1 0.420000017 0 0.420000017 1 0.400000036 0 0.400000036 1 0.379999995 0 0.379999995 1 0.360000014 0 0.360000014 1 0.340000033 0 0.340000033 1 0.319999993 0 0.319999993 1 0.300000012 0 0.300000012 1 0.280000031 0 0.280000031 1 0.25999999 0 0.25999999 1 0.24000001 0 0.24000001 1 0.220000029 0 0.220000029 1 0.200000048 0 0.200000048 1 0.180000007 0 0.180000007 1 0.160000026 0 0.160000026 1 0.140000045 0 0.140000045 1 0.120000005 0 0.120000005 1 0.100000024 0 0.100000024 1 0.0800000429 0 0.0800000429 1 0.0600000024 0 0.0600000024 1 0.0400000215 0 0.0400000215 1 0.0200000405 0 0.0200000405 1 0 0 0 0 0.899999976 0 0.920000017 1 0.899999976 1 0.920000017 0 0.939999998 1 0.939999998 0 0.959999979 1 0.959999979 0 0.980000019 1 0.980000019 0 1 1 1 1 0.879999995 0 0.879999995 1 0.860000014 0 0.860000014 1 0.840000033 0 0.840000033 1 0.819999993 0 0.819999993 1 0.800000012 0 0.800000012 1 0.779999971 0 0.779999971 1 0.75999999 0 0.75999999 1 0.74000001 0 0.74000001 1 0.720000029 0 0.720000029 1 0.700000048 0 0.700000048 1 0.680000007 0 0.680000007 1 0.659999967 0 0.659999967 1 0.639999986 0 0.639999986 1 0.620000005 0 0.620000005 1 0.600000024 0 0.600000024 1 0.580000043 0 0.580000043 1 0.560000002 0 0.560000002 1 0.540000021 0 0.540000021 1 0.519999981 0 0.519999981 1 0.5 0 0.5 1 0.480000019 0 0.480000019 1 0.460000038 0 0.460000038 1 0.439999998 0 0.439999998 1 0.420000017 0 0.420000017 1 0.400000036 0 0.400000036 1 0.379999995 0 0.379999995 1 0.360000014 0 0.360000014 1 0.340000033 0 0.340000033 1 0.319999993 0 0.319999993 1 0.300000012 0 0.300000012 1 0.280000031 0 0.280000031 1 0.25999999 0 0.25999999 1 0.24000001 0 0.24000001 1 0.220000029 0 0.220000029 1 0.200000048 0 0.200000048 1 0.180000007 0 0.180000007 1 0.160000026 0 0.160000026 1 0.140000045 0 0.140000045 1 0.120000005 0 0.120000005 1 0.100000024 0 0.100000024 1 0.0800000429 0 0.0800000429 1 0.0600000024 0 0.0600000024 1 0.0400000215 0 0.0400000215 1 0.0200000405 0 0.0200000405 1 0 0 0 0 0.899999976 0 0.920000017 1 0.899999976 1 0.920000017 0 0.939999998 1 0.939999998 0 0.959999979 1 0.959999979 0 0.980000019 1 0.980000019 0 1 1 1 1 0.879999995 0 0.879999995 1 0.860000014 0 0.860000014 1 0.840000033 0 0.840000033 1 0.819999993 0 0.819999993 1 0.800000012 0 0.800000012 1 0.779999971 0 0.779999971 1 0.75999999 0 0.75999999 1 0.74000001 0 0.74000001 1 0.720000029 0 0.720000029 1 0.700000048 0 0.700000048 1 0.680000007 0 0.680000007 1 0.659999967 0 0.659999967 1 0.639999986 0 0.639999986 1 0.620000005 0 0.620000005 1 0.600000024 0 0.600000024 1 0.580000043 0 0.580000043 1 0.560000002 0 0.560000002 1 0.540000021 0 0.540000021 1 0.519999981 0 0.519999981 1 0.5 0 0.5 1 0.480000019 0 0.480000019 1 0.460000038 0 0.460000038 1 0.439999998 0 0.439999998 1 0.420000017 0 0.420000017 1 0.400000036 0 0.400000036 1 0.379999995 0 0.379999995 1 0.360000014 0 0.360000014 1 0.340000033 0 0.340000033 1 0.319999993 0 0.319999993 1 0.300000012 0 0.300000012 1 0.280000031 0 0.280000031 1 0.25999999 0 0.25999999 1 0.24000001 0 0.24000001 1 0.220000029 0 0.220000029 1 0.200000048 0 0.200000048 1 0.180000007 0 0.180000007 1 0.160000026 0 0.160000026 1 0.140000045 0 0.140000045 1 0.120000005 0 0.120000005 1 0.100000024 0 0.100000024 1 0.0800000429 0 0.0800000429 1 0.0600000024 0 0.0600000024 1 0.0400000215 0 0.0400000215 1 0.0200000405 0 0.0200000405 1 0 0 0 0 0.899999976 0 0.920000017 1 0.899999976 1 0.920000017 0 0.939999998 1 0.939999998 0 0.959999979 1 0.959999979 0 0.980000019 1 0.980000019 0 1 1 1 1 0.879999995 0 0.879999995 1 0.860000014 0 0.860000014 1 0.840000033 0 0.840000033 1 0.819999993 0 0.819999993 1 0.800000012 0 0.800000012 1 0.779999971 0 0.779999971 1 0.75999999 0 0.75999999 1 0.74000001 0 0.74000001 1 0.720000029 0 0.720000029 1 0.700000048 0 0.700000048 1 0.680000007 0 0.680000007 1 0.659999967 0 0.659999967 1 0.639999986 0 0.639999986 1 0.620000005 0 0.620000005 1 0.600000024 0 0.600000024 1 0.580000043 0 0.580000043 1 0.560000002 0 0.560000002 1 0.540000021 0 0.540000021 1 0.519999981 0 0.519999981 1 0.5 0 0.5 1 0.480000019 0 0.480000019 1 0.460000038 0 0.460000038 1 0.439999998 0 0.439999998 1 0.420000017 0 0.420000017 1 0.400000036 0 0.400000036 1 0.379999995 0 0.379999995 1 0.360000014 0 0.360000014 1 0.340000033 0 0.340000033 1 0.319999993 0 0.319999993 1 0.300000012 0 0.300000012 1 0.280000031 0 0.280000031 1 0.25999999 0 0.25999999 1 0.24000001 0 0.24000001 1 0.220000029 0 0.220000029 1 0.200000048 0 0.200000048 1 0.180000007 0 0.180000007 1 0.160000026 0 0.160000026 1 0.140000045 0 0.140000045 1 0.120000005 0 0.120000005 1 0.100000024 0 0.100000024 1 0.0800000429 0 0.0800000429 1 0.0600000024 0 0.0600000024 1 0.0400000215 0 0.0400000215 1 0.0200000405 0 0.0200000405 1 0 0 0 0 0.899999976 0 0.920000017 1 0.899999976 1 0.920000017 0 0.939999998 1 0.939999998 0 0.959999979 1 0.959999979 0 0.980000019 1 0.980000019 0 1 1 1 1 0.879999995 0 0.879999995 1 0.860000014 0 0.860000014 1 0.840000033 0 0.840000033 1 0.819999993 0 0.819999993 1 0.800000012 0 0.800000012 1 0.779999971 0 0.779999971 1 0.75999999 0 0.75999999 1 0.74000001 0 0.74000001 1 0.720000029 0 0.720000029 1 0.700000048 0 0.700000048 1 0.680000007 0 0.680000007 1 0.659999967 0 0.659999967 1 0.639999986 0 0.639999986 1 0.620000005 0 0.620000005 1 0.600000024 0 0.600000024 1 0.580000043 0 0.580000043 1 0.560000002 0 0.560000002 1 0.540000021 0 0.540000021 1 0.519999981 0 0.519999981 1 0.5 0 0.5 1 0.480000019 0 0.480000019 1 0.460000038 0 0.460000038 1 0.439999998 0 0.439999998 1 0.420000017 0 0.420000017 1 0.400000036 0 0.400000036 1 0.379999995 0 0.379999995 1 0.360000014 0 0.360000014 1 0.340000033 0 0.340000033 1 0.319999993 0 0.319999993 1 0.300000012 0 0.300000012 1 0.280000031 0 0.280000031 1 0.25999999 0 0.25999999 1 0.24000001 0 0.24000001 1 0.220000029 0 0.220000029 1 0.200000048 0 0.200000048 1 0.180000007 0 0.180000007 1 0.160000026 0 0.160000026 1 0.140000045 0 0.140000045 1 0.120000005 0 0.120000005 1 0.100000024 0 0.100000024 1 0.0800000429 0 0.0800000429 1 0.0600000024 0 0.0600000024 1 0.0400000215 0 0.0400000215 1 0.0200000405 0 0.0200000405 1 0 0 0 0 0.899999976 0 0.920000017 1 0.899999976 1 0.920000017 0 0.939999998 1 0.939999998 0 0.959999979 1 0.959999979 0 0.980000019 1 0.980000019 0 1 1 1 1 0.879999995 0 0.879999995 1 0.860000014 0 0.860000014 1 0.840000033 0 0.840000033 1 0.819999993 0 0.819999993 1 0.800000012 0 0.800000012 1 0.779999971 0 0.779999971 1 0.75999999 0 0.75999999 1 0.74000001 0 0.74000001 1 0.720000029 0 0.720000029 1 0.700000048 0 0.700000048 1 0.680000007 0 0.680000007 1 0.659999967 0 0.659999967 1 0.639999986 0 0.639999986 1 0.620000005 0 0.620000005 1 0.600000024 0 0.600000024 1 0.580000043 0 0.580000043 1 0.560000002 0 0.560000002 1 0.540000021 0 0.540000021 1 0.519999981 0 0.519999981 1 0.5 0 0.5 1 0.480000019 0 0.480000019 1 0.460000038 0 0.460000038 1 0.439999998 0 0.439999998 1 0.420000017 0 0.420000017 1 0.400000036 0 0.400000036 1 0.379999995 0 0.379999995 1 0.360000014 0 0.360000014 1 0.340000033 0 0.340000033 1 0.319999993 0 0.319999993 1 0.300000012 0 0.300000012 1 0.280000031 0 0.280000031 1 0.25999999 0 0.25999999 1 0.24000001 0 0.24000001 1 0.220000029 0 0.220000029 1 0.200000048 0 0.200000048 1 0.180000007 0 0.180000007 1 0.160000026 0 0.160000026 1 0.140000045 0 0.140000045 1 0.120000005 0 0.120000005 1 0.100000024 0 0.100000024 1 0.0800000429 0 0.0800000429 1 0.0600000024 0 0.0600000024 1 0.0400000215 0 0.0400000215 1 0.0200000405 0 0.0200000405 1 0 0 0</float_array>
        <technique_common><accessor source="#vfx_kurp_0630-mesh-uv0-array" count="816" stride="2"><param name="S" type="float"/><param name="T" type="float"/></accessor></technique_common>
      </source>
      <vertices id="vfx_kurp_0630-mesh-vertices"><input semantic="POSITION" source="#vfx_kurp_0630-mesh-positions"/></vertices>
      <triangles material="PreviewMaterial" count="800">
        <input semantic="VERTEX" source="#vfx_kurp_0630-mesh-vertices" offset="0"/>
        <input semantic="NORMAL" source="#vfx_kurp_0630-mesh-normals" offset="1"/>
        <input semantic="TEXCOORD" source="#vfx_kurp_0630-mesh-uv0" offset="2" set="0"/>
        <p>0 0 0 1 1 1 2 2 2 2 2 2 1 1 1 3 3 3 4 4 4 3 3 3 1 1 1 3 3 3 4 4 4 5 5 5 6 6 6 5 5 5 4 4 4 5 5 5 6 6 6 7 7 7 8 8 8 7 7 7 6 6 6 7 7 7 8 8 8 9 9 9 10 10 10 9 9 9 8 8 8 9 9 9 10 10 10 11 11 11 12 12 12 0 0 0 2 2 2 0 0 0 12 12 12 13 13 13 14 14 14 13 13 13 12 12 12 13 13 13 14 14 14 15 15 15 16 16 16 15 15 15 14 14 14 15 15 15 16 16 16 17 17 17 18 18 18 17 17 17 16 16 16 17 17 17 18 18 18 19 19 19 20 20 20 19 19 19 18 18 18 19 19 19 20 20 20 21 21 21 22 22 22 21 21 21 20 20 20 21 21 21 22 22 22 23 23 23 24 24 24 23 23 23 22 22 22 23 23 23 24 24 24 25 25 25 26 26 26 25 25 25 24 24 24 25 25 25 26 26 26 27 27 27 28 28 28 27 27 27 26 26 26 29 29 29 27 27 27 28 28 28 30 30 30 29 29 29 28 28 28 29 29 29 30 30 30 31 31 31 32 32 32 31 31 31 30 30 30 31 31 31 32 32 32 33 33 33 34 34 34 33 33 33 32 32 32 33 33 33 34 34 34 35 35 35 36 36 36 35 35 35 34 34 34 35 35 35 36 36 36 37 37 37 38 38 38 37 37 37 36 36 36 37 37 37 38 38 38 39 39 39 40 40 40 39 39 39 38 38 38 39 39 39 40 40 40 41 41 41 42 42 42 41 41 41 40 40 40 41 41 41 42 42 42 43 43 43 44 44 44 43 43 43 42 42 42 43 43 43 44 44 44 45 45 45 46 46 46 45 45 45 44 44 44 47 47 47 45 45 45 46 46 46 48 48 48 47 47 47 46 46 46 47 47 47 48 48 48 49 49 49 50 50 50 49 49 49 48 48 48 49 49 49 50 50 50 51 51 51 52 52 52 51 51 51 50 50 50 51 51 51 52 52 52 53 53 53 54 54 54 53 53 53 52 52 52 53 53 53 54 54 54 55 55 55 56 56 56 55 55 55 54 54 54 55 55 55 56 56 56 57 57 57 58 58 58 57 57 57 56 56 56 57 57 57 58 58 58 59 59 59 60 60 60 59 59 59 58 58 58 59 59 59 60 60 60 61 61 61 62 62 62 61 61 61 60 60 60 61 61 61 62 62 62 63 63 63 64 64 64 63 63 63 62 62 62 65 65 65 63 63 63 64 64 64 66 66 66 65 65 65 64 64 64 65 65 65 66 66 66 67 67 67 68 68 68 67 67 67 66 66 66 67 67 67 68 68 68 69 69 69 70 70 70 69 69 69 68 68 68 69 69 69 70 70 70 71 71 71 72 72 72 71 71 71 70 70 70 71 71 71 72 72 72 73 73 73 74 74 74 73 73 73 72 72 72 73 73 73 74 74 74 75 75 75 76 76 76 75 75 75 74 74 74 75 75 75 76 76 76 77 77 77 78 78 78 77 77 77 76 76 76 77 77 77 78 78 78 79 79 79 80 80 80 79 79 79 78 78 78 79 79 79 80 80 80 81 81 81 82 82 82 81 81 81 80 80 80 83 83 83 81 81 81 82 82 82 84 84 84 83 83 83 82 82 82 83 83 83 84 84 84 85 85 85 86 86 86 85 85 85 84 84 84 85 85 85 86 86 86 87 87 87 88 88 88 87 87 87 86 86 86 87 87 87 88 88 88 89 89 89 90 90 90 89 89 89 88 88 88 89 89 89 90 90 90 91 91 91 92 92 92 91 91 91 90 90 90 91 91 91 92 92 92 93 93 93 94 94 94 93 93 93 92 92 92 93 93 93 94 94 94 95 95 95 96 96 96 95 95 95 94 94 94 95 95 95 96 96 96 97 97 97 98 98 98 97 97 97 96 96 96 97 97 97 98 98 98 99 99 99 100 100 100 99 99 99 98 98 98 101 101 101 99 99 99 100 100 100 102 102 102 103 103 103 104 104 104 104 104 104 103 103 103 105 105 105 106 106 106 105 105 105 103 103 103 105 105 105 106 106 106 107 107 107 108 108 108 107 107 107 106 106 106 107 107 107 108 108 108 109 109 109 110 110 110 109 109 109 108 108 108 109 109 109 110 110 110 111 111 111 112 112 112 111 111 111 110 110 110 111 111 111 112 112 112 113 113 113 114 114 114 102 102 102 104 104 104 102 102 102 114 114 114 115 115 115 116 116 116 115 115 115 114 114 114 115 115 115 116 116 116 117 117 117 118 118 118 117 117 117 116 116 116 117 117 117 118 118 118 119 119 119 120 120 120 119 119 119 118 118 118 119 119 119 120 120 120 121 121 121 122 122 122 121 121 121 120 120 120 121 121 121 122 122 122 123 123 123 124 124 124 123 123 123 122 122 122 123 123 123 124 124 124 125 125 125 126 126 126 125 125 125 124 124 124 125 125 125 126 126 126 127 127 127 128 128 128 127 127 127 126 126 126 127 127 127 128 128 128 129 129 129 130 130 130 129 129 129 128 128 128 131 131 131 129 129 129 130 130 130 132 132 132 131 131 131 130 130 130 131 131 131 132 132 132 133 133 133 134 134 134 133 133 133 132 132 132 133 133 133 134 134 134 135 135 135 136 136 136 135 135 135 134 134 134 135 135 135 136 136 136 137 137 137 138 138 138 137 137 137 136 136 136 137 137 137 138 138 138 139 139 139 140 140 140 139 139 139 138 138 138 139 139 139 140 140 140 141 141 141 142 142 142 141 141 141 140 140 140 141 141 141 142 142 142 143 143 143 144 144 144 143 143 143 142 142 142 143 143 143 144 144 144 145 145 145 146 146 146 145 145 145 144 144 144 145 145 145 146 146 146 147 147 147 148 148 148 147 147 147 146 146 146 149 149 149 147 147 147 148 148 148 150 150 150 149 149 149 148 148 148 149 149 149 150 150 150 151 151 151 152 152 152 151 151 151 150 150 150 151 151 151 152 152 152 153 153 153 154 154 154 153 153 153 152 152 152 153 153 153 154 154 154 155 155 155 156 156 156 155 155 155 154 154 154 155 155 155 156 156 156 157 157 157 158 158 158 157 157 157 156 156 156 157 157 157 158 158 158 159 159 159 160 160 160 159 159 159 158 158 158 159 159 159 160 160 160 161 161 161 162 162 162 161 161 161 160 160 160 161 161 161 162 162 162 163 163 163 164 164 164 163 163 163 162 162 162 163 163 163 164 164 164 165 165 165 166 166 166 165 165 165 164 164 164 167 167 167 165 165 165 166 166 166 168 168 168 167 167 167 166 166 166 167 167 167 168 168 168 169 169 169 170 170 170 169 169 169 168 168 168 169 169 169 170 170 170 171 171 171 172 172 172 171 171 171 170 170 170 171 171 171 172 172 172 173 173 173 174 174 174 173 173 173 172 172 172 173 173 173 174 174 174 175 175 175 176 176 176 175 175 175 174 174 174 175 175 175 176 176 176 177 177 177 178 178 178 177 177 177 176 176 176 177 177 177 178 178 178 179 179 179 180 180 180 179 179 179 178 178 178 179 179 179 180 180 180 181 181 181 182 182 182 181 181 181 180 180 180 181 181 181 182 182 182 183 183 183 184 184 184 183 183 183 182 182 182 185 185 185 183 183 183 184 184 184 186 186 186 185 185 185 184 184 184 185 185 185 186 186 186 187 187 187 188 188 188 187 187 187 186 186 186 187 187 187 188 188 188 189 189 189 190 190 190 189 189 189 188 188 188 189 189 189 190 190 190 191 191 191 192 192 192 191 191 191 190 190 190 191 191 191 192 192 192 193 193 193 194 194 194 193 193 193 192 192 192 193 193 193 194 194 194 195 195 195 196 196 196 195 195 195 194 194 194 195 195 195 196 196 196 197 197 197 198 198 198 197 197 197 196 196 196 197 197 197 198 198 198 199 199 199 200 200 200 199 199 199 198 198 198 199 199 199 200 200 200 201 201 201 202 202 202 201 201 201 200 200 200 203 203 203 201 201 201 202 202 202 204 204 204 205 205 205 206 206 206 206 206 206 205 205 205 207 207 207 208 208 208 207 207 207 205 205 205 207 207 207 208 208 208 209 209 209 210 210 210 209 209 209 208 208 208 209 209 209 210 210 210 211 211 211 212 212 212 211 211 211 210 210 210 211 211 211 212 212 212 213 213 213 214 214 214 213 213 213 212 212 212 213 213 213 214 214 214 215 215 215 216 216 216 204 204 204 206 206 206 204 204 204 216 216 216 217 217 217 218 218 218 217 217 217 216 216 216 217 217 217 218 218 218 219 219 219 220 220 220 219 219 219 218 218 218 219 219 219 220 220 220 221 221 221 222 222 222 221 221 221 220 220 220 221 221 221 222 222 222 223 223 223 224 224 224 223 223 223 222 222 222 223 223 223 224 224 224 225 225 225 226 226 226 225 225 225 224 224 224 225 225 225 226 226 226 227 227 227 228 228 228 227 227 227 226 226 226 227 227 227 228 228 228 229 229 229 230 230 230 229 229 229 228 228 228 229 229 229 230 230 230 231 231 231 232 232 232 231 231 231 230 230 230 233 233 233 231 231 231 232 232 232 234 234 234 233 233 233 232 232 232 233 233 233 234 234 234 235 235 235 236 236 236 235 235 235 234 234 234 235 235 235 236 236 236 237 237 237 238 238 238 237 237 237 236 236 236 237 237 237 238 238 238 239 239 239 240 240 240 239 239 239 238 238 238 239 239 239 240 240 240 241 241 241 242 242 242 241 241 241 240 240 240 241 241 241 242 242 242 243 243 243 244 244 244 243 243 243 242 242 242 243 243 243 244 244 244 245 245 245 246 246 246 245 245 245 244 244 244 245 245 245 246 246 246 247 247 247 248 248 248 247 247 247 246 246 246 247 247 247 248 248 248 249 249 249 250 250 250 249 249 249 248 248 248 251 251 251 249 249 249 250 250 250 252 252 252 251 251 251 250 250 250 251 251 251 252 252 252 253 253 253 254 254 254 253 253 253 252 252 252 253 253 253 254 254 254 255 255 255 256 256 256 255 255 255 254 254 254 255 255 255 256 256 256 257 257 257 258 258 258 257 257 257 256 256 256 257 257 257 258 258 258 259 259 259 260 260 260 259 259 259 258 258 258 259 259 259 260 260 260 261 261 261 262 262 262 261 261 261 260 260 260 261 261 261 262 262 262 263 263 263 264 264 264 263 263 263 262 262 262 263 263 263 264 264 264 265 265 265 266 266 266 265 265 265 264 264 264 265 265 265 266 266 266 267 267 267 268 268 268 267 267 267 266 266 266 269 269 269 267 267 267 268 268 268 270 270 270 269 269 269 268 268 268 269 269 269 270 270 270 271 271 271 272 272 272 271 271 271 270 270 270 271 271 271 272 272 272 273 273 273 274 274 274 273 273 273 272 272 272 273 273 273 274 274 274 275 275 275 276 276 276 275 275 275 274 274 274 275 275 275 276 276 276 277 277 277 278 278 278 277 277 277 276 276 276 277 277 277 278 278 278 279 279 279 280 280 280 279 279 279 278 278 278 279 279 279 280 280 280 281 281 281 282 282 282 281 281 281 280 280 280 281 281 281 282 282 282 283 283 283 284 284 284 283 283 283 282 282 282 283 283 283 284 284 284 285 285 285 286 286 286 285 285 285 284 284 284 287 287 287 285 285 285 286 286 286 288 288 288 287 287 287 286 286 286 287 287 287 288 288 288 289 289 289 290 290 290 289 289 289 288 288 288 289 289 289 290 290 290 291 291 291 292 292 292 291 291 291 290 290 290 291 291 291 292 292 292 293 293 293 294 294 294 293 293 293 292 292 292 293 293 293 294 294 294 295 295 295 296 296 296 295 295 295 294 294 294 295 295 295 296 296 296 297 297 297 298 298 298 297 297 297 296 296 296 297 297 297 298 298 298 299 299 299 300 300 300 299 299 299 298 298 298 299 299 299 300 300 300 301 301 301 302 302 302 301 301 301 300 300 300 301 301 301 302 302 302 303 303 303 304 304 304 303 303 303 302 302 302 305 305 305 303 303 303 304 304 304 306 306 306 307 307 307 308 308 308 308 308 308 307 307 307 309 309 309 310 310 310 309 309 309 307 307 307 309 309 309 310 310 310 311 311 311 312 312 312 311 311 311 310 310 310 311 311 311 312 312 312 313 313 313 314 314 314 313 313 313 312 312 312 313 313 313 314 314 314 315 315 315 316 316 316 315 315 315 314 314 314 315 315 315 316 316 316 317 317 317 318 318 318 306 306 306 308 308 308 306 306 306 318 318 318 319 319 319 320 320 320 319 319 319 318 318 318 319 319 319 320 320 320 321 321 321 322 322 322 321 321 321 320 320 320 321 321 321 322 322 322 323 323 323 324 324 324 323 323 323 322 322 322 323 323 323 324 324 324 325 325 325 326 326 326 325 325 325 324 324 324 325 325 325 326 326 326 327 327 327 328 328 328 327 327 327 326 326 326 327 327 327 328 328 328 329 329 329 330 330 330 329 329 329 328 328 328 329 329 329 330 330 330 331 331 331 332 332 332 331 331 331 330 330 330 331 331 331 332 332 332 333 333 333 334 334 334 333 333 333 332 332 332 335 335 335 333 333 333 334 334 334 336 336 336 335 335 335 334 334 334 335 335 335 336 336 336 337 337 337 338 338 338 337 337 337 336 336 336 337 337 337 338 338 338 339 339 339 340 340 340 339 339 339 338 338 338 339 339 339 340 340 340 341 341 341 342 342 342 341 341 341 340 340 340 341 341 341 342 342 342 343 343 343 344 344 344 343 343 343 342 342 342 343 343 343 344 344 344 345 345 345 346 346 346 345 345 345 344 344 344 345 345 345 346 346 346 347 347 347 348 348 348 347 347 347 346 346 346 347 347 347 348 348 348 349 349 349 350 350 350 349 349 349 348 348 348 349 349 349 350 350 350 351 351 351 352 352 352 351 351 351 350 350 350 353 353 353 351 351 351 352 352 352 354 354 354 353 353 353 352 352 352 353 353 353 354 354 354 355 355 355 356 356 356 355 355 355 354 354 354 355 355 355 356 356 356 357 357 357 358 358 358 357 357 357 356 356 356 357 357 357 358 358 358 359 359 359 360 360 360 359 359 359 358 358 358 359 359 359 360 360 360 361 361 361 362 362 362 361 361 361 360 360 360 361 361 361 362 362 362 363 363 363 364 364 364 363 363 363 362 362 362 363 363 363 364 364 364 365 365 365 366 366 366 365 365 365 364 364 364 365 365 365 366 366 366 367 367 367 368 368 368 367 367 367 366 366 366 367 367 367 368 368 368 369 369 369 370 370 370 369 369 369 368 368 368 371 371 371 369 369 369 370 370 370 372 372 372 371 371 371 370 370 370 371 371 371 372 372 372 373 373 373 374 374 374 373 373 373 372 372 372 373 373 373 374 374 374 375 375 375 376 376 376 375 375 375 374 374 374 375 375 375 376 376 376 377 377 377 378 378 378 377 377 377 376 376 376 377 377 377 378 378 378 379 379 379 380 380 380 379 379 379 378 378 378 379 379 379 380 380 380 381 381 381 382 382 382 381 381 381 380 380 380 381 381 381 382 382 382 383 383 383 384 384 384 383 383 383 382 382 382 383 383 383 384 384 384 385 385 385 386 386 386 385 385 385 384 384 384 385 385 385 386 386 386 387 387 387 388 388 388 387 387 387 386 386 386 389 389 389 387 387 387 388 388 388 390 390 390 389 389 389 388 388 388 389 389 389 390 390 390 391 391 391 392 392 392 391 391 391 390 390 390 391 391 391 392 392 392 393 393 393 394 394 394 393 393 393 392 392 392 393 393 393 394 394 394 395 395 395 396 396 396 395 395 395 394 394 394 395 395 395 396 396 396 397 397 397 398 398 398 397 397 397 396 396 396 397 397 397 398 398 398 399 399 399 400 400 400 399 399 399 398 398 398 399 399 399 400 400 400 401 401 401 402 402 402 401 401 401 400 400 400 401 401 401 402 402 402 403 403 403 404 404 404 403 403 403 402 402 402 403 403 403 404 404 404 405 405 405 406 406 406 405 405 405 404 404 404 407 407 407 405 405 405 406 406 406 408 408 408 409 409 409 410 410 410 410 410 410 409 409 409 411 411 411 412 412 412 411 411 411 409 409 409 411 411 411 412 412 412 413 413 413 414 414 414 413 413 413 412 412 412 413 413 413 414 414 414 415 415 415 416 416 416 415 415 415 414 414 414 415 415 415 416 416 416 417 417 417 418 418 418 417 417 417 416 416 416 417 417 417 418 418 418 419 419 419 420 420 420 408 408 408 410 410 410 408 408 408 420 420 420 421 421 421 422 422 422 421 421 421 420 420 420 421 421 421 422 422 422 423 423 423 424 424 424 423 423 423 422 422 422 423 423 423 424 424 424 425 425 425 426 426 426 425 425 425 424 424 424 425 425 425 426 426 426 427 427 427 428 428 428 427 427 427 426 426 426 427 427 427 428 428 428 429 429 429 430 430 430 429 429 429 428 428 428 429 429 429 430 430 430 431 431 431 432 432 432 431 431 431 430 430 430 431 431 431 432 432 432 433 433 433 434 434 434 433 433 433 432 432 432 433 433 433 434 434 434 435 435 435 436 436 436 435 435 435 434 434 434 437 437 437 435 435 435 436 436 436 438 438 438 437 437 437 436 436 436 437 437 437 438 438 438 439 439 439 440 440 440 439 439 439 438 438 438 439 439 439 440 440 440 441 441 441 442 442 442 441 441 441 440 440 440 441 441 441 442 442 442 443 443 443 444 444 444 443 443 443 442 442 442 443 443 443 444 444 444 445 445 445 446 446 446 445 445 445 444 444 444 445 445 445 446 446 446 447 447 447 448 448 448 447 447 447 446 446 446 447 447 447 448 448 448 449 449 449 450 450 450 449 449 449 448 448 448 449 449 449 450 450 450 451 451 451 452 452 452 451 451 451 450 450 450 451 451 451 452 452 452 453 453 453 454 454 454 453 453 453 452 452 452 455 455 455 453 453 453 454 454 454 456 456 456 455 455 455 454 454 454 455 455 455 456 456 456 457 457 457 458 458 458 457 457 457 456 456 456 457 457 457 458 458 458 459 459 459 460 460 460 459 459 459 458 458 458 459 459 459 460 460 460 461 461 461 462 462 462 461 461 461 460 460 460 461 461 461 462 462 462 463 463 463 464 464 464 463 463 463 462 462 462 463 463 463 464 464 464 465 465 465 466 466 466 465 465 465 464 464 464 465 465 465 466 466 466 467 467 467 468 468 468 467 467 467 466 466 466 467 467 467 468 468 468 469 469 469 470 470 470 469 469 469 468 468 468 469 469 469 470 470 470 471 471 471 472 472 472 471 471 471 470 470 470 473 473 473 471 471 471 472 472 472 474 474 474 473 473 473 472 472 472 473 473 473 474 474 474 475 475 475 476 476 476 475 475 475 474 474 474 475 475 475 476 476 476 477 477 477 478 478 478 477 477 477 476 476 476 477 477 477 478 478 478 479 479 479 480 480 480 479 479 479 478 478 478 479 479 479 480 480 480 481 481 481 482 482 482 481 481 481 480 480 480 481 481 481 482 482 482 483 483 483 484 484 484 483 483 483 482 482 482 483 483 483 484 484 484 485 485 485 486 486 486 485 485 485 484 484 484 485 485 485 486 486 486 487 487 487 488 488 488 487 487 487 486 486 486 487 487 487 488 488 488 489 489 489 490 490 490 489 489 489 488 488 488 491 491 491 489 489 489 490 490 490 492 492 492 491 491 491 490 490 490 491 491 491 492 492 492 493 493 493 494 494 494 493 493 493 492 492 492 493 493 493 494 494 494 495 495 495 496 496 496 495 495 495 494 494 494 495 495 495 496 496 496 497 497 497 498 498 498 497 497 497 496 496 496 497 497 497 498 498 498 499 499 499 500 500 500 499 499 499 498 498 498 499 499 499 500 500 500 501 501 501 502 502 502 501 501 501 500 500 500 501 501 501 502 502 502 503 503 503 504 504 504 503 503 503 502 502 502 503 503 503 504 504 504 505 505 505 506 506 506 505 505 505 504 504 504 505 505 505 506 506 506 507 507 507 508 508 508 507 507 507 506 506 506 509 509 509 507 507 507 508 508 508 510 510 510 511 511 511 512 512 512 512 512 512 511 511 511 513 513 513 514 514 514 513 513 513 511 511 511 513 513 513 514 514 514 515 515 515 516 516 516 515 515 515 514 514 514 515 515 515 516 516 516 517 517 517 518 518 518 517 517 517 516 516 516 517 517 517 518 518 518 519 519 519 520 520 520 519 519 519 518 518 518 519 519 519 520 520 520 521 521 521 522 522 522 510 510 510 512 512 512 510 510 510 522 522 522 523 523 523 524 524 524 523 523 523 522 522 522 523 523 523 524 524 524 525 525 525 526 526 526 525 525 525 524 524 524 525 525 525 526 526 526 527 527 527 528 528 528 527 527 527 526 526 526 527 527 527 528 528 528 529 529 529 530 530 530 529 529 529 528 528 528 529 529 529 530 530 530 531 531 531 532 532 532 531 531 531 530 530 530 531 531 531 532 532 532 533 533 533 534 534 534 533 533 533 532 532 532 533 533 533 534 534 534 535 535 535 536 536 536 535 535 535 534 534 534 535 535 535 536 536 536 537 537 537 538 538 538 537 537 537 536 536 536 539 539 539 537 537 537 538 538 538 540 540 540 539 539 539 538 538 538 539 539 539 540 540 540 541 541 541 542 542 542 541 541 541 540 540 540 541 541 541 542 542 542 543 543 543 544 544 544 543 543 543 542 542 542 543 543 543 544 544 544 545 545 545 546 546 546 545 545 545 544 544 544 545 545 545 546 546 546 547 547 547 548 548 548 547 547 547 546 546 546 547 547 547 548 548 548 549 549 549 550 550 550 549 549 549 548 548 548 549 549 549 550 550 550 551 551 551 552 552 552 551 551 551 550 550 550 551 551 551 552 552 552 553 553 553 554 554 554 553 553 553 552 552 552 553 553 553 554 554 554 555 555 555 556 556 556 555 555 555 554 554 554 557 557 557 555 555 555 556 556 556 558 558 558 557 557 557 556 556 556 557 557 557 558 558 558 559 559 559 560 560 560 559 559 559 558 558 558 559 559 559 560 560 560 561 561 561 562 562 562 561 561 561 560 560 560 561 561 561 562 562 562 563 563 563 564 564 564 563 563 563 562 562 562 563 563 563 564 564 564 565 565 565 566 566 566 565 565 565 564 564 564 565 565 565 566 566 566 567 567 567 568 568 568 567 567 567 566 566 566 567 567 567 568 568 568 569 569 569 570 570 570 569 569 569 568 568 568 569 569 569 570 570 570 571 571 571 572 572 572 571 571 571 570 570 570 571 571 571 572 572 572 573 573 573 574 574 574 573 573 573 572 572 572 575 575 575 573 573 573 574 574 574 576 576 576 575 575 575 574 574 574 575 575 575 576 576 576 577 577 577 578 578 578 577 577 577 576 576 576 577 577 577 578 578 578 579 579 579 580 580 580 579 579 579 578 578 578 579 579 579 580 580 580 581 581 581 582 582 582 581 581 581 580 580 580 581 581 581 582 582 582 583 583 583 584 584 584 583 583 583 582 582 582 583 583 583 584 584 584 585 585 585 586 586 586 585 585 585 584 584 584 585 585 585 586 586 586 587 587 587 588 588 588 587 587 587 586 586 586 587 587 587 588 588 588 589 589 589 590 590 590 589 589 589 588 588 588 589 589 589 590 590 590 591 591 591 592 592 592 591 591 591 590 590 590 593 593 593 591 591 591 592 592 592 594 594 594 593 593 593 592 592 592 593 593 593 594 594 594 595 595 595 596 596 596 595 595 595 594 594 594 595 595 595 596 596 596 597 597 597 598 598 598 597 597 597 596 596 596 597 597 597 598 598 598 599 599 599 600 600 600 599 599 599 598 598 598 599 599 599 600 600 600 601 601 601 602 602 602 601 601 601 600 600 600 601 601 601 602 602 602 603 603 603 604 604 604 603 603 603 602 602 602 603 603 603 604 604 604 605 605 605 606 606 606 605 605 605 604 604 604 605 605 605 606 606 606 607 607 607 608 608 608 607 607 607 606 606 606 607 607 607 608 608 608 609 609 609 610 610 610 609 609 609 608 608 608 611 611 611 609 609 609 610 610 610 612 612 612 613 613 613 614 614 614 614 614 614 613 613 613 615 615 615 616 616 616 615 615 615 613 613 613 615 615 615 616 616 616 617 617 617 618 618 618 617 617 617 616 616 616 617 617 617 618 618 618 619 619 619 620 620 620 619 619 619 618 618 618 619 619 619 620 620 620 621 621 621 622 622 622 621 621 621 620 620 620 621 621 621 622 622 622 623 623 623 624 624 624 612 612 612 614 614 614 612 612 612 624 624 624 625 625 625 626 626 626 625 625 625 624 624 624 625 625 625 626 626 626 627 627 627 628 628 628 627 627 627 626 626 626 627 627 627 628 628 628 629 629 629 630 630 630 629 629 629 628 628 628 629 629 629 630 630 630 631 631 631 632 632 632 631 631 631 630 630 630 631 631 631 632 632 632 633 633 633 634 634 634 633 633 633 632 632 632 633 633 633 634 634 634 635 635 635 636 636 636 635 635 635 634 634 634 635 635 635 636 636 636 637 637 637 638 638 638 637 637 637 636 636 636 637 637 637 638 638 638 639 639 639 640 640 640 639 639 639 638 638 638 641 641 641 639 639 639 640 640 640 642 642 642 641 641 641 640 640 640 641 641 641 642 642 642 643 643 643 644 644 644 643 643 643 642 642 642 643 643 643 644 644 644 645 645 645 646 646 646 645 645 645 644 644 644 645 645 645 646 646 646 647 647 647 648 648 648 647 647 647 646 646 646 647 647 647 648 648 648 649 649 649 650 650 650 649 649 649 648 648 648 649 649 649 650 650 650 651 651 651 652 652 652 651 651 651 650 650 650 651 651 651 652 652 652 653 653 653 654 654 654 653 653 653 652 652 652 653 653 653 654 654 654 655 655 655 656 656 656 655 655 655 654 654 654 655 655 655 656 656 656 657 657 657 658 658 658 657 657 657 656 656 656 659 659 659 657 657 657 658 658 658 660 660 660 659 659 659 658 658 658 659 659 659 660 660 660 661 661 661 662 662 662 661 661 661 660 660 660 661 661 661 662 662 662 663 663 663 664 664 664 663 663 663 662 662 662 663 663 663 664 664 664 665 665 665 666 666 666 665 665 665 664 664 664 665 665 665 666 666 666 667 667 667 668 668 668 667 667 667 666 666 666 667 667 667 668 668 668 669 669 669 670 670 670 669 669 669 668 668 668 669 669 669 670 670 670 671 671 671 672 672 672 671 671 671 670 670 670 671 671 671 672 672 672 673 673 673 674 674 674 673 673 673 672 672 672 673 673 673 674 674 674 675 675 675 676 676 676 675 675 675 674 674 674 677 677 677 675 675 675 676 676 676 678 678 678 677 677 677 676 676 676 677 677 677 678 678 678 679 679 679 680 680 680 679 679 679 678 678 678 679 679 679 680 680 680 681 681 681 682 682 682 681 681 681 680 680 680 681 681 681 682 682 682 683 683 683 684 684 684 683 683 683 682 682 682 683 683 683 684 684 684 685 685 685 686 686 686 685 685 685 684 684 684 685 685 685 686 686 686 687 687 687 688 688 688 687 687 687 686 686 686 687 687 687 688 688 688 689 689 689 690 690 690 689 689 689 688 688 688 689 689 689 690 690 690 691 691 691 692 692 692 691 691 691 690 690 690 691 691 691 692 692 692 693 693 693 694 694 694 693 693 693 692 692 692 695 695 695 693 693 693 694 694 694 696 696 696 695 695 695 694 694 694 695 695 695 696 696 696 697 697 697 698 698 698 697 697 697 696 696 696 697 697 697 698 698 698 699 699 699 700 700 700 699 699 699 698 698 698 699 699 699 700 700 700 701 701 701 702 702 702 701 701 701 700 700 700 701 701 701 702 702 702 703 703 703 704 704 704 703 703 703 702 702 702 703 703 703 704 704 704 705 705 705 706 706 706 705 705 705 704 704 704 705 705 705 706 706 706 707 707 707 708 708 708 707 707 707 706 706 706 707 707 707 708 708 708 709 709 709 710 710 710 709 709 709 708 708 708 709 709 709 710 710 710 711 711 711 712 712 712 711 711 711 710 710 710 713 713 713 711 711 711 712 712 712 714 714 714 715 715 715 716 716 716 716 716 716 715 715 715 717 717 717 718 718 718 717 717 717 715 715 715 717 717 717 718 718 718 719 719 719 720 720 720 719 719 719 718 718 718 719 719 719 720 720 720 721 721 721 722 722 722 721 721 721 720 720 720 721 721 721 722 722 722 723 723 723 724 724 724 723 723 723 722 722 722 723 723 723 724 724 724 725 725 725 726 726 726 714 714 714 716 716 716 714 714 714 726 726 726 727 727 727 728 728 728 727 727 727 726 726 726 727 727 727 728 728 728 729 729 729 730 730 730 729 729 729 728 728 728 729 729 729 730 730 730 731 731 731 732 732 732 731 731 731 730 730 730 731 731 731 732 732 732 733 733 733 734 734 734 733 733 733 732 732 732 733 733 733 734 734 734 735 735 735 736 736 736 735 735 735 734 734 734 735 735 735 736 736 736 737 737 737 738 738 738 737 737 737 736 736 736 737 737 737 738 738 738 739 739 739 740 740 740 739 739 739 738 738 738 739 739 739 740 740 740 741 741 741 742 742 742 741 741 741 740 740 740 743 743 743 741 741 741 742 742 742 744 744 744 743 743 743 742 742 742 743 743 743 744 744 744 745 745 745 746 746 746 745 745 745 744 744 744 745 745 745 746 746 746 747 747 747 748 748 748 747 747 747 746 746 746 747 747 747 748 748 748 749 749 749 750 750 750 749 749 749 748 748 748 749 749 749 750 750 750 751 751 751 752 752 752 751 751 751 750 750 750 751 751 751 752 752 752 753 753 753 754 754 754 753 753 753 752 752 752 753 753 753 754 754 754 755 755 755 756 756 756 755 755 755 754 754 754 755 755 755 756 756 756 757 757 757 758 758 758 757 757 757 756 756 756 757 757 757 758 758 758 759 759 759 760 760 760 759 759 759 758 758 758 761 761 761 759 759 759 760 760 760 762 762 762 761 761 761 760 760 760 761 761 761 762 762 762 763 763 763 764 764 764 763 763 763 762 762 762 763 763 763 764 764 764 765 765 765 766 766 766 765 765 765 764 764 764 765 765 765 766 766 766 767 767 767 768 768 768 767 767 767 766 766 766 767 767 767 768 768 768 769 769 769 770 770 770 769 769 769 768 768 768 769 769 769 770 770 770 771 771 771 772 772 772 771 771 771 770 770 770 771 771 771 772 772 772 773 773 773 774 774 774 773 773 773 772 772 772 773 773 773 774 774 774 775 775 775 776 776 776 775 775 775 774 774 774 775 775 775 776 776 776 777 777 777 778 778 778 777 777 777 776 776 776 779 779 779 777 777 777 778 778 778 780 780 780 779 779 779 778 778 778 779 779 779 780 780 780 781 781 781 782 782 782 781 781 781 780 780 780 781 781 781 782 782 782 783 783 783 784 784 784 783 783 783 782 782 782 783 783 783 784 784 784 785 785 785 786 786 786 785 785 785 784 784 784 785 785 785 786 786 786 787 787 787 788 788 788 787 787 787 786 786 786 787 787 787 788 788 788 789 789 789 790 790 790 789 789 789 788 788 788 789 789 789 790 790 790 791 791 791 792 792 792 791 791 791 790 790 790 791 791 791 792 792 792 793 793 793 794 794 794 793 793 793 792 792 792 793 793 793 794 794 794 795 795 795 796 796 796 795 795 795 794 794 794 797 797 797 795 795 795 796 796 796 798 798 798 797 797 797 796 796 796 797 797 797 798 798 798 799 799 799 800 800 800 799 799 799 798 798 798 799 799 799 800 800 800 801 801 801 802 802 802 801 801 801 800 800 800 801 801 801 802 802 802 803 803 803 804 804 804 803 803 803 802 802 802 803 803 803 804 804 804 805 805 805 806 806 806 805 805 805 804 804 804 805 805 805 806 806 806 807 807 807 808 808 808 807 807 807 806 806 806 807 807 807 808 808 808 809 809 809 810 810 810 809 809 809 808 808 808 809 809 809 810 810 810 811 811 811 812 812 812 811 811 811 810 810 810 811 811 811 812 812 812 813 813 813 814 814 814 813 813 813 812 812 812 815 815 815 813 813 813 814 814 814</p>
      </triangles>
    </mesh></geometry>
  </library_geometries>
  <library_visual_scenes>
    <visual_scene id="Scene" name="Scene">
      <node id="vfx_kurp_0630" name="vfx_kurp_0630" type="NODE">
        <instance_geometry url="#vfx_kurp_0630-mesh"><bind_material><technique_common><instance_material symbol="PreviewMaterial" target="#PreviewMaterial"><bind_vertex_input semantic="UVSET0" input_semantic="TEXCOORD" input_set="0"/></instance_material></technique_common></bind_material></instance_geometry>
      </node>
    </visual_scene>
  </library_visual_scenes>
  <scene><instance_visual_scene url="#Scene"/></scene>
</COLLADA>
