<?xml version="1.0" encoding="utf-8"?>
<COLLADA xmlns="http://www.collada.org/2005/11/COLLADASchema" version="1.4.1">
  <asset>
    <contributor><authoring_tool>Morrobroom Kurpulio VFX preview converter</authoring_tool></contributor>
    <unit name="unit" meter="1"/>
    <up_axis>Z_UP</up_axis>
  </asset>
  <library_images>
    <image id="VFXTexture" name="darkmap_newgen-1.dds">
      <init_from>../../../Textures/Kurp/darkmap_newgen-1.dds</init_from>
    </image>
  </library_images>
  <library_effects>
    <effect id="PreviewEffect">
      <profile_COMMON>
        <newparam sid="VFXTexture-surface">
          <surface type="2D"><init_from>VFXTexture</init_from></surface>
        </newparam>
        <newparam sid="VFXTexture-sampler">
          <sampler2D><source>VFXTexture-surface</source></sampler2D>
        </newparam>
        <technique sid="common"><phong>
          <emission><color>0.08 0.08 0.08 1</color></emission>
          <ambient><color>0.2 0.2 0.2 1</color></ambient>
          <diffuse><texture texture="VFXTexture-sampler" texcoord="UVSET0"/></diffuse>
          <specular><color>0.15 0.15 0.15 1</color></specular>
          <shininess><float>8</float></shininess>
          <transparent opaque="A_ONE"><texture texture="VFXTexture-sampler" texcoord="UVSET0"/></transparent>
          <transparency><float>1</float></transparency>
        </phong></technique>
      </profile_COMMON>
      <extra><technique profile="GOOGLEEARTH"><double_sided>1</double_sided></technique></extra>
    </effect>
  </library_effects>
  <library_materials><material id="PreviewMaterial" name="PreviewMaterial"><instance_effect url="#PreviewEffect"/></material></library_materials>
  <library_geometries>
    <geometry id="vfx_kurp_1187-mesh" name="vfx_kurp_1187"><mesh>
      <source id="vfx_kurp_1187-mesh-positions">
        <float_array id="vfx_kurp_1187-mesh-positions-array" count="3591">-5.05258313 2.1430629 4.925514 -5.89447394 1.11192433 5.22899796 -5.02808868 2.50564929 6.42644715 -6.04285236 1.46580622 6.72950714 -7.0561465 1.50842966 4.02571572 -5.91702296 3.05882927 3.72315332 -3.79412135 2.63858472 4.6217857 -4.14876987 3.88235631 3.42031355 -2.43391743 2.45525206 4.31747092 -2.17551658 3.75449835 3.11670887 -1.40356362 1.70814102 4.03331509 -0.460551201 2.64041595 2.80512418 -0.795836419 0.441882713 3.728255 0.48959735 0.846025145 2.4969907 -0.882391975 -0.977748818 3.4236018 0.466664815 -1.21499928 2.18556444 -1.65851537 -2.19556741 3.12005887 -0.551202634 -3.04493502 1.87271196 -2.94797377 -2.89892126 2.81817157 -2.34661015 -4.18823318 1.55973957 -4.44301047 -2.89505794 2.51558035 -4.50849321 -4.34426001 1.24765543 -5.67603554 -2.2472864 2.23199728 -6.14606185 -2.26631569 3.72061733 -4.77180965 -3.14943991 4.01011974 -3.13302794 -3.27399783 4.30837094 -1.65867146 -2.61210458 4.60912259 -0.697650704 -1.34591303 4.91198422 -0.468044212 0.20200139 5.21626131 -1.00719917 1.64871877 5.52114289 -2.13424639 2.62230954 5.81886697 -3.60873956 2.9342891 6.12301265 -6.55272195 -3.40859459 0.930845017 -6.55304033 -0.973522244 1.92665583 -7.89662052 -1.61087439 0.623696595 -6.72288009 0.589885187 1.62100022 -8.24431516 0.64943877 0.323124692 -6.12426774 2.07195462 1.31623875 -7.48261745 2.84543915 0.0315307413 -4.87779067 3.11238816 1.01292959 -5.75281101 4.45207085 -0.252997907 -3.26110652 3.44869882 0.711101248 -3.42878119 5.07375696 -0.53237276 -1.64798505 2.97904457 0.410942935 -1.03933439 4.53285728 -0.806365481 -0.42150397 1.78726303 0.11291324 0.8570326 2.91175981 -1.07427736 -6.97066451 -0.784341486 3.42707782 -6.9979423 0.938060396 3.1349843 -6.2001124 2.49511362 2.84350095 -4.74432268 3.51219735 2.54925374 -2.95587083 3.73367907 2.25092309 -1.24554447 3.08474351 1.94944513 -0.0161994139 1.69163834 1.64579561 0.431831224 -0.143862525 1.34125441 0.117169903 0.128640521 -0.181785937 1.80312269 0.548673914 -1.3337081 -4.72309274 -2.35470204 4.92551578 -3.4160023 -2.56103679 5.22899777 -5.09596369 -2.48829835 6.426448 -3.68486897 -2.83160738 6.72950498 -3.14052528 -3.77987709 4.02571572 -5.04560771 -3.57311626 3.72315292 -5.77204774 -1.51927799 4.6217869 -6.63531588 -2.4573023 3.420313 -6.28246781 -0.254869256 4.3174719 -7.50421617 -0.686802012 3.11670956 -6.14027346 1.00778638 4.03331651 -7.39169451 1.35476015 2.80510517 -5.33737535 2.16534571 3.72825494 -6.30987499 3.07532124 2.49653599 -4.05649292 2.79944192 3.4236017 -4.51255885 4.08621128 2.18464474 -2.60815159 2.73582622 3.12005898 -2.41839176 4.11881963 1.87187543 -1.35131275 1.97009421 2.81817205 -0.530064485 3.13500651 1.56012782 -0.605283273 0.672092038 2.51576485 0.685051587 1.33998862 1.25051624 -0.548004961 -0.7212696 2.23289274 -0.314007816 -1.10869675 3.72061508 -0.242043991 0.524059553 4.01011948 -0.96075358 2.00548499 4.30837088 -2.28029284 2.95050823 4.60912386 -3.86880145 3.1489714 4.91198565 -5.33767815 2.57463699 5.21626198 -6.33561913 1.38806571 5.52114388 -6.62876345 -0.0672752914 5.81886648 -6.17222312 -1.48835722 6.123013 0.896337944 -0.901431532 0.93776061 -1.21002906 -2.11933994 1.92893274 0.0153585249 -2.96662317 0.635317218 -2.47582503 -3.04850062 1.62435173 -1.76307181 -4.39467029 0.335906411 -4.05620107 -3.27000742 1.31887629 -4.04585812 -4.82747617 0.0394823329 -5.57937988 -2.70942219 1.01253665 -6.30571868 -4.1313462 -0.252960395 -6.67811457 -1.47575871 0.706246941 -8.00683914 -2.42905286 -0.539565271 -7.07776356 0.15973095 0.402423442 -8.73331526 -0.0841937545 -0.816008547 -6.6614061 1.82202296 0.10373427 -8.28207407 2.37352751 -1.07991491 -1.18005201 -2.56592679 3.4270763 -2.65340247 -3.45339271 3.13498436 -4.39660019 -3.54339339 2.8435036 -6.00144384 -2.79250211 2.5491925 -7.08407726 -1.35447083 2.25001182 -7.37476825 0.452554257 1.94683099 -6.78260433 2.21610896 1.6418212 -5.41880907 3.52280483 1.33712281 -5.49852965 3.1193438 -0.18893006 -6.71265925 4.37461677 -1.33370674 -5.55637031 2.89028395 30.9077381 -6.74419536 1.61628906 31.2020029 -5.85597354 4.32401971 32.1838709 -7.60317715 2.65512691 32.326765 -7.47643477 1.72730326 29.8465914 -6.15222909 3.23456098 29.4977004 -3.9799023 3.34785631 30.5886831 -4.36274328 3.8553206 29.1408909 -2.45732856 2.94465762 30.2428577 -2.58108388 3.52784125 28.782231 -1.4535396 1.959899 29.9007929 -1.21016309 2.37895915 28.4255344 -1.00429662 0.532573932 29.5222582 -0.583498532 0.804853573 28.0988872 -1.2678199 -0.873069863 29.1440227 -0.750455703 -0.812064695 27.7937908 -2.11918275 -1.92251932 28.7787207 -1.62536593 -2.09741638 27.492626 -3.31222694 -2.40516648 28.4352881 -2.96810544 -2.77625832 27.1947559 -4.54736927 -2.25754316 28.1170472 -4.44838691 -2.72447864 26.9003961 -5.46821805 -1.62884068 27.8385968 -6.37257778 -2.26278014 29.4688915 -5.04367421 -3.37839306 29.8199973 -3.25295469 -3.75203322 30.1913528 -1.43954182 -3.18712387 30.567928 -0.0634265207 -1.7247527 30.9344711 0.485408511 0.343774377 31.2722556 -0.00709064694 2.50898284 31.5677654 -1.45663878 4.1449887 31.8112369 -3.60463752 4.8432836 32.0160202 -5.73900352 -1.96103212 26.6032616 -6.04135207 -0.576072276 27.5444068 -6.50055458 -0.71870985 26.3149548 -6.06382793 0.597045825 27.252759 -6.60447459 0.712656206 26.0283061 -5.55791128 1.62225626 26.9626465 -6.0441856 2.00971426 25.7420456 -4.66053765 2.28170441 26.6730495 -4.96085322 2.89154423 25.454874 -3.58787282 2.45140627 26.3830689 -3.60855294 3.1789774 25.1657006 -2.58494222 2.12223155 26.0921326 -2.29524484 2.82995035 24.8738435 -1.87125318 1.3953644 25.7999741 -1.31268625 1.944031 24.5791501 -7.03248699 -0.680933797 29.1234886 -6.90274016 0.950858117 28.7886833 -6.07747273 2.26636574 28.4635129 -4.79502547 3.00496104 28.1517992 -3.36885818 3.05423819 27.8572359 -2.11785515 2.45510124 27.5657602 -1.30499795 1.38385458 27.274827 -1.08334202 0.107220849 26.9845878 -1.59402425 0.454624761 25.5066814 -0.87128497 0.735942552 24.2819301 -5.13174435 -3.03585508 30.8714585 -3.43912168 -3.51616429 31.2075687 -5.95886911 -4.16480248 32.1628725 -3.68128278 -4.95539803 32.3267584 -3.3132834 -4.08808706 29.8535852 -5.27209424 -3.61298425 29.476242 -6.33330327 -1.81756961 30.5275383 -6.71088368 -2.30350026 29.1137831 -6.79196262 -0.229504073 30.1809645 -7.34401401 -0.53765476 28.7648253 -6.50754752 1.18013053 29.8547007 -7.07029497 1.26927216 28.4201211 -5.57045012 2.31571073 29.4995474 -6.04492865 2.62480895 28.098695 -4.27484857 2.80564932 29.1400525 -4.56535468 3.30156695 27.7938315 -2.96767338 2.5968563 28.7830472 -2.99371752 3.19991431 27.4927934 -1.95877632 1.80426295 28.4388789 -1.69097631 2.39731101 27.1950702 -1.45586276 0.663761161 28.1174204 -0.937566722 1.12159944 26.9007581 -1.51262486 -0.436014632 27.8386059 -0.529192365 -1.07787501 29.5128086 -0.23679657 0.646075801 29.8797627 -0.801020957 2.41786732 30.2483989 -2.16898613 3.73434541 30.5997408 -4.05869868 4.21009029 30.9248102 -6.00549726 3.64882443 31.2188905 -7.48578219 2.10551948 31.4854855 -8.06243382 -0.0383771224 31.7269133 -7.53761725 -2.35093868 31.9571645 -0.889062893 -0.333886431 26.6034735 -2.09647575 -1.43025556 27.5443809 -1.524365 -1.56574252 26.3148125 -3.05490284 -1.99549748 27.2526261 -2.65921366 -2.32495091 26.0277118 -4.14863401 -2.02401222 26.9623416 -4.01597266 -2.45248655 25.7410632 -5.1208903 -1.53254981 26.6725832 -5.27644913 -1.93586659 25.4537431 -5.75376879 -0.651181716 26.3825815 -6.15284027 -0.90657371 25.1647456 -5.91343192 0.411103309 26.0918035 -6.45039588 0.393493169 24.8733209 -5.5754222 1.4155356 25.799979 -6.10872775 1.66849238 24.5791053 -1.54929132 -2.42181619 29.1443605 -3.00645263 -3.0827782 28.7925344 -4.54203233 -2.9768961 28.4616036 -5.81313726 -2.18830443 28.1512331 -6.56231735 -0.935327387 27.8572178 -6.6574729 0.486186977 27.5657167 -6.11388544 1.75873463 27.2748479 -5.08181473 2.61822689 26.9848011 -4.82583213 2.14636766 25.5070809 -5.21294989 2.6352099 24.2821541 -4.8923392 1.97632884 26.1110804 -5.61738047 1.17376177 26.4103474 -5.13232135 2.50440345 27.5933442 -6.16233989 1.57085288 27.8949854 -6.17664797 1.47628728 25.2182633 -5.29626834 2.52668157 24.9153893 -3.89194966 2.32755014 25.810918 -4.03091889 3.02976646 24.6099634 -2.86908914 2.16556675 25.5090721 -2.69352266 2.88377841 24.3011088 -2.13265249 1.61687448 25.2258932 -1.59400109 2.11732194 23.9812382 -1.72774716 0.74134937 24.9201296 -1.03496738 0.970507928 23.6651333 -1.81427362 -0.190488872 24.6126971 -1.09429513 -0.283717023 23.3436251 -2.35208141 -0.946158255 24.3040573 -1.73122409 -1.3546646 23.0168289 -3.19231504 -1.34523095 23.994536 -2.77694792 -2.00327211 22.6870284 -4.11635031 -1.30110736 23.6842412 -3.97146527 -2.09482192 22.3558404 -4.83147168 -0.89333238 23.3918325 -5.45447166 -1.10526732 24.9120418 -4.53989952 -1.79223942 25.2019203 -3.38207226 -1.97828152 25.4990617 -2.28158946 -1.59251202 25.7975243 -1.51188529 -0.716502399 26.0972039 -1.27521955 0.446847678 26.3976755 -1.65254961 1.61612737 26.698423 -2.5532897 2.47397592 26.9921487 -3.82083704 2.81714499 27.2926622 -5.03873263 -1.60966193 22.0172951 -5.28931739 -0.159902223 23.0729111 -5.67959244 -0.703326801 21.686032 -5.30958414 0.685871846 22.7492226 -5.76773284 0.394645489 21.3558285 -4.89121914 1.4351078 22.4215037 -5.28526365 1.41132539 21.027598 -4.13424184 1.90318452 22.090733 -4.34683452 2.09526336 20.7025818 -3.21360342 1.97142714 21.7582412 -3.16904208 2.27485352 20.382168 -2.33703217 1.61341412 21.42566 -2.0185744 1.89777959 20.0678047 -1.69755407 0.900150802 21.0946762 -1.15212251 1.04235796 19.7607758 -5.94732203 -0.0626467094 24.6162415 -5.88486401 1.07184691 24.3195461 -5.28966081 2.03281976 24.0207108 -4.30936637 2.60114481 23.7186428 -3.17504559 2.65388311 23.4106993 -2.14126251 2.18741068 23.0949494 -1.43309994 1.31162609 22.7733041 -1.19592718 0.221661771 22.4479575 -1.431172 -0.01694778 20.7669309 -0.76105696 -0.102280096 19.4621823 -4.63598878 -1.49920267 26.1104178 -3.63285613 -1.76567882 26.4098928 -5.19469477 -2.1807035 27.5932501 -3.90099154 -2.65150669 27.89496 -3.37576445 -2.24008352 25.217397 -4.68847017 -1.99724755 24.9143945 -5.38424784 -0.779854736 25.8102422 -5.71767878 -1.17036178 24.6091867 -5.69391672 0.203902728 25.5086086 -6.21410486 0.0253848166 24.3007614 -5.52317763 1.12432402 25.2257788 -6.04621023 1.3141583 23.9812181 -4.89320343 1.91758142 24.9203862 -5.27923097 2.32291757 23.6649771 -3.96860702 2.31275077 24.6131629 -4.11573148 2.84270126 23.3425768 -2.97948637 2.22866902 24.304451 -2.83501268 2.75971919 23.0142906 -2.16545309 1.7003013 23.9946327 -1.73450706 2.09931744 22.6831563 -1.71657911 0.866665167 23.6840106 -1.06087722 1.0155911 22.351821 -1.70667825 0.0102656744 23.3915605 -1.39314058 -0.315800211 24.9122154 -1.30463775 0.785312166 25.2025227 -1.7886153 1.83958039 25.4999571 -2.74963533 2.55910082 25.7984243 -3.97167631 2.75152205 26.0978664 -5.16925925 2.34278602 26.3979699 -6.05264977 1.39997714 26.6983974 -6.39043739 0.156582828 26.9919662 -6.090164 -1.15447087 27.2924714 -0.964950372 -0.268843019 22.015079 -2.11953563 -0.820898704 23.0732769 -1.45469093 -1.41326206 21.6874454 -2.85499143 -1.36184821 22.7510178 -2.38978403 -2.19124133 21.3617741 -3.72689587 -1.50180675 22.4250694 -3.53940137 -2.44131845 21.0374742 -4.52134666 -1.22650783 22.095644 -4.62594362 -2.12588246 20.71427 -5.04666326 -0.618957454 21.7632052 -5.3911881 -1.33804828 20.392668 -5.17763793 0.161585956 21.4289056 -5.65756713 -0.278205578 20.0742475 -4.88328071 0.917517942 21.0946357 -5.3681986 0.794156671 19.7614989 -2.01622717 -1.24374098 24.6160188 -3.00987719 -1.75939114 24.3191845 -4.12703303 -1.75339752 24.0205574 -5.09813512 -1.24259803 23.7189789 -5.69478354 -0.364200397 23.4115571 -5.78300396 0.666114961 23.0957797 -5.34958966 1.6072762 22.7730521 -4.49819067 2.24122767 22.4455522 -4.23139189 1.45908394 20.7628872 -4.59669872 1.62191077 19.4573464 -1.60622081 0.208671989 21.4504737 -1.93185466 1.11458218 21.7913834 -1.37049974 0.378881769 23.1261162 -1.65130431 1.44037083 23.4513242 -1.33005545 1.24471267 20.4432454 -0.868474441 0.0775868558 20.1176805 -1.73158589 -0.729976936 21.1109452 -0.997380614 -1.14774848 19.7989242 -2.26225736 -1.47962424 20.7731486 -1.67446589 -2.14125411 19.4868129 -2.97954357 -1.84758922 20.4605004 -2.75125813 -2.67288122 19.1751767 -3.81691374 -1.8209703 20.1287939 -3.90677617 -2.60651274 18.880752 -4.49433119 -1.38388222 19.8030802 -4.87789508 -1.99568807 18.6005587 -4.84280422 -0.66484768 19.4860832 -5.43862292 -0.99724394 18.3346178 -4.78229275 0.143339282 19.1807082 -5.46855663 0.146633473 18.0819584 -4.33571668 0.834798775 18.8898776 -4.97619645 1.1648814 17.8409621 -3.68622495 1.21160453 18.6344877 -3.61602295 1.81718094 20.1098044 -4.55288733 1.45881928 20.4255168 -5.20191983 0.708111001 20.7570545 -5.38513903 -0.230915755 21.0954901 -5.0578118 -1.11346585 21.4381644 -4.30083403 -1.70620004 21.7823376 -3.30361993 -1.84455926 22.1256196 -2.34302458 -1.48551958 22.4583229 -1.62734051 -0.679793988 22.794803 -4.07048067 1.824686 17.6044618 -2.87900065 1.24643106 18.3755634 -3.01349906 1.95153333 17.3791651 -2.16670906 0.888826278 18.1290524 -2.04764062 1.54342013 17.1568639 -1.72156381 0.228317217 17.8916483 -1.40494057 0.704409602 16.934313 -1.65296831 -0.574275863 17.6602513 -1.2437018 -0.361820752 16.7085898 -1.98330836 -1.32546723 17.4321788 -1.61266739 -1.3996642 16.4772967 -2.64326664 -1.84436985 17.2052923 -2.43886056 -2.16057651 16.238611 -3.48822082 -2.00412525 16.9778838 -3.54328146 -2.45991462 15.9911991 -2.57698537 1.70195847 19.7976616 -1.69908948 1.12375825 19.4962981 -1.18448003 0.215395111 19.2054875 -1.14797167 -0.813303308 18.9252423 -1.59216213 -1.73046867 18.6571432 -2.41123271 -2.33103524 18.3998579 -3.41697851 -2.48191673 18.1517528 -4.38292097 -2.15180427 17.9116968 -4.33231892 -1.76035791 16.7485341 -4.68206651 -2.21886997 15.7339824 -4.08839867 -1.45056031 21.4541501 -3.25274285 -1.53676774 21.7963702 -4.61055667 -1.38535441 23.1270248 -3.59773388 -1.65146889 23.4521191 -2.96356212 -2.49520912 20.4540427 -4.11331615 -2.39851514 20.1250089 -4.72169196 -0.968253413 21.1115473 -5.02849958 -1.75477858 19.8007155 -4.98562879 -0.234970863 20.7697487 -5.48468542 -0.744011636 19.4828774 -4.83680957 0.476536748 20.4538018 -5.36512043 0.390899228 19.1672714 -4.28954599 1.09445481 20.1201732 -4.72261932 1.31458121 18.8718174 -3.4856144 1.38081604 19.7949614 -3.73148432 1.8234401 18.5931787 -2.62593607 1.25562652 19.4806742 -2.6358723 1.79715297 18.3302532 -1.92189737 0.744972419 19.1791549 -1.69976175 1.24612504 18.0806627 -1.54301521 -0.0290080961 18.8918656 -1.14787145 0.305782896 17.8416552 -1.56121554 -0.812690467 18.6385087 -1.22103998 -0.899605295 20.1178442 -1.16002405 0.169978417 20.4292481 -1.60255963 1.18925279 20.7557306 -2.45423835 1.90165248 21.0901256 -3.51980804 2.14883817 21.4308889 -4.54999499 1.8846787 21.7755241 -5.29916909 1.18684719 22.1209571 -5.58023377 0.263620795 22.4562587 -5.33176108 -0.684364904 22.7948094 -1.12478025 -0.817409729 17.6055697 -1.97530623 -1.55957432 18.38013 -1.64240765 -1.80701018 17.3793665 -2.69694712 -2.02067964 18.1327126 -2.5784991 -2.44607734 17.1556595 -3.5574659 -2.08867542 17.893692 -3.72240119 -2.57926511 16.9321994 -4.35966011 -1.74752442 17.6608452 -4.81648341 -2.16802997 16.7068363 -4.92465161 -1.07473407 17.4321457 -5.61718729 -1.29873665 16.4774342 -5.132988 -0.222267778 17.2056641 -5.95158039 -0.162319391 16.2417447 -4.95017257 0.619052518 16.9793934 -5.75522308 0.989602292 15.9974599 -1.76215026 -1.81892572 19.8080181 -2.64657011 -2.35932705 19.5061324 -3.65880722 -2.41001794 19.212353 -4.55845909 -1.97213177 18.9279482 -5.13903712 -1.16138316 18.656003 -5.27596741 -0.172986856 18.3962937 -4.95136527 0.764166246 18.1475792 -4.25284845 1.4382012 17.9084273 -4.43152428 1.26330471 16.7513004 -5.08337602 1.90207379 15.7422942 -1.83575512 -0.184709711 17.2203923 -2.05985094 0.564429885 17.4533649 -1.29475778 -0.445148271 18.4207023 -1.50878272 0.510553866 18.6867925 -1.79457788 1.17893512 16.5229683 -1.4203916 0.168248901 16.2764508 -2.02737446 -0.964574943 16.9868392 -1.59244387 -0.920272379 16.0199922 -2.59703076 -1.56639979 16.7502805 -2.27993776 -1.80762176 15.7515024 -3.33896528 -1.81413096 16.5253762 -3.35046811 -2.26285764 15.4627246 -4.20240779 -1.67917482 16.2778469 -4.50229853 -2.14246988 15.1669406 -4.91725385 -1.15223539 16.0224005 -5.48514106 -1.47853573 14.8615422 -5.31665358 -0.355538948 15.7574197 -6.06906798 -0.427810203 14.548664 -5.31248505 0.522485888 15.4810256 -6.12371592 0.762661046 14.2300811 -4.91698343 1.27702938 15.1923952 -5.64555457 1.81791034 13.9072801 -4.30492843 1.71096442 14.9145691 -4.01271594 1.86041994 16.2769461 -4.81830339 1.39253665 16.5107897 -5.33800467 0.54333031 16.7450987 -5.41658812 -0.481185141 16.9773622 -5.02183123 -1.44203747 17.2097502 -4.23592684 -2.11426513 17.4439821 -3.23873469 -2.34088846 17.6814102 -2.28950161 -2.08057105 17.9176314 -1.57671449 -1.38752614 18.1652351 -4.73367586 2.50583743 13.5746584 -3.52159118 1.80175381 14.6083138 -3.6479026 2.65495906 13.2470895 -2.81554112 1.49362501 14.294536 -2.6368264 2.26884339 12.9188015 -2.36378048 0.877931781 13.9743638 -1.94448946 1.45337076 12.590655 -2.28325412 0.117583631 13.6490033 -1.7424641 0.40854489 12.2633949 -2.60371014 -0.594196214 13.3197172 -2.09000307 -0.618527479 11.937732 -3.260947 -1.08003805 12.9878147 -2.92004807 -1.38870677 11.6145377 -4.11224369 -1.21852185 12.6547122 -4.0542936 -1.72198373 11.2950165 -3.09160426 1.86404563 16.0307678 -2.29887892 1.39982033 15.7743164 -1.82915789 0.587552964 15.5050279 -1.80372406 -0.368875619 15.2217132 -2.24562018 -1.22582001 14.9271121 -3.0611132 -1.77166498 14.623139 -4.06902463 -1.87103294 14.3116433 -5.04493398 -1.49432031 13.9944375 -4.96987269 -0.969635276 12.321935 -5.24196768 -1.53381261 10.9810251 -4.98576951 1.77089143 13.0126401 -5.48574011 1.08501496 13.3532692 -4.79775529 1.82728918 14.6599827 -5.44032466 1.08713051 14.9706946 -6.30127626 1.48757181 11.9976719 -5.61896143 2.41877185 11.6607905 -4.23395012 2.10739249 12.6697185 -4.55684633 2.90490838 11.3279265 -3.42793848 2.02466525 12.3258802 -3.37204539 2.8289018 11.0004464 -2.82841454 1.60503457 12.006223 -2.33910801 2.17759235 10.6727373 -2.49087986 0.886798576 11.6662213 -1.75551369 1.12632198 10.3574502 -2.57134344 0.083159034 11.331481 -1.7443617 -0.0921076869 10.0458935 -3.05899102 -0.60666444 11.0042449 -2.32152928 -1.19508835 9.73852076 -3.84094261 -1.0105301 10.6866472 -3.36107647 -1.91873343 9.43567987 -4.73023472 -1.02450487 10.376396 -4.62044925 -2.08016977 9.13747695 -5.45136673 -0.681158281 10.0918708 -5.75952585 -0.697372551 11.6575432 -4.90009132 -1.26441592 11.9793184 -3.86139004 -1.40403139 12.3137064 -2.90592036 -1.08030326 12.6527779 -2.25429853 -0.380739419 12.9949916 -2.05237699 0.515801964 13.3382001 -2.33608348 1.37912039 13.6797363 -3.00384673 1.96837442 14.0090379 -3.90889984 2.1425371 14.3390579 -5.81095197 -1.60645209 8.83749588 -5.94889546 0.0112236158 9.7910675 -6.58261145 -0.616484703 8.54743036 -6.01425282 0.868018302 9.49394644 -6.74992196 0.662010255 8.26010448 -5.60958766 1.68036289 9.19951288 -6.23792259 1.92231949 7.97433211 -4.80622457 2.24023888 8.9067984 -5.13002308 2.84906358 7.68890875 -3.77134205 2.38995997 8.61499163 -3.6532456 3.19325755 7.40281236 -2.73165416 2.06180632 8.32353332 -2.12961135 2.83442477 7.11536841 -1.92216547 1.2981837 8.03216337 -0.906229052 1.81405336 6.82632275 -6.27183756 0.195223658 11.3352656 -6.29152365 1.20263894 11.0200504 -5.805274 2.09550836 10.71261 -4.91444685 2.66419799 10.410275 -3.81387157 2.76642582 10.1103523 -2.74989037 2.35916781 9.81238144 -1.96512136 1.51102399 9.51623214 -1.6434758 0.391749313 9.22204073 -1.53181026 0.24668502 7.74090771 -0.27818637 0.334037153 6.53580806 -2.42977214 0.557595278 13.0112873 -2.67962271 1.27440924 13.3535337 -1.95138233 0.105097284 14.6562664 -2.15997745 1.0007074 14.9705051 -2.28131704 1.92614439 11.9978197 -1.84122226 0.919290178 11.6605786 -2.60152659 -0.194284738 12.6677993 -1.97309989 -0.184574322 11.3278925 -3.16340602 -0.778581871 12.3242964 -2.65584818 -1.11688401 11.0007136 -3.91031775 -1.02532591 12.0053267 -3.75911807 -1.64780446 10.6732036 -4.79082829 -0.908299618 11.6659611 -4.96816243 -1.62185926 10.3578751 -5.5257307 -0.415118276 11.3314751 -6.01013978 -1.05162532 10.046059 -5.93270298 0.342345586 11.0041843 -6.62446109 -0.0596645695 9.7383273 -5.90454754 1.1869065 10.6863831 -6.64147104 1.12439444 9.43519166 -5.43546787 1.91455519 10.3759453 -6.02643155 2.21297386 9.13686353 -4.70235847 2.31875777 10.0913651 -4.59114912 2.59359482 11.6580072 -5.46499543 2.13664243 11.9804227 -6.02122533 1.29989451 12.3152162 -6.10735907 0.282765118 12.6538993 -5.70261566 -0.683167164 12.9946615 -4.90158956 -1.3768073 13.3355882 -3.89307477 -1.63976431 13.6747887 -2.94018034 -1.42456628 14.0027284 -2.23003053 -0.782709743 14.3330965 -4.86603305 2.93065501 8.83695318 -3.73940966 2.35678307 9.79066646 -3.45819293 3.04484574 8.5470897 -2.82944105 1.94949948 9.49377282 -2.10372779 2.50895926 8.25998179 -2.18574079 1.16814781 9.19958797 -1.11644261 1.40824109 7.97435501 -1.96283134 0.1736943 8.90705799 -0.733856029 -0.0332729908 7.6889697 -2.21898694 -0.816979292 8.61531353 -1.05987547 -1.49994155 7.40284241 -2.90044924 -1.57942193 8.32379941 -2.03707332 -2.65516037 7.11536918 -3.8511948 -1.93373179 8.03231728 -3.45564428 -3.2194433 6.82632265 -3.57337248 2.58761105 11.3352961 -2.67252265 2.10672621 11.0199906 -2.10301806 1.25649284 10.7127036 -2.00251436 0.22412585 10.4106389 -2.40389106 -0.75988111 10.110942 -3.22494147 -1.47094642 9.81303849 -4.28304889 -1.74111136 9.5167671 -5.33409201 -1.49849585 9.22232001 -4.8466321 -1.78847971 7.74095841 -4.99406845 -3.03871001 6.53580851 -4.77454477 -1.47822183 8.34277993 -3.8183298 -1.54923425 8.6429901 -5.25399839 -1.20730133 9.84115627 -4.23124904 -1.40613655 10.1497317 -3.40035523 -2.82232057 7.45517062 -4.87019584 -2.73647842 7.15629945 -5.54581122 -0.922849493 8.04296702 -6.1146122 -1.91603401 6.85631832 -5.90926048 -0.0200506205 7.74288599 -6.79950164 -0.54671543 6.55427983 -5.76849561 0.909296694 7.4626395 -6.70177199 1.0693202 6.2408884 -5.10267989 1.77737794 7.16134004 -5.81924913 2.45145923 5.92304407 -4.04982374 2.2538345 6.85958135 -4.34587524 3.27494468 5.60131873 -2.85554669 2.18761267 6.55761997 -2.61423778 3.30840406 5.29251869 -1.81252219 1.56403591 6.25571322 -1.0417262 2.5109645 5.01190772 -1.17966513 0.50880914 5.95836444 -0.0267772569 1.04369873 4.75891946 -1.11008326 -0.629325421 5.69002362 -1.10761223 -0.798633327 7.15378862 -1.10957781 0.528739518 7.43975328 -1.73759505 1.72308667 7.73387117 -2.82808882 2.48924773 8.03031823 -4.11316862 2.67879382 8.32910759 -5.28900529 2.28850592 8.62998316 -6.08923002 1.45381269 8.93257668 -6.34353827 0.435997054 9.22949793 -6.03002857 -0.541322499 9.53462591 0.154358361 -0.798515665 4.50887223 -1.63178536 -1.77846846 5.40783355 -0.568378601 -2.50375288 4.2481741 -2.65658508 -2.55139159 5.12018644 -2.03777575 -3.69470096 3.9547642 -3.95062512 -2.74944818 4.81407536 -3.93870061 -4.07538598 3.62159281 -5.20949758 -2.30244851 4.48236811 -5.83840198 -3.51708518 3.25789943 -6.12970424 -1.28500611 4.13153286 -7.28958303 -2.09085846 2.89589314 -6.47931918 0.0879857898 3.78133929 -7.93205452 -0.0912686035 2.57294985 -6.14839315 1.49843292 3.45366895 -7.57019365 2.01437036 2.3067067 -1.74705946 -2.00102948 6.86302972 -2.89346725 -2.75419438 6.57250494 -4.27897417 -2.86271998 6.28151761 -5.56822946 -2.2875964 5.9875976 -6.44538606 -1.14437589 5.68061674 -6.6856357 0.318969257 5.3583022 -6.20614908 1.76751598 5.02991438 -5.08343408 2.85229311 4.7112402 -5.17864385 2.60464494 3.16188201 -6.23889914 3.72588538 2.08827288 -5.02909692 1.92043149 8.3425247 -5.71717331 1.19677999 8.64270798 -5.20406821 2.39447734 9.84054064 -5.98357946 1.67568488 10.1492204 -6.49056796 1.29825481 7.45513621 -5.56306025 2.4796055 7.1562965 -4.00781159 2.25263191 8.04281398 -4.12338116 3.11259848 6.85631805 -2.89379174 2.07147387 7.7428349 -2.50668753 3.00125605 6.55427971 -2.03097937 1.45486997 7.46263405 -1.09010098 2.10224221 6.24275214 -1.49216377 0.422062931 7.16134292 -0.287853872 0.648521121 5.9424065 -1.50817764 -0.74199027 6.85958228 -0.279401279 -1.03166829 5.65343833 -2.09056295 -1.7515972 6.55762246 -1.09047137 -2.53374443 5.37009645 -3.10503728 -2.34772429 6.25656915 -2.54874484 -3.48443385 5.07809638 -4.30047427 -2.37278916 5.95735683 -4.32199636 -3.63509796 4.76132313 -5.29608468 -1.86990976 5.67221407 -5.74495971 -1.70918054 7.15378908 -4.68581552 -2.33502849 7.43977447 -3.44007231 -2.35257842 7.73397028 -2.34466971 -1.76095643 8.03051843 -1.66487206 -0.719303062 8.32935414 -1.55713175 0.513866318 8.63016469 -2.03547203 1.64674816 8.93254899 -2.94773386 2.40780427 9.22920571 -4.10619127 2.67240949 9.53409634 -6.0134133 -2.88676589 4.40414073 -6.01102974 -0.847528463 5.35324635 -7.14224794 -1.40129835 4.03463564 -6.15463166 0.430267734 5.02414607 -7.45788397 0.501729016 3.67598763 -5.667133 1.65788193 4.69691781 -6.84584435 2.36714842 3.35346696 -4.63469671 2.52871509 4.38624241 -5.39770341 3.73267178 3.07747263 -3.28062232 2.81730856 4.10366353 -3.42514283 4.26308064 2.84378056 -1.92294482 2.43582153 3.85114491 -1.39563722 3.81595141 2.62872106 -0.892622627 1.45159702 3.61523463 0.209083653 2.45866802 2.3902602 -6.38351192 -0.58811896 6.8630291 -6.39231366 0.752603824 6.57250484 -5.73833694 1.98654542 6.27998229 -4.54731421 2.80340743 5.97929033 -3.07529006 2.98573533 5.67765694 -1.65614785 2.46226807 5.38799216 -0.628165389 1.32809045 5.11764469 -0.246132325 -0.175130866 4.86049582 -0.443023914 0.0735420671 3.37138434 1.01746896 0.462946632 2.09002132 -4.78099507 -1.00703835 13.0095447 -3.91730005 -1.22284997 13.3500573 -4.84736717 -1.538505 14.6527212 -3.87440019 -1.85711456 14.9641793 -3.89643422 -1.64039605 11.9966215 -5.08731082 -1.46250361 11.6602358 -5.46713425 -0.419429725 12.6676106 -6.06818147 -0.77557445 11.3278867 -5.8073748 0.401736796 12.3249638 -6.59782634 0.264572847 11.0006166 -5.7383667 1.19066044 12.0060817 -6.5233625 1.43756983 10.6728306 -5.26476507 1.89559801 11.6663676 -5.85515964 2.40891698 10.3572549 -4.50060841 2.27615918 11.3315072 -4.74627714 2.96318695 10.0453778 -3.63388147 2.24077135 11.0040549 -3.44803686 2.94806147 9.73781412 -2.87704447 1.792281 10.6863107 -2.26271318 2.33696375 9.43499568 -2.41672356 1.02771961 10.3760825 -1.47396493 1.2418899 9.13700151 -2.36057981 0.197966755 10.0917212 -2.19731932 -0.0199411096 11.6576369 -2.11785906 0.907096782 11.9800252 -2.51880098 1.75622698 12.3154687 -3.29354218 2.29803791 12.655555 -4.24452454 2.39334361 12.9980546 -5.13360809 2.00551976 13.3402579 -5.73840729 1.21250883 13.6794668 -5.90258321 0.218456844 14.0057842 -5.58230837 -0.786990791 14.3330874 -1.28617023 -0.131904425 8.83731889 -2.72589936 -0.650969941 9.791182 -1.76284859 -1.41949893 8.54750403 -3.44810721 -1.24393152 9.49429308 -2.78964156 -2.34513163 8.26030496 -4.35702405 -1.43725643 9.19996975 -4.13123348 -2.68270647 7.9745276 -5.23163936 -1.17830697 8.90722525 -5.46990388 -2.33640223 7.68901943 -5.85103013 -0.52085884 8.61528251 -6.47784166 -1.3682818 7.40284374 -6.04664273 0.383774458 8.32365775 -6.89365432 0.0104289247 7.11536724 -5.743801 1.31882818 8.0321642 -6.58436797 1.48295278 6.82632249 -2.75200514 -0.839228462 11.3352538 -3.66084004 -1.33357645 11.0202101 -4.71585653 -1.38106372 10.7130115 -5.6717604 -0.962810136 10.4108175 -6.30196258 -0.164503594 10.1108433 -6.44746569 0.838346488 9.81264282 -6.05355389 1.81527974 9.51618108 -5.18588607 2.53089568 9.22172015 -4.98237097 2.050913 7.74086364 -5.5823836 2.696568 6.53580727 -1.8857104 0.436025816 8.34263452 -2.3211463 1.42213043 8.64268463 -1.97453762 0.551537574 9.84085349 -2.31552969 1.58522186 10.1492353 -1.32529236 1.87600346 7.45513138 -0.644769537 0.464435995 7.15629808 -1.96940572 -0.639908932 8.04295419 -0.719106545 -1.10855082 6.85631699 -2.55879644 -1.54116887 7.74292408 -1.5534985 -2.4580778 6.55427905 -3.42039348 -2.00831947 7.46266476 -2.99467624 -3.23818093 6.24402188 -4.4853833 -1.98963804 7.16134329 -4.62219757 -3.21087974 5.94057557 -5.40029207 -1.42267531 6.85957981 -6.05727503 -2.38766801 5.62457679 -5.91450131 -0.438713956 6.55761978 -6.93583485 -0.938709274 5.28908123 -5.87178275 0.719218841 6.25455816 -7.02041804 0.808614317 4.94277305 -5.25181165 1.7549538 5.94500123 -6.25309195 2.43043268 4.60438775 -4.28195113 2.35988946 5.65463402 -4.22436102 2.71426595 7.15378637 -5.41334702 2.15024813 7.43973979 -6.17948702 1.1345731 7.73388735 -6.3434213 -0.0461144934 8.0304388 -5.90384152 -1.08976165 8.3293836 -5.0035257 -1.74071563 8.63039204 -3.88969214 -1.84910151 8.93299608 -2.87587938 -1.41535806 9.22977554 -2.17344599 -0.536627113 9.5346247 -4.73428765 3.52000101 4.28730154 -3.00563001 2.46579323 5.35198787 -2.86342457 3.74938396 4.01898867 -1.80695231 1.95371104 5.06827637 -1.0734302 3.0718373 3.79263119 -0.983107499 0.924990406 4.80408473 0.191274004 1.61720752 3.58436605 -0.745550595 -0.390883903 4.54744087 0.622740637 -0.3005956 3.35687179 -1.16737818 -1.68775707 4.28050749 0.102257109 -2.24531053 3.08590093 -2.17068658 -2.65635991 3.98833308 -1.29134121 -3.76460249 2.76991211 -3.54287216 -3.05669352 3.66449302 -3.2815968 -4.48762758 2.42414903 -2.82899051 2.67953742 6.86302949 -1.57899389 2.00267848 6.57250423 -0.777465268 0.816146651 6.28152079 -0.622486087 -0.621103159 5.99498392 -1.16870917 -1.97981954 5.71451684 -2.30737394 -2.9379534 5.43216067 -3.78905293 -3.25939223 5.13484136 -5.27717938 -2.84716054 4.81144744 -4.97770944 -2.76773802 3.31599298 -5.4340414 -4.19521548 2.08878482 -4.3225968 1.04373723 17.2206381 -4.80800248 0.373176088 17.4533966 -4.16718692 1.28085737 18.4177826 -4.84452408 0.597267307 18.6866142 -5.61307415 0.734216642 16.5224284 -4.97950876 1.68367589 16.2787673 -3.60674747 1.37030587 16.9881554 -4.008787 2.18304175 16.0255494 -2.85478951 1.27914134 16.7528767 -2.94875311 2.12008961 15.7593745 -2.3125248 0.853226795 16.5286257 -2.05545586 1.4983655 15.4708094 -2.03211421 0.135153679 16.2806079 -1.59687656 0.517063697 15.1728247 -2.15237693 -0.651687138 16.0232996 -1.67757125 -0.56829135 14.8635447 -2.65423659 -1.30030952 15.7555328 -2.28828838 -1.48035022 14.5464261 -3.42375957 -1.63934475 15.4763889 -3.29176338 -1.98781187 14.2246163 -4.28298444 -1.57025293 15.1861008 -4.45645429 -1.96023719 13.9004979 -4.97791778 -1.1439384 14.9082663 -5.11838632 -1.46541352 16.2718604 -4.2847621 -2.0557943 16.5065039 -3.2676947 -2.2013745 16.7425653 -2.32110145 -1.86399432 16.9765605 -1.66376579 -1.13580089 17.2098198 -1.44455727 -0.202846091 17.4436813 -1.70649212 0.699321876 17.6797651 -2.35803959 1.32780033 17.9144974 -3.26092775 1.54579076 18.1613986 -5.52858016 -1.37744796 13.5685953 -5.46694539 -0.381669257 14.6036313 -6.21950823 -0.39485596 13.2431081 -5.57254569 0.511181806 14.2925563 -6.39877804 0.77051467 12.9172503 -5.27988592 1.33128359 13.9752023 -6.03014665 1.86002451 12.5909736 -4.66715058 1.89790207 13.6518917 -5.20134902 2.63552763 12.2645522 -3.88559062 2.09409698 13.3233941 -4.10397498 2.93089912 11.9387929 -3.12444009 1.8910018 12.9910776 -2.9911582 2.68594826 11.6150307 -2.56798995 1.35081674 12.6568304 -2.12146182 1.95682321 11.2950232 -5.61381134 -0.539465232 16.026476 -5.64536947 0.499311264 15.7725241 -5.21726522 1.41389425 15.5067951 -4.44048685 1.99955694 15.2269421 -3.50893817 2.13437727 14.9345395 -2.64616976 1.7997295 14.6308121 -2.05908216 1.08895094 14.3176449 -1.89178705 0.182083208 13.997546 -2.35387452 0.609307452 12.3228233 -1.7002748 0.902308448 10.9808513 -4.12373969 -1.76887761 17.2200782 -3.26966128 -1.95734853 17.4538034 -4.21513701 -2.09239272 18.4234811 -3.24945163 -2.3568012 18.6926762 -3.32606439 -2.43758382 16.5185306 -4.4837627 -2.23887085 16.2727764 -4.79844797 -1.19296652 16.9867111 -5.4262532 -1.51392001 16.0189296 -5.13446869 -0.368273816 16.751369 -5.9329774 -0.432494414 15.7542616 -5.07840765 0.433023495 16.5281161 -5.87865755 0.770756278 15.469247 -4.64665755 1.15475991 16.2821571 -5.29695334 1.75828459 15.1755677 -3.9563368 1.55131842 16.0272398 -4.35229117 2.33011258 14.8699294 -3.18936566 1.53441021 15.7612053 -3.28062638 2.360362 14.5545911 -2.54356951 1.11805156 15.4822997 -2.34651637 1.85861967 14.232257 -2.18931064 0.417886837 15.1904936 -1.78248033 0.963316796 13.905745 -2.21422554 -0.307308076 14.9101108 -1.75380701 -0.780804687 16.2729063 -1.63847043 0.145902012 16.509237 -1.98519531 1.00654599 16.7455272 -2.70124906 1.56327487 16.9785394 -3.60310941 1.67321197 17.2104243 -4.46293833 1.30168091 17.4434422 -5.06112558 0.531532915 17.6798541 -5.23584631 -0.430075294 17.9161175 -4.93399994 -1.39181829 18.1652461 -1.74363653 -0.115389382 13.5705641 -2.62808099 -0.998087521 14.6023099 -2.25214201 -1.06375052 13.2422337 -3.34976772 -1.40737115 14.2886782 -3.19099139 -1.6690097 12.9147149 -4.21518342 -1.42805161 13.9701252 -4.35091243 -1.78270361 12.5881634 -5.02750483 -1.04716091 13.6471221 -5.47092444 -1.37092233 12.262474 -5.60408032 -0.34596715 13.3200565 -6.29820347 -0.518954034 11.937764 -5.81811095 0.521822201 12.9895784 -6.64432281 0.589831864 11.614778 -5.62599439 1.36722934 12.6568402 -6.42632563 1.71483501 11.2950214 -2.31895603 -1.57872525 16.0246215 -3.20970028 -2.02685988 15.7674871 -4.22402284 -2.01016206 15.4994789 -5.13248698 -1.52096374 15.2191734 -5.73509695 -0.658488552 14.9283659 -5.90056096 0.381640417 14.627767 -5.60055761 1.36587432 14.318208 -4.9129665 2.07923072 14.0010646 -5.07557013 2.00908761 12.323612 -5.68420605 2.60875499 10.9807275 -1.72875562 0.458343817 26.110791 -2.06801734 1.4149858 26.4103864 -1.15110157 0.107151079 27.5932981 -1.42807876 1.44690922 27.8949806 -1.49471171 1.99736118 25.2183884 -0.986579122 0.778918116 24.9150031 -1.91392275 -0.502979451 25.8103057 -1.14650411 -0.495918431 24.6093131 -2.55559344 -1.22276974 25.508285 -1.91216223 -1.51448652 24.3005713 -3.39318053 -1.50972646 25.2251542 -3.10501036 -2.0344728 23.9811259 -4.35164961 -1.3516861 24.9196725 -4.36187012 -1.92726522 23.6654799 -5.11304369 -0.759254566 24.6126002 -5.38935544 -1.26557221 23.3439599 -5.48904072 0.111965702 24.3041888 -5.94296377 -0.227123825 23.0161356 -5.3904892 1.04249923 23.9946109 -5.89747417 0.930371593 22.6842565 -4.84719361 1.80343092 23.6839016 -5.2695733 1.92480783 22.3506477 -4.07350676 2.19009634 23.3909114 -4.12306712 2.72997163 24.9128916 -5.19870963 2.24476364 25.2028672 -5.94571705 1.28829096 25.4998206 -6.1559951 0.0825492358 25.7978897 -5.77064837 -1.09458386 26.0971359 -4.87133938 -1.96183846 26.3972982 -3.66529013 -2.30035088 26.697961 -2.472054 -2.01924982 26.9917756 -1.54147814 -1.14866766 27.2924689 -4.18529765 2.51596909 22.01047 -3.11672773 2.18141757 23.0715889 -2.9435141 2.53361551 21.6795899 -2.26455033 1.73445835 22.7483028 -1.81138341 1.98286717 21.3521703 -1.70680382 0.952579672 22.4220865 -1.04039275 0.981237823 21.0286995 -1.55997713 0.0112550189 22.0937004 -0.796431746 -0.251057831 20.7090779 -1.84355952 -0.882480083 21.7637085 -1.12424073 -1.44232668 20.3929683 -2.47804054 -1.53696257 21.4326977 -1.93803545 -2.33213491 20.0803276 -3.30471181 -1.81877599 21.1015135 -3.04154958 -2.73090771 19.7718313 -2.93325248 2.66888536 24.6167453 -1.92952497 2.08110134 24.3196729 -1.3374929 1.11907622 24.0206736 -1.28003286 0.0152646399 23.7188672 -1.74683317 -0.977282051 23.4117318 -2.60794832 -1.64390106 23.0970367 -3.65404903 -1.84852326 22.7760024 -4.63894721 -1.56291398 22.4500835 -4.12334433 -1.68190582 20.7714807 -4.17540537 -2.56373446 19.4690819 -4.30524591 1.49532743 21.4476218 -4.92981965 0.91350182 21.7917606 -4.55968253 2.22747573 23.1251571 -5.3776061 1.53387402 23.4513048 -5.40531713 0.784818028 20.4445727 -4.64131041 1.636442 20.1130674 -3.43610039 1.70594155 21.1048423 -3.54048617 2.02553295 19.7896018 -2.53867537 1.47642008 20.7650697 -2.37504329 1.84962377 19.4755835 -1.88469822 0.911131027 20.452547 -1.41729499 1.12574117 19.1653712 -1.51777898 0.0455298856 20.1232706 -0.936528922 0.0668867628 18.8746582 -1.58690391 -0.87201273 19.8015774 -1.01584297 -1.08293833 18.5987947 -2.06560924 -1.62487649 19.4887839 -1.63214505 -2.05213378 18.3362681 -2.82881455 -2.04051204 19.1863638 -2.63786015 -2.61270821 18.0852236 -3.68447376 -2.0279409 18.8964613 -3.796183 -2.63317827 17.8440134 -4.36750694 -1.65181426 18.6401759 -4.78550307 -1.60379972 20.1199242 -3.98170189 -2.10625751 20.4358307 -2.97915865 -2.14279649 20.7648641 -2.04553974 -1.67331812 21.0991195 -1.41720662 -0.792771895 21.4374442 -1.25874129 0.303107479 21.7785276 -1.62251864 1.36392411 22.120681 -2.41251675 2.12655694 22.4540519 -3.48373704 2.4439977 22.792203 -4.85320127 -2.08951391 17.6061037 -4.83685542 -0.941797947 18.3791261 -5.52678266 -1.13095082 17.37933 -4.92184259 -0.0964984525 18.1302919 -5.6969199 0.0254430463 17.1564101 -4.61609155 0.683831163 17.8912468 -5.34015145 1.11704438 16.9345786 -4.00493941 1.21904506 17.6593349 -4.55380634 1.89863139 16.71079 -3.2425307 1.3899248 17.4318067 -3.53044225 2.19804095 16.4819105 -2.5152314 1.16421326 17.2059648 -2.513335 1.95468501 16.2450563 -1.99961408 0.602402238 16.9793811 -1.74284389 1.23248618 15.9978993 -5.22827249 -0.756084384 19.8048936 -5.18957398 0.208426114 19.498888 -4.68858778 1.05055115 19.203309 -3.85198893 1.56898619 18.9196827 -2.8796664 1.64011782 18.6503781 -1.99778438 1.24822628 18.3939389 -1.40942111 0.48645911 18.1479358 -1.25052233 -0.46768209 17.9101623 -1.82344994 -0.157593086 16.7499998 -1.40399116 0.204534785 15.7388693 -0.979980811 0.178606667 4.92551707 -1.46167998 1.41334695 5.2289977 -0.701776 -0.0496261081 6.42644843 -1.10627392 1.33965988 6.7295063 -0.511217486 2.2499067 4.02571553 0.268737009 0.49665983 3.72315382 -1.17283575 -1.14880322 4.62178656 0.102307213 -1.43929865 3.42031171 -2.00630726 -2.22587766 4.31747171 -0.992315115 -3.0794182 3.11670866 -3.16441802 -2.73756487 4.03331584 -2.81281423 -4.00551533 2.80512224 -4.56089826 -2.62491838 3.72825706 -4.83984728 -3.93060054 2.49673018 -5.74300862 -1.83597077 3.42360353 -6.61041629 -2.87992286 2.18415469 -6.40547369 -0.552002728 3.12006021 -7.68268531 -1.08176713 1.86912204 -6.36601678 0.918441299 2.81816313 -7.77315115 1.04857483 1.55471782 -5.61201218 2.21358515 2.51544975 -6.828038 3.00179138 1.24424847 -4.43259196 2.95999295 2.23221483 -4.23371314 3.35741289 3.72061621 -5.69327154 2.60405115 4.01011965 -6.62843273 1.24314009 4.30837154 -6.79934864 -0.367742391 4.60912334 -6.18845853 -1.83594249 4.9119864 -4.96574464 -2.81230429 5.21626332 -3.44459172 -3.07410958 5.52114452 -2.0388441 -2.59256411 5.8188679 -1.03398514 -1.48189392 6.12301397 -4.99613824 4.30498434 0.932422056 -2.89013292 3.08523225 1.92826229 -2.76764693 4.57219068 0.63193147 -1.45207228 2.4528997 1.62449999 -0.640959867 3.74696073 0.335940358 -0.470052737 1.1941775 1.32084309 0.872301871 1.98841165 0.0435535713 -0.193784838 -0.406842032 1.0172926 1.39583965 -0.318774884 -0.244734579 -0.710771214 -1.97651458 0.714086063 0.774195573 -2.64510844 -0.527803029 -1.92426895 -3.13894615 0.411457772 -0.88992944 -4.44247278 -0.805429728 -3.57115747 -3.60599454 0.110252594 -3.24623896 -5.27459767 -1.07545218 -2.53130871 3.33595431 3.42707757 -1.02121493 2.50348736 3.13498374 -0.0690688004 1.03781532 2.84350397 0.084915785 -0.729283215 2.54948217 -0.616640225 -2.38802119 2.25134072 -2.0327041 -3.54443709 1.94946537 -3.85291075 -3.91277021 1.64445179 -5.66480091 -3.38403006 1.33737313 -5.27773051 -3.24497011 -0.187672028 -5.76813142 -4.91324003 -1.33370675 -0.402191453 0.298173696 30.9514125 -0.822577244 2.05058521 31.2738363 1.08386443 -0.023872359 32.2012524 0.607538274 2.43172499 32.3267579 -0.506412214 2.55752517 29.9065774 0.0590558746 0.58884418 29.5265786 -0.84967521 -1.37481801 30.5954575 -0.339428574 -1.32332128 29.1454185 -1.98205779 -2.5439732 30.2184436 -1.52546224 -2.73077782 28.7762714 -3.33646335 -2.94999679 29.861904 -3.19957547 -3.35255408 28.420955 -4.78724329 -2.64033647 29.4849608 -4.86416204 -3.09476338 28.0985546 -5.869698 -1.70279753 29.1204221 -6.17260157 -2.1039538 27.7937807 -6.36466613 -0.414941675 28.7700252 -6.85176767 -0.645691227 27.492676 -6.208417 0.894614391 28.4345069 -6.78263157 0.923211299 27.1949804 -5.48908836 1.92614015 28.1171994 -6.01668894 2.24585968 26.900863 -4.5090847 2.44154442 27.8386257 -4.46115274 3.54515559 29.5043437 -6.02747911 2.924174 29.8435047 -7.17946065 1.5146142 30.1816376 -7.54673376 -0.38851101 30.5140632 -6.96676678 -2.34169387 30.8446563 -5.49790714 -3.84330344 31.1729032 -3.43602158 -4.46154706 31.4896897 -1.32917743 -3.96715687 31.7722267 0.35435444 -2.36129928 32.0160253 -4.7260418 3.0456184 26.6039182 -3.33693112 2.44953873 27.5444879 -3.27460686 3.14332257 26.3155962 -2.32950084 1.92462071 27.2528288 -1.97549101 2.5783209 26.0286741 -1.70509641 1.02318409 26.9625965 -1.11397258 1.51158067 25.7419318 -1.58473931 -0.0240484956 26.6727662 -0.868078438 0.208231761 25.4542461 -1.97127209 -0.966811088 26.3825265 -1.27253775 -1.02449491 25.1647122 -2.75462947 -1.59081119 26.0914191 -2.21525409 -1.90629676 24.8728184 -3.74096072 -1.76239372 25.7992849 -3.46611774 -2.24478106 24.5784019 -2.82692562 3.33200594 29.15277 -1.54009511 2.39136568 28.8041687 -0.858586545 1.00147408 28.4678696 -0.883536668 -0.488937646 28.1519855 -1.55929109 -1.74575196 27.8572067 -2.70093228 -2.50351728 27.5656424 -4.03172099 -2.62318501 27.2746304 -5.24959488 -2.11161225 26.9844034 -4.69825811 -1.45365621 25.5062508 -4.7310282 -1.97544973 24.2816147</float_array>
        <technique_common><accessor source="#vfx_kurp_1187-mesh-positions-array" count="1197" stride="3"><param name="X" type="float"/><param name="Y" type="float"/><param name="Z" type="float"/></accessor></technique_common>
      </source>
      <source id="vfx_kurp_1187-mesh-normals">
        <float_array id="vfx_kurp_1187-mesh-normals-array" count="3591">-0.786538425 0.603081587 -0.132852944 -0.786538425 0.603081587 -0.132852944 -0.786538453 0.603081555 -0.132852925 -0.729314753 0.646283456 -0.224538831 -0.479225673 0.584087069 0.655122165 -0.481589382 0.49497784 0.72323482 -0.132436708 0.74032375 0.659076068 -0.180200047 0.656335291 0.732633557 0.243633965 0.708876916 0.66191843 0.156299023 0.653438663 0.740667624 0.549828804 0.50531964 0.665086722 0.45907679 0.50161059 0.733236195 0.710992331 0.177295042 0.680482457 0.640326425 0.212298721 0.738181091 0.709598833 -0.188935691 0.678802476 0.659816383 -0.119440681 0.741873483 0.532204561 -0.50798961 0.677277537 0.520115946 -0.416760399 0.745513362 0.224174576 -0.701387725 0.676609946 0.258192147 -0.610438944 0.74879978 -0.138615773 -0.724096919 0.675625133 -0.0613184663 -0.655657364 0.752564593 -0.433041897 -0.889124248 -0.148097218 -0.433041897 -0.889124248 -0.148097218 -0.485787414 -0.837723211 -0.249460237 -0.0286015735 -0.968511183 -0.247321729 0.438049065 -0.865729899 -0.242125501 0.800433623 -0.551144328 -0.235681872 0.968370736 -0.0985838702 -0.229214612 0.896928407 0.38140783 -0.223712986 0.607774555 0.766757116 -0.206624332 0.160777796 0.964429855 -0.209822676 -0.369677559 -0.555466015 0.744846299 -0.657285531 -0.285339951 0.697536267 -0.583225581 -0.307538734 0.751842968 -0.70947931 0.0602007734 0.702150251 -0.648967984 0.00134352802 0.760814531 -0.590380318 0.384396099 0.709711716 -0.561273918 0.297245373 0.772409721 -0.333492414 0.609265325 0.719429338 -0.348099304 0.513666243 0.784202694 -0.00633759167 0.684612401 0.728879754 -0.0654158662 0.602123894 0.79571828 0.311454907 0.597525704 0.738890299 0.216700136 0.548044331 0.807891368 0.545572047 0.373894698 0.75003593 0.434181963 0.372345154 0.820271363 -0.819278634 -0.508390075 -0.265183052 -0.963585333 -0.0594718016 -0.260703684 -0.879493452 0.403371837 -0.252551836 -0.588078732 0.771452076 -0.242950816 -0.158078358 0.958858967 -0.235798038 0.30906104 0.922320482 -0.23196164 0.704185046 0.671614485 -0.230341929 0.935742194 0.26669722 -0.230779416 0.935170943 0.327630229 -0.134587297 0.538516543 0.124104209 0.833425508 -0.12771291 -0.984602089 -0.11936557 -0.12771291 -0.984602088 -0.119365574 -0.12771291 -0.984602089 -0.119365567 -0.189086497 -0.959900887 -0.206970008 -0.263926765 -0.707192089 0.655913114 -0.187025926 -0.664483604 0.723521143 -0.578927142 -0.489939848 0.651768601 -0.481580934 -0.488655808 0.727526841 -0.746409194 -0.14499232 0.649500225 -0.651833168 -0.194189668 0.733078368 -0.722304499 0.228257083 0.652820737 -0.671580897 0.147829352 0.726034147 -0.512757006 0.533023584 0.673027572 -0.507782101 0.450919064 0.734049955 -0.191214292 0.711249271 0.676432975 -0.227223123 0.632463691 0.740512884 0.173470086 0.714294949 0.678005055 0.10107063 0.658889741 0.745418699 0.494316943 0.5440616 0.677973255 0.398946461 0.528221537 0.749549017 0.694888064 0.241586316 0.677323136 0.597173522 0.274235226 0.753776377 0.988117869 0.0685473416 -0.137565761 0.988117869 0.0685473416 -0.137565761 0.97168368 -0.000931500041 -0.236283641 0.855070008 0.462162342 -0.235077116 0.530208755 0.814873353 -0.234222319 0.0758184819 0.968543657 -0.237012114 -0.396535773 0.885124903 -0.243543193 -0.771644409 0.584553968 -0.250722086 -0.960101386 0.144397122 -0.239488622 -0.909523429 -0.342575353 -0.235391713 0.6641491 -0.0415491653 0.746444666 0.574633972 -0.424262894 0.699854839 0.556251414 -0.347816305 0.754723911 0.301173393 -0.641548453 0.705485769 0.321462419 -0.56037487 0.763309844 -0.0391688696 -0.701663372 0.711431172 0.0199802038 -0.634546703 0.772626219 -0.362804836 -0.592941267 0.718883374 -0.273256056 -0.557863721 0.783657576 -0.591515541 -0.34600553 0.728278475 -0.490350759 -0.356085845 0.795461504 -0.673252388 -0.0272494868 0.738910474 -0.58242316 -0.0851375621 0.808415029 -0.595115706 0.284135264 0.751734293 -0.537118868 0.186937893 0.822531182 0.853209188 -0.456110902 -0.252976137 0.535483814 -0.806358153 -0.251084872 0.0912304877 -0.964508453 -0.247791126 -0.373933585 -0.894800834 -0.243936756 -0.751042142 -0.615265867 -0.239548773 -0.952606008 -0.192732103 -0.235363826 -0.933631504 0.273472829 -0.231397553 -0.699656575 0.676930441 -0.228573521 -0.752729454 0.645116849 -0.13123498 -0.374887589 0.400081869 0.836297671 -0.629616371 0.438972842 -0.641003954 -0.629616371 0.438972842 -0.641003954 -0.629616371 0.438972842 -0.641003954 -0.476753026 0.433655393 -0.764623797 -0.625480628 0.673973759 0.39310731 -0.629080219 0.651008037 0.424790083 -0.205691525 0.927114792 0.313287662 -0.235755613 0.895965188 0.376385005 0.299667398 0.922304935 0.244034951 0.236157172 0.909167259 0.342993711 0.720119826 0.663244509 0.203799307 0.657116347 0.689635974 0.304303022 0.945135873 0.238182098 0.223578777 0.900649813 0.291722944 0.322067754 0.942587493 -0.239373594 0.232871425 0.924045218 -0.160850562 0.346796095 0.710440004 -0.660707163 0.24236552 0.730121072 -0.581181017 0.359377023 0.303277592 -0.921715143 0.241793087 0.357086503 -0.863061645 0.357230774 -0.175317324 -0.955510806 0.237198095 -0.102020866 -0.931481352 0.349190828 -0.374928243 -0.774680013 -0.509214779 -0.374928243 -0.774680013 -0.509214779 -0.428035214 -0.692596339 -0.580599834 -0.039634628 -0.793508301 -0.607267381 0.347496975 -0.698433544 -0.625648812 0.635232481 -0.438390804 -0.635840544 0.753129554 -0.0934867925 -0.651195895 0.689189326 0.249602123 -0.68023294 0.475018214 0.525880826 -0.705554429 0.145809253 0.663676109 -0.733671374 -0.535779472 -0.778550752 0.326801292 -0.871189001 -0.391498011 0.296241511 -0.83041406 -0.425610223 0.359539187 -0.937204374 0.0671327036 0.342258911 -0.914179956 0.0147430388 0.405040308 -0.777258873 0.493869776 0.389822123 -0.779881726 0.436000404 0.449097029 -0.442140087 0.78900294 0.426598762 -0.471154259 0.736752337 0.484984183 -0.019129102 0.892146947 0.451340119 -0.0722482829 0.85559402 0.512580782 0.39505564 0.791495085 0.466333113 0.3259073 0.781761746 0.531632396 0.716934142 0.515133001 0.469726971 0.647577747 0.539070795 0.538558947 -0.714313181 -0.420193894 -0.559637178 -0.844962982 -0.0422066005 -0.533156789 -0.779911021 0.363286392 -0.50966832 -0.522246211 0.70314094 -0.48254711 -0.122566937 0.887091494 -0.445023625 0.318811071 0.859766459 -0.398950043 0.6932311 0.623974218 -0.360675501 0.907708621 0.236413558 -0.346660769 0.910279542 0.341303976 -0.234313361 0.830324065 0.173049607 0.5297318 -0.0711514149 -0.727943405 -0.681935389 -0.0711514149 -0.727943405 -0.681935389 -0.0711514067 -0.727943428 -0.681935366 -0.148259194 -0.591417541 -0.792618763 -0.318877478 -0.883361649 0.343495779 -0.28737034 -0.87453181 0.390656372 -0.717393995 -0.615319906 0.326691397 -0.670809193 -0.627736344 0.394920384 -0.927629189 -0.198925257 0.316121541 -0.885944693 -0.239116753 0.397398011 -0.918342763 0.255291232 0.302444965 -0.906211498 0.207550847 0.368379379 -0.683731103 0.660952254 0.309279642 -0.696018394 0.61454155 0.371344959 -0.266069509 0.918418977 0.292768849 -0.316313632 0.866004421 0.387275133 0.228276373 0.928528329 0.292788387 0.137994406 0.898328726 0.417088772 0.650471294 0.693034114 0.310790624 0.54025226 0.70845615 0.454111638 0.893318685 0.299460195 0.335119858 0.800398159 0.362560306 0.477402149 0.872333424 0.0773636981 -0.482751754 0.872333437 0.0773636942 -0.482751731 0.822189554 -0.0183520338 -0.568917868 0.728673048 0.354021755 -0.586262898 0.464175059 0.644485621 -0.607601679 0.0886495624 0.777522471 -0.622575347 -0.301433181 0.715077318 -0.630715837 -0.609387387 0.474815387 -0.634978237 -0.757779005 0.131858082 -0.639049627 -0.701646751 -0.226496025 -0.675567456 0.893038523 -0.0612920008 0.445786369 0.763514756 -0.54899731 0.340069362 0.767293384 -0.492080158 0.411239566 0.419188227 -0.8603876 0.289852389 0.452142865 -0.813864132 0.364954797 -0.040403113 -0.968089545 0.247326142 0.0183196944 -0.942829034 0.332772897 -0.493915862 -0.835846925 0.239597661 -0.421588902 -0.843464852 0.332911162 -0.821937504 -0.501124892 0.270726027 -0.757451776 -0.543254545 0.362134376 -0.945465731 -0.0541880896 0.321182505 -0.908089023 -0.117754699 0.401880775 -0.844442477 0.390647594 0.366485143 -0.839964388 0.325311687 0.434318008 0.720822293 -0.390051892 -0.572952654 0.448876475 -0.682679333 -0.576592438 0.0681950146 -0.813982279 -0.576872854 -0.330106839 -0.755050803 -0.566504863 -0.66023818 -0.521578373 -0.540408685 -0.852408655 -0.159192547 -0.498053429 -0.855636214 0.2636998 -0.445363992 -0.651584557 0.651016035 -0.389378592 -0.722486818 0.612489556 -0.320732508 -0.580043376 0.676748248 0.453388896 -0.758940491 0.564781751 -0.324084719 -0.758940464 0.56478178 -0.324084732 -0.758940464 0.56478178 -0.324084732 -0.675268053 0.612062138 -0.411573803 -0.576037511 0.68609145 0.444363937 -0.591339509 0.637887283 0.49337349 -0.168720118 0.872486686 0.458585331 -0.207992747 0.833702226 0.511546298 0.270210304 0.84444499 0.462492217 0.210772273 0.826476234 0.522026899 0.637417208 0.618055261 0.460116287 0.587186318 0.63049793 0.507626426 0.854708478 0.233333999 0.463711831 0.823556147 0.262914029 0.502624598 0.869747372 -0.225571919 0.438926893 0.852175361 -0.167392736 0.495758839 0.651777526 -0.633914593 0.416339218 0.670119673 -0.550478233 0.497908967 0.265863757 -0.874463748 0.405745754 0.333609023 -0.79526464 0.506220478 -0.176393869 -0.90061082 0.397222046 -0.0742752829 -0.85961456 0.50551557 -0.386212641 -0.878640712 -0.280767332 -0.386212641 -0.878640712 -0.280767332 -0.471801654 -0.79179379 -0.387899206 -0.0468903724 -0.918588741 -0.392423264 0.396115946 -0.835705419 -0.38037956 0.759940259 -0.548301271 -0.349079531 0.94374294 -0.111591665 -0.311282128 0.886861739 0.360517912 -0.288969014 0.611157754 0.738884023 -0.283789711 0.177279833 0.931904692 -0.316426147 -0.484257541 -0.743831782 0.460661389 -0.858087857 -0.39083392 0.333067675 -0.811642912 -0.428987234 0.396491786 -0.967076737 0.0704182655 0.244548261 -0.950862756 0.0166469727 0.309164839 -0.829964632 0.53399016 0.161286136 -0.847813487 0.477081179 0.231529351 -0.482988336 0.867122365 0.121741826 -0.532497088 0.823543979 0.1955049 -0.0226538291 0.989831045 0.140432569 -0.0908075808 0.973121241 0.211634197 0.436250837 0.875642713 0.207207738 0.366050122 0.88989176 0.272213084 0.775312964 0.556635909 0.298406221 0.717265693 0.598350909 0.357079984 -0.785342264 -0.481591526 -0.388982172 -0.919838454 -0.0510806138 -0.388957568 -0.829716639 0.389603341 -0.399724325 -0.548731609 0.729012069 -0.40918825 -0.151426825 0.902484377 -0.403226818 0.285190651 0.883526864 -0.371546194 0.681216847 0.664034334 -0.308223961 0.939355858 0.268197737 -0.213730076 0.926455884 0.332288808 -0.176815282 0.878947436 0.185700572 0.439279755 -0.102589942 -0.888605574 -0.44705194 -0.102589957 -0.888605573 -0.447051939 -0.102589942 -0.888605574 -0.44705194 -0.179130319 -0.830362661 -0.527645885 -0.325279554 -0.900639509 0.288169544 -0.252534048 -0.889254794 0.38138231 -0.72110323 -0.627791991 0.293065432 -0.644001817 -0.65676769 0.392323669 -0.927279726 -0.193654466 0.320390788 -0.87355812 -0.25587181 0.414036022 -0.897581652 0.272893425 0.346231653 -0.887838042 0.216357611 0.406119435 -0.650636041 0.660780055 0.374222477 -0.661234347 0.63028716 0.406825803 -0.259335958 0.892911923 0.368039616 -0.280422496 0.8739381 0.396982897 0.189772393 0.913779936 0.359155492 0.158955178 0.90657732 0.390961397 0.60050324 0.713523846 0.360942627 0.557005242 0.72571833 0.403829254 0.86541024 0.323364436 0.382753914 0.815818759 0.37163305 0.443089864 0.979704549 0.0748282171 -0.185956269 0.979704546 0.0748282194 -0.185956283 0.964969242 -0.00842407619 -0.262227757 0.849347525 0.461950023 -0.255364362 0.52567404 0.809972164 -0.260022878 0.081332353 0.955867146 -0.282317283 -0.376915357 0.869030828 -0.320499973 -0.733788166 0.569503868 -0.370432547 -0.897336516 0.145388616 -0.416712524 -0.830356335 -0.298089411 -0.470798322 0.873408857 -0.0614248052 0.483098295 0.696417052 -0.53084954 0.482909986 0.70977583 -0.457168898 0.535924313 0.355812181 -0.785445485 0.506431714 0.402575346 -0.720329754 0.564852314 -0.0481529919 -0.864641907 0.500075657 0.0211236536 -0.826537326 0.562485414 -0.454373856 -0.764936493 0.456526627 -0.377614669 -0.762653283 0.525135346 -0.793008339 -0.481337971 0.373432097 -0.72457237 -0.518411317 0.454141593 -0.962598676 -0.0472654256 0.266776626 -0.922472063 -0.121785321 0.366351781 -0.888155325 0.424100484 0.176971461 -0.897012664 0.328348747 0.295897585 0.836610498 -0.474241209 -0.274186342 0.50477592 -0.82333408 -0.259465341 0.0589119397 -0.969024098 -0.239836778 -0.393010984 -0.888038977 -0.238598284 -0.749055675 -0.604035041 -0.272134644 -0.924365931 -0.181924718 -0.335337177 -0.877073986 0.266967485 -0.39933643 -0.639214336 0.632452986 -0.43750229 -0.697701649 0.600950791 -0.389962249 -0.652528715 0.707704902 0.270850602 0.906176172 0.388553789 -0.166945193 0.906176172 0.388553789 -0.166945193 0.906176172 0.388553789 -0.166945193 0.925083297 0.311341904 -0.217455999 0.894555244 0.165276448 0.415276547 0.863401892 0.214019936 0.456872673 0.82618512 -0.28593975 0.485444751 0.818427546 -0.223776003 0.529245361 0.568295793 -0.636991333 0.520847322 0.587627179 -0.578268647 0.565950237 0.200148262 -0.831063018 0.518917077 0.233891015 -0.798716798 0.554388374 -0.223942728 -0.837700529 0.498103883 -0.183269453 -0.82597595 0.533081643 -0.626746831 -0.638329468 0.4469048 -0.558494901 -0.65365691 0.510701567 -0.879655706 -0.247176972 0.406336541 -0.802424466 -0.315770159 0.506363686 -0.891116426 0.217252291 0.398387948 -0.84423805 0.09443975 0.527582457 -0.670994519 0.61040105 0.420923881 -0.68362901 0.463908166 0.563418663 -0.563102564 0.773558043 -0.290729181 -0.563102543 0.773558067 -0.290729158 -0.44078154 0.808114775 -0.390720033 -0.775394575 0.500088854 -0.385583183 -0.940475261 0.0631444921 -0.333944692 -0.878491427 -0.416617785 -0.233842753 -0.579941645 -0.806679907 -0.113733089 -0.129485067 -0.991305291 -0.0233973887 0.346034464 -0.938127488 0.0133028721 0.752949916 -0.657522952 -0.0270183711 -0.379161019 0.726083554 0.573619729 0.115071778 0.871873673 0.476019731 0.0244996262 0.817598482 0.575267321 0.520048273 0.72875049 0.445502544 0.430013476 0.723609666 0.539886527 0.824085944 0.417959974 0.382350385 0.754977613 0.452416133 0.474687736 0.950600557 -0.00822010394 0.310307928 0.913081087 0.0524691575 0.404388324 0.850673631 -0.454363797 0.264401047 0.85084299 -0.382713102 0.359995677 0.535984209 -0.799823007 0.270192679 0.572884069 -0.73549998 0.36172313 0.0899360481 -0.940817262 0.326763503 0.152771215 -0.900382213 0.407397626 -0.0113281564 0.925228407 -0.379241436 0.425340567 0.831750729 -0.356757798 0.760742379 0.544214237 -0.353697465 0.917707543 0.134409944 -0.373827277 0.864636013 -0.301214785 -0.402087327 0.618940709 -0.665237438 -0.417578195 0.232623113 -0.884067308 -0.405353527 -0.221755504 -0.907781642 -0.356029476 -0.181322629 -0.929646614 -0.320747997 -0.283554165 -0.833396499 0.474391516 -0.105036541 -0.994450403 0.00597674882 -0.105036541 -0.994450403 0.00597676349 -0.105036541 -0.994450403 0.00597676349 -0.218513745 -0.969306707 -0.11267764 -0.293271599 -0.806805405 0.512890638 -0.22904532 -0.790469522 0.568063531 -0.682598291 -0.588864363 0.432779776 -0.608679096 -0.609377362 0.508103325 -0.927639426 -0.181833813 0.326223174 -0.864025722 -0.253109319 0.435195616 -0.923489651 0.299568576 0.239636252 -0.911535609 0.196488997 0.361240789 -0.665495638 0.711386473 0.225931054 -0.710980535 0.607720679 0.353811045 -0.234839842 0.940066728 0.247234293 -0.333503267 0.860484282 0.385152399 0.24136904 0.925609625 0.291526687 0.122778641 0.898335465 0.421804218 0.642345367 0.695554607 0.321863662 0.539937256 0.719194417 0.437295267 0.891554492 0.316004491 0.324456082 0.822524822 0.373795812 0.428636918 0.97402461 0.0488611542 -0.221107773 0.97402461 0.0488611468 -0.221107774 0.969749633 0.0156028859 -0.243602543 0.836690944 0.458976171 -0.298812881 0.507818966 0.779373251 -0.367011216 0.0744236679 0.903294717 -0.422516003 -0.359647719 0.818799336 -0.447460798 -0.71318831 0.551449105 -0.432742786 -0.918592395 0.146321032 -0.367121462 -0.902966296 -0.333462881 -0.271024676 0.919230867 -0.0627988409 0.388678427 0.772984928 -0.54240382 0.3290781 0.780164231 -0.495396478 0.382002752 0.417783892 -0.839828606 0.346618714 0.448834711 -0.79813269 0.401909953 -0.0372219073 -0.917875142 0.395119924 0.0154619011 -0.891714587 0.452333975 -0.457346324 -0.757922951 0.465174311 -0.392227393 -0.757588575 0.521744405 -0.727036916 -0.428066477 0.536820653 -0.665453056 -0.457250324 0.58999523 -0.804455504 -0.0391294689 0.592722723 -0.761843807 -0.0911676503 0.641313085 -0.711508366 0.322509937 0.62429415 -0.696090573 0.260532113 0.669014896 0.870894733 -0.436472407 -0.225907507 0.563185289 -0.794161819 -0.228318498 0.11840884 -0.963071756 -0.241810131 -0.359871799 -0.899736965 -0.246912297 -0.75397491 -0.616240826 -0.227528195 -0.966332198 -0.181732618 -0.182140985 -0.947260366 0.294676458 -0.125950717 -0.707113946 0.70161766 -0.0878779146 -0.774545664 0.632059996 0.0240660612 -0.495820243 0.552443879 0.67005078 0.8770626 0.360941856 -0.316989231 0.8770626 0.360941856 -0.316989231 0.8770626 0.360941856 -0.316989231 0.875428033 0.301281518 -0.37796191 0.91637501 0.160004261 0.366954327 0.864167613 0.20820227 0.458111505 0.907864694 -0.308196071 0.284247918 0.890880507 -0.232720238 0.39009385 0.648596096 -0.715721164 0.258971657 0.677441802 -0.636449389 0.36878826 0.221074776 -0.929660408 0.294715913 0.276750978 -0.886321633 0.371271948 -0.248027344 -0.891482715 0.37913191 -0.200926974 -0.883680642 0.42277284 -0.62958556 -0.641925908 0.437667855 -0.589433294 -0.655206609 0.472517398 -0.836844551 -0.259140142 0.482221509 -0.80387963 -0.29253409 0.517881596 -0.841630006 0.165790912 0.513976952 -0.823995298 0.110871032 0.555643197 -0.65256413 0.543869049 0.527604506 -0.663231545 0.476954971 0.576747669 -0.56844987 0.822105472 0.0317385969 -0.56844987 0.822105472 0.0317385969 -0.509925023 0.859417228 -0.0371281335 -0.855819623 0.516630717 -0.0257968127 -0.995388836 0.0592472178 -0.0754376018 -0.894076834 -0.410606736 -0.178965703 -0.565912663 -0.76699168 -0.30243449 -0.110119037 -0.908018064 -0.4041992 0.338830697 -0.824845908 -0.452573736 0.695276799 -0.549608139 -0.46316419 -0.360031175 0.747287111 0.558515467 0.0896088334 0.868910994 0.486789422 0.0427106551 0.848320443 0.527757734 0.513435639 0.747739183 0.421034392 0.444835222 0.754313804 0.482837768 0.832743929 0.429043874 0.349941284 0.7661067 0.477159436 0.430580302 0.959052335 -0.0193429039 0.282567638 0.925326492 0.0617402428 0.37411098 0.844189321 -0.48534492 0.227562517 0.859154711 -0.394182761 0.326302211 0.512648137 -0.833708088 0.205238184 0.577709429 -0.753902494 0.312862343 0.0660586942 -0.969893413 0.234399269 0.172535873 -0.921296986 0.348487068 -0.0312717402 0.994255299 -0.102364441 0.454548935 0.873232221 -0.175643829 0.801738337 0.544981758 -0.245378326 0.944328308 0.116280391 -0.307770885 0.872335651 -0.323946484 -0.366181906 0.608037977 -0.683423777 -0.404007129 0.212193813 -0.890470911 -0.402536138 -0.235831112 -0.906287691 -0.350751064 -0.155738306 -0.940490104 -0.302033017 -0.248947021 -0.873628917 0.418088383 -0.789474133 0.60986761 0.069224933 -0.789474133 0.60986761 0.069224933 -0.789474133 0.60986761 0.069224933 -0.750762925 0.6602623 0.0202169462 -0.544403648 0.656288777 0.522407609 -0.561289842 0.612594174 0.556490872 -0.161918134 0.858187467 0.487131183 -0.206573901 0.818444888 0.536167128 0.275855601 0.853966621 0.441185559 0.19581752 0.834693007 0.514726221 0.659560647 0.629951117 0.410050415 0.570683587 0.657632155 0.4917725 0.882500527 0.217275289 0.417114215 0.808477565 0.296309845 0.508492382 0.860190914 -0.267083206 0.434440044 0.825231959 -0.13281662 0.548955335 0.598022806 -0.647089502 0.472910033 0.629847325 -0.496127935 0.597619795 0.219758829 -0.829397739 0.513619945 0.309172662 -0.709265967 0.633525101 -0.173363042 -0.827397399 0.534189854 -0.0549408771 -0.762403983 0.644764815 -0.399658437 -0.912419656 -0.0881107571 -0.399658437 -0.912419656 -0.0881107571 -0.494005304 -0.850691895 -0.179672089 -0.0546586033 -0.970367996 -0.235368626 0.397258557 -0.87157629 -0.287298467 0.766713544 -0.5655385 -0.30383638 0.955173691 -0.109893702 -0.274893786 0.899949254 0.380180536 -0.213434064 0.619182967 0.774392209 -0.130112103 0.169751517 0.984018895 -0.0537702298 -0.420547288 -0.66834294 0.613561483 -0.794318156 -0.357336485 0.4912935 -0.721647212 -0.396173189 0.56769015 -0.903559612 0.0772251147 0.421445499 -0.859101043 0.00259414595 0.511799442 -0.769765987 0.51843345 0.372407147 -0.770430783 0.421450757 0.478346807 -0.430532151 0.817626194 0.38226885 -0.481057813 0.726307099 0.490980019 -0.00309157301 0.894129225 0.44779836 -0.0890151316 0.834239924 0.544169143 0.387025081 0.750807055 0.535257277 0.288834099 0.734735156 0.613790774 0.647796116 0.452999333 0.612496364 0.559445307 0.479163786 0.676330551 -0.827434774 -0.535715685 -0.168405464 -0.977549242 -0.080084106 -0.194894882 -0.884140809 0.396266927 -0.247522832 -0.582571691 0.761450026 -0.284260589 -0.1638333 0.946317984 -0.278641209 0.292504856 0.929264557 -0.225628662 0.704540341 0.697527363 -0.130684681 0.960171841 0.279141855 -0.0122417565 0.940180673 0.338581503 0.0377209149 0.680059345 0.147616834 0.718142436 0.907106128 0.390804906 -0.156300986 0.907106125 0.390804907 -0.156301 0.907106128 0.390804906 -0.156300986 0.921632093 0.300717021 -0.245282609 0.924699277 0.156643971 0.346978262 0.86752625 0.231791865 0.440080375 0.892123835 -0.339807572 0.297734575 0.881841894 -0.229500787 0.411927498 0.605253637 -0.745738348 0.278464272 0.659398117 -0.62795297 0.413363266 0.177705932 -0.934935051 0.307110814 0.283636111 -0.856013384 0.432193988 -0.265311582 -0.884701468 0.383292416 -0.145972496 -0.86002258 0.488930663 -0.629829509 -0.642799805 0.436031191 -0.523796097 -0.668242042 0.528289904 -0.8526143 -0.262992228 0.451535097 -0.784394892 -0.321156352 0.530644186 -0.885717941 0.189066925 0.423978097 -0.858391013 0.115623306 0.499796078 -0.695599651 0.610200152 0.379205617 -0.709668914 0.528604882 0.465775603 -0.512984812 0.850945106 -0.112867221 -0.512984812 0.850945106 -0.112867221 -0.496251694 0.858692437 -0.127990445 -0.846310107 0.523792336 -0.0969576794 -0.99339971 0.049701922 -0.10337667 -0.887949358 -0.429820276 -0.163708481 -0.567754305 -0.78201847 -0.257103406 -0.127967838 -0.931169306 -0.341391207 0.325574382 -0.867095849 -0.377022693 0.711780261 -0.59717745 -0.369794475 -0.385181728 0.808625266 0.444702389 0.0975153793 0.899442601 0.426020842 0.0299960269 0.871713732 0.489096521 0.48447958 0.714429256 0.504846882 0.404385268 0.719790873 0.564246093 0.718030038 0.369444417 0.589867517 0.645146187 0.41162693 0.643699983 0.755473632 -0.0232654789 0.654765842 0.70721122 0.0480522343 0.705367474 0.623713462 -0.364847465 0.691279859 0.610123656 -0.280201323 0.741104813 0.377006624 -0.605079739 0.701244975 0.398959429 -0.524627834 0.75206184 0.0592579538 -0.724211625 0.687026941 0.111921709 -0.661301914 0.741723203 -0.0478914522 0.984401222 -0.169294543 0.414218272 0.892618898 -0.177917753 0.797813613 0.585850955 -0.142380115 0.991573294 0.114347232 -0.060886074 0.921264412 -0.387144197 0.0372995133 0.628405837 -0.770477033 0.107103903 0.214692819 -0.969599445 0.117404898 -0.239461478 -0.969283216 0.0561092407 -0.180677469 -0.974731584 0.131354449 -0.213289936 -0.664883105 0.715847651 -0.117063963 -0.983163282 0.140306766 -0.117063977 -0.983163281 0.140306766 -0.117063977 -0.983163281 0.140306766 -0.201649354 -0.978732335 0.0376902361 -0.260032419 -0.702992533 0.661955164 -0.185720222 -0.66660534 0.721903955 -0.607722133 -0.519884636 0.600328055 -0.509774243 -0.523621773 0.68260564 -0.83216384 -0.158369653 0.531434282 -0.730317943 -0.222848079 0.645735578 -0.824061797 0.274287764 0.495669625 -0.773139686 0.165489652 0.612264813 -0.578399024 0.625415575 0.523746052 -0.587320758 0.51802174 0.621858347 -0.204755767 0.80506192 0.556731876 -0.260905684 0.718640036 0.644581044 0.192771675 0.783622369 0.590571811 0.105402718 0.734274111 0.670620456 0.527543417 0.583428707 0.617502136 0.418417952 0.578796414 0.699943661 0.723984713 0.253409662 0.641583727 0.616787512 0.301265102 0.727194956 0.998197078 0.0597932279 0.00523095543 0.998197078 0.0597932261 0.00523095518 0.998806934 0.0116934793 -0.0474127793 0.871079602 0.481671702 -0.0959828092 0.532446715 0.827242404 -0.179361367 0.0777189722 0.958622679 -0.273865516 -0.374212364 0.860055609 -0.34679887 -0.733860282 0.569084339 -0.370934094 -0.937653263 0.141691878 -0.317379536 -0.911627847 -0.356370715 -0.20477935 0.679935465 -0.032575511 0.732548018 0.583483232 -0.433533768 0.686728323 0.568206275 -0.354365788 0.742675244 0.302868829 -0.658102636 0.689326768 0.324241521 -0.583491304 0.744584001 -0.050984835 -0.726318122 0.685465194 0.00359124179 -0.668675582 0.743545607 -0.397822358 -0.615480442 0.680383125 -0.315372638 -0.587768643 0.74502894 -0.645663999 -0.349918207 0.678730616 -0.547437501 -0.365998487 0.752567133 -0.725982752 -0.00947175139 0.687647678 -0.631780392 -0.0784447596 0.771167917 -0.629897437 0.312931193 0.71084688 -0.570620508 0.198810794 0.796785105 0.887003657 -0.458530886 -0.0545338303 0.56159289 -0.823395481 -0.081445115 0.102769695 -0.987305329 -0.121105641 -0.373016747 -0.914939952 -0.154088904 -0.758028864 -0.628456527 -0.174455255 -0.963902066 -0.197566776 -0.178494193 -0.946946533 0.276193427 -0.164345536 -0.708441699 0.690941592 -0.143909956 -0.758167421 0.6495434 -0.0572322704 -0.395273003 0.412225852 0.82087094 -0.751090762 0.599128412 -0.277322578 -0.751090762 0.599128412 -0.277322578 -0.751090754 0.599128411 -0.277322604 -0.707447092 0.627781433 -0.324667654 -0.560853333 0.709958132 0.425914299 -0.586297777 0.598437981 0.546009982 -0.143449976 0.868719698 0.474076144 -0.220509817 0.779426968 0.586403464 0.27572884 0.790864597 0.546357755 0.171288276 0.748144864 0.6410457 0.582208593 0.53745526 0.61006147 0.495980264 0.548159495 0.673442459 0.727430076 0.186894971 0.660239165 0.671898631 0.225004185 0.705638254 0.716077058 -0.184374504 0.673230784 0.680717043 -0.120836961 0.722511409 0.53785728 -0.510838012 0.670637065 0.533954963 -0.426078053 0.730307874 0.224676213 -0.71609174 0.660857942 0.263687811 -0.629075286 0.731254417 -0.147023322 -0.745693514 0.649865622 -0.0712191342 -0.685407167 0.724668787 -0.442143182 -0.896191994 -0.0367330486 -0.442143136 -0.896192016 -0.0367330566 -0.485012143 -0.868306521 -0.103956757 -0.0126340627 -0.999901272 -0.00615030193 0.458459474 -0.885673527 0.0734664198 0.820703983 -0.563198442 0.0961898494 0.993816819 -0.0990614602 0.0501493444 0.91533198 0.399661946 -0.0493730277 0.602573983 0.782813936 -0.155264087 0.149870122 0.954254117 -0.258723841 -0.407241892 -0.586160631 0.70040685 -0.709465019 -0.296689514 0.63924543 -0.648126408 -0.320712424 0.690706668 -0.77228357 0.0756620089 0.630756172 -0.71861536 0.0118493136 0.695306809 -0.639539809 0.424764651 0.640752546 -0.618346774 0.326477595 0.714884359 -0.357157401 0.659432066 0.661504302 -0.384598534 0.55669141 0.736327809 -0.0138031075 0.731869595 0.681304902 -0.0852187413 0.649731798 0.755371668 0.310747333 0.641917587 0.700983528 0.213957393 0.600607117 0.77038518 0.562244747 0.417471779 0.713861441 0.472726179 0.423098873 0.772992434 -0.829746329 -0.523102377 -0.19464052 -0.971556906 -0.0562249179 -0.230034644 -0.882341011 0.415039995 -0.221847115 -0.587458729 0.786693759 -0.189750288 -0.153513971 0.975151706 -0.159726677 0.316989686 0.937783784 -0.141700786 0.717637895 0.682941288 -0.136334324 0.952606733 0.267027321 -0.145728587 0.944472347 0.32075893 -0.0713140595 0.631397475 0.141037978 0.762525748 -0.113685525 -0.943947515 -0.309901097 -0.113685525 -0.94394752 -0.309901082 -0.113685525 -0.94394752 -0.309901082 -0.186339215 -0.916097518 -0.355025401 -0.33321112 -0.902386403 0.273256526 -0.236175102 -0.903167029 0.358483806 -0.703815046 -0.609193807 0.365413857 -0.609761624 -0.654189878 0.447466607 -0.878817856 -0.1796809 0.442033879 -0.818504257 -0.254770263 0.51492028 -0.839816958 0.264973559 0.473810605 -0.827915988 0.199078275 0.524330962 -0.607000605 0.636871826 0.475336242 -0.62057939 0.593429341 0.512564959 -0.235341727 0.864078652 0.444952082 -0.273913319 0.825585986 0.493334849 0.199083808 0.879683059 0.431883496 0.127948739 0.857747021 0.497894736 0.587585221 0.666647534 0.45861168 0.490673828 0.684684489 0.538930742 0.809294839 0.277095149 0.517938358 0.715149935 0.350544292 0.604714205 0.991151815 0.0978137665 -0.0897248375 0.991151816 0.0978137653 -0.0897248302 0.982610203 -0.0200277862 -0.184597063 0.860583066 0.476937298 -0.178682958 0.526388782 0.839040449 -0.137571708 0.0705571037 0.994233771 -0.0807521182 -0.408665794 0.912257998 -0.0278857248 -0.796744946 0.604263966 -0.00790884022 -0.987868877 0.150160803 -0.0395830272 -0.929441228 -0.341522839 -0.139646535 0.753649972 -0.0400904099 0.656052192 0.59788618 -0.483598793 0.639268584 0.602180685 -0.380862913 0.701656515 0.297549446 -0.691816606 0.657916493 0.342049326 -0.603033158 0.720661688 -0.0493058373 -0.758129146 0.650237751 0.0236286225 -0.698982444 0.714748369 -0.40590789 -0.677314128 0.613583211 -0.315899664 -0.65602899 0.685443919 -0.716037531 -0.430617666 0.549416673 -0.619449176 -0.456040895 0.63899094 -0.877413068 -0.0354992478 0.478420433 -0.796057456 -0.116241332 0.593953263 -0.80446002 0.398006488 0.440947742 -0.770848541 0.274723438 0.574734338 0.845454355 -0.509801726 -0.159088445 0.501173434 -0.859963258 -0.0963762634 0.0595125355 -0.996960831 -0.0502728495 -0.384997312 -0.92114993 -0.0570953268 -0.754332565 -0.64378664 -0.128534602 -0.949074385 -0.208050318 -0.236585878 -0.907035388 0.266905724 -0.325650331 -0.663394294 0.656943424 -0.358236442 -0.718233051 0.626895395 -0.301899732 -0.547335 0.593210831 0.59036032 0.917172928 0.397783488 0.0237089855 0.917172928 0.397783489 0.0237089818 0.91717294 0.397783463 0.0237089807 0.94548048 0.32339114 -0.0385335288 0.736767455 0.123033813 0.664858179 0.678147102 0.175872101 0.713572359 0.672620525 -0.246645158 0.697673129 0.643243869 -0.172655547 0.745940605 0.465248774 -0.538206266 0.702764252 0.470955696 -0.459694853 0.752915251 0.162232644 -0.710201442 0.685050714 0.19731057 -0.654714435 0.729669479 -0.199607611 -0.723693021 0.660624865 -0.143588556 -0.691551134 0.707911969 -0.550688257 -0.558450017 0.62038377 -0.470110593 -0.556588932 0.684985249 -0.776328735 -0.225010548 0.588798733 -0.69613715 -0.267873515 0.666060694 -0.79962222 0.179482933 0.573053385 -0.745764616 0.0946000245 0.659458848 -0.614724918 0.539834058 0.575058662 -0.607878618 0.427247294 0.66928569 -0.557733296 0.812300817 -0.170590014 -0.557733296 0.812300817 -0.170590014 -0.465120596 0.842111334 -0.27296764 -0.799940467 0.513468089 -0.310557193 -0.954142451 0.0587536649 -0.29353056 -0.879862351 -0.429098942 -0.204245788 -0.570926241 -0.818606666 -0.0626606209 -0.11554345 -0.990803625 0.0704122692 0.350538158 -0.923976732 0.152937892 0.747100658 -0.648235398 0.147076428 -0.334172389 0.66126979 0.671603365 0.0847789541 0.773438308 0.628176498 0.0113230379 0.719680504 0.694213052 0.423194784 0.629669505 0.651477159 0.322917372 0.611892677 0.722019198 0.649470226 0.346268056 0.676968876 0.552856645 0.374065235 0.744597025 0.721695654 -0.00471450402 0.69219445 0.653174729 0.0573876485 0.755029424 0.628424254 -0.347634066 0.695868891 0.59639564 -0.265184006 0.757621068 0.38544795 -0.608497247 0.693657681 0.394798412 -0.519714898 0.757648097 0.0475311252 -0.721612934 0.690663135 0.100722659 -0.641095638 0.760822798 -0.0235241666 0.97311267 -0.229125175 0.436823929 0.882190486 -0.175854491 0.804067473 0.577659979 -0.140657197 0.983144139 0.131364936 -0.127164677 0.928730997 -0.345714896 -0.133940083 0.658058706 -0.737938634 -0.14968404 0.240432767 -0.956739582 -0.163833625 -0.228493038 -0.958517747 -0.170395601 -0.176232239 -0.980464139 -0.0873628586 -0.202119455 -0.600502623 0.773656465 -0.811693335 0.583993002 -0.0103006327 -0.811693384 0.583992934 -0.0103006358 -0.811693358 0.583992971 -0.0103006327 -0.730588801 0.667683766 -0.142962905 -0.490736619 0.580709856 0.649579583 -0.500405405 0.512917082 0.697503045 -0.147356397 0.767313123 0.624112701 -0.188404758 0.710202639 0.678318405 0.268730592 0.788376514 0.553395284 0.201071382 0.756982496 0.621729685 0.65939409 0.60343094 0.448408892 0.594874264 0.613858158 0.518943901 0.904581528 0.229063273 0.359530633 0.860425639 0.271060751 0.431501784 0.929523281 -0.235002687 0.284183404 0.91600409 -0.171453378 0.362684775 0.714962028 -0.654593158 0.245636104 0.735655739 -0.601135347 0.312164906 0.319842486 -0.918239168 0.233532899 0.35811146 -0.889037612 0.285251305 -0.160891501 -0.95507056 0.248905908 -0.106406105 -0.947428174 0.301757511 -0.432219818 -0.866748007 -0.248865268 -0.432219818 -0.866748011 -0.248865254 -0.493353988 -0.816167295 -0.300786949 -0.0377869797 -0.915069099 -0.401522961 0.397188261 -0.78719314 -0.471771603 0.717826079 -0.48933369 -0.495255752 0.87844171 -0.0887003751 -0.469544892 0.847248704 0.350451793 -0.399190649 0.607871372 0.738831449 -0.290896004 0.178889467 0.963962982 -0.196910963 -0.528788628 -0.772331612 0.351975096 -0.833904923 -0.372080426 0.40762573 -0.795517728 -0.412296481 0.444030581 -0.8734787 0.0648073798 0.482529754 -0.856067829 0.0127902015 0.516705219 -0.721038538 0.458380022 0.519606757 -0.726608578 0.41077328 0.550731592 -0.420571709 0.747872176 0.513621111 -0.446206795 0.707531122 0.547995627 -0.0208589493 0.879413537 0.475601445 -0.0727466263 0.848452904 0.52424765 0.402285779 0.810242745 0.426230978 0.321938853 0.80595335 0.496784231 0.751511667 0.537105037 0.38307753 0.661384427 0.580365775 0.47512757 -0.83932078 -0.503441982 -0.205150671 -0.992450823 -0.0567328165 -0.108732477 -0.9094803 0.413677162 -0.0414341585 -0.60607685 0.795199872 -0.0181112243 -0.155791555 0.986927143 -0.0412771932 0.328891616 0.939019314 -0.100364502 0.720662412 0.671398769 -0.172827605 0.93418742 0.258962312 -0.245422871 0.924437518 0.342477646 -0.167703122 0.861388657 0.205678703 0.464441442 -0.137461529 -0.953877549 -0.266874407 -0.137461529 -0.953877549 -0.266874407 -0.137461515 -0.953877553 -0.266874401 -0.173337907 -0.938165015 -0.299667106 -0.307996931 -0.838662408 0.449202912 -0.249022362 -0.826575917 0.504737671 -0.651164499 -0.551679723 0.521185455 -0.591295895 -0.568409814 0.572083427 -0.80218507 -0.162929304 0.57441549 -0.75781252 -0.203356476 0.619972845 -0.768126985 0.221157242 0.600891346 -0.755313664 0.183149218 0.629251646 -0.572628431 0.549795378 0.608129692 -0.576569501 0.525647775 0.625509414 -0.240811017 0.785587297 0.569967239 -0.263831375 0.756022071 0.599018893 0.192592528 0.843366603 0.501638208 0.139270326 0.822024533 0.552158893 0.612786213 0.672942887 0.414295701 0.537626346 0.685551539 0.490894082 0.891144581 0.314651639 0.326887875 0.829215432 0.369439907 0.419423321 0.952471876 0.0808327005 -0.293706316 0.952471876 0.0808327005 -0.293706316 0.921468202 -0.0157012665 -0.388136345 0.839345534 0.429594049 -0.333088618 0.546633134 0.802772563 -0.238219288 0.0875390607 0.98791489 -0.127910448 -0.407718815 0.91169105 -0.0508409069 -0.795018799 0.60527502 -0.0398404232 -0.984120028 0.15984955 -0.0771744211 -0.928481458 -0.333653196 -0.163088094 0.944333628 -0.0661333918 0.322273756 0.798901078 -0.567462828 0.199356481 0.814465403 -0.523400475 0.250395787 0.432439851 -0.886926178 0.162350643 0.474229556 -0.853171 0.217268436 -0.0435298888 -0.982328837 0.18203078 0.0256785388 -0.968897717 0.246125632 -0.493028551 -0.829821509 0.261379247 -0.408776199 -0.850932211 0.329873297 -0.795138261 -0.482435151 0.367439071 -0.72393374 -0.538709863 0.430942715 -0.890289646 -0.047082606 0.452954273 -0.853644593 -0.118746089 0.507139305 -0.787242693 0.37235608 0.49152812 -0.78487222 0.305344694 0.539203316 0.797082592 -0.433855547 -0.420034172 0.501692038 -0.757254442 -0.418175572 0.0884964504 -0.91570683 -0.39198135 -0.36535521 -0.869275568 -0.332979814 -0.758141181 -0.608633771 -0.23406598 -0.975151185 -0.188680962 -0.116101946 -0.95834815 0.284602487 -0.0238798673 -0.717370665 0.696595929 0.0115516235 -0.746777767 0.663573751 0.0446412767 -0.54773279 0.642946754 0.53535807 0.884621439 0.392546106 -0.251699154 0.884621439 0.392546106 -0.251699154 0.884621431 0.392546107 -0.251699181 0.882263963 0.269335733 -0.386093981 0.859625175 0.152102198 0.487759654 0.807922741 0.198804184 0.554741148 0.844278585 -0.301176609 0.443267776 0.820982139 -0.228459871 0.523253681 0.604377325 -0.699102067 0.382078983 0.624395046 -0.615235893 0.481264607 0.203733312 -0.921343259 0.33108811 0.263209902 -0.86555376 0.426071868 -0.25389852 -0.910853162 0.325395234 -0.179566914 -0.893532963 0.411527117 -0.658779427 -0.681719775 0.318226044 -0.581147459 -0.704323189 0.407672021 -0.907865983 -0.281976285 0.310272027 -0.857909681 -0.334147645 0.390302871 -0.940247244 0.192921016 0.280564791 -0.927818255 0.136052346 0.347337078 -0.743506157 0.626428577 0.234063735 -0.76070919 0.578848953 0.293692727 -0.51513555 0.802370895 -0.301390631 -0.515135602 0.802370874 -0.301390598 -0.461605115 0.817521636 -0.344353152 -0.784325919 0.497514873 -0.370556075 -0.911966684 0.0586661167 -0.406048093 -0.811473859 -0.378774767 -0.445016688 -0.523021493 -0.707071206 -0.475918931 -0.121439295 -0.865031701 -0.48679837 0.309683035 -0.830356546 -0.463254167 0.687272484 -0.586704544 -0.428292319 -0.405207513 0.881888551 0.240996795 0.0830952396 0.971367672 0.222575888 0.0531872226 0.966484658 0.251154383 0.525504811 0.806957115 0.269564293 0.486377038 0.819290525 0.303645209 0.825887587 0.444311063 0.347127314 0.787007543 0.481037019 0.386293299 0.902167223 -0.00973419823 0.431276647 0.878587118 0.0507672837 0.474876151 0.756778198 -0.423861893 0.497622201 0.761012729 -0.353718808 0.543822243 0.457930103 -0.712689932 0.531387882 0.490138372 -0.651661117 0.578880096 0.0768081909 -0.845779599 0.527974784 0.129455615 -0.805551514 0.578211036 -0.0350726022 0.941523077 -0.335118201 0.40708554 0.856090494 -0.318418639 0.772446552 0.565310197 -0.289397141 0.965250152 0.114478981 -0.23491851 0.911551943 -0.380409823 -0.156081461 0.628540959 -0.773506653 -0.081386239 0.205560078 -0.977526558 -0.0467641233 -0.256206296 -0.964042144 -0.0705767547 -0.17159075 -0.985019564 0.0171193831 -0.263385337 -0.793890751 0.548056238 -0.734347992 0.574195497 -0.361984196 -0.734347992 0.574195497 -0.361984196 -0.734347992 0.574195497 -0.361984196 -0.679408797 0.608094285 -0.410639777 -0.628797501 0.763151661 0.149041087 -0.672996105 0.698475125 0.243328466 -0.177565255 0.972977921 0.147595885 -0.257456875 0.934080321 0.247406368 0.313365014 0.928188372 0.200670662 0.220236203 0.929174154 0.296869341 0.700811993 0.656544257 0.278948364 0.634484003 0.691337637 0.345662149 0.898530138 0.24144744 0.366533388 0.867977183 0.281840096 0.408878674 0.887644824 -0.210484165 0.409613334 0.878823233 -0.167785594 0.446674064 0.673081676 -0.604813648 0.425630719 0.684357405 -0.561254354 0.465455145 0.295630931 -0.85414352 0.427833145 0.332827352 -0.811907488 0.479616706 -0.159806989 -0.887010815 0.433213042 -0.0896955939 -0.859239689 0.503648546 -0.451337489 -0.886876366 -0.0987156618 -0.451337489 -0.886876366 -0.0987156618 -0.485545222 -0.863303052 -0.137672358 -0.0146856599 -0.997708323 -0.0660487189 0.458262528 -0.888225035 -0.0324306 0.823041655 -0.565010902 -0.0580096102 0.985337139 -0.0992967636 -0.138747525 0.890407969 0.384105953 -0.244205375 0.579822844 0.744900644 -0.330043179 0.144994012 0.908004666 -0.393070303 -0.479931546 -0.704051263 0.52342863 -0.790764833 -0.334164725 0.512859547 -0.727940508 -0.375860989 0.573437995 -0.827435672 0.0804140527 0.555773145 -0.782127298 0.00504330668 0.62309827 -0.672843478 0.444736156 0.591177981 -0.663234295 0.351082074 0.660955102 -0.381914513 0.698386192 0.605308212 -0.413596472 0.609715007 0.676154989 -0.00713525791 0.810920031 0.585113486 -0.0717463682 0.748860383 0.658832745 0.396479394 0.755063065 0.5221914 0.315713209 0.732467259 0.60317235 0.745946126 0.513614382 0.423986608 0.667516041 0.534874935 0.518006891 -0.829596735 -0.514192709 -0.217658252 -0.964840031 -0.0435261925 -0.259208768 -0.866830193 0.423079186 -0.26383597 -0.569874499 0.782698815 -0.250251115 -0.139139302 0.95839989 -0.249218589 0.320269331 0.904657086 -0.281110497 0.686043713 0.641016868 -0.344153161 0.874133927 0.249427958 -0.416744012 0.882536976 0.311019657 -0.35269712 0.883351141 0.182386396 0.431770732 0.916257516 0.384812293 -0.111317851 0.916257516 0.384812293 -0.111317851 0.916257526 0.384812267 -0.111317857 0.927064144 0.314450456 -0.204139619 0.735350167 0.12308094 0.666416697 0.661219318 0.16797661 0.731144905 0.70365012 -0.254065683 0.663571501 0.654644958 -0.171447964 0.736237445 0.492454032 -0.567511846 0.659863116 0.487592034 -0.462496378 0.740507332 0.162632564 -0.734166066 0.6592047 0.205970932 -0.650771862 0.73080227 -0.204515139 -0.709719469 0.674145262 -0.136375384 -0.664162376 0.73504428 -0.522666999 -0.523211612 0.673103868 -0.435753745 -0.514639141 0.738420766 -0.710595287 -0.207707159 0.672244058 -0.625415105 -0.243040052 0.741476554 -0.723549209 0.157401553 0.672087266 -0.661646298 0.081901591 0.745329663 -0.559752996 0.483218882 0.673183553 -0.539089879 0.380305065 0.75149861 -0.553740052 0.819976031 -0.144952623 -0.553740052 0.819976031 -0.144952623 -0.482646258 0.840604624 -0.245838271 -0.822030624 0.508843247 -0.255625122 -0.963716904 0.0534243217 -0.261525468 -0.871090085 -0.416220806 -0.26069581 -0.564601808 -0.785770556 -0.252565696 -0.117713206 -0.963578129 -0.240126615 0.356857124 -0.90923899 -0.214330243 0.752984689 -0.624248907 -0.208152254 -0.297188878 0.596211632 0.745795186 0.0802541527 0.709863327 0.699752334 0.0230954741 0.655880612 0.754511247 0.404810748 0.581713793 0.705505012 0.32302251 0.558388696 0.764106355 0.626283408 0.31676165 0.712342017 0.53819126 0.33449909 0.773602305 0.694368933 -0.0165837531 0.719428081 0.619764609 0.0427189516 0.783624222 0.596757448 -0.33719785 0.728133339 0.554701736 -0.244983538 0.795166052 0.361237475 -0.569360328 0.738468891 0.365752184 -0.463320324 0.807192429 0.0500839858 -0.660016994 0.749579324 0.104636981 -0.562446474 0.820185995 -0.0315939797 0.966713834 -0.253901917 0.430401293 0.867839386 -0.248212666 0.790279843 0.561963301 -0.24424377 0.962634063 0.123945674 -0.240776102 0.909266086 -0.341909582 -0.237345788 0.644393052 -0.727911608 -0.234312367 0.23022394 -0.944862215 -0.232878364 -0.236042663 -0.943632959 -0.232035988 -0.182439351 -0.973889975 -0.135108101 -0.160912243 -0.526275724 0.834949767 0.65234454 0.285656495 -0.702030603 0.65234454 0.285656495 -0.702030603 0.65234454 0.285656495 -0.702030603 0.559880218 0.150249425 -0.814836948 0.943240232 0.174255771 0.282723879 0.919773353 0.198884636 0.338322155 0.924319462 -0.297963314 0.238435308 0.915352377 -0.253167303 0.313107556 0.667716276 -0.714301337 0.209591447 0.688016474 -0.659307326 0.303227937 0.233504395 -0.952136963 0.197258462 0.280607755 -0.917186858 0.282891421 -0.261226568 -0.93582545 0.236625035 -0.204554852 -0.926747919 0.315112056 -0.680729762 -0.684081643 0.261991025 -0.615650333 -0.704267731 0.353527412 -0.916705016 -0.272920714 0.291832483 -0.863690693 -0.322226651 0.38756725 -0.927969981 0.192476135 0.319099752 -0.899837066 0.119271558 0.419604039 -0.716386074 0.605953956 0.345847939 -0.725071216 0.520232393 0.451253796 -0.512049602 0.722765119 -0.464129065 -0.512049563 0.72276516 -0.464129042 -0.408068624 0.729448992 -0.548984668 -0.706257415 0.445141451 -0.550499366 -0.825785166 0.0614364842 -0.560628591 -0.741179165 -0.319968908 -0.590146883 -0.478833926 -0.60702879 -0.634219299 -0.11283771 -0.724655003 -0.67981084 0.249830181 -0.6594629 -0.709008861 0.518216521 -0.431145634 -0.738623774 -0.389222479 0.798584474 0.459095524 0.100012119 0.900579385 0.42302996 0.0393682337 0.869276591 0.492755874 0.511806896 0.736740077 0.441891118 0.434725873 0.736110563 0.518801171 0.796056122 0.407268263 0.447690979 0.724416431 0.443098263 0.528095411 0.902332964 -0.0155125969 0.430760469 0.856902304 0.0483877916 0.51320275 0.804843964 -0.449345257 0.387704828 0.797015479 -0.373058641 0.474966921 0.50997851 -0.794274176 0.33022788 0.543385866 -0.722449797 0.427548934 0.0821687593 -0.955383089 0.283710148 0.152952897 -0.906841956 0.392737925 -0.0100306377 0.83372411 -0.552090115 0.399242869 0.744489775 -0.535107565 0.718165498 0.475151998 -0.508398364 0.868734846 0.088729909 -0.487264581 0.812063287 -0.322560101 -0.486321086 0.563391819 -0.655098346 -0.503424091 0.188923249 -0.831835564 -0.521878914 -0.220855422 -0.822834263 -0.52360926 -0.147443118 -0.881999384 -0.4475909 -0.277452469 -0.881154358 0.382866981</float_array>
        <technique_common><accessor source="#vfx_kurp_1187-mesh-normals-array" count="1197" stride="3"><param name="X" type="float"/><param name="Y" type="float"/><param name="Z" type="float"/></accessor></technique_common>
      </source>
      <source id="vfx_kurp_1187-mesh-uv0">
        <float_array id="vfx_kurp_1187-mesh-uv0-array" count="2394">0.5 0.0555555224 0.5 0 0 0.0555555224 0 0 1 0 1 0.0555555224 0.5 0.111111104 1 0.111111104 0.5 0.166666687 1 0.166666687 0.5 0.222222209 1 0.222222209 0.5 0.277777791 1 0.277777791 0.5 0.333333313 1 0.333333313 0.5 0.388888896 1 0.388888896 0.5 0.444444418 1 0.444444418 0.5 0.5 1 0.5 0.5 0.555555582 0 0.555555582 0 0.5 0 0.444444418 0 0.388888896 0 0.333333313 0 0.277777791 0 0.222222209 0 0.166666687 0 0.111111104 1 0.555555582 0.5 0.611111104 1 0.611111104 0.5 0.666666627 1 0.666666627 0.5 0.722222209 1 0.722222209 0.5 0.777777791 1 0.777777791 0.5 0.833333313 1 0.833333313 0.5 0.888888896 1 0.888888896 0.5 0.944444418 1 0.944444418 0 0.611111104 0 0.666666627 0 0.722222209 0 0.777777791 0 0.833333313 0 0.888888896 0 0.944444418 0 1 0.5 1 1 1 0.5 0.0555555224 0.5 0 0 0.0555555224 0 0 1 0 1 0.0555555224 0.5 0.111111104 1 0.111111104 0.5 0.166666687 1 0.166666687 0.5 0.222222209 1 0.222222209 0.5 0.277777791 1 0.277777791 0.5 0.333333313 1 0.333333313 0.5 0.388888896 1 0.388888896 0.5 0.444444418 1 0.444444418 0.5 0.5 1 0.5 0.5 0.555555582 0 0.555555582 0 0.5 0 0.444444418 0 0.388888896 0 0.333333313 0 0.277777791 0 0.222222209 0 0.166666687 0 0.111111104 1 0.555555582 0.5 0.611111104 1 0.611111104 0.5 0.666666627 1 0.666666627 0.5 0.722222209 1 0.722222209 0.5 0.777777791 1 0.777777791 0.5 0.833333313 1 0.833333313 0.5 0.888888896 1 0.888888896 0.5 0.944444418 1 0.944444418 0 0.611111104 0 0.666666627 0 0.722222209 0 0.777777791 0 0.833333313 0 0.888888896 0 0.944444418 0 1 0.5 1 1 1 0.5 0.0555555224 0.5 0 0 0.0555555224 0 0 1 0 1 0.0555555224 0.5 0.111111104 1 0.111111104 0.5 0.166666687 1 0.166666687 0.5 0.222222209 1 0.222222209 0.5 0.277777791 1 0.277777791 0.5 0.333333313 1 0.333333313 0.5 0.388888896 1 0.388888896 0.5 0.444444418 1 0.444444418 0.5 0.5 1 0.5 0.5 0.555555582 0 0.555555582 0 0.5 0 0.444444418 0 0.388888896 0 0.333333313 0 0.277777791 0 0.222222209 0 0.166666687 0 0.111111104 1 0.555555582 0.5 0.611111104 1 0.611111104 0.5 0.666666627 1 0.666666627 0.5 0.722222209 1 0.722222209 0.5 0.777777791 1 0.777777791 0.5 0.833333313 1 0.833333313 0.5 0.888888896 1 0.888888896 0.5 0.944444418 1 0.944444418 0 0.611111104 0 0.666666627 0 0.722222209 0 0.777777791 0 0.833333313 0 0.888888896 0 0.944444418 0 1 0.5 1 1 1 0.5 0.0555555224 0.5 0 0 0.0555555224 0 0 1 0 1 0.0555555224 0.5 0.111111104 1 0.111111104 0.5 0.166666687 1 0.166666687 0.5 0.222222209 1 0.222222209 0.5 0.277777791 1 0.277777791 0.5 0.333333313 1 0.333333313 0.5 0.388888896 1 0.388888896 0.5 0.444444418 1 0.444444418 0.5 0.5 1 0.5 0.5 0.555555582 0 0.555555582 0 0.5 0 0.444444418 0 0.388888896 0 0.333333313 0 0.277777791 0 0.222222209 0 0.166666687 0 0.111111104 1 0.555555582 0.5 0.611111104 1 0.611111104 0.5 0.666666627 1 0.666666627 0.5 0.722222209 1 0.722222209 0.5 0.777777791 1 0.777777791 0.5 0.833333313 1 0.833333313 0.5 0.888888896 1 0.888888896 0.5 0.944444418 1 0.944444418 0 0.611111104 0 0.666666627 0 0.722222209 0 0.777777791 0 0.833333313 0 0.888888896 0 0.944444418 0 1 0.5 1 1 1 0.5 0.0555555224 0.5 0 0 0.0555555224 0 0 1 0 1 0.0555555224 0.5 0.111111104 1 0.111111104 0.5 0.166666687 1 0.166666687 0.5 0.222222209 1 0.222222209 0.5 0.277777791 1 0.277777791 0.5 0.333333313 1 0.333333313 0.5 0.388888896 1 0.388888896 0.5 0.444444418 1 0.444444418 0.5 0.5 1 0.5 0.5 0.555555582 0 0.555555582 0 0.5 0 0.444444418 0 0.388888896 0 0.333333313 0 0.277777791 0 0.222222209 0 0.166666687 0 0.111111104 1 0.555555582 0.5 0.611111104 1 0.611111104 0.5 0.666666627 1 0.666666627 0.5 0.722222209 1 0.722222209 0.5 0.777777791 1 0.777777791 0.5 0.833333313 1 0.833333313 0.5 0.888888896 1 0.888888896 0.5 0.944444418 1 0.944444418 0 0.611111104 0 0.666666627 0 0.722222209 0 0.777777791 0 0.833333313 0 0.888888896 0 0.944444418 0 1 0.5 1 1 1 0.5 0.0555555224 0.5 0 0 0.0555555224 0 0 1 0 1 0.0555555224 0.5 0.111111104 1 0.111111104 0.5 0.166666687 1 0.166666687 0.5 0.222222209 1 0.222222209 0.5 0.277777791 1 0.277777791 0.5 0.333333313 1 0.333333313 0.5 0.388888896 1 0.388888896 0.5 0.444444418 1 0.444444418 0.5 0.5 1 0.5 0.5 0.555555582 0 0.555555582 0 0.5 0 0.444444418 0 0.388888896 0 0.333333313 0 0.277777791 0 0.222222209 0 0.166666687 0 0.111111104 1 0.555555582 0.5 0.611111104 1 0.611111104 0.5 0.666666627 1 0.666666627 0.5 0.722222209 1 0.722222209 0.5 0.777777791 1 0.777777791 0.5 0.833333313 1 0.833333313 0.5 0.888888896 1 0.888888896 0.5 0.944444418 1 0.944444418 0 0.611111104 0 0.666666627 0 0.722222209 0 0.777777791 0 0.833333313 0 0.888888896 0 0.944444418 0 1 0.5 1 1 1 0.5 0.0555555224 0.5 0 0 0.0555555224 0 0 1 0 1 0.0555555224 0.5 0.111111104 1 0.111111104 0.5 0.166666687 1 0.166666687 0.5 0.222222209 1 0.222222209 0.5 0.277777791 1 0.277777791 0.5 0.333333313 1 0.333333313 0.5 0.388888896 1 0.388888896 0.5 0.444444418 1 0.444444418 0.5 0.5 1 0.5 0.5 0.555555582 0 0.555555582 0 0.5 0 0.444444418 0 0.388888896 0 0.333333313 0 0.277777791 0 0.222222209 0 0.166666687 0 0.111111104 1 0.555555582 0.5 0.611111104 1 0.611111104 0.5 0.666666627 1 0.666666627 0.5 0.722222209 1 0.722222209 0.5 0.777777791 1 0.777777791 0.5 0.833333313 1 0.833333313 0.5 0.888888896 1 0.888888896 0.5 0.944444418 1 0.944444418 0 0.611111104 0 0.666666627 0 0.722222209 0 0.777777791 0 0.833333313 0 0.888888896 0 0.944444418 0 1 0.5 1 1 1 0.5 0.0555555224 0.5 0 0 0.0555555224 0 0 1 0 1 0.0555555224 0.5 0.111111104 1 0.111111104 0.5 0.166666687 1 0.166666687 0.5 0.222222209 1 0.222222209 0.5 0.277777791 1 0.277777791 0.5 0.333333313 1 0.333333313 0.5 0.388888896 1 0.388888896 0.5 0.444444418 1 0.444444418 0.5 0.5 1 0.5 0.5 0.555555582 0 0.555555582 0 0.5 0 0.444444418 0 0.388888896 0 0.333333313 0 0.277777791 0 0.222222209 0 0.166666687 0 0.111111104 1 0.555555582 0.5 0.611111104 1 0.611111104 0.5 0.666666627 1 0.666666627 0.5 0.722222209 1 0.722222209 0.5 0.777777791 1 0.777777791 0.5 0.833333313 1 0.833333313 0.5 0.888888896 1 0.888888896 0.5 0.944444418 1 0.944444418 0 0.611111104 0 0.666666627 0 0.722222209 0 0.777777791 0 0.833333313 0 0.888888896 0 0.944444418 0 1 0.5 1 1 1 0.5 0.0555555224 0.5 0 0 0.0555555224 0 0 1 0 1 0.0555555224 0.5 0.111111104 1 0.111111104 0.5 0.166666687 1 0.166666687 0.5 0.222222209 1 0.222222209 0.5 0.277777791 1 0.277777791 0.5 0.333333313 1 0.333333313 0.5 0.388888896 1 0.388888896 0.5 0.444444418 1 0.444444418 0.5 0.5 1 0.5 0.5 0.555555582 0 0.555555582 0 0.5 0 0.444444418 0 0.388888896 0 0.333333313 0 0.277777791 0 0.222222209 0 0.166666687 0 0.111111104 1 0.555555582 0.5 0.611111104 1 0.611111104 0.5 0.666666627 1 0.666666627 0.5 0.722222209 1 0.722222209 0.5 0.777777791 1 0.777777791 0.5 0.833333313 1 0.833333313 0.5 0.888888896 1 0.888888896 0.5 0.944444418 1 0.944444418 0 0.611111104 0 0.666666627 0 0.722222209 0 0.777777791 0 0.833333313 0 0.888888896 0 0.944444418 0 1 0.5 1 1 1 0.5 0.0555555224 0.5 0 0 0.0555555224 0 0 1 0 1 0.0555555224 0.5 0.111111104 1 0.111111104 0.5 0.166666687 1 0.166666687 0.5 0.222222209 1 0.222222209 0.5 0.277777791 1 0.277777791 0.5 0.333333313 1 0.333333313 0.5 0.388888896 1 0.388888896 0.5 0.444444418 1 0.444444418 0.5 0.5 1 0.5 0.5 0.555555582 0 0.555555582 0 0.5 0 0.444444418 0 0.388888896 0 0.333333313 0 0.277777791 0 0.222222209 0 0.166666687 0 0.111111104 1 0.555555582 0.5 0.611111104 1 0.611111104 0.5 0.666666627 1 0.666666627 0.5 0.722222209 1 0.722222209 0.5 0.777777791 1 0.777777791 0.5 0.833333313 1 0.833333313 0.5 0.888888896 1 0.888888896 0.5 0.944444418 1 0.944444418 0 0.611111104 0 0.666666627 0 0.722222209 0 0.777777791 0 0.833333313 0 0.888888896 0 0.944444418 0 1 0.5 1 1 1 0.5 0.0555555224 0.5 0 0 0.0555555224 0 0 1 0 1 0.0555555224 0.5 0.111111104 1 0.111111104 0.5 0.166666687 1 0.166666687 0.5 0.222222209 1 0.222222209 0.5 0.277777791 1 0.277777791 0.5 0.333333313 1 0.333333313 0.5 0.388888896 1 0.388888896 0.5 0.444444418 1 0.444444418 0.5 0.5 1 0.5 0.5 0.555555582 0 0.555555582 0 0.5 0 0.444444418 0 0.388888896 0 0.333333313 0 0.277777791 0 0.222222209 0 0.166666687 0 0.111111104 1 0.555555582 0.5 0.611111104 1 0.611111104 0.5 0.666666627 1 0.666666627 0.5 0.722222209 1 0.722222209 0.5 0.777777791 1 0.777777791 0.5 0.833333313 1 0.833333313 0.5 0.888888896 1 0.888888896 0.5 0.944444418 1 0.944444418 0 0.611111104 0 0.666666627 0 0.722222209 0 0.777777791 0 0.833333313 0 0.888888896 0 0.944444418 0 1 0.5 1 1 1 0.5 0.0555555224 0.5 0 0 0.0555555224 0 0 1 0 1 0.0555555224 0.5 0.111111104 1 0.111111104 0.5 0.166666687 1 0.166666687 0.5 0.222222209 1 0.222222209 0.5 0.277777791 1 0.277777791 0.5 0.333333313 1 0.333333313 0.5 0.388888896 1 0.388888896 0.5 0.444444418 1 0.444444418 0.5 0.5 1 0.5 0.5 0.555555582 0 0.555555582 0 0.5 0 0.444444418 0 0.388888896 0 0.333333313 0 0.277777791 0 0.222222209 0 0.166666687 0 0.111111104 1 0.555555582 0.5 0.611111104 1 0.611111104 0.5 0.666666627 1 0.666666627 0.5 0.722222209 1 0.722222209 0.5 0.777777791 1 0.777777791 0.5 0.833333313 1 0.833333313 0.5 0.888888896 1 0.888888896 0.5 0.944444418 1 0.944444418 0 0.611111104 0 0.666666627 0 0.722222209 0 0.777777791 0 0.833333313 0 0.888888896 0 0.944444418 0 1 0.5 1 1 1 0.5 0.0555555224 0.5 0 0 0.0555555224 0 0 1 0 1 0.0555555224 0.5 0.111111104 1 0.111111104 0.5 0.166666687 1 0.166666687 0.5 0.222222209 1 0.222222209 0.5 0.277777791 1 0.277777791 0.5 0.333333313 1 0.333333313 0.5 0.388888896 1 0.388888896 0.5 0.444444418 1 0.444444418 0.5 0.5 1 0.5 0.5 0.555555582 0 0.555555582 0 0.5 0 0.444444418 0 0.388888896 0 0.333333313 0 0.277777791 0 0.222222209 0 0.166666687 0 0.111111104 1 0.555555582 0.5 0.611111104 1 0.611111104 0.5 0.666666627 1 0.666666627 0.5 0.722222209 1 0.722222209 0.5 0.777777791 1 0.777777791 0.5 0.833333313 1 0.833333313 0.5 0.888888896 1 0.888888896 0.5 0.944444418 1 0.944444418 0 0.611111104 0 0.666666627 0 0.722222209 0 0.777777791 0 0.833333313 0 0.888888896 0 0.944444418 0 1 0.5 1 1 1 0.5 0.0555555224 0.5 0 0 0.0555555224 0 0 1 0 1 0.0555555224 0.5 0.111111104 1 0.111111104 0.5 0.166666687 1 0.166666687 0.5 0.222222209 1 0.222222209 0.5 0.277777791 1 0.277777791 0.5 0.333333313 1 0.333333313 0.5 0.388888896 1 0.388888896 0.5 0.444444418 1 0.444444418 0.5 0.5 1 0.5 0.5 0.555555582 0 0.555555582 0 0.5 0 0.444444418 0 0.388888896 0 0.333333313 0 0.277777791 0 0.222222209 0 0.166666687 0 0.111111104 1 0.555555582 0.5 0.611111104 1 0.611111104 0.5 0.666666627 1 0.666666627 0.5 0.722222209 1 0.722222209 0.5 0.777777791 1 0.777777791 0.5 0.833333313 1 0.833333313 0.5 0.888888896 1 0.888888896 0.5 0.944444418 1 0.944444418 0 0.611111104 0 0.666666627 0 0.722222209 0 0.777777791 0 0.833333313 0 0.888888896 0 0.944444418 0 1 0.5 1 1 1 0.5 0.0555555224 0.5 0 0 0.0555555224 0 0 1 0 1 0.0555555224 0.5 0.111111104 1 0.111111104 0.5 0.166666687 1 0.166666687 0.5 0.222222209 1 0.222222209 0.5 0.277777791 1 0.277777791 0.5 0.333333313 1 0.333333313 0.5 0.388888896 1 0.388888896 0.5 0.444444418 1 0.444444418 0.5 0.5 1 0.5 0.5 0.555555582 0 0.555555582 0 0.5 0 0.444444418 0 0.388888896 0 0.333333313 0 0.277777791 0 0.222222209 0 0.166666687 0 0.111111104 1 0.555555582 0.5 0.611111104 1 0.611111104 0.5 0.666666627 1 0.666666627 0.5 0.722222209 1 0.722222209 0.5 0.777777791 1 0.777777791 0.5 0.833333313 1 0.833333313 0.5 0.888888896 1 0.888888896 0.5 0.944444418 1 0.944444418 0 0.611111104 0 0.666666627 0 0.722222209 0 0.777777791 0 0.833333313 0 0.888888896 0 0.944444418 0 1 0.5 1 1 1 0.5 0.0555555224 0.5 0 0 0.0555555224 0 0 1 0 1 0.0555555224 0.5 0.111111104 1 0.111111104 0.5 0.166666687 1 0.166666687 0.5 0.222222209 1 0.222222209 0.5 0.277777791 1 0.277777791 0.5 0.333333313 1 0.333333313 0.5 0.388888896 1 0.388888896 0.5 0.444444418 1 0.444444418 0.5 0.5 1 0.5 0.5 0.555555582 0 0.555555582 0 0.5 0 0.444444418 0 0.388888896 0 0.333333313 0 0.277777791 0 0.222222209 0 0.166666687 0 0.111111104 1 0.555555582 0.5 0.611111104 1 0.611111104 0.5 0.666666627 1 0.666666627 0.5 0.722222209 1 0.722222209 0.5 0.777777791 1 0.777777791 0.5 0.833333313 1 0.833333313 0.5 0.888888896 1 0.888888896 0.5 0.944444418 1 0.944444418 0 0.611111104 0 0.666666627 0 0.722222209 0 0.777777791 0 0.833333313 0 0.888888896 0 0.944444418 0 1 0.5 1 1 1 0.5 0.0555555224 0.5 0 0 0.0555555224 0 0 1 0 1 0.0555555224 0.5 0.111111104 1 0.111111104 0.5 0.166666687 1 0.166666687 0.5 0.222222209 1 0.222222209 0.5 0.277777791 1 0.277777791 0.5 0.333333313 1 0.333333313 0.5 0.388888896 1 0.388888896 0.5 0.444444418 1 0.444444418 0.5 0.5 1 0.5 0.5 0.555555582 0 0.555555582 0 0.5 0 0.444444418 0 0.388888896 0 0.333333313 0 0.277777791 0 0.222222209 0 0.166666687 0 0.111111104 1 0.555555582 0.5 0.611111104 1 0.611111104 0.5 0.666666627 1 0.666666627 0.5 0.722222209 1 0.722222209 0.5 0.777777791 1 0.777777791 0.5 0.833333313 1 0.833333313 0.5 0.888888896 1 0.888888896 0.5 0.944444418 1 0.944444418 0 0.611111104 0 0.666666627 0 0.722222209 0 0.777777791 0 0.833333313 0 0.888888896 0 0.944444418 0 1 0.5 1 1 1 0.5 0.0555555224 0.5 0 0 0.0555555224 0 0 1 0 1 0.0555555224 0.5 0.111111104 1 0.111111104 0.5 0.166666687 1 0.166666687 0.5 0.222222209 1 0.222222209 0.5 0.277777791 1 0.277777791 0.5 0.333333313 1 0.333333313 0.5 0.388888896 1 0.388888896 0.5 0.444444418 1 0.444444418 0.5 0.5 1 0.5 0.5 0.555555582 0 0.555555582 0 0.5 0 0.444444418 0 0.388888896 0 0.333333313 0 0.277777791 0 0.222222209 0 0.166666687 0 0.111111104 1 0.555555582 0.5 0.611111104 1 0.611111104 0.5 0.666666627 1 0.666666627 0.5 0.722222209 1 0.722222209 0.5 0.777777791 1 0.777777791 0.5 0.833333313 1 0.833333313 0.5 0.888888896 1 0.888888896 0.5 0.944444418 1 0.944444418 0 0.611111104 0 0.666666627 0 0.722222209 0 0.777777791 0 0.833333313 0 0.888888896 0 0.944444418 0 1 0.5 1 1 1 0.5 0.0555555224 0.5 0 0 0.0555555224 0 0 1 0 1 0.0555555224 0.5 0.111111104 1 0.111111104 0.5 0.166666687 1 0.166666687 0.5 0.222222209 1 0.222222209 0.5 0.277777791 1 0.277777791 0.5 0.333333313 1 0.333333313 0.5 0.388888896 1 0.388888896 0.5 0.444444418 1 0.444444418 0.5 0.5 1 0.5 0.5 0.555555582 0 0.555555582 0 0.5 0 0.444444418 0 0.388888896 0 0.333333313 0 0.277777791 0 0.222222209 0 0.166666687 0 0.111111104 1 0.555555582 0.5 0.611111104 1 0.611111104 0.5 0.666666627 1 0.666666627 0.5 0.722222209 1 0.722222209 0.5 0.777777791 1 0.777777791 0.5 0.833333313 1 0.833333313 0.5 0.888888896 1 0.888888896 0.5 0.944444418 1 0.944444418 0 0.611111104 0 0.666666627 0 0.722222209 0 0.777777791 0 0.833333313 0 0.888888896 0 0.944444418 0 1 0.5 1 1 1 0.5 0.0555555224 0.5 0 0 0.0555555224 0 0 1 0 1 0.0555555224 0.5 0.111111104 1 0.111111104 0.5 0.166666687 1 0.166666687 0.5 0.222222209 1 0.222222209 0.5 0.277777791 1 0.277777791 0.5 0.333333313 1 0.333333313 0.5 0.388888896 1 0.388888896 0.5 0.444444418 1 0.444444418 0.5 0.5 1 0.5 0.5 0.555555582 0 0.555555582 0 0.5 0 0.444444418 0 0.388888896 0 0.333333313 0 0.277777791 0 0.222222209 0 0.166666687 0 0.111111104 1 0.555555582 0.5 0.611111104 1 0.611111104 0.5 0.666666627 1 0.666666627 0.5 0.722222209 1 0.722222209 0.5 0.777777791 1 0.777777791 0.5 0.833333313 1 0.833333313 0.5 0.888888896 1 0.888888896 0.5 0.944444418 1 0.944444418 0 0.611111104 0 0.666666627 0 0.722222209 0 0.777777791 0 0.833333313 0 0.888888896 0 0.944444418 0 1 0.5 1 1 1 0.5 0.0555555224 0.5 0 0 0.0555555224 0 0 1 0 1 0.0555555224 0.5 0.111111104 1 0.111111104 0.5 0.166666687 1 0.166666687 0.5 0.222222209 1 0.222222209 0.5 0.277777791 1 0.277777791 0.5 0.333333313 1 0.333333313 0.5 0.388888896 1 0.388888896 0.5 0.444444418 1 0.444444418 0.5 0.5 1 0.5 0.5 0.555555582 0 0.555555582 0 0.5 0 0.444444418 0 0.388888896 0 0.333333313 0 0.277777791 0 0.222222209 0 0.166666687 0 0.111111104 1 0.555555582 0.5 0.611111104 1 0.611111104 0.5 0.666666627 1 0.666666627 0.5 0.722222209 1 0.722222209 0.5 0.777777791 1 0.777777791 0.5 0.833333313 1 0.833333313 0.5 0.888888896 1 0.888888896 0.5 0.944444418 1 0.944444418 0 0.611111104 0 0.666666627 0 0.722222209 0 0.777777791 0 0.833333313 0 0.888888896 0 0.944444418 0 1 0.5 1 1 1</float_array>
        <technique_common><accessor source="#vfx_kurp_1187-mesh-uv0-array" count="1197" stride="2"><param name="S" type="float"/><param name="T" type="float"/></accessor></technique_common>
      </source>
      <vertices id="vfx_kurp_1187-mesh-vertices"><input semantic="POSITION" source="#vfx_kurp_1187-mesh-positions"/></vertices>
      <triangles material="PreviewMaterial" count="1512">
        <input semantic="VERTEX" source="#vfx_kurp_1187-mesh-vertices" offset="0"/>
        <input semantic="NORMAL" source="#vfx_kurp_1187-mesh-normals" offset="1"/>
        <input semantic="TEXCOORD" source="#vfx_kurp_1187-mesh-uv0" offset="2" set="0"/>
        <p>0 0 0 1 1 1 2 2 2 3 3 3 2 2 2 1 1 1 1 1 1 0 0 0 4 4 4 4 4 4 0 0 0 5 5 5 6 6 6 5 5 5 0 0 0 5 5 5 6 6 6 7 7 7 8 8 8 7 7 7 6 6 6 7 7 7 8 8 8 9 9 9 10 10 10 9 9 9 8 8 8 9 9 9 10 10 10 11 11 11 12 12 12 11 11 11 10 10 10 11 11 11 12 12 12 13 13 13 14 14 14 13 13 13 12 12 12 13 13 13 14 14 14 15 15 15 16 16 16 15 15 15 14 14 14 15 15 15 16 16 16 17 17 17 18 18 18 17 17 17 16 16 16 17 17 17 18 18 18 19 19 19 20 20 20 19 19 19 18 18 18 19 19 19 20 20 20 21 21 21 22 22 22 20 20 20 23 23 23 23 23 23 20 20 20 24 24 24 18 18 18 24 24 24 20 20 20 24 24 24 18 18 18 25 25 25 16 16 16 25 25 25 18 18 18 25 25 25 16 16 16 26 26 26 14 14 14 26 26 26 16 16 16 26 26 26 14 14 14 27 27 27 12 12 12 27 27 27 14 14 14 27 27 27 12 12 12 28 28 28 10 10 10 28 28 28 12 12 12 28 28 28 10 10 10 29 29 29 8 8 8 29 29 29 10 10 10 29 29 29 8 8 8 30 30 30 6 6 6 30 30 30 8 8 8 30 30 30 6 6 6 31 31 31 0 0 0 31 31 31 6 6 6 31 31 31 0 0 0 2 2 2 20 20 20 22 22 22 21 21 21 21 21 21 22 22 22 32 32 32 33 33 33 32 32 32 22 22 22 32 32 32 33 33 33 34 34 34 35 35 35 34 34 34 33 33 33 34 34 34 35 35 35 36 36 36 37 37 37 36 36 36 35 35 35 36 36 36 37 37 37 38 38 38 39 39 39 38 38 38 37 37 37 38 38 38 39 39 39 40 40 40 41 41 41 40 40 40 39 39 39 40 40 40 41 41 41 42 42 42 43 43 43 42 42 42 41 41 41 42 42 42 43 43 43 44 44 44 45 45 45 44 44 44 43 43 43 44 44 44 45 45 45 46 46 46 47 47 47 22 22 22 23 23 23 22 22 22 47 47 47 33 33 33 48 48 48 33 33 33 47 47 47 33 33 33 48 48 48 35 35 35 49 49 49 35 35 35 48 48 48 35 35 35 49 49 49 37 37 37 50 50 50 37 37 37 49 49 49 37 37 37 50 50 50 39 39 39 51 51 51 39 39 39 50 50 50 39 39 39 51 51 51 41 41 41 52 52 52 41 41 41 51 51 51 41 41 41 52 52 52 43 43 43 53 53 53 43 43 43 52 52 52 43 43 43 53 53 53 45 45 45 54 54 54 45 45 45 53 53 53 55 55 55 45 45 45 54 54 54 45 45 45 55 55 55 46 46 46 56 56 56 46 46 46 55 55 55 57 57 57 58 58 58 59 59 59 60 60 60 59 59 59 58 58 58 58 58 58 57 57 57 61 61 61 61 61 61 57 57 57 62 62 62 63 63 63 62 62 62 57 57 57 62 62 62 63 63 63 64 64 64 65 65 65 64 64 64 63 63 63 64 64 64 65 65 65 66 66 66 67 67 67 66 66 66 65 65 65 66 66 66 67 67 67 68 68 68 69 69 69 68 68 68 67 67 67 68 68 68 69 69 69 70 70 70 71 71 71 70 70 70 69 69 69 70 70 70 71 71 71 72 72 72 73 73 73 72 72 72 71 71 71 72 72 72 73 73 73 74 74 74 75 75 75 74 74 74 73 73 73 74 74 74 75 75 75 76 76 76 77 77 77 76 76 76 75 75 75 76 76 76 77 77 77 78 78 78 79 79 79 77 77 77 80 80 80 80 80 80 77 77 77 81 81 81 75 75 75 81 81 81 77 77 77 81 81 81 75 75 75 82 82 82 73 73 73 82 82 82 75 75 75 82 82 82 73 73 73 83 83 83 71 71 71 83 83 83 73 73 73 83 83 83 71 71 71 84 84 84 69 69 69 84 84 84 71 71 71 84 84 84 69 69 69 85 85 85 67 67 67 85 85 85 69 69 69 85 85 85 67 67 67 86 86 86 65 65 65 86 86 86 67 67 67 86 86 86 65 65 65 87 87 87 63 63 63 87 87 87 65 65 65 87 87 87 63 63 63 88 88 88 57 57 57 88 88 88 63 63 63 88 88 88 57 57 57 59 59 59 77 77 77 79 79 79 78 78 78 78 78 78 79 79 79 89 89 89 90 90 90 89 89 89 79 79 79 89 89 89 90 90 90 91 91 91 92 92 92 91 91 91 90 90 90 91 91 91 92 92 92 93 93 93 94 94 94 93 93 93 92 92 92 93 93 93 94 94 94 95 95 95 96 96 96 95 95 95 94 94 94 95 95 95 96 96 96 97 97 97 98 98 98 97 97 97 96 96 96 97 97 97 98 98 98 99 99 99 100 100 100 99 99 99 98 98 98 99 99 99 100 100 100 101 101 101 102 102 102 101 101 101 100 100 100 101 101 101 102 102 102 103 103 103 104 104 104 79 79 79 80 80 80 79 79 79 104 104 104 90 90 90 105 105 105 90 90 90 104 104 104 90 90 90 105 105 105 92 92 92 106 106 106 92 92 92 105 105 105 92 92 92 106 106 106 94 94 94 107 107 107 94 94 94 106 106 106 94 94 94 107 107 107 96 96 96 108 108 108 96 96 96 107 107 107 96 96 96 108 108 108 98 98 98 109 109 109 98 98 98 108 108 108 98 98 98 109 109 109 100 100 100 110 110 110 100 100 100 109 109 109 100 100 100 110 110 110 102 102 102 111 111 111 102 102 102 110 110 110 112 112 112 102 102 102 111 111 111 102 102 102 112 112 112 103 103 103 113 113 113 103 103 103 112 112 112 114 114 114 115 115 115 116 116 116 117 117 117 116 116 116 115 115 115 115 115 115 114 114 114 118 118 118 118 118 118 114 114 114 119 119 119 120 120 120 119 119 119 114 114 114 119 119 119 120 120 120 121 121 121 122 122 122 121 121 121 120 120 120 121 121 121 122 122 122 123 123 123 124 124 124 123 123 123 122 122 122 123 123 123 124 124 124 125 125 125 126 126 126 125 125 125 124 124 124 125 125 125 126 126 126 127 127 127 128 128 128 127 127 127 126 126 126 127 127 127 128 128 128 129 129 129 130 130 130 129 129 129 128 128 128 129 129 129 130 130 130 131 131 131 132 132 132 131 131 131 130 130 130 131 131 131 132 132 132 133 133 133 134 134 134 133 133 133 132 132 132 133 133 133 134 134 134 135 135 135 136 136 136 134 134 134 137 137 137 137 137 137 134 134 134 138 138 138 132 132 132 138 138 138 134 134 134 138 138 138 132 132 132 139 139 139 130 130 130 139 139 139 132 132 132 139 139 139 130 130 130 140 140 140 128 128 128 140 140 140 130 130 130 140 140 140 128 128 128 141 141 141 126 126 126 141 141 141 128 128 128 141 141 141 126 126 126 142 142 142 124 124 124 142 142 142 126 126 126 142 142 142 124 124 124 143 143 143 122 122 122 143 143 143 124 124 124 143 143 143 122 122 122 144 144 144 120 120 120 144 144 144 122 122 122 144 144 144 120 120 120 145 145 145 114 114 114 145 145 145 120 120 120 145 145 145 114 114 114 116 116 116 134 134 134 136 136 136 135 135 135 135 135 135 136 136 136 146 146 146 147 147 147 146 146 146 136 136 136 146 146 146 147 147 147 148 148 148 149 149 149 148 148 148 147 147 147 148 148 148 149 149 149 150 150 150 151 151 151 150 150 150 149 149 149 150 150 150 151 151 151 152 152 152 153 153 153 152 152 152 151 151 151 152 152 152 153 153 153 154 154 154 155 155 155 154 154 154 153 153 153 154 154 154 155 155 155 156 156 156 157 157 157 156 156 156 155 155 155 156 156 156 157 157 157 158 158 158 159 159 159 158 158 158 157 157 157 158 158 158 159 159 159 160 160 160 161 161 161 136 136 136 137 137 137 136 136 136 161 161 161 147 147 147 162 162 162 147 147 147 161 161 161 147 147 147 162 162 162 149 149 149 163 163 163 149 149 149 162 162 162 149 149 149 163 163 163 151 151 151 164 164 164 151 151 151 163 163 163 151 151 151 164 164 164 153 153 153 165 165 165 153 153 153 164 164 164 153 153 153 165 165 165 155 155 155 166 166 166 155 155 155 165 165 165 155 155 155 166 166 166 157 157 157 167 167 167 157 157 157 166 166 166 157 157 157 167 167 167 159 159 159 168 168 168 159 159 159 167 167 167 169 169 169 159 159 159 168 168 168 159 159 159 169 169 169 160 160 160 170 170 170 160 160 160 169 169 169 171 171 171 172 172 172 173 173 173 174 174 174 173 173 173 172 172 172 172 172 172 171 171 171 175 175 175 175 175 175 171 171 171 176 176 176 177 177 177 176 176 176 171 171 171 176 176 176 177 177 177 178 178 178 179 179 179 178 178 178 177 177 177 178 178 178 179 179 179 180 180 180 181 181 181 180 180 180 179 179 179 180 180 180 181 181 181 182 182 182 183 183 183 182 182 182 181 181 181 182 182 182 183 183 183 184 184 184 185 185 185 184 184 184 183 183 183 184 184 184 185 185 185 186 186 186 187 187 187 186 186 186 185 185 185 186 186 186 187 187 187 188 188 188 189 189 189 188 188 188 187 187 187 188 188 188 189 189 189 190 190 190 191 191 191 190 190 190 189 189 189 190 190 190 191 191 191 192 192 192 193 193 193 191 191 191 194 194 194 194 194 194 191 191 191 195 195 195 189 189 189 195 195 195 191 191 191 195 195 195 189 189 189 196 196 196 187 187 187 196 196 196 189 189 189 196 196 196 187 187 187 197 197 197 185 185 185 197 197 197 187 187 187 197 197 197 185 185 185 198 198 198 183 183 183 198 198 198 185 185 185 198 198 198 183 183 183 199 199 199 181 181 181 199 199 199 183 183 183 199 199 199 181 181 181 200 200 200 179 179 179 200 200 200 181 181 181 200 200 200 179 179 179 201 201 201 177 177 177 201 201 201 179 179 179 201 201 201 177 177 177 202 202 202 171 171 171 202 202 202 177 177 177 202 202 202 171 171 171 173 173 173 191 191 191 193 193 193 192 192 192 192 192 192 193 193 193 203 203 203 204 204 204 203 203 203 193 193 193 203 203 203 204 204 204 205 205 205 206 206 206 205 205 205 204 204 204 205 205 205 206 206 206 207 207 207 208 208 208 207 207 207 206 206 206 207 207 207 208 208 208 209 209 209 210 210 210 209 209 209 208 208 208 209 209 209 210 210 210 211 211 211 212 212 212 211 211 211 210 210 210 211 211 211 212 212 212 213 213 213 214 214 214 213 213 213 212 212 212 213 213 213 214 214 214 215 215 215 216 216 216 215 215 215 214 214 214 215 215 215 216 216 216 217 217 217 218 218 218 193 193 193 194 194 194 193 193 193 218 218 218 204 204 204 219 219 219 204 204 204 218 218 218 204 204 204 219 219 219 206 206 206 220 220 220 206 206 206 219 219 219 206 206 206 220 220 220 208 208 208 221 221 221 208 208 208 220 220 220 208 208 208 221 221 221 210 210 210 222 222 222 210 210 210 221 221 221 210 210 210 222 222 222 212 212 212 223 223 223 212 212 212 222 222 222 212 212 212 223 223 223 214 214 214 224 224 224 214 214 214 223 223 223 214 214 214 224 224 224 216 216 216 225 225 225 216 216 216 224 224 224 226 226 226 216 216 216 225 225 225 216 216 216 226 226 226 217 217 217 227 227 227 217 217 217 226 226 226 228 228 228 229 229 229 230 230 230 231 231 231 230 230 230 229 229 229 229 229 229 228 228 228 232 232 232 232 232 232 228 228 228 233 233 233 234 234 234 233 233 233 228 228 228 233 233 233 234 234 234 235 235 235 236 236 236 235 235 235 234 234 234 235 235 235 236 236 236 237 237 237 238 238 238 237 237 237 236 236 236 237 237 237 238 238 238 239 239 239 240 240 240 239 239 239 238 238 238 239 239 239 240 240 240 241 241 241 242 242 242 241 241 241 240 240 240 241 241 241 242 242 242 243 243 243 244 244 244 243 243 243 242 242 242 243 243 243 244 244 244 245 245 245 246 246 246 245 245 245 244 244 244 245 245 245 246 246 246 247 247 247 248 248 248 247 247 247 246 246 246 247 247 247 248 248 248 249 249 249 250 250 250 248 248 248 251 251 251 251 251 251 248 248 248 252 252 252 246 246 246 252 252 252 248 248 248 252 252 252 246 246 246 253 253 253 244 244 244 253 253 253 246 246 246 253 253 253 244 244 244 254 254 254 242 242 242 254 254 254 244 244 244 254 254 254 242 242 242 255 255 255 240 240 240 255 255 255 242 242 242 255 255 255 240 240 240 256 256 256 238 238 238 256 256 256 240 240 240 256 256 256 238 238 238 257 257 257 236 236 236 257 257 257 238 238 238 257 257 257 236 236 236 258 258 258 234 234 234 258 258 258 236 236 236 258 258 258 234 234 234 259 259 259 228 228 228 259 259 259 234 234 234 259 259 259 228 228 228 230 230 230 248 248 248 250 250 250 249 249 249 249 249 249 250 250 250 260 260 260 261 261 261 260 260 260 250 250 250 260 260 260 261 261 261 262 262 262 263 263 263 262 262 262 261 261 261 262 262 262 263 263 263 264 264 264 265 265 265 264 264 264 263 263 263 264 264 264 265 265 265 266 266 266 267 267 267 266 266 266 265 265 265 266 266 266 267 267 267 268 268 268 269 269 269 268 268 268 267 267 267 268 268 268 269 269 269 270 270 270 271 271 271 270 270 270 269 269 269 270 270 270 271 271 271 272 272 272 273 273 273 272 272 272 271 271 271 272 272 272 273 273 273 274 274 274 275 275 275 250 250 250 251 251 251 250 250 250 275 275 275 261 261 261 276 276 276 261 261 261 275 275 275 261 261 261 276 276 276 263 263 263 277 277 277 263 263 263 276 276 276 263 263 263 277 277 277 265 265 265 278 278 278 265 265 265 277 277 277 265 265 265 278 278 278 267 267 267 279 279 279 267 267 267 278 278 278 267 267 267 279 279 279 269 269 269 280 280 280 269 269 269 279 279 279 269 269 269 280 280 280 271 271 271 281 281 281 271 271 271 280 280 280 271 271 271 281 281 281 273 273 273 282 282 282 273 273 273 281 281 281 283 283 283 273 273 273 282 282 282 273 273 273 283 283 283 274 274 274 284 284 284 274 274 274 283 283 283 285 285 285 286 286 286 287 287 287 288 288 288 287 287 287 286 286 286 286 286 286 285 285 285 289 289 289 289 289 289 285 285 285 290 290 290 291 291 291 290 290 290 285 285 285 290 290 290 291 291 291 292 292 292 293 293 293 292 292 292 291 291 291 292 292 292 293 293 293 294 294 294 295 295 295 294 294 294 293 293 293 294 294 294 295 295 295 296 296 296 297 297 297 296 296 296 295 295 295 296 296 296 297 297 297 298 298 298 299 299 299 298 298 298 297 297 297 298 298 298 299 299 299 300 300 300 301 301 301 300 300 300 299 299 299 300 300 300 301 301 301 302 302 302 303 303 303 302 302 302 301 301 301 302 302 302 303 303 303 304 304 304 305 305 305 304 304 304 303 303 303 304 304 304 305 305 305 306 306 306 307 307 307 305 305 305 308 308 308 308 308 308 305 305 305 309 309 309 303 303 303 309 309 309 305 305 305 309 309 309 303 303 303 310 310 310 301 301 301 310 310 310 303 303 303 310 310 310 301 301 301 311 311 311 299 299 299 311 311 311 301 301 301 311 311 311 299 299 299 312 312 312 297 297 297 312 312 312 299 299 299 312 312 312 297 297 297 313 313 313 295 295 295 313 313 313 297 297 297 313 313 313 295 295 295 314 314 314 293 293 293 314 314 314 295 295 295 314 314 314 293 293 293 315 315 315 291 291 291 315 315 315 293 293 293 315 315 315 291 291 291 316 316 316 285 285 285 316 316 316 291 291 291 316 316 316 285 285 285 287 287 287 305 305 305 307 307 307 306 306 306 306 306 306 307 307 307 317 317 317 318 318 318 317 317 317 307 307 307 317 317 317 318 318 318 319 319 319 320 320 320 319 319 319 318 318 318 319 319 319 320 320 320 321 321 321 322 322 322 321 321 321 320 320 320 321 321 321 322 322 322 323 323 323 324 324 324 323 323 323 322 322 322 323 323 323 324 324 324 325 325 325 326 326 326 325 325 325 324 324 324 325 325 325 326 326 326 327 327 327 328 328 328 327 327 327 326 326 326 327 327 327 328 328 328 329 329 329 330 330 330 329 329 329 328 328 328 329 329 329 330 330 330 331 331 331 332 332 332 307 307 307 308 308 308 307 307 307 332 332 332 318 318 318 333 333 333 318 318 318 332 332 332 318 318 318 333 333 333 320 320 320 334 334 334 320 320 320 333 333 333 320 320 320 334 334 334 322 322 322 335 335 335 322 322 322 334 334 334 322 322 322 335 335 335 324 324 324 336 336 336 324 324 324 335 335 335 324 324 324 336 336 336 326 326 326 337 337 337 326 326 326 336 336 336 326 326 326 337 337 337 328 328 328 338 338 338 328 328 328 337 337 337 328 328 328 338 338 338 330 330 330 339 339 339 330 330 330 338 338 338 340 340 340 330 330 330 339 339 339 330 330 330 340 340 340 331 331 331 341 341 341 331 331 331 340 340 340 342 342 342 343 343 343 344 344 344 345 345 345 344 344 344 343 343 343 343 343 343 342 342 342 346 346 346 346 346 346 342 342 342 347 347 347 348 348 348 347 347 347 342 342 342 347 347 347 348 348 348 349 349 349 350 350 350 349 349 349 348 348 348 349 349 349 350 350 350 351 351 351 352 352 352 351 351 351 350 350 350 351 351 351 352 352 352 353 353 353 354 354 354 353 353 353 352 352 352 353 353 353 354 354 354 355 355 355 356 356 356 355 355 355 354 354 354 355 355 355 356 356 356 357 357 357 358 358 358 357 357 357 356 356 356 357 357 357 358 358 358 359 359 359 360 360 360 359 359 359 358 358 358 359 359 359 360 360 360 361 361 361 362 362 362 361 361 361 360 360 360 361 361 361 362 362 362 363 363 363 364 364 364 362 362 362 365 365 365 365 365 365 362 362 362 366 366 366 360 360 360 366 366 366 362 362 362 366 366 366 360 360 360 367 367 367 358 358 358 367 367 367 360 360 360 367 367 367 358 358 358 368 368 368 356 356 356 368 368 368 358 358 358 368 368 368 356 356 356 369 369 369 354 354 354 369 369 369 356 356 356 369 369 369 354 354 354 370 370 370 352 352 352 370 370 370 354 354 354 370 370 370 352 352 352 371 371 371 350 350 350 371 371 371 352 352 352 371 371 371 350 350 350 372 372 372 348 348 348 372 372 372 350 350 350 372 372 372 348 348 348 373 373 373 342 342 342 373 373 373 348 348 348 373 373 373 342 342 342 344 344 344 362 362 362 364 364 364 363 363 363 363 363 363 364 364 364 374 374 374 375 375 375 374 374 374 364 364 364 374 374 374 375 375 375 376 376 376 377 377 377 376 376 376 375 375 375 376 376 376 377 377 377 378 378 378 379 379 379 378 378 378 377 377 377 378 378 378 379 379 379 380 380 380 381 381 381 380 380 380 379 379 379 380 380 380 381 381 381 382 382 382 383 383 383 382 382 382 381 381 381 382 382 382 383 383 383 384 384 384 385 385 385 384 384 384 383 383 383 384 384 384 385 385 385 386 386 386 387 387 387 386 386 386 385 385 385 386 386 386 387 387 387 388 388 388 389 389 389 364 364 364 365 365 365 364 364 364 389 389 389 375 375 375 390 390 390 375 375 375 389 389 389 375 375 375 390 390 390 377 377 377 391 391 391 377 377 377 390 390 390 377 377 377 391 391 391 379 379 379 392 392 392 379 379 379 391 391 391 379 379 379 392 392 392 381 381 381 393 393 393 381 381 381 392 392 392 381 381 381 393 393 393 383 383 383 394 394 394 383 383 383 393 393 393 383 383 383 394 394 394 385 385 385 395 395 395 385 385 385 394 394 394 385 385 385 395 395 395 387 387 387 396 396 396 387 387 387 395 395 395 397 397 397 387 387 387 396 396 396 387 387 387 397 397 397 388 388 388 398 398 398 388 388 388 397 397 397 399 399 399 400 400 400 401 401 401 402 402 402 401 401 401 400 400 400 400 400 400 399 399 399 403 403 403 403 403 403 399 399 399 404 404 404 405 405 405 404 404 404 399 399 399 404 404 404 405 405 405 406 406 406 407 407 407 406 406 406 405 405 405 406 406 406 407 407 407 408 408 408 409 409 409 408 408 408 407 407 407 408 408 408 409 409 409 410 410 410 411 411 411 410 410 410 409 409 409 410 410 410 411 411 411 412 412 412 413 413 413 412 412 412 411 411 411 412 412 412 413 413 413 414 414 414 415 415 415 414 414 414 413 413 413 414 414 414 415 415 415 416 416 416 417 417 417 416 416 416 415 415 415 416 416 416 417 417 417 418 418 418 419 419 419 418 418 418 417 417 417 418 418 418 419 419 419 420 420 420 421 421 421 419 419 419 422 422 422 422 422 422 419 419 419 423 423 423 417 417 417 423 423 423 419 419 419 423 423 423 417 417 417 424 424 424 415 415 415 424 424 424 417 417 417 424 424 424 415 415 415 425 425 425 413 413 413 425 425 425 415 415 415 425 425 425 413 413 413 426 426 426 411 411 411 426 426 426 413 413 413 426 426 426 411 411 411 427 427 427 409 409 409 427 427 427 411 411 411 427 427 427 409 409 409 428 428 428 407 407 407 428 428 428 409 409 409 428 428 428 407 407 407 429 429 429 405 405 405 429 429 429 407 407 407 429 429 429 405 405 405 430 430 430 399 399 399 430 430 430 405 405 405 430 430 430 399 399 399 401 401 401 419 419 419 421 421 421 420 420 420 420 420 420 421 421 421 431 431 431 432 432 432 431 431 431 421 421 421 431 431 431 432 432 432 433 433 433 434 434 434 433 433 433 432 432 432 433 433 433 434 434 434 435 435 435 436 436 436 435 435 435 434 434 434 435 435 435 436 436 436 437 437 437 438 438 438 437 437 437 436 436 436 437 437 437 438 438 438 439 439 439 440 440 440 439 439 439 438 438 438 439 439 439 440 440 440 441 441 441 442 442 442 441 441 441 440 440 440 441 441 441 442 442 442 443 443 443 444 444 444 443 443 443 442 442 442 443 443 443 444 444 444 445 445 445 446 446 446 421 421 421 422 422 422 421 421 421 446 446 446 432 432 432 447 447 447 432 432 432 446 446 446 432 432 432 447 447 447 434 434 434 448 448 448 434 434 434 447 447 447 434 434 434 448 448 448 436 436 436 449 449 449 436 436 436 448 448 448 436 436 436 449 449 449 438 438 438 450 450 450 438 438 438 449 449 449 438 438 438 450 450 450 440 440 440 451 451 451 440 440 440 450 450 450 440 440 440 451 451 451 442 442 442 452 452 452 442 442 442 451 451 451 442 442 442 452 452 452 444 444 444 453 453 453 444 444 444 452 452 452 454 454 454 444 444 444 453 453 453 444 444 444 454 454 454 445 445 445 455 455 455 445 445 445 454 454 454 456 456 456 457 457 457 458 458 458 459 459 459 458 458 458 457 457 457 457 457 457 456 456 456 460 460 460 460 460 460 456 456 456 461 461 461 462 462 462 461 461 461 456 456 456 461 461 461 462 462 462 463 463 463 464 464 464 463 463 463 462 462 462 463 463 463 464 464 464 465 465 465 466 466 466 465 465 465 464 464 464 465 465 465 466 466 466 467 467 467 468 468 468 467 467 467 466 466 466 467 467 467 468 468 468 469 469 469 470 470 470 469 469 469 468 468 468 469 469 469 470 470 470 471 471 471 472 472 472 471 471 471 470 470 470 471 471 471 472 472 472 473 473 473 474 474 474 473 473 473 472 472 472 473 473 473 474 474 474 475 475 475 476 476 476 475 475 475 474 474 474 475 475 475 476 476 476 477 477 477 478 478 478 476 476 476 479 479 479 479 479 479 476 476 476 480 480 480 474 474 474 480 480 480 476 476 476 480 480 480 474 474 474 481 481 481 472 472 472 481 481 481 474 474 474 481 481 481 472 472 472 482 482 482 470 470 470 482 482 482 472 472 472 482 482 482 470 470 470 483 483 483 468 468 468 483 483 483 470 470 470 483 483 483 468 468 468 484 484 484 466 466 466 484 484 484 468 468 468 484 484 484 466 466 466 485 485 485 464 464 464 485 485 485 466 466 466 485 485 485 464 464 464 486 486 486 462 462 462 486 486 486 464 464 464 486 486 486 462 462 462 487 487 487 456 456 456 487 487 487 462 462 462 487 487 487 456 456 456 458 458 458 476 476 476 478 478 478 477 477 477 477 477 477 478 478 478 488 488 488 489 489 489 488 488 488 478 478 478 488 488 488 489 489 489 490 490 490 491 491 491 490 490 490 489 489 489 490 490 490 491 491 491 492 492 492 493 493 493 492 492 492 491 491 491 492 492 492 493 493 493 494 494 494 495 495 495 494 494 494 493 493 493 494 494 494 495 495 495 496 496 496 497 497 497 496 496 496 495 495 495 496 496 496 497 497 497 498 498 498 499 499 499 498 498 498 497 497 497 498 498 498 499 499 499 500 500 500 501 501 501 500 500 500 499 499 499 500 500 500 501 501 501 502 502 502 503 503 503 478 478 478 479 479 479 478 478 478 503 503 503 489 489 489 504 504 504 489 489 489 503 503 503 489 489 489 504 504 504 491 491 491 505 505 505 491 491 491 504 504 504 491 491 491 505 505 505 493 493 493 506 506 506 493 493 493 505 505 505 493 493 493 506 506 506 495 495 495 507 507 507 495 495 495 506 506 506 495 495 495 507 507 507 497 497 497 508 508 508 497 497 497 507 507 507 497 497 497 508 508 508 499 499 499 509 509 509 499 499 499 508 508 508 499 499 499 509 509 509 501 501 501 510 510 510 501 501 501 509 509 509 511 511 511 501 501 501 510 510 510 501 501 501 511 511 511 502 502 502 512 512 512 502 502 502 511 511 511 513 513 513 514 514 514 515 515 515 516 516 516 515 515 515 514 514 514 514 514 514 513 513 513 517 517 517 517 517 517 513 513 513 518 518 518 519 519 519 518 518 518 513 513 513 518 518 518 519 519 519 520 520 520 521 521 521 520 520 520 519 519 519 520 520 520 521 521 521 522 522 522 523 523 523 522 522 522 521 521 521 522 522 522 523 523 523 524 524 524 525 525 525 524 524 524 523 523 523 524 524 524 525 525 525 526 526 526 527 527 527 526 526 526 525 525 525 526 526 526 527 527 527 528 528 528 529 529 529 528 528 528 527 527 527 528 528 528 529 529 529 530 530 530 531 531 531 530 530 530 529 529 529 530 530 530 531 531 531 532 532 532 533 533 533 532 532 532 531 531 531 532 532 532 533 533 533 534 534 534 535 535 535 533 533 533 536 536 536 536 536 536 533 533 533 537 537 537 531 531 531 537 537 537 533 533 533 537 537 537 531 531 531 538 538 538 529 529 529 538 538 538 531 531 531 538 538 538 529 529 529 539 539 539 527 527 527 539 539 539 529 529 529 539 539 539 527 527 527 540 540 540 525 525 525 540 540 540 527 527 527 540 540 540 525 525 525 541 541 541 523 523 523 541 541 541 525 525 525 541 541 541 523 523 523 542 542 542 521 521 521 542 542 542 523 523 523 542 542 542 521 521 521 543 543 543 519 519 519 543 543 543 521 521 521 543 543 543 519 519 519 544 544 544 513 513 513 544 544 544 519 519 519 544 544 544 513 513 513 515 515 515 533 533 533 535 535 535 534 534 534 534 534 534 535 535 535 545 545 545 546 546 546 545 545 545 535 535 535 545 545 545 546 546 546 547 547 547 548 548 548 547 547 547 546 546 546 547 547 547 548 548 548 549 549 549 550 550 550 549 549 549 548 548 548 549 549 549 550 550 550 551 551 551 552 552 552 551 551 551 550 550 550 551 551 551 552 552 552 553 553 553 554 554 554 553 553 553 552 552 552 553 553 553 554 554 554 555 555 555 556 556 556 555 555 555 554 554 554 555 555 555 556 556 556 557 557 557 558 558 558 557 557 557 556 556 556 557 557 557 558 558 558 559 559 559 560 560 560 535 535 535 536 536 536 535 535 535 560 560 560 546 546 546 561 561 561 546 546 546 560 560 560 546 546 546 561 561 561 548 548 548 562 562 562 548 548 548 561 561 561 548 548 548 562 562 562 550 550 550 563 563 563 550 550 550 562 562 562 550 550 550 563 563 563 552 552 552 564 564 564 552 552 552 563 563 563 552 552 552 564 564 564 554 554 554 565 565 565 554 554 554 564 564 564 554 554 554 565 565 565 556 556 556 566 566 566 556 556 556 565 565 565 556 556 556 566 566 566 558 558 558 567 567 567 558 558 558 566 566 566 568 568 568 558 558 558 567 567 567 558 558 558 568 568 568 559 559 559 569 569 569 559 559 559 568 568 568 570 570 570 571 571 571 572 572 572 573 573 573 572 572 572 571 571 571 571 571 571 570 570 570 574 574 574 574 574 574 570 570 570 575 575 575 576 576 576 575 575 575 570 570 570 575 575 575 576 576 576 577 577 577 578 578 578 577 577 577 576 576 576 577 577 577 578 578 578 579 579 579 580 580 580 579 579 579 578 578 578 579 579 579 580 580 580 581 581 581 582 582 582 581 581 581 580 580 580 581 581 581 582 582 582 583 583 583 584 584 584 583 583 583 582 582 582 583 583 583 584 584 584 585 585 585 586 586 586 585 585 585 584 584 584 585 585 585 586 586 586 587 587 587 588 588 588 587 587 587 586 586 586 587 587 587 588 588 588 589 589 589 590 590 590 589 589 589 588 588 588 589 589 589 590 590 590 591 591 591 592 592 592 590 590 590 593 593 593 593 593 593 590 590 590 594 594 594 588 588 588 594 594 594 590 590 590 594 594 594 588 588 588 595 595 595 586 586 586 595 595 595 588 588 588 595 595 595 586 586 586 596 596 596 584 584 584 596 596 596 586 586 586 596 596 596 584 584 584 597 597 597 582 582 582 597 597 597 584 584 584 597 597 597 582 582 582 598 598 598 580 580 580 598 598 598 582 582 582 598 598 598 580 580 580 599 599 599 578 578 578 599 599 599 580 580 580 599 599 599 578 578 578 600 600 600 576 576 576 600 600 600 578 578 578 600 600 600 576 576 576 601 601 601 570 570 570 601 601 601 576 576 576 601 601 601 570 570 570 572 572 572 590 590 590 592 592 592 591 591 591 591 591 591 592 592 592 602 602 602 603 603 603 602 602 602 592 592 592 602 602 602 603 603 603 604 604 604 605 605 605 604 604 604 603 603 603 604 604 604 605 605 605 606 606 606 607 607 607 606 606 606 605 605 605 606 606 606 607 607 607 608 608 608 609 609 609 608 608 608 607 607 607 608 608 608 609 609 609 610 610 610 611 611 611 610 610 610 609 609 609 610 610 610 611 611 611 612 612 612 613 613 613 612 612 612 611 611 611 612 612 612 613 613 613 614 614 614 615 615 615 614 614 614 613 613 613 614 614 614 615 615 615 616 616 616 617 617 617 592 592 592 593 593 593 592 592 592 617 617 617 603 603 603 618 618 618 603 603 603 617 617 617 603 603 603 618 618 618 605 605 605 619 619 619 605 605 605 618 618 618 605 605 605 619 619 619 607 607 607 620 620 620 607 607 607 619 619 619 607 607 607 620 620 620 609 609 609 621 621 621 609 609 609 620 620 620 609 609 609 621 621 621 611 611 611 622 622 622 611 611 611 621 621 621 611 611 611 622 622 622 613 613 613 623 623 623 613 613 613 622 622 622 613 613 613 623 623 623 615 615 615 624 624 624 615 615 615 623 623 623 625 625 625 615 615 615 624 624 624 615 615 615 625 625 625 616 616 616 626 626 626 616 616 616 625 625 625 627 627 627 628 628 628 629 629 629 630 630 630 629 629 629 628 628 628 628 628 628 627 627 627 631 631 631 631 631 631 627 627 627 632 632 632 633 633 633 632 632 632 627 627 627 632 632 632 633 633 633 634 634 634 635 635 635 634 634 634 633 633 633 634 634 634 635 635 635 636 636 636 637 637 637 636 636 636 635 635 635 636 636 636 637 637 637 638 638 638 639 639 639 638 638 638 637 637 637 638 638 638 639 639 639 640 640 640 641 641 641 640 640 640 639 639 639 640 640 640 641 641 641 642 642 642 643 643 643 642 642 642 641 641 641 642 642 642 643 643 643 644 644 644 645 645 645 644 644 644 643 643 643 644 644 644 645 645 645 646 646 646 647 647 647 646 646 646 645 645 645 646 646 646 647 647 647 648 648 648 649 649 649 647 647 647 650 650 650 650 650 650 647 647 647 651 651 651 645 645 645 651 651 651 647 647 647 651 651 651 645 645 645 652 652 652 643 643 643 652 652 652 645 645 645 652 652 652 643 643 643 653 653 653 641 641 641 653 653 653 643 643 643 653 653 653 641 641 641 654 654 654 639 639 639 654 654 654 641 641 641 654 654 654 639 639 639 655 655 655 637 637 637 655 655 655 639 639 639 655 655 655 637 637 637 656 656 656 635 635 635 656 656 656 637 637 637 656 656 656 635 635 635 657 657 657 633 633 633 657 657 657 635 635 635 657 657 657 633 633 633 658 658 658 627 627 627 658 658 658 633 633 633 658 658 658 627 627 627 629 629 629 647 647 647 649 649 649 648 648 648 648 648 648 649 649 649 659 659 659 660 660 660 659 659 659 649 649 649 659 659 659 660 660 660 661 661 661 662 662 662 661 661 661 660 660 660 661 661 661 662 662 662 663 663 663 664 664 664 663 663 663 662 662 662 663 663 663 664 664 664 665 665 665 666 666 666 665 665 665 664 664 664 665 665 665 666 666 666 667 667 667 668 668 668 667 667 667 666 666 666 667 667 667 668 668 668 669 669 669 670 670 670 669 669 669 668 668 668 669 669 669 670 670 670 671 671 671 672 672 672 671 671 671 670 670 670 671 671 671 672 672 672 673 673 673 674 674 674 649 649 649 650 650 650 649 649 649 674 674 674 660 660 660 675 675 675 660 660 660 674 674 674 660 660 660 675 675 675 662 662 662 676 676 676 662 662 662 675 675 675 662 662 662 676 676 676 664 664 664 677 677 677 664 664 664 676 676 676 664 664 664 677 677 677 666 666 666 678 678 678 666 666 666 677 677 677 666 666 666 678 678 678 668 668 668 679 679 679 668 668 668 678 678 678 668 668 668 679 679 679 670 670 670 680 680 680 670 670 670 679 679 679 670 670 670 680 680 680 672 672 672 681 681 681 672 672 672 680 680 680 682 682 682 672 672 672 681 681 681 672 672 672 682 682 682 673 673 673 683 683 683 673 673 673 682 682 682 684 684 684 685 685 685 686 686 686 687 687 687 686 686 686 685 685 685 685 685 685 684 684 684 688 688 688 688 688 688 684 684 684 689 689 689 690 690 690 689 689 689 684 684 684 689 689 689 690 690 690 691 691 691 692 692 692 691 691 691 690 690 690 691 691 691 692 692 692 693 693 693 694 694 694 693 693 693 692 692 692 693 693 693 694 694 694 695 695 695 696 696 696 695 695 695 694 694 694 695 695 695 696 696 696 697 697 697 698 698 698 697 697 697 696 696 696 697 697 697 698 698 698 699 699 699 700 700 700 699 699 699 698 698 698 699 699 699 700 700 700 701 701 701 702 702 702 701 701 701 700 700 700 701 701 701 702 702 702 703 703 703 704 704 704 703 703 703 702 702 702 703 703 703 704 704 704 705 705 705 706 706 706 704 704 704 707 707 707 707 707 707 704 704 704 708 708 708 702 702 702 708 708 708 704 704 704 708 708 708 702 702 702 709 709 709 700 700 700 709 709 709 702 702 702 709 709 709 700 700 700 710 710 710 698 698 698 710 710 710 700 700 700 710 710 710 698 698 698 711 711 711 696 696 696 711 711 711 698 698 698 711 711 711 696 696 696 712 712 712 694 694 694 712 712 712 696 696 696 712 712 712 694 694 694 713 713 713 692 692 692 713 713 713 694 694 694 713 713 713 692 692 692 714 714 714 690 690 690 714 714 714 692 692 692 714 714 714 690 690 690 715 715 715 684 684 684 715 715 715 690 690 690 715 715 715 684 684 684 686 686 686 704 704 704 706 706 706 705 705 705 705 705 705 706 706 706 716 716 716 717 717 717 716 716 716 706 706 706 716 716 716 717 717 717 718 718 718 719 719 719 718 718 718 717 717 717 718 718 718 719 719 719 720 720 720 721 721 721 720 720 720 719 719 719 720 720 720 721 721 721 722 722 722 723 723 723 722 722 722 721 721 721 722 722 722 723 723 723 724 724 724 725 725 725 724 724 724 723 723 723 724 724 724 725 725 725 726 726 726 727 727 727 726 726 726 725 725 725 726 726 726 727 727 727 728 728 728 729 729 729 728 728 728 727 727 727 728 728 728 729 729 729 730 730 730 731 731 731 706 706 706 707 707 707 706 706 706 731 731 731 717 717 717 732 732 732 717 717 717 731 731 731 717 717 717 732 732 732 719 719 719 733 733 733 719 719 719 732 732 732 719 719 719 733 733 733 721 721 721 734 734 734 721 721 721 733 733 733 721 721 721 734 734 734 723 723 723 735 735 735 723 723 723 734 734 734 723 723 723 735 735 735 725 725 725 736 736 736 725 725 725 735 735 735 725 725 725 736 736 736 727 727 727 737 737 737 727 727 727 736 736 736 727 727 727 737 737 737 729 729 729 738 738 738 729 729 729 737 737 737 739 739 739 729 729 729 738 738 738 729 729 729 739 739 739 730 730 730 740 740 740 730 730 730 739 739 739 741 741 741 742 742 742 743 743 743 744 744 744 743 743 743 742 742 742 742 742 742 741 741 741 745 745 745 745 745 745 741 741 741 746 746 746 747 747 747 746 746 746 741 741 741 746 746 746 747 747 747 748 748 748 749 749 749 748 748 748 747 747 747 748 748 748 749 749 749 750 750 750 751 751 751 750 750 750 749 749 749 750 750 750 751 751 751 752 752 752 753 753 753 752 752 752 751 751 751 752 752 752 753 753 753 754 754 754 755 755 755 754 754 754 753 753 753 754 754 754 755 755 755 756 756 756 757 757 757 756 756 756 755 755 755 756 756 756 757 757 757 758 758 758 759 759 759 758 758 758 757 757 757 758 758 758 759 759 759 760 760 760 761 761 761 760 760 760 759 759 759 760 760 760 761 761 761 762 762 762 763 763 763 761 761 761 764 764 764 764 764 764 761 761 761 765 765 765 759 759 759 765 765 765 761 761 761 765 765 765 759 759 759 766 766 766 757 757 757 766 766 766 759 759 759 766 766 766 757 757 757 767 767 767 755 755 755 767 767 767 757 757 757 767 767 767 755 755 755 768 768 768 753 753 753 768 768 768 755 755 755 768 768 768 753 753 753 769 769 769 751 751 751 769 769 769 753 753 753 769 769 769 751 751 751 770 770 770 749 749 749 770 770 770 751 751 751 770 770 770 749 749 749 771 771 771 747 747 747 771 771 771 749 749 749 771 771 771 747 747 747 772 772 772 741 741 741 772 772 772 747 747 747 772 772 772 741 741 741 743 743 743 761 761 761 763 763 763 762 762 762 762 762 762 763 763 763 773 773 773 774 774 774 773 773 773 763 763 763 773 773 773 774 774 774 775 775 775 776 776 776 775 775 775 774 774 774 775 775 775 776 776 776 777 777 777 778 778 778 777 777 777 776 776 776 777 777 777 778 778 778 779 779 779 780 780 780 779 779 779 778 778 778 779 779 779 780 780 780 781 781 781 782 782 782 781 781 781 780 780 780 781 781 781 782 782 782 783 783 783 784 784 784 783 783 783 782 782 782 783 783 783 784 784 784 785 785 785 786 786 786 785 785 785 784 784 784 785 785 785 786 786 786 787 787 787 788 788 788 763 763 763 764 764 764 763 763 763 788 788 788 774 774 774 789 789 789 774 774 774 788 788 788 774 774 774 789 789 789 776 776 776 790 790 790 776 776 776 789 789 789 776 776 776 790 790 790 778 778 778 791 791 791 778 778 778 790 790 790 778 778 778 791 791 791 780 780 780 792 792 792 780 780 780 791 791 791 780 780 780 792 792 792 782 782 782 793 793 793 782 782 782 792 792 792 782 782 782 793 793 793 784 784 784 794 794 794 784 784 784 793 793 793 784 784 784 794 794 794 786 786 786 795 795 795 786 786 786 794 794 794 796 796 796 786 786 786 795 795 795 786 786 786 796 796 796 787 787 787 797 797 797 787 787 787 796 796 796 798 798 798 799 799 799 800 800 800 801 801 801 800 800 800 799 799 799 799 799 799 798 798 798 802 802 802 802 802 802 798 798 798 803 803 803 804 804 804 803 803 803 798 798 798 803 803 803 804 804 804 805 805 805 806 806 806 805 805 805 804 804 804 805 805 805 806 806 806 807 807 807 808 808 808 807 807 807 806 806 806 807 807 807 808 808 808 809 809 809 810 810 810 809 809 809 808 808 808 809 809 809 810 810 810 811 811 811 812 812 812 811 811 811 810 810 810 811 811 811 812 812 812 813 813 813 814 814 814 813 813 813 812 812 812 813 813 813 814 814 814 815 815 815 816 816 816 815 815 815 814 814 814 815 815 815 816 816 816 817 817 817 818 818 818 817 817 817 816 816 816 817 817 817 818 818 818 819 819 819 820 820 820 818 818 818 821 821 821 821 821 821 818 818 818 822 822 822 816 816 816 822 822 822 818 818 818 822 822 822 816 816 816 823 823 823 814 814 814 823 823 823 816 816 816 823 823 823 814 814 814 824 824 824 812 812 812 824 824 824 814 814 814 824 824 824 812 812 812 825 825 825 810 810 810 825 825 825 812 812 812 825 825 825 810 810 810 826 826 826 808 808 808 826 826 826 810 810 810 826 826 826 808 808 808 827 827 827 806 806 806 827 827 827 808 808 808 827 827 827 806 806 806 828 828 828 804 804 804 828 828 828 806 806 806 828 828 828 804 804 804 829 829 829 798 798 798 829 829 829 804 804 804 829 829 829 798 798 798 800 800 800 818 818 818 820 820 820 819 819 819 819 819 819 820 820 820 830 830 830 831 831 831 830 830 830 820 820 820 830 830 830 831 831 831 832 832 832 833 833 833 832 832 832 831 831 831 832 832 832 833 833 833 834 834 834 835 835 835 834 834 834 833 833 833 834 834 834 835 835 835 836 836 836 837 837 837 836 836 836 835 835 835 836 836 836 837 837 837 838 838 838 839 839 839 838 838 838 837 837 837 838 838 838 839 839 839 840 840 840 841 841 841 840 840 840 839 839 839 840 840 840 841 841 841 842 842 842 843 843 843 842 842 842 841 841 841 842 842 842 843 843 843 844 844 844 845 845 845 820 820 820 821 821 821 820 820 820 845 845 845 831 831 831 846 846 846 831 831 831 845 845 845 831 831 831 846 846 846 833 833 833 847 847 847 833 833 833 846 846 846 833 833 833 847 847 847 835 835 835 848 848 848 835 835 835 847 847 847 835 835 835 848 848 848 837 837 837 849 849 849 837 837 837 848 848 848 837 837 837 849 849 849 839 839 839 850 850 850 839 839 839 849 849 849 839 839 839 850 850 850 841 841 841 851 851 851 841 841 841 850 850 850 841 841 841 851 851 851 843 843 843 852 852 852 843 843 843 851 851 851 853 853 853 843 843 843 852 852 852 843 843 843 853 853 853 844 844 844 854 854 854 844 844 844 853 853 853 855 855 855 856 856 856 857 857 857 858 858 858 857 857 857 856 856 856 856 856 856 855 855 855 859 859 859 859 859 859 855 855 855 860 860 860 861 861 861 860 860 860 855 855 855 860 860 860 861 861 861 862 862 862 863 863 863 862 862 862 861 861 861 862 862 862 863 863 863 864 864 864 865 865 865 864 864 864 863 863 863 864 864 864 865 865 865 866 866 866 867 867 867 866 866 866 865 865 865 866 866 866 867 867 867 868 868 868 869 869 869 868 868 868 867 867 867 868 868 868 869 869 869 870 870 870 871 871 871 870 870 870 869 869 869 870 870 870 871 871 871 872 872 872 873 873 873 872 872 872 871 871 871 872 872 872 873 873 873 874 874 874 875 875 875 874 874 874 873 873 873 874 874 874 875 875 875 876 876 876 877 877 877 875 875 875 878 878 878 878 878 878 875 875 875 879 879 879 873 873 873 879 879 879 875 875 875 879 879 879 873 873 873 880 880 880 871 871 871 880 880 880 873 873 873 880 880 880 871 871 871 881 881 881 869 869 869 881 881 881 871 871 871 881 881 881 869 869 869 882 882 882 867 867 867 882 882 882 869 869 869 882 882 882 867 867 867 883 883 883 865 865 865 883 883 883 867 867 867 883 883 883 865 865 865 884 884 884 863 863 863 884 884 884 865 865 865 884 884 884 863 863 863 885 885 885 861 861 861 885 885 885 863 863 863 885 885 885 861 861 861 886 886 886 855 855 855 886 886 886 861 861 861 886 886 886 855 855 855 857 857 857 875 875 875 877 877 877 876 876 876 876 876 876 877 877 877 887 887 887 888 888 888 887 887 887 877 877 877 887 887 887 888 888 888 889 889 889 890 890 890 889 889 889 888 888 888 889 889 889 890 890 890 891 891 891 892 892 892 891 891 891 890 890 890 891 891 891 892 892 892 893 893 893 894 894 894 893 893 893 892 892 892 893 893 893 894 894 894 895 895 895 896 896 896 895 895 895 894 894 894 895 895 895 896 896 896 897 897 897 898 898 898 897 897 897 896 896 896 897 897 897 898 898 898 899 899 899 900 900 900 899 899 899 898 898 898 899 899 899 900 900 900 901 901 901 902 902 902 877 877 877 878 878 878 877 877 877 902 902 902 888 888 888 903 903 903 888 888 888 902 902 902 888 888 888 903 903 903 890 890 890 904 904 904 890 890 890 903 903 903 890 890 890 904 904 904 892 892 892 905 905 905 892 892 892 904 904 904 892 892 892 905 905 905 894 894 894 906 906 906 894 894 894 905 905 905 894 894 894 906 906 906 896 896 896 907 907 907 896 896 896 906 906 906 896 896 896 907 907 907 898 898 898 908 908 908 898 898 898 907 907 907 898 898 898 908 908 908 900 900 900 909 909 909 900 900 900 908 908 908 910 910 910 900 900 900 909 909 909 900 900 900 910 910 910 901 901 901 911 911 911 901 901 901 910 910 910 912 912 912 913 913 913 914 914 914 915 915 915 914 914 914 913 913 913 913 913 913 912 912 912 916 916 916 916 916 916 912 912 912 917 917 917 918 918 918 917 917 917 912 912 912 917 917 917 918 918 918 919 919 919 920 920 920 919 919 919 918 918 918 919 919 919 920 920 920 921 921 921 922 922 922 921 921 921 920 920 920 921 921 921 922 922 922 923 923 923 924 924 924 923 923 923 922 922 922 923 923 923 924 924 924 925 925 925 926 926 926 925 925 925 924 924 924 925 925 925 926 926 926 927 927 927 928 928 928 927 927 927 926 926 926 927 927 927 928 928 928 929 929 929 930 930 930 929 929 929 928 928 928 929 929 929 930 930 930 931 931 931 932 932 932 931 931 931 930 930 930 931 931 931 932 932 932 933 933 933 934 934 934 932 932 932 935 935 935 935 935 935 932 932 932 936 936 936 930 930 930 936 936 936 932 932 932 936 936 936 930 930 930 937 937 937 928 928 928 937 937 937 930 930 930 937 937 937 928 928 928 938 938 938 926 926 926 938 938 938 928 928 928 938 938 938 926 926 926 939 939 939 924 924 924 939 939 939 926 926 926 939 939 939 924 924 924 940 940 940 922 922 922 940 940 940 924 924 924 940 940 940 922 922 922 941 941 941 920 920 920 941 941 941 922 922 922 941 941 941 920 920 920 942 942 942 918 918 918 942 942 942 920 920 920 942 942 942 918 918 918 943 943 943 912 912 912 943 943 943 918 918 918 943 943 943 912 912 912 914 914 914 932 932 932 934 934 934 933 933 933 933 933 933 934 934 934 944 944 944 945 945 945 944 944 944 934 934 934 944 944 944 945 945 945 946 946 946 947 947 947 946 946 946 945 945 945 946 946 946 947 947 947 948 948 948 949 949 949 948 948 948 947 947 947 948 948 948 949 949 949 950 950 950 951 951 951 950 950 950 949 949 949 950 950 950 951 951 951 952 952 952 953 953 953 952 952 952 951 951 951 952 952 952 953 953 953 954 954 954 955 955 955 954 954 954 953 953 953 954 954 954 955 955 955 956 956 956 957 957 957 956 956 956 955 955 955 956 956 956 957 957 957 958 958 958 959 959 959 934 934 934 935 935 935 934 934 934 959 959 959 945 945 945 960 960 960 945 945 945 959 959 959 945 945 945 960 960 960 947 947 947 961 961 961 947 947 947 960 960 960 947 947 947 961 961 961 949 949 949 962 962 962 949 949 949 961 961 961 949 949 949 962 962 962 951 951 951 963 963 963 951 951 951 962 962 962 951 951 951 963 963 963 953 953 953 964 964 964 953 953 953 963 963 963 953 953 953 964 964 964 955 955 955 965 965 965 955 955 955 964 964 964 955 955 955 965 965 965 957 957 957 966 966 966 957 957 957 965 965 965 967 967 967 957 957 957 966 966 966 957 957 957 967 967 967 958 958 958 968 968 968 958 958 958 967 967 967 969 969 969 970 970 970 971 971 971 972 972 972 971 971 971 970 970 970 970 970 970 969 969 969 973 973 973 973 973 973 969 969 969 974 974 974 975 975 975 974 974 974 969 969 969 974 974 974 975 975 975 976 976 976 977 977 977 976 976 976 975 975 975 976 976 976 977 977 977 978 978 978 979 979 979 978 978 978 977 977 977 978 978 978 979 979 979 980 980 980 981 981 981 980 980 980 979 979 979 980 980 980 981 981 981 982 982 982 983 983 983 982 982 982 981 981 981 982 982 982 983 983 983 984 984 984 985 985 985 984 984 984 983 983 983 984 984 984 985 985 985 986 986 986 987 987 987 986 986 986 985 985 985 986 986 986 987 987 987 988 988 988 989 989 989 988 988 988 987 987 987 988 988 988 989 989 989 990 990 990 991 991 991 989 989 989 992 992 992 992 992 992 989 989 989 993 993 993 987 987 987 993 993 993 989 989 989 993 993 993 987 987 987 994 994 994 985 985 985 994 994 994 987 987 987 994 994 994 985 985 985 995 995 995 983 983 983 995 995 995 985 985 985 995 995 995 983 983 983 996 996 996 981 981 981 996 996 996 983 983 983 996 996 996 981 981 981 997 997 997 979 979 979 997 997 997 981 981 981 997 997 997 979 979 979 998 998 998 977 977 977 998 998 998 979 979 979 998 998 998 977 977 977 999 999 999 975 975 975 999 999 999 977 977 977 999 999 999 975 975 975 1000 1000 1000 969 969 969 1000 1000 1000 975 975 975 1000 1000 1000 969 969 969 971 971 971 989 989 989 991 991 991 990 990 990 990 990 990 991 991 991 1001 1001 1001 1002 1002 1002 1001 1001 1001 991 991 991 1001 1001 1001 1002 1002 1002 1003 1003 1003 1004 1004 1004 1003 1003 1003 1002 1002 1002 1003 1003 1003 1004 1004 1004 1005 1005 1005 1006 1006 1006 1005 1005 1005 1004 1004 1004 1005 1005 1005 1006 1006 1006 1007 1007 1007 1008 1008 1008 1007 1007 1007 1006 1006 1006 1007 1007 1007 1008 1008 1008 1009 1009 1009 1010 1010 1010 1009 1009 1009 1008 1008 1008 1009 1009 1009 1010 1010 1010 1011 1011 1011 1012 1012 1012 1011 1011 1011 1010 1010 1010 1011 1011 1011 1012 1012 1012 1013 1013 1013 1014 1014 1014 1013 1013 1013 1012 1012 1012 1013 1013 1013 1014 1014 1014 1015 1015 1015 1016 1016 1016 991 991 991 992 992 992 991 991 991 1016 1016 1016 1002 1002 1002 1017 1017 1017 1002 1002 1002 1016 1016 1016 1002 1002 1002 1017 1017 1017 1004 1004 1004 1018 1018 1018 1004 1004 1004 1017 1017 1017 1004 1004 1004 1018 1018 1018 1006 1006 1006 1019 1019 1019 1006 1006 1006 1018 1018 1018 1006 1006 1006 1019 1019 1019 1008 1008 1008 1020 1020 1020 1008 1008 1008 1019 1019 1019 1008 1008 1008 1020 1020 1020 1010 1010 1010 1021 1021 1021 1010 1010 1010 1020 1020 1020 1010 1010 1010 1021 1021 1021 1012 1012 1012 1022 1022 1022 1012 1012 1012 1021 1021 1021 1012 1012 1012 1022 1022 1022 1014 1014 1014 1023 1023 1023 1014 1014 1014 1022 1022 1022 1024 1024 1024 1014 1014 1014 1023 1023 1023 1014 1014 1014 1024 1024 1024 1015 1015 1015 1025 1025 1025 1015 1015 1015 1024 1024 1024 1026 1026 1026 1027 1027 1027 1028 1028 1028 1029 1029 1029 1028 1028 1028 1027 1027 1027 1027 1027 1027 1026 1026 1026 1030 1030 1030 1030 1030 1030 1026 1026 1026 1031 1031 1031 1032 1032 1032 1031 1031 1031 1026 1026 1026 1031 1031 1031 1032 1032 1032 1033 1033 1033 1034 1034 1034 1033 1033 1033 1032 1032 1032 1033 1033 1033 1034 1034 1034 1035 1035 1035 1036 1036 1036 1035 1035 1035 1034 1034 1034 1035 1035 1035 1036 1036 1036 1037 1037 1037 1038 1038 1038 1037 1037 1037 1036 1036 1036 1037 1037 1037 1038 1038 1038 1039 1039 1039 1040 1040 1040 1039 1039 1039 1038 1038 1038 1039 1039 1039 1040 1040 1040 1041 1041 1041 1042 1042 1042 1041 1041 1041 1040 1040 1040 1041 1041 1041 1042 1042 1042 1043 1043 1043 1044 1044 1044 1043 1043 1043 1042 1042 1042 1043 1043 1043 1044 1044 1044 1045 1045 1045 1046 1046 1046 1045 1045 1045 1044 1044 1044 1045 1045 1045 1046 1046 1046 1047 1047 1047 1048 1048 1048 1046 1046 1046 1049 1049 1049 1049 1049 1049 1046 1046 1046 1050 1050 1050 1044 1044 1044 1050 1050 1050 1046 1046 1046 1050 1050 1050 1044 1044 1044 1051 1051 1051 1042 1042 1042 1051 1051 1051 1044 1044 1044 1051 1051 1051 1042 1042 1042 1052 1052 1052 1040 1040 1040 1052 1052 1052 1042 1042 1042 1052 1052 1052 1040 1040 1040 1053 1053 1053 1038 1038 1038 1053 1053 1053 1040 1040 1040 1053 1053 1053 1038 1038 1038 1054 1054 1054 1036 1036 1036 1054 1054 1054 1038 1038 1038 1054 1054 1054 1036 1036 1036 1055 1055 1055 1034 1034 1034 1055 1055 1055 1036 1036 1036 1055 1055 1055 1034 1034 1034 1056 1056 1056 1032 1032 1032 1056 1056 1056 1034 1034 1034 1056 1056 1056 1032 1032 1032 1057 1057 1057 1026 1026 1026 1057 1057 1057 1032 1032 1032 1057 1057 1057 1026 1026 1026 1028 1028 1028 1046 1046 1046 1048 1048 1048 1047 1047 1047 1047 1047 1047 1048 1048 1048 1058 1058 1058 1059 1059 1059 1058 1058 1058 1048 1048 1048 1058 1058 1058 1059 1059 1059 1060 1060 1060 1061 1061 1061 1060 1060 1060 1059 1059 1059 1060 1060 1060 1061 1061 1061 1062 1062 1062 1063 1063 1063 1062 1062 1062 1061 1061 1061 1062 1062 1062 1063 1063 1063 1064 1064 1064 1065 1065 1065 1064 1064 1064 1063 1063 1063 1064 1064 1064 1065 1065 1065 1066 1066 1066 1067 1067 1067 1066 1066 1066 1065 1065 1065 1066 1066 1066 1067 1067 1067 1068 1068 1068 1069 1069 1069 1068 1068 1068 1067 1067 1067 1068 1068 1068 1069 1069 1069 1070 1070 1070 1071 1071 1071 1070 1070 1070 1069 1069 1069 1070 1070 1070 1071 1071 1071 1072 1072 1072 1073 1073 1073 1048 1048 1048 1049 1049 1049 1048 1048 1048 1073 1073 1073 1059 1059 1059 1074 1074 1074 1059 1059 1059 1073 1073 1073 1059 1059 1059 1074 1074 1074 1061 1061 1061 1075 1075 1075 1061 1061 1061 1074 1074 1074 1061 1061 1061 1075 1075 1075 1063 1063 1063 1076 1076 1076 1063 1063 1063 1075 1075 1075 1063 1063 1063 1076 1076 1076 1065 1065 1065 1077 1077 1077 1065 1065 1065 1076 1076 1076 1065 1065 1065 1077 1077 1077 1067 1067 1067 1078 1078 1078 1067 1067 1067 1077 1077 1077 1067 1067 1067 1078 1078 1078 1069 1069 1069 1079 1079 1079 1069 1069 1069 1078 1078 1078 1069 1069 1069 1079 1079 1079 1071 1071 1071 1080 1080 1080 1071 1071 1071 1079 1079 1079 1081 1081 1081 1071 1071 1071 1080 1080 1080 1071 1071 1071 1081 1081 1081 1072 1072 1072 1082 1082 1082 1072 1072 1072 1081 1081 1081 1083 1083 1083 1084 1084 1084 1085 1085 1085 1086 1086 1086 1085 1085 1085 1084 1084 1084 1084 1084 1084 1083 1083 1083 1087 1087 1087 1087 1087 1087 1083 1083 1083 1088 1088 1088 1089 1089 1089 1088 1088 1088 1083 1083 1083 1088 1088 1088 1089 1089 1089 1090 1090 1090 1091 1091 1091 1090 1090 1090 1089 1089 1089 1090 1090 1090 1091 1091 1091 1092 1092 1092 1093 1093 1093 1092 1092 1092 1091 1091 1091 1092 1092 1092 1093 1093 1093 1094 1094 1094 1095 1095 1095 1094 1094 1094 1093 1093 1093 1094 1094 1094 1095 1095 1095 1096 1096 1096 1097 1097 1097 1096 1096 1096 1095 1095 1095 1096 1096 1096 1097 1097 1097 1098 1098 1098 1099 1099 1099 1098 1098 1098 1097 1097 1097 1098 1098 1098 1099 1099 1099 1100 1100 1100 1101 1101 1101 1100 1100 1100 1099 1099 1099 1100 1100 1100 1101 1101 1101 1102 1102 1102 1103 1103 1103 1102 1102 1102 1101 1101 1101 1102 1102 1102 1103 1103 1103 1104 1104 1104 1105 1105 1105 1103 1103 1103 1106 1106 1106 1106 1106 1106 1103 1103 1103 1107 1107 1107 1101 1101 1101 1107 1107 1107 1103 1103 1103 1107 1107 1107 1101 1101 1101 1108 1108 1108 1099 1099 1099 1108 1108 1108 1101 1101 1101 1108 1108 1108 1099 1099 1099 1109 1109 1109 1097 1097 1097 1109 1109 1109 1099 1099 1099 1109 1109 1109 1097 1097 1097 1110 1110 1110 1095 1095 1095 1110 1110 1110 1097 1097 1097 1110 1110 1110 1095 1095 1095 1111 1111 1111 1093 1093 1093 1111 1111 1111 1095 1095 1095 1111 1111 1111 1093 1093 1093 1112 1112 1112 1091 1091 1091 1112 1112 1112 1093 1093 1093 1112 1112 1112 1091 1091 1091 1113 1113 1113 1089 1089 1089 1113 1113 1113 1091 1091 1091 1113 1113 1113 1089 1089 1089 1114 1114 1114 1083 1083 1083 1114 1114 1114 1089 1089 1089 1114 1114 1114 1083 1083 1083 1085 1085 1085 1103 1103 1103 1105 1105 1105 1104 1104 1104 1104 1104 1104 1105 1105 1105 1115 1115 1115 1116 1116 1116 1115 1115 1115 1105 1105 1105 1115 1115 1115 1116 1116 1116 1117 1117 1117 1118 1118 1118 1117 1117 1117 1116 1116 1116 1117 1117 1117 1118 1118 1118 1119 1119 1119 1120 1120 1120 1119 1119 1119 1118 1118 1118 1119 1119 1119 1120 1120 1120 1121 1121 1121 1122 1122 1122 1121 1121 1121 1120 1120 1120 1121 1121 1121 1122 1122 1122 1123 1123 1123 1124 1124 1124 1123 1123 1123 1122 1122 1122 1123 1123 1123 1124 1124 1124 1125 1125 1125 1126 1126 1126 1125 1125 1125 1124 1124 1124 1125 1125 1125 1126 1126 1126 1127 1127 1127 1128 1128 1128 1127 1127 1127 1126 1126 1126 1127 1127 1127 1128 1128 1128 1129 1129 1129 1130 1130 1130 1105 1105 1105 1106 1106 1106 1105 1105 1105 1130 1130 1130 1116 1116 1116 1131 1131 1131 1116 1116 1116 1130 1130 1130 1116 1116 1116 1131 1131 1131 1118 1118 1118 1132 1132 1132 1118 1118 1118 1131 1131 1131 1118 1118 1118 1132 1132 1132 1120 1120 1120 1133 1133 1133 1120 1120 1120 1132 1132 1132 1120 1120 1120 1133 1133 1133 1122 1122 1122 1134 1134 1134 1122 1122 1122 1133 1133 1133 1122 1122 1122 1134 1134 1134 1124 1124 1124 1135 1135 1135 1124 1124 1124 1134 1134 1134 1124 1124 1124 1135 1135 1135 1126 1126 1126 1136 1136 1136 1126 1126 1126 1135 1135 1135 1126 1126 1126 1136 1136 1136 1128 1128 1128 1137 1137 1137 1128 1128 1128 1136 1136 1136 1138 1138 1138 1128 1128 1128 1137 1137 1137 1128 1128 1128 1138 1138 1138 1129 1129 1129 1139 1139 1139 1129 1129 1129 1138 1138 1138 1140 1140 1140 1141 1141 1141 1142 1142 1142 1143 1143 1143 1142 1142 1142 1141 1141 1141 1141 1141 1141 1140 1140 1140 1144 1144 1144 1144 1144 1144 1140 1140 1140 1145 1145 1145 1146 1146 1146 1145 1145 1145 1140 1140 1140 1145 1145 1145 1146 1146 1146 1147 1147 1147 1148 1148 1148 1147 1147 1147 1146 1146 1146 1147 1147 1147 1148 1148 1148 1149 1149 1149 1150 1150 1150 1149 1149 1149 1148 1148 1148 1149 1149 1149 1150 1150 1150 1151 1151 1151 1152 1152 1152 1151 1151 1151 1150 1150 1150 1151 1151 1151 1152 1152 1152 1153 1153 1153 1154 1154 1154 1153 1153 1153 1152 1152 1152 1153 1153 1153 1154 1154 1154 1155 1155 1155 1156 1156 1156 1155 1155 1155 1154 1154 1154 1155 1155 1155 1156 1156 1156 1157 1157 1157 1158 1158 1158 1157 1157 1157 1156 1156 1156 1157 1157 1157 1158 1158 1158 1159 1159 1159 1160 1160 1160 1159 1159 1159 1158 1158 1158 1159 1159 1159 1160 1160 1160 1161 1161 1161 1162 1162 1162 1160 1160 1160 1163 1163 1163 1163 1163 1163 1160 1160 1160 1164 1164 1164 1158 1158 1158 1164 1164 1164 1160 1160 1160 1164 1164 1164 1158 1158 1158 1165 1165 1165 1156 1156 1156 1165 1165 1165 1158 1158 1158 1165 1165 1165 1156 1156 1156 1166 1166 1166 1154 1154 1154 1166 1166 1166 1156 1156 1156 1166 1166 1166 1154 1154 1154 1167 1167 1167 1152 1152 1152 1167 1167 1167 1154 1154 1154 1167 1167 1167 1152 1152 1152 1168 1168 1168 1150 1150 1150 1168 1168 1168 1152 1152 1152 1168 1168 1168 1150 1150 1150 1169 1169 1169 1148 1148 1148 1169 1169 1169 1150 1150 1150 1169 1169 1169 1148 1148 1148 1170 1170 1170 1146 1146 1146 1170 1170 1170 1148 1148 1148 1170 1170 1170 1146 1146 1146 1171 1171 1171 1140 1140 1140 1171 1171 1171 1146 1146 1146 1171 1171 1171 1140 1140 1140 1142 1142 1142 1160 1160 1160 1162 1162 1162 1161 1161 1161 1161 1161 1161 1162 1162 1162 1172 1172 1172 1173 1173 1173 1172 1172 1172 1162 1162 1162 1172 1172 1172 1173 1173 1173 1174 1174 1174 1175 1175 1175 1174 1174 1174 1173 1173 1173 1174 1174 1174 1175 1175 1175 1176 1176 1176 1177 1177 1177 1176 1176 1176 1175 1175 1175 1176 1176 1176 1177 1177 1177 1178 1178 1178 1179 1179 1179 1178 1178 1178 1177 1177 1177 1178 1178 1178 1179 1179 1179 1180 1180 1180 1181 1181 1181 1180 1180 1180 1179 1179 1179 1180 1180 1180 1181 1181 1181 1182 1182 1182 1183 1183 1183 1182 1182 1182 1181 1181 1181 1182 1182 1182 1183 1183 1183 1184 1184 1184 1185 1185 1185 1184 1184 1184 1183 1183 1183 1184 1184 1184 1185 1185 1185 1186 1186 1186 1187 1187 1187 1162 1162 1162 1163 1163 1163 1162 1162 1162 1187 1187 1187 1173 1173 1173 1188 1188 1188 1173 1173 1173 1187 1187 1187 1173 1173 1173 1188 1188 1188 1175 1175 1175 1189 1189 1189 1175 1175 1175 1188 1188 1188 1175 1175 1175 1189 1189 1189 1177 1177 1177 1190 1190 1190 1177 1177 1177 1189 1189 1189 1177 1177 1177 1190 1190 1190 1179 1179 1179 1191 1191 1191 1179 1179 1179 1190 1190 1190 1179 1179 1179 1191 1191 1191 1181 1181 1181 1192 1192 1192 1181 1181 1181 1191 1191 1191 1181 1181 1181 1192 1192 1192 1183 1183 1183 1193 1193 1193 1183 1183 1183 1192 1192 1192 1183 1183 1183 1193 1193 1193 1185 1185 1185 1194 1194 1194 1185 1185 1185 1193 1193 1193 1195 1195 1195 1185 1185 1185 1194 1194 1194 1185 1185 1185 1195 1195 1195 1186 1186 1186 1196 1196 1196 1186 1186 1186 1195 1195 1195</p>
      </triangles>
    </mesh></geometry>
  </library_geometries>
  <library_visual_scenes>
    <visual_scene id="Scene" name="Scene">
      <node id="vfx_kurp_1187" name="vfx_kurp_1187" type="NODE">
        <instance_geometry url="#vfx_kurp_1187-mesh"><bind_material><technique_common><instance_material symbol="PreviewMaterial" target="#PreviewMaterial"><bind_vertex_input semantic="UVSET0" input_semantic="TEXCOORD" input_set="0"/></instance_material></technique_common></bind_material></instance_geometry>
      </node>
    </visual_scene>
  </library_visual_scenes>
  <scene><instance_visual_scene url="#Scene"/></scene>
</COLLADA>
