<?xml version="1.0" encoding="utf-8"?>
<COLLADA xmlns="http://www.collada.org/2005/11/COLLADASchema" version="1.4.1">
  <asset>
    <contributor><authoring_tool>Morrobroom Kurpulio VFX preview converter</authoring_tool></contributor>
    <unit name="unit" meter="1"/>
    <up_axis>Z_UP</up_axis>
  </asset>
  <library_images>
    <image id="VFXTexture" name="darkmap_newgen-1.dds">
      <init_from>../../../Textures/Kurp/darkmap_newgen-1.dds</init_from>
    </image>
  </library_images>
  <library_effects>
    <effect id="PreviewEffect">
      <profile_COMMON>
        <newparam sid="VFXTexture-surface">
          <surface type="2D"><init_from>VFXTexture</init_from></surface>
        </newparam>
        <newparam sid="VFXTexture-sampler">
          <sampler2D><source>VFXTexture-surface</source></sampler2D>
        </newparam>
        <technique sid="common"><phong>
          <emission><color>0.08 0.08 0.08 1</color></emission>
          <ambient><color>0.2 0.2 0.2 1</color></ambient>
          <diffuse><texture texture="VFXTexture-sampler" texcoord="UVSET0"/></diffuse>
          <specular><color>0.15 0.15 0.15 1</color></specular>
          <shininess><float>8</float></shininess>
          <transparent opaque="A_ONE"><texture texture="VFXTexture-sampler" texcoord="UVSET0"/></transparent>
          <transparency><float>1</float></transparency>
        </phong></technique>
      </profile_COMMON>
      <extra><technique profile="GOOGLEEARTH"><double_sided>1</double_sided></technique></extra>
    </effect>
  </library_effects>
  <library_materials><material id="PreviewMaterial" name="PreviewMaterial"><instance_effect url="#PreviewEffect"/></material></library_materials>
  <library_geometries>
    <geometry id="vfx_kurp_1153-mesh" name="vfx_kurp_1153"><mesh>
      <source id="vfx_kurp_1153-mesh-positions">
        <float_array id="vfx_kurp_1153-mesh-positions-array" count="12222">-0.103334345 -0.00307082064 1.76121914 -0.104833276 -0.597595965 2.1119947 -0.0579327879 -0.88918222 2.42110258 0.116648304 -0.455719658 1.40580955 0.0844372269 -0.866493124 2.01758343 0.0698402301 -0.749636618 1.63983225 0.0416829098 -1.26921448 2.44742032 -0.00926796743 -1.07136415 2.16478324 0.00453512764 -1.5644854 2.80893338 -0.00926796743 -1.07136415 2.16478324 0.0416829098 -1.26921448 2.44742032 -0.00926796743 -1.07136415 2.16478324 0.00453512764 -1.5644854 2.80893338 -0.0553696627 -1.19513047 2.44077239 -0.0858402575 -0.998282948 2.37747927 -0.102060461 -1.00691555 2.30671265 -0.148166538 -0.216872902 1.8404318 -0.211624685 0.0700572085 1.45169248 -0.160821829 0.305836987 1.43166089 -0.160821829 0.305836987 1.43166089 -0.103334345 -0.00307082064 1.76121914 -0.0234738287 -0.115079628 1.90161834 -0.0325091462 -0.746393116 2.37892143 -0.0325091462 -0.746393116 2.37892143 -0.104833276 -0.597595965 2.1119947 -0.0858402575 -0.998282948 2.37747927 -0.0579327879 -0.88918222 2.42110258 -0.00493878684 -0.758538942 1.62297266 -0.0943271382 -0.539233172 1.45863285 -0.00493878684 -0.758538942 1.62297266 -0.088097856 -0.421846565 1.15433723 -0.157833499 -0.0467322508 0.892455132 -0.146396124 -0.268284536 1.2399533 -0.218411107 -0.0184542746 1.17901453 -0.181748229 -0.219273446 1.56471986 -0.146396124 -0.268284536 1.2399533 -0.0943271382 -0.539233172 1.45863285 -0.181748229 -0.219273446 1.56471986 -0.244167231 0.385885171 1.19243767 -0.262598255 0.270406724 0.934751155 -0.289826925 0.168739109 0.810437923 -0.170553759 -0.0177641628 0.723110582 -0.088883347 -0.294105706 0.741426854 -0.00898218801 -0.499240312 0.928357723 -0.00799035502 -0.452269945 0.636569112 0.0718727145 -0.311256253 0.585384202 -0.00898218801 -0.499240312 0.928357723 -0.00799035502 -0.452269945 0.636569112 0.0356989492 -0.402334833 0.959214869 0.1279273 -0.256716098 0.921799326 0.202642037 -0.0656279346 0.722895186 0.216610432 -0.0293468216 1.19949419 0.20282674 -0.218458314 1.2991549 0.196885594 -0.308900498 1.59006377 0.217233948 0.0929884767 0.37747405 0.100161925 -0.145837848 0.249122778 0.000318693172 -0.448482439 0.170705163 0.000318693172 -0.448482439 0.170705163 -0.0947826974 -0.153762757 0.245134949 -0.198840857 0.152409579 0.374436286 -0.310074461 0.336104508 0.228742038 -0.300296824 0.505420009 0.695872691 -0.222541849 0.632989833 0.885585694 -0.222541849 0.632989833 0.885585694 -0.244167231 0.385885171 1.19243767 6.42125522e-05 0.703379528 0.968313873 7.43173677e-05 0.440954903 1.33369678 0.0664413622 -0.537669104 1.26930317 -0.000728230471 -0.657966871 1.39036374 -0.000728230471 -0.657966871 1.39036374 0.0698402301 -0.749636618 1.63983225 0.0664413622 -0.537669104 1.26930317 0.116648304 -0.455719658 1.40580955 0.352672724 0.241243994 0.952385021 0.236833944 0.159968055 1.24104655 0.124778062 -0.343910559 1.78383375 0.153391026 -0.603855208 1.92368581 0.109577953 -0.896925972 2.14783056 0.138473067 -0.675770991 2.07897967 0.0896484516 -0.970372649 2.27166963 0.0620024779 -1.0455941 2.50252686 0.106919583 -0.28937819 1.99795373 0.153391026 -0.603855208 1.92368581 0.124778062 -0.343910559 1.78383375 0.138473067 -0.675770991 2.07897967 0.310495927 0.338024958 0.220165234 0.300557716 0.505419666 0.695872731 0.352672724 0.241243994 0.952385021 0.300557716 0.505419666 0.695872731 0.236833944 0.159968055 1.24104655 0.222716219 0.632989763 0.885585901 0.137007056 0.441227465 1.13442437 6.42125522e-05 0.703379528 0.968313873 0.137007056 0.441227465 1.13442437 6.42125522e-05 0.703379528 0.968313873 0.195965514 0.257222684 1.44682002 7.43173677e-05 0.440954903 1.33369678 0.195965514 0.257222684 1.44682002 6.42125522e-05 0.703379528 0.968313873 -0.0234738287 -0.115079628 1.90161834 0.106919583 -0.28937819 1.99795373 -0.0325091462 -0.746393116 2.37892143 0.0620024779 -1.0455941 2.50252686 0.00453512764 -1.5644854 2.80893338 0.00453512764 -1.5644854 2.80893338 0.109577953 -0.896925972 2.14783056 0.0844372269 -0.866493124 2.01758343 0.236833944 0.159968055 1.24104655 0.106919583 -0.28937819 1.99795373 0.124778062 -0.343910559 1.78383375 -0.0766029651 -1.6719115 0.0752929569 -0.0777144449 -2.18386145 0.0801274143 -0.0429294018 -2.48577865 0.170539305 -0.0766029651 -1.6719115 0.0752929569 -0.0777144449 -2.18386145 0.0801274143 -0.0429294018 -2.48577865 0.170539305 0.0865526845 -1.83085288 -0.320849055 0.0626627657 -2.32156539 -0.0802309807 0.0518364511 -2.1064228 -0.279529507 0.0309531654 -2.73963642 0.0465132474 -0.006835919 -2.50774304 -0.0616570241 0.00340173845 -3.06335468 0.169219083 -0.006835919 -2.50774304 -0.0616570241 0.0309531654 -2.73963642 0.0465132474 -0.006835919 -2.50774304 -0.0616570241 0.00340173845 -3.06335468 0.169219083 -0.0410283024 -2.68958659 0.0697162174 -0.0636276383 -2.53967788 0.102060831 -0.075657766 -2.51897979 0.05340565 -0.109853797 -1.83861364 0.0468862257 -0.156919243 -1.51015666 -0.0964003649 -0.119240128 -1.35128456 -0.0218308992 -0.119240128 -1.35128456 -0.0218308992 -0.0766029651 -1.6719115 0.0752929569 -0.0173723868 -1.79592108 0.123935599 -0.0240733841 -2.37842183 0.196397503 -0.0240733841 -2.37842183 0.196397503 -0.0636276383 -2.53967788 0.102060831 0.0865526845 -1.83085288 -0.320849055 0.0626627657 -2.32156539 -0.0802309807 0.0518364511 -2.1064228 -0.279529507 0.0518364511 -2.1064228 -0.279529507 0.0309531654 -2.73963642 0.0465132474 -0.006835919 -2.50774304 -0.0616570241 0.00340173845 -3.06335468 0.169219083 0.00340173845 -3.06335468 0.169219083 -0.0410283024 -2.68958659 0.0697162174 -0.0636276383 -2.53967788 0.102060831 -0.0410283024 -2.68958659 0.0697162174 -0.119240128 -1.35128456 -0.0218308992 -0.0173723868 -1.79592108 0.123935599 -0.00362525412 -2.10588888 -0.29365982 -0.069922428 -1.90408333 -0.317890078 -0.00362525412 -2.10588888 -0.29365982 -0.0653024107 -1.71584039 -0.469810802 -0.117023732 -1.37778537 -0.498913757 -0.108540794 -1.64895576 -0.357872281 -0.161952588 -1.46588919 -0.304367397 -0.134760531 -1.73791109 -0.131096433 -0.108540794 -1.64895576 -0.357872281 -0.069922428 -1.90408333 -0.317890078 -0.134760531 -1.73791109 -0.131096433 -0.069922428 -1.90408333 -0.317890078 -0.00362525412 -2.10588888 -0.29365982 -0.006835919 -2.50774304 -0.0616570241 -0.181055351 -1.21115589 -0.145801466 -0.194725196 -1.18976893 -0.354139659 -0.214919998 -1.20897098 -0.471689372 -0.126458058 -1.29637954 -0.596942963 -0.0658850867 -1.48066867 -0.68765599 -0.00662432722 -1.68174943 -0.643660049 -0.00588876801 -1.54337375 -0.813660276 0.0533435997 -1.43381797 -0.794243709 -0.00662432722 -1.68174943 -0.643660049 -0.00588876801 -1.54337375 -0.813660276 0.0265145176 -1.63094903 -0.587904065 0.0949179086 -1.52354188 -0.55793557 0.150331841 -1.32704293 -0.614830952 0.1606919 -1.48048001 -0.295252462 0.150468967 -1.63890607 -0.301368982 0.146062639 -1.80487784 -0.148054841 -0.126458058 -1.29637954 -0.596942963 -0.161952588 -1.46588919 -0.304367397 -0.214919998 -1.20897098 -0.471689372 0.0533435997 -1.43381797 -0.794243709 -0.00662432722 -1.68174943 -0.643660049 -0.00588876801 -1.54337375 -0.813660276 0.0493154764 -1.8328679 -0.438918352 -0.00050245685 -1.95503017 -0.405770907 -0.00050245685 -1.95503017 -0.405770907 0.0493154764 -1.8328679 -0.438918352 0.161154191 -1.09706689 -0.777877371 0.261605762 -1.21503953 -0.353627884 0.175691132 -1.37429051 -0.198357995 0.0925823487 -1.89922229 -0.03657758 0.113803957 -2.11804964 -0.0431464119 0.0813090412 -2.38941293 -0.00785766927 0.102739734 -2.22183067 0.0299313238 0.0665278701 -2.48251296 0.0444485845 0.0460236105 -2.61643882 0.16483564 0.0793371787 -1.94359942 0.121176365 0.113803957 -2.11804964 -0.0431464119 0.0925823487 -1.89922229 -0.03657758 0.102739734 -2.22183067 0.0299313238 0.161154191 -1.09706689 -0.777877371 0.261605762 -1.21503953 -0.353627884 0.150331841 -1.32704293 -0.614830952 0.23032415 -0.881341686 -0.78804969 0.222953235 -0.950232597 -0.420421972 0.222953235 -0.950232597 -0.420421972 0.175691132 -1.37429051 -0.198357995 0.165220161 -0.93864604 -0.251259686 0.175691132 -1.37429051 -0.198357995 0.222953235 -0.950232597 -0.420421972 0.175691132 -1.37429051 -0.198357995 0.165220161 -0.93864604 -0.251259686 0.10165194 -1.15409548 -0.162540963 8.4788112e-05 -0.924112702 -0.172019568 0.10165194 -1.15409548 -0.162540963 0.165220161 -0.93864604 -0.251259686 0.10165194 -1.15409548 -0.162540963 8.4788112e-05 -0.924112702 -0.172019568 0.145380032 -1.38813136 -0.0301220737 9.241933e-05 -1.2281683 -0.0346474752 0.145380032 -1.38813136 -0.0301220737 8.4788112e-05 -0.924112702 -0.172019568 -0.0173723868 -1.79592108 0.123935599 0.145380032 -1.38813136 -0.0301220737 -0.0173723868 -1.79592108 0.123935599 0.0793371787 -1.94359942 0.121176365 -0.0240733841 -2.37842183 0.196397503 0.0793371787 -1.94359942 0.121176365 -0.0173723868 -1.79592108 0.123935599 0.0793371787 -1.94359942 0.121176365 -0.0240733841 -2.37842183 0.196397503 0.0460236105 -2.61643882 0.16483564 0.00340173845 -3.06335468 0.169219083 0.0460236105 -2.61643882 0.16483564 -0.0240733841 -2.37842183 0.196397503 0.00340173845 -3.06335468 0.169219083 0.0813090412 -2.38941293 -0.00785766927 0.175691132 -1.37429051 -0.198357995 0.0793371787 -1.94359942 0.121176365 0.0925823487 -1.89922229 -0.03657758 0.0743248873 -1.20286996 -0.948884324 0.000273772688 -1.36818112 -1.1114846 0.000273772688 -1.36818112 -1.1114846 -0.0702606007 -1.20648139 -0.954384595 -0.14743799 -1.05777382 -0.757792983 -0.229937196 -0.885756004 -0.783252912 -0.222685368 -0.950232641 -0.420421945 -0.222685368 -0.950232641 -0.420421945 -0.181055351 -1.21115589 -0.145801466 -0.165016501 -0.938646064 -0.251259818 -0.165016501 -0.938646064 -0.251259818 -0.181055351 -1.21115589 -0.145801466 8.4788112e-05 -0.924112702 -0.172019568 9.241933e-05 -1.2281683 -0.0346474752 -0.0173723868 -1.79592108 0.123935599 9.241933e-05 -1.2281683 -0.0346474752 -0.119240128 -1.35128456 -0.0218308992 -0.0877422154 1.97976091 0.589090116 -0.0890151182 1.69143193 1.09956253 -0.0491819952 1.60822766 1.45074271 -0.0877422154 1.97976091 0.589090116 -0.0890151182 1.69143193 1.09956253 -0.0491819952 1.60822766 1.45074271 0.099091546 1.49590031 0.519897371 0.0717343821 1.45355931 1.14430923 0.0593370247 1.37909603 0.816840043 0.0354227768 1.33988057 1.63148263 -0.00785035444 1.36538073 1.33957781 0.00387282472 1.27622015 2.02277288 -0.00785035444 1.36538073 1.33957781 0.0354227768 1.33988057 1.63148263 -0.00785035444 1.36538073 1.33957781 0.00387282472 1.27622015 2.02277288 -0.0470050014 1.39154794 1.5951326 -0.0728840502 1.50945638 1.46498665 -0.0866600292 1.47305554 1.41660209 -0.125818596 1.85614244 0.73814519 -0.179714286 1.9021061 0.330371435 -0.136566994 2.0670215 0.215512584 -0.136566994 2.0670215 0.215512584 -0.0877422154 1.97976091 0.589090116 -0.0199158367 1.95699703 0.73992229 -0.0275894808 1.69533997 1.35908133 -0.0275894808 1.69533997 1.35908133 -0.0728840502 1.50945638 1.46498665 0.099091546 1.49590031 0.519897371 0.0717343821 1.45355931 1.14430923 0.0593370247 1.37909603 0.816840043 0.0593370247 1.37909603 0.816840043 0.0354227768 1.33988057 1.63148263 -0.00785035444 1.36538073 1.33957781 0.00387282472 1.27622015 2.02277288 0.00387282472 1.27622015 2.02277288 -0.0470050014 1.39154794 1.5951326 -0.0728840502 1.50945638 1.46498665 -0.0470050014 1.39154794 1.5951326 -0.136566994 2.0670215 0.215512584 -0.0199158367 1.95699703 0.73992229 -0.00417355625 1.36538874 0.808219973 -0.0800920635 1.45690569 0.59421467 -0.00417355625 1.36538874 0.808219973 -0.0748014546 1.41402554 0.320548694 -0.134028752 1.57872155 -0.031366254 -0.124314845 1.56333138 0.318310503 -0.18547799 1.72120968 0.167396903 -0.154339831 1.73729408 0.536371592 -0.124314845 1.56333138 0.318310503 -0.0800920635 1.45690569 0.59421467 -0.154339831 1.73729408 0.536371592 -0.0800920635 1.45690569 0.59421467 -0.00417355625 1.36538874 0.808219973 -0.00785035444 1.36538073 1.33957781 -0.207353067 2.02431129 0.0055650206 -0.223006653 1.82994624 -0.134931195 -0.246132201 1.70237699 -0.183192948 -0.144832174 1.52811514 -0.168224852 -0.0754685511 1.3326374 -0.037402884 -0.00760763369 1.26113723 0.187200918 -0.00676522716 1.17177541 -0.0473630491 0.0610632594 1.25375841 -0.144893043 -0.00760763369 1.26113723 0.187200918 -0.00676522716 1.17177541 -0.0473630491 0.030340479 1.34551723 0.168745645 0.108670928 1.43673462 0.0793878493 0.172126867 1.49281893 -0.148057646 0.183990305 1.72189483 0.187085753 0.172283717 1.6251204 0.340695947 0.167237806 1.68213373 0.593073232 -0.144832174 1.52811514 -0.168224852 -0.18547799 1.72120968 0.167396903 -0.246132201 1.70237699 -0.183192948 0.0610632594 1.25375841 -0.144893043 -0.00760763369 1.26113723 0.187200918 -0.00676522716 1.17177541 -0.0473630491 0.0564503241 1.37765621 0.454293695 -0.000597483752 1.3405832 0.594421782 -0.000597483752 1.3405832 0.594421782 0.0564503241 1.37765621 0.454293695 0.184519952 1.46280032 -0.469480733 0.299549351 1.81598485 -0.109576995 0.201166266 1.87878605 0.13725498 0.105996124 1.73866847 0.75046306 0.130297483 1.60686189 0.963714632 0.0930866583 1.4864855 1.25303266 0.117627512 1.61991247 1.10847659 0.0761603268 1.48505243 1.3753089 0.0526803051 1.52776024 1.57705345 0.0908286806 1.8697056 0.884796189 0.130297483 1.60686189 0.963714632 0.105996124 1.73866847 0.75046306 0.117627512 1.61991247 1.10847659 0.184519952 1.46280032 -0.469480733 0.299549351 1.81598485 -0.109576995 0.172126867 1.49281893 -0.148057646 0.26372826 1.57622844 -0.689241316 0.255287483 1.90136313 -0.410431719 0.255287483 1.90136313 -0.410431719 0.201166266 1.87878605 0.13725498 0.189175825 2.07575676 -0.32506626 0.201166266 1.87878605 0.13725498 0.255287483 1.90136313 -0.410431719 0.201166266 1.87878605 0.13725498 0.189175825 2.07575676 -0.32506626 0.116382173 2.04038143 -0.0606065172 7.5129071e-05 2.16266092 -0.294109215 0.116382173 2.04038143 -0.0606065172 0.189175825 2.07575676 -0.32506626 0.116382173 2.04038143 -0.0606065172 7.5129071e-05 2.16266092 -0.294109215 0.166456191 2.03770209 0.247306742 8.37432221e-05 2.12480305 0.0860790182 0.166456191 2.03770209 0.247306742 7.5129071e-05 2.16266092 -0.294109215 -0.0199158367 1.95699703 0.73992229 0.166456191 2.03770209 0.247306742 -0.0199158367 1.95699703 0.73992229 0.0908286806 1.8697056 0.884796189 -0.0275894808 1.69533997 1.35908133 0.0908286806 1.8697056 0.884796189 -0.0199158367 1.95699703 0.73992229 0.0908286806 1.8697056 0.884796189 -0.0275894808 1.69533997 1.35908133 0.0526803051 1.52776024 1.57705345 0.00387282472 1.27622015 2.02277288 0.0526803051 1.52776024 1.57705345 -0.0275894808 1.69533997 1.35908133 0.00387282472 1.27622015 2.02277288 0.0930866583 1.4864855 1.25303266 0.201166266 1.87878605 0.13725498 0.0908286806 1.8697056 0.884796189 0.105996124 1.73866847 0.75046306 0.0850895771 1.23263251 -0.462467411 0.000291811909 0.976729598 -0.391625932 0.000291811909 0.976729598 -0.391625932 -0.0804788923 1.2251101 -0.462035204 -0.168856728 1.50521565 -0.496948565 -0.263328587 1.57845793 -0.68211725 -0.255024493 1.90136305 -0.41043189 -0.255024493 1.90136305 -0.41043189 -0.207353067 2.02431129 0.0055650206 -0.188986461 2.07575653 -0.325066437 -0.188986461 2.07575653 -0.325066437 -0.207353067 2.02431129 0.0055650206 7.5129071e-05 2.16266092 -0.294109215 8.37432221e-05 2.12480305 0.0860790182 -0.0199158367 1.95699703 0.73992229 8.37432221e-05 2.12480305 0.0860790182 -0.136566994 2.0670215 0.215512584 -0.0766028752 -2.81355783 -4.6170788 -0.0777143249 -2.81839147 -5.12902846 -0.0429292645 -2.90880264 -5.43094581 -0.0766028752 -2.81355783 -4.6170788 -0.0777143249 -2.81839147 -5.12902846 -0.0429292645 -2.90880264 -5.43094581 0.0865527867 -2.41741562 -4.77601909 0.0626628992 -2.65803272 -5.26673187 0.0518365661 -2.45873458 -5.05158949 0.0309533179 -2.78477595 -5.68480403 -0.00683577878 -2.67660636 -5.45290992 0.0034019102 -2.90748119 -6.0085222 -0.00683577878 -2.67660636 -5.45290992 0.0309533179 -2.78477595 -5.68480403 -0.00683577878 -2.67660636 -5.45290992 0.0034019102 -2.90748119 -6.0085222 -0.0410281501 -2.8079791 -5.63475368 -0.0636274952 -2.84032403 -5.48484503 -0.0756576259 -2.79166911 -5.46414728 -0.109853693 -2.78515095 -4.78378078 -0.156919157 -2.64186478 -4.45532359 -0.11924006 -2.71643457 -4.29645139 -0.11924006 -2.71643457 -4.29645139 -0.0766028752 -2.81355783 -4.6170788 -0.0173722893 -2.86220038 -4.7410885 -0.0240732524 -2.93466128 -5.32358936 -0.0240732524 -2.93466128 -5.32358936 -0.0636274952 -2.84032403 -5.48484503 0.0865527867 -2.41741562 -4.77601909 0.0626628992 -2.65803272 -5.26673187 0.0518365661 -2.45873458 -5.05158949 0.0518365661 -2.45873458 -5.05158949 0.0309533179 -2.78477595 -5.68480403 -0.00683577878 -2.67660636 -5.45290992 0.0034019102 -2.90748119 -6.0085222 0.0034019102 -2.90748119 -6.0085222 -0.0410281501 -2.8079791 -5.63475368 -0.0636274952 -2.84032403 -5.48484503 -0.0410281501 -2.8079791 -5.63475368 -0.11924006 -2.71643457 -4.29645139 -0.0173722893 -2.86220038 -4.7410885 -0.00362513602 -2.44460426 -5.05105515 -0.0699223208 -2.42037454 -4.84924972 -0.00362513602 -2.44460426 -5.05105515 -0.0653023131 -2.26845396 -4.66100636 -0.117023654 -2.23935166 -4.32295147 -0.108540703 -2.38039296 -4.59412197 -0.161952505 -2.43389788 -4.41105556 -0.134760434 -2.60716842 -4.68307796 -0.108540703 -2.38039296 -4.59412197 -0.0699223208 -2.42037454 -4.84924972 -0.134760434 -2.60716842 -4.68307796 -0.0699223208 -2.42037454 -4.84924972 -0.00362513602 -2.44460426 -5.05105515 -0.00683577878 -2.67660636 -5.45290992 -0.181055288 -2.59246457 -4.15632255 -0.194725131 -2.38412626 -4.13493543 -0.214919934 -2.26657642 -4.15413731 -0.126457978 -2.14132286 -4.24154542 -0.0658850045 -2.05060928 -4.42583415 -0.00662423231 -2.094605 -4.62691529 -0.00588868054 -1.92460485 -4.48853919 0.0533436786 -1.94402186 -4.37898332 -0.00662423231 -2.094605 -4.62691529 -0.00588868054 -1.92460485 -4.48853919 0.0265146108 -2.15036113 -4.57611476 0.0949179853 -2.18032969 -4.46870731 0.150331911 -2.12343468 -4.27220871 0.160691987 -2.44301288 -4.42564647 0.150469057 -2.43689614 -4.58407248 0.146062733 -2.59020988 -4.75004448 -0.126457978 -2.14132286 -4.24154542 -0.161952505 -2.43389788 -4.41105556 -0.214919934 -2.26657642 -4.15413731 0.0533436786 -1.94402186 -4.37898332 -0.00662423231 -2.094605 -4.62691529 -0.00588868054 -1.92460485 -4.48853919 0.049315578 -2.29934616 -4.77803423 -0.000502347327 -2.33249351 -4.90019664 -0.000502347327 -2.33249351 -4.90019664 0.049315578 -2.29934616 -4.77803423 0.161154249 -1.96038869 -4.04223231 0.261605816 -2.38463794 -4.16020604 0.175691215 -2.53990751 -4.31945699 0.0925824634 -2.70168696 -4.84438905 0.113804082 -2.6951175 -5.06321658 0.0813091727 -2.73040571 -5.33458022 0.102739861 -2.76819518 -5.16699789 0.0665280096 -2.78271186 -5.42767979 0.0460237578 -2.90309883 -5.56160594 0.0793372941 -2.85944098 -4.88876649 0.113804082 -2.6951175 -5.06321658 0.0925824634 -2.70168696 -4.84438905 0.102739861 -2.76819518 -5.16699789 0.161154249 -1.96038869 -4.04223231 0.261605816 -2.38463794 -4.16020604 0.150331911 -2.12343468 -4.27220871 0.230324207 -1.95021689 -3.82650718 0.22295329 -2.31784433 -3.89539877 0.22295329 -2.31784433 -3.89539877 0.175691215 -2.53990751 -4.31945699 0.165220204 -2.48700686 -3.88381249 0.175691215 -2.53990751 -4.31945699 0.22295329 -2.31784433 -3.89539877 0.175691215 -2.53990751 -4.31945699 0.165220204 -2.48700686 -3.88381249 0.101652005 -2.57572523 -4.09926203 8.48363502e-05 -2.56624672 -3.86927951 0.101652005 -2.57572523 -4.09926203 0.165220204 -2.48700686 -3.88381249 0.101652005 -2.57572523 -4.09926203 8.48363502e-05 -2.56624672 -3.86927951 0.145380118 -2.70814322 -4.33329853 9.24847241e-05 -2.70361833 -4.17333546 0.145380118 -2.70814322 -4.33329853 8.48363502e-05 -2.56624672 -3.86927951 -0.0173722893 -2.86220038 -4.7410885 0.145380118 -2.70814322 -4.33329853 -0.0173722893 -2.86220038 -4.7410885 0.0793372941 -2.85944098 -4.88876649 -0.0240732524 -2.93466128 -5.32358936 0.0793372941 -2.85944098 -4.88876649 -0.0173722893 -2.86220038 -4.7410885 0.0793372941 -2.85944098 -4.88876649 -0.0240732524 -2.93466128 -5.32358936 0.0460237578 -2.90309883 -5.56160594 0.0034019102 -2.90748119 -6.0085222 0.0460237578 -2.90309883 -5.56160594 -0.0240732524 -2.93466128 -5.32358936 0.0034019102 -2.90748119 -6.0085222 0.0813091727 -2.73040571 -5.33458022 0.175691215 -2.53990751 -4.31945699 0.0793372941 -2.85944098 -4.88876649 0.0925824634 -2.70168696 -4.84438905 0.0743249592 -1.78938166 -4.14803481 0.000273851014 -1.62678092 -4.31334575 0.000273851014 -1.62678092 -4.31334575 -0.0702605372 -1.78388135 -4.15164612 -0.147437933 -1.9804731 -4.00293924 -0.229937156 -1.95501351 -3.83092144 -0.22268533 -2.31784429 -3.89539884 -0.22268533 -2.31784429 -3.89539884 -0.181055288 -2.59246457 -4.15632255 -0.16501644 -2.48700655 -3.88381249 -0.16501644 -2.48700655 -3.88381249 -0.181055288 -2.59246457 -4.15632255 8.48363502e-05 -2.56624672 -3.86927951 9.24847241e-05 -2.70361833 -4.17333546 -0.0173722893 -2.86220038 -4.7410885 9.24847241e-05 -2.70361833 -4.17333546 -0.11924006 -2.71643457 -4.29645139 -0.0877404945 -3.32735908 -0.965401849 -0.0890131939 -3.83783109 -1.25373076 -0.0491799129 -4.18901151 -1.33693532 -0.0877404945 -3.32735908 -0.965401849 -0.0890131939 -3.83783109 -1.25373076 -0.0491799129 -4.18901151 -1.33693532 0.0990931881 -3.25816567 -1.44926232 0.071736319 -3.8825777 -1.49160336 0.0593388039 -3.55510876 -1.56606654 0.0354249214 -4.36975114 -1.60528234 -0.00784834053 -4.07784637 -1.5797819 0.00387514508 -4.76104166 -1.66894288 -0.00784834053 -4.07784637 -1.5797819 0.0354249214 -4.36975114 -1.60528234 -0.00784834053 -4.07784637 -1.5797819 0.00387514508 -4.76104166 -1.66894288 -0.0470028669 -4.33340101 -1.55361475 -0.0728819692 -4.20325532 -1.4357065 -0.0866579637 -4.1548707 -1.47210727 -0.125816828 -3.47641419 -1.08902044 -0.17971271 -3.06864013 -1.04305648 -0.136565437 -2.95378129 -0.878141193 -0.136565437 -2.95378129 -0.878141193 -0.0877404945 -3.32735908 -0.965401849 -0.0199140561 -3.47819104 -0.98816578 -0.0275874335 -4.09735007 -1.24982292 -0.0275874335 -4.09735007 -1.24982292 -0.0728819692 -4.20325532 -1.4357065 0.0990931881 -3.25816567 -1.44926232 0.071736319 -3.8825777 -1.49160336 0.0593388039 -3.55510876 -1.56606654 0.0593388039 -3.55510876 -1.56606654 0.0354249214 -4.36975114 -1.60528234 -0.00784834053 -4.07784637 -1.5797819 0.00387514508 -4.76104166 -1.66894288 0.00387514508 -4.76104166 -1.66894288 -0.0470028669 -4.33340101 -1.55361475 -0.0728819692 -4.20325532 -1.4357065 -0.0470028669 -4.33340101 -1.55361475 -0.136565437 -2.95378129 -0.878141193 -0.0199140561 -3.47819104 -0.98816578 -0.00417178691 -3.54648868 -1.57977392 -0.0800903724 -3.33248324 -1.48825696 -0.00417178691 -3.54648868 -1.57977392 -0.0747999042 -3.05881703 -1.531137 -0.134027353 -2.70690244 -1.36644085 -0.124313292 -3.05657927 -1.38183117 -0.185476502 -2.90566564 -1.22395288 -0.15433815 -3.27464039 -1.20786856 -0.124313292 -3.05657927 -1.38183117 -0.0800903724 -3.33248324 -1.48825696 -0.15433815 -3.27464039 -1.20786856 -0.0800903724 -3.33248324 -1.48825696 -0.00417178691 -3.54648868 -1.57977392 -0.00784834053 -4.07784637 -1.5797819 -0.207351626 -2.74383397 -0.92085131 -0.223005277 -2.60333766 -1.11521628 -0.246130849 -2.55507558 -1.24278555 -0.144830841 -2.57004383 -1.41704711 -0.0754671715 -2.70086573 -1.61252489 -0.00760615632 -2.92546946 -1.68402525 -0.00676386471 -2.69090532 -1.7733869 0.0610645866 -2.5933754 -1.69140382 -0.00760615632 -2.92546946 -1.68402525 -0.00676386471 -2.69090532 -1.7733869 0.0303419523 -2.90701414 -1.59964524 0.108672358 -2.81765636 -1.50842783 0.172128219 -2.5902109 -1.45234351 0.183991795 -2.92535419 -1.22326766 0.172285274 -3.07896452 -1.32004233 0.167239504 -3.33134179 -1.26302886 -0.144830841 -2.57004383 -1.41704711 -0.185476502 -2.90566564 -1.22395288 -0.246130849 -2.55507558 -1.24278555 0.0610645866 -2.5933754 -1.69140382 -0.00760615632 -2.92546946 -1.68402525 -0.00676386471 -2.69090532 -1.7733869 0.0564519346 -3.19256209 -1.56750631 -0.000595814077 -3.33269032 -1.60457935 -0.000595814077 -3.33269032 -1.60457935 0.0564519346 -3.19256209 -1.56750631 0.184521136 -2.26878772 -1.48236203 0.299550732 -2.62869166 -1.12917772 0.201167767 -2.87552377 -1.06637664 0.105997904 -3.48873178 -1.20649424 0.130299351 -3.70198316 -1.33830085 0.0930886412 -3.99130131 -1.45867742 0.117629437 -3.84674518 -1.32525036 0.0761623695 -4.11357751 -1.46011027 0.0526824404 -4.31532195 -1.41740273 0.0908305234 -3.62306493 -1.07545722 0.130299351 -3.70198316 -1.33830085 0.105997904 -3.48873178 -1.20649424 0.117629437 -3.84674518 -1.32525036 0.184521136 -2.26878772 -1.48236203 0.299550732 -2.62869166 -1.12917772 0.172128219 -2.5902109 -1.45234351 0.263729369 -2.04902728 -1.36893384 0.255288738 -2.32783686 -1.04379929 0.255288738 -2.32783686 -1.04379929 0.201167767 -2.87552377 -1.06637664 0.18917713 -2.41320236 -0.869405834 0.201167767 -2.87552377 -1.06637664 0.255288738 -2.32783686 -1.04379929 0.201167767 -2.87552377 -1.06637664 0.18917713 -2.41320236 -0.869405834 0.116383589 -2.67766222 -0.904781205 7.64528299e-05 -2.44415943 -0.782501654 0.116383589 -2.67766222 -0.904781205 0.18917713 -2.41320236 -0.869405834 0.116383589 -2.67766222 -0.904781205 7.64528299e-05 -2.44415943 -0.782501654 0.166457765 -2.98557557 -0.907460728 8.52385803e-05 -2.8243478 -0.820359689 0.166457765 -2.98557557 -0.907460728 7.64528299e-05 -2.44415943 -0.782501654 -0.0199140561 -3.47819104 -0.98816578 0.166457765 -2.98557557 -0.907460728 -0.0199140561 -3.47819104 -0.98816578 0.0908305234 -3.62306493 -1.07545722 -0.0275874335 -4.09735007 -1.24982292 0.0908305234 -3.62306493 -1.07545722 -0.0199140561 -3.47819104 -0.98816578 0.0908305234 -3.62306493 -1.07545722 -0.0275874335 -4.09735007 -1.24982292 0.0526824404 -4.31532195 -1.41740273 0.00387514508 -4.76104166 -1.66894288 0.0526824404 -4.31532195 -1.41740273 -0.0275874335 -4.09735007 -1.24982292 0.00387514508 -4.76104166 -1.66894288 0.0930886412 -3.99130131 -1.45867742 0.201167767 -2.87552377 -1.06637664 0.0908305234 -3.62306493 -1.07545722 0.105997904 -3.48873178 -1.20649424 0.0850907561 -2.27580079 -1.71252967 0.000293001786 -2.34664255 -1.96843265 0.000293001786 -2.34664255 -1.96843265 -0.0804777203 -2.27623343 -1.7200522 -0.168855521 -2.24132022 -1.43994663 -0.263327496 -2.05615147 -1.36670436 -0.255023237 -2.32783709 -1.04379942 -0.255023237 -2.32783709 -1.04379942 -0.207351626 -2.74383397 -0.92085131 -0.188985156 -2.4132023 -0.869406031 -0.188985156 -2.4132023 -0.869406031 -0.207351626 -2.74383397 -0.92085131 7.64528299e-05 -2.44415943 -0.782501654 8.52385803e-05 -2.8243478 -0.820359689 -0.0199140561 -3.47819104 -0.98816578 8.52385803e-05 -2.8243478 -0.820359689 -0.136565437 -2.95378129 -0.878141193 -0.103326958 -4.49948934 -2.94824154 -0.104825366 -4.85026401 -3.54276756 -0.057924393 -5.15937152 -3.8343543 -0.103326958 -4.49948934 -2.94824154 -0.104825366 -4.85026401 -3.54276756 -0.057924393 -5.15937152 -3.8343543 0.11665509 -4.14407859 -3.40088939 0.0844449758 -4.75585182 -3.81166413 0.0698473777 -4.37810087 -3.69480709 0.0416913296 -5.1856881 -4.21438647 -0.00925999264 -4.90305168 -4.0165357 0.00454411197 -5.54720102 -4.50965818 -0.00925999264 -4.90305168 -4.0165357 0.0416913296 -5.1856881 -4.21438647 -0.00925999264 -4.90305168 -4.0165357 0.00454411197 -5.54720102 -4.50965818 -0.0553612528 -5.1790402 -4.14030235 -0.0858319312 -5.11574766 -3.94345486 -0.102052261 -5.04498165 -3.95208725 -0.148159049 -4.57870196 -3.16204386 -0.211617805 -4.18996295 -2.87511282 -0.160814973 -4.16993193 -2.63933309 -0.160814973 -4.16993193 -2.63933309 -0.103326958 -4.49948934 -2.94824154 -0.0234662309 -4.63988775 -3.06025066 -0.0325008113 -5.11719068 -3.69156503 -0.0325008113 -5.11719068 -3.69156503 -0.0858319312 -5.11574766 -3.94345486 0.11665509 -4.14407859 -3.40088939 0.0844449758 -4.75585182 -3.81166413 0.0698473777 -4.37810087 -3.69480709 0.0698473777 -4.37810087 -3.69480709 0.0416913296 -5.1856881 -4.21438647 -0.00925999264 -4.90305168 -4.0165357 0.00454411197 -5.54720102 -4.50965818 0.00454411197 -5.54720102 -4.50965818 -0.0553612528 -5.1790402 -4.14030235 -0.0858319312 -5.11574766 -3.94345486 -0.0553612528 -5.1790402 -4.14030235 -0.160814973 -4.16993193 -2.63933309 -0.0234662309 -4.63988775 -3.06025066 -0.00493166631 -4.36124134 -3.70370915 -0.0943202664 -4.19690216 -3.48440315 -0.00493166631 -4.36124134 -3.70370915 -0.0880914659 -3.89260635 -3.36701596 -0.157827529 -3.6307251 -2.99190102 -0.14638959 -3.97822298 -3.21345406 -0.218404665 -3.91728468 -2.96362372 -0.181741182 -4.30298968 -3.16444382 -0.14638959 -3.97822298 -3.21345406 -0.0943202664 -4.19690216 -3.48440315 -0.181741182 -4.30298968 -3.16444382 -0.0943202664 -4.19690216 -3.48440315 -0.00493166631 -4.36124134 -3.70370915 -0.00925999264 -4.90305168 -4.0165357 -0.244160729 -3.93070865 -2.55928445 -0.262592183 -3.67302173 -2.67476232 -0.289821066 -3.54870842 -2.7764296 -0.170548035 -3.46138051 -2.96293275 -0.0888776163 -3.47969613 -3.23927424 -0.0089761692 -3.66662673 -3.44440909 -0.00798480201 -3.37483769 -3.39743828 0.0718781918 -3.32365302 -3.25642439 -0.0089761692 -3.66662673 -3.44440909 -0.00798480201 -3.37483769 -3.39743828 0.0357050234 -3.69748366 -3.34750356 0.127933325 -3.6600685 -3.20188509 0.202647736 -3.46116451 -3.01079646 0.216616913 -3.93776368 -2.97451643 0.202833363 -4.03742421 -3.16362816 0.196892682 -4.32833266 -3.25407105 -0.170548035 -3.46138051 -2.96293275 -0.218404665 -3.91728468 -2.96362372 -0.289821066 -3.54870842 -2.7764296 0.0718781918 -3.32365302 -3.25642439 -0.0089761692 -3.66662673 -3.44440909 -0.00798480201 -3.37483769 -3.39743828 0.0664479252 -4.00757194 -3.48283873 -0.000721477975 -4.1286322 -3.60313667 -0.000721477975 -4.1286322 -3.60313667 0.0664479252 -4.00757194 -3.48283873 0.217239108 -3.11574364 -2.85217937 0.352678805 -3.69065489 -2.70392503 0.236840505 -3.97931629 -2.78520177 0.124785463 -4.5221029 -3.28908134 0.153398633 -4.6619549 -3.54902635 0.109585912 -4.88609903 -3.84209735 0.138480923 -4.81724816 -3.62094222 0.0896565961 -5.00993834 -3.91554429 0.0620109963 -5.24079516 -3.99076647 0.10692733 -4.73622296 -3.23454931 0.153398633 -4.6619549 -3.54902635 0.124785463 -4.5221029 -3.28908134 0.138480923 -4.81724816 -3.62094222 0.217239108 -3.11574364 -2.85217937 0.352678805 -3.69065489 -2.70392503 0.202647736 -3.46116451 -3.01079646 0.310500876 -2.958435 -2.60714253 0.300563432 -3.43414305 -2.43974894 0.300563432 -3.43414305 -2.43974894 0.236840505 -3.97931629 -2.78520177 0.222722216 -3.62385652 -2.3121792 0.236840505 -3.97931629 -2.78520177 0.300563432 -3.43414305 -2.43974894 0.236840505 -3.97931629 -2.78520177 0.222722216 -3.62385652 -2.3121792 0.137013452 -3.8726949 -2.50394209 7.03541974e-05 -3.70658486 -2.24178956 0.137013452 -3.8726949 -2.50394209 0.222722216 -3.62385652 -2.3121792 0.137013452 -3.8726949 -2.50394209 7.03541974e-05 -3.70658486 -2.24178956 0.195972401 -4.18509014 -2.68794744 8.10324211e-05 -4.07196741 -2.50421499 0.195972401 -4.18509014 -2.68794744 7.03541974e-05 -3.70658486 -2.24178956 -0.0234662309 -4.63988775 -3.06025066 0.195972401 -4.18509014 -2.68794744 -0.0234662309 -4.63988775 -3.06025066 0.10692733 -4.73622296 -3.23454931 -0.0325008113 -5.11719068 -3.69156503 0.10692733 -4.73622296 -3.23454931 -0.0234662309 -4.63988775 -3.06025066 0.10692733 -4.73622296 -3.23454931 -0.0325008113 -5.11719068 -3.69156503 0.0620109963 -5.24079516 -3.99076647 0.00454411197 -5.54720102 -4.50965818 0.0620109963 -5.24079516 -3.99076647 -0.0325008113 -5.11719068 -3.69156503 0.00454411197 -5.54720102 -4.50965818 0.109585912 -4.88609903 -3.84209735 0.236840505 -3.97931629 -2.78520177 0.10692733 -4.73622296 -3.23454931 0.124785463 -4.5221029 -3.28908134 0.100166862 -2.98739195 -3.0910053 0.000323499079 -2.90897376 -3.39364983 0.000323499079 -2.90897376 -3.39364983 -0.0947777583 -2.98340432 -3.09893024 -0.198835693 -3.11270633 -2.79275834 -0.310069511 -2.96701253 -2.60906311 -0.300291143 -3.43414393 -2.43974861 -0.300291143 -3.43414393 -2.43974861 -0.244160729 -3.93070865 -2.55928445 -0.222535852 -3.62385706 -2.31217923 -0.222535852 -3.62385706 -2.31217923 -0.244160729 -3.93070865 -2.55928445 7.03541974e-05 -3.70658486 -2.24178956 8.10324211e-05 -4.07196741 -2.50421499 -0.0234662309 -4.63988775 -3.06025066 8.10324211e-05 -4.07196741 -2.50421499 -0.160814973 -4.16993193 -2.63933309 -0.0766035871 1.87880457 -5.75872257 -0.0777153994 2.39075422 -5.7635565 -0.0429305362 2.69267177 -5.85396879 -0.0766035871 1.87880457 -5.75872257 -0.0777153994 2.39075422 -5.7635565 -0.0429305362 2.69267177 -5.85396879 0.0865518876 2.03774578 -5.36258016 0.0626616976 2.52845834 -5.60319846 0.0518354812 2.31331572 -5.40389978 0.0309518445 2.94652962 -5.72994244 -0.00683710686 2.71463591 -5.62177191 0.00340023161 3.27024755 -5.85264802 -0.00683710686 2.71463591 -5.62177191 0.0309518445 2.94652962 -5.72994244 -0.00683710686 2.71463591 -5.62177191 0.00340023161 3.27024755 -5.85264802 -0.0410295818 2.89647935 -5.75314529 -0.0636288224 2.74657084 -5.78549021 -0.0756589375 2.72587285 -5.73683476 -0.109854528 2.04550655 -5.7303157 -0.156919797 1.71704948 -5.58702894 -0.119240567 1.55817756 -5.66159867 -0.119240567 1.55817756 -5.66159867 -0.0766035871 1.87880457 -5.75872257 -0.0173730786 2.00281413 -5.80736513 -0.0240744388 2.58531455 -5.8798264 -0.0240744388 2.58531455 -5.8798264 -0.0636288224 2.74657084 -5.78549021 0.0865518876 2.03774578 -5.36258016 0.0626616976 2.52845834 -5.60319846 0.0518354812 2.31331572 -5.40389978 0.0518354812 2.31331572 -5.40389978 0.0309518445 2.94652962 -5.72994244 -0.00683710686 2.71463591 -5.62177191 0.00340023161 3.27024755 -5.85264802 0.00340023161 3.27024755 -5.85264802 -0.0410295818 2.89647935 -5.75314529 -0.0636288224 2.74657084 -5.78549021 -0.0410295818 2.89647935 -5.75314529 -0.119240567 1.55817756 -5.66159867 -0.0173730786 2.00281413 -5.80736513 -0.00362622336 2.31278171 -5.38976971 -0.0699232717 2.11097612 -5.36553917 -0.00362622336 2.31278171 -5.38976971 -0.0653031591 1.92273321 -5.21361822 -0.117024263 1.58467819 -5.18451566 -0.108541478 1.85584861 -5.32555726 -0.161953141 1.67278194 -5.37906195 -0.134761227 1.94480398 -5.55233254 -0.108541478 1.85584861 -5.32555726 -0.0699232717 2.11097612 -5.36553917 -0.134761227 1.94480398 -5.55233254 -0.0699232717 2.11097612 -5.36553917 -0.00362622336 2.31278171 -5.38976971 -0.00683710686 2.71463591 -5.62177191 -0.18105573 1.41804882 -5.53762809 -0.19472557 1.39666182 -5.32929005 -0.214920421 1.41586385 -5.21174018 -0.126458554 1.50327231 -5.08648654 -0.0658857197 1.68756137 -4.99577318 -0.00662508506 1.88864228 -5.03976922 -0.0058894671 1.75026659 -4.86976928 0.0533429747 1.64071084 -4.88918568 -0.00662508506 1.88864228 -5.03976922 -0.0058894671 1.75026659 -4.86976928 0.026513804 1.83784204 -5.09552529 0.0949172648 1.73043467 -5.12549382 0.15033131 1.53393588 -5.06859854 0.160691352 1.68737302 -5.38817655 0.150468306 1.84579908 -5.38206009 0.146061888 2.01177087 -5.53537474 -0.126458554 1.50327231 -5.08648654 -0.161953141 1.67278194 -5.37906195 -0.214920421 1.41586385 -5.21174018 0.0533429747 1.64071084 -4.88918568 -0.00662508506 1.88864228 -5.03976922 -0.0058894671 1.75026659 -4.86976928 0.0493146537 2.03976093 -5.2445107 -0.000503348784 2.16192315 -5.27765868 -0.000503348784 2.16192315 -5.27765868 0.0493146537 2.03976093 -5.2445107 0.161153798 1.30395983 -4.9055519 0.26160534 1.42193262 -5.32980129 0.175690645 1.58118352 -5.48507147 0.0925815608 2.10611532 -5.64685157 0.113803033 2.32494272 -5.64028299 0.0813079413 2.59630608 -5.67557126 0.102738745 2.42872389 -5.71336071 0.0665267199 2.68940589 -5.72787796 0.0460223936 2.82333189 -5.84826496 0.0793363931 2.15049248 -5.80460564 0.113803033 2.32494272 -5.64028299 0.0925815608 2.10611532 -5.64685157 0.102738745 2.42872389 -5.71336071 0.161153798 1.30395983 -4.9055519 0.26160534 1.42193262 -5.32980129 0.15033131 1.53393588 -5.06859854 0.230323888 1.08823461 -4.89537952 0.222953007 1.15712568 -5.26300734 0.222953007 1.15712568 -5.26300734 0.175690645 1.58118352 -5.48507147 0.165219964 1.14553907 -5.43216966 0.175690645 1.58118352 -5.48507147 0.222953007 1.15712568 -5.26300734 0.175690645 1.58118352 -5.48507147 0.165219964 1.14553907 -5.43216966 0.101651616 1.36098846 -5.52088806 8.46084015e-05 1.13100572 -5.51140991 0.101651616 1.36098846 -5.52088806 0.165219964 1.14553907 -5.43216966 0.101651616 1.36098846 -5.52088806 8.46084015e-05 1.13100572 -5.51140991 0.145379589 1.5950245 -5.65330729 9.2067238e-05 1.43506128 -5.64878188 0.145379589 1.5950245 -5.65330729 8.46084015e-05 1.13100572 -5.51140991 -0.0173730786 2.00281413 -5.80736513 0.145379589 1.5950245 -5.65330729 -0.0173730786 2.00281413 -5.80736513 0.0793363931 2.15049248 -5.80460564 -0.0240744388 2.58531455 -5.8798264 0.0793363931 2.15049248 -5.80460564 -0.0173730786 2.00281413 -5.80736513 0.0793363931 2.15049248 -5.80460564 -0.0240744388 2.58531455 -5.8798264 0.0460223936 2.82333189 -5.84826496 0.00340023161 3.27024755 -5.85264802 0.0460223936 2.82333189 -5.84826496 -0.0240744388 2.58531455 -5.8798264 0.00340023161 3.27024755 -5.85264802 0.0813079413 2.59630608 -5.67557126 0.175690645 1.58118352 -5.48507147 0.0793363931 2.15049248 -5.80460564 0.0925815608 2.10611532 -5.64685157 0.0743243883 1.40976268 -4.73454483 0.000273132981 1.57507389 -4.57194464 0.000273132981 1.57507389 -4.57194464 -0.0702611141 1.41337407 -4.72904483 -0.147438368 1.26466653 -4.92563614 -0.229937474 1.09264863 -4.90017629 -0.222685632 1.15712543 -5.26300746 -0.222685632 1.15712543 -5.26300746 -0.18105573 1.41804882 -5.53762809 -0.165016681 1.14553891 -5.43216974 -0.165016681 1.14553891 -5.43216974 -0.18105573 1.41804882 -5.53762809 8.46084015e-05 1.13100572 -5.51140991 9.2067238e-05 1.43506128 -5.64878188 -0.0173730786 2.00281413 -5.80736513 9.2067238e-05 1.43506128 -5.64878188 -0.119240567 1.55817756 -5.66159867 -0.0877397797 -1.77286756 -6.27252007 -0.0890128297 -1.48453883 -6.78299269 -0.0491797016 -1.401334 -7.13417276 -0.0877397797 -1.77286756 -6.27252007 -0.0890128297 -1.48453883 -6.78299269 -0.0491797016 -1.401334 -7.13417276 0.0990935321 -1.28900687 -6.20332715 0.0717364731 -1.24666598 -6.82773922 0.0593389753 -1.1722027 -6.50026997 0.0354248726 -1.13298693 -7.31491265 -0.00784830145 -1.15848737 -7.0230079 0.00387495151 -1.06932642 -7.7062026 -0.00784830145 -1.15848737 -7.0230079 0.0354248726 -1.13298693 -7.31491265 -0.00784830145 -1.15848737 -7.0230079 0.00387495151 -1.06932642 -7.7062026 -0.0470028665 -1.18465449 -7.27856312 -0.0728818439 -1.30256289 -7.14841659 -0.0866578523 -1.26616233 -7.10003201 -0.125816243 -1.64924921 -6.42157523 -0.179711992 -1.69521311 -6.01380175 -0.136564562 -1.8601285 -5.89894292 -0.136564562 -1.8601285 -5.89894292 -0.0877397797 -1.77286756 -6.27252007 -0.0199133962 -1.75010368 -6.42335231 -0.0275871315 -1.48844642 -7.04251161 -0.0275871315 -1.48844642 -7.04251161 -0.0728818439 -1.30256289 -7.14841659 0.0990935321 -1.28900687 -6.20332715 0.0717364731 -1.24666598 -6.82773922 0.0593389753 -1.1722027 -6.50026997 0.0593389753 -1.1722027 -6.50026997 0.0354248726 -1.13298693 -7.31491265 -0.00784830145 -1.15848737 -7.0230079 0.00387495151 -1.06932642 -7.7062026 0.00387495151 -1.06932642 -7.7062026 -0.0470028665 -1.18465449 -7.27856312 -0.0728818439 -1.30256289 -7.14841659 -0.0470028665 -1.18465449 -7.27856312 -0.136564562 -1.8601285 -5.89894292 -0.0199133962 -1.75010368 -6.42335231 -0.00417162273 -1.1584954 -6.49164992 -0.0800900832 -1.25001231 -6.27764478 -0.00417162273 -1.1584954 -6.49164992 -0.0747995872 -1.2071323 -6.00397886 -0.134026812 -1.37182867 -5.65206345 -0.124312843 -1.35643835 -6.00174028 -0.185475887 -1.51431659 -5.85082695 -0.154337621 -1.53040093 -6.21980198 -0.124312843 -1.35643835 -6.00174028 -0.0800900832 -1.25001231 -6.27764478 -0.154337621 -1.53040093 -6.21980198 -0.0800900832 -1.25001231 -6.27764478 -0.00417162273 -1.1584954 -6.49164992 -0.00784830145 -1.15848737 -7.0230079 -0.207350752 -1.81741849 -5.68899505 -0.223004519 -1.62305326 -5.54849899 -0.24613018 -1.49548406 -5.50023693 -0.144830319 -1.32122236 -5.51520513 -0.0754668317 -1.12574431 -5.64602725 -0.00760593127 -1.05424406 -5.8706307 -0.00676365623 -0.964882346 -5.63606654 0.0610648824 -1.04686518 -5.53853715 -0.00760593127 -1.05424406 -5.8706307 -0.00676365623 -0.964882346 -5.63606654 0.0303422527 -1.13862394 -5.85217535 0.108672759 -1.2298413 -5.76281783 0.172128709 -1.2859256 -5.53537235 0.183992415 -1.51500166 -5.87051567 0.172285767 -1.41822711 -6.02412574 0.167239973 -1.47524054 -6.27650329 -0.144830319 -1.32122236 -5.51520513 -0.185475887 -1.51431659 -5.85082695 -0.24613018 -1.49548406 -5.50023693 0.0610648824 -1.04686518 -5.53853715 -0.00760593127 -1.05424406 -5.8706307 -0.00676365623 -0.964882346 -5.63606654 0.0564521895 -1.17076288 -6.13772358 -0.000595619951 -1.13368999 -6.27785185 -0.000595619951 -1.13368999 -6.27785185 0.0564521895 -1.17076288 -6.13772358 0.184521686 -1.25590702 -5.21394915 0.299551479 -1.60909158 -5.57385282 0.201168507 -1.67189292 -5.82068471 0.105998388 -1.531775 -6.43389298 0.130299659 -1.39996827 -6.64714463 0.0930888017 -1.2795918 -6.93646309 0.117629728 -1.41301897 -6.79190668 0.076162498 -1.27815906 -7.05873903 0.0526825544 -1.32086647 -7.26048344 0.0908310836 -1.66281204 -6.56822584 0.130299659 -1.39996827 -6.64714463 0.105998388 -1.531775 -6.43389298 0.117629728 -1.41301897 -6.79190668 0.184521686 -1.25590702 -5.21394915 0.299551479 -1.60909158 -5.57385282 0.172128709 -1.2859256 -5.53537235 0.263730049 -1.3693353 -4.99418857 0.255289628 -1.69446977 -5.27299857 0.255289628 -1.69446977 -5.27299857 0.201168507 -1.67189292 -5.82068471 0.189178139 -1.86886361 -5.35836358 0.201168507 -1.67189292 -5.82068471 0.255289628 -1.69446977 -5.27299857 0.201168507 -1.67189292 -5.82068471 0.189178139 -1.86886361 -5.35836358 0.116384502 -1.83348825 -5.62282345 7.7520644e-05 -1.95576782 -5.38932099 0.116384502 -1.83348825 -5.62282345 0.189178139 -1.86886361 -5.35836358 0.116384502 -1.83348825 -5.62282345 7.7520644e-05 -1.95576782 -5.38932099 0.166458612 -1.83080843 -5.93073703 8.61864941e-05 -1.91790989 -5.76950879 0.166458612 -1.83080843 -5.93073703 7.7520644e-05 -1.95576782 -5.38932099 -0.0199133962 -1.75010368 -6.42335231 0.166458612 -1.83080843 -5.93073703 -0.0199133962 -1.75010368 -6.42335231 0.0908310836 -1.66281204 -6.56822584 -0.0275871315 -1.48844642 -7.04251161 0.0908310836 -1.66281204 -6.56822584 -0.0199133962 -1.75010368 -6.42335231 0.0908310836 -1.66281204 -6.56822584 -0.0275871315 -1.48844642 -7.04251161 0.0526825544 -1.32086647 -7.26048344 0.00387495151 -1.06932642 -7.7062026 0.0526825544 -1.32086647 -7.26048344 -0.0275871315 -1.48844642 -7.04251161 0.00387495151 -1.06932642 -7.7062026 0.0930888017 -1.2795918 -6.93646309 0.201168507 -1.67189292 -5.82068471 0.0908310836 -1.66281204 -6.56822584 0.105998388 -1.531775 -6.43389298 0.08509111 -1.02573947 -5.22096256 0.000293133021 -0.769836641 -5.2918035 0.000293133021 -0.769836641 -5.2918035 -0.0804773757 -1.0182171 -5.22139439 -0.168854939 -1.29832284 -5.18648153 -0.263326796 -1.37156516 -5.00131252 -0.255022365 -1.6944701 -5.27299813 -0.255022365 -1.6944701 -5.27299813 -0.207350752 -1.81741849 -5.68899505 -0.188984147 -1.86886386 -5.35836369 -0.188984147 -1.86886386 -5.35836369 -0.207350752 -1.81741849 -5.68899505 7.7520644e-05 -1.95576782 -5.38932099 8.61864941e-05 -1.91790989 -5.76950879 -0.0199133962 -1.75010368 -6.42335231 8.61864941e-05 -1.91790989 -5.76950879 -0.136564562 -1.8601285 -5.89894292 -0.103333294 0.209963935 -7.44465061 -0.104832312 0.804489207 -7.79542658 -0.0579318299 1.09607556 -8.10453472 -0.103333294 0.209963935 -7.44465061 -0.104832312 0.804489207 -7.79542658 -0.0579318299 1.09607556 -8.10453472 0.116649145 0.662612809 -7.08924079 0.0844380916 1.07338644 -7.70101538 0.0698410391 0.956529828 -7.32326378 0.0416837607 1.47610787 -8.13085242 -0.00926712629 1.27825743 -7.84821479 0.00453597988 1.77137891 -8.49236605 -0.00926712629 1.27825743 -7.84821479 0.0416837607 1.47610787 -8.13085242 -0.00926712629 1.27825743 -7.84821479 0.00453597988 1.77137891 -8.49236605 -0.0553687886 1.40202378 -8.12420454 -0.0858393395 1.20517619 -8.06091086 -0.102059562 1.21380886 -7.99014481 -0.148165536 0.423766044 -7.52386328 -0.211623687 0.136835918 -7.13512413 -0.160820778 -0.0989440266 -7.11509225 -0.160820778 -0.0989440266 -7.11509225 -0.103333294 0.209963935 -7.44465061 -0.0234727781 0.321972906 -7.58505019 -0.0325081628 0.953286432 -8.06235327 -0.0325081628 0.953286432 -8.06235327 -0.0858393395 1.20517619 -8.06091086 0.116649145 0.662612809 -7.08924079 0.0844380916 1.07338644 -7.70101538 0.0698410391 0.956529828 -7.32326378 0.0698410391 0.956529828 -7.32326378 0.0416837607 1.47610787 -8.13085242 -0.00926712629 1.27825743 -7.84821479 0.00453597988 1.77137891 -8.49236605 0.00453597988 1.77137891 -8.49236605 -0.0553687886 1.40202378 -8.12420454 -0.0858393395 1.20517619 -8.06091086 -0.0553687886 1.40202378 -8.12420454 -0.160820778 -0.0989440266 -7.11509225 -0.0234727781 0.321972906 -7.58505019 -0.00493798384 0.965432132 -7.30640423 -0.0943263097 0.746126295 -7.14206416 -0.00493798384 0.965432132 -7.30640423 -0.0880970703 0.628739602 -6.83776827 -0.157832662 0.253625251 -6.57588606 -0.146395264 0.475177667 -6.92338492 -0.21841019 0.22534719 -6.86244549 -0.181747282 0.426166481 -7.24815122 -0.146395264 0.475177667 -6.92338492 -0.0943263097 0.746126295 -7.14206416 -0.181747282 0.426166481 -7.24815122 -0.0943263097 0.746126295 -7.14206416 -0.00493798384 0.965432132 -7.30640423 -0.00926712629 1.27825743 -7.84821479 -0.244166196 -0.178992112 -6.8758689 -0.262597309 -0.0635137693 -6.6181822 -0.289826031 0.0381539114 -6.49386911 -0.17055296 0.224657047 -6.40654146 -0.0888826117 0.50099869 -6.4248579 -0.00898147391 0.70613338 -6.61178881 -0.00798969702 0.659162941 -6.31999999 0.0718734024 0.51814922 -6.26881498 -0.00898147391 0.70613338 -6.61178881 -0.00798969702 0.659162941 -6.31999999 0.0356996997 0.609227954 -6.64264629 0.127928073 0.463609296 -6.60523085 0.202642827 0.272520995 -6.4063262 0.216611339 0.236239998 -6.88292525 0.202827607 0.425351495 -6.98258611 0.196886513 0.515793758 -7.27349554 -0.17055296 0.224657047 -6.40654146 -0.21841019 0.22534719 -6.86244549 -0.289826031 0.0381539114 -6.49386911 0.0718734024 0.51814922 -6.26881498 -0.00898147391 0.70613338 -6.61178881 -0.00798969702 0.659162941 -6.31999999 0.0664421431 0.744562279 -6.95273471 -0.000727453402 0.864859975 -7.07379503 -0.000727453402 0.864859975 -7.07379503 0.0664421431 0.744562279 -6.95273471 0.217234693 0.113904556 -6.06090492 0.352673646 -0.0343508317 -6.63581633 0.236834932 0.0469250812 -6.92447761 0.124779019 0.550803738 -7.46726528 0.153391943 0.810748437 -7.60711732 0.109578845 1.10381933 -7.83126264 0.138474 0.882664392 -7.76241174 0.0896493504 1.17726596 -7.95510144 0.0620034069 1.25248745 -8.18595896 0.106920611 0.496271426 -7.6813854 0.153391943 0.810748437 -7.60711732 0.124779019 0.550803738 -7.46726528 0.138474 0.882664392 -7.76241174 0.217234693 0.113904556 -6.06090492 0.352673646 -0.0343508317 -6.63581633 0.202642827 0.272520995 -6.4063262 0.310496718 -0.131131851 -5.90359618 0.300558651 -0.29852665 -6.37930357 0.300558651 -0.29852665 -6.37930357 0.236834932 0.0469250812 -6.92447761 0.222717238 -0.426096719 -6.56901684 0.236834932 0.0469250812 -6.92447761 0.300558651 -0.29852665 -6.37930357 0.236834932 0.0469250812 -6.92447761 0.222717238 -0.426096719 -6.56901684 0.137008089 -0.234334213 -6.81785559 6.52777672e-05 -0.496486327 -6.65174551 0.137008089 -0.234334213 -6.81785559 0.222717238 -0.426096719 -6.56901684 0.137008089 -0.234334213 -6.81785559 6.52777672e-05 -0.496486327 -6.65174551 0.195966562 -0.0503295142 -7.13025123 7.53937307e-05 -0.234061598 -7.01712818 0.195966562 -0.0503295142 -7.13025123 6.52777672e-05 -0.496486327 -6.65174551 -0.0234727781 0.321972906 -7.58505019 0.195966562 -0.0503295142 -7.13025123 -0.0234727781 0.321972906 -7.58505019 0.106920611 0.496271426 -7.6813854 -0.0325081628 0.953286432 -8.06235327 0.106920611 0.496271426 -7.6813854 -0.0234727781 0.321972906 -7.58505019 0.106920611 0.496271426 -7.6813854 -0.0325081628 0.953286432 -8.06235327 0.0620034069 1.25248745 -8.18595896 0.00453597988 1.77137891 -8.49236605 0.0620034069 1.25248745 -8.18595896 -0.0325081628 0.953286432 -8.06235327 0.00453597988 1.77137891 -8.49236605 0.109578845 1.10381933 -7.83126264 0.236834932 0.0469250812 -6.92447761 0.106920611 0.496271426 -7.6813854 0.124779019 0.550803738 -7.46726528 0.100162582 0.352730768 -5.93255321 0.000319243497 0.655375338 -5.85413591 0.000319243497 0.655375338 -5.85413591 -0.0947820489 0.360655695 -5.92856563 -0.198840089 0.054483338 -6.05786717 -0.310073666 -0.129211588 -5.91217305 -0.300295889 -0.298527012 -6.37930374 -0.300295889 -0.298527012 -6.37930374 -0.244166196 -0.178992112 -6.8758689 -0.222540831 -0.426096815 -6.56901693 -0.222540831 -0.426096815 -6.56901693 -0.244166196 -0.178992112 -6.8758689 6.52777672e-05 -0.496486327 -6.65174551 7.53937307e-05 -0.234061598 -7.01712818 -0.0234727781 0.321972906 -7.58505019 7.53937307e-05 -0.234061598 -7.01712818 -0.160820778 -0.0989440266 -7.11509225 -0.0766028009 3.02045444 -1.06635727 -0.0777140174 3.02528893 -0.554407461 -0.0429288406 3.11570097 -0.252490163 -0.0766028009 3.02045444 -1.06635727 -0.0777140174 3.02528893 -0.554407461 -0.0429288406 3.11570097 -0.252490163 0.0865530372 2.62431236 -0.907416185 0.062663312 2.86493069 -0.416703772 0.0518369308 2.66563196 -0.631846113 0.0309538892 2.99167494 0.0013675811 -0.00683528683 2.88350466 -0.230525908 0.00340259903 3.11438108 0.325085571 -0.00683528683 2.88350466 -0.230525908 0.0309538892 2.99167494 0.0013675811 -0.00683528683 2.88350466 -0.230525908 0.00340259903 3.11438108 0.325085571 -0.0410276062 3.01487805 -0.0486825481 -0.0636270298 3.04722239 -0.198591094 -0.0756571553 2.99856721 -0.219288968 -0.109853531 2.99204755 -0.89965516 -0.156919115 2.84876105 -1.22811213 -0.119240107 2.9233305 -1.38698409 -0.119240107 2.9233305 -1.38698409 -0.0766028009 3.02045444 -1.06635727 -0.0173721715 3.06909731 -0.942347791 -0.0240728852 3.14155914 -0.359847271 -0.0240728852 3.14155914 -0.359847271 -0.0636270298 3.04722239 -0.198591094 0.0865530372 2.62431236 -0.907416185 0.062663312 2.86493069 -0.416703772 0.0518369308 2.66563196 -0.631846113 0.0518369308 2.66563196 -0.631846113 0.0309538892 2.99167494 0.0013675811 -0.00683528683 2.88350466 -0.230525908 0.00340259903 3.11438108 0.325085571 0.00340259903 3.11438108 0.325085571 -0.0410276062 3.01487805 -0.0486825481 -0.0636270298 3.04722239 -0.198591094 -0.0410276062 3.01487805 -0.0486825481 -0.119240107 2.9233305 -1.38698409 -0.0173721715 3.06909731 -0.942347791 -0.00362476929 2.65150187 -0.632380069 -0.0699220423 2.62727131 -0.8341856 -0.00362476929 2.65150187 -0.632380069 -0.065302081 2.47535063 -1.02242839 -0.117023573 2.44624763 -1.36048342 -0.108540531 2.58728924 -1.08931301 -0.16195242 2.64079407 -1.27237974 -0.134760278 2.81406496 -1.00035771 -0.108540531 2.58728924 -1.08931301 -0.0699220423 2.62727131 -0.8341856 -0.134760278 2.81406496 -1.00035771 -0.0699220423 2.62727131 -0.8341856 -0.00362476929 2.65150187 -0.632380069 -0.00683528683 2.88350466 -0.230525908 -0.181055381 2.7993599 -1.52711277 -0.19472517 2.59102171 -1.54849973 -0.214919931 2.47347198 -1.52929768 -0.126457911 2.34821836 -1.44188926 -0.0658848273 2.25750545 -1.25760025 -0.00662397186 2.30150138 -1.05651949 -0.00588844033 2.13150115 -1.19489517 0.0533438659 2.1509177 -1.30445095 -0.00662397186 2.30150138 -1.05651949 -0.00588844033 2.13150115 -1.19489517 0.0265148329 2.35725731 -1.10731976 0.0949181537 2.38722585 -1.21472718 0.150331992 2.33033043 -1.41122598 0.16069207 2.64990906 -1.25778902 0.150469217 2.64379258 -1.09936282 0.146062928 2.79710668 -0.933391198 -0.126457911 2.34821836 -1.44188926 -0.16195242 2.64079407 -1.27237974 -0.214919931 2.47347198 -1.52929768 0.0533438659 2.1509177 -1.30445095 -0.00662397186 2.30150138 -1.05651949 -0.00588844033 2.13150115 -1.19489517 0.049315853 2.50624304 -0.905401024 -0.000502021543 2.53939068 -0.783238582 -0.000502021543 2.53939068 -0.783238582 0.049315853 2.50624304 -0.905401024 0.161154276 2.16728408 -1.64120201 0.261605787 2.59153353 -1.52322952 0.175691224 2.74680341 -1.36397855 0.092582662 2.90858377 -0.83904664 0.113804384 2.90201522 -0.62021938 0.0813095979 2.93730406 -0.348856002 0.1027402 2.97509296 -0.516438354 0.0665284624 2.98961048 -0.25575624 0.0460242401 3.10999719 -0.121830294 0.0793374758 3.06633784 -0.79466949 0.113804384 2.90201522 -0.62021938 0.092582662 2.90858377 -0.83904664 0.1027402 2.97509296 -0.516438354 0.161154276 2.16728408 -1.64120201 0.261605787 2.59153353 -1.52322952 0.150331992 2.33033043 -1.41122598 0.230324135 2.15711171 -1.85692722 0.222953166 2.52473941 -1.78803631 0.222953166 2.52473941 -1.78803631 0.175691224 2.74680341 -1.36397855 0.165220028 2.69390175 -1.79962308 0.175691224 2.74680341 -1.36397855 0.222953166 2.52473941 -1.78803631 0.175691224 2.74680341 -1.36397855 0.165220028 2.69390175 -1.79962308 0.101651899 2.78262053 -1.58417335 8.46286516e-05 2.77314178 -1.81415609 0.101651899 2.78262053 -1.58417335 0.165220028 2.69390175 -1.79962308 0.101651899 2.78262053 -1.58417335 8.46286516e-05 2.77314178 -1.81415609 0.145380085 2.91503922 -1.35013757 9.2381816e-05 2.91051405 -1.5101006 0.145380085 2.91503922 -1.35013757 8.46286516e-05 2.77314178 -1.81415609 -0.0173721715 3.06909731 -0.942347791 0.145380085 2.91503922 -1.35013757 -0.0173721715 3.06909731 -0.942347791 0.0793374758 3.06633784 -0.79466949 -0.0240728852 3.14155914 -0.359847271 0.0793374758 3.06633784 -0.79466949 -0.0173721715 3.06909731 -0.942347791 0.0793374758 3.06633784 -0.79466949 -0.0240728852 3.14155914 -0.359847271 0.0460242401 3.10999719 -0.121830294 0.00340259903 3.11438108 0.325085571 0.0460242401 3.10999719 -0.121830294 -0.0240728852 3.14155914 -0.359847271 0.00340259903 3.11438108 0.325085571 0.0813095979 2.93730406 -0.348856002 0.175691224 2.74680341 -1.36397855 0.0793374758 3.06633784 -0.79466949 0.092582662 2.90858377 -0.83904664 0.0743250764 1.996277 -1.53539912 0.000274086818 1.83367662 -1.3700877 0.000274086818 1.83367662 -1.3700877 -0.0702604132 1.99077678 -1.5317874 -0.147437934 2.18736837 -1.68049491 -0.229937228 2.16190823 -1.85251284 -0.222685455 2.52473924 -1.78803598 -0.222685455 2.52473924 -1.78803598 -0.181055381 2.7993599 -1.52711277 -0.165016617 2.6939014 -1.79962262 -0.165016617 2.6939014 -1.79962262 -0.181055381 2.7993599 -1.52711277 8.46286516e-05 2.77314178 -1.81415609 9.2381816e-05 2.91051405 -1.5101006 -0.0173721715 3.06909731 -0.942347791 9.2381816e-05 2.91051405 -1.5101006 -0.119240107 2.9233305 -1.38698409 -0.0877423231 3.53425072 -4.71802911 -0.0890153441 4.04472312 -4.42970072 -0.0491822757 4.39590323 -4.34649616 -0.0877423231 3.53425072 -4.71802911 -0.0890153441 4.04472312 -4.42970072 -0.0491822757 4.39590323 -4.34649616 0.0990913536 3.46505818 -4.23416875 0.0717341205 4.08946993 -4.19182777 0.0593367938 3.76200066 -4.11736436 0.0354224351 4.57664344 -4.07814916 -0.00785065735 4.28473866 -4.10364946 0.00387242608 4.96793367 -4.0144886 -0.00785065735 4.28473866 -4.10364946 0.0354224351 4.57664344 -4.07814916 -0.00785065735 4.28473866 -4.10364946 0.00387242608 4.96793367 -4.0144886 -0.0470053273 4.54029326 -4.12981642 -0.0728843451 4.41014735 -4.247725 -0.08666032 4.361763 -4.21132412 -0.125818752 3.68330584 -4.59441049 -0.179714391 3.27553184 -4.64037479 -0.136567048 3.16067311 -4.80528986 -0.136567048 3.16067311 -4.80528986 -0.0877423231 3.53425072 -4.71802911 -0.019915977 3.68508279 -4.69526583 -0.0275897331 4.30424204 -4.43360829 -0.0275897331 4.30424204 -4.43360829 -0.0728843451 4.41014735 -4.247725 0.0990913536 3.46505818 -4.23416875 0.0717341205 4.08946993 -4.19182777 0.0593367938 3.76200066 -4.11736436 0.0593367938 3.76200066 -4.11736436 0.0354224351 4.57664344 -4.07814916 -0.00785065735 4.28473866 -4.10364946 0.00387242608 4.96793367 -4.0144886 0.00387242608 4.96793367 -4.0144886 -0.0470053273 4.54029326 -4.12981642 -0.0728843451 4.41014735 -4.247725 -0.0470053273 4.54029326 -4.12981642 -0.136567048 3.16067311 -4.80528986 -0.019915977 3.68508279 -4.69526583 -0.0041737958 3.75338063 -4.10365721 -0.0800922482 3.53937515 -4.19517392 -0.0041737958 3.75338063 -4.10365721 -0.0748016293 3.26570954 -4.15229399 -0.134028855 2.91379431 -4.31698976 -0.124314987 3.26347127 -4.30160014 -0.185478108 3.11255746 -4.45947819 -0.154339981 3.48153207 -4.4755626 -0.124314987 3.26347127 -4.30160014 -0.0800922482 3.53937515 -4.19517392 -0.154339981 3.48153207 -4.4755626 -0.0800922482 3.53937515 -4.19517392 -0.0041737958 3.75338063 -4.10365721 -0.00785065735 4.28473866 -4.10364946 -0.207353122 2.95072547 -4.76257953 -0.223006717 2.81022936 -4.5682149 -0.246132247 2.76196767 -4.44064535 -0.144832269 2.77693571 -4.2663835 -0.0754686941 2.90775777 -4.07090589 -0.00760781489 3.13236165 -3.99940555 -0.00676539418 2.89779763 -3.91004381 0.061063117 2.8002677 -3.99202687 -0.00760781489 3.13236165 -3.99940555 -0.00676539418 2.89779763 -3.91004381 0.0303403145 3.11390648 -4.08378567 0.108670783 3.02454855 -4.17500308 0.172126785 2.79710293 -4.2310874 0.183990192 3.13224649 -4.46016313 0.172283566 3.28585641 -4.3633886 0.16723765 3.53823396 -4.42040203 -0.144832269 2.77693571 -4.2663835 -0.185478108 3.11255746 -4.45947819 -0.246132247 2.76196767 -4.44064535 0.061063117 2.8002677 -3.99202687 -0.00760781489 3.13236165 -3.99940555 -0.00676539418 2.89779763 -3.91004381 0.0564501275 3.39945458 -4.11592463 -0.000597701456 3.53958254 -4.07885166 -0.000597701456 3.53958254 -4.07885166 0.0564501275 3.39945458 -4.11592463 0.184519877 2.4756799 -4.20106893 0.299549294 2.83558374 -4.55425358 0.201166184 3.08241571 -4.61705464 0.105995965 3.6956238 -4.47693735 0.130297264 3.90887539 -4.34513034 0.0930863807 4.19819329 -4.22475397 0.117627267 4.05363712 -4.35818081 0.0761600351 4.32046946 -4.22332091 0.0526799989 4.52221421 -4.26602855 0.0908285077 3.82995666 -4.60797439 0.130297264 3.90887539 -4.34513034 0.105995965 3.6956238 -4.47693735 0.117627267 4.05363712 -4.35818081 0.184519877 2.4756799 -4.20106893 0.299549294 2.83558374 -4.55425358 0.172126785 2.79710293 -4.2310874 0.263728225 2.25591941 -4.31449688 0.255287479 2.53472863 -4.63963106 0.255287479 2.53472863 -4.63963106 0.201166184 3.08241571 -4.61705464 0.189175815 2.6200943 -4.81402538 0.201166184 3.08241571 -4.61705464 0.255287479 2.53472863 -4.63963106 0.201166184 3.08241571 -4.61705464 0.189175815 2.6200943 -4.81402538 0.116382138 2.88455398 -4.77864978 7.51465976e-05 2.65105123 -4.90092943 0.116382138 2.88455398 -4.77864978 0.189175815 2.6200943 -4.81402538 0.116382138 2.88455398 -4.77864978 7.51465976e-05 2.65105123 -4.90092943 0.166456144 3.19246728 -4.77596999 8.37092746e-05 3.03123959 -4.8630714 0.166456144 3.19246728 -4.77596999 7.51465976e-05 2.65105123 -4.90092943 -0.019915977 3.68508279 -4.69526583 0.166456144 3.19246728 -4.77596999 -0.019915977 3.68508279 -4.69526583 0.0908285077 3.82995666 -4.60797439 -0.0275897331 4.30424204 -4.43360829 0.0908285077 3.82995666 -4.60797439 -0.019915977 3.68508279 -4.69526583 0.0908285077 3.82995666 -4.60797439 -0.0275897331 4.30424204 -4.43360829 0.0526799989 4.52221421 -4.26602855 0.00387242608 4.96793367 -4.0144886 0.0526799989 4.52221421 -4.26602855 -0.0275897331 4.30424204 -4.43360829 0.00387242608 4.96793367 -4.0144886 0.0930863807 4.19819329 -4.22475397 0.201166184 3.08241571 -4.61705464 0.0908285077 3.82995666 -4.60797439 0.105995965 3.6956238 -4.47693735 0.085089466 2.48269325 -3.97090112 0.000291655278 2.55353489 -3.71499819 0.000291655278 2.55353489 -3.71499819 -0.0804790126 2.4831255 -3.96337872 -0.168856773 2.44821194 -4.24348388 -0.26332862 2.26304321 -4.31672617 -0.255024497 2.53472854 -4.63963116 -0.255024497 2.53472854 -4.63963116 -0.207353122 2.95072547 -4.76257953 -0.188986453 2.6200941 -4.8140249 -0.188986453 2.6200941 -4.8140249 -0.207353122 2.95072547 -4.76257953 7.51465976e-05 2.65105123 -4.90092943 8.37092746e-05 3.03123959 -4.8630714 -0.019915977 3.68508279 -4.69526583 8.37092746e-05 3.03123959 -4.8630714 -0.136567048 3.16067311 -4.80528986 -0.103333957 4.70638189 -2.73519788 -0.104832873 5.05715787 -2.14067264 -0.0579323571 5.36626579 -1.84908668 -0.103333957 4.70638189 -2.73519788 -0.104832873 5.05715787 -2.14067264 -0.0579323571 5.36626579 -1.84908668 0.116648653 4.35097211 -2.28254905 0.0844376204 4.96274671 -1.87177553 0.0698405926 4.58499511 -1.98863212 0.0416833383 5.39258349 -1.46905428 -0.00926756183 5.10994641 -1.66690461 0.00453558309 5.75409715 -1.17378347 -0.00926756183 5.10994641 -1.66690461 0.0416833383 5.39258349 -1.46905428 -0.00926756183 5.10994641 -1.66690461 0.00453558309 5.75409715 -1.17378347 -0.0553692368 5.3859356 -1.54313843 -0.0858398338 5.32264246 -1.73998574 -0.102060046 5.25187584 -1.73135318 -0.148166158 4.78559488 -2.52139594 -0.211624326 4.39685515 -2.80832611 -0.160821464 4.3768235 -3.04410564 -0.160821464 4.3768235 -3.04410564 -0.103333957 4.70638189 -2.73519788 -0.0234734379 4.84678093 -2.62318905 -0.0325087192 5.3240849 -1.99187566 -0.0325087192 5.3240849 -1.99187566 -0.0858398338 5.32264246 -1.73998574 0.116648653 4.35097211 -2.28254905 0.0844376204 4.96274671 -1.87177553 0.0698405926 4.58499511 -1.98863212 0.0698405926 4.58499511 -1.98863212 0.0416833383 5.39258349 -1.46905428 -0.00926756183 5.10994641 -1.66690461 0.00453558309 5.75409715 -1.17378347 0.00453558309 5.75409715 -1.17378347 -0.0553692368 5.3859356 -1.54313843 -0.0858398338 5.32264246 -1.73998574 -0.0553692368 5.3859356 -1.54313843 -0.160821464 4.3768235 -3.04410564 -0.0234734379 4.84678093 -2.62318905 -0.00493842399 4.56813554 -1.9797298 -0.0943267889 4.40379576 -2.19903564 -0.00493842399 4.56813554 -1.9797298 -0.0880975326 4.09949986 -2.31642226 -0.157833197 3.8376176 -2.69153638 -0.14639579 4.18511565 -2.46998432 -0.218410767 4.12417703 -2.71981446 -0.181747856 4.50988251 -2.51899542 -0.14639579 4.18511565 -2.46998432 -0.0943267889 4.40379576 -2.19903564 -0.181747856 4.50988251 -2.51899542 -0.0943267889 4.40379576 -2.19903564 -0.00493842399 4.56813554 -1.9797298 -0.00926756183 5.10994641 -1.66690461 -0.244166887 4.13759993 -3.12415422 -0.262597945 3.87991343 -3.00867541 -0.289826633 3.75560038 -2.90700795 -0.170553462 3.66827298 -2.72050452 -0.0888830495 3.68658943 -2.44416286 -0.00898188075 3.87352007 -2.23902827 -0.00799007169 3.58173154 -2.28599869 0.0718729945 3.53054653 -2.42701232 -0.00898188075 3.87352007 -2.23902827 -0.00799007169 3.58173154 -2.28599869 0.0356992604 3.90437732 -2.33593401 0.127927609 3.86696163 -2.48155284 0.202642331 3.6680575 -2.67264074 0.216610758 4.14465656 -2.7089218 0.202827082 4.2443177 -2.51981026 0.196885951 4.53522658 -2.42936817 -0.170553462 3.66827298 -2.72050452 -0.218410767 4.12417703 -2.71981446 -0.289826633 3.75560038 -2.90700795 0.0718729945 3.53054653 -2.42701232 -0.00898188075 3.87352007 -2.23902827 -0.00799007169 3.58173154 -2.28599869 0.0664417 4.21446575 -2.20059968 -0.000727885871 4.33552635 -2.08030199 -0.000727885871 4.33552635 -2.08030199 0.0664417 4.21446575 -2.20059968 0.217234199 3.32263624 -2.83125732 0.352673037 3.89754739 -2.97951279 0.23683429 4.18620922 -2.89823674 0.124778448 4.72899661 -2.39435823 0.153391417 4.86884865 -2.13441349 0.109578369 5.09299368 -1.84134264 0.138473467 5.02414281 -2.06249776 0.089648868 5.21683305 -1.76789598 0.0620029128 5.44769002 -1.69267465 0.106919981 4.9431167 -2.4488904 0.153391417 4.86884865 -2.13441349 0.124778448 4.72899661 -2.39435823 0.138473467 5.02414281 -2.06249776 0.217234199 3.32263624 -2.83125732 0.352673037 3.89754739 -2.97951279 0.202642331 3.6680575 -2.67264074 0.310496168 3.16532723 -3.07629375 0.300558013 3.64103489 -3.24368843 0.300558013 3.64103489 -3.24368843 0.23683429 4.18620922 -2.89823674 0.222716534 3.83074815 -3.37125852 0.23683429 4.18620922 -2.89823674 0.300558013 3.64103489 -3.24368843 0.23683429 4.18620922 -2.89823674 0.222716534 3.83074815 -3.37125852 0.137007388 4.07958659 -3.17949594 6.45321783e-05 3.91347622 -3.44164814 0.137007388 4.07958659 -3.17949594 0.222716534 3.83074815 -3.37125852 0.137007388 4.07958659 -3.17949594 6.45321783e-05 3.91347622 -3.44164814 0.195965862 4.39198259 -2.9954916 7.4665313e-05 4.27885923 -3.17922364 0.195965862 4.39198259 -2.9954916 6.45321783e-05 3.91347622 -3.44164814 -0.0234734379 4.84678093 -2.62318905 0.195965862 4.39198259 -2.9954916 -0.0234734379 4.84678093 -2.62318905 0.106919981 4.9431167 -2.4488904 -0.0325087192 5.3240849 -1.99187566 0.106919981 4.9431167 -2.4488904 -0.0234734379 4.84678093 -2.62318905 0.106919981 4.9431167 -2.4488904 -0.0325087192 5.3240849 -1.99187566 0.0620029128 5.44769002 -1.69267465 0.00453558309 5.75409715 -1.17378347 0.0620029128 5.44769002 -1.69267465 -0.0325087192 5.3240849 -1.99187566 0.00453558309 5.75409715 -1.17378347 0.109578369 5.09299368 -1.84134264 0.23683429 4.18620922 -2.89823674 0.106919981 4.9431167 -2.4488904 0.124778448 4.72899661 -2.39435823 0.100162177 3.19428479 -2.59243094 0.000318938358 3.11586746 -2.28978629 0.000318938358 3.11586746 -2.28978629 -0.0947824461 3.19029719 -2.58450606 -0.198840604 3.31959841 -2.89067829 -0.310074182 3.17390429 -3.07437331 -0.300296527 3.641035 -3.2436888 -0.300296527 3.641035 -3.2436888 -0.244166887 4.13759993 -3.12415422 -0.222541535 3.83074791 -3.37125863 -0.222541535 3.83074791 -3.37125863 -0.244166887 4.13759993 -3.12415422 6.45321783e-05 3.91347622 -3.44164814 7.4665313e-05 4.27885923 -3.17922364 -0.0234734379 4.84678093 -2.62318905 7.4665313e-05 4.27885923 -3.17922364 -0.160821464 4.3768235 -3.04410564 -0.103334345 -0.00307082064 1.76121914 0.0698402301 -0.749636618 1.63983225 0.0416829098 -1.26921448 2.44742032 -0.00926796743 -1.07136415 2.16478324 0.00453512764 -1.5644854 2.80893338 -0.00926796743 -1.07136415 2.16478324 0.00453512764 -1.5644854 2.80893338 -0.0553696627 -1.19513047 2.44077239 -0.0858402575 -0.998282948 2.37747927 -0.0553696627 -1.19513047 2.44077239 -0.160821829 0.305836987 1.43166089 -0.0234738287 -0.115079628 1.90161834 -0.0943271382 -0.539233172 1.45863285 -0.00493878684 -0.758538942 1.62297266 -0.170553759 -0.0177641628 0.723110582 -0.218411107 -0.0184542746 1.17901453 -0.289826925 0.168739109 0.810437923 0.0718727145 -0.311256253 0.585384202 -0.00898218801 -0.499240312 0.928357723 -0.00799035502 -0.452269945 0.636569112 0.000318693172 -0.448482439 0.170705163 -0.00799035502 -0.452269945 0.636569112 -0.310074461 0.336104508 0.228742038 -0.289826925 0.168739109 0.810437923 -0.300296824 0.505420009 0.695872691 -0.222541849 0.632989833 0.885585694 -0.244167231 0.385885171 1.19243767 6.42125522e-05 0.703379528 0.968313873 0.300557716 0.505419666 0.695872731 0.352672724 0.241243994 0.952385021 0.310495927 0.338024958 0.220165234 0.300557716 0.505419666 0.695872731 0.236833944 0.159968055 1.24104655 0.137007056 0.441227465 1.13442437 6.42125522e-05 0.703379528 0.968313873 0.195965514 0.257222684 1.44682002 7.43173677e-05 0.440954903 1.33369678 0.195965514 0.257222684 1.44682002 6.42125522e-05 0.703379528 0.968313873 -0.0947824461 3.19029719 -2.58450606 -0.198840604 3.31959841 -2.89067829 -0.223996688 3.04825844 -2.94092918 -0.310074182 3.17390429 -3.07437331 -0.0830077464 2.79007608 -2.54646297 -0.158284208 2.81726016 -2.86715674 -0.110487622 2.5987888 -2.80362583 -0.223857911 2.74199558 -3.02594618 -0.0884484979 2.17146802 -2.86528023 -0.209584157 2.41458902 -3.14774193 -0.252025025 2.85482022 -3.17308835 -0.286577981 2.69586782 -3.36770444 -0.384765035 3.19857309 -3.40251174 -0.158284208 2.81726016 -2.86715674 -0.223996688 3.04825844 -2.94092918 -0.223857911 2.74199558 -3.02594618 0.000318938358 3.11586746 -2.28978629 0.000349595499 2.67208652 -2.16881206 0.000295771942 2.3896504 -2.63608538 0.00027814671 2.04137572 -2.72828825 0.000200058309 1.5614386 -2.97705587 -0.182505131 2.19778705 -3.27269592 -0.182505131 2.19778705 -3.27269592 -0.286577981 2.69586782 -3.36770444 -0.321738205 2.51909598 -3.59100649 -0.3200594 2.77079811 -3.60409593 -0.321738205 2.51909598 -3.59100649 -0.286577981 2.69586782 -3.36770444 7.77809576e-05 2.79192091 -3.67133771 -0.321738205 2.51909598 -3.59100649 -0.3200594 2.77079811 -3.60409593 -0.321738205 2.51909598 -3.59100649 7.77809576e-05 2.79192091 -3.67133771 -0.172553074 2.20086677 -3.43257199 9.3866575e-05 2.48017911 -3.6082812 -0.172553074 2.20086677 -3.43257199 7.77809576e-05 2.79192091 -3.67133771 -0.172553074 2.20086677 -3.43257199 9.3866575e-05 2.48017911 -3.6082812 -0.109220233 2.08088535 -3.27928969 0.000153352238 2.00872234 -3.31057008 -0.109220233 2.08088535 -3.27928969 9.3866575e-05 2.48017911 -3.6082812 -0.109220233 2.08088535 -3.27928969 0.000153352238 2.00872234 -3.31057008 0.000167298448 1.74368282 -3.18054016 -0.109220233 2.08088535 -3.27928969 0.000167298448 1.74368282 -3.18054016 0.000167298448 1.74368282 -3.18054016 0.000200058309 1.5614386 -2.97705587 -0.109220233 2.08088535 -3.27928969 -0.172553074 2.20086677 -3.43257199 -0.321738205 2.51909598 -3.59100649 -0.172553074 2.20086677 -3.43257199 -0.182505131 2.19778705 -3.27269592 0.000200058309 1.5614386 -2.97705587 -0.338446729 3.0022604 -3.4557923 -0.330508627 3.20301881 -3.65842797 -0.22689049 3.01845476 -3.66339783 -0.338446729 3.0022604 -3.4557923 -0.22689049 3.01845476 -3.66339783 -0.3200594 2.77079811 -3.60409593 -0.338446729 3.0022604 -3.4557923 -0.22689049 3.01845476 -3.66339783 -0.330508627 3.20301881 -3.65842797 7.77809576e-05 2.79192091 -3.67133771 -0.22689049 3.01845476 -3.66339783 7.77809576e-05 2.79192091 -3.67133771 -0.330508627 3.20301881 -3.65842797 1.25211793e-05 3.27333325 -3.85328624 1.25211793e-05 3.27333325 -3.85328624 -0.330508627 3.20301881 -3.65842797 -1.20690376e-06 3.71854823 -3.79579296 -0.352367778 3.51564133 -3.65105223 -1.20690376e-06 3.71854823 -3.79579296 -0.330508627 3.20301881 -3.65842797 -1.20690376e-06 3.71854823 -3.79579296 -0.352367778 3.51564133 -3.65105223 6.45321783e-05 3.91347622 -3.44164814 -0.222541535 3.83074791 -3.37125863 -0.222541535 3.83074791 -3.37125863 -0.352367778 3.51564133 -3.65105223 -0.300296527 3.641035 -3.2436888 -0.300296527 3.641035 -3.2436888 -0.352367778 3.51564133 -3.65105223 -0.409099005 3.47764867 -3.4318401 -0.330508627 3.20301881 -3.65842797 -0.409099005 3.47764867 -3.4318401 -0.352367778 3.51564133 -3.65105223 -0.384765035 3.19857309 -3.40251174 -0.409099005 3.47764867 -3.4318401 -0.330508627 3.20301881 -3.65842797 -0.409099005 3.47764867 -3.4318401 -0.300296527 3.641035 -3.2436888 -0.310074182 3.17390429 -3.07437331 -0.300296527 3.641035 -3.2436888 -0.384765035 3.19857309 -3.40251174 0.310496168 3.16532723 -3.07629375 0.385024798 3.19857301 -3.40251162 0.300558013 3.64103489 -3.24368843 0.409309552 3.47764803 -3.43184008 0.352470395 3.51564154 -3.65105208 0.300558013 3.64103489 -3.24368843 0.409309552 3.47764803 -3.43184008 0.222716534 3.83074815 -3.37125852 0.222716534 3.83074815 -3.37125852 0.352470395 3.51564154 -3.65105208 6.45321783e-05 3.91347622 -3.44164814 -1.20690376e-06 3.71854823 -3.79579296 0.330645765 3.20301874 -3.65842787 -1.20690376e-06 3.71854823 -3.79579296 0.352470395 3.51564154 -3.65105208 1.25211793e-05 3.27333325 -3.85328624 7.77809576e-05 2.79192091 -3.67133771 0.227040073 3.01845457 -3.66339779 7.77809576e-05 2.79192091 -3.67133771 0.330645765 3.20301874 -3.65842787 0.320250936 2.7707979 -3.60409586 0.33870046 3.00226019 -3.45579223 0.320250936 2.7707979 -3.60409586 0.227040073 3.01845457 -3.66339779 0.320250936 2.7707979 -3.60409586 0.33870046 3.00226019 -3.45579223 0.286887306 2.69586776 -3.36770436 0.330645765 3.20301874 -3.65842787 0.227040073 3.01845457 -3.66339779 0.330645765 3.20301874 -3.65842787 0.33870046 3.00226019 -3.45579223 0.352470395 3.51564154 -3.65105208 0.300558013 3.64103489 -3.24368843 0.330645765 3.20301874 -3.65842787 -1.20690376e-06 3.71854823 -3.79579296 0.227040073 3.01845457 -3.66339779 7.77809576e-05 2.79192091 -3.67133771 0.320250936 2.7707979 -3.60409586 0.33870046 3.00226019 -3.45579223 0.286887306 2.69586776 -3.36770436 0.227040073 3.01845457 -3.66339779 0.352470395 3.51564154 -3.65105208 0.409309552 3.47764803 -3.43184008 0.330645765 3.20301874 -3.65842787 0.224307351 2.74199554 -3.02594611 0.2244533 3.04825812 -2.94092916 0.158785204 2.81725999 -2.86715672 0.25241125 2.85482003 -3.1730883 0.209991313 2.41458869 -3.14774191 0.0889610209 2.171468 -2.86528021 0.111021063 2.59878877 -2.80362579 0.0836076599 2.79007569 -2.5464633 0.100162177 3.19428479 -2.59243094 0.217234199 3.32263624 -2.83125732 0.310496168 3.16532723 -3.07629375 0.217234199 3.32263624 -2.83125732 0.2244533 3.04825812 -2.94092916 0.000318938358 3.11586746 -2.28978629 0.000349595499 2.67208652 -2.16881206 0.000295771942 2.3896504 -2.63608538 0.00027814671 2.04137572 -2.72828825 0.000200058309 1.5614386 -2.97705587 0.182847568 2.19778701 -3.27269586 0.321936337 2.51909563 -3.59100644 0.321936337 2.51909563 -3.59100644 0.172816916 2.20086673 -3.43257193 7.77809576e-05 2.79192091 -3.67133771 0.172816916 2.20086673 -3.43257193 9.3866575e-05 2.48017911 -3.6082812 0.109549791 2.08088533 -3.27928966 9.3866575e-05 2.48017911 -3.6082812 0.172816916 2.20086673 -3.43257193 9.3866575e-05 2.48017911 -3.6082812 0.109549791 2.08088533 -3.27928966 0.000153352238 2.00872234 -3.31057008 0.000167298448 1.74368282 -3.18054016 0.109549791 2.08088533 -3.27928966 0.000153352238 2.00872234 -3.31057008 0.109549791 2.08088533 -3.27928966 0.172816916 2.20086673 -3.43257193 0.182847568 2.19778701 -3.27269586 0.172816916 2.20086673 -3.43257193 0.321936337 2.51909563 -3.59100644 0.000167298448 1.74368282 -3.18054016 0.109549791 2.08088533 -3.27928966 0.000200058309 1.5614386 -2.97705587 -0.0804790126 2.4831255 -3.96337872 -0.168856773 2.44821194 -4.24348388 -0.190222033 2.22729543 -4.16521918 -0.26332862 2.26304321 -4.31672617 -0.0704785252 2.20490825 -3.76544103 -0.134411673 2.08871867 -4.01286286 -0.0938174643 1.95500617 -3.87335945 -0.190104106 1.96592873 -4.09769487 -0.0750993115 1.61451936 -3.7372436 -0.177981202 1.67339204 -4.04824367 -0.214026793 1.98642951 -4.25383327 -0.243372977 1.78687134 -4.329478 -0.326764415 2.14184204 -4.56855593 -0.134411673 2.08871867 -4.01286286 -0.190222033 2.22729543 -4.16521918 -0.190104106 1.96592873 -4.09769487 0.000291655278 2.55353489 -3.71499819 0.000317833175 2.2784955 -3.43756496 0.000272101185 1.87232697 -3.66131788 0.000257204846 1.57700786 -3.58123869 0.000190959851 1.11836181 -3.56040509 -0.154982675 1.46086667 -4.04808476 -0.154982675 1.46086667 -4.04808476 -0.243372977 1.78687134 -4.329478 -0.273234933 1.56202479 -4.41865486 -0.27180916 1.74159953 -4.5351695 -0.273234933 1.56202479 -4.41865486 -0.243372977 1.78687134 -4.329478 8.66472675e-05 1.72858131 -4.59359724 -0.273234933 1.56202479 -4.41865486 -0.27180916 1.74159953 -4.5351695 -0.273234933 1.56202479 -4.41865486 8.66472675e-05 1.72858131 -4.59359724 -0.146530317 1.39523959 -4.16698507 0.000100403282 1.52606485 -4.41483531 -0.146530317 1.39523959 -4.16698507 8.66472675e-05 1.72858131 -4.59359724 -0.146530317 1.39523959 -4.16698507 0.000100403282 1.52606485 -4.41483531 -0.0927410175 1.37208233 -4.0032916 0.000151108069 1.30572152 -3.99565459 -0.0927410175 1.37208233 -4.0032916 0.000100403282 1.52606485 -4.41483531 -0.0927410175 1.37208233 -4.0032916 0.000151108069 1.30572152 -3.99565459 0.000163048182 1.16599624 -3.78746376 -0.0927410175 1.37208233 -4.0032916 0.000163048182 1.16599624 -3.78746376 0.000163048182 1.16599624 -3.78746376 0.000190959851 1.11836181 -3.56040509 -0.0927410175 1.37208233 -4.0032916 -0.146530317 1.39523959 -4.16698507 -0.273234933 1.56202479 -4.41865486 -0.146530317 1.39523959 -4.16698507 -0.154982675 1.46086667 -4.04808476 0.000190959851 1.11836181 -3.56040509 -0.287425729 1.97482356 -4.52438004 -0.280683883 2.03643607 -4.75867695 -0.192679912 1.89857405 -4.68395582 -0.287425729 1.97482356 -4.52438004 -0.192679912 1.89857405 -4.68395582 -0.27180916 1.74159953 -4.5351695 -0.287425729 1.97482356 -4.52438004 -0.192679912 1.89857405 -4.68395582 -0.280683883 2.03643607 -4.75867695 8.66472675e-05 1.72858131 -4.59359724 -0.192679912 1.89857405 -4.68395582 8.66472675e-05 1.72858131 -4.59359724 -0.280683883 2.03643607 -4.75867695 3.10589332e-05 2.00540637 -4.93185903 3.10589332e-05 2.00540637 -4.93185903 -0.280683883 2.03643607 -4.75867695 1.92942282e-05 2.35728772 -5.07863396 -0.299249198 2.26950963 -4.88600814 1.92942282e-05 2.35728772 -5.07863396 -0.280683883 2.03643607 -4.75867695 1.92942282e-05 2.35728772 -5.07863396 -0.299249198 2.26950963 -4.88600814 7.51465976e-05 2.65105123 -4.90092943 -0.188986453 2.6200941 -4.8140249 -0.188986453 2.6200941 -4.8140249 -0.299249198 2.26950963 -4.88600814 -0.255024497 2.53472854 -4.63963116 -0.255024497 2.53472854 -4.63963116 -0.299249198 2.26950963 -4.88600814 -0.347431546 2.33465463 -4.70863849 -0.280683883 2.03643607 -4.75867695 -0.347431546 2.33465463 -4.70863849 -0.299249198 2.26950963 -4.88600814 -0.326764415 2.14184204 -4.56855593 -0.347431546 2.33465463 -4.70863849 -0.280683883 2.03643607 -4.75867695 -0.347431546 2.33465463 -4.70863849 -0.255024497 2.53472854 -4.63963116 -0.26332862 2.26304321 -4.31672617 -0.255024497 2.53472854 -4.63963116 -0.326764415 2.14184204 -4.56855593 0.263728225 2.25591941 -4.31449688 0.327026061 2.14184198 -4.56855583 0.255287479 2.53472863 -4.63963106 0.347651289 2.33465428 -4.70863844 0.299377159 2.26950985 -4.886008 0.255287479 2.53472863 -4.63963106 0.347651289 2.33465428 -4.70863844 0.189175815 2.6200943 -4.81402538 0.189175815 2.6200943 -4.81402538 0.299377159 2.26950985 -4.886008 7.51465976e-05 2.65105123 -4.90092943 1.92942282e-05 2.35728772 -5.07863396 0.280841353 2.03643616 -4.75867684 1.92942282e-05 2.35728772 -5.07863396 0.299377159 2.26950985 -4.886008 3.10589332e-05 2.00540637 -4.93185903 8.66472675e-05 1.72858131 -4.59359724 0.192848024 1.89857394 -4.68395578 8.66472675e-05 1.72858131 -4.59359724 0.280841353 2.03643616 -4.75867684 0.272013048 1.74159941 -4.53516943 0.287682375 1.97482351 -4.52437996 0.272013048 1.74159941 -4.53516943 0.192848024 1.89857394 -4.68395578 0.272013048 1.74159941 -4.53516943 0.287682375 1.97482351 -4.52437996 0.243677039 1.7868713 -4.32947793 0.280841353 2.03643616 -4.75867684 0.192848024 1.89857394 -4.68395578 0.280841353 2.03643616 -4.75867684 0.287682375 1.97482351 -4.52437996 0.299377159 2.26950985 -4.886008 0.255287479 2.53472863 -4.63963106 0.280841353 2.03643616 -4.75867684 1.92942282e-05 2.35728772 -5.07863396 0.192848024 1.89857394 -4.68395578 8.66472675e-05 1.72858131 -4.59359724 0.272013048 1.74159941 -4.53516943 0.287682375 1.97482351 -4.52437996 0.243677039 1.7868713 -4.32947793 0.192848024 1.89857394 -4.68395578 0.299377159 2.26950985 -4.886008 0.347651289 2.33465428 -4.70863844 0.280841353 2.03643616 -4.75867684 0.190527278 1.96592893 -4.09769535 0.19065118 2.22729539 -4.16521913 0.134878645 2.08871851 -4.01286285 0.21439614 1.98642947 -4.25383321 0.178368573 1.67339193 -4.04824363 0.0755764234 1.61451942 -3.73724356 0.094312147 1.95500615 -3.87335942 0.0710296559 2.2049081 -3.76544104 0.085089466 2.48269325 -3.97090112 0.184519877 2.4756799 -4.20106893 0.263728225 2.25591941 -4.31449688 0.184519877 2.4756799 -4.20106893 0.19065118 2.22729539 -4.16521913 0.000291655278 2.55353489 -3.71499819 0.000317833175 2.2784955 -3.43756496 0.000272101185 1.87232697 -3.66131788 0.000257204846 1.57700786 -3.58123869 0.000190959851 1.11836181 -3.56040509 0.155315143 1.46086678 -4.04808469 0.273444526 1.56202483 -4.41865534 0.273444526 1.56202483 -4.41865534 0.146795993 1.39523963 -4.16698501 8.66472675e-05 1.72858131 -4.59359724 0.146795993 1.39523963 -4.16698501 0.000100403282 1.52606485 -4.41483531 0.0930626178 1.37208238 -4.00329156 0.000100403282 1.52606485 -4.41483531 0.146795993 1.39523963 -4.16698501 0.000100403282 1.52606485 -4.41483531 0.0930626178 1.37208238 -4.00329156 0.000151108069 1.30572152 -3.99565459 0.000163048182 1.16599624 -3.78746376 0.0930626178 1.37208238 -4.00329156 0.000151108069 1.30572152 -3.99565459 0.0930626178 1.37208238 -4.00329156 0.146795993 1.39523963 -4.16698501 0.155315143 1.46086678 -4.04808469 0.146795993 1.39523963 -4.16698501 0.273444526 1.56202483 -4.41865534 0.000163048182 1.16599624 -3.78746376 0.0930626178 1.37208238 -4.00329156 0.000190959851 1.11836181 -3.56040509 -0.0702604132 1.99077678 -1.5317874 -0.147437934 2.18736837 -1.68049491 -0.166095645 2.03171915 -1.81339458 -0.229937228 2.16190823 -1.85251284 -0.0615274355 1.71960327 -1.65576903 -0.117358326 1.85598917 -1.85167259 -0.0819087772 1.69210318 -1.89188381 -0.165992801 1.86653105 -1.98157538 -0.065563011 1.44049482 -2.08995137 -0.155406467 1.70140094 -2.1812206 -0.186883738 1.99356506 -2.03424648 -0.212510953 1.96363924 -2.21819544 -0.285333797 2.29943946 -2.05413095 -0.117358326 1.85598917 -1.85167259 -0.166095645 2.03171915 -1.81339458 -0.165992801 1.86653105 -1.98157538 0.000274086818 1.83367662 -1.3700877 0.000296864676 1.50377034 -1.45695535 0.000256563582 1.49564146 -1.86182725 0.000243383008 1.30613365 -2.05020333 0.000185226393 1.09011769 -2.38796733 -0.13532275 1.60848485 -2.34187818 -0.13532275 1.60848485 -2.34187818 -0.212510953 1.96363924 -2.21819544 -0.238588596 1.93290572 -2.4271785 -0.237343456 2.09943053 -2.34224523 -0.238588596 1.93290572 -2.4271785 -0.212510953 1.96363924 -2.21819544 9.41561952e-05 2.13793368 -2.37760235 -0.238588596 1.93290572 -2.4271785 -0.237343456 2.09943053 -2.34224523 -0.238588596 1.93290572 -2.4271785 9.41561952e-05 2.13793368 -2.37760235 -0.127941664 1.66975079 -2.44342569 0.00010609839 1.91431555 -2.45270615 -0.127941664 1.66975079 -2.44342569 9.41561952e-05 2.13793368 -2.37760235 -0.127941664 1.66975079 -2.44342569 0.00010609839 1.91431555 -2.45270615 -0.0809692038 1.53584293 -2.38946485 0.000150386778 1.50109185 -2.4363172 -0.0809692038 1.53584293 -2.38946485 0.00010609839 1.91431555 -2.45270615 -0.0809692038 1.53584293 -2.38946485 0.000150386778 1.50109185 -2.4363172 0.00016079763 1.28263463 -2.45108451 -0.0809692038 1.53584293 -2.38946485 0.00016079763 1.28263463 -2.45108451 0.00016079763 1.28263463 -2.45108451 0.000185226393 1.09011769 -2.38796733 -0.0809692038 1.53584293 -2.38946485 -0.127941664 1.66975079 -2.44342569 -0.238588596 1.93290572 -2.4271785 -0.127941664 1.66975079 -2.44342569 -0.13532275 1.60848485 -2.34187818 0.000185226393 1.09011769 -2.38796733 -0.250980719 2.19310448 -2.16115363 -0.245093348 2.39719841 -2.21685958 -0.168242443 2.28049401 -2.288495 -0.250980719 2.19310448 -2.16115363 -0.168242443 2.28049401 -2.288495 -0.237343456 2.09943053 -2.34224523 -0.250980719 2.19310448 -2.16115363 -0.168242443 2.28049401 -2.288495 -0.245093348 2.39719841 -2.21685958 9.41561952e-05 2.13793368 -2.37760235 -0.168242443 2.28049401 -2.288495 9.41561952e-05 2.13793368 -2.37760235 -0.245093348 2.39719841 -2.21685958 4.56730111e-05 2.51462281 -2.31594404 4.56730111e-05 2.51462281 -2.31594404 -0.245093348 2.39719841 -2.21685958 3.55846267e-05 2.77926785 -2.11391325 -0.261305709 2.5952635 -2.0961899 3.55846267e-05 2.77926785 -2.11391325 -0.245093348 2.39719841 -2.21685958 3.55846267e-05 2.77926785 -2.11391325 -0.261305709 2.5952635 -2.0961899 8.46286516e-05 2.77314178 -1.81415609 -0.165016617 2.6939014 -1.79962262 -0.165016617 2.6939014 -1.79962262 -0.261305709 2.5952635 -2.0961899 -0.222685455 2.52473924 -1.78803598 -0.222685455 2.52473924 -1.78803598 -0.261305709 2.5952635 -2.0961899 -0.30338166 2.48956838 -1.9694769 -0.245093348 2.39719841 -2.21685958 -0.30338166 2.48956838 -1.9694769 -0.261305709 2.5952635 -2.0961899 -0.285333797 2.29943946 -2.05413095 -0.30338166 2.48956838 -1.9694769 -0.245093348 2.39719841 -2.21685958 -0.30338166 2.48956838 -1.9694769 -0.222685455 2.52473924 -1.78803598 -0.229937228 2.16190823 -1.85251284 -0.222685455 2.52473924 -1.78803598 -0.285333797 2.29943946 -2.05413095 0.230324135 2.15711171 -1.85692722 0.28559986 2.2994395 -2.05413143 0.222953166 2.52473941 -1.78803631 0.303611276 2.48956805 -1.96947773 0.261454954 2.59526378 -2.09619005 0.222953166 2.52473941 -1.78803631 0.303611276 2.48956805 -1.96947773 0.165220028 2.69390175 -1.79962308 0.165220028 2.69390175 -1.79962308 0.261454954 2.59526378 -2.09619005 8.46286516e-05 2.77314178 -1.81415609 3.55846267e-05 2.77926785 -2.11391325 0.245268123 2.3971986 -2.21686005 3.55846267e-05 2.77926785 -2.11391325 0.261454954 2.59526378 -2.09619005 4.56730111e-05 2.51462281 -2.31594404 9.41561952e-05 2.13793368 -2.37760235 0.168426389 2.28049407 -2.28849551 9.41561952e-05 2.13793368 -2.37760235 0.245268123 2.3971986 -2.21686005 0.237558531 2.09943058 -2.34224572 0.251242215 2.19310448 -2.16115384 0.237558531 2.09943058 -2.34224572 0.168426389 2.28049407 -2.28849551 0.237558531 2.09943058 -2.34224572 0.251242215 2.19310448 -2.16115384 0.212813743 1.96363934 -2.21819622 0.245268123 2.3971986 -2.21686005 0.168426389 2.28049407 -2.28849551 0.245268123 2.3971986 -2.21686005 0.251242215 2.19310448 -2.16115384 0.261454954 2.59526378 -2.09619005 0.222953166 2.52473941 -1.78803631 0.245268123 2.3971986 -2.21686005 3.55846267e-05 2.77926785 -2.11391325 0.168426389 2.28049407 -2.28849551 9.41561952e-05 2.13793368 -2.37760235 0.237558531 2.09943058 -2.34224572 0.251242215 2.19310448 -2.16115384 0.212813743 1.96363934 -2.21819622 0.168426389 2.28049407 -2.28849551 0.261454954 2.59526378 -2.09619005 0.303611276 2.48956805 -1.96947773 0.245268123 2.3971986 -2.21686005 0.166400053 1.86653109 -1.98157576 0.166508371 2.03171905 -1.81339497 0.117804036 1.85598903 -1.85167272 0.187243897 1.99356495 -2.03424688 0.155782059 1.70140086 -2.18122114 0.0660171384 1.44049481 -2.08995135 0.0823786147 1.69210316 -1.89188379 0.0620469902 1.71960319 -1.65576946 0.0743250764 1.996277 -1.53539912 0.161154276 2.16728408 -1.64120201 0.230324135 2.15711171 -1.85692722 0.161154276 2.16728408 -1.64120201 0.166508371 2.03171905 -1.81339497 0.000274086818 1.83367662 -1.3700877 0.000296864676 1.50377034 -1.45695535 0.000256563582 1.49564146 -1.86182725 0.000243383008 1.30613365 -2.05020333 0.000185226393 1.09011769 -2.38796733 0.1356501 1.6084849 -2.34187813 0.238808525 1.93290577 -2.42717899 0.238808525 1.93290577 -2.42717899 0.128210532 1.66975081 -2.44342593 9.41561952e-05 2.13793368 -2.37760235 0.128210532 1.66975081 -2.44342593 0.00010609839 1.91431555 -2.45270615 0.0812869958 1.53584297 -2.38946511 0.00010609839 1.91431555 -2.45270615 0.128210532 1.66975081 -2.44342593 0.00010609839 1.91431555 -2.45270615 0.0812869958 1.53584297 -2.38946511 0.000150386778 1.50109185 -2.4363172 0.00016079763 1.28263463 -2.45108451 0.0812869958 1.53584297 -2.38946511 0.000150386778 1.50109185 -2.4363172 0.0812869958 1.53584297 -2.38946511 0.128210532 1.66975081 -2.44342593 0.1356501 1.6084849 -2.34187813 0.128210532 1.66975081 -2.44342593 0.238808525 1.93290577 -2.42717899 0.00016079763 1.28263463 -2.45108451 0.0812869958 1.53584297 -2.38946511 0.000185226393 1.09011769 -2.38796733 -0.0947820489 0.360655695 -5.92856563 -0.198840089 0.054483338 -6.05786717 -0.223996216 0.00423204779 -5.78652698 -0.310073666 -0.129211588 -5.91217305 -0.0830074211 0.398698468 -5.52834457 -0.158283783 0.078004966 -5.55552905 -0.110487245 0.141535589 -5.33705773 -0.223857457 -0.0807847125 -5.48026466 -0.0884481742 0.0798810785 -4.90973639 -0.209583731 -0.202580536 -5.15285767 -0.252024514 -0.227926756 -5.59308914 -0.286577437 -0.422542799 -5.43413658 -0.384764423 -0.45735035 -5.9368419 -0.158283783 0.078004966 -5.55552905 -0.223996216 0.00423204779 -5.78652698 -0.223857457 -0.0807847125 -5.48026466 0.000319243497 0.655375338 -5.85413591 0.00034979958 0.776349493 -5.41035527 0.000296062586 0.309076034 -5.12791888 0.000278409933 0.216873091 -4.77964437 0.000200317519 -0.0318944229 -4.29970745 -0.182504712 -0.327534602 -4.93605615 -0.182504712 -0.327534602 -4.93605615 -0.286577437 -0.422542799 -5.43413658 -0.321737635 -0.645845002 -5.25736463 -0.320058787 -0.658934369 -5.50906718 -0.321737635 -0.645845002 -5.25736463 -0.286577437 -0.422542799 -5.43413658 7.84196637e-05 -0.726175947 -5.53018992 -0.321737635 -0.645845002 -5.25736463 -0.320058787 -0.658934369 -5.50906718 -0.321737635 -0.645845002 -5.25736463 7.84196637e-05 -0.726175947 -5.53018992 -0.172552587 -0.487410509 -4.93913555 9.44403998e-05 -0.66312005 -5.21844793 -0.172552587 -0.487410509 -4.93913555 7.84196637e-05 -0.726175947 -5.53018992 -0.172552587 -0.487410509 -4.93913555 9.44403998e-05 -0.66312005 -5.21844793 -0.109219812 -0.334128467 -4.81915403 0.000153771869 -0.365408575 -4.7469911 -0.109219812 -0.334128467 -4.81915403 9.44403998e-05 -0.66312005 -5.21844793 -0.109219812 -0.334128467 -4.81915403 0.000153771869 -0.365408575 -4.7469911 0.000167641761 -0.235378891 -4.48195148 -0.109219812 -0.334128467 -4.81915403 0.000167641761 -0.235378891 -4.48195148 0.000167641761 -0.235378891 -4.48195148 0.000200317519 -0.0318944229 -4.29970745 -0.109219812 -0.334128467 -4.81915403 -0.172552587 -0.487410509 -4.93913555 -0.321737635 -0.645845002 -5.25736463 -0.172552587 -0.487410509 -4.93913555 -0.182504712 -0.327534602 -4.93605615 0.000200317519 -0.0318944229 -4.29970745 -0.338446103 -0.51063076 -5.74052933 -0.330507935 -0.713266454 -5.9412876 -0.226889808 -0.718236343 -5.75672354 -0.338446103 -0.51063076 -5.74052933 -0.226889808 -0.718236343 -5.75672354 -0.320058787 -0.658934369 -5.50906718 -0.338446103 -0.51063076 -5.74052933 -0.226889808 -0.718236343 -5.75672354 -0.330507935 -0.713266454 -5.9412876 7.84196637e-05 -0.726175947 -5.53018992 -0.226889808 -0.718236343 -5.75672354 7.84196637e-05 -0.726175947 -5.53018992 -0.330507935 -0.713266454 -5.9412876 1.32835123e-05 -0.908124762 -6.01160231 1.32835123e-05 -0.908124762 -6.01160231 -0.330507935 -0.713266454 -5.9412876 -3.92807147e-07 -0.850631003 -6.45681749 -0.352367034 -0.70589052 -6.25391038 -3.92807147e-07 -0.850631003 -6.45681749 -0.330507935 -0.713266454 -5.9412876 -3.92807147e-07 -0.850631003 -6.45681749 -0.352367034 -0.70589052 -6.25391038 6.52777672e-05 -0.496486327 -6.65174551 -0.222540831 -0.426096815 -6.56901693 -0.222540831 -0.426096815 -6.56901693 -0.352367034 -0.70589052 -6.25391038 -0.300295889 -0.298527012 -6.37930374 -0.300295889 -0.298527012 -6.37930374 -0.352367034 -0.70589052 -6.25391038 -0.409098315 -0.486678427 -6.21591744 -0.330507935 -0.713266454 -5.9412876 -0.409098315 -0.486678427 -6.21591744 -0.352367034 -0.70589052 -6.25391038 -0.384764423 -0.45735035 -5.9368419 -0.409098315 -0.486678427 -6.21591744 -0.330507935 -0.713266454 -5.9412876 -0.409098315 -0.486678427 -6.21591744 -0.300295889 -0.298527012 -6.37930374 -0.310073666 -0.129211588 -5.91217305 -0.300295889 -0.298527012 -6.37930374 -0.384764423 -0.45735035 -5.9368419 0.310496718 -0.131131851 -5.90359618 0.385025411 -0.457349864 -5.93684169 0.300558651 -0.29852665 -6.37930357 0.409310243 -0.486678088 -6.21591724 0.352471175 -0.705890028 -6.25391017 0.300558651 -0.29852665 -6.37930357 0.409310243 -0.486678088 -6.21591724 0.222717238 -0.426096719 -6.56901684 0.222717238 -0.426096719 -6.56901684 0.352471175 -0.705890028 -6.25391017 6.52777672e-05 -0.496486327 -6.65174551 -3.92807147e-07 -0.850631003 -6.45681749 0.330646457 -0.71326624 -5.94128745 -3.92807147e-07 -0.850631003 -6.45681749 0.352471175 -0.705890028 -6.25391017 1.32835123e-05 -0.908124762 -6.01160231 7.84196637e-05 -0.726175947 -5.53018992 0.227040773 -0.718236107 -5.75672342 7.84196637e-05 -0.726175947 -5.53018992 0.330646457 -0.71326624 -5.94128745 0.32025155 -0.658934252 -5.50906647 0.338701086 -0.510630407 -5.74052915 0.32025155 -0.658934252 -5.50906647 0.227040773 -0.718236107 -5.75672342 0.32025155 -0.658934252 -5.50906647 0.338701086 -0.510630407 -5.74052915 0.28688785 -0.422542575 -5.43413645 0.330646457 -0.71326624 -5.94128745 0.227040773 -0.718236107 -5.75672342 0.330646457 -0.71326624 -5.94128745 0.338701086 -0.510630407 -5.74052915 0.352471175 -0.705890028 -6.25391017 0.300558651 -0.29852665 -6.37930357 0.330646457 -0.71326624 -5.94128745 -3.92807147e-07 -0.850631003 -6.45681749 0.227040773 -0.718236107 -5.75672342 7.84196637e-05 -0.726175947 -5.53018992 0.32025155 -0.658934252 -5.50906647 0.338701086 -0.510630407 -5.74052915 0.28688785 -0.422542575 -5.43413645 0.227040773 -0.718236107 -5.75672342 0.352471175 -0.705890028 -6.25391017 0.409310243 -0.486678088 -6.21591724 0.330646457 -0.71326624 -5.94128745 0.224307804 -0.0807845468 -5.48026456 0.224453771 0.00423242481 -5.78652684 0.158785629 0.0780049753 -5.55552841 0.252411743 -0.227926596 -5.59308902 0.209991738 -0.202580367 -5.15285757 0.0889613446 0.0798811309 -4.90973635 0.11102144 0.141535778 -5.33705766 0.0836079763 0.398698451 -5.52834455 0.100162582 0.352730768 -5.93255321 0.217234693 0.113904556 -6.06090492 0.310496718 -0.131131851 -5.90359618 0.217234693 0.113904556 -6.06090492 0.224453771 0.00423242481 -5.78652684 0.000319243497 0.655375338 -5.85413591 0.00034979958 0.776349493 -5.41035527 0.000296062586 0.309076034 -5.12791888 0.000278409933 0.216873091 -4.77964437 0.000200317519 -0.0318944229 -4.29970745 0.182847987 -0.327534428 -4.93605606 0.321936907 -0.645844786 -5.25736448 0.321936907 -0.645844786 -5.25736448 0.172817403 -0.487410544 -4.9391355 7.84196637e-05 -0.726175947 -5.53018992 0.172817403 -0.487410544 -4.9391355 9.44403998e-05 -0.66312005 -5.21844793 0.109550212 -0.334128419 -4.81915398 9.44403998e-05 -0.66312005 -5.21844793 0.172817403 -0.487410544 -4.9391355 9.44403998e-05 -0.66312005 -5.21844793 0.109550212 -0.334128419 -4.81915398 0.000153771869 -0.365408575 -4.7469911 0.000167641761 -0.235378891 -4.48195148 0.109550212 -0.334128419 -4.81915398 0.000153771869 -0.365408575 -4.7469911 0.109550212 -0.334128419 -4.81915398 0.172817403 -0.487410544 -4.9391355 0.182847987 -0.327534428 -4.93605606 0.172817403 -0.487410544 -4.9391355 0.321936907 -0.645844786 -5.25736448 0.000167641761 -0.235378891 -4.48195148 0.109550212 -0.334128419 -4.81915398 0.000200317519 -0.0318944229 -4.29970745 -0.0804773757 -1.0182171 -5.22139439 -0.168854939 -1.29832284 -5.18648153 -0.190220369 -1.220058 -4.96556499 -0.263326796 -1.37156516 -5.00131252 -0.0704771334 -0.8202797 -4.9431772 -0.134410138 -1.06770177 -4.82698781 -0.09381608 -0.928198277 -4.693275 -0.190102563 -1.15253385 -4.70419818 -0.0750981416 -0.792082671 -4.35278845 -0.177979785 -1.10308286 -4.41166115 -0.214025109 -1.30867199 -4.72469877 -0.243371304 -1.38431687 -4.52514056 -0.326762427 -1.62339511 -4.88011183 -0.134410138 -1.06770177 -4.82698781 -0.190220369 -1.220058 -4.96556499 -0.190102563 -1.15253385 -4.70419818 0.000293133021 -0.769836641 -5.2918035 0.000319014522 -0.492403224 -5.01676436 0.000273305625 -0.71615645 -4.61059574 0.00025824952 -0.636077361 -4.31527687 0.000191831643 -0.615244243 -3.85663054 -0.15498134 -1.10292352 -4.19913578 -0.15498134 -1.10292352 -4.19913578 -0.243371304 -1.38431687 -4.52514056 -0.273233275 -1.47349412 -4.30029421 -0.271807344 -1.59000818 -4.47986893 -0.273233275 -1.47349412 -4.30029421 -0.243371304 -1.38431687 -4.52514056 8.84805561e-05 -1.64843599 -4.4668507 -0.273233275 -1.47349412 -4.30029421 -0.271807344 -1.59000818 -4.47986893 -0.273233275 -1.47349412 -4.30029421 8.84805561e-05 -1.64843599 -4.4668507 -0.146528898 -1.22182391 -4.13350908 0.000102036884 -1.46967406 -4.26433424 -0.146528898 -1.22182391 -4.13350908 8.84805561e-05 -1.64843599 -4.4668507 -0.146528898 -1.22182391 -4.13350908 0.000102036884 -1.46967406 -4.26433424 -0.0927397378 -1.05813041 -4.11035123 0.000152360966 -1.05049339 -4.04399063 -0.0927397378 -1.05813041 -4.11035123 0.000102036884 -1.46967406 -4.26433424 -0.0927397378 -1.05813041 -4.11035123 0.000152360966 -1.05049339 -4.04399063 0.000164101548 -0.842302871 -3.90426525 -0.0927397378 -1.05813041 -4.11035123 0.000164101548 -0.842302871 -3.90426525 0.000164101548 -0.842302871 -3.90426525 0.000191831643 -0.615244243 -3.85663054 -0.0927397378 -1.05813041 -4.11035123 -0.146528898 -1.22182391 -4.13350908 -0.273233275 -1.47349412 -4.30029421 -0.146528898 -1.22182391 -4.13350908 -0.15498134 -1.10292352 -4.19913578 0.000191831643 -0.615244243 -3.85663054 -0.287423863 -1.57921882 -4.7130932 -0.280681841 -1.81351561 -4.77470555 -0.192677947 -1.73879477 -4.63684371 -0.287423863 -1.57921882 -4.7130932 -0.192677947 -1.73879477 -4.63684371 -0.271807344 -1.59000818 -4.47986893 -0.287423863 -1.57921882 -4.7130932 -0.192677947 -1.73879477 -4.63684371 -0.280681841 -1.81351561 -4.77470555 8.84805561e-05 -1.64843599 -4.4668507 -0.192677947 -1.73879477 -4.63684371 8.84805561e-05 -1.64843599 -4.4668507 -0.280681841 -1.81351561 -4.77470555 3.32334909e-05 -1.98669807 -4.74367581 3.32334909e-05 -1.98669807 -4.74367581 -0.280681841 -1.81351561 -4.77470555 2.16965519e-05 -2.13347294 -5.09555743 -0.299246962 -1.94084702 -5.0077795 2.16965519e-05 -2.13347294 -5.09555743 -0.280681841 -1.81351561 -4.77470555 2.16965519e-05 -2.13347294 -5.09555743 -0.299246962 -1.94084702 -5.0077795 7.7520644e-05 -1.95576782 -5.38932099 -0.188984147 -1.86886386 -5.35836369 -0.188984147 -1.86886386 -5.35836369 -0.299246962 -1.94084702 -5.0077795 -0.255022365 -1.6944701 -5.27299813 -0.255022365 -1.6944701 -5.27299813 -0.299246962 -1.94084702 -5.0077795 -0.347429406 -1.76347733 -5.07292465 -0.280681841 -1.81351561 -4.77470555 -0.347429406 -1.76347733 -5.07292465 -0.299246962 -1.94084702 -5.0077795 -0.326762427 -1.62339511 -4.88011183 -0.347429406 -1.76347733 -5.07292465 -0.280681841 -1.81351561 -4.77470555 -0.347429406 -1.76347733 -5.07292465 -0.255022365 -1.6944701 -5.27299813 -0.263326796 -1.37156516 -5.00131252 -0.255022365 -1.6944701 -5.27299813 -0.326762427 -1.62339511 -4.88011183 0.263730049 -1.3693353 -4.99418857 0.327028014 -1.62339466 -4.88011135 0.255289628 -1.69446977 -5.27299857 0.347653429 -1.76347666 -5.07292383 0.299379395 -1.9408468 -5.00777936 0.255289628 -1.69446977 -5.27299857 0.347653429 -1.76347666 -5.07292383 0.189178139 -1.86886361 -5.35836358 0.189178139 -1.86886361 -5.35836358 0.299379395 -1.9408468 -5.00777936 7.7520644e-05 -1.95576782 -5.38932099 2.16965519e-05 -2.13347294 -5.09555743 0.280843395 -1.81351539 -4.77470541 2.16965519e-05 -2.13347294 -5.09555743 0.299379395 -1.9408468 -5.00777936 3.32334909e-05 -1.98669807 -4.74367581 8.84805561e-05 -1.64843599 -4.4668507 0.192849972 -1.73879457 -4.63684332 8.84805561e-05 -1.64843599 -4.4668507 0.280843395 -1.81351539 -4.77470541 0.272014829 -1.59000796 -4.4798688 0.287684259 -1.57921865 -4.71309278 0.272014829 -1.59000796 -4.4798688 0.192849972 -1.73879457 -4.63684332 0.272014829 -1.59000796 -4.4798688 0.287684259 -1.57921865 -4.71309278 0.243678676 -1.38431664 -4.52514043 0.280843395 -1.81351539 -4.77470541 0.192849972 -1.73879457 -4.63684332 0.280843395 -1.81351539 -4.77470541 0.287684259 -1.57921865 -4.71309278 0.299379395 -1.9408468 -5.00777936 0.255289628 -1.69446977 -5.27299857 0.280843395 -1.81351539 -4.77470541 2.16965519e-05 -2.13347294 -5.09555743 0.192849972 -1.73879457 -4.63684332 8.84805561e-05 -1.64843599 -4.4668507 0.272014829 -1.59000796 -4.4798688 0.287684259 -1.57921865 -4.71309278 0.243678676 -1.38431664 -4.52514043 0.192849972 -1.73879457 -4.63684332 0.299379395 -1.9408468 -5.00777936 0.347653429 -1.76347666 -5.07292383 0.280843395 -1.81351539 -4.77470541 0.190528822 -1.15253361 -4.70419807 0.190652861 -1.22005767 -4.96556458 0.134880189 -1.06770151 -4.82698772 0.214397806 -1.30867175 -4.72469865 0.17836999 -1.10308233 -4.411661 0.0755775933 -0.792082546 -4.3527884 0.0943135403 -0.928198155 -4.69327495 0.0710310477 -0.820279574 -4.94317715 0.08509111 -1.02573947 -5.22096256 0.184521686 -1.25590702 -5.21394915 0.263730049 -1.3693353 -4.99418857 0.184521686 -1.25590702 -5.21394915 0.190652861 -1.22005767 -4.96556458 0.000293133021 -0.769836641 -5.2918035 0.000319014522 -0.492403224 -5.01676436 0.000273305625 -0.71615645 -4.61059574 0.00025824952 -0.636077361 -4.31527687 0.000191831643 -0.615244243 -3.85663054 0.155316496 -1.10292322 -4.19913597 0.273446184 -1.47349375 -4.30029406 0.273446184 -1.47349375 -4.30029406 0.146797402 -1.22182366 -4.13350899 8.84805561e-05 -1.64843599 -4.4668507 0.146797402 -1.22182366 -4.13350899 0.000102036884 -1.46967406 -4.26433424 0.0930638975 -1.05813043 -4.1103512 0.000102036884 -1.46967406 -4.26433424 0.146797402 -1.22182366 -4.13350899 0.000102036884 -1.46967406 -4.26433424 0.0930638975 -1.05813043 -4.1103512 0.000152360966 -1.05049339 -4.04399063 0.000164101548 -0.842302871 -3.90426525 0.0930638975 -1.05813043 -4.1103512 0.000152360966 -1.05049339 -4.04399063 0.0930638975 -1.05813043 -4.1103512 0.146797402 -1.22182366 -4.13350899 0.155316496 -1.10292322 -4.19913597 0.146797402 -1.22182366 -4.13350899 0.273446184 -1.47349375 -4.30029406 0.000164101548 -0.842302871 -3.90426525 0.0930638975 -1.05813043 -4.1103512 0.000191831643 -0.615244243 -3.85663054 -0.0702611141 1.41337407 -4.72904483 -0.147438368 1.26466653 -4.92563614 -0.166095995 1.13176676 -4.76998723 -0.229937474 1.09264863 -4.90017629 -0.0615281087 1.28939237 -4.45787118 -0.117358702 1.09348882 -4.59425694 -0.0819091889 1.0532777 -4.43037136 -0.16599304 0.963585901 -4.60479943 -0.0655633008 0.855209982 -4.17876311 -0.15540653 0.763940691 -4.43966946 -0.186883841 0.910914815 -4.73183344 -0.212510852 0.726965649 -4.70190766 -0.285333729 0.891030475 -5.03770797 -0.117358702 1.09348882 -4.59425694 -0.166095995 1.13176676 -4.76998723 -0.16599304 0.963585901 -4.60479943 0.000273132981 1.57507389 -4.57194464 0.00029586653 1.48820607 -4.24203824 0.000256034562 1.08333428 -4.23390978 0.000242990206 0.894958056 -4.04440156 0.000185132546 0.557193742 -3.82838617 -0.135322661 0.603283228 -4.34675321 -0.135322661 0.603283228 -4.34675321 -0.212510852 0.726965649 -4.70190766 -0.238588281 0.517982908 -4.67117423 -0.237343148 0.602916018 -4.83769863 -0.238588281 0.517982908 -4.67117423 -0.212510852 0.726965649 -4.70190766 9.45131703e-05 0.567559307 -4.87620227 -0.238588281 0.517982908 -4.67117423 -0.237343148 0.602916018 -4.83769863 -0.238588281 0.517982908 -4.67117423 9.45131703e-05 0.567559307 -4.87620227 -0.127941437 0.50173556 -4.40801917 0.000106444256 0.492455304 -4.65258403 -0.127941437 0.50173556 -4.40801917 9.45131703e-05 0.567559307 -4.87620227 -0.127941437 0.50173556 -4.40801917 0.000106444256 0.492455304 -4.65258403 -0.0809691037 0.555696321 -4.27411103 0.000150530949 0.508844208 -4.23936027 -0.0809691037 0.555696321 -4.27411103 0.000106444256 0.492455304 -4.65258403 -0.0809691037 0.555696321 -4.27411103 0.000150530949 0.508844208 -4.23936027 0.00016086253 0.494076822 -4.02090305 -0.0809691037 0.555696321 -4.27411103 0.00016086253 0.494076822 -4.02090305 0.00016086253 0.494076822 -4.02090305 0.000185132546 0.557193742 -3.82838617 -0.0809691037 0.555696321 -4.27411103 -0.127941437 0.50173556 -4.40801917 -0.238588281 0.517982908 -4.67117423 -0.127941437 0.50173556 -4.40801917 -0.135322661 0.603283228 -4.34675321 0.000185132546 0.557193742 -3.82838617 -0.250980593 0.784007713 -4.93137242 -0.245093066 0.728301708 -5.13546636 -0.168242131 0.65666627 -5.01876225 -0.250980593 0.784007713 -4.93137242 -0.168242131 0.65666627 -5.01876225 -0.237343148 0.602916018 -4.83769863 -0.250980593 0.784007713 -4.93137242 -0.168242131 0.65666627 -5.01876225 -0.245093066 0.728301708 -5.13546636 9.45131703e-05 0.567559307 -4.87620227 -0.168242131 0.65666627 -5.01876225 9.45131703e-05 0.567559307 -4.87620227 -0.245093066 0.728301708 -5.13546636 4.61244307e-05 0.629217764 -5.25289122 4.61244307e-05 0.629217764 -5.25289122 -0.245093066 0.728301708 -5.13546636 3.59170785e-05 0.831248759 -5.51753566 -0.261305476 0.848971632 -5.33353199 3.59170785e-05 0.831248759 -5.51753566 -0.245093066 0.728301708 -5.13546636 3.59170785e-05 0.831248759 -5.51753566 -0.261305476 0.848971632 -5.33353199 8.46084015e-05 1.13100572 -5.51140991 -0.165016681 1.14553891 -5.43216974 -0.165016681 1.14553891 -5.43216974 -0.261305476 0.848971632 -5.33353199 -0.222685632 1.15712543 -5.26300746 -0.222685632 1.15712543 -5.26300746 -0.261305476 0.848971632 -5.33353199 -0.303381616 0.97568443 -5.22783662 -0.245093066 0.728301708 -5.13546636 -0.303381616 0.97568443 -5.22783662 -0.261305476 0.848971632 -5.33353199 -0.285333729 0.891030475 -5.03770797 -0.303381616 0.97568443 -5.22783662 -0.245093066 0.728301708 -5.13546636 -0.303381616 0.97568443 -5.22783662 -0.222685632 1.15712543 -5.26300746 -0.229937474 1.09264863 -4.90017629 -0.222685632 1.15712543 -5.26300746 -0.285333729 0.891030475 -5.03770797 0.230323888 1.08823461 -4.89537952 0.285599928 0.891030546 -5.03770786 0.222953007 1.15712568 -5.26300734 0.303611285 0.975684277 -5.22783596 0.261455186 0.848971922 -5.33353185 0.222953007 1.15712568 -5.26300734 0.303611285 0.975684277 -5.22783596 0.165219964 1.14553907 -5.43216966 0.165219964 1.14553907 -5.43216966 0.261455186 0.848971922 -5.33353185 8.46084015e-05 1.13100572 -5.51140991 3.59170785e-05 0.831248759 -5.51753566 0.245268406 0.728301969 -5.13546681 3.59170785e-05 0.831248759 -5.51753566 0.261455186 0.848971922 -5.33353185 4.61244307e-05 0.629217764 -5.25289122 9.45131703e-05 0.567559307 -4.87620227 0.168426702 0.656666324 -5.01876218 9.45131703e-05 0.567559307 -4.87620227 0.245268406 0.728301969 -5.13546681 0.237558839 0.602916093 -4.83769854 0.251242358 0.784007802 -4.93137232 0.237558839 0.602916093 -4.83769854 0.168426702 0.656666324 -5.01876218 0.237558839 0.602916093 -4.83769854 0.251242358 0.784007802 -4.93137232 0.212813825 0.726965746 -4.70190757 0.245268406 0.728301969 -5.13546681 0.168426702 0.656666324 -5.01876218 0.245268406 0.728301969 -5.13546681 0.251242358 0.784007802 -4.93137232 0.261455186 0.848971922 -5.33353185 0.222953007 1.15712568 -5.26300734 0.245268406 0.728301969 -5.13546681 3.59170785e-05 0.831248759 -5.51753566 0.168426702 0.656666324 -5.01876218 9.45131703e-05 0.567559307 -4.87620227 0.237558839 0.602916093 -4.83769854 0.251242358 0.784007802 -4.93137232 0.212813825 0.726965746 -4.70190757 0.168426702 0.656666324 -5.01876218 0.261455186 0.848971922 -5.33353185 0.303611285 0.975684277 -5.22783596 0.245268406 0.728301969 -5.13546681 0.166399815 0.963585973 -4.60479936 0.166508022 1.13176681 -4.76998717 0.11780366 1.09348881 -4.5942569 0.187243759 0.910914882 -4.73183336 0.155781995 0.763940643 -4.43966913 0.0660168531 0.855210047 -4.17876307 0.082378203 1.05327784 -4.43037131 0.0620463215 1.28939222 -4.45787119 0.0743243883 1.40976268 -4.73454483 0.161153798 1.30395983 -4.9055519 0.230323888 1.08823461 -4.89537952 0.161153798 1.30395983 -4.9055519 0.166508022 1.13176681 -4.76998717 0.000273132981 1.57507389 -4.57194464 0.00029586653 1.48820607 -4.24203824 0.000256034562 1.08333428 -4.23390978 0.000242990206 0.894958056 -4.04440156 0.000185132546 0.557193742 -3.82838617 0.135650189 0.603283377 -4.34675314 0.238808858 0.517982965 -4.67117414 0.238808858 0.517982965 -4.67117414 0.12821075 0.501735587 -4.40801912 9.45131703e-05 0.567559307 -4.87620227 0.12821075 0.501735587 -4.40801912 0.000106444256 0.492455304 -4.65258403 0.0812871048 0.555696357 -4.274111 0.000106444256 0.492455304 -4.65258403 0.12821075 0.501735587 -4.40801912 0.000106444256 0.492455304 -4.65258403 0.0812871048 0.555696357 -4.274111 0.000150530949 0.508844208 -4.23936027 0.00016086253 0.494076822 -4.02090305 0.0812871048 0.555696357 -4.274111 0.000150530949 0.508844208 -4.23936027 0.0812871048 0.555696357 -4.274111 0.12821075 0.501735587 -4.40801912 0.135650189 0.603283377 -4.34675314 0.12821075 0.501735587 -4.40801912 0.238808858 0.517982965 -4.67117414 0.00016086253 0.494076822 -4.02090305 0.0812871048 0.555696357 -4.274111 0.000185132546 0.557193742 -3.82838617 -0.0947777583 -2.98340432 -3.09893024 -0.198835693 -3.11270633 -2.79275834 -0.22399222 -2.84136682 -2.74250651 -0.310069511 -2.96701253 -2.60906311 -0.0830036722 -2.58318313 -3.13697215 -0.158280083 -2.61036815 -2.81627872 -0.110483826 -2.39189636 -2.87980881 -0.223853889 -2.53510406 -2.65748895 -0.0884453494 -1.96457573 -2.81815356 -0.209580641 -2.20769776 -2.53569252 -0.252020819 -2.64792904 -2.51034729 -0.286574016 -2.4889771 -2.31573099 -0.384760289 -2.9916825 -2.28092448 -0.158280083 -2.61036815 -2.81627872 -0.22399222 -2.84136682 -2.74250651 -0.223853889 -2.53510406 -2.65748895 0.000323499079 -2.90897376 -3.39364983 0.00035347593 -2.46519274 -3.51462288 0.000299241977 -2.18275761 -3.04734887 0.000281090678 -1.83448317 -2.95514547 0.000202282331 -1.35454646 -2.70637675 -0.182501948 -1.9908959 -2.41073796 -0.182501948 -1.9908959 -2.41073796 -0.286574016 -2.4889771 -2.31573099 -0.32173452 -2.3122055 -2.09242842 -0.320055306 -2.56390797 -2.07933947 -0.32173452 -2.3122055 -2.09242842 -0.286574016 -2.4889771 -2.31573099 8.19059683e-05 -2.58503023 -2.01209778 -0.32173452 -2.3122055 -2.09242842 -0.320055306 -2.56390797 -2.07933947 -0.32173452 -2.3122055 -2.09242842 8.19059683e-05 -2.58503023 -2.01209778 -0.17254985 -1.99397599 -2.25086224 9.75146504e-05 -2.2732886 -2.07515331 -0.17254985 -1.99397599 -2.25086224 8.19059683e-05 -2.58503023 -2.01209778 -0.17254985 -1.99397599 -2.25086224 9.75146504e-05 -2.2732886 -2.07515331 -0.109217198 -1.87399412 -2.40414385 0.000156270631 -1.80183108 -2.37286372 -0.109217198 -1.87399412 -2.40414385 9.75146504e-05 -2.2732886 -2.07515331 -0.109217198 -1.87399412 -2.40414385 0.000156270631 -1.80183108 -2.37286372 0.000169808194 -1.53679126 -2.50289286 -0.109217198 -1.87399412 -2.40414385 0.000169808194 -1.53679126 -2.50289286 0.000169808194 -1.53679126 -2.50289286 0.000202282331 -1.35454646 -2.70637675 -0.109217198 -1.87399412 -2.40414385 -0.17254985 -1.99397599 -2.25086224 -0.32173452 -2.3122055 -2.09242842 -0.17254985 -1.99397599 -2.25086224 -0.182501948 -1.9908959 -2.41073796 0.000202282331 -1.35454646 -2.70637675 -0.33844228 -2.79536973 -2.2276436 -0.33050385 -2.9961288 -2.02500833 -0.226886017 -2.81156454 -2.02003811 -0.33844228 -2.79536973 -2.2276436 -0.226886017 -2.81156454 -2.02003811 -0.320055306 -2.56390797 -2.07933947 -0.33844228 -2.79536973 -2.2276436 -0.226886017 -2.81156454 -2.02003811 -0.33050385 -2.9961288 -2.02500833 8.19059683e-05 -2.58503023 -2.01209778 -0.226886017 -2.81156454 -2.02003811 8.19059683e-05 -2.58503023 -2.01209778 -0.33050385 -2.9961288 -2.02500833 1.73862268e-05 -3.06644326 -1.83015024 1.73862268e-05 -3.06644326 -1.83015024 -0.33050385 -2.9961288 -2.02500833 4.33318209e-06 -3.51165773 -1.88764475 -0.352362562 -3.30875117 -2.03238492 4.33318209e-06 -3.51165773 -1.88764475 -0.33050385 -2.9961288 -2.02500833 4.33318209e-06 -3.51165773 -1.88764475 -0.352362562 -3.30875117 -2.03238492 7.03541974e-05 -3.70658486 -2.24178956 -0.222535852 -3.62385706 -2.31217923 -0.222535852 -3.62385706 -2.31217923 -0.352362562 -3.30875117 -2.03238492 -0.300291143 -3.43414393 -2.43974861 -0.300291143 -3.43414393 -2.43974861 -0.352362562 -3.30875117 -2.03238492 -0.409093823 -3.27075824 -2.25159688 -0.33050385 -2.9961288 -2.02500833 -0.409093823 -3.27075824 -2.25159688 -0.352362562 -3.30875117 -2.03238492 -0.384760289 -2.9916825 -2.28092448 -0.409093823 -3.27075824 -2.25159688 -0.33050385 -2.9961288 -2.02500833 -0.409093823 -3.27075824 -2.25159688 -0.300291143 -3.43414393 -2.43974861 -0.310069511 -2.96701253 -2.60906311 -0.300291143 -3.43414393 -2.43974861 -0.384760289 -2.9916825 -2.28092448 0.310500876 -2.958435 -2.60714253 0.385029545 -2.99168082 -2.28092449 0.300563432 -3.43414305 -2.43974894 0.409314734 -3.27075625 -2.25159697 0.352475647 -3.30875032 -2.03238509 0.300563432 -3.43414305 -2.43974894 0.409314734 -3.27075625 -2.25159697 0.222722216 -3.62385652 -2.3121792 0.222722216 -3.62385652 -2.3121792 0.352475647 -3.30875032 -2.03238509 7.03541974e-05 -3.70658486 -2.24178956 4.33318209e-06 -3.51165773 -1.88764475 0.330650506 -2.99612767 -2.02500846 4.33318209e-06 -3.51165773 -1.88764475 0.352475647 -3.30875032 -2.03238509 1.73862268e-05 -3.06644326 -1.83015024 8.19059683e-05 -2.58503023 -2.01209778 0.227044546 -2.81156369 -2.02003817 8.19059683e-05 -2.58503023 -2.01209778 0.330650506 -2.99612767 -2.02500846 0.320255031 -2.56390655 -2.07933955 0.338704909 -2.79536863 -2.22764358 0.320255031 -2.56390655 -2.07933955 0.227044546 -2.81156369 -2.02003817 0.320255031 -2.56390655 -2.07933955 0.338704909 -2.79536863 -2.22764358 0.286891271 -2.48897598 -2.31573099 0.330650506 -2.99612767 -2.02500846 0.227044546 -2.81156369 -2.02003817 0.330650506 -2.99612767 -2.02500846 0.338704909 -2.79536863 -2.22764358 0.352475647 -3.30875032 -2.03238509 0.300563432 -3.43414305 -2.43974894 0.330650506 -2.99612767 -2.02500846 4.33318209e-06 -3.51165773 -1.88764475 0.227044546 -2.81156369 -2.02003817 8.19059683e-05 -2.58503023 -2.01209778 0.320255031 -2.56390655 -2.07933955 0.338704909 -2.79536863 -2.22764358 0.286891271 -2.48897598 -2.31573099 0.227044546 -2.81156369 -2.02003817 0.352475647 -3.30875032 -2.03238509 0.409314734 -3.27075625 -2.25159697 0.330650506 -2.99612767 -2.02500846 0.224311373 -2.53510346 -2.65748921 0.224457785 -2.84136566 -2.74250667 0.158789329 -2.61036757 -2.81627885 0.252415437 -2.64792822 -2.5103472 0.209994829 -2.20769663 -2.53569254 0.0889641605 -1.96457542 -2.81815376 0.111024858 -2.39189605 -2.87980901 0.0836117252 -2.58318286 -3.13697208 0.100166862 -2.98739195 -3.0910053 0.217239108 -3.11574364 -2.85217937 0.310500876 -2.958435 -2.60714253 0.217239108 -3.11574364 -2.85217937 0.224457785 -2.84136566 -2.74250667 0.000323499079 -2.90897376 -3.39364983 0.00035347593 -2.46519274 -3.51462288 0.000299241977 -2.18275761 -3.04734887 0.000281090678 -1.83448317 -2.95514547 0.000202282331 -1.35454646 -2.70637675 0.182850751 -1.99089544 -2.41073825 0.321940022 -2.31220438 -2.09242841 0.321940022 -2.31220438 -2.09242841 0.172820141 -1.99397527 -2.25086235 8.19059683e-05 -2.58503023 -2.01209778 0.172820141 -1.99397527 -2.25086235 9.75146504e-05 -2.2732886 -2.07515331 0.109552826 -1.87399367 -2.40414403 9.75146504e-05 -2.2732886 -2.07515331 0.172820141 -1.99397527 -2.25086235 9.75146504e-05 -2.2732886 -2.07515331 0.109552826 -1.87399367 -2.40414403 0.000156270631 -1.80183108 -2.37286372 0.000169808194 -1.53679126 -2.50289286 0.109552826 -1.87399367 -2.40414403 0.000156270631 -1.80183108 -2.37286372 0.109552826 -1.87399367 -2.40414403 0.172820141 -1.99397527 -2.25086235 0.182850751 -1.99089544 -2.41073825 0.172820141 -1.99397527 -2.25086235 0.321940022 -2.31220438 -2.09242841 0.000169808194 -1.53679126 -2.50289286 0.109552826 -1.87399367 -2.40414403 0.000202282331 -1.35454646 -2.70637675 -0.0804777203 -2.27623343 -1.7200522 -0.168855521 -2.24132022 -1.43994663 -0.190220927 -2.02040354 -1.51821144 -0.263327496 -2.05615147 -1.36670436 -0.0704773856 -1.99801612 -1.91798943 -0.134410619 -1.8818265 -1.67056777 -0.0938164759 -1.74811403 -1.81007102 -0.190103124 -1.75903688 -1.58573555 -0.0750985084 -1.40762735 -1.9461866 -0.177980396 -1.46649998 -1.6351867 -0.214025826 -1.77953759 -1.4295975 -0.243372117 -1.57997952 -1.35395265 -0.326763376 -1.93495042 -1.11487472 -0.134410619 -1.8818265 -1.67056777 -0.190220927 -2.02040354 -1.51821144 -0.190103124 -1.75903688 -1.58573555 0.000293001786 -2.34664255 -1.96843265 0.000319043148 -2.0716029 -2.24586569 0.000273057887 -1.66543454 -2.02211266 0.000257997198 -1.37011553 -2.10219172 0.000191488506 -0.911469601 -2.12302505 -0.154981986 -1.25397449 -1.63534587 -0.154981986 -1.25397449 -1.63534587 -0.243372117 -1.57997952 -1.35395265 -0.273234215 -1.35513314 -1.26477554 -0.271808334 -1.53470787 -1.14826141 -0.273234215 -1.35513314 -1.26477554 -0.243372117 -1.57997952 -1.35395265 8.74447798e-05 -1.52168945 -1.0898334 -0.273234215 -1.35513314 -1.26477554 -0.271808334 -1.53470787 -1.14826141 -0.273234215 -1.35513314 -1.26477554 8.74447798e-05 -1.52168945 -1.0898334 -0.146529677 -1.18834765 -1.51644546 0.000101098183 -1.31917297 -1.2685954 -0.146529677 -1.18834765 -1.51644546 8.74447798e-05 -1.52168945 -1.0898334 -0.146529677 -1.18834765 -1.51644546 0.000101098183 -1.31917297 -1.2685954 -0.0927403783 -1.16519026 -1.68013889 0.000151709655 -1.09882943 -1.68777571 -0.0927403783 -1.16519026 -1.68013889 0.000101098183 -1.31917297 -1.2685954 -0.0927403783 -1.16519026 -1.68013889 0.000151709655 -1.09882943 -1.68777571 0.000163585882 -0.959104051 -1.89596623 -0.0927403783 -1.16519026 -1.68013889 0.000163585882 -0.959104051 -1.89596623 0.000163585882 -0.959104051 -1.89596623 0.000191488506 -0.911469601 -2.12302505 -0.0927403783 -1.16519026 -1.68013889 -0.146529677 -1.18834765 -1.51644546 -0.273234215 -1.35513314 -1.26477554 -0.146529677 -1.18834765 -1.51644546 -0.154981986 -1.25397449 -1.63534587 0.000191488506 -0.911469601 -2.12302505 -0.287424768 -1.76793185 -1.15905072 -0.280682933 -1.82954431 -0.92475413 -0.192679001 -1.6916824 -0.9994747 -0.287424768 -1.76793185 -1.15905072 -0.192679001 -1.6916824 -0.9994747 -0.271808334 -1.53470787 -1.14826141 -0.287424768 -1.76793185 -1.15905072 -0.192679001 -1.6916824 -0.9994747 -0.280682933 -1.82954431 -0.92475413 8.74447798e-05 -1.52168945 -1.0898334 -0.192679001 -1.6916824 -0.9994747 8.74447798e-05 -1.52168945 -1.0898334 -0.280682933 -1.82954431 -0.92475413 3.19890408e-05 -1.7985148 -0.751571583 3.19890408e-05 -1.7985148 -0.751571583 -0.280682933 -1.82954431 -0.92475413 2.04159836e-05 -2.1503961 -0.604796903 -0.299248101 -2.06261812 -0.797422698 2.04159836e-05 -2.1503961 -0.604796903 -0.280682933 -1.82954431 -0.92475413 2.04159836e-05 -2.1503961 -0.604796903 -0.299248101 -2.06261812 -0.797422698 7.64528299e-05 -2.44415943 -0.782501654 -0.188985156 -2.4132023 -0.869406031 -0.188985156 -2.4132023 -0.869406031 -0.299248101 -2.06261812 -0.797422698 -0.255023237 -2.32783709 -1.04379942 -0.255023237 -2.32783709 -1.04379942 -0.299248101 -2.06261812 -0.797422698 -0.347430374 -2.12776327 -0.974792316 -0.280682933 -1.82954431 -0.92475413 -0.347430374 -2.12776327 -0.974792316 -0.299248101 -2.06261812 -0.797422698 -0.326763376 -1.93495042 -1.11487472 -0.347430374 -2.12776327 -0.974792316 -0.280682933 -1.82954431 -0.92475413 -0.347430374 -2.12776327 -0.974792316 -0.255023237 -2.32783709 -1.04379942 -0.263327496 -2.05615147 -1.36670436 -0.255023237 -2.32783709 -1.04379942 -0.326763376 -1.93495042 -1.11487472 0.263729369 -2.04902728 -1.36893384 0.3270271 -1.93495007 -1.11487455 0.255288738 -2.32783686 -1.04379929 0.347652425 -2.12776231 -0.974792285 0.299378256 -2.0626182 -0.797422503 0.255288738 -2.32783686 -1.04379929 0.347652425 -2.12776231 -0.974792285 0.18917713 -2.41320236 -0.869405834 0.18917713 -2.41320236 -0.869405834 0.299378256 -2.0626182 -0.797422503 7.64528299e-05 -2.44415943 -0.782501654 2.04159836e-05 -2.1503961 -0.604796903 0.28084232 -1.82954424 -0.924753951 2.04159836e-05 -2.1503961 -0.604796903 0.299378256 -2.0626182 -0.797422503 3.19890408e-05 -1.7985148 -0.751571583 8.74447798e-05 -1.52168945 -1.0898334 0.192848917 -1.69168213 -0.999474734 8.74447798e-05 -1.52168945 -1.0898334 0.28084232 -1.82954424 -0.924753951 0.272013857 -1.53470736 -1.14826123 0.287683336 -1.76793149 -1.15905056 0.272013857 -1.53470736 -1.14826123 0.192848917 -1.69168213 -0.999474734 0.272013857 -1.53470736 -1.14826123 0.287683336 -1.76793149 -1.15905056 0.243677863 -1.57997928 -1.35395253 0.28084232 -1.82954424 -0.924753951 0.192848917 -1.69168213 -0.999474734 0.28084232 -1.82954424 -0.924753951 0.287683336 -1.76793149 -1.15905056 0.299378256 -2.0626182 -0.797422503 0.255288738 -2.32783686 -1.04379929 0.28084232 -1.82954424 -0.924753951 2.04159836e-05 -2.1503961 -0.604796903 0.192848917 -1.69168213 -0.999474734 8.74447798e-05 -1.52168945 -1.0898334 0.272013857 -1.53470736 -1.14826123 0.287683336 -1.76793149 -1.15905056 0.243677863 -1.57997928 -1.35395253 0.192848917 -1.69168213 -0.999474734 0.299378256 -2.0626182 -0.797422503 0.347652425 -2.12776231 -0.974792285 0.28084232 -1.82954424 -0.924753951 0.190528261 -1.75903664 -1.58573544 0.190652303 -2.02040312 -1.51821152 0.134879699 -1.88182625 -1.67056768 0.214397125 -1.77953735 -1.42959739 0.178369397 -1.46649971 -1.63518674 0.0755772265 -1.40762708 -1.94618653 0.0943131355 -1.74811391 -1.81007097 0.0710307954 -1.99801557 -1.91798931 0.0850907561 -2.27580079 -1.71252967 0.184521136 -2.26878772 -1.48236203 0.263729369 -2.04902728 -1.36893384 0.184521136 -2.26878772 -1.48236203 0.190652303 -2.02040312 -1.51821152 0.000293001786 -2.34664255 -1.96843265 0.000319043148 -2.0716029 -2.24586569 0.000273057887 -1.66543454 -2.02211266 0.000257997198 -1.37011553 -2.10219172 0.000191488506 -0.911469601 -2.12302505 0.155315831 -1.25397452 -1.63534582 0.273445244 -1.35513277 -1.26477539 0.273445244 -1.35513277 -1.26477539 0.146796632 -1.18834754 -1.51644539 8.74447798e-05 -1.52168945 -1.0898334 0.146796632 -1.18834754 -1.51644539 0.000101098183 -1.31917297 -1.2685954 0.093063266 -1.16519014 -1.68013883 0.000101098183 -1.31917297 -1.2685954 0.146796632 -1.18834754 -1.51644539 0.000101098183 -1.31917297 -1.2685954 0.093063266 -1.16519014 -1.68013883 0.000151709655 -1.09882943 -1.68777571 0.000163585882 -0.959104051 -1.89596623 0.093063266 -1.16519014 -1.68013883 0.000151709655 -1.09882943 -1.68777571 0.093063266 -1.16519014 -1.68013883 0.146796632 -1.18834754 -1.51644539 0.155315831 -1.25397452 -1.63534582 0.146796632 -1.18834754 -1.51644539 0.273445244 -1.35513277 -1.26477539 0.000163585882 -0.959104051 -1.89596623 0.093063266 -1.16519014 -1.68013883 0.000191488506 -0.911469601 -2.12302505 -0.0804788923 1.2251101 -0.462035204 -0.168856728 1.50521565 -0.496948565 -0.190221983 1.42695065 -0.717864992 -0.263328587 1.57845793 -0.68211725 -0.0704784198 1.02717264 -0.740252475 -0.134411617 1.27459444 -0.856441931 -0.0938174132 1.13509105 -0.990154562 -0.190104095 1.35942657 -0.979231793 -0.0750992671 0.998975387 -1.33064119 -0.177981204 1.30997538 -1.27176855 -0.214026777 1.51556462 -0.958731081 -0.243372986 1.59120948 -1.15828916 -0.326764434 1.83028753 -0.803318384 -0.134411617 1.27459444 -0.856441931 -0.190221983 1.42695065 -0.717864992 -0.190104095 1.35942657 -0.979231793 0.000291811909 0.976729598 -0.391625932 0.000318000347 0.699296302 -0.666665336 0.00027218462 0.923049291 -1.07283385 0.000257265484 0.842970157 -1.36815287 0.000190968788 0.822136848 -1.82679895 -0.154982714 1.30981612 -1.48429391 -0.154982714 1.30981612 -1.48429391 -0.243372986 1.59120948 -1.15828916 -0.273235015 1.68038662 -1.38313568 -0.271809221 1.79690085 -1.20356107 -0.273235015 1.68038662 -1.38313568 -0.243372986 1.59120948 -1.15828916 8.65674036e-05 1.85532891 -1.21657932 -0.273235015 1.68038662 -1.38313568 -0.271809221 1.79690085 -1.20356107 -0.273235015 1.68038662 -1.38313568 8.65674036e-05 1.85532891 -1.21657932 -0.146530371 1.42871651 -1.54992104 0.000100327176 1.67656683 -1.4190958 -0.146530371 1.42871651 -1.54992104 8.65674036e-05 1.85532891 -1.21657932 -0.146530371 1.42871651 -1.54992104 0.000100327176 1.67656683 -1.4190958 -0.09274105 1.26502311 -1.57307828 0.000151071257 1.25738609 -1.63943899 -0.09274105 1.26502311 -1.57307828 0.000100327176 1.67656683 -1.4190958 -0.09274105 1.26502311 -1.57307828 0.000151071257 1.25738609 -1.63943899 0.000163027259 1.0491956 -1.77916451 -0.09274105 1.26502311 -1.57307828 0.000163027259 1.0491956 -1.77916451 0.000163027259 1.0491956 -1.77916451 0.000190968788 0.822136848 -1.82679895 -0.09274105 1.26502311 -1.57307828 -0.146530371 1.42871651 -1.54992104 -0.273235015 1.68038662 -1.38313568 -0.146530371 1.42871651 -1.54992104 -0.154982714 1.30981612 -1.48429391 0.000190968788 0.822136848 -1.82679895 -0.287425758 1.78611166 -0.970336925 -0.280683975 2.02040828 -0.908724463 -0.192679983 1.94568758 -1.04658639 -0.287425758 1.78611166 -0.970336925 -0.192679983 1.94568758 -1.04658639 -0.271809221 1.79690085 -1.20356107 -0.287425758 1.78611166 -0.970336925 -0.192679983 1.94568758 -1.04658639 -0.280683975 2.02040828 -0.908724463 8.65674036e-05 1.85532891 -1.21657932 -0.192679983 1.94568758 -1.04658639 8.65674036e-05 1.85532891 -1.21657932 -0.280683975 2.02040828 -0.908724463 3.09592176e-05 2.19359096 -0.939754065 3.09592176e-05 2.19359096 -0.939754065 -0.280683975 2.02040828 -0.908724463 1.92136647e-05 2.34036574 -0.587872748 -0.299249247 2.14773974 -0.675650793 1.92136647e-05 2.34036574 -0.587872748 -0.280683975 2.02040828 -0.908724463 1.92136647e-05 2.34036574 -0.587872748 -0.299249247 2.14773974 -0.675650793 7.5129071e-05 2.16266092 -0.294109215 -0.188986461 2.07575653 -0.325066437 -0.188986461 2.07575653 -0.325066437 -0.299249247 2.14773974 -0.675650793 -0.255024493 1.90136305 -0.41043189 -0.255024493 1.90136305 -0.41043189 -0.299249247 2.14773974 -0.675650793 -0.347431585 1.97037006 -0.61050566 -0.280683975 2.02040828 -0.908724463 -0.347431585 1.97037006 -0.61050566 -0.299249247 2.14773974 -0.675650793 -0.326764434 1.83028753 -0.803318384 -0.347431585 1.97037006 -0.61050566 -0.280683975 2.02040828 -0.908724463 -0.347431585 1.97037006 -0.61050566 -0.255024493 1.90136305 -0.41043189 -0.263328587 1.57845793 -0.68211725 -0.255024493 1.90136305 -0.41043189 -0.326764434 1.83028753 -0.803318384 0.26372826 1.57622844 -0.689241316 0.327026042 1.8302878 -0.80331859 0.255287483 1.90136313 -0.410431719 0.34765125 1.97037012 -0.610506261 0.299377111 2.14773994 -0.675650514 0.255287483 1.90136313 -0.410431719 0.34765125 1.97037012 -0.610506261 0.189175825 2.07575676 -0.32506626 0.189175825 2.07575676 -0.32506626 0.299377111 2.14773994 -0.675650514 7.5129071e-05 2.16266092 -0.294109215 1.92136647e-05 2.34036574 -0.587872748 0.280841297 2.0204085 -0.90872433 1.92136647e-05 2.34036574 -0.587872748 0.299377111 2.14773994 -0.675650514 3.09592176e-05 2.19359096 -0.939754065 8.65674036e-05 1.85532891 -1.21657932 0.192847953 1.94568757 -1.04658647 8.65674036e-05 1.85532891 -1.21657932 0.280841297 2.0204085 -0.90872433 0.27201297 1.79690112 -1.20356123 0.287682346 1.78611179 -0.970337097 0.27201297 1.79690112 -1.20356123 0.192847953 1.94568757 -1.04658647 0.27201297 1.79690112 -1.20356123 0.287682346 1.78611179 -0.970337097 0.243676994 1.59120974 -1.15828918 0.280841297 2.0204085 -0.90872433 0.192847953 1.94568757 -1.04658647 0.280841297 2.0204085 -0.90872433 0.287682346 1.78611179 -0.970337097 0.299377111 2.14773994 -0.675650514 0.255287483 1.90136313 -0.410431719 0.280841297 2.0204085 -0.90872433 1.92136647e-05 2.34036574 -0.587872748 0.192847953 1.94568757 -1.04658647 8.65674036e-05 1.85532891 -1.21657932 0.27201297 1.79690112 -1.20356123 0.287682346 1.78611179 -0.970337097 0.243676994 1.59120974 -1.15828918 0.192847953 1.94568757 -1.04658647 0.299377111 2.14773994 -0.675650514 0.34765125 1.97037012 -0.610506261 0.280841297 2.0204085 -0.90872433 0.190527307 1.35942669 -0.979231852 0.190651229 1.42695067 -0.717865287 0.134878701 1.27459445 -0.856442102 0.214396156 1.51556477 -0.958731274 0.178368588 1.3099754 -1.27176878 0.0755764678 0.998975372 -1.33064117 0.0943122161 1.13509102 -0.990154463 0.0710297613 1.02717266 -0.740252666 0.0850895771 1.23263251 -0.462467411 0.184519952 1.46280032 -0.469480733 0.26372826 1.57622844 -0.689241316 0.184519952 1.46280032 -0.469480733 0.190651229 1.42695067 -0.717865287 0.000291811909 0.976729598 -0.391625932 0.000318000347 0.699296302 -0.666665336 0.00027218462 0.923049291 -1.07283385 0.000257265484 0.842970157 -1.36815287 0.000190968788 0.822136848 -1.82679895 0.155315122 1.30981615 -1.48429385 0.273444462 1.68038675 -1.38313585 0.273444462 1.68038675 -1.38313585 0.146795938 1.42871669 -1.54992096 8.65674036e-05 1.85532891 -1.21657932 0.146795938 1.42871669 -1.54992096 0.000100327176 1.67656683 -1.4190958 0.0930625943 1.26502323 -1.57307822 0.000100327176 1.67656683 -1.4190958 0.146795938 1.42871669 -1.54992096 0.000100327176 1.67656683 -1.4190958 0.0930625943 1.26502323 -1.57307822 0.000151071257 1.25738609 -1.63943899 0.000163027259 1.0491956 -1.77916451 0.0930625943 1.26502323 -1.57307822 0.000151071257 1.25738609 -1.63943899 0.0930625943 1.26502323 -1.57307822 0.146795938 1.42871669 -1.54992096 0.155315122 1.30981615 -1.48429385 0.146795938 1.42871669 -1.54992096 0.273444462 1.68038675 -1.38313585 0.000163027259 1.0491956 -1.77916451 0.0930625943 1.26502323 -1.57307822 0.000190968788 0.822136848 -1.82679895 -0.0702605372 -1.78388135 -4.15164612 -0.147437933 -1.9804731 -4.00293924 -0.166095625 -1.82482424 -3.87003921 -0.229937156 -1.95501351 -3.83092144 -0.0615275681 -1.51270819 -4.02766411 -0.117358326 -1.64909448 -3.83176078 -0.0819088089 -1.48520852 -3.79154941 -0.165992761 -1.65963661 -3.7018582 -0.0655630191 -1.23360065 -3.5934812 -0.155406363 -1.49450714 -3.50221265 -0.186883615 -1.78667092 -3.64918701 -0.21251077 -1.75674537 -3.46523811 -0.28533358 -2.09254543 -3.62930347 -0.117358326 -1.64909448 -3.83176078 -0.166095625 -1.82482424 -3.87003921 -0.165992761 -1.65963661 -3.7018582 0.000273851014 -1.62678092 -4.31334575 0.000296584796 -1.29687493 -4.22647728 0.000256467759 -1.28874675 -3.8216055 0.000243325507 -1.09923945 -3.63322907 0.00018526916 -0.883224153 -3.29546417 -0.135322594 -1.40159125 -3.34155481 -0.135322594 -1.40159125 -3.34155481 -0.21251077 -1.75674537 -3.46523811 -0.238588344 -1.72601242 -3.25625516 -0.237343159 -1.89253703 -3.34118869 -0.238588344 -1.72601242 -3.25625516 -0.21251077 -1.75674537 -3.46523811 9.44611152e-05 -1.93104019 -3.30583178 -0.238588344 -1.72601242 -3.25625516 -0.237343159 -1.89253703 -3.34118869 -0.238588344 -1.72601242 -3.25625516 9.44611152e-05 -1.93104019 -3.30583178 -0.127941453 -1.46285732 -3.24000732 0.000106380872 -1.70742216 -3.23072741 -0.127941453 -1.46285732 -3.24000732 9.44611152e-05 -1.93104019 -3.30583178 -0.127941453 -1.46285732 -3.24000732 0.000106380872 -1.70742216 -3.23072741 -0.0809690388 -1.32894939 -3.29396784 0.000150556456 -1.29419854 -3.24711551 -0.0809690388 -1.32894939 -3.29396784 0.000106380872 -1.70742216 -3.23072741 -0.0809690388 -1.32894939 -3.29396784 0.000150556456 -1.29419854 -3.24711551 0.00016091844 -1.07574127 -3.2323476 -0.0809690388 -1.32894939 -3.29396784 0.00016091844 -1.07574127 -3.2323476 0.00016091844 -1.07574127 -3.2323476 0.00018526916 -0.883224153 -3.29546417 -0.0809690388 -1.32894939 -3.29396784 -0.127941453 -1.46285732 -3.24000732 -0.238588344 -1.72601242 -3.25625516 -0.127941453 -1.46285732 -3.24000732 -0.135322594 -1.40159125 -3.34155481 0.00018526916 -0.883224153 -3.29546417 -0.250980512 -1.98621018 -3.52228072 -0.245093057 -2.19030434 -3.4665751 -0.168242132 -2.07360029 -3.39493943 -0.250980512 -1.98621018 -3.52228072 -0.168242132 -2.07360029 -3.39493943 -0.237343159 -1.89253703 -3.34118869 -0.250980512 -1.98621018 -3.52228072 -0.168242132 -2.07360029 -3.39493943 -0.245093057 -2.19030434 -3.4665751 9.44611152e-05 -1.93104019 -3.30583178 -0.168242132 -2.07360029 -3.39493943 9.44611152e-05 -1.93104019 -3.30583178 -0.245093057 -2.19030434 -3.4665751 4.60455616e-05 -2.30772902 -3.36749091 4.60455616e-05 -2.30772902 -3.36749091 -0.245093057 -2.19030434 -3.4665751 3.59317121e-05 -2.57237331 -3.56952273 -0.261305422 -2.3883691 -3.58724503 3.59317121e-05 -2.57237331 -3.56952273 -0.245093057 -2.19030434 -3.4665751 3.59317121e-05 -2.57237331 -3.56952273 -0.261305422 -2.3883691 -3.58724503 8.48363502e-05 -2.56624672 -3.86927951 -0.16501644 -2.48700655 -3.88381249 -0.16501644 -2.48700655 -3.88381249 -0.261305422 -2.3883691 -3.58724503 -0.22268533 -2.31784429 -3.89539884 -0.22268533 -2.31784429 -3.89539884 -0.261305422 -2.3883691 -3.58724503 -0.303381457 -2.282674 -3.7139579 -0.245093057 -2.19030434 -3.4665751 -0.303381457 -2.282674 -3.7139579 -0.261305422 -2.3883691 -3.58724503 -0.28533358 -2.09254543 -3.62930347 -0.303381457 -2.282674 -3.7139579 -0.245093057 -2.19030434 -3.4665751 -0.303381457 -2.282674 -3.7139579 -0.22268533 -2.31784429 -3.89539884 -0.229937156 -1.95501351 -3.83092144 -0.22268533 -2.31784429 -3.89539884 -0.28533358 -2.09254543 -3.62930347 0.230324207 -1.95021689 -3.82650718 0.285600077 -2.09254526 -3.62930305 0.22295329 -2.31784433 -3.89539877 0.30361148 -2.28267354 -3.71395743 0.261455241 -2.38836943 -3.587245 0.22295329 -2.31784433 -3.89539877 0.30361148 -2.28267354 -3.71395743 0.165220204 -2.48700686 -3.88381249 0.165220204 -2.48700686 -3.88381249 0.261455241 -2.38836943 -3.587245 8.48363502e-05 -2.56624672 -3.86927951 3.59317121e-05 -2.57237331 -3.56952273 0.245268433 -2.19030444 -3.46657475 3.59317121e-05 -2.57237331 -3.56952273 0.261455241 -2.38836943 -3.587245 4.60455616e-05 -2.30772902 -3.36749091 9.44611152e-05 -1.93104019 -3.30583178 0.168426701 -2.07360009 -3.39493905 9.44611152e-05 -1.93104019 -3.30583178 0.245268433 -2.19030444 -3.46657475 0.23755881 -1.8925368 -3.34118857 0.251242457 -1.98621028 -3.52228037 0.23755881 -1.8925368 -3.34118857 0.168426701 -2.07360009 -3.39493905 0.23755881 -1.8925368 -3.34118857 0.251242457 -1.98621028 -3.52228037 0.212813925 -1.75674533 -3.46523774 0.245268433 -2.19030444 -3.46657475 0.168426701 -2.07360009 -3.39493905 0.245268433 -2.19030444 -3.46657475 0.251242457 -1.98621028 -3.52228037 0.261455241 -2.38836943 -3.587245 0.22295329 -2.31784433 -3.89539877 0.245268433 -2.19030444 -3.46657475 3.59317121e-05 -2.57237331 -3.56952273 0.168426701 -2.07360009 -3.39493905 9.44611152e-05 -1.93104019 -3.30583178 0.23755881 -1.8925368 -3.34118857 0.251242457 -1.98621028 -3.52228037 0.212813925 -1.75674533 -3.46523774 0.168426701 -2.07360009 -3.39493905 0.261455241 -2.38836943 -3.587245 0.30361148 -2.28267354 -3.71395743 0.245268433 -2.19030444 -3.46657475 0.166400094 -1.65963655 -3.70185784 0.166508409 -1.82482399 -3.87003911 0.117804028 -1.64909422 -3.8317607 0.187243985 -1.78667082 -3.64918693 0.155782163 -1.49450694 -3.50221227 0.0660171347 -1.23360066 -3.59348118 0.0823785829 -1.48520854 -3.79154939 0.0620468577 -1.51270806 -4.02766406 0.0743249592 -1.78938166 -4.14803481 0.161154249 -1.96038869 -4.04223231 0.230324207 -1.95021689 -3.82650718 0.161154249 -1.96038869 -4.04223231 0.166508409 -1.82482399 -3.87003911 0.000273851014 -1.62678092 -4.31334575 0.000296584796 -1.29687493 -4.22647728 0.000256467759 -1.28874675 -3.8216055 0.000243325507 -1.09923945 -3.63322907 0.00018526916 -0.883224153 -3.29546417 0.135650255 -1.40159128 -3.34155477 0.238808813 -1.72601238 -3.25625478 0.238808813 -1.72601238 -3.25625478 0.128210743 -1.4628574 -3.240007 9.44611152e-05 -1.93104019 -3.30583178 0.128210743 -1.4628574 -3.240007 0.000106380872 -1.70742216 -3.23072741 0.0812871518 -1.3289494 -3.29396782 0.000106380872 -1.70742216 -3.23072741 0.128210743 -1.4628574 -3.240007 0.000106380872 -1.70742216 -3.23072741 0.0812871518 -1.3289494 -3.29396782 0.000150556456 -1.29419854 -3.24711551 0.00016091844 -1.07574127 -3.2323476 0.0812871518 -1.3289494 -3.29396782 0.000150556456 -1.29419854 -3.24711551 0.0812871518 -1.3289494 -3.29396782 0.128210743 -1.4628574 -3.240007 0.135650255 -1.40159128 -3.34155477 0.128210743 -1.4628574 -3.240007 0.238808813 -1.72601238 -3.25625478 0.00016091844 -1.07574127 -3.2323476 0.0812871518 -1.3289494 -3.29396782 0.00018526916 -0.883224153 -3.29546417 -0.0947826974 -0.153762757 0.245134949 -0.198840857 0.152409579 0.374436286 -0.223996947 0.202660697 0.103096581 -0.310074461 0.336104508 0.228742038 -0.0830079672 -0.191805672 -0.155085927 -0.158284424 0.128887897 -0.127901664 -0.110487825 0.0653572604 -0.346373135 -0.223858133 0.287677558 -0.203166203 -0.0884486682 0.127011622 -0.773693696 -0.209584356 0.409473249 -0.530572665 -0.252025247 0.434819611 -0.0903415558 -0.28657819 0.629435553 -0.249293919 -0.3847653 0.664243033 0.253411064 -0.158284424 0.128887897 -0.127901664 -0.223996947 0.202660697 0.103096581 -0.223858133 0.287677558 -0.203166203 0.000318693172 -0.448482439 0.170705163 0.000349387883 -0.569456597 -0.273075564 0.000295584287 -0.102183269 -0.555511303 0.000277987194 -0.00998036151 -0.903785829 0.00019993669 0.238787092 -1.38372276 -0.182505318 0.534427372 -0.747374531 -0.321738416 0.852737739 -0.426065743 -0.320059639 0.865827193 -0.174363689 7.75524546e-05 0.933068853 -0.15324086 -0.321738416 0.852737739 -0.426065743 -0.320059639 0.865827193 -0.174363689 -0.172553234 0.69430318 -0.744294786 9.36643217e-05 0.870012721 -0.464982342 -0.172553234 0.69430318 -0.744294786 7.75524546e-05 0.933068853 -0.15324086 -0.172553234 0.69430318 -0.744294786 9.36643217e-05 0.870012721 -0.464982342 -0.109220391 0.541021183 -0.864276208 0.000153191161 0.572301304 -0.936439094 -0.109220391 0.541021183 -0.864276208 9.36643217e-05 0.870012721 -0.464982342 0.000167160259 0.442271595 -1.20147858 0.000167160259 0.442271595 -1.20147858 0.00019993669 0.238787092 -1.38372276 -0.109220391 0.541021183 -0.864276208 -0.182505318 0.534427372 -0.747374531 -0.172553234 0.69430318 -0.744294786 -0.321738416 0.852737739 -0.426065743 -0.172553234 0.69430318 -0.744294786 -0.182505318 0.534427372 -0.747374531 -0.300296824 0.505420009 0.695872691 -0.40909927 0.693571244 0.53248669 -0.3847653 0.664243033 0.253411064 -0.300296824 0.505420009 0.695872691 -0.3847653 0.664243033 0.253411064 -0.40909927 0.693571244 0.53248669 -0.330508869 0.92015938 0.257856985 -0.330508869 0.92015938 0.257856985 -0.40909927 0.693571244 0.53248669 -0.352368063 0.912783387 0.570479291 -0.352368063 0.912783387 0.570479291 -0.40909927 0.693571244 0.53248669 -0.222541849 0.632989833 0.885585694 6.42125522e-05 0.703379528 0.968313873 -0.352368063 0.912783387 0.570479291 -0.222541849 0.632989833 0.885585694 -1.51298987e-06 1.05752403 0.77338604 -0.352368063 0.912783387 0.570479291 6.42125522e-05 0.703379528 0.968313873 -0.352368063 0.912783387 0.570479291 -1.51298987e-06 1.05752403 0.77338604 -0.330508869 0.92015938 0.257856985 1.22515114e-05 1.11501768 0.328171473 -0.330508869 0.92015938 0.257856985 -1.51298987e-06 1.05752403 0.77338604 7.75524546e-05 0.933068853 -0.15324086 -0.330508869 0.92015938 0.257856985 1.22515114e-05 1.11501768 0.328171473 -0.330508869 0.92015938 0.257856985 -0.226890722 0.925129107 0.0732929314 -0.226890722 0.925129107 0.0732929314 -0.320059639 0.865827193 -0.174363689 -0.338446983 0.717523574 0.0570985329 -0.338446983 0.717523574 0.0570985329 -0.330508869 0.92015938 0.257856985 -0.338446983 0.717523574 0.0570985329 -0.3847653 0.664243033 0.253411064 -0.338446983 0.717523574 0.0570985329 -0.330508869 0.92015938 0.257856985 -0.226890722 0.925129107 0.0732929314 0.00019993669 0.238787092 -1.38372276 -0.109220391 0.541021183 -0.864276208 -0.321738416 0.852737739 -0.426065743 7.75524546e-05 0.933068853 -0.15324086 -0.320059639 0.865827193 -0.174363689 9.36643217e-05 0.870012721 -0.464982342 0.000153191161 0.572301304 -0.936439094 0.310495927 0.338024958 0.220165234 0.385024533 0.664243007 0.253410879 0.300557716 0.505419666 0.695872731 0.409309288 0.693571156 0.532486012 0.35247011 0.912783137 0.570479583 0.300557716 0.505419666 0.695872731 0.409309288 0.693571156 0.532486012 0.222716219 0.632989763 0.885585901 6.42125522e-05 0.703379528 0.968313873 -1.51298987e-06 1.05752403 0.77338604 0.330645522 0.920159313 0.257857084 -1.51298987e-06 1.05752403 0.77338604 0.35247011 0.912783137 0.570479583 1.22515114e-05 1.11501768 0.328171473 7.75524546e-05 0.933068853 -0.15324086 0.227039841 0.925129112 0.0732927083 0.330645522 0.920159313 0.257857084 0.320250697 0.865827165 -0.174363805 0.338700241 0.71752354 0.0570984355 0.320250697 0.865827165 -0.174363805 0.227039841 0.925129112 0.0732927083 0.320250697 0.865827165 -0.174363805 0.338700241 0.71752354 0.0570984355 0.286887079 0.629435462 -0.249294057 0.330645522 0.920159313 0.257857084 0.227039841 0.925129112 0.0732927083 0.330645522 0.920159313 0.257857084 0.338700241 0.71752354 0.0570984355 0.35247011 0.912783137 0.570479583 0.409309288 0.693571156 0.532486012 0.224307129 0.287677528 -0.203166225 0.224453058 0.202660563 0.103096224 0.15878497 0.128887865 -0.127901926 0.25241101 0.434819526 -0.0903417046 0.209991113 0.409473269 -0.530572955 0.0889608506 0.127011554 -0.773693679 0.11102086 0.0653571388 -0.346373119 0.0836074302 -0.191805531 -0.155086183 0.100161925 -0.145837848 0.249122778 0.217233948 0.0929884767 0.37747405 0.310495927 0.338024958 0.220165234 0.217233948 0.0929884767 0.37747405 0.224453058 0.202660563 0.103096224 0.000318693172 -0.448482439 0.170705163 0.000349387883 -0.569456597 -0.273075564 0.100161925 -0.145837848 0.249122778 0.000349387883 -0.569456597 -0.273075564 0.0836074302 -0.191805531 -0.155086183 0.000295584287 -0.102183269 -0.555511303 0.0836074302 -0.191805531 -0.155086183 0.000349387883 -0.569456597 -0.273075564 0.0836074302 -0.191805531 -0.155086183 0.000295584287 -0.102183269 -0.555511303 0.11102086 0.0653571388 -0.346373119 0.000277987194 -0.00998036151 -0.903785829 0.11102086 0.0653571388 -0.346373119 0.000295584287 -0.102183269 -0.555511303 0.11102086 0.0653571388 -0.346373119 0.000277987194 -0.00998036151 -0.903785829 0.0889608506 0.127011554 -0.773693679 0.0889608506 0.127011554 -0.773693679 0.000277987194 -0.00998036151 -0.903785829 0.0889608506 0.127011554 -0.773693679 0.00019993669 0.238787092 -1.38372276 0.209991113 0.409473269 -0.530572955 0.182847381 0.534427252 -0.747374419 0.209991113 0.409473269 -0.530572955 0.00019993669 0.238787092 -1.38372276 0.209991113 0.409473269 -0.530572955 0.182847381 0.534427252 -0.747374419 0.286887079 0.629435462 -0.249294057 0.321936127 0.852737723 -0.426065929 0.286887079 0.629435462 -0.249294057 0.182847381 0.534427252 -0.747374419 0.286887079 0.629435462 -0.249294057 0.321936127 0.852737723 -0.426065929 0.320250697 0.865827165 -0.174363805 0.320250697 0.865827165 -0.174363805 0.321936127 0.852737723 -0.426065929 7.75524546e-05 0.933068853 -0.15324086 0.172816757 0.694303193 -0.744294799 7.75524546e-05 0.933068853 -0.15324086 0.321936127 0.852737723 -0.426065929 7.75524546e-05 0.933068853 -0.15324086 0.172816757 0.694303193 -0.744294799 9.36643217e-05 0.870012721 -0.464982342 0.109549624 0.541021161 -0.864276175 9.36643217e-05 0.870012721 -0.464982342 0.172816757 0.694303193 -0.744294799 9.36643217e-05 0.870012721 -0.464982342 0.109549624 0.541021161 -0.864276175 0.000153191161 0.572301304 -0.936439094 0.000167160259 0.442271595 -1.20147858 0.000153191161 0.572301304 -0.936439094 0.109549624 0.541021161 -0.864276175 0.000167160259 0.442271595 -1.20147858 0.109549624 0.541021161 -0.864276175 0.00019993669 0.238787092 -1.38372276 0.182847381 0.534427252 -0.747374419 0.172816757 0.694303193 -0.744294799 0.182847381 0.534427252 -0.747374419 0.172816757 0.694303193 -0.744294799 0.321936127 0.852737723 -0.426065929 0.109549624 0.541021161 -0.864276175 0.00019993669 0.238787092 -1.38372276 0.300557716 0.505419666 0.695872731 -1.51298987e-06 1.05752403 0.77338604 0.227039841 0.925129112 0.0732927083 7.75524546e-05 0.933068853 -0.15324086 0.35247011 0.912783137 0.570479583 -0.0702606007 -1.20648139 -0.954384595 -0.14743799 -1.05777382 -0.757792983 -0.166095669 -0.924874102 -0.913442084 -0.229937196 -0.885756004 -0.783252912 -0.061527637 -1.08249975 -1.22555811 -0.117358379 -0.886596198 -1.08917223 -0.0819088622 -0.846385017 -1.25305799 -0.165992791 -0.756693224 -1.07863018 -0.0655630556 -0.648317302 -1.50466639 -0.155406389 -0.557048043 -1.24376007 -0.186883673 -0.704022136 -0.951596101 -0.212510799 -0.520072987 -0.981521823 -0.28533363 -0.684137746 -0.645721739 -0.117358379 -0.886596198 -1.08917223 -0.166095669 -0.924874102 -0.913442084 -0.165992791 -0.756693224 -1.07863018 0.000273772688 -1.36818112 -1.1114846 0.000296510057 -1.28131345 -1.44139095 0.000256416647 -0.876441615 -1.44951985 0.00024328458 -0.688065466 -1.63902764 0.000185247005 -0.35030113 -1.85504347 -0.13532262 -0.396390578 -1.33667632 -0.13532262 -0.396390578 -1.33667632 -0.212510799 -0.520072987 -0.981521823 -0.238588355 -0.31109029 -1.01225533 -0.237343199 -0.396023409 -0.845730577 -0.238588355 -0.31109029 -1.01225533 -0.212510799 -0.520072987 -0.981521823 9.44429953e-05 -0.360666406 -0.807227454 -0.238588355 -0.31109029 -1.01225533 -0.237343199 -0.396023409 -0.845730577 -0.238588355 -0.31109029 -1.01225533 9.44429953e-05 -0.360666406 -0.807227454 -0.127941466 -0.294842919 -1.27541021 0.000106366152 -0.285562498 -1.03084557 -0.127941466 -0.294842919 -1.27541021 9.44429953e-05 -0.360666406 -0.807227454 -0.127941466 -0.294842919 -1.27541021 0.000106366152 -0.285562498 -1.03084557 -0.0809690585 -0.348803731 -1.4093182 0.000150538939 -0.301951497 -1.4440692 -0.0809690585 -0.348803731 -1.4093182 0.000106366152 -0.285562498 -1.03084557 -0.0809690585 -0.348803731 -1.4093182 0.000150538939 -0.301951497 -1.4440692 0.000160900828 -0.287184192 -1.66252658 -0.0809690585 -0.348803731 -1.4093182 0.000160900828 -0.287184192 -1.66252658 0.000160900828 -0.287184192 -1.66252658 0.000185247005 -0.35030113 -1.85504347 -0.0809690585 -0.348803731 -1.4093182 -0.127941466 -0.294842919 -1.27541021 -0.238588355 -0.31109029 -1.01225533 -0.127941466 -0.294842919 -1.27541021 -0.13532262 -0.396390578 -1.33667632 0.000185247005 -0.35030113 -1.85504347 -0.250980531 -0.577115048 -0.752056783 -0.245093071 -0.521409034 -0.547962804 -0.168242158 -0.449773569 -0.66466703 -0.250980531 -0.577115048 -0.752056783 -0.168242158 -0.449773569 -0.66466703 -0.237343199 -0.396023409 -0.845730577 -0.250980531 -0.577115048 -0.752056783 -0.168242158 -0.449773569 -0.66466703 -0.245093071 -0.521409034 -0.547962804 9.44429953e-05 -0.360666406 -0.807227454 -0.168242158 -0.449773569 -0.66466703 9.44429953e-05 -0.360666406 -0.807227454 -0.245093071 -0.521409034 -0.547962804 4.60254904e-05 -0.422324852 -0.430538358 4.60254904e-05 -0.422324852 -0.430538358 -0.245093071 -0.521409034 -0.547962804 3.59010121e-05 -0.624355821 -0.165893562 -0.261305457 -0.642078855 -0.34989779 3.59010121e-05 -0.624355821 -0.165893562 -0.245093071 -0.521409034 -0.547962804 3.59010121e-05 -0.624355821 -0.165893562 -0.261305457 -0.642078855 -0.34989779 8.4788112e-05 -0.924112702 -0.172019568 -0.165016501 -0.938646064 -0.251259818 -0.165016501 -0.938646064 -0.251259818 -0.261305457 -0.642078855 -0.34989779 -0.222685368 -0.950232641 -0.420421945 -0.222685368 -0.950232641 -0.420421945 -0.261305457 -0.642078855 -0.34989779 -0.303381501 -0.768791726 -0.455592808 -0.245093071 -0.521409034 -0.547962804 -0.303381501 -0.768791726 -0.455592808 -0.261305457 -0.642078855 -0.34989779 -0.28533363 -0.684137746 -0.645721739 -0.303381501 -0.768791726 -0.455592808 -0.245093071 -0.521409034 -0.547962804 -0.303381501 -0.768791726 -0.455592808 -0.222685368 -0.950232641 -0.420421945 -0.229937196 -0.885756004 -0.783252912 -0.222685368 -0.950232641 -0.420421945 -0.28533363 -0.684137746 -0.645721739 0.23032415 -0.881341686 -0.78804969 0.285600026 -0.684137414 -0.645721803 0.222953235 -0.950232597 -0.420421972 0.303611435 -0.768791189 -0.45559323 0.261455223 -0.642078843 -0.349897665 0.222953235 -0.950232597 -0.420421972 0.303611435 -0.768791189 -0.45559323 0.165220161 -0.93864604 -0.251259686 0.165220161 -0.93864604 -0.251259686 0.261455223 -0.642078843 -0.349897665 8.4788112e-05 -0.924112702 -0.172019568 3.59010121e-05 -0.624355821 -0.165893562 0.245268401 -0.521408866 -0.547962729 3.59010121e-05 -0.624355821 -0.165893562 0.261455223 -0.642078843 -0.349897665 4.60254904e-05 -0.422324852 -0.430538358 9.44429953e-05 -0.360666406 -0.807227454 0.168426675 -0.449773377 -0.66466723 9.44429953e-05 -0.360666406 -0.807227454 0.245268401 -0.521408866 -0.547962729 0.237558805 -0.396023174 -0.845730674 0.251242403 -0.577114863 -0.752056812 0.237558805 -0.396023174 -0.845730674 0.168426675 -0.449773377 -0.66466723 0.237558805 -0.396023174 -0.845730674 0.251242403 -0.577114863 -0.752056812 0.212813914 -0.520072769 -0.981522004 0.245268401 -0.521408866 -0.547962729 0.168426675 -0.449773377 -0.66466723 0.245268401 -0.521408866 -0.547962729 0.251242403 -0.577114863 -0.752056812 0.261455223 -0.642078843 -0.349897665 0.222953235 -0.950232597 -0.420421972 0.245268401 -0.521408866 -0.547962729 3.59010121e-05 -0.624355821 -0.165893562 0.168426675 -0.449773377 -0.66466723 9.44429953e-05 -0.360666406 -0.807227454 0.237558805 -0.396023174 -0.845730674 0.251242403 -0.577114863 -0.752056812 0.212813914 -0.520072769 -0.981522004 0.168426675 -0.449773377 -0.66466723 0.261455223 -0.642078843 -0.349897665 0.303611435 -0.768791189 -0.45559323 0.245268401 -0.521408866 -0.547962729 0.166400046 -0.756693104 -1.07863018 0.166508347 -0.924873863 -0.91344235 0.117803975 -0.886596044 -1.08917238 0.187243944 -0.704021938 -0.951596149 0.155782119 -0.557047801 -1.24376034 0.0660170937 -0.648317315 -1.50466637 0.0823785297 -0.846385022 -1.25305804 0.0620467977 -1.08249947 -1.22555811 0.0743248873 -1.20286996 -0.948884324 0.161154191 -1.09706689 -0.777877371 0.23032415 -0.881341686 -0.78804969 0.161154191 -1.09706689 -0.777877371 0.166508347 -0.924873863 -0.91344235 0.000273772688 -1.36818112 -1.1114846 0.000296510057 -1.28131345 -1.44139095 0.000256416647 -0.876441615 -1.44951985 0.00024328458 -0.688065466 -1.63902764 0.000185247005 -0.35030113 -1.85504347 0.135650238 -0.396390606 -1.33667628 0.238808802 -0.311090019 -1.01225542 0.238808802 -0.311090019 -1.01225542 0.128210721 -0.294842779 -1.27541029 9.44429953e-05 -0.360666406 -0.807227454 0.128210721 -0.294842779 -1.27541029 0.000106366152 -0.285562498 -1.03084557 0.0812871322 -0.348803642 -1.40931815 0.000106366152 -0.285562498 -1.03084557 0.128210721 -0.294842779 -1.27541029 0.000106366152 -0.285562498 -1.03084557 0.0812871322 -0.348803642 -1.40931815 0.000150538939 -0.301951497 -1.4440692 0.000160900828 -0.287184192 -1.66252658 0.0812871322 -0.348803642 -1.40931815 0.000150538939 -0.301951497 -1.4440692 0.0812871322 -0.348803642 -1.40931815 0.128210721 -0.294842779 -1.27541029 0.135650238 -0.396390606 -1.33667628 0.128210721 -0.294842779 -1.27541029 0.238808802 -0.311090019 -1.01225542 0.000160900828 -0.287184192 -1.66252658 0.0812871322 -0.348803642 -1.40931815 0.000185247005 -0.35030113 -1.85504347 -0.058140361 2.92593923 -0.250765385 -0.058140361 2.92593923 -0.250765385 -0.0699220423 2.62727131 -0.8341856 -0.00683528683 2.88350466 -0.230525908 -0.066601363 4.28896344 -4.15732048 -0.066601363 4.28896344 -4.15732048 -0.0800922482 3.53937515 -4.19517392 -0.00785065735 4.28473866 -4.10364946 -0.0581409729 -2.48750354 -0.0192221752 -0.0581409729 -2.48750354 -0.0192221752 -0.069922428 -1.90408333 -0.317890078 -0.006835919 -2.50774304 -0.0616570241 -0.0665990519 -4.08207147 -1.52611067 -0.0665990519 -4.08207147 -1.52611067 -0.0800903724 -3.33248324 -1.48825696 -0.00784834053 -4.07784637 -1.5797819 -0.0666010693 1.41905213 1.34380286 -0.0666010693 1.41905213 1.34380286 -0.0800920635 1.45690569 0.59421467 -0.00785035444 1.36538073 1.33957781 -0.0784416879 1.22601713 -7.88411994 -0.0784416879 1.22601713 -7.88411994 -0.0943263097 0.746126295 -7.14206416 -0.00926712629 1.27825743 -7.84821479 -0.0784425486 -1.01912389 2.20068821 -0.0784425486 -1.01912389 2.20068821 -0.0943271382 -0.539233172 1.45863285 -0.00926796743 -1.07136415 2.16478324 -0.0581421366 2.69439652 -5.66420647 -0.0581421366 2.69439652 -5.66420647 -0.0699232717 2.11097612 -5.36553917 -0.00683710686 2.71463591 -5.62177191 -0.0784421433 5.14585153 -1.71914478 -0.0784421433 5.14585153 -1.71914478 -0.0943267889 4.40379576 -2.19903564 -0.00926756183 5.10994641 -1.66690461 -0.0665989656 -1.21215889 -7.02723306 -0.0665989656 -1.21215889 -7.02723306 -0.0800900832 -1.25001231 -6.27764478 -0.00784830145 -1.15848737 -7.0230079 -0.0784345115 -4.93895679 -3.96429555 -0.0784345115 -4.93895679 -3.96429555 -0.0943202664 -4.19690216 -3.48440315 -0.00925999264 -4.90305168 -4.0165357 -0.0581408307 -2.71904116 -5.43267071 -0.0581408307 -2.71904116 -5.43267071 -0.0699223208 -2.42037454 -4.84924972 -0.00683577878 -2.67660636 -5.45290992</float_array>
        <technique_common><accessor source="#vfx_kurp_1153-mesh-positions-array" count="4074" stride="3"><param name="X" type="float"/><param name="Y" type="float"/><param name="Z" type="float"/></accessor></technique_common>
      </source>
      <source id="vfx_kurp_1153-mesh-normals">
        <float_array id="vfx_kurp_1153-mesh-normals-array" count="12222">-0.862158464 0.30776358 0.402447962 -0.906257059 0.189630935 0.377807162 -0.817571132 0.246449321 0.520423074 0.929916424 -0.341618739 -0.136206029 0.93465598 -0.310722353 -0.172828869 0.570280656 -0.730533646 -0.375633551 0.973091965 -0.218136697 -0.0742186521 -0.182662354 -0.825765971 -0.533615054 0.310071385 -0.751684758 -0.582087417 0.310071385 -0.751684758 -0.582087417 0.310071385 -0.751684758 -0.582087417 -0.687413147 -0.614232085 -0.387533369 -0.982299286 -0.0581461856 0.178064972 -0.926907878 -0.338721732 -0.161583953 -0.963638418 0.0409081527 0.264059696 -0.989402646 -0.140410662 0.0369763379 -0.88957777 0.214554307 0.403259023 -0.974628725 0.0740323972 0.211229858 -0.896412503 0.225562184 0.381531553 -0.270295503 0.754301576 0.598305502 -0.296058712 0.657445302 0.69290325 -0.0688852835 0.644987874 0.76108177 0.441890678 0.479695377 0.758040219 -0.840965376 0.285512874 0.459629889 -0.929162367 0.187982869 0.318307615 -0.952805014 0.134999569 0.271914915 -0.95074467 0.140164946 0.276474881 0.202264178 -0.878208109 -0.433404799 -0.911224574 -0.373821177 -0.172995676 -0.783549089 -0.54605655 -0.29643392 -0.920079522 -0.368813736 -0.132023107 -0.889390907 -0.454994967 -0.0443101989 -0.94418831 -0.302501889 -0.130388042 -0.979656594 -0.199805725 -0.0187251234 -0.991725864 -0.125482267 0.0270926246 -0.967922705 -0.24161645 -0.0688994027 -0.967922705 -0.24161645 -0.0688994027 -0.967922702 -0.241616463 -0.0688994068 -0.988072438 0.0334797082 0.15030624 -0.989175993 -0.0197556617 0.145397965 -0.97448954 -0.2214055 0.0367388149 -0.925742649 -0.368434905 -0.08518373 -0.93076394 -0.35474867 -0.0884978525 -0.879467163 -0.458389648 -0.128126654 -0.914986776 -0.395472591 -0.0800039359 0.868069538 -0.478109611 -0.133665542 0.911514562 -0.402321139 -0.0853164911 0.882119437 -0.46390385 -0.0815997361 0.852488561 -0.496263692 -0.16427295 0.896599977 -0.432037269 -0.0972228346 0.913819273 -0.397175078 -0.0847720161 0.978610024 -0.205649098 0.00555598239 0.969012409 -0.229707732 -0.0908257057 0.990686131 -0.0558854991 0.124168437 0.910891995 -0.394065596 -0.122425816 0.93067988 -0.362971226 -0.0456820575 0.943112034 -0.326877035 0.0607543805 -0.945117773 -0.320723473 0.0623606433 -0.949480707 -0.313519826 -0.013845759 -0.889832234 -0.450071658 -0.075060624 -0.935971997 -0.34170448 -0.084820215 -0.970534214 0.0207612554 0.240067302 -0.946728734 0.183781336 0.264441154 -0.438020606 0.618492798 0.652383789 -0.44469061 0.752702354 0.485478556 -0.393905508 0.686614177 0.611064172 -0.110293288 0.795547531 0.595768005 0.77186349 -0.569035671 -0.283593296 0.555677687 -0.728803623 -0.400084476 -0.812048153 -0.534549761 -0.234167357 0.960891212 -0.249197776 -0.120783056 0.941769543 -0.288078216 -0.173438948 0.943103655 -0.287313866 -0.167350644 0.94586492 -0.324314723 0.0126298539 0.986123143 0.0349567219 0.162293483 0.954313384 0.159322846 0.252788835 0.995730272 -0.0922627952 -0.00296694959 0.969606103 -0.233605323 -0.0727499622 0.987466107 0.0179697534 0.156804894 0.99076851 -0.102606183 0.0885987016 0.992237186 -0.0404584871 0.117594551 0.991164875 0.064459037 0.11591904 0.960137701 0.206842167 0.188021042 0.960137698 0.206842181 0.188021044 0.960137698 0.206842181 0.188021044 0.954159237 -0.278238345 -0.110288593 0.991389261 -0.13046366 0.0112501474 0.698806492 0.564473427 0.439362308 0.925185139 0.126737509 0.357729035 0.807260955 0.396413018 0.43724875 0.733191272 0.407732716 0.544228437 0.617315067 0.5058979 0.602486035 0.483163263 0.547935665 0.682876101 0.87404063 0.472452172 0.113322205 0.830739229 0.53386619 0.157668083 0.979253903 0.153907464 0.131811558 -0.110293288 0.795547531 0.595768005 0.274367324 0.689429278 0.670380371 -0.393905508 0.686614177 0.611064172 -0.0688852835 0.644987874 0.76108177 0.259307332 0.59429852 0.761294278 0.441890678 0.479695377 0.758040219 0.362745877 0.451387181 0.815269919 0.343009981 0.449165129 0.824981721 0.993287724 -0.110026727 0.0356877817 0.839187488 -0.470925942 -0.272016758 0.855228575 -0.449978004 -0.257106748 0.988745817 -0.102837441 0.108656206 0.988745817 -0.102837441 0.108656206 0.988745817 -0.102837441 0.108656206 -0.862158581 0.0653069009 0.502411773 -0.906257194 -0.0246786091 0.422005764 -0.817571826 -0.0467804374 0.573923253 -0.273930382 0.24582883 0.929801233 -0.929162419 0.00364385238 0.369653786 -0.950744903 -0.0168515584 0.309516001 0.929916577 -0.227747031 -0.288767119 0.934656222 -0.182678494 -0.30503494 0.57028114 -0.4448436 -0.690574828 0.973091883 -0.151802322 -0.173344287 -0.18266052 -0.44832743 -0.875007228 0.310074509 -0.359934141 -0.879943869 0.310074509 -0.359934141 -0.879943869 0.310074536 -0.359934137 -0.879943861 -0.687413674 -0.338173813 -0.642729269 -0.982299206 -0.139388786 0.125136074 -0.926907692 -0.212550155 -0.309296883 -0.963638409 -0.0966026778 0.249136389 -0.989402649 -0.140087545 -0.0381821573 -0.889577879 -0.0158202694 0.456509492 -0.974628733 -0.0415013587 0.219946516 -0.89641265 0.00457657692 0.443196814 -0.312152596 0.391087696 0.865800884 -0.296057716 0.222913055 0.928794702 -0.392311395 0.143134707 0.90862766 -0.47717927 0.113889146 0.871394977 -0.840965683 0.0174461741 0.540807129 -0.952805251 -0.0190449475 0.30298423 0.94310374 -0.165145352 -0.288586812 0.855229489 -0.261138111 -0.447648755 0.960891302 -0.155419602 -0.229200029 -0.215331433 -0.441419233 -0.871080613 -0.215331419 -0.441419234 -0.871080616 -0.274635816 -0.432087959 -0.858996603 -0.663326256 -0.363209106 -0.654276259 -0.805489308 -0.239994949 -0.541838906 -0.805489296 -0.23999494 -0.541838927 -0.988693166 -0.134937926 -0.0654032059 -0.988693168 -0.134937912 -0.0654031998 -0.242836718 0.251510425 0.936895317 -0.242836732 0.251510424 0.936895313 0.202265187 -0.543847875 -0.814443542 -0.911224532 -0.237241158 -0.336729096 -0.783549026 -0.324682232 -0.529747461 -0.920079388 -0.253390979 -0.298742251 -0.889390711 -0.37188252 -0.265871312 -0.944188203 -0.196780828 -0.26417029 -0.979656524 -0.1636747 -0.116119285 -0.991725806 -0.122217603 -0.0392782858 -0.967922651 -0.174796671 -0.180476772 -0.967922654 -0.174796657 -0.18047677 -0.967922654 -0.174796657 -0.18047677 -0.763521501 -0.318296966 -0.561891412 -0.763521501 -0.318296966 -0.561891412 -0.763521501 -0.318296966 -0.561891412 -0.98941607 -0.0798031423 0.121191165 -0.989175973 -0.0898081962 0.116040435 -0.978426141 -0.194201416 -0.0704847235 -0.925742577 -0.27648245 -0.257988636 -0.930763805 -0.262972893 -0.254015741 -0.879466916 -0.332914344 -0.340155823 -0.919421116 -0.297572908 -0.257128716 0.868069781 -0.347221881 -0.354812373 0.911514836 -0.305761473 -0.275046589 0.882119662 -0.360952243 -0.302619201 0.852488647 -0.34764031 -0.390396364 0.896600032 -0.325543548 -0.300216224 0.911703525 -0.310252598 -0.269332524 0.978610119 -0.180874841 -0.0980128957 0.969012523 -0.153519419 -0.193511028 0.990686191 -0.110481955 0.0795902502 -0.85772868 -0.392824301 -0.331648277 -0.857728646 -0.392824337 -0.331648322 -0.857728653 -0.392824346 -0.331648295 0.854697812 -0.404414768 -0.325484785 0.854697812 -0.404414768 -0.325484785 0.854697812 -0.404414768 -0.325484785 0.771863837 -0.351002362 -0.530116552 0.555678112 -0.431119835 -0.710885029 -0.812047718 -0.345850462 -0.470070166 0.94176962 -0.162763146 -0.294241637 0.909921515 -0.282152728 -0.304027424 0.962212669 -0.24618327 -0.116363985 0.986123194 -0.0508728318 0.158028483 0.954313402 0.0115837283 0.298582901 0.995730305 -0.0784179914 -0.0487009116 0.969606177 -0.165932694 -0.179806015 0.98746616 -0.0628396259 0.144781783 0.990768585 -0.133158451 0.0254251542 0.992237237 -0.0938348261 0.0816106004 0.991164878 -0.00213579817 0.132618334 0.96013774 0.0851205572 0.26625178 0.960137742 0.0851205427 0.266251778 0.96013774 0.0851205572 0.26625178 0.908171147 -0.273607893 -0.316802602 0.778135776 0.221798912 0.587630799 0.925085919 -0.247646915 -0.287901109 0.959410336 -0.171991741 -0.223496417 0.999252092 -0.0314811379 -0.0224542713 0.698806273 0.269167656 0.662735668 0.698806273 0.269167656 0.662735668 0.9442469 -0.0487944316 0.325602357 0.945892039 0.0614254325 0.31861445 0.931657584 -0.0895456237 0.352130271 0.669271601 0.105400934 0.735504023 0.669271601 0.105400934 0.735504023 0.669271601 0.105400934 0.735504023 0.483163434 0.133088657 0.865355711 0.437432296 0.229023005 0.869598441 0.438362169 0.182761883 0.880020854 0.857523134 0.365219846 0.362310005 0.830739347 0.383508041 0.403477039 0.976490729 0.080110444 0.200120394 0.000964452096 0.405160283 0.914245161 0.279123939 0.27950601 0.91867634 -0.419159547 0.235494065 0.876839677 -0.392311395 0.143134707 0.90862766 0.344350844 0.208400048 0.915418984 0.344350844 0.208400048 0.915418984 0.344350874 0.208400019 0.915418979 0.208457708 0.118372646 0.970841543 0.208457694 0.118372646 0.970841546 0.208457694 0.118372646 0.970841546 0.497620212 0.0316080983 0.866818927 0.497620235 0.0316080979 0.866818914 0.497620235 0.0316080979 0.866818914 0.343008878 -0.0235021012 0.939038104 0.343008904 -0.0235020863 0.939038095 0.343008878 -0.0235021012 0.939038104 0.993287774 -0.113129359 -0.0241069756 0.839188552 -0.271824516 -0.471035038 0.988745887 -0.143387465 0.0426802866 0.988745887 -0.143387464 0.0426802792 0.988745887 -0.143387465 0.0426802866 0.936002063 -0.28104457 -0.211929442 0.943112131 -0.313460718 -0.110823678 -0.947187213 -0.297944544 -0.118597777 -0.949798653 -0.263484344 -0.168696531 -0.889832111 -0.352243549 -0.290040164 -0.936831215 -0.241650019 -0.252888401 -0.990757443 -0.135497699 -0.00632947397 -0.944166253 -0.0515766424 0.32540734 -0.935665217 0.173900553 0.307065463 -0.946728828 0.0269383568 0.32090318 -0.437104773 0.240907921 0.866546474 -0.443263982 0.402605891 0.800890466 -0.419159547 0.235494065 0.876839677 0.000964452096 0.405160283 0.914245161 -0.176718325 0.269824894 0.946554362 -0.176718323 0.26982492 0.946554355 -0.176718311 0.269824894 0.946554365 -0.862158674 0.467754777 0.194648117 -0.906257135 0.353128608 0.232375109 -0.817571271 0.47364268 0.327474928 -0.273932748 0.928145137 0.252006855 -0.929162742 0.321950869 0.181670683 -0.950745068 0.259622633 0.169351423 0.929916619 -0.363953032 0.0528514238 0.934656355 -0.355506899 0.0056870512 0.570280163 -0.820477809 0.0399587383 0.973092055 -0.22602086 0.0447931055 -0.182659501 -0.981942385 -0.0492408374 0.310073381 -0.942021242 -0.12825942 0.310073381 -0.942021242 -0.12825942 0.310073381 -0.942021242 -0.12825942 -0.68741406 -0.725706415 -0.0284975494 -0.982299171 0.0386771977 0.183282334 -0.926907685 -0.374134065 0.0294252383 -0.96363855 0.167456713 0.208228226 -0.989402619 -0.103111049 0.102228027 -0.88957774 0.387439002 0.241955501 -0.974628858 0.169728217 0.145914087 -0.896412971 0.386107431 0.217634642 -0.312153246 0.945349213 0.0942083632 -0.296059732 0.915815644 0.271349112 -0.392312326 0.858461624 0.330355383 -0.477180313 0.811594268 0.337066305 -0.840965432 0.477076289 0.255294648 -0.952805413 0.252869266 0.167985056 0.943103921 -0.332495675 -0.00127300058 0.855229605 -0.518244058 0.00232808588 0.960891402 -0.276202476 0.0199976419 -0.215330123 -0.97508784 -0.0532601372 -0.215330108 -0.975087843 -0.0532601373 -0.274634683 -0.959957178 -0.0552992504 -0.663325728 -0.748224879 -0.0125900715 -0.805489606 -0.589243327 -0.0630777006 -0.805489577 -0.589243365 -0.0630777088 -0.988693127 -0.12411044 0.0841575916 -0.988693128 -0.124110432 0.0841575857 -0.242839014 0.937129692 0.250633506 -0.242839014 0.937129692 0.250633506 0.202262943 -0.977253177 0.063764648 -0.911224447 -0.410236744 0.0370920613 -0.783548814 -0.62111615 0.0163089961 -0.920079342 -0.385414035 0.0700715738 -0.889390636 -0.416192795 0.18912391 -0.944188087 -0.327168982 0.0383316298 -0.979656533 -0.182399727 0.0836864238 -0.991725817 -0.0951250305 0.0862040196 -0.967922561 -0.243696235 0.0611396896 -0.967922565 -0.24369622 0.0611396851 -0.967922561 -0.243696234 0.0611396823 -0.763521007 -0.645761299 -0.00529300435 -0.763521006 -0.6457613 -0.00529299701 -0.763521007 -0.645761299 -0.00529300435 -0.989416129 0.0650527484 0.129706837 -0.989176016 0.0555896897 0.135796157 -0.978426169 -0.158142313 0.132940745 -0.925742519 -0.361666151 0.110446293 -0.930763765 -0.351470728 0.100733019 -0.879466851 -0.461040971 0.11823401 -0.919421139 -0.371466513 0.129141007 0.868069712 -0.48088753 0.123297032 0.91151478 -0.391078066 0.127274314 0.882119513 -0.442552208 0.161284555 0.852488779 -0.511913063 0.105867357 0.896600107 -0.422766363 0.131821283 0.911703572 -0.388374867 0.13402074 0.97861011 -0.175318909 0.107636118 0.969012532 -0.244345085 0.0361965696 0.99068615 0.0136860411 0.135475621 -0.85772862 -0.483628162 0.174371487 -0.857728631 -0.483628139 0.174371495 -0.85772862 -0.483628162 0.174371487 0.854697603 -0.484085642 0.187491595 0.854697615 -0.484085619 0.187491603 0.854697615 -0.484085619 0.187491603 0.771864022 -0.63459535 0.0389188042 0.555678281 -0.831204292 0.0179185029 -0.812048335 -0.580017067 0.0644802641 0.941769808 -0.336201784 -0.00616345677 0.909921541 -0.40437169 0.0923381106 0.962212638 -0.223865667 0.15501936 0.986123116 0.1114206 0.123071726 0.954313305 0.264372462 0.139259889 0.995730314 -0.0813849321 0.043561848 0.969606282 -0.238682387 0.0537993981 0.987466092 0.0939651015 0.126811975 0.990768541 -0.0445598471 0.128031707 0.992237198 0.0237594685 0.122068958 0.991164835 0.113783124 0.0681591593 0.960137572 0.2731416 0.0594096802 0.960137572 0.2731416 0.0594096802 0.960137572 0.2731416 0.0594096802 0.908171178 -0.411162896 0.0785505237 0.778135693 0.619802725 0.101732124 0.92508593 -0.373153043 0.070518285 0.959410367 -0.279549287 0.0372014073 0.999252096 -0.0351862889 0.0160366323 0.69880622 0.70852978 0.0982619811 0.69880622 0.70852978 0.098261983 0.944246809 0.25758277 0.205058721 0.945891994 0.306640953 0.106111552 0.93165748 0.260181065 0.253614182 0.669271153 0.689665903 0.276472541 0.669271186 0.689665875 0.27647253 0.669271152 0.689665899 0.276472555 0.483163053 0.815964502 0.317419903 0.437431827 0.867605979 0.236459854 0.438361641 0.853501606 0.28173406 0.857523047 0.496379827 -0.135134347 0.830739257 0.541175599 -0.130388874 0.976490681 0.213364731 0.0306829268 0.000964046682 0.99433969 0.106243362 0.279123626 0.9353501 0.217279065 -0.419159791 0.877112364 0.234475949 -0.392312326 0.858461624 0.330355383 0.344350525 0.896976156 0.277230033 0.344350525 0.896976156 0.277230033 0.344350525 0.896976154 0.27723004 0.208457391 0.899959769 0.38290721 0.208457377 0.899959777 0.382907197 0.208457377 0.899959777 0.382907197 0.497619695 0.766491461 0.406036304 0.497619695 0.766491461 0.406036304 0.497619695 0.766491461 0.406036304 0.343008551 0.801479886 0.489872562 0.343008524 0.801479894 0.489872567 0.343008528 0.801479907 0.489872543 0.993287766 -0.0774415659 0.0859198368 0.839188631 -0.543840445 -0.000110382464 0.988745842 -0.0347313545 0.145517669 0.988745842 -0.0347313545 0.145517669 0.988745842 -0.0347313545 0.145517669 0.936002031 -0.32405851 0.137427361 0.943112142 -0.252706276 0.216053294 -0.947187274 -0.251681114 0.19872817 -0.949798626 -0.277837937 0.143835499 -0.889832105 -0.427304051 0.160031476 -0.936831224 -0.339832848 0.0828305081 -0.990757462 -0.0732305658 0.114179402 -0.944166377 0.256022512 0.207370021 -0.935665315 0.352876512 0.00293020781 -0.94672894 0.29137925 0.137122017 -0.437104819 0.870905204 0.224640834 -0.443264519 0.894894181 0.051778083 -0.419159791 0.877112364 0.234475949 0.000964046682 0.99433969 0.106243362 -0.176718917 0.954652465 0.239601953 -0.176718903 0.954652467 0.239601953 -0.176718903 0.954652467 0.239601953 -0.86215843 -0.502412119 0.065306244 -0.906256816 -0.42200653 -0.0246793832 -0.817573423 -0.573920867 -0.0467817942 -0.273933452 -0.929801019 0.245826218 -0.929162098 -0.3696546 0.00364319595 -0.950744886 -0.30951601 -0.0168523462 0.929916699 0.288767393 -0.227746188 0.934655728 0.305036568 -0.182678302 0.570279616 0.690576475 -0.444842997 0.973092205 0.173343183 -0.15180152 -0.182667561 0.875007215 -0.448324587 0.310066712 0.879947029 -0.359933133 0.310066712 0.879947029 -0.359933133 0.310066712 0.879947029 -0.359933133 -0.687412429 0.642731008 -0.338173038 -0.98229919 -0.12513615 -0.139388829 -0.926907613 0.309297495 -0.212549612 -0.963638152 -0.249137175 -0.0966032059 -0.98940264 0.038181582 -0.140087769 -0.88957744 -0.456510321 -0.0158210166 -0.974628767 -0.219946272 -0.041501867 -0.89641251 -0.443197109 0.00457538482 -0.312152133 -0.865801797 0.391086044 -0.296060534 -0.92879438 0.222910655 -0.392312444 -0.908627477 0.143132997 -0.477180511 -0.871394504 0.113887572 -0.840967104 -0.540804965 0.0174447498 -0.952805259 -0.302984156 -0.0190457354 0.943103992 0.288586496 -0.165144465 0.855226477 0.447653793 -0.261139339 0.960891556 0.229199539 -0.155418755 -0.215338634 0.871080316 -0.441416308 -0.215338634 0.871080316 -0.441416308 -0.27464234 0.858996009 -0.432084993 -0.663329118 0.654274917 -0.363206296 -0.805489143 0.541839676 -0.239993763 -0.805489155 0.541839654 -0.239993771 -0.988693156 0.0654036484 -0.134937787 -0.988693156 0.0654036484 -0.134937787 -0.242839969 -0.936895175 0.251507816 -0.242839954 -0.936895178 0.251507817 0.202261405 0.81444484 -0.543847337 -0.911224589 0.336729406 -0.237240501 -0.783549382 0.529747614 -0.324681122 -0.920079417 0.298742671 -0.253390377 -0.889391411 0.265871449 -0.371880747 -0.944188426 0.264169901 -0.196780283 -0.979656475 0.116119708 -0.163674694 -0.991725798 0.0392786048 -0.122217562 -0.967922598 0.180477412 -0.174796303 -0.967922601 0.18047741 -0.174796288 -0.967922601 0.18047741 -0.174796288 -0.76352168 0.561891829 -0.318295803 -0.76352168 0.561891829 -0.318295803 -0.763521689 0.56189183 -0.318295777 -0.989416036 -0.121191204 -0.079803513 -0.989175969 -0.116040233 -0.0898085001 -0.978426059 0.0704853987 -0.194201584 -0.925742434 0.257989462 -0.276482157 -0.930763867 0.254016139 -0.26297229 -0.879467001 0.340156398 -0.332913532 -0.919421279 0.257129115 -0.297572057 0.868070086 0.354812581 -0.347220906 0.911515253 0.27504664 -0.305760183 0.882120106 0.302619383 -0.360951003 0.852488901 0.390397072 -0.347638893 0.896600032 0.300216722 -0.325543088 0.911703389 0.269333256 -0.310252361 0.978610114 0.0980133027 -0.180874644 0.969012488 0.193511466 -0.153519091 0.990686202 -0.0795900239 -0.11048202 -0.857728158 0.331649553 -0.392824364 -0.857728185 0.331649536 -0.39282432 -0.857728158 0.331649553 -0.392824364 0.854698404 0.325484879 -0.404413441 0.854698432 0.325484862 -0.404413396 0.854698438 0.325484835 -0.404413404 0.771863207 0.530118221 -0.351001228 0.55567717 0.710886357 -0.431118858 -0.812048727 0.470069379 -0.345849163 0.941769945 0.294241152 -0.162762141 0.909921414 0.304028157 -0.282152265 0.962212606 0.116364476 -0.246183283 0.986123126 -0.158028832 -0.0508730606 0.954313506 -0.298582597 0.011582956 0.995730285 0.0487014505 -0.0784179018 0.969605988 0.17980722 -0.165932492 0.987466189 -0.144781466 -0.062839891 0.990768583 -0.0254257487 -0.13315835 0.99223725 -0.0816103398 -0.0938349245 0.991164894 -0.13261821 -0.00213607903 0.960137969 -0.266251197 0.0851198031 0.960137971 -0.266251194 0.0851197886 0.960137969 -0.266251197 0.0851198031 0.908171139 0.316803102 -0.273607342 0.778136271 -0.587630659 0.221797546 0.925085864 0.287901753 -0.247646371 0.959410401 0.22349664 -0.171991086 0.999252087 0.0224544403 -0.0314811948 0.698806881 -0.662735634 0.269166161 0.698806889 -0.662735636 0.269166134 0.944247013 -0.325601925 -0.0487951248 0.945892155 -0.318614239 0.06142473 0.931657659 -0.352129896 -0.0895463167 0.669272621 -0.735503347 0.105399172 0.669272621 -0.735503347 0.105399172 0.669272621 -0.735503347 0.105399172 0.483162243 -0.86535652 0.13308772 0.437430872 -0.869599349 0.229022279 0.438360714 -0.880021764 0.182760989 0.857521603 -0.362313947 0.365219527 0.830737376 -0.403481469 0.383507649 0.976490666 -0.200120974 0.0801097694 0.000965716307 -0.914245944 0.405158514 0.279125187 -0.918676515 0.279504189 -0.41915874 -0.876840414 0.235492756 -0.392312444 -0.908627477 0.143132997 0.344350257 -0.91541942 0.208399103 0.344350274 -0.915419409 0.208399124 0.344350257 -0.91541942 0.208399103 0.208456453 -0.970842008 0.118371035 0.208456453 -0.970842008 0.118371035 0.208456453 -0.970842008 0.118371035 0.4976208 -0.866818657 0.0316062498 0.4976208 -0.866818657 0.0316062498 0.497620779 -0.86681867 0.0316062356 0.343009076 -0.939037975 -0.0235043563 0.343009103 -0.939037966 -0.0235043561 0.343009076 -0.939037975 -0.0235043563 0.993287809 0.0241067668 -0.113129095 0.839184968 0.471040604 -0.271825937 0.988745894 -0.042679979 -0.143387508 0.988745894 -0.042679979 -0.143387508 0.988745894 -0.042679979 -0.143387508 0.936001993 0.21193014 -0.281044277 0.943112257 0.110824375 -0.313460091 -0.947187338 0.118598427 -0.297943887 -0.949798636 0.168697154 -0.263484004 -0.889831884 0.290041257 -0.35224322 -0.936831244 0.252888941 -0.241649339 -0.990757442 0.00632983461 -0.13549769 -0.944166279 -0.325407177 -0.0515771865 -0.935665249 -0.307065621 0.173900103 -0.94672886 -0.320903133 0.0269378089 -0.437104079 -0.866547191 0.2409066 -0.44326292 -0.800891733 0.402604541 -0.41915874 -0.876840414 0.235492756 0.000965716307 -0.914245944 0.405158514 -0.176718426 -0.946554825 0.269823204 -0.176718424 -0.946554818 0.26982323 -0.176718426 -0.946554825 0.269823204 -0.862158566 -0.194648635 0.467754762 -0.906256991 -0.232375624 0.353128638 -0.817571373 -0.327475209 0.47364231 -0.273930732 -0.252006863 0.928145729 -0.929162554 -0.181671277 0.321951075 -0.950744968 -0.169351934 0.259622664 0.929916556 -0.0528509926 -0.363953254 0.934656053 -0.00568645089 -0.355507704 0.570280781 -0.0399582872 -0.820477401 0.973092068 -0.0447925702 -0.226020912 -0.182661902 0.0492411733 -0.981941921 0.310070696 0.128260124 -0.94202203 0.310070696 0.128260124 -0.94202203 0.310070696 0.128260124 -0.94202203 -0.687413091 0.0284972665 -0.725707343 -0.982299037 -0.183282929 0.0386777617 -0.926907604 -0.0294254739 -0.374134246 -0.963638494 -0.208228672 0.167456483 -0.989402573 -0.102228481 -0.103111034 -0.889577759 -0.241955825 0.387438756 -0.974628758 -0.145914593 0.169728358 -0.89641263 -0.217635228 0.386107892 -0.312152847 -0.0942085863 0.945349323 -0.29605797 -0.271349222 0.915816181 -0.392311157 -0.330355761 0.858462013 -0.477179158 -0.337066851 0.81159472 -0.840965428 -0.255295053 0.477076079 -0.952805307 -0.167985571 0.252869325 0.943103829 0.00127349909 -0.332495934 0.855228393 -0.00232746904 -0.51824606 0.960891384 -0.0199971641 -0.276202575 -0.215332788 0.0532605009 -0.975087232 -0.215332817 0.0532604932 -0.975087226 -0.274637308 0.0552995656 -0.959956409 -0.663325429 0.0125906071 -0.748225135 -0.805489963 0.0630775976 -0.589242849 -0.805489963 0.0630775976 -0.589242849 -0.988693026 -0.0841576191 -0.124111221 -0.988693024 -0.0841576322 -0.12411123 -0.242837038 -0.250633485 0.937130209 -0.242837038 -0.250633485 0.937130209 0.202264203 -0.063764292 -0.977252939 -0.911224386 -0.0370923497 -0.410236853 -0.783548798 -0.0163092729 -0.621116163 -0.920079355 -0.0700718841 -0.385413947 -0.889390635 -0.189123864 -0.416192818 -0.944188017 -0.0383319375 -0.327169149 -0.979656479 -0.0836868113 -0.182399835 -0.991725778 -0.0862044372 -0.0951250559 -0.967922546 -0.0611401341 -0.243696182 -0.967922545 -0.0611401413 -0.243696183 -0.967922546 -0.0611401341 -0.243696182 -0.763521096 0.00529263498 -0.645761197 -0.763521096 0.00529262764 -0.645761198 -0.763521096 0.00529263498 -0.645761197 -0.989416057 -0.129707335 0.0650528501 -0.989175973 -0.135796554 0.0555894897 -0.978426047 -0.132941128 -0.158142744 -0.925742409 -0.110446615 -0.361666336 -0.930763738 -0.100733335 -0.351470709 -0.87946691 -0.118234163 -0.461040819 -0.91942107 -0.129141332 -0.37146657 0.868069695 -0.123296431 -0.480887715 0.911514876 -0.127273655 -0.391078059 0.882119569 -0.161283907 -0.442552333 0.85248884 -0.105866772 -0.511913084 0.89660012 -0.131820726 -0.42276651 0.91170351 -0.134020272 -0.388375175 0.978610094 -0.107635727 -0.175319238 0.96901249 -0.0361960694 -0.244345325 0.990686214 -0.135475161 0.0136860028 -0.857728363 -0.174371676 -0.48362855 -0.857728374 -0.174371684 -0.483628527 -0.857728363 -0.174371676 -0.48362855 0.854697621 -0.187490773 -0.484085929 0.854697626 -0.187490808 -0.484085907 0.854697614 -0.187490801 -0.48408593 0.771864014 -0.0389183205 -0.634595389 0.555678472 -0.0179180593 -0.831204174 -0.8120481 -0.0644803674 -0.580017384 0.941769721 0.00616392808 -0.336202021 0.909921463 -0.0923375186 -0.404371999 0.962212598 -0.155019005 -0.223866086 0.98612323 -0.123071244 0.111420124 0.954313388 -0.139259537 0.26437235 0.995730334 -0.04356137 -0.0813849395 0.969606175 -0.0537987696 -0.238682966 0.987466145 -0.126811579 0.0939650788 0.990768591 -0.128031303 -0.0445598891 0.992237247 -0.122068538 0.0237595854 0.99116486 -0.0681587746 0.113783135 0.960137568 -0.0594094293 0.273141666 0.960137568 -0.0594094293 0.273141666 0.960137568 -0.0594094302 0.273141665 0.908171095 -0.0785499019 -0.411163198 0.778135783 -0.101732045 0.619802626 0.925085902 -0.0705176836 -0.373153226 0.959410339 -0.0372008839 -0.279549452 0.999252098 -0.0160362368 -0.0351864158 0.69880629 -0.0982619845 0.708529711 0.69880629 -0.0982619845 0.708529711 0.944246843 -0.205058432 0.257582877 0.945891977 -0.106111244 0.306641113 0.931657543 -0.25361392 0.260181094 0.669271325 -0.276472281 0.68966584 0.669271325 -0.276472281 0.68966584 0.669271325 -0.276472281 0.68966584 0.48316309 -0.317419925 0.815964472 0.437431958 -0.236459735 0.867605945 0.438361813 -0.281734169 0.853501481 0.857522974 0.135134437 0.496379929 0.830739187 0.130388921 0.541175695 0.976490708 -0.0306826142 0.213364649 0.000964325746 -0.106243684 0.994339655 0.27912379 -0.217279112 0.93535004 -0.419159551 -0.234476388 0.877112362 -0.392311157 -0.330355761 0.858462013 0.344350546 -0.277229935 0.896976179 0.344350591 -0.277229937 0.89697616 0.344350565 -0.277229947 0.896976168 0.20845735 -0.382907238 0.899959766 0.20845735 -0.382907238 0.899959766 0.20845735 -0.382907238 0.899959766 0.49762048 -0.40603621 0.766491 0.497620503 -0.406036204 0.766490989 0.49762048 -0.40603621 0.766491 0.34301049 -0.489872129 0.80147932 0.343010519 -0.4898721 0.801479326 0.343010493 -0.489872105 0.801479334 0.9932878 -0.0859192948 -0.0774417298 0.839187269 0.000111011998 -0.543842546 0.988745904 -0.145517233 -0.0347314209 0.988745904 -0.145517233 -0.03473142 0.988745904 -0.145517233 -0.0347314209 0.936002065 -0.137426814 -0.324058643 0.943112336 -0.216052489 -0.252706239 -0.947187173 -0.198728519 -0.251681215 -0.949798581 -0.143835855 -0.277837906 -0.889832018 -0.160031714 -0.427304143 -0.936831125 -0.0828308455 -0.33983304 -0.990757424 -0.114179787 -0.073230475 -0.944166176 -0.20737046 0.256022897 -0.935665244 -0.00293066482 0.352876696 -0.946728766 -0.137122664 0.291379511 -0.437104703 -0.224641244 0.870905156 -0.443264138 -0.051778532 0.894894344 -0.419159551 -0.234476388 0.877112362 0.000964325746 -0.106243684 0.994339655 -0.176718544 -0.239602159 0.954652482 -0.176718544 -0.239602159 0.954652482 -0.176718559 -0.239602166 0.954652478 -0.862157598 -0.40245006 0.307763261 -0.90625559 -0.377810466 0.189631371 -0.817571254 -0.520423682 0.246447634 -0.273925701 -0.682319466 0.677794111 -0.929162059 -0.318308972 0.187982091 -0.950744504 -0.276475966 0.140163933 0.929916102 0.136208233 -0.341618737 0.93465574 0.172830901 -0.310721945 0.570278961 0.375636138 -0.730533639 0.973091887 0.0742204705 -0.218136426 -0.182664268 0.533616183 -0.825764818 0.310068592 0.582089587 -0.75168423 0.310068592 0.582089587 -0.75168423 0.310068596 0.582089565 -0.751684245 -0.68741332 0.387533749 -0.614231651 -0.982299092 -0.178065892 -0.058146635 -0.926907875 0.161583515 -0.338721948 -0.963637872 -0.264061744 0.0409077772 -0.989402686 -0.0369791149 -0.140409653 -0.889576665 -0.403261575 0.214554093 -0.974628407 -0.211231471 0.0740319794 -0.896412116 -0.381533011 0.225561253 -0.312150678 -0.554263924 0.771591509 -0.296052774 -0.692905729 0.657445364 -0.392306561 -0.715329952 0.578272101 -0.477174298 -0.697708683 0.534328815 -0.840965398 -0.459630754 0.285511416 -0.952804857 -0.271915972 0.134998547 0.943103546 0.167352461 -0.287313167 0.855228104 0.257109042 -0.449977589 0.960891134 0.120784848 -0.24919721 -0.215335112 0.533669607 -0.817818769 -0.215335098 0.533669609 -0.817818772 -0.274639308 0.527869972 -0.803695554 -0.663328031 0.385015585 -0.641684442 -0.805489893 0.349248735 -0.478760226 -0.805489865 0.349248779 -0.47876024 -0.988693142 -0.0108285566 -0.149561401 -0.988693142 -0.0108285566 -0.149561401 -0.242831853 -0.68562223 0.686261501 -0.242831853 -0.68562223 0.686261501 0.202261111 0.433406653 -0.8782079 -0.911224877 0.172994797 -0.373820844 -0.783549616 0.296433663 -0.546055933 -0.920079732 0.132022336 -0.368813489 -0.889390507 0.0443095852 -0.45499581 -0.94418847 0.130387218 -0.302501745 -0.979656625 0.0187240209 -0.199805677 -0.991725818 -0.027093799 -0.12548238 -0.967922773 0.068898488 -0.241616439 -0.967922773 0.068898488 -0.241616439 -0.967922773 0.0688984898 -0.241616438 -0.763521784 0.327464229 -0.556598297 -0.763521786 0.327464216 -0.556598302 -0.763521786 0.327464216 -0.556598302 -0.989415876 -0.144857525 -0.0085159681 -0.989175752 -0.145399577 -0.0197558789 -0.978426153 -0.0360602276 -0.203425473 -0.925742796 0.0851828886 -0.368434732 -0.930764097 0.088496988 -0.354748474 -0.87946717 0.128126258 -0.458389746 -0.919421489 0.0738928946 -0.386269292 0.868069368 0.133667851 -0.478109275 0.911514488 0.0853188215 -0.402320814 0.882119449 0.0816018581 -0.463903454 0.852488097 0.164275304 -0.496263709 0.896599626 0.0972252714 -0.43203745 0.911703191 0.0781246039 -0.403353241 0.978610014 -0.00555388139 -0.205649201 0.969012188 0.0908277535 -0.229707854 0.990686363 -0.12416618 -0.0558864019 -0.857728899 0.0908034258 -0.506019638 -0.857728925 0.0908034184 -0.506019595 -0.857728925 0.0908034184 -0.506019595 0.854697615 0.0796725325 -0.512975901 0.854697615 0.0796725335 -0.512975901 0.854697588 0.0796725413 -0.512975943 0.771863071 0.283595675 -0.569035054 0.555677191 0.400086678 -0.728802792 -0.812049001 0.234166491 -0.534548852 0.941769434 0.173440745 -0.288077491 0.909921113 0.122221257 -0.396365404 0.962212532 -0.022315559 -0.271383601 0.986123415 -0.162291929 0.0349562496 0.954313861 -0.252787328 0.159322383 0.995730268 0.00296868458 -0.0922627753 0.969605998 0.0727520097 -0.233605125 0.987466349 -0.156803401 0.0179695182 0.990768659 -0.0885966901 -0.102606481 0.992237371 -0.117592923 -0.0404586631 0.991165068 -0.115917542 0.0644587515 0.960137814 -0.18802037 0.206842255 0.960137814 -0.18802037 0.206842255 0.960137814 -0.18802037 0.206842255 0.908170778 0.13755716 -0.395352837 0.778135778 -0.398004293 0.485898439 0.925085545 0.125508234 -0.358419333 0.959410068 0.107559542 -0.260697655 0.999252075 0.00370691634 -0.0384908899 0.698806333 -0.439362823 0.564473222 0.698806326 -0.439362848 0.564473211 0.944247262 -0.306376395 0.120542994 0.945892407 -0.245214845 0.212502316 0.931658018 -0.349725657 0.0985154938 0.669272831 -0.584264711 0.459030092 0.669272831 -0.584264711 0.459030092 0.669272821 -0.584264732 0.45903008 0.483164228 -0.682876386 0.547934458 0.437433076 -0.63858373 0.633137523 0.43836294 -0.670740228 0.598285449 0.857523441 -0.131159793 0.497444125 0.830739643 -0.15766758 0.533865695 0.976491027 -0.133253101 0.169436965 0.000965646219 -0.58918101 0.808000498 0.279124796 -0.655845446 0.701395822 -0.419158156 -0.641620482 0.642362512 -0.392306561 -0.715329952 0.578272101 0.344350489 -0.688577268 0.638188128 0.344350489 -0.688577268 0.638188128 0.344350516 -0.688577261 0.638188122 0.208457973 -0.781587837 0.587933437 0.208457973 -0.781587837 0.587933437 0.208457987 -0.781587834 0.587933435 0.497623685 -0.734882535 0.46078013 0.497623685 -0.734882535 0.46078013 0.497623685 -0.734882535 0.46078013 0.343014505 -0.82498093 0.449163126 0.34301449 -0.824980953 0.449163096 0.343014505 -0.82498093 0.449163126 0.993287768 -0.0356857919 -0.110026969 0.839186982 0.272019083 -0.470925501 0.988745986 -0.108654479 -0.10283764 0.988745985 -0.108654486 -0.102837641 0.988745986 -0.108654479 -0.10283764 0.936001768 0.0430161551 -0.349356981 0.943112172 -0.0607520867 -0.326877065 -0.947187344 -0.046264103 -0.317325965 -0.949798803 0.014352728 -0.312531972 -0.889832355 0.0750601163 -0.450071505 -0.936831491 0.0981823167 -0.335718618 -0.990757413 -0.0622685338 -0.120508833 -0.94416568 -0.307601068 0.118037074 -0.935664731 -0.178978316 0.304135288 -0.946728284 -0.264442996 0.183781007 -0.437103273 -0.629999369 0.641904607 -0.443262851 -0.492290617 0.749111469 -0.419158156 -0.641620482 0.642362512 0.000965646219 -0.58918101 0.808000498 -0.176715673 -0.684829809 0.706950991 -0.176715673 -0.684829809 0.706950991 -0.176715682 -0.684829832 0.706950966 -0.862158781 -0.0653072394 -0.502411385 -0.9062568 0.0246782499 -0.42200663 -0.817566963 0.0467800164 -0.573930215 -0.273928848 -0.245829344 -0.929801548 -0.929163325 -0.00364409892 -0.369651507 -0.950745103 0.0168507687 -0.309515428 0.929916467 0.2277476 0.288767027 0.934655265 0.182679888 0.305037038 0.570278809 0.444844474 0.69057619 0.973091906 0.151802704 0.173343823 -0.182658025 0.448327373 0.875007778 0.310077389 0.35993389 0.879942957 0.310077416 0.359933886 0.879942949 0.310077389 0.35993389 0.879942957 -0.687411715 0.338174791 0.64273085 -0.982299141 0.139388479 -0.125136924 -0.926908076 0.212549574 0.309296132 -0.96363859 0.0966021587 -0.249135887 -0.989402739 0.140086983 0.03818189 -0.889577792 0.0158200722 -0.456509668 -0.974628832 0.041500905 -0.219946163 -0.896412864 -0.00457674947 -0.44319638 -0.312151267 -0.391088175 -0.865801147 -0.296056385 -0.222913377 -0.928795049 -0.392311569 -0.143134285 -0.908627652 -0.477179726 -0.113888564 -0.871394804 -0.84096173 -0.0174475459 -0.540813232 -0.952805408 0.0190441132 -0.30298379 0.943103665 0.165146013 0.288586678 0.855225808 0.261141194 0.44765399 0.960891189 0.155420264 0.229200052 -0.215328295 0.441419319 0.871081346 -0.21532828 0.44141932 0.871081348 -0.274633189 0.432088056 0.858997394 -0.663324762 0.363209252 0.654277693 -0.805490476 0.239993961 0.541837606 -0.805490465 0.239993952 0.541837627 -0.988693239 0.134937305 0.0654033882 -0.988693239 0.134937305 0.0654033882 -0.242834788 -0.251510987 -0.936895666 -0.242834802 -0.251510986 -0.936895663 0.202260928 0.543848042 0.814444488 -0.911224627 0.237240842 0.336729064 -0.783547818 0.324682325 0.52974919 -0.920079559 0.253390582 0.29874206 -0.889391275 0.37188139 0.265871005 -0.944188529 0.196780023 0.264169725 -0.979656618 0.163674132 0.116119287 -0.991725874 0.122217 0.0392784508 -0.967922735 0.174795941 0.180477032 -0.967922729 0.174795952 0.180477049 -0.967922729 0.174795952 0.180477049 -0.763519869 0.318296959 0.561893634 -0.763519869 0.318296959 0.561893634 -0.763519869 0.318296959 0.561893634 -0.989416097 0.0798026525 -0.121191266 -0.989176019 0.0898076634 -0.116040455 -0.978426257 0.194200909 0.070484509 -0.925742801 0.276481962 0.257988354 -0.930763991 0.26297223 0.254015747 -0.879466944 0.332913932 0.340156152 -0.919421209 0.297572442 0.257128921 0.86806939 0.347222617 0.354812611 0.911514507 0.305762225 0.275046841 0.882119158 0.360953004 0.302619762 0.852488436 0.3476405 0.390396656 0.896599871 0.325543828 0.300216401 0.911703222 0.310253344 0.26933269 0.97860996 0.180875583 0.098013115 0.969012318 0.15352027 0.19351138 0.990686066 0.110482323 -0.0795912934 -0.857728836 0.392823878 0.331648376 -0.857728842 0.392823886 0.331648349 -0.857728829 0.39282387 0.331648403 0.854697148 0.404415454 0.325485677 0.854697148 0.404415454 0.325485677 0.854697137 0.404415477 0.325485677 0.771861738 0.351003958 0.530118551 0.555673824 0.431121935 0.710887107 -0.812046989 0.345850926 0.470071085 0.94176962 0.162763758 0.2942413 0.90992126 0.282153278 0.304027677 0.962212468 0.246183931 0.11636425 0.986123226 0.0508731022 -0.158028193 0.954313103 -0.0115834017 -0.298583867 0.995730304 0.0784182541 0.0487004991 0.969605634 0.165933713 0.179808003 0.987466128 0.0628402658 -0.144781724 0.990768501 0.133159098 -0.0254250353 0.992237195 0.0938355592 -0.0816102723 0.991164909 0.00213642638 -0.132618096 0.960137596 -0.0851202178 -0.266252408 0.9601376 -0.0851202207 -0.266252394 0.9601376 -0.0851202207 -0.266252394 0.90817072 0.273608641 0.316803179 0.778137115 -0.221797765 -0.58762946 0.925085572 0.247647869 0.287901401 0.959410153 0.17199221 0.223496843 0.999252068 0.0314817596 0.0224544544 0.698807816 -0.269166659 -0.662734447 0.698807816 -0.269166659 -0.662734447 0.944246924 0.0487950975 -0.325602189 0.945892132 -0.0614248725 -0.318614282 0.93165761 0.0895462891 -0.352130033 0.669269475 -0.105400859 -0.735505968 0.669269536 -0.10540087 -0.735505911 0.669269475 -0.105400859 -0.735505968 0.483163639 -0.133087854 -0.865355719 0.437432982 -0.229021326 -0.869598538 0.43836276 -0.182760663 -0.880020813 0.857524005 -0.365219086 -0.362308709 0.830740513 -0.383507204 -0.403475431 0.976490827 -0.0801097643 -0.20012019 0.000964974578 -0.405160283 -0.914245161 0.279124238 -0.279505932 -0.918676272 -0.419158635 -0.235494381 -0.876840028 -0.392311569 -0.143134285 -0.908627652 0.344352563 -0.208399337 -0.915418499 0.344352563 -0.208399337 -0.915418499 0.344352563 -0.208399337 -0.915418499 0.208458694 -0.118371497 -0.970841471 0.208458681 -0.118371469 -0.970841477 0.208458695 -0.118371468 -0.970841474 0.497617124 -0.0316081177 -0.866820699 0.497617147 -0.0316081173 -0.866820686 0.497617145 -0.0316081319 -0.866820687 0.343003189 0.0235025853 -0.93904017 0.343003189 0.0235025853 -0.93904017 0.343003189 0.0235025853 -0.93904017 0.993287701 0.113129984 0.0241070596 0.839184333 0.271827708 0.471040712 0.988745805 0.143388101 -0.0426800261 0.988745804 0.143388114 -0.0426800161 0.988745803 0.143388116 -0.0426800234 0.936001818 0.281045242 0.211929631 0.943111968 0.313461144 0.110823854 -0.947187487 0.297943755 0.118597572 -0.949798854 0.263483676 0.16869644 -0.889832394 0.352242969 0.29004 -0.936831464 0.241649069 0.252888386 -0.990757548 0.135496938 0.00632936603 -0.944166229 0.0515761527 -0.325407486 -0.93566505 -0.173901223 -0.307065593 -0.946728772 -0.0269388558 -0.320903303 -0.437104196 -0.240907883 -0.866546775 -0.443263143 -0.402606263 -0.800890744 -0.419158635 -0.235494381 -0.876840028 0.000964974578 -0.405160283 -0.914245161 -0.176716881 -0.269825304 -0.946554515 -0.176716881 -0.269825304 -0.946554515 -0.176716881 -0.269825304 -0.946554515 -0.862157823 -0.467756133 -0.194648629 -0.906257152 -0.353128693 -0.232374914 -0.817571941 -0.473641786 -0.327474548 -0.273935934 -0.928143849 -0.252008135 -0.92916157 -0.321953622 -0.181671797 -0.950744624 -0.259623811 -0.169352111 0.929916403 0.363953625 -0.052851137 0.934655597 0.355508898 -0.00568665961 0.570280105 0.820477862 -0.0399584791 0.973091947 0.226021364 -0.0447929203 -0.182662318 0.981941842 0.0492411981 0.310071004 0.942021934 0.128260084 0.310071004 0.942021934 0.128260084 0.310071004 0.942021934 0.128260084 -0.687415142 0.725705387 0.028497605 -0.982299225 -0.0386770955 -0.183282065 -0.926908203 0.374132783 -0.0294252218 -0.963638274 -0.16745783 -0.208228606 -0.989402755 0.103109624 -0.102228148 -0.889577273 -0.387439997 -0.241955625 -0.974628628 -0.169729179 -0.145914508 -0.896412484 -0.386108332 -0.217635051 -0.312151354 -0.945349768 -0.0942090718 -0.296062599 -0.915814422 -0.271350111 -0.392312474 -0.858461512 -0.330355499 -0.477180598 -0.811594095 -0.337066317 -0.840966052 -0.477075375 -0.255294314 -0.95280501 -0.252870338 -0.167985731 0.943103515 0.332496825 0.00127322628 0.855227228 0.518247982 -0.00232766341 0.960891146 0.27620338 -0.0199974409 -0.21533312 0.975087157 0.053260525 -0.215333106 0.97508716 0.0532605325 -0.274637536 0.959956341 0.0552996196 -0.663326813 0.748223915 0.0125901602 -0.805490503 0.589242091 0.0630777899 -0.805490503 0.589242091 0.0630777899 -0.988693266 0.124109015 -0.0841580525 -0.988693265 0.124109016 -0.0841580598 -0.242842633 -0.937128397 -0.250634842 -0.242842633 -0.937128397 -0.250634842 0.202263147 0.977253156 -0.0637643139 -0.911224677 0.410236221 -0.0370921956 -0.783548939 0.621115991 -0.0163090612 -0.920079642 0.385413304 -0.0700716586 -0.889390289 0.416193197 -0.189124659 -0.944188375 0.327168142 -0.0383317002 -0.979656611 0.182399239 -0.083686574 -0.991725887 0.0951241054 -0.0862042329 -0.967922785 0.243695365 -0.0611395976 -0.967922782 0.243695379 -0.0611395948 -0.967922785 0.243695365 -0.0611395976 -0.763521189 0.645761086 0.0052928767 -0.763521189 0.645761086 0.0052928767 -0.763521189 0.645761086 0.0052928767 -0.989416053 -0.0650535348 -0.129707026 -0.989175953 -0.055590361 -0.135796336 -0.978426226 0.158141824 -0.132940902 -0.925742815 0.361665345 -0.110446453 -0.930764002 0.351470066 -0.10073314 -0.879466987 0.461040683 -0.11823412 -0.919421271 0.371466155 -0.129141091 0.868068996 0.480888906 -0.123296708 0.911514325 0.391079184 -0.127274138 0.882118594 0.442554148 -0.161284256 0.852488291 0.511913884 -0.105867314 0.896599813 0.422767061 -0.131821042 0.911703337 0.388375505 -0.134020491 0.978610005 0.17531963 -0.107635892 0.969012373 0.244345764 -0.0361962495 0.990686162 -0.0136860366 -0.135475537 -0.857728865 0.483627753 -0.174371415 -0.857728865 0.483627753 -0.174371415 -0.857728865 0.483627753 -0.174371415 0.85469646 0.484087687 -0.187491529 0.85469646 0.484087687 -0.187491529 0.854696471 0.484087664 -0.187491537 0.771863289 0.634596252 -0.0389186492 0.555677064 0.83120511 -0.0179183034 -0.812048222 0.580017225 -0.0644802577 0.941769441 0.336202809 0.00616367227 0.909921227 0.404372516 -0.0923375849 0.962212539 0.223866238 -0.155019148 0.986123172 -0.1114203 -0.123071553 0.95431339 -0.264372093 -0.139260011 0.995730242 0.0813859821 -0.043561525 0.96960601 0.238683565 -0.0537990735 0.987466128 -0.0939647836 -0.126811932 0.99076852 0.0445603461 -0.128031696 0.992237233 -0.0237586963 -0.122068824 0.99116494 -0.113782311 -0.0681589869 0.960138016 -0.273140119 -0.0594093005 0.960138016 -0.273140119 -0.0594093005 0.960138016 -0.273140119 -0.0594093005 0.908170864 0.411163692 -0.0785499893 0.778136317 -0.619801994 -0.101731808 0.925085726 0.373153606 -0.070517983 0.959410142 0.279550107 -0.0372010342 0.999252081 0.0351869648 -0.0160360698 0.69880689 -0.70852916 -0.0982616933 0.69880692 -0.708529131 -0.0982616874 0.944246989 -0.257582088 -0.205058754 0.945892271 -0.306640163 -0.106111367 0.931657693 -0.260180634 -0.253613844 0.669271501 -0.68966557 -0.276472529 0.669271534 -0.689665543 -0.276472518 0.669271534 -0.689665543 -0.276472518 0.483163905 -0.815963946 -0.317420037 0.437432523 -0.867605597 -0.236459966 0.438362413 -0.85350115 -0.281734242 0.857522784 -0.496380469 0.135133657 0.830738948 -0.541176263 0.130388086 0.976490846 -0.213363917 -0.0306833456 0.000965802331 -0.994339665 -0.106243576 0.279125315 -0.93534955 -0.217279264 -0.419158445 -0.877112921 -0.234476271 -0.392312474 -0.858461512 -0.330355499 0.344352391 -0.896975391 -0.277230191 0.344352391 -0.896975389 -0.277230198 0.344352417 -0.896975379 -0.277230195 0.20846007 -0.899959174 -0.382907148 0.208460055 -0.899959177 -0.382907149 0.208460069 -0.899959169 -0.382907162 0.497622155 -0.766490082 -0.406035891 0.497622155 -0.766490082 -0.406035891 0.497622159 -0.766490093 -0.406035865 0.343010857 -0.801478908 -0.489872547 0.343010853 -0.801478895 -0.489872571 0.343010857 -0.801478908 -0.489872547 0.993287714 0.077442469 -0.0859196215 0.839185985 0.543844528 0.000110823939 0.988745854 0.0347319011 -0.145517459 0.988745854 0.0347319011 -0.145517459 0.988745852 0.0347319045 -0.145517473 0.936001717 0.324059553 -0.137427046 0.943111781 0.252707417 -0.216053536 -0.947187352 0.251680425 -0.198728671 -0.949798816 0.277837155 -0.143835755 -0.889832441 0.42730334 -0.160031503 -0.936831543 0.33983198 -0.0828304582 -0.9907575 0.0732298613 -0.114179527 -0.944166246 -0.256022852 -0.207370199 -0.935665209 -0.352876791 -0.00293040229 -0.946728824 -0.291379515 -0.137122249 -0.437103184 -0.870905981 -0.224641 -0.443263095 -0.894894861 -0.0517785272 -0.419158445 -0.877112921 -0.234476271 0.000965802331 -0.994339665 -0.106243576 -0.176716515 -0.954652821 -0.239602306 -0.176716515 -0.954652821 -0.239602306 -0.176716529 -0.954652818 -0.239602306 -0.862158249 -0.307763876 -0.402448195 -0.906257054 -0.189631217 -0.377807033 -0.81757051 -0.246450063 -0.5204237 -0.273933872 -0.677793372 -0.682316919 -0.929162285 -0.187983181 -0.318307669 -0.950744921 -0.140164459 -0.276474266 0.929916328 0.341618927 0.136206212 0.934655887 0.310722568 0.172828985 0.57028028 0.730533832 0.375633761 0.973091904 0.218136905 0.0742188382 -0.182660177 0.825766447 0.533615063 0.310071897 0.75168498 0.582086858 0.310071901 0.751684995 0.582086836 0.310071897 0.75168498 0.582086858 -0.687413868 0.614231724 0.38753266 -0.982299034 0.0581442783 -0.178066981 -0.926908154 0.338721242 0.161583399 -0.963638329 -0.0409086348 -0.264059946 -0.989402718 0.140409847 -0.036977522 -0.889577926 -0.21455439 -0.403258635 -0.974628661 -0.074032691 -0.21123005 -0.896412377 -0.225562651 -0.381531572 -0.31215207 -0.771592727 -0.554261444 -0.296061112 -0.657444519 -0.692902968 -0.392313563 -0.578271369 -0.715326703 -0.477181758 -0.534327388 -0.697704674 -0.840964411 -0.28551405 -0.459630925 -0.952805298 -0.134999001 -0.271914205 0.94310344 0.28731436 0.16735101 0.855228365 0.449978351 0.257106839 0.960891116 0.249198053 0.120783252 -0.215331064 0.817820485 0.533668611 -0.21533105 0.817820488 0.533668613 -0.274635685 0.80369735 0.527869123 -0.663327436 0.641685464 0.385014906 -0.805490704 0.478759595 0.349247728 -0.805490683 0.478759618 0.349247745 -0.988693229 0.149560886 -0.0108277566 -0.988693227 0.1495609 -0.010827754 -0.242840388 -0.686260877 -0.685619833 -0.242840388 -0.686260877 -0.685619833 0.202263751 0.878208196 0.433404822 -0.911224679 0.373821034 0.172995432 -0.783548995 0.546056647 0.296433991 -0.920079635 0.368813533 0.132022888 -0.889391371 0.454994077 0.0443100215 -0.944188586 0.302501292 0.130387432 -0.979656637 0.199805527 0.0187249603 -0.991725887 0.125482057 -0.0270927763 -0.967922802 0.241616121 0.0688991924 -0.967922802 0.241616121 0.0688991924 -0.967922799 0.241616134 0.0688991947 -0.763521285 0.556598929 0.327464319 -0.763521257 0.55659895 0.327464348 -0.763521257 0.55659895 0.327464348 -0.989416078 0.00851542344 -0.144856181 -0.989175959 0.0197554273 -0.145398232 -0.978426245 0.203425198 -0.0360592928 -0.925742768 0.36843465 0.0851835445 -0.930764104 0.354748294 0.0884976266 -0.879467316 0.458389397 0.128126504 -0.919421447 0.386269272 0.0738935143 0.868069429 0.478109758 0.133665725 0.91151449 0.402321285 0.0853165764 0.882119281 0.463904103 0.0815999811 0.852488436 0.496263823 0.164273197 0.896599788 0.432037581 0.0972231846 0.911703232 0.403353551 0.0781225289 0.978609947 0.205649476 -0.00555570307 0.969012301 0.229708081 0.0908259762 0.990686133 0.055885253 -0.124168531 -0.857728766 0.506019822 0.0908036551 -0.857728766 0.506019822 0.0908036551 -0.85772875 0.506019848 0.0908036597 0.854697372 0.512976565 0.0796708576 0.854697372 0.512976565 0.0796708576 0.854697372 0.512976565 0.0796708576 0.77186346 0.569035653 0.283593413 0.555678027 0.728803381 0.400084443 -0.812048303 0.534549627 0.234167141 0.941769323 0.288078705 0.173439334 0.909921236 0.396365759 0.122219183 0.96221242 0.271383833 -0.0223175558 0.986123185 -0.0349564832 -0.162293279 0.954313424 -0.15932268 -0.25278879 0.995730227 0.0922632652 0.00296737667 0.969606077 0.233605442 0.0727499283 0.987466155 -0.0179695463 -0.15680462 0.990768498 0.102606362 -0.0885986349 0.992237215 0.0404587442 -0.117594211 0.991164924 -0.0644588214 -0.115918737 0.96013798 -0.206841597 -0.188020247 0.960137978 -0.206841593 -0.188020261 0.960137977 -0.20684161 -0.188020249 0.908170883 0.395353294 0.137555152 0.778135538 -0.485898933 -0.39800416 0.925085659 0.358419729 0.125506261 0.959410173 0.260698028 0.107557693 0.999252053 0.0384916224 0.00370539026 0.698806043 -0.564473884 -0.439362434 0.698806043 -0.564473884 -0.439362434 0.944246991 -0.120543264 -0.306377123 0.945892204 -0.212502468 -0.245215498 0.931657579 -0.0985158255 -0.349726733 0.669271988 -0.459031231 -0.584264782 0.669271988 -0.459031231 -0.584264782 0.669271978 -0.459031219 -0.584264803 0.483164645 -0.54793519 -0.682875504 0.437433554 -0.633137965 -0.638582965 0.438363461 -0.59828597 -0.670739423 0.857523471 -0.497444057 -0.131159848 0.830739701 -0.533865633 -0.157667481 0.976490846 -0.169437158 -0.133254179 0.000965034455 -0.808001457 -0.589179696 0.279124814 -0.701397134 -0.655844036 -0.41915936 -0.642363668 -0.641618539 -0.392313563 -0.578271369 -0.715326703 0.344352155 -0.638188707 -0.688575899 0.344352155 -0.638188707 -0.688575899 0.344352155 -0.638188707 -0.688575899 0.2084585 -0.587933827 -0.781587403 0.2084585 -0.587933827 -0.781587403 0.208458515 -0.587933825 -0.7815874 0.497619686 -0.460782601 -0.734883694 0.497619708 -0.460782594 -0.734883683 0.497619686 -0.460782601 -0.734883694 0.343010141 -0.44916568 -0.824981354 0.343010141 -0.44916568 -0.824981354 0.343010126 -0.44916565 -0.824981377 0.993287712 0.110026897 -0.0356875728 0.839187313 0.470926223 0.272016812 0.98874582 0.102837763 -0.108655874 0.98874582 0.102837763 -0.108655874 0.988745819 0.102837764 -0.108655881 0.936001787 0.349357191 0.043014049 0.943111974 0.326877259 -0.0607541067 -0.947187436 0.31732577 -0.0462635463 -0.949798884 0.312531697 0.0143533521 -0.889832373 0.450071402 0.0750605192 -0.936831431 0.335718646 0.0981827892 -0.990757527 0.120508464 -0.0622674244 -0.944166157 -0.118037609 -0.307599401 -0.935665012 -0.304135597 -0.178976325 -0.946728694 -0.183781472 -0.264441206 -0.437104818 -0.641905338 -0.629997551 -0.443263562 -0.749112274 -0.492288753 -0.41915936 -0.642363668 -0.641618539 0.000965034455 -0.808001457 -0.589179696 -0.176717799 -0.70695264 -0.684827558 -0.176717793 -0.706952607 -0.684827594 -0.176717799 -0.70695264 -0.684827558 -0.862158999 0.502411143 -0.06530623 -0.906257632 0.422004801 0.0246789806 -0.817572147 0.573922777 0.046780662 -0.273934434 0.929800223 -0.245828133 -0.929162709 0.369653062 -0.00364339319 -0.950745123 0.309515296 0.0168520549 0.929916766 -0.288766816 0.227746647 0.934656374 -0.305034705 0.182678107 0.570279512 -0.69057565 0.444844412 0.973092278 -0.17334273 0.151801571 -0.182662742 -0.875006762 0.448327436 0.31006977 -0.879945098 0.35993522 0.310069797 -0.87994509 0.359935217 0.31006977 -0.879945098 0.35993522 -0.687411654 -0.642730508 0.338175565 -0.98229919 0.125135857 0.139389091 -0.926907542 -0.309296844 0.212550865 -0.963638462 0.249136041 0.0966030464 -0.989402505 -0.0381824783 0.140088475 -0.889578644 0.456507986 0.0158207183 -0.974628785 0.21994619 0.041501865 -0.896412788 0.443196539 -0.00457615592 -0.312154169 0.8658005 -0.391087291 -0.296061675 0.928793582 -0.222912463 -0.392313885 0.908626634 -0.143134396 -0.477182034 0.871393519 -0.113888725 -0.840965903 0.540806797 -0.0174458855 -0.952805475 0.302983494 0.0190454497 0.943103951 -0.288586407 0.165144857 0.855229103 -0.447649355 0.261138346 0.960891537 -0.22919941 0.155419058 -0.215333607 -0.871080071 0.441419242 -0.215333578 -0.871080077 0.441419245 -0.274637868 -0.858995932 0.432087988 -0.663327621 -0.654274971 0.363208933 -0.805489635 -0.541838239 0.239995357 -0.805489635 -0.541838239 0.239995357 -0.988693024 -0.0654040155 0.134938573 -0.988693024 -0.0654040155 0.134938573 -0.242840922 0.936894399 -0.251509785 -0.242840919 0.936894393 -0.251509811 0.202261581 -0.814443931 0.543848634 -0.911224151 -0.336729586 0.237241927 -0.783548098 -0.5297483 0.324683101 -0.920079188 -0.29874245 0.253391469 -0.889390787 -0.265871077 0.371882506 -0.944188156 -0.264170223 0.196781146 -0.979656428 -0.116119425 0.163675174 -0.991725733 -0.0392785509 0.122218105 -0.9679225 -0.180477087 0.174797185 -0.967922497 -0.180477101 0.174797182 -0.9679225 -0.180477087 0.174797185 -0.763520226 -0.561892582 0.31829796 -0.763520226 -0.561892582 0.31829796 -0.763520216 -0.56189258 0.318297986 -0.989416064 0.121190817 0.0798037447 -0.989175957 0.116040139 0.0898087506 -0.978426014 -0.0704849599 0.194201971 -0.925742325 -0.257988915 0.276483032 -0.9307636 -0.254015958 0.262973411 -0.879466668 -0.340156076 0.332914738 -0.919420916 -0.257128844 0.297573414 0.868069976 -0.354812274 0.347221495 0.911514792 -0.275046834 0.305761384 0.88211991 -0.302619 0.360951806 0.85248901 -0.390396077 0.347639743 0.896600408 -0.300215705 0.325542991 0.911703704 -0.269332285 0.310252278 0.97861024 -0.0980126114 0.180874339 0.969012651 -0.193510745 0.153518968 0.990686203 0.0795908983 0.110481381 -0.857728261 -0.331648347 0.392825158 -0.857728284 -0.331648345 0.392825109 -0.857728272 -0.331648346 0.392825133 0.854698 -0.325484664 0.404414469 0.854697978 -0.325484707 0.404414481 0.854697984 -0.32548468 0.404414489 0.771864015 -0.53011642 0.35100217 0.55567739 -0.710885412 0.431120133 -0.812047824 -0.470069595 0.34585099 0.941769825 -0.294241259 0.162762645 0.909921692 -0.304027226 0.282152372 0.962212805 -0.116363729 0.246182858 0.986123164 0.158028861 0.0508722412 0.954313142 0.298583699 -0.0115845463 0.995730375 -0.0487004684 0.0784173782 0.969606339 -0.179805612 0.165932183 0.987466136 0.144782187 0.0628390686 0.990768644 0.0254257691 0.133157893 0.992237257 0.081611022 0.0938342497 0.99116484 0.132618628 0.00213520923 0.960137498 0.266252387 -0.0851213897 0.960137502 0.266252373 -0.0851213926 0.960137498 0.266252387 -0.0851213897 0.908171349 -0.316802359 0.273607503 0.778135552 0.587630918 -0.221799385 0.925086146 -0.287900835 0.247646386 0.959410465 -0.223496086 0.171991451 0.999252115 -0.0224540066 0.0314806164 0.698806027 0.662735751 -0.269168088 0.698806027 0.662735751 -0.269168088 0.944246817 0.325602652 0.0487940729 0.945891962 0.318614585 -0.061425915 0.931657521 0.352130578 0.0895450753 0.669271675 0.735503915 -0.105401212 0.669271675 0.735503915 -0.105401212 0.669271675 0.735503915 -0.105401212 0.483162847 0.865355968 -0.13308911 0.437431499 0.869598742 -0.229023386 0.438361388 0.880021142 -0.18276237 0.857522629 0.362310748 -0.365220294 0.830738755 0.403477827 -0.383508494 0.976490605 0.200120805 -0.0801109407 0.000964701647 0.914244987 -0.405160676 0.279125484 0.918675799 -0.279506245 -0.419160062 0.876839459 -0.23549396 -0.392313885 0.908626634 -0.143134396 0.344352717 0.91541828 -0.208400044 0.344352713 0.915418276 -0.208400071 0.344352717 0.91541828 -0.208400044 0.208459756 0.970841107 -0.118372608 0.208459756 0.970841107 -0.118372608 0.208459756 0.970841107 -0.118372608 0.4976211 0.866818407 -0.0316083958 0.497621147 0.866818379 -0.0316084073 0.497621149 0.866818379 -0.0316083927 0.343011763 0.939037071 0.0235012852 0.343011762 0.939037071 0.0235012705 0.343011762 0.939037071 0.0235012705 0.993287848 -0.0241065206 0.113128806 0.839188043 -0.471035769 0.271824819 0.98874595 0.0426804752 0.143386968 0.98874595 0.0426804826 0.143386969 0.988745952 0.0426804779 0.143386953 0.936002237 -0.211929179 0.281044188 0.943112439 -0.110823261 0.313459937 -0.947187052 -0.118597914 0.297945 -0.949798458 -0.16869674 0.263484913 -0.889831797 -0.290040431 0.352244123 -0.936831079 -0.252888535 0.241650403 -0.990757382 -0.00632975704 0.135498132 -0.944166291 0.325407168 0.0515770193 -0.93566533 0.307065236 -0.17390035 -0.946728907 0.320902977 -0.0269380007 -0.437105522 0.866546199 -0.240907549 -0.443264967 0.800889971 -0.402605792 -0.419160062 0.876839459 -0.23549396 0.000964701647 0.914244987 -0.405160676 -0.176720193 0.946553961 -0.269825075 -0.176720193 0.946553961 -0.269825075 -0.176720193 0.946553961 -0.269825075 -0.86215845 0.194648319 -0.467755106 -0.906257715 0.232374107 -0.353127778 -0.817570911 0.327474954 -0.473643283 -0.27394343 0.252007796 -0.928141728 -0.92916197 0.181671211 -0.321952798 -0.950744815 0.169351672 -0.259623396 0.929916528 0.0528515588 0.363953244 0.934656344 0.00568722158 0.355506925 0.570279053 0.039959024 0.820478566 0.973091976 0.0447931497 0.226021194 -0.1826636 -0.0492406063 0.981941634 0.310072824 -0.128259784 0.942021375 0.310072824 -0.128259784 0.942021375 0.310072824 -0.128259784 0.942021375 -0.687411628 -0.0284977166 0.725708712 -0.982299141 0.183282397 -0.0386776481 -0.926907507 0.0294250563 0.37413452 -0.963638374 0.208228428 -0.167457477 -0.989402681 0.102228238 0.103110241 -0.889578587 0.241954318 -0.387437795 -0.974628749 0.145914125 -0.169728813 -0.896412762 0.217634378 -0.386108065 -0.312153845 0.0942078059 -0.945349071 -0.296070109 0.271349767 -0.915812096 -0.392317448 0.330354731 -0.858459534 -0.477186061 0.337065406 -0.811591261 -0.840965092 0.25529461 -0.477076908 -0.952805191 0.16798528 -0.252869952 0.943103919 -0.00127296811 0.33249568 0.855229719 0.00232822435 0.518243869 0.960891456 0.0199977539 0.276202282 -0.215334431 -0.0532599256 0.9750869 -0.215334431 -0.0532599182 0.975086901 -0.27463847 -0.0552990767 0.959956105 -0.663329447 -0.0125897718 0.748221587 -0.805488854 -0.0630782003 0.589244301 -0.805488854 -0.063078204 0.5892443 -0.988693166 0.0841574533 0.124110219 -0.988693166 0.0841574619 0.124110213 -0.242850358 0.250634565 -0.937126469 -0.242850358 0.250634565 -0.937126469 0.202260781 0.0637649313 0.977253606 -0.911224336 0.0370919411 0.410237002 -0.783548455 0.0163090662 0.621116602 -0.920079347 0.0700714316 0.385414049 -0.889391533 0.189123041 0.416191273 -0.944188628 0.0383319592 0.32716738 -0.979656541 0.083686512 0.182399642 -0.991725844 0.0862038768 0.0951248759 -0.967922658 0.0611392446 0.243695958 -0.967922662 0.0611392474 0.243695944 -0.967922666 0.0611392429 0.243695929 -0.763520569 -0.00529278896 0.645761819 -0.763520569 -0.00529278896 0.645761819 -0.763520569 -0.00529278896 0.645761819 -0.989416144 0.129706631 -0.0650529345 -0.989176055 0.13579588 -0.0555896664 -0.978426189 0.132940614 0.158142298 -0.925742592 0.110446174 0.361666002 -0.930763835 0.100732849 0.35147059 -0.879467123 0.118233786 0.46104051 -0.919421293 0.129140733 0.371466226 0.868069647 0.12329693 0.480887674 0.911514828 0.127274431 0.391077918 0.882119473 0.161284441 0.442552329 0.852488804 0.105867328 0.511913028 0.896600097 0.131821314 0.422766375 0.911703581 0.134020604 0.388374894 0.978610083 0.10763613 0.175319048 0.969012429 0.0361966134 0.244345488 0.990686193 0.135475435 -0.0136847924 -0.857728709 0.174371574 0.483627973 -0.857728709 0.174371574 0.483627973 -0.857728702 0.174371602 0.483627975 0.854697545 0.187491496 0.484085782 0.854697545 0.187491496 0.484085782 0.854697527 0.187491517 0.484085807 0.77186384 0.0389188699 0.634595567 0.555677564 0.0179184268 0.831204773 -0.812048445 0.0644802414 0.580016915 0.941769824 -0.00616345162 0.336201741 0.909921463 0.0923382862 0.404371824 0.962212588 0.155019512 0.223865778 0.986123074 0.123071844 -0.111420842 0.954313735 0.139259715 -0.264371003 0.995730278 0.0435620819 0.0813852469 0.969606246 0.0537996092 0.238682487 0.987466117 0.126812079 -0.0939646968 0.990768521 0.128031827 0.0445599551 0.992237204 0.122068966 -0.0237591787 0.991164834 0.0681594209 -0.113782977 0.960137688 0.059410188 -0.273141081 0.960137688 0.0594101889 -0.273141081 0.960137688 0.0594101889 -0.273141081 0.908171163 0.0785506481 0.411162904 0.778133877 0.101731241 -0.619805151 0.925086018 0.0705181511 0.37315285 0.95941027 0.0372016778 0.279549581 0.999252096 0.0160366612 0.0351862753 0.698804117 0.0982610363 -0.708531986 0.698804147 0.0982610301 -0.708531957 0.944247151 0.205058333 -0.257581827 0.945892366 0.106111233 -0.306639915 0.931657762 0.25361392 -0.260180309 0.669269677 0.276473128 -0.6896671 0.669269679 0.276473114 -0.689667104 0.669269677 0.276473128 -0.6896671 0.48316288 0.317419685 -0.81596469 0.437431388 0.236460729 -0.867605962 0.43836116 0.281733516 -0.853502033 0.85752285 -0.135133531 -0.496380388 0.830739142 -0.130388012 -0.541175983 0.9764906 0.0306833437 -0.213365042 0.000965041959 0.106243414 -0.994339683 0.279126327 0.217278586 -0.935349405 -0.419159909 0.234476009 -0.877112291 -0.392317448 0.330354731 -0.858459534 0.344351945 0.277228979 -0.896975937 0.344351944 0.277228993 -0.896975933 0.344351944 0.277228986 -0.896975935 0.208456802 0.382907766 -0.899959668 0.20845679 0.38290774 -0.899959682 0.208456802 0.382907766 -0.899959668 0.497618956 0.406036819 -0.766491667 0.497618934 0.406036825 -0.766491679 0.497618934 0.406036825 -0.766491679 0.343009036 0.489872315 -0.801479829 0.343009036 0.489872315 -0.801479829 0.343009032 0.489872339 -0.801479816 0.993287745 0.0859198853 0.0774417835 0.839188724 -0.000110257716 0.543840301 0.988745821 0.145517857 0.0347311666 0.988745821 0.145517857 0.0347311666 0.988745821 0.145517857 0.0347311657 0.936001979 0.137427477 0.324058612 0.943112133 0.216053271 0.25270633 -0.947187368 0.198727951 0.251680932 -0.949798673 0.143835386 0.277837834 -0.889832141 0.160031267 0.427304053 -0.936831207 0.0828302599 0.339832957 -0.99075751 0.114179163 0.0732302903 -0.944166494 0.207369824 -0.25602224 -0.935665443 0.0029301041 -0.352876172 -0.946729073 0.137121893 -0.291378875 -0.437105321 0.224640871 -0.870904942 -0.443264941 0.0517781379 -0.89489397 -0.419159909 0.234476009 -0.877112291 0.000965041959 0.106243414 -0.994339683 -0.176719481 0.239601294 -0.954652526 -0.176719466 0.239601295 -0.954652528 -0.176719466 0.239601295 -0.954652528 -0.862158041 0.402448249 -0.307764391 -0.906256861 0.3778075 -0.189631207 -0.817572563 0.520421251 -0.246448425 -0.273928494 0.682317181 -0.677795283 -0.929162325 0.318307626 -0.187983054 -0.950744754 0.27647467 -0.140164794 0.929916385 -0.136206102 0.341618815 0.934655755 -0.172829199 0.310722846 0.570280457 -0.375633546 0.730533804 0.973091984 -0.0742185424 0.218136651 -0.182663415 -0.533614777 0.825765915 0.310067537 -0.582087701 0.751686125 0.310067537 -0.582087701 0.751686125 0.310067533 -0.582087723 0.75168611 -0.687413112 -0.387533151 0.614232261 -0.982299329 0.178064824 0.0581459118 -0.926907779 -0.161583897 0.338722029 -0.963638458 0.264059555 -0.0409081056 -0.989402628 0.0369764488 0.140410764 -0.889577121 0.403260041 -0.214555086 -0.974628694 0.211229937 -0.0740325742 -0.896412407 0.381531589 -0.225562505 -0.312152351 0.554262208 -0.771592065 -0.296055863 0.692903414 -0.657446412 -0.392309852 0.715327493 -0.57827291 -0.477177572 0.697706009 -0.534329384 -0.840966405 0.459628534 -0.285512024 -0.952805102 0.271914689 -0.134999405 0.943103558 -0.16735076 0.287314119 0.855227651 -0.257107478 0.449979344 0.960891186 -0.120783079 0.249197864 -0.215334436 -0.533668223 0.817819851 -0.215334436 -0.533668223 0.817819851 -0.274638671 -0.527868722 0.803696592 -0.663329128 -0.385014162 0.641684162 -0.805489874 -0.349248393 0.478760506 -0.805489868 -0.34924842 0.478760498 -0.988693143 0.0108273458 0.149561481 -0.988693143 0.0108273458 0.149561481 -0.242834882 0.685620001 -0.686262657 -0.242834868 0.685620003 -0.68626266 0.202264025 -0.433404707 0.878208189 -0.911224677 -0.172995429 0.37382104 -0.783549463 -0.29643353 0.546056226 -0.920079619 -0.132022804 0.368813604 -0.889391141 -0.0443101155 0.454994519 -0.944188281 -0.130387927 0.30250203 -0.979656595 -0.0187249898 0.199805732 -0.991725858 0.0270926084 0.125482325 -0.967922718 -0.0688992172 0.241616451 -0.967922722 -0.0688992149 0.241616437 -0.967922718 -0.0688992172 0.241616451 -0.763521898 -0.32746373 0.556598434 -0.763521898 -0.32746373 0.556598434 -0.763521898 -0.32746373 0.556598434 -0.989416089 0.144856089 0.00851561011 -0.989175961 0.145398207 0.0197554817 -0.978426242 0.0360592225 0.203425222 -0.925742727 -0.0851835321 0.368434756 -0.930763956 -0.0884977358 0.354748657 -0.879467336 -0.128126266 0.458389424 -0.919421309 -0.0738937613 0.386269554 0.868069473 -0.133665661 0.478109695 0.911514946 -0.0853160175 0.402320371 0.88211932 -0.0815999942 0.463904027 0.852488855 -0.164272704 0.496263268 0.896599963 -0.097222662 0.432037336 0.911703344 -0.078122283 0.403353345 0.97860999 0.00555584014 0.205649263 0.969012384 -0.0908257096 0.229707837 0.99068615 0.124168277 0.0558855138 -0.857728873 -0.0908037096 0.506019632 -0.857728873 -0.0908037095 0.506019632 -0.857728873 -0.0908037096 0.506019632 0.854697317 -0.0796708316 0.512976661 0.854697317 -0.0796708316 0.512976661 0.854697317 -0.0796708316 0.512976661 0.771863271 -0.283593446 0.569035894 0.555677444 -0.400084468 0.728803812 -0.812048231 -0.234167197 0.534549711 0.941769452 -0.173439047 0.288078454 0.909921346 -0.122218956 0.396365577 0.962212533 0.0223175703 0.271383434 0.986123227 0.162292978 -0.0349566823 0.954313492 0.252788562 -0.159322636 0.99573026 -0.00296715516 0.0922629096 0.969606007 -0.0727503695 0.233605595 0.987466103 0.156804902 -0.0179699389 0.990768519 0.0885985693 0.102606212 0.992237178 0.117594684 0.0404582743 0.991164877 0.115918966 -0.0644591387 0.960137913 0.188020384 -0.206841781 0.96013791 0.188020386 -0.206841795 0.960137913 0.188020384 -0.206841781 0.908171113 -0.137554781 0.395352895 0.77813591 0.39800375 -0.485898674 0.92508582 -0.125506216 0.358419328 0.959410246 -0.107557477 0.260697849 0.999252078 -0.00370522824 0.0384909916 0.698806453 0.439362088 -0.564473646 0.698806479 0.439362094 -0.564473609 0.944246902 0.30637727 -0.120543587 0.945892109 0.245215563 -0.212502814 0.931657574 0.349726676 -0.0985160767 0.669270042 0.584265978 -0.459032546 0.669270042 0.584265978 -0.459032546 0.669270042 0.584265978 -0.459032546 0.483163331 0.682876116 -0.547935586 0.437432165 0.638583658 -0.633138225 0.438361971 0.670739921 -0.598286504 0.857523749 0.131158948 -0.497443815 0.830740112 0.157666416 -0.533865308 0.976490784 0.133254129 -0.169437555 0.00096464848 0.589179438 -0.808001645 0.279123593 0.655844347 -0.701397328 -0.419159059 0.64161834 -0.642364063 -0.392309852 0.715327493 -0.57827291 0.344350046 0.688576448 -0.638189251 0.344350046 0.688576448 -0.638189251 0.344350046 0.688576448 -0.638189251 0.208457226 0.781586995 -0.587934821 0.208457241 0.781586993 -0.587934819 0.208457249 0.781586965 -0.587934853 0.497622354 0.734882477 -0.46078166 0.497622377 0.734882466 -0.460781653 0.497622354 0.734882477 -0.46078166 0.343014031 0.824980161 -0.449164901 0.343014031 0.824980161 -0.449164901 0.343014031 0.824980161 -0.449164901 0.993287725 0.035687701 0.110026742 0.839186453 -0.272017528 0.470927341 0.988745824 0.108656037 0.102837543 0.988745825 0.108656039 0.102837535 0.988745823 0.108656043 0.102837551 0.93600187 -0.043013916 0.349356983 0.943112076 0.0607542425 0.326876939 -0.947187409 0.0462633742 0.317325877 -0.949798769 -0.0143534297 0.312532043 -0.889832335 -0.0750603847 0.450071499 -0.936831491 -0.0981826569 0.335718518 -0.990757508 0.062267331 0.120508671 -0.94416613 0.307599428 -0.118037755 -0.935665001 0.17897615 -0.304135732 -0.946728692 0.264441169 -0.183781534 -0.43710423 0.629997412 -0.641905875 -0.443263453 0.492288805 -0.749112303 -0.419159059 0.64161834 -0.642364063 0.00096464848 0.589179438 -0.808001645 -0.176718534 0.684827725 -0.706952294 -0.176718534 0.684827725 -0.706952294 -0.176718534 0.684827725 -0.706952294 -0.273931409 0.677794183 0.682317103 -0.215333312 -0.817819943 -0.533668536 -0.215333298 -0.817819945 -0.533668538 -0.246845821 -0.812422921 -0.528238714 -0.663325602 -0.6416865 -0.385016338 -0.805489955 -0.478760179 -0.349248655 -0.805489955 -0.478760179 -0.349248655 -0.805489955 -0.478760179 -0.349248655 -0.988693176 -0.149561251 0.0108275206 -0.988693176 -0.149561251 0.0108275243 -0.242837703 0.686261717 0.685619943 -0.242837728 0.686261688 0.685619963 -0.763521437 -0.556598787 -0.327464206 -0.763521442 -0.556598796 -0.327464178 -0.85772869 -0.506019916 -0.0908038537 -0.85772869 -0.506019916 -0.0908038537 -0.85772869 -0.506019916 -0.0908038538 0.854697473 -0.512976438 -0.0796706014 0.854697473 -0.512976438 -0.0796706014 0.854697473 -0.512976438 -0.0796706014 -0.952925249 -0.302580447 -0.0194561751 -0.952925249 -0.302580447 -0.0194561751 -0.999361957 -0.0213289912 0.02864879 -0.999361957 -0.0213289912 0.02864879 -0.999361957 -0.0213289918 0.0286487936 -0.430397779 0.717601791 0.547544904 -0.430397755 0.7176018 0.547544911 -0.20106036 0.807429889 0.554645568 0.986478128 0.159962116 -0.0356794595 0.986478128 0.159962116 -0.0356794595 0.986478128 0.159962116 -0.0356794595 0.698806511 0.564473378 0.439362339 0.698806485 0.564473416 0.439362333 0.830739229 0.533866188 0.15766809 -0.20106036 0.807429889 0.554645568 0.830739229 0.533866188 0.15766809 0.391095129 0.747532063 0.536880261 0.391095129 0.747532063 0.536880261 0.391095129 0.747532063 0.536880261 -0.949798769 -0.0143534297 0.312532043 -0.889832335 -0.0750603847 0.450071499 -0.912106719 -0.0698355692 0.403960798 -0.936831491 -0.0981826569 0.335718518 -0.96682666 -0.120187388 0.225391217 -0.942879228 -0.147255598 0.298821936 -0.926185895 -0.149012427 0.346374054 -0.958687641 -0.11575862 0.259842162 -0.920105177 -0.153898832 0.360168867 -0.967979311 -0.15908043 0.194189263 -0.971960817 -0.159679402 0.172611296 -0.967727341 -0.128943409 0.216511873 -0.985464855 -0.130141609 0.109188737 -0.896608184 -0.118824036 0.426584824 -0.896608184 -0.11882404 0.426584823 -0.896608184 -0.11882404 0.426584823 -0.947187409 0.0462633742 0.317325877 -0.974000779 -0.0897211522 0.208020665 -0.921717928 -0.174982624 0.34614613 -0.893895514 -0.168770787 0.415291743 -0.940907049 -0.196933764 0.275519542 -0.969374209 -0.201770662 0.140008009 -0.891031071 -0.44700284 -0.0790701628 -0.95223141 -0.148016002 0.267107853 -0.954914271 -0.179619765 0.236379939 -0.990650786 -0.066014746 0.119386241 -0.989388297 0.0141191759 0.144607907 -0.990729001 -0.0630446197 0.120338785 -0.197062685 -0.113342279 -0.973817142 -0.202172941 -0.0495162306 -0.978097257 -0.198708872 -0.0939066308 -0.975549245 0.112242313 -0.400201152 -0.909527735 0.112242313 -0.400201152 -0.909527735 0.112242313 -0.400201152 -0.909527735 -0.56045668 -0.164220621 -0.811738811 -0.56045671 -0.164220611 -0.811738792 -0.56045671 -0.164220611 -0.811738792 0.374892699 -0.648493319 -0.662504249 0.374892737 -0.648493343 -0.662504204 0.374892737 -0.648493343 -0.662504204 -0.510774534 -0.459071423 -0.726885688 -0.510774534 -0.459071423 -0.726885688 -0.510774534 -0.459071423 -0.726885688 -0.480151033 -0.386380158 -0.787505783 -0.480151033 -0.386380158 -0.787505783 0.787750306 -0.427728717 -0.443280499 -0.590664793 -0.397288785 -0.702336618 -0.830631748 -0.386764164 -0.400580056 -0.861225596 -0.378651739 -0.338988693 -0.821640121 -0.40591438 -0.400176246 -0.794801994 -0.471230025 -0.382402999 -0.873116937 -0.483336434 -0.0636608684 -0.890931051 -0.449589287 -0.0641196932 -0.890931051 -0.449589287 -0.0641196932 -0.890931051 -0.449589287 -0.0641196932 -0.861225589 -0.37865173 -0.33898872 -0.950328953 -0.236676822 -0.202136002 -0.881333454 -0.3179409 -0.349520997 -0.78224997 -0.426956066 -0.453644687 -0.985625806 -0.139426247 0.0954048886 -0.866585508 0.218591526 -0.448605953 -0.866585508 0.218591526 -0.448605953 -0.866585521 0.218591524 -0.44860593 -0.192853824 -0.159288416 -0.968212065 -0.0184322451 0.0165710461 -0.999692779 -0.0184322469 0.0165710461 -0.999692779 -0.0184322451 0.0165710461 -0.999692779 -0.429969595 -0.319241697 -0.844518138 -0.429969571 -0.319241701 -0.844518149 -0.429969565 -0.319241726 -0.844518143 -0.521962724 0.109225997 -0.845945977 -0.521962724 0.109225997 -0.845945977 -0.521962724 0.109225997 -0.845945977 -0.377706776 -0.00456477933 -0.92591401 -0.377706776 -0.00456477933 -0.92591401 -0.377706801 -0.00456477928 -0.925914 -0.574853163 0.716887677 -0.394481811 -0.530210153 0.712008912 -0.460348241 -0.419159059 0.64161834 -0.642364063 -0.43710423 0.629997412 -0.641905875 -0.946728692 0.264441169 -0.183781534 -0.924996643 0.379973136 0.00127530961 -0.94416613 0.307599428 -0.118037755 -0.776149716 0.623686832 -0.0927704432 -0.776149716 0.623686832 -0.0927704432 -0.776149716 0.623686832 -0.0927704432 -0.963662396 -0.0612467062 -0.260006977 -0.963662399 -0.061246709 -0.260006963 -0.963662399 -0.061246709 -0.260006963 -0.972300993 -0.106637447 -0.207988544 -0.97230099 -0.106637444 -0.207988558 -0.972300993 -0.106637447 -0.207988544 -0.857573458 -0.0207652855 0.513942182 -0.990757508 0.062267331 0.120508671 -0.96817615 0.102947629 0.228115604 -0.968176145 0.10294764 0.22811562 -0.968176148 0.102947643 0.228115606 0.959410246 -0.107557477 0.260697849 0.993856673 -0.100863248 0.0455578568 0.999252078 -0.00370522824 0.0384909916 0.968316961 -0.0504369577 0.244577955 0.882400982 0.469405799 -0.032042192 0.931657574 0.349726676 -0.0985160767 0.776046281 0.623764962 -0.0931098399 0.944246902 0.30637727 -0.120543587 0.438361971 0.670739921 -0.598286504 0.530106088 0.711973538 -0.460522764 0.483163331 0.682876116 -0.547935586 0.574748569 0.71686188 -0.394681045 0.464156156 -0.127115398 -0.876584701 0.485837886 0.0796791689 -0.870409546 0.37763426 -0.00451711653 -0.925943822 0.494974075 -0.0721634093 -0.865905946 0.429887105 -0.319153614 -0.844593422 0.0973132883 -0.0626833859 -0.993277865 0.109044817 -0.192932399 -0.975134 0.0184303269 0.0165736635 -0.999692771 0.198688908 -0.0938904785 -0.975554866 0.866409606 0.218590622 -0.448946026 0.866409606 0.218590622 -0.448946026 0.866409619 0.21859062 -0.448946003 0.991070477 -0.0400044962 0.127196501 0.966201045 -0.209223864 -0.150601846 0.972687455 -0.109995576 0.20440178 0.94590053 -0.18501384 -0.266537178 0.867082904 -0.142161366 -0.477448827 0.782133709 -0.426828973 -0.453964633 0.877299306 -0.058237906 -0.476397181 0.776046279 0.623764962 -0.0931098543 0.776046279 0.623764962 -0.0931098543 0.377634285 -0.00451713115 -0.925943812 0.377634259 -0.0045171312 -0.925943822 0.0184303269 0.0165736635 -0.999692771 0.0184303269 0.0165736635 -0.999692771 0.985676322 -0.139392019 0.0949318364 0.985676321 -0.139392027 0.094931835 0.985676322 -0.139392019 0.0949318364 0.782133709 -0.426828973 -0.453964633 0.963555344 -0.0611226791 -0.260432557 0.963555348 -0.0611226819 -0.260432543 0.963555344 -0.0611226791 -0.260432557 0.955159038 -0.116552421 0.272188806 0.912766542 -0.117454158 0.391231084 0.938052055 -0.143707815 0.315287815 0.972035371 -0.161427082 0.170553616 0.968051902 -0.159112609 0.19380065 0.920218137 -0.153964202 0.359852199 0.9262876 -0.149002152 0.346106401 0.96688061 -0.123294651 0.223473298 0.93600187 -0.043013916 0.349356983 0.909921346 -0.122218956 0.396365577 0.888047968 -0.150304081 0.434487618 0.908171113 -0.137554781 0.395352895 0.88804798 -0.150304078 0.434487594 0.943112076 0.0607542425 0.326876939 0.973599737 -0.0912305935 0.209237978 0.921810475 -0.174982732 0.34589954 0.894015657 -0.168857747 0.41499767 0.958369012 -0.259523612 0.119064401 0.943558406 -0.329853852 0.0298993473 0.973465889 -0.106913996 0.20232044 -0.0138238858 -0.297398589 -0.95465333 -0.112245187 -0.400219253 -0.909519415 0.560356883 -0.164178432 -0.811816239 0.560356883 -0.164178432 -0.811816239 0.560356888 -0.164178404 -0.811816241 -0.374931693 -0.648562884 -0.662414078 -0.374931719 -0.648562877 -0.662414071 -0.374931719 -0.648562877 -0.662414071 0.510663088 -0.459014648 -0.726999838 0.495923765 -0.423093349 -0.758321593 0.487835737 -0.404146456 -0.773745395 0.48005766 -0.386361951 -0.787571638 0.510663088 -0.459014648 -0.726999838 0.510663088 -0.459014648 -0.726999838 0.794683692 -0.47123017 -0.382648607 0.873069431 -0.483365843 -0.064087682 0.890891941 -0.449604421 -0.0645555142 0.890891941 -0.449604422 -0.0645555124 0.890891941 -0.449604422 -0.0645555124 0.861090195 -0.378684783 -0.339295612 0.861090183 -0.378684807 -0.339295613 0.861090183 -0.378684807 -0.339295613 -0.949798673 0.143835386 0.277837834 -0.889832141 0.160031267 0.427304053 -0.912106234 0.141501046 0.38475924 -0.936831207 0.0828302599 0.339832957 -0.966826559 0.0086101118 0.255288603 -0.942879176 0.0218836786 0.33241535 -0.926185667 0.0441383922 0.374475517 -0.95868754 0.0296710292 0.28290958 -0.92010486 0.0468042966 0.388865535 -0.967979257 -0.0406733898 0.247713207 -0.971960715 -0.0519811107 0.229325822 -0.967727266 -0.00341247217 0.25197677 -0.985464797 -0.0581121242 0.159631183 -0.896608338 0.110387927 0.428844953 -0.896608338 0.110387927 0.428844953 -0.896608338 0.110387927 0.428844953 -0.947187368 0.198727951 0.251680932 -0.974000676 0.0263093828 0.22501222 -0.921717708 0.0215334112 0.387263191 -0.89389495 0.0614863803 0.444039687 -0.940906893 -0.0327900417 0.337074223 -0.969374204 -0.104735165 0.222135541 -0.891031373 -0.426649991 0.155025408 -0.952231165 0.00536823286 0.305330954 -0.954914029 -0.0373653761 0.294521691 -0.990650764 0.00252253012 0.136399052 -0.989388277 0.0845315163 0.118174701 -0.99072898 0.00557111154 0.135738904 -0.197062281 -0.585065912 -0.78667931 -0.202172438 -0.531931967 -0.822298418 -0.19870842 -0.569100555 -0.797896937 0.112242088 -0.801348052 -0.587573837 0.112242073 -0.801348053 -0.587573838 0.112242081 -0.801348052 -0.587573838 -0.560459159 -0.548086839 -0.620875469 -0.560459159 -0.548086839 -0.620875469 -0.560459159 -0.548086839 -0.620875469 0.374891722 -0.892864027 -0.249499552 0.374891722 -0.892864027 -0.249499552 0.374891722 -0.892864029 -0.249499544 -0.510772994 -0.761011445 -0.39996566 -0.510773063 -0.761011401 -0.399965657 -0.510773019 -0.761011424 -0.399965669 -0.48014937 -0.7283688 -0.488810263 -0.480149352 -0.728368823 -0.488810246 0.787750347 -0.592064065 -0.170028041 -0.590663261 -0.695231504 -0.409597448 -0.830631479 -0.535238106 -0.153530179 -0.861225339 -0.49741686 -0.104246743 -0.821640292 -0.551620196 -0.143604976 -0.794802767 -0.599297797 -0.0955547622 -0.873117025 -0.450411623 0.186536941 -0.890930907 -0.421415553 0.169266211 -0.890930904 -0.421415554 0.169266225 -0.890930897 -0.421415577 0.169266204 -0.861225365 -0.497416816 -0.104246738 -0.950328786 -0.306036649 -0.0567165543 -0.881333451 -0.450105474 -0.14372338 -0.782250125 -0.596577013 -0.179389544 -0.985625766 -0.0730444452 0.152336336 -0.866585359 -0.0349968001 -0.4978002 -0.866585359 -0.0349968001 -0.4978002 -0.86658536 -0.0349967928 -0.497800199 -0.192853508 -0.62205331 -0.758852557 -0.0184387331 -0.485500479 -0.874041931 -0.0184387313 -0.485500479 -0.874041931 -0.0184387313 -0.485500479 -0.874041931 -0.429969341 -0.698730713 -0.57175323 -0.429969341 -0.698730713 -0.57175323 -0.429969346 -0.698730728 -0.571753208 -0.521962364 -0.328380272 -0.787224039 -0.521962364 -0.328380272 -0.787224039 -0.521962364 -0.328380272 -0.787224039 -0.377707527 -0.466908927 -0.799583065 -0.377707511 -0.466908897 -0.79958309 -0.377707553 -0.466908921 -0.799583056 -0.574853304 0.423601467 -0.700075335 -0.530210452 0.386443178 -0.754677777 -0.419159909 0.234476009 -0.877112291 -0.437105321 0.224640871 -0.870904942 -0.946729073 0.137121893 -0.291378875 -0.924997017 0.329703649 -0.188880976 -0.944166494 0.207369824 -0.25602224 -0.776149455 0.493744033 -0.392184718 -0.776149455 0.493744033 -0.392184718 -0.776149446 0.493744056 -0.392184708 -0.963662476 -0.1830446 -0.194548981 -0.963662476 -0.1830446 -0.194548981 -0.96366248 -0.183044586 -0.194548979 -0.972301008 -0.196344979 -0.126804571 -0.972301008 -0.196344979 -0.126804571 -0.972301007 -0.196344978 -0.126804579 -0.857573654 0.238987255 0.455469561 -0.99075751 0.114179163 0.0732302903 -0.968176148 0.203212839 0.146080418 -0.968176149 0.20321284 0.14608041 -0.968176149 0.20321284 0.14608041 0.95941027 0.0372016778 0.279549581 0.9938567 -0.0645712494 0.0898855616 0.999252096 0.0160366612 0.0351862753 0.968317124 0.0786092574 0.237028545 0.882400999 0.39049628 -0.262452152 0.931657762 0.25361392 -0.260180309 0.776044988 0.493642459 -0.392519172 0.944247151 0.205058333 -0.257581827 0.43836116 0.281733516 -0.853502033 0.530105898 0.386324813 -0.754811815 0.48316288 0.317419685 -0.81596469 0.574748717 0.423479502 -0.700234977 0.464156123 -0.548377017 -0.695587335 0.485837849 -0.366199702 -0.793636795 0.37763533 -0.466882163 -0.799632793 0.494973764 -0.495448134 -0.713815186 0.429886966 -0.698691807 -0.571862707 0.0973154944 -0.550925826 -0.828860922 0.109044239 -0.654651113 -0.748024915 0.0184346884 -0.485496639 -0.87404415 0.198688343 -0.569088533 -0.797910512 0.866409231 -0.0351673327 -0.498094672 0.866409232 -0.0351673254 -0.498094672 0.866409231 -0.0351673327 -0.498094672 0.991070546 0.0289533111 0.130157131 0.96620099 -0.256494237 -0.0258138391 0.972687521 0.00694196628 0.232014645 0.945900585 -0.293494899 -0.138321465 0.867082978 -0.361839079 -0.342402674 0.782134083 -0.596626482 -0.179730678 0.87729923 -0.28863385 -0.383453467 0.776044964 0.493642482 -0.39251919 0.776044998 0.493642461 -0.392519148 0.377635355 -0.466882157 -0.799632784 0.37763533 -0.466882163 -0.799632793 0.0184346884 -0.485496639 -0.87404415 0.0184346884 -0.485496639 -0.87404415 0.98567642 -0.073251019 0.151908799 0.985676418 -0.0732510214 0.151908813 0.985676423 -0.0732510129 0.151908785 0.782134055 -0.596626519 -0.179730682 0.963555283 -0.183149681 -0.194980541 0.963555283 -0.183149681 -0.194980541 0.963555283 -0.183149681 -0.194980541 0.955159219 0.035157027 0.293998044 0.912766603 0.093897377 0.397542968 0.938052373 0.033189109 0.344900316 0.972035393 -0.0545229002 0.228417269 0.968051998 -0.0408950733 0.247392243 0.920218053 0.046589656 0.388623389 0.926287737 0.0440136082 0.374237665 0.9668807 0.00496059101 0.255180534 0.936001979 0.137427477 0.324058612 0.909921463 0.0923382862 0.404371824 0.888047803 0.0870768917 0.451429633 0.908171163 0.0785506481 0.411162904 0.888047806 0.0870768772 0.451429632 0.943112133 0.216053271 0.25270633 0.973599775 0.0256111169 0.22682052 0.921810507 0.0214103103 0.387049077 0.894015347 0.0612643259 0.443827942 0.958369105 -0.165221619 0.232874376 0.943558634 -0.270711601 0.190820157 0.973466036 0.00856979325 0.228671018 -0.0138245041 -0.734881254 -0.678054883 -0.112245844 -0.801359729 -0.587557193 0.560359333 -0.548088766 -0.620963865 0.560359333 -0.548088766 -0.620963865 0.560359333 -0.548088766 -0.620963865 -0.374930549 -0.892879345 -0.249386362 -0.374930549 -0.892879345 -0.249386362 -0.37493055 -0.892879347 -0.249386355 0.510661927 -0.761018959 -0.400093165 0.495922514 -0.745571003 -0.445179447 0.487834408 -0.736874408 -0.468010361 0.480056322 -0.728385619 -0.488876587 0.510661927 -0.761018959 -0.400093165 0.510661927 -0.761018959 -0.400093165 0.794684822 -0.599420205 -0.0957676951 0.873070076 -0.450649657 0.186181439 0.890892475 -0.42164544 0.168895593 0.890892475 -0.42164544 0.168895593 0.890892475 -0.42164544 0.168895593 0.861090082 -0.497598568 -0.104496585 0.861090082 -0.497598568 -0.104496585 0.861090082 -0.497598568 -0.104496585 -0.949798458 -0.16869674 0.263484913 -0.889831797 -0.290040431 0.352244123 -0.912106188 -0.262460229 0.314923689 -0.936831079 -0.252888535 0.241650403 -0.966826487 -0.216781181 0.135101676 -0.942878992 -0.276938326 0.185160389 -0.926185526 -0.302235935 0.225463548 -0.958687334 -0.230171445 0.16715173 -0.920104772 -0.313365022 0.234967173 -0.967979134 -0.234862696 0.0886335722 -0.971960651 -0.224592472 0.0696470672 -0.967727131 -0.219924513 0.123034174 -0.985464793 -0.16730057 0.0294900236 -0.896607876 -0.316197037 0.310022178 -0.896607876 -0.316197037 0.310022178 -0.896607876 -0.316197037 0.310022178 -0.947187052 -0.118597914 0.297945 -0.974000602 -0.181711441 0.135291464 -0.921717702 -0.324612657 0.212280712 -0.89389506 -0.35380592 0.275268945 -0.940906801 -0.308309681 0.140141117 -0.969374158 -0.244742688 0.0203656365 -0.891031195 -0.347581209 -0.291977247 -0.952231149 -0.261740093 0.157314852 -0.954914024 -0.273745777 0.114901938 -0.990650692 -0.116863807 0.0703850593 -0.989388187 -0.0600767405 0.13229437 -0.990728908 -0.1147679 0.0726949786 -0.197063673 0.388751768 -0.900021095 -0.202173901 0.446166667 -0.871814785 -0.198709834 0.406449494 -0.891803347 0.112242468 0.108179042 -0.987774733 0.112242468 0.108179042 -0.987774733 0.112242468 0.108179042 -0.987774733 -0.560459213 0.263650031 -0.785094982 -0.560459214 0.263650024 -0.785094984 -0.560459214 0.263650024 -0.785094984 0.374890963 -0.230359175 -0.897992994 0.374890963 -0.230359175 -0.897992994 0.374890963 -0.230359175 -0.897992994 -0.510774307 -0.0341252057 -0.859037297 -0.510774308 -0.0341251911 -0.859037297 -0.510774283 -0.034125179 -0.859037312 -0.480150338 0.0591384204 -0.875190436 -0.480150338 0.0591384204 -0.875190436 0.78775024 -0.148783734 -0.597756605 -0.590664921 0.00710630808 -0.80688565 -0.830632622 -0.134658101 -0.540293108 -0.861226491 -0.158428319 -0.482896883 -0.821640793 -0.151444687 -0.549518802 -0.794802019 -0.216895978 -0.566785572 -0.873116975 -0.386751605 -0.296799502 -0.890931001 -0.35729646 -0.280323369 -0.890931014 -0.357296439 -0.280323353 -0.890931014 -0.357296439 -0.280323353 -0.861226491 -0.158428319 -0.482896883 -0.950329092 -0.103900561 -0.293392724 -0.88133381 -0.100584483 -0.461663814 -0.782250327 -0.142932464 -0.606345394 -0.985625757 -0.168449318 0.012911003 -0.866585642 0.413608762 -0.279208018 -0.866585642 0.413608762 -0.279208018 -0.866585642 0.413608762 -0.279208018 -0.192854839 0.346158704 -0.918140056 -0.0184379098 0.514193737 -0.857475856 -0.0184379096 0.514193761 -0.857475842 -0.0184379087 0.514193719 -0.857475867 -0.429970906 0.145786965 -0.89099449 -0.429970882 0.145786967 -0.890994501 -0.429970906 0.145786965 -0.89099449 -0.521963968 0.517565009 -0.677997108 -0.521963968 0.517565009 -0.677997108 -0.521963962 0.517565032 -0.677997094 -0.3777085 0.459003556 -0.804146768 -0.3777085 0.459003556 -0.804146768 -0.3777085 0.459003556 -0.804146768 -0.574853447 0.818083636 0.0168130598 -0.53021074 0.84679159 -0.042668192 -0.419160062 0.876839459 -0.23549396 -0.437105522 0.866546199 -0.240907549 -0.946728907 0.320902977 -0.0269380007 -0.924996662 0.328428096 0.191092025 -0.944166291 0.325407168 0.0515770193 -0.776149345 0.586513916 0.231502959 -0.776149345 0.586513916 0.231502959 -0.776149345 0.586513916 0.231502959 -0.963662716 0.076961802 -0.255794941 -0.963662708 0.0769618066 -0.255794968 -0.963662715 0.0769618057 -0.25579494 -0.972301198 0.0116436043 -0.233441227 -0.972301198 0.0116436024 -0.233441227 -0.972301198 0.0116436024 -0.233441227 -0.857572883 -0.274955025 0.434705055 -0.990757382 -0.00632975704 0.135498132 -0.968175904 -0.0249030325 0.249028628 -0.968175908 -0.0249030319 0.249028614 -0.968175904 -0.0249030344 0.249028628 0.959410465 -0.223496086 0.171991451 0.993856704 -0.110128666 -0.0109785632 0.999252115 -0.0224540066 0.0314806164 0.968317018 -0.165968762 0.18659186 0.882401121 0.422538513 0.20695281 0.931657521 0.352130578 0.0895450753 0.776046891 0.586750684 0.231246313 0.944246817 0.325602652 0.0487940729 0.438361388 0.880021142 -0.18276237 0.530105734 0.846848745 -0.0428382276 0.483162847 0.865355968 -0.13308911 0.574748282 0.818161335 0.0166265577 0.464155657 0.328207215 -0.822702589 0.485837511 0.504209077 -0.713957366 0.377634982 0.459060561 -0.804148756 0.494973395 0.370457477 -0.78597875 0.429886457 0.145901244 -0.891016532 0.0973126723 0.44235276 -0.891546005 0.109043507 0.320482592 -0.940957184 0.0184301853 0.514198464 -0.857473188 0.198687783 0.40646605 -0.891800715 0.866409332 0.41377823 -0.279503927 0.866409332 0.41377823 -0.279503927 0.866409323 0.413778255 -0.279503918 0.991070608 -0.0982427811 0.0901521266 0.966200722 -0.105891601 -0.235038581 0.972687664 -0.197459463 0.122018314 0.945900263 -0.0269578254 -0.323335689 0.867082837 0.115609208 -0.484563582 0.782133763 -0.142662526 -0.606559296 0.877299111 0.187762965 -0.441691452 0.776046891 0.586750684 0.231246313 0.776046891 0.586750684 0.231246313 0.377634982 0.459060561 -0.804148756 0.377634982 0.459060561 -0.804148756 0.0184301836 0.51419844 -0.857473202 0.0184301836 0.51419844 -0.857473202 0.985676421 -0.16818244 0.012516407 0.985676421 -0.168182439 0.0125164033 0.985676421 -0.16818244 0.012516407 0.782133763 -0.142662526 -0.606559296 0.963555084 0.0772830804 -0.256103349 0.963555084 0.0772830804 -0.256103349 0.963555084 0.0772830804 -0.256103349 0.955159312 -0.237031355 0.177445276 0.912766772 -0.29733363 0.280088438 0.93805248 -0.282097871 0.201192287 0.972035539 -0.225076328 0.0669892352 0.968052101 -0.23469547 0.088278912 0.920218383 -0.313262671 0.234658532 0.926287891 -0.302092519 0.225235105 0.966880846 -0.218512457 0.131885313 0.936002237 -0.211929179 0.281044188 0.909921692 -0.304027226 0.282152372 0.888048034 -0.347411404 0.301124568 0.908171349 -0.316802359 0.273607503 0.888048034 -0.347411404 0.301124568 0.943112439 -0.110823261 0.313459937 0.973599952 -0.183626587 0.135589121 0.921810789 -0.324488941 0.212065547 0.894015845 -0.353733756 0.27496927 0.9583691 -0.284285882 -0.0266496935 0.94355855 -0.300610885 -0.13903366 0.973466071 -0.193750131 0.121756704 -0.0138255483 0.219771775 -0.975453341 -0.112247025 0.108159226 -0.987776385 0.560357585 0.263725697 -0.785142111 0.560357584 0.263725712 -0.785142107 0.560357585 0.263725697 -0.785142111 -0.374930948 -0.230464452 -0.897949286 -0.374930948 -0.230464452 -0.897949286 -0.374930948 -0.230464452 -0.897949286 0.510660343 -0.0340185781 -0.859109277 0.49592075 0.0127515644 -0.868274155 0.487832561 0.0368723085 -0.872158143 0.480054322 0.0591875173 -0.875239788 0.510660343 -0.0340185781 -0.859109277 0.510660343 -0.0340185781 -0.859109277 0.794684994 -0.216773305 -0.566996556 0.873069772 -0.386562818 -0.297184052 0.890892125 -0.35709083 -0.280708676 0.890892116 -0.357090852 -0.280708677 0.89089211 -0.357090845 -0.280708705 0.861090061 -0.158302966 -0.483181206 0.861090058 -0.15830298 -0.483181206 0.861090061 -0.158302966 -0.483181206 -0.949798884 0.312531697 0.0143533521 -0.889832373 0.450071402 0.0750605192 -0.912106622 0.403960985 0.0698357588 -0.936831431 0.335718646 0.0981827892 -0.966826748 0.225390834 0.120187401 -0.942879404 0.298821331 0.147255701 -0.92618605 0.346373642 0.149012421 -0.958687694 0.259841972 0.115758605 -0.920105265 0.360168676 0.153898751 -0.967979382 0.194188943 0.15908039 -0.971960863 0.172611093 0.159679341 -0.96772741 0.216511648 0.128943266 -0.985464901 0.109188219 0.130141701 -0.89660869 0.426583882 0.118823603 -0.89660869 0.426583882 0.118823603 -0.89660869 0.426583881 0.118823607 -0.947187436 0.31732577 -0.0462635463 -0.974000835 0.20802047 0.0897210017 -0.921718116 0.346145689 0.174982504 -0.893895558 0.415291683 0.168770697 -0.940907124 0.275519291 0.196933758 -0.96937431 0.140007289 0.201770675 -0.891031693 -0.0790692895 0.447001755 -0.952231443 0.2671077 0.148016067 -0.954914303 0.236379794 0.179619783 -0.990650837 0.119385885 0.0660146203 -0.989388335 0.144607635 -0.0141192655 -0.990729053 0.12033848 0.0630443744 -0.19706206 -0.973817253 0.113342409 -0.202172346 -0.978097401 0.0495158153 -0.198708255 -0.975549371 0.0939066193 0.112243275 -0.909527772 0.4002008 0.112243264 -0.909527753 0.400200846 0.112243264 -0.909527753 0.400200846 -0.560459701 -0.811737159 0.164218476 -0.560459706 -0.811737162 0.164218448 -0.560459701 -0.811737159 0.164218476 0.374890954 -0.662505042 0.648493518 0.374890954 -0.662505042 0.648493518 0.374890928 -0.662505049 0.648493525 -0.510772958 -0.726886315 0.459072184 -0.510772958 -0.726886315 0.459072184 -0.510772958 -0.726886315 0.459072184 -0.480148913 -0.787507229 0.386379847 -0.480148913 -0.787507229 0.386379847 0.787750829 -0.443279646 0.427728636 -0.590663498 -0.702337783 0.397288648 -0.830631941 -0.400579829 0.386763985 -0.861225888 -0.338988206 0.37865151 -0.821640871 -0.400175118 0.405913975 -0.794803419 -0.382401241 0.471229049 -0.873117348 -0.0636603392 0.48333576 -0.890931183 -0.064119241 0.449589091 -0.890931195 -0.0641192367 0.449589068 -0.890931195 -0.0641192358 0.449589068 -0.861225888 -0.338988206 0.37865151 -0.95032881 -0.202136676 0.236676821 -0.881333374 -0.349521129 0.317940977 -0.782250089 -0.453644565 0.426955977 -0.985625879 0.0954044763 0.139426012 -0.866585372 -0.448606092 -0.218591781 -0.866585345 -0.448606138 -0.218591794 -0.86658536 -0.448606115 -0.218591783 -0.192853197 -0.968212083 0.159289065 -0.01842922 -0.999692804 -0.0165728993 -0.0184292218 -0.999692804 -0.0165728992 -0.01842922 -0.999692804 -0.0165728993 -0.429969282 -0.844518155 0.319242075 -0.429969252 -0.844518159 0.319242104 -0.429969258 -0.844518166 0.319242079 -0.521962879 -0.845945768 -0.109226877 -0.521962879 -0.845945767 -0.109226881 -0.521962879 -0.845945768 -0.109226877 -0.377706462 -0.925914142 0.00456411238 -0.377706462 -0.925914142 0.00456411238 -0.377706463 -0.925914141 0.00456409772 -0.57485317 -0.394482062 -0.716887534 -0.5302103 -0.460348262 -0.712008789 -0.41915936 -0.642363668 -0.641618539 -0.437104818 -0.641905338 -0.629997551 -0.946728694 -0.183781472 -0.264441206 -0.92499673 0.00127541394 -0.379972924 -0.944166157 -0.118037609 -0.307599401 -0.776150064 -0.0927700171 -0.623686461 -0.776150064 -0.0927700171 -0.623686461 -0.776150064 -0.0927700171 -0.623686461 -0.963662346 -0.260007251 0.0612463205 -0.963662346 -0.260007251 0.0612463205 -0.96366235 -0.260007237 0.0612463233 -0.972300965 -0.207988894 0.106637021 -0.972300962 -0.207988908 0.106637018 -0.972300965 -0.207988894 0.106637021 -0.857573576 0.513941973 0.0207656161 -0.990757527 0.120508464 -0.0622674244 -0.968176251 0.228115149 -0.102947689 -0.968176251 0.228115149 -0.102947689 -0.968176251 0.228115149 -0.102947689 0.959410173 0.260698028 0.107557693 0.99385664 0.0455580896 0.100863467 0.999252053 0.0384916224 0.00370539026 0.968316684 0.244578998 0.0504372107 0.882400732 -0.0320421523 -0.469406273 0.931657579 -0.0985158255 -0.349726733 0.776044697 -0.0931104891 -0.623766836 0.944246991 -0.120543264 -0.306377123 0.438363461 -0.59828597 -0.670739423 0.530107244 -0.460522312 -0.71197297 0.483164645 -0.54793519 -0.682875504 0.574749515 -0.394680742 -0.716861288 0.464156538 -0.876584513 0.127115299 0.485838494 -0.87040913 -0.0796800138 0.37763505 -0.925943505 0.00451606049 0.494974448 -0.865905761 0.0721630774 0.429887061 -0.844593257 0.319154109 0.0973128669 -0.993277906 0.0626833915 0.109044429 -0.975134062 0.192932304 0.0184301123 -0.999692777 -0.0165735302 0.198688357 -0.97555497 0.0938905636 0.866409828 -0.448945719 -0.218590372 0.866409828 -0.448945719 -0.218590372 0.866409828 -0.448945719 -0.218590372 0.991070452 0.127196672 0.0400045696 0.966200994 -0.150601868 0.209224083 0.972687346 0.204402176 0.109995807 0.945900613 -0.266536741 0.185014044 0.867083149 -0.477448323 0.142161568 0.782133818 -0.45396395 0.426829501 0.87729953 -0.476396724 0.0582382614 0.776044694 -0.0931105035 -0.623766837 0.776044697 -0.0931104891 -0.623766836 0.37763505 -0.925943505 0.00451606049 0.377635074 -0.925943495 0.00451607511 0.0184301142 -0.999692777 -0.0165735302 0.0184301123 -0.999692777 -0.0165735302 0.985676286 0.0949321081 0.13939209 0.985676287 0.0949321009 0.139392089 0.985676287 0.0949321009 0.139392089 0.782133798 -0.453963972 0.426829514 0.963555472 -0.260432092 0.0611226391 0.963555465 -0.260432119 0.0611226335 0.963555468 -0.260432107 0.0611226436 0.955158981 0.27218889 0.116552689 0.912766334 0.39123147 0.117454483 0.938052029 0.315287853 0.143707901 0.972035267 0.170554004 0.161427296 0.968051828 0.193800847 0.159112824 0.920218025 0.35985237 0.153964471 0.926287536 0.34610645 0.149002439 0.966880548 0.223473519 0.123294741 0.936001787 0.349357191 0.043014049 0.909921236 0.396365759 0.122219183 0.888047645 0.434488027 0.150304808 0.908170883 0.395353294 0.137555152 0.888047645 0.434488029 0.150304801 0.943111974 0.326877259 -0.0607541067 0.973599652 0.209238301 0.0912307536 0.921810355 0.345899795 0.174982858 0.894015443 0.414998047 0.168857954 0.958368937 0.119064594 0.259523801 0.943558527 0.0299000932 0.329853438 0.973465824 0.202320612 0.106914267 -0.0138239834 -0.954653447 0.297398207 -0.112245037 -0.909519735 0.40021857 0.560359719 -0.811814661 0.164176556 0.560359719 -0.811814661 0.164176556 0.560359719 -0.811814661 0.164176556 -0.374930415 -0.662414812 0.648562873 -0.374930415 -0.662414812 0.648562873 -0.374930415 -0.662414812 0.648562873 0.510661619 -0.727000288 0.459015568 0.495922047 -0.758322486 0.42309376 0.487833876 -0.773746494 0.404146599 0.480055692 -0.787572893 0.38636184 0.510661619 -0.727000288 0.459015568 0.510661638 -0.727000257 0.459015596 0.794685495 -0.382645982 0.471229262 0.873069927 -0.0640864552 0.483365109 0.89089225 -0.0645543292 0.449603979 0.890892238 -0.0645543344 0.449604002 0.89089225 -0.0645543292 0.449603979 0.861090528 -0.339294689 0.378684852 0.861090517 -0.33929469 0.378684876 0.861090528 -0.339294689 0.378684852 -0.949798816 0.277837155 -0.143835755 -0.889832441 0.42730334 -0.160031503 -0.912106677 0.384758131 -0.141501206 -0.936831543 0.33983198 -0.0828304582 -0.966826772 0.255287791 -0.0086103004 -0.942879388 0.332414734 -0.0218838729 -0.92618596 0.374474767 -0.0441385978 -0.958687695 0.282909032 -0.0296712576 -0.920105341 0.388864406 -0.0468042145 -0.967979414 0.247712655 0.0406730089 -0.971960919 0.22932504 0.051980738 -0.967727403 0.25197625 0.00341206434 -0.985464931 0.159630542 0.0581116128 -0.896608397 0.428844815 -0.110387986 -0.896608397 0.428844815 -0.110387986 -0.896608397 0.428844815 -0.110387986 -0.947187352 0.251680425 -0.198728671 -0.974000858 0.2250114 -0.0263096615 -0.921718132 0.38726217 -0.0215335981 -0.893895689 0.444038221 -0.061486224 -0.940907187 0.337073436 0.0327897067 -0.969374328 0.22213537 0.104734373 -0.891031736 0.155023686 0.426649859 -0.952231498 0.305329915 -0.00536825645 -0.954914368 0.294520591 0.0373653629 -0.990650845 0.136398458 -0.00252281936 -0.989388327 0.118174163 -0.0845316812 -0.990729062 0.1357383 -0.00557130264 -0.197062568 -0.786679803 0.585065151 -0.202172843 -0.822299576 0.531930023 -0.198708764 -0.7978977 0.569099365 0.112243404 -0.587573334 0.801348236 0.112243396 -0.587573335 0.801348237 0.112243413 -0.587573312 0.801348251 -0.560459099 -0.620875716 0.54808662 -0.560459082 -0.620875756 0.548086593 -0.560459082 -0.620875756 0.548086593 0.374888282 -0.249501432 0.892864946 0.374888308 -0.249501436 0.892864934 0.374888308 -0.249501436 0.892864934 -0.510771548 -0.39996688 0.761011774 -0.510771548 -0.39996688 0.761011774 -0.510771548 -0.39996688 0.761011774 -0.480147716 -0.488811797 0.728368861 -0.480147721 -0.488811773 0.728368874 0.787749598 -0.170028351 0.592064972 -0.590661908 -0.409599038 0.695231716 -0.830630926 -0.153531646 0.535238544 -0.861224905 -0.104248167 0.497417313 -0.821640263 -0.14360592 0.551619993 -0.794803443 -0.0955555851 0.599296769 -0.873117185 0.18653501 0.450412114 -0.89093082 0.169264582 0.421416393 -0.89093082 0.169264582 0.421416393 -0.890930809 0.169264575 0.421416417 -0.861224905 -0.104248169 0.497417312 -0.950328947 -0.0567170946 0.306036048 -0.881333499 -0.143723742 0.450105265 -0.782250017 -0.179389819 0.596577073 -0.985625898 0.152335655 0.0730440758 -0.866585336 -0.497800241 0.0349967776 -0.866585348 -0.49780022 0.0349967906 -0.866585347 -0.497800221 0.0349967979 -0.192853722 -0.758852534 0.622053272 -0.0184360431 -0.874043186 0.485498324 -0.0184360431 -0.874043186 0.485498324 -0.0184360431 -0.874043186 0.485498324 -0.429969869 -0.571753084 0.698730508 -0.429969844 -0.571753091 0.698730517 -0.42996985 -0.57175307 0.698730531 -0.521963 -0.787223916 0.328379556 -0.521963007 -0.787223922 0.328379531 -0.521963007 -0.787223922 0.328379531 -0.377707974 -0.799583064 0.466908567 -0.377707948 -0.799583073 0.466908572 -0.377707923 -0.799583082 0.466908577 -0.574853055 -0.700074909 -0.423602511 -0.530209745 -0.754677914 -0.386443879 -0.419158445 -0.877112921 -0.234476271 -0.437103184 -0.870905981 -0.224641 -0.946728824 -0.291379515 -0.137122249 -0.924996727 -0.188881571 -0.329704122 -0.944166246 -0.256022852 -0.207370199 -0.776148584 -0.392185491 -0.493744788 -0.776148584 -0.392185491 -0.493744788 -0.776148584 -0.392185491 -0.493744788 -0.963662487 -0.194549543 0.183043947 -0.963662487 -0.194549543 0.183043947 -0.963662487 -0.194549543 0.183043947 -0.972301055 -0.126805295 0.19634428 -0.972301055 -0.126805288 0.196344282 -0.972301056 -0.126805281 0.196344283 -0.857573185 0.455470328 -0.238987475 -0.9907575 0.0732298613 -0.114179527 -0.968176163 0.14607993 -0.203213119 -0.96817616 0.146079925 -0.203213135 -0.968176166 0.146079928 -0.203213105 0.959410142 0.279550107 -0.0372010342 0.993856626 0.0898860331 0.0645717308 0.999252081 0.0351869648 -0.0160360698 0.968316547 0.237030932 -0.0786091738 0.882401149 -0.262452126 -0.39049596 0.931657693 -0.260180634 -0.253613844 0.776046897 -0.392517484 -0.493640799 0.944246989 -0.257582088 -0.205058754 0.438362413 -0.85350115 -0.281734242 0.530106767 -0.75481064 -0.386325917 0.483163905 -0.815963946 -0.317420037 0.574749327 -0.700233994 -0.4234803 0.464156734 -0.695586815 0.54837716 0.485838585 -0.79363636 0.36619967 0.377635409 -0.799632488 0.46688262 0.494974581 -0.71381469 0.495448032 0.429887359 -0.571862075 0.698692082 0.0973141877 -0.828861593 0.550925049 0.109044763 -0.748024655 0.654651324 0.0184318817 -0.874045448 0.485494408 0.198688992 -0.797910122 0.569088852 0.866409652 -0.498093883 0.0351681502 0.866409651 -0.498093883 0.0351681575 0.866409651 -0.498093884 0.0351681648 0.991070437 0.130158019 -0.0289530327 0.966200973 -0.025812965 0.256494389 0.972687373 0.23201527 -0.00694173945 0.945900602 -0.138320878 0.29349512 0.867082984 -0.342401967 0.361839732 0.782133833 -0.179730303 0.596626923 0.877299332 -0.383452876 0.288634326 0.776046896 -0.392517518 -0.493640774 0.776046897 -0.392517484 -0.493640799 0.377635384 -0.799632497 0.466882625 0.377635409 -0.799632488 0.46688262 0.0184318835 -0.874045448 0.485494408 0.0184318835 -0.874045448 0.485494408 0.985676268 0.151909595 0.0732514078 0.985676268 0.151909595 0.0732514078 0.985676271 0.151909581 0.0732514053 0.782133833 -0.179730303 0.596626923 0.96355549 -0.194979343 0.183149865 0.963555487 -0.194979345 0.183149879 0.96355549 -0.194979343 0.183149865 0.95515893 0.293999011 -0.0351567917 0.912766257 0.397543849 -0.0938970115 0.938052045 0.34490123 -0.0331888851 0.972035289 0.228417577 0.0545234521 0.968051805 0.24739293 0.0408954912 0.920217956 0.388623703 -0.0465889623 0.926287401 0.374238532 -0.0440133086 0.966880564 0.255181059 -0.00496012175 0.936001717 0.324059553 -0.137427046 0.909921227 0.404372516 -0.0923375849 0.888047492 0.451430475 -0.087075707 0.908170864 0.411163692 -0.0785499893 0.888047505 0.45143045 -0.0870756988 0.943111781 0.252707417 -0.216053536 0.973599643 0.226821132 -0.0256107075 0.921810386 0.38704939 -0.0214098704 0.894015494 0.443827754 -0.0612635413 0.958368897 0.232874823 0.165222198 0.943558587 0.190820581 0.270711469 0.973465815 0.22867196 -0.00856975497 -0.0138241069 -0.678054886 0.73488126 -0.112245558 -0.587557304 0.801359688 0.560359613 -0.62096347 0.548088928 0.56035963 -0.62096343 0.548088956 0.560359613 -0.62096347 0.548088928 -0.374927282 -0.249388942 0.892879997 -0.374927282 -0.249388949 0.892879995 -0.374927282 -0.249388949 0.892879995 0.510659771 -0.400093847 0.761020047 0.495920281 -0.445180285 0.745571988 0.487832165 -0.468011407 0.736875228 0.480054027 -0.488877692 0.72838639 0.510659815 -0.400093835 0.761020023 0.51065984 -0.400093844 0.761020002 0.794686386 -0.0957660861 0.599418388 0.873069809 0.186181408 0.450650188 0.890891934 0.168895887 0.421646465 0.890891924 0.16889588 0.421646489 0.890891924 0.16889588 0.421646489 0.86108937 -0.104496786 0.497599757 0.86108937 -0.104496788 0.497599757 0.86108937 -0.104496786 0.497599757 -0.949798854 0.263483676 0.16869644 -0.889832394 0.352242969 0.29004 -0.912106598 0.31492256 0.262460159 -0.936831464 0.241649069 0.252888386 -0.966826714 0.135100442 0.216780938 -0.942879404 0.185158947 0.276937887 -0.926185946 0.225462098 0.302235729 -0.958687737 0.167150032 0.230171001 -0.920105422 0.234965438 0.313364414 -0.96797935 0.0886324013 0.234862247 -0.971960845 0.0696456673 0.224592068 -0.967727348 0.123033059 0.219924183 -0.985464879 0.0294892361 0.1673002 -0.896609008 0.310019944 0.316196018 -0.896609017 0.310019918 0.316196016 -0.896609008 0.310019944 0.316196018 -0.947187487 0.297943755 0.118597572 -0.974000828 0.135290276 0.181711115 -0.921717924 0.212279899 0.324612557 -0.893895863 0.275267173 0.353805271 -0.940907179 0.140139624 0.308309205 -0.96937426 0.0203647937 0.244742355 -0.891031694 -0.291977046 0.3475801 -0.95223142 0.157313968 0.261739639 -0.954914272 0.114901006 0.273745305 -0.990650791 0.0703840875 0.116863552 -0.989388328 0.132293497 0.0600763486 -0.990729002 0.0726938909 0.114767774 -0.197062876 -0.900021356 -0.388751567 -0.202173292 -0.871814807 -0.446166899 -0.198709113 -0.891803451 -0.40644962 0.112242849 -0.987774618 -0.108179694 0.112242849 -0.987774618 -0.108179694 0.112242849 -0.987774618 -0.108179694 -0.560458814 -0.785095059 -0.263650651 -0.560458814 -0.785095059 -0.263650651 -0.560458815 -0.785095061 -0.263650644 0.374891061 -0.897993111 0.230358559 0.374891035 -0.897993121 0.230358561 0.374891031 -0.897993116 0.230358588 -0.51077201 -0.859038675 0.0341248972 -0.51077201 -0.859038675 0.0341248972 -0.51077201 -0.859038675 0.0341248972 -0.480148207 -0.87519157 -0.0591389502 -0.480148207 -0.87519157 -0.0591389502 0.78775015 -0.597756734 0.148783695 -0.590662623 -0.806887326 -0.0071070046 -0.830631261 -0.540295342 0.134657537 -0.861225257 -0.482899271 0.158427746 -0.821640383 -0.54951954 0.151444234 -0.794803159 -0.566784179 0.216895445 -0.873117345 -0.296799727 0.386750597 -0.89093111 -0.280323833 0.357295823 -0.890931105 -0.280323861 0.357295816 -0.890931108 -0.280323847 0.357295819 -0.861225254 -0.482899272 0.15842776 -0.950329114 -0.293392708 0.103900402 -0.881333592 -0.461664322 0.10058406 -0.782249895 -0.606346011 0.14293221 -0.985625779 0.0129098377 0.168449282 -0.866585645 -0.279208268 -0.413608588 -0.866585626 -0.279208286 -0.413608613 -0.866585645 -0.279208268 -0.413608588 -0.192853908 -0.918140388 -0.346158343 -0.0184331317 -0.85747394 -0.514197105 -0.0184331301 -0.857473954 -0.514197081 -0.0184331319 -0.857473954 -0.514197081 -0.429969512 -0.89099506 -0.145787591 -0.429969536 -0.890995049 -0.145787589 -0.42996956 -0.890995038 -0.145787586 -0.521963513 -0.677996593 -0.517566142 -0.521963513 -0.677996593 -0.517566142 -0.521963519 -0.677996606 -0.517566119 -0.377706024 -0.804147682 -0.459003992 -0.37770605 -0.804147673 -0.459003986 -0.37770605 -0.804147673 -0.459003986 -0.574851982 0.0168115232 -0.818084697 -0.530209234 -0.0426693802 -0.846792473 -0.419158635 -0.235494381 -0.876840028 -0.437104196 -0.240907883 -0.866546775 -0.946728772 -0.0269388558 -0.320903303 -0.924996742 0.191091234 -0.328428329 -0.944166229 0.0515761527 -0.325407486 -0.776150102 0.231502462 -0.586513111 -0.776150102 0.231502462 -0.586513111 -0.776150102 0.231502462 -0.586513111 -0.963662384 -0.255796024 -0.0769623483 -0.963662385 -0.255796025 -0.0769623446 -0.963662384 -0.255796024 -0.0769623483 -0.97230097 -0.233442167 -0.0116438204 -0.972300967 -0.23344218 -0.011643823 -0.97230097 -0.233442167 -0.0116438204 -0.857573448 0.434704017 0.274954901 -0.990757548 0.135496938 0.00632936603 -0.968176226 0.249027422 0.0249025741 -0.968176226 0.249027423 0.0249025723 -0.968176226 0.249027423 0.0249025723 0.959410153 0.17199221 0.223496843 0.993856688 -0.010977382 0.110128926 0.999252068 0.0314817596 0.0224544544 0.968316731 0.186592811 0.165969371 0.882401178 0.206953971 -0.422537827 0.93165761 0.0895462891 -0.352130033 0.776047352 0.231247383 -0.586749652 0.944246924 0.0487950975 -0.325602189 0.43836276 -0.182760663 -0.880020813 0.530105828 -0.0428378809 -0.846848704 0.483163639 -0.133087854 -0.865355719 0.574747858 0.0166263484 -0.818161637 0.464156641 -0.822701859 -0.328207654 0.48583837 -0.713956266 -0.504209807 0.37763471 -0.804148734 -0.459060823 0.494974598 -0.785977699 -0.3704581 0.429887519 -0.891015983 -0.145901471 0.0973155394 -0.891546025 -0.442352089 0.109045285 -0.94095687 -0.320482907 0.01843398 -0.857473861 -0.514197205 0.198689453 -0.891800214 -0.406466333 0.866409853 -0.279502963 -0.41377779 0.866409853 -0.279502963 -0.41377779 0.866409853 -0.279502963 -0.41377779 0.991070438 0.0901534017 0.0982433225 0.966201215 -0.235036127 0.105892548 0.972687388 0.122019666 0.197459987 0.94590067 -0.323334511 0.0269576612 0.867083051 -0.484563219 -0.115609127 0.782134091 -0.606559089 0.142661608 0.877299482 -0.441690575 -0.187763297 0.776047324 0.231247385 -0.586749689 0.776047324 0.231247385 -0.586749689 0.37763471 -0.804148734 -0.459060823 0.37763471 -0.804148734 -0.459060823 0.0184339792 -0.85747385 -0.514197223 0.0184339802 -0.857473876 -0.514197181 0.985676267 0.012517638 0.168183251 0.985676267 0.0125176343 0.16818325 0.985676264 0.0125176317 0.168183265 0.782134094 -0.606559089 0.142661594 0.963555465 -0.256102084 -0.0772825207 0.963555465 -0.256102084 -0.0772825171 0.963555458 -0.256102112 -0.0772825216 0.955159098 0.177445983 0.237031686 0.912766296 0.280089317 0.297334263 0.938052205 0.201193171 0.282098154 0.972035346 0.0669902492 0.225076861 0.968051876 0.0882801555 0.23469593 0.920218203 0.234658941 0.313262892 0.926287546 0.225235841 0.302093028 0.966880597 0.131886295 0.218512965 0.936001818 0.281045242 0.211929631 0.90992126 0.282153278 0.304027677 0.888047359 0.301125339 0.347412462 0.90817072 0.273608641 0.316803179 0.888047366 0.301125347 0.347412436 0.943111968 0.313461144 0.110823854 0.973599698 0.135590187 0.183627145 0.921810306 0.212066839 0.324489469 0.894015828 0.274969392 0.353733704 0.958369023 -0.0266487348 0.28428623 0.943558667 -0.139032404 0.300611097 0.973465853 0.121757753 0.193750571 -0.0138235853 -0.975453239 -0.219772352 -0.112244989 -0.987776525 -0.108160066 0.560359132 -0.78514095 -0.263725866 0.560359132 -0.785140952 -0.263725859 0.560359132 -0.78514095 -0.263725866 -0.374929967 -0.897949837 0.230463903 -0.374929967 -0.897949837 0.230463903 -0.374929967 -0.897949837 0.230463903 0.510660856 -0.859108967 0.0340187298 0.4959214 -0.868273782 -0.0127516345 0.487833301 -0.87215773 -0.036872266 0.480055118 -0.875239346 -0.0591875923 0.5106609 -0.85910894 0.0340187288 0.510660832 -0.859108982 0.0340187032 0.794685537 -0.5669959 0.216773031 0.873070173 -0.297183142 0.386562613 0.890892357 -0.280707877 0.35709088 0.89089237 -0.280707861 0.357090858 0.89089237 -0.280707861 0.357090858 0.861089997 -0.483181284 0.158303077 0.861089997 -0.483181284 0.158303077 0.861089993 -0.483181285 0.158303091 -0.949798803 0.014352728 -0.312531972 -0.889832355 0.0750601163 -0.450071505 -0.91210654 0.0698352792 -0.403961253 -0.936831491 0.0981823167 -0.335718618 -0.966826841 0.12018653 -0.225390898 -0.942879495 0.147254885 -0.298821447 -0.92618606 0.149011852 -0.346373859 -0.958687781 0.115757871 -0.259841979 -0.920105494 0.153898165 -0.360168343 -0.967979539 0.159079373 -0.194188992 -0.971961048 0.159678435 -0.172610886 -0.967727518 0.128942391 -0.216511687 -0.985465086 0.130140372 -0.109188133 -0.896608648 0.118823342 -0.426584044 -0.896608648 0.118823342 -0.426584044 -0.896608648 0.118823342 -0.426584044 -0.947187344 -0.046264103 -0.317325965 -0.974000923 0.0897201583 -0.20802042 -0.921718171 0.1749819 -0.346145848 -0.893895904 0.168770155 -0.41529116 -0.940907369 0.196932876 -0.275519082 -0.96937452 0.201769432 -0.140007632 -0.891031669 0.447001432 0.0790713868 -0.952231564 0.148015255 -0.267107716 -0.954914483 0.179618934 -0.236379714 -0.990650905 0.0660134398 -0.119385968 -0.989388291 -0.0141204768 -0.144607821 -0.99072912 0.0630432925 -0.1203385 -0.197062779 0.11333989 0.973817401 -0.202172937 0.0495139078 0.978097376 -0.198708938 0.0939043282 0.975549453 0.11224199 0.400199486 0.909528508 0.11224199 0.400199486 0.909528508 0.11224199 0.400199486 0.909528508 -0.560458684 0.164217107 0.811738138 -0.560458684 0.164217107 0.811738138 -0.560458679 0.164217135 0.811738136 0.374889863 0.648492398 0.662506755 0.374889863 0.648492398 0.662506755 0.374889863 0.648492398 0.662506755 -0.51077311 0.459070021 0.726887575 -0.51077311 0.459070021 0.726887575 -0.51077311 0.459070021 0.726887575 -0.480148972 0.386377861 0.787508167 -0.480148972 0.386377861 0.787508167 0.787749498 0.427728971 0.44328169 -0.590663319 0.397286631 0.702339075 -0.83063188 0.386762353 0.40058153 -0.861225836 0.378649948 0.338990081 -0.821640488 0.405912462 0.400177438 -0.794802692 0.471227974 0.382404077 -0.873117414 0.483335373 0.0636623758 -0.890931427 0.449588337 0.0641211254 -0.890931427 0.449588337 0.0641211254 -0.890931439 0.449588314 0.0641211221 -0.86122581 0.378649992 0.3389901 -0.950329342 0.236674917 0.202136402 -0.881333961 0.317938547 0.349521859 -0.782250578 0.426953644 0.453645918 -0.985626028 0.139424988 -0.0954044302 -0.866585208 -0.218593938 0.448605359 -0.86658522 -0.218593936 0.448605336 -0.86658522 -0.218593936 0.448605336 -0.192854031 0.159286048 0.968212413 -0.0184322451 -0.0165730261 0.999692746 -0.0184322452 -0.0165730409 0.999692746 -0.0184322451 -0.0165730261 0.999692746 -0.429969954 0.319239135 0.844518924 -0.429969954 0.319239135 0.844518924 -0.429969985 0.319239106 0.84451892 -0.521962646 -0.109229179 0.845945614 -0.521962646 -0.109229179 0.845945614 -0.521962646 -0.109229179 0.845945614 -0.377706715 0.00456170887 0.92591405 -0.37770674 0.00456170882 0.92591404 -0.377706741 0.00456169416 0.92591404 -0.574851817 -0.716889432 0.394480584 -0.530208786 -0.712010703 0.460347045 -0.419158156 -0.641620482 0.642362512 -0.437103273 -0.629999369 0.641904607 -0.946728284 -0.264442996 0.183781007 -0.924996121 -0.379974405 -0.00127606875 -0.94416568 -0.307601068 0.118037074 -0.776148581 -0.62368841 0.0927693219 -0.776148579 -0.623688411 0.0927693363 -0.776148581 -0.62368841 0.0927693219 -0.963662496 0.0612446887 0.260007081 -0.963662497 0.0612446814 0.26000708 -0.963662492 0.0612446859 0.260007094 -0.972301137 0.106635359 0.207988938 -0.972301135 0.106635356 0.207988952 -0.972301135 0.106635356 0.207988952 -0.857573587 0.0207653622 -0.513941963 -0.990757413 -0.0622685338 -0.120508833 -0.968176043 -0.102948485 -0.228115669 -0.968176046 -0.102948488 -0.228115655 -0.968176046 -0.102948488 -0.228115655 0.959410068 0.107559542 -0.260697655 0.993856512 0.100865103 -0.0455572619 0.999252075 0.00370691634 -0.0384908899 0.968316732 0.050439205 -0.244578398 0.882401635 -0.469404628 0.0320413664 0.931658018 -0.349725657 0.0985154938 0.776047463 -0.623763673 0.0931086224 0.944247262 -0.306376395 0.120542994 0.43836294 -0.670740228 0.598285449 0.530106922 -0.711973738 0.460521495 0.483164228 -0.682876386 0.547934458 0.574749398 -0.716861939 0.39467973 0.46415597 0.127113985 0.876585004 0.485838083 -0.0796808532 0.870409282 0.377634265 0.00451526249 0.925943829 0.494974045 0.0721618738 0.865906091 0.429886531 0.319152354 0.84459419 0.0973132084 0.0626814457 0.993277995 0.10904441 0.192930491 0.975134423 0.0184305214 -0.0165755384 0.999692736 0.198688681 0.0938886237 0.97555509 0.866409869 -0.218590064 0.44894579 0.866409869 -0.218590064 0.44894579 0.866409869 -0.218590064 0.44894579 0.991070417 0.0400063235 -0.127196395 0.96620058 0.209225243 0.150602912 0.972687238 0.109997536 -0.20440176 0.945900166 0.185014619 0.266537927 0.867082545 0.142161759 0.477449363 0.782132893 0.426829156 0.453965868 0.877299074 0.0582382224 0.476397569 0.776047484 -0.623763645 0.0931086325 0.776047461 -0.623763674 0.0931086368 0.377634265 0.00451526249 0.925943829 0.377634265 0.00451526249 0.925943829 0.0184305214 -0.0165755384 0.999692736 0.0184305215 -0.0165755531 0.999692736 0.985676114 0.139393649 -0.0949316032 0.985676115 0.139393642 -0.0949316045 0.985676114 0.139393649 -0.0949316032 0.782132893 0.426829156 0.453965868 0.963555254 0.0611235746 0.260432682 0.963555254 0.0611235746 0.260432682 0.963555254 0.0611235746 0.260432682 0.955158861 0.116554517 -0.272188528 0.912766222 0.117456466 -0.391231136 0.938051852 0.143709944 -0.31528745 0.972035086 0.161429002 -0.17055342 0.968051649 0.159114555 -0.19380032 0.920217884 0.15396639 -0.35985191 0.926287276 0.149004333 -0.346106328 0.966880414 0.123296517 -0.223473119 0.936001768 0.0430161551 -0.349356981 0.909921113 0.122221257 -0.396365404 0.888047528 0.150306856 -0.434487557 0.908170778 0.13755716 -0.395352837 0.888047527 0.150306863 -0.434487555 0.943112172 -0.0607520867 -0.326877065 0.973599591 0.0912325815 -0.20923779 0.921810085 0.174984788 -0.345899539 0.894015345 0.16885997 -0.414997438 0.958368621 0.259525253 -0.119063973 0.943558007 0.32985502 -0.029899054 0.973465718 0.106916021 -0.202320194 -0.0138244588 0.297396554 0.954653955 -0.112245958 0.400217192 0.909520227 0.560358458 0.164176688 0.811815505 0.560358458 0.164176688 0.811815505 0.560358458 0.164176688 0.811815505 -0.374931511 0.648560787 0.662416234 -0.374931511 0.648560787 0.662416234 -0.374931511 0.648560787 0.662416234 0.510660683 0.459014681 0.727001506 0.495921205 0.423092862 0.758323538 0.487833118 0.404145723 0.773747429 0.480054979 0.386360969 0.787573755 0.510660683 0.459014681 0.727001506 0.510660683 0.459014681 0.727001506 0.794684157 0.471229853 0.382648032 0.873069077 0.483366458 0.0640878549 0.890891537 0.449605199 0.0645556645 0.890891525 0.449605222 0.0645556688 0.890891537 0.449605199 0.0645556627 0.861089274 0.378685689 0.339296936 0.861089274 0.378685689 0.339296936 0.861089274 0.378685689 0.339296936 -0.949798581 -0.143835855 -0.277837906 -0.889832018 -0.160031714 -0.427304143 -0.912106211 -0.141501359 -0.384759177 -0.936831125 -0.0828308455 -0.33983304 -0.966826531 -0.00861061136 -0.255288692 -0.942879099 -0.0218841324 -0.332415538 -0.926185635 -0.0441387308 -0.374475556 -0.958687463 -0.0296714669 -0.282909796 -0.920104891 -0.0468046187 -0.388865422 -0.967979213 0.0406727271 -0.247713489 -0.971960696 0.0519804788 -0.229326046 -0.967727223 0.0034119894 -0.251976944 -0.985464808 0.0581115478 -0.159631327 -0.896608351 -0.110388012 -0.428844904 -0.896608351 -0.110388012 -0.428844904 -0.896608351 -0.110388012 -0.428844904 -0.947187173 -0.198728519 -0.251681215 -0.974000658 -0.02630975 -0.225012257 -0.921717721 -0.0215338957 -0.387263132 -0.893895133 -0.0614865578 -0.444039293 -0.940906876 0.0327894411 -0.33707433 -0.96937418 0.104734311 -0.222136046 -0.891031258 0.42665043 -0.155024861 -0.952231197 -0.00536856587 -0.305330846 -0.954914094 0.0373649831 -0.294521528 -0.990650732 -0.00252309307 -0.136399271 -0.989388206 -0.0845319625 -0.118174974 -0.990728949 -0.00557162313 -0.135739114 -0.197063499 0.58506552 0.786679296 -0.20217377 0.531930166 0.822299256 -0.198709672 0.569099675 0.797897253 0.112241641 0.801347895 0.587574136 0.112241656 0.801347894 0.587574135 0.112241641 0.801347895 0.587574136 -0.560458396 0.548087152 0.620875881 -0.560458379 0.548087125 0.620875921 -0.560458379 0.548087125 0.620875921 0.374891239 0.892864054 0.249500182 0.374891213 0.892864066 0.249500178 0.374891239 0.892864056 0.249500175 -0.510773634 0.761010736 0.399966192 -0.510773634 0.761010736 0.399966192 -0.510773634 0.761010736 0.399966192 -0.480150028 0.728367997 0.488810813 -0.480150023 0.728367984 0.488810837 0.787750028 0.592064432 0.170028237 -0.590664188 0.695230573 0.409597689 -0.830631992 0.535237309 0.153530184 -0.861225904 0.497415918 0.104246571 -0.821640522 0.551619803 0.14360517 -0.794802521 0.599298025 0.0955553749 -0.873117065 0.450411801 -0.186536325 -0.890931102 0.421415428 -0.169265494 -0.890931099 0.421415429 -0.169265508 -0.890931092 0.421415453 -0.169265487 -0.861225888 0.497415944 0.104246577 -0.950328965 0.306036093 0.0567165531 -0.881333635 0.450105127 0.143723342 -0.782250357 0.596576709 0.179389547 -0.985625791 0.0730437998 -0.15233648 -0.866585789 0.0349966816 0.497799461 -0.866585776 0.0349966759 0.497799483 -0.866585788 0.0349966889 0.497799462 -0.192854627 0.622053857 0.758851825 -0.0184325019 0.48549503 0.874045089 -0.0184325038 0.48549503 0.874045089 -0.0184325019 0.48549503 0.874045089 -0.429969887 0.698730145 0.571753514 -0.429969911 0.698730136 0.571753506 -0.429969906 0.698730122 0.571753528 -0.521963243 0.328379387 0.787223825 -0.52196325 0.328379362 0.787223831 -0.521963243 0.328379387 0.787223825 -0.377707578 0.466908989 0.799583005 -0.377707578 0.466908989 0.799583005 -0.377707578 0.466908989 0.799583005 -0.574853123 -0.423602398 0.700074921 -0.530210153 -0.386443997 0.754677568 -0.419159551 -0.234476388 0.877112362 -0.437104703 -0.224641244 0.870905156 -0.946728766 -0.137122664 0.291379511 -0.924996572 -0.329704513 0.188881643 -0.944166176 -0.20737046 0.256022897 -0.776149311 -0.493744174 0.392184826 -0.7761493 -0.493744172 0.39218485 -0.7761493 -0.493744172 0.39218485 -0.963662656 0.183043884 0.194548767 -0.963662656 0.183043884 0.194548767 -0.963662656 0.183043884 0.194548767 -0.972301158 0.1963441 0.126804778 -0.972301158 0.196344099 0.126804786 -0.972301158 0.196344099 0.126804786 -0.857573115 -0.238987759 -0.45547031 -0.990757424 -0.114179787 -0.073230475 -0.968176013 -0.203213333 -0.146080629 -0.968176013 -0.203213333 -0.146080629 -0.968176013 -0.203213334 -0.146080622 0.959410339 -0.0372008839 -0.279549452 0.993856688 0.0645718318 -0.0898852722 0.999252098 -0.0160362368 -0.0351864158 0.968316965 -0.0786089002 -0.237029315 0.882401032 -0.390496014 0.262452436 0.931657543 -0.25361392 0.260181094 0.776046529 -0.493641063 0.392517879 0.944246843 -0.205058432 0.257582877 0.438361813 -0.281734169 0.853501481 0.530105724 -0.386325688 0.754811489 0.48316309 -0.317419925 0.815964472 0.574748171 -0.423480001 0.700235124 0.464155746 0.548377073 0.695587543 0.485837581 0.36619977 0.793636928 0.377634239 0.466882818 0.799632925 0.494973634 0.495447935 0.713815414 0.429886611 0.698691743 0.571863051 0.0973132067 0.550924453 0.828862104 0.109044014 0.654651003 0.748025045 0.0184309084 0.485493745 0.874045837 0.198688012 0.569088757 0.797910434 0.866409217 0.0351682081 0.498094636 0.866409218 0.0351682008 0.498094635 0.866409205 0.0351681951 0.498094657 0.991070541 -0.0289528626 -0.130157269 0.966200912 0.25649455 0.0258136339 0.972687538 -0.00694143075 -0.232014591 0.945900367 0.29349546 0.138321765 0.867082592 0.36183971 0.342402983 0.782133562 0.596626997 0.179731235 0.877298916 0.288634415 0.383453761 0.776046529 -0.493641063 0.392517879 0.776046518 -0.493641061 0.392517903 0.377634239 0.466882818 0.799632925 0.377634265 0.466882813 0.799632916 0.0184309084 0.485493745 0.874045837 0.0184309065 0.485493745 0.874045837 0.985676352 0.0732515597 -0.151908979 0.985676352 0.0732515634 -0.151908978 0.98567635 0.0732515658 -0.151908992 0.782133562 0.596626997 0.179731235 0.963555155 0.183150283 0.194980607 0.963555158 0.183150269 0.194980605 0.963555161 0.183150255 0.194980603 0.955159187 -0.0351565069 -0.293998211 0.912766515 -0.0938968506 -0.397543294 0.938052264 -0.0331887124 -0.34490065 0.972035444 0.0545237009 -0.228416858 0.968051984 0.0408957437 -0.247392186 0.920218238 -0.0465887815 -0.388623057 0.926287703 -0.0440130151 -0.37423782 0.966880718 -0.00495987298 -0.25518048 0.936002065 -0.137426814 -0.324058643 0.909921463 -0.0923375186 -0.404371999 0.888047772 -0.0870758506 -0.451429895 0.908171095 -0.0785499019 -0.411163198 0.888047785 -0.087075846 -0.451429871 0.943112336 -0.216052489 -0.252706239 0.973599842 -0.0256104005 -0.226820312 0.92181063 -0.0214096945 -0.387048818 0.89401576 -0.0612634043 -0.443827237 0.958369032 0.165222217 -0.232874254 0.9435585 0.270712221 -0.190819943 0.973465983 -0.00856946697 -0.228671256 -0.0138244886 0.734881056 0.678055098 -0.112245659 0.801359313 0.587557796 0.560357637 0.548089761 0.620964518 0.560357637 0.548089761 0.620964518 0.560357637 0.548089761 0.620964518 -0.374930772 0.892879018 0.249387201 -0.374930772 0.892879018 0.249387201 -0.374930772 0.892879019 0.249387194 0.510660963 0.761019189 0.400093958 0.495921525 0.745571147 0.445180306 0.487833463 0.73687448 0.468011231 0.480055354 0.728385652 0.488877489 0.510660963 0.761019189 0.400093958 0.510660959 0.761019177 0.400093984 0.794684631 0.599420444 0.0957677816 0.873069705 0.450650613 -0.186180864 0.890892044 0.421646537 -0.168895126 0.890892044 0.421646537 -0.168895126 0.890892037 0.421646561 -0.168895105 0.861089886 0.497598902 0.104496607 0.861089886 0.497598901 0.104496609 0.861089871 0.497598927 0.104496614 -0.949798626 -0.277837937 0.143835499 -0.889832105 -0.427304051 0.160031476 -0.912106397 -0.38475885 0.141501052 -0.936831224 -0.339832848 0.0828305081 -0.966826547 -0.255288647 0.00861020653 -0.942879122 -0.332415502 0.0218836819 -0.926185664 -0.374475519 0.0441384328 -0.958687498 -0.282909721 0.0296710491 -0.920104968 -0.388865294 0.0468041764 -0.967979183 -0.247713536 -0.0406731437 -0.971960693 -0.229325959 -0.0519809247 -0.967727201 -0.251977023 -0.00341241023 -0.985464777 -0.159631417 -0.0581118253 -0.896608244 -0.428845212 0.110387683 -0.896608242 -0.428845214 0.110387698 -0.896608252 -0.428845189 0.110387704 -0.947187274 -0.251681114 0.19872817 -0.97400067 -0.225012241 0.0263094306 -0.921717766 -0.387263049 0.0215334788 -0.893895271 -0.444039075 0.0614861402 -0.940906847 -0.337074374 -0.0327898011 -0.969374121 -0.22213615 -0.104734638 -0.891031399 -0.155025398 -0.426649941 -0.952231213 -0.305330802 0.0053682486 -0.954914084 -0.294521519 -0.0373653346 -0.990650723 -0.136399343 0.00252278819 -0.989388238 -0.118174966 0.0845316013 -0.990728939 -0.135739202 0.00557123791 -0.197063208 0.786679231 -0.585065705 -0.202173507 0.822298922 -0.531930781 -0.19870941 0.797897088 -0.569099997 0.112241972 0.587573668 -0.801348192 0.112241971 0.58757369 -0.801348176 0.112241972 0.587573668 -0.801348192 -0.560459163 0.620875269 -0.548087062 -0.560459163 0.620875269 -0.548087062 -0.560459163 0.620875269 -0.548087062 0.374891541 0.249499531 -0.892864109 0.374891587 0.249499539 -0.892864087 0.374891587 0.249499539 -0.892864087 -0.510772547 0.399965538 -0.761011809 -0.510772526 0.399965503 -0.761011842 -0.510772526 0.399965503 -0.761011842 -0.480148302 0.488811644 -0.728368577 -0.480148302 0.488811644 -0.728368577 0.787750579 0.170028264 -0.592063692 -0.590662927 0.409598376 -0.69523124 -0.830631749 0.153530172 -0.535237689 -0.861225724 0.104246499 -0.497416245 -0.82164065 0.143604815 -0.551619706 -0.794802953 0.0955545787 -0.599297579 -0.873117085 -0.18653705 -0.450411461 -0.890931088 -0.169266174 -0.421415186 -0.890931111 -0.169266172 -0.421415139 -0.890931091 -0.16926616 -0.421415184 -0.861225708 0.104246506 -0.49741627 -0.950328856 0.0567162943 -0.30603648 -0.881333512 0.143723211 -0.450105408 -0.782250171 0.179389431 -0.596576987 -0.985625742 -0.152336652 -0.0730441116 -0.866585734 0.497799513 -0.0349972976 -0.866585734 0.497799513 -0.0349972976 -0.866585734 0.497799513 -0.0349972903 -0.19285436 0.758852015 -0.622053707 -0.0184341175 0.874044264 -0.485496455 -0.0184341175 0.874044264 -0.485496455 -0.0184341167 0.874044282 -0.485496423 -0.429970121 0.571752967 -0.698730448 -0.429970091 0.571752997 -0.698730443 -0.429970121 0.571752967 -0.698730448 -0.521963528 0.787223496 -0.328379723 -0.521963528 0.787223496 -0.328379723 -0.521963528 0.787223496 -0.328379723 -0.377707773 0.799582682 -0.466909384 -0.377707773 0.799582682 -0.466909384 -0.377707799 0.799582673 -0.466909378 -0.57485358 0.700074789 0.423601997 -0.530210521 0.754677537 0.386443551 -0.419159791 0.877112364 0.234475949 -0.437104819 0.870905204 0.224640834 -0.94672894 0.29137925 0.137122017 -0.924996885 0.188881235 0.329703869 -0.944166377 0.256022512 0.207370021 -0.776149366 0.392184929 0.493744006 -0.776149366 0.392184929 0.493744006 -0.776149366 0.392184929 0.493744006 -0.963662534 0.194548829 -0.183044459 -0.963662534 0.194548829 -0.183044459 -0.963662532 0.194548843 -0.183044456 -0.97230107 0.126804388 -0.19634479 -0.972301069 0.126804395 -0.196344789 -0.97230107 0.126804388 -0.19634479 -0.857572997 -0.455470549 0.238987728 -0.990757462 -0.0732305658 0.114179402 -0.968176075 -0.146080624 0.203213038 -0.968176075 -0.146080624 0.203213038 -0.968176074 -0.146080631 0.203213036 0.959410367 -0.279549287 0.0372014073 0.993856728 -0.0898851247 -0.0645714163 0.999252096 -0.0351862889 0.0160366323 0.968316931 -0.237029274 0.0786094382 0.882400949 0.262452461 0.390496185 0.93165748 0.260181065 0.253614182 0.776046283 0.392518093 0.49364128 0.944246809 0.25758277 0.205058721 0.438361641 0.853501606 0.28173406 0.530105796 0.754811459 0.386325649 0.483163053 0.815964502 0.317419903 0.574748321 0.700234968 0.423480054 0.464156328 0.695587208 -0.548377004 0.485838065 0.793636673 -0.366199679 0.377634813 0.799632691 -0.466882756 0.494974134 0.713815103 -0.495447884 0.429887234 0.57186261 -0.698691721 0.0973148052 0.828861434 -0.550925179 0.109044377 0.74802484 -0.654651176 0.0184335692 0.874044704 -0.485495684 0.19868823 0.797910264 -0.56908892 0.866409114 0.498094843 -0.0351677988 0.866409115 0.498094842 -0.0351677915 0.866409128 0.49809482 -0.0351677972 0.99107056 -0.130157012 0.0289533498 0.966200972 0.025813789 -0.256494309 0.972687581 -0.232014394 0.0069419165 0.94590048 0.138321844 -0.293495059 0.867082659 0.342403055 -0.361839481 0.782133673 0.179731266 -0.596626843 0.877298965 0.383453886 -0.2886341 0.776046304 0.392518079 0.493641259 0.776046283 0.392518093 0.49364128 0.377634813 0.799632691 -0.466882756 0.377634827 0.799632709 -0.466882714 0.0184335692 0.874044704 -0.485495684 0.0184335692 0.874044704 -0.485495684 0.985676412 -0.1519088 -0.0732511297 0.985676409 -0.151908814 -0.0732511321 0.985676412 -0.1519088 -0.0732511297 0.782133673 0.179731266 -0.596626843 0.963555278 0.194980455 -0.183149799 0.963555278 0.194980455 -0.183149799 0.963555278 0.194980455 -0.183149799 0.955159215 -0.293998065 0.0351569663 0.912766644 -0.397542894 0.0938972908 0.938052349 -0.344900378 0.0331891554 0.97203549 -0.228416787 -0.0545231806 0.968052054 -0.247391991 -0.0408952775 0.920218281 -0.388622896 0.0465892601 0.926287787 -0.374237555 0.0440135018 0.966880764 -0.255180292 0.00496041357 0.936002031 -0.32405851 0.137427361 0.909921541 -0.40437169 0.0923381106 0.888047921 -0.45142948 0.087076483 0.908171178 -0.411162896 0.0785505237 0.888047921 -0.45142948 0.087076483 0.943112142 -0.252706276 0.216053294 0.973599843 -0.226820249 0.0256109391 0.921810651 -0.387048739 0.0214102086 0.894015775 -0.443827144 0.0612638518 0.958369158 -0.232874051 -0.165221768 0.943558633 -0.190819965 -0.270711743 0.973466017 -0.228671092 0.00856998726 -0.0138242748 0.678054628 -0.734881494 -0.112245377 0.587557315 -0.801359705 0.560358695 0.62096403 -0.548089231 0.560358672 0.620964012 -0.548089277 0.560358655 0.620964051 -0.54808925 -0.374930415 0.249386329 -0.892879411 -0.374930415 0.249386329 -0.892879411 -0.374930415 0.249386329 -0.892879411 0.510660853 0.400093299 -0.761019609 0.495921138 0.445180295 -0.745571412 0.487832838 0.468011707 -0.736874592 0.480054556 0.488878279 -0.728385648 0.510660853 0.400093299 -0.761019609 0.510660853 0.400093299 -0.761019609 0.794684866 0.0957677654 -0.599420136 0.873069805 -0.18618113 -0.450650311 0.8908922 -0.168895323 -0.421646128 0.890892204 -0.168895309 -0.421646127 0.890892193 -0.168895302 -0.421646151 0.861090243 0.10449663 -0.49759828 0.861090243 0.104496631 -0.497598279 0.861090243 0.104496631 -0.497598279 -0.949798636 0.168697154 -0.263484004 -0.889831884 0.290041257 -0.35224322 -0.912106263 0.26246092 -0.314922896 -0.936831244 0.252888941 -0.241649339 -0.966826581 0.216781262 -0.135100879 -0.942879064 0.276938556 -0.185159681 -0.926185693 0.30223617 -0.225462544 -0.958687506 0.230171463 -0.167150722 -0.920105007 0.313365334 -0.234965836 -0.967979241 0.234862615 -0.0886326232 -0.971960751 0.22459232 -0.0696461607 -0.967727176 0.219924568 -0.123033721 -0.985464839 0.167300422 -0.0294893097 -0.896607745 0.316197907 -0.310021669 -0.896607755 0.316197906 -0.310021643 -0.896607745 0.316197907 -0.310021669 -0.947187338 0.118598427 -0.297943887 -0.974000699 0.181711496 -0.135290688 -0.921717807 0.324612988 -0.212279749 -0.893895288 0.353806333 -0.275267674 -0.940906951 0.308309768 -0.14013992 -0.969374212 0.244742535 -0.0203648965 -0.891031441 0.347580125 0.291977786 -0.952231279 0.261740166 -0.157313945 -0.954914145 0.273745749 -0.114901001 -0.990650773 0.11686365 -0.070384177 -0.989388258 0.0600765223 -0.132293937 -0.990728986 0.114767788 -0.0726940956 -0.197063082 -0.388753941 0.900020286 -0.202173251 -0.446168243 0.871814129 -0.198709204 -0.406451481 0.891802582 0.112242428 -0.108181353 0.987774484 0.112242428 -0.108181353 0.987774484 0.112242443 -0.108181353 0.987774483 -0.560459275 -0.263651947 0.785094295 -0.560459275 -0.263651947 0.785094295 -0.560459275 -0.26365194 0.785094297 0.374890952 0.230357214 0.897993501 0.374890952 0.230357214 0.897993501 0.374890952 0.230357214 0.897993501 -0.510773519 0.034123302 0.859037841 -0.510773544 0.0341233141 0.859037826 -0.510773519 0.034123302 0.859037841 -0.480149452 -0.0591408924 0.875190756 -0.480149475 -0.0591408916 0.875190743 0.787750492 0.148782082 0.597756685 -0.590663888 -0.00710874431 0.806886384 -0.83063214 0.134656396 0.540294274 -0.861226017 0.158426712 0.482898255 -0.821640663 0.151442944 0.549519476 -0.794802546 0.216894391 0.566785441 -0.873117197 0.38675069 0.296800041 -0.890931257 0.357295456 0.280323835 -0.890931257 0.357295456 0.280323835 -0.890931246 0.357295481 0.280323837 -0.861226017 0.158426712 0.482898255 -0.95032915 0.10389978 0.293392811 -0.881333685 0.100583381 0.461664292 -0.782250108 0.142931158 0.606345984 -0.985625785 0.168449253 -0.0129097015 -0.866585684 -0.413609742 0.279206435 -0.866585693 -0.413609741 0.279206408 -0.866585702 -0.413609716 0.279206416 -0.192854306 -0.346161336 0.918139176 -0.0184364508 -0.514196903 0.857473989 -0.018436449 -0.514196903 0.857473989 -0.0184364488 -0.514196927 0.857473975 -0.42997085 -0.145789044 0.890994176 -0.42997085 -0.145789044 0.890994176 -0.42997085 -0.145789044 0.890994176 -0.52196404 -0.517567573 0.677995094 -0.52196404 -0.517567573 0.677995094 -0.52196404 -0.517567573 0.677995094 -0.377706266 -0.459005484 0.804146717 -0.377706266 -0.459005484 0.804146717 -0.377706266 -0.459005484 0.804146717 -0.574853066 -0.81808388 -0.0168142189 -0.53020997 -0.846792121 0.04266721 -0.41915874 -0.876840414 0.235492756 -0.437104079 -0.866547191 0.2409066 -0.94672886 -0.320903133 0.0269378089 -0.924996726 -0.328427841 -0.191092151 -0.944166279 -0.325407177 -0.0515771865 -0.77614833 -0.586514926 -0.231503806 -0.77614833 -0.586514926 -0.231503806 -0.77614833 -0.586514926 -0.231503806 -0.963662591 -0.0769624168 0.255795227 -0.963662583 -0.0769624214 0.255795254 -0.963662583 -0.0769624251 0.255795253 -0.972301088 -0.0116442253 0.233441655 -0.972301085 -0.0116442242 0.233441669 -0.972301085 -0.011644226 0.233441669 -0.857573055 0.27495604 -0.434704073 -0.990757442 0.00632983461 -0.13549769 -0.968176068 0.0249031583 -0.249027977 -0.968176068 0.0249031583 -0.249027977 -0.968176072 0.0249031558 -0.249027963 0.959410401 0.22349664 -0.171991086 0.993856689 0.110128804 0.0109784929 0.999252087 0.0224544403 -0.0314811948 0.968316738 0.165969884 -0.186592318 0.882401115 -0.422537878 -0.206954132 0.931657659 -0.352129896 -0.0895463167 0.776045977 -0.586751187 -0.231248105 0.944247013 -0.325601925 -0.0487951248 0.438360714 -0.880021764 0.182760989 0.530105244 -0.846849134 0.0428366083 0.483162243 -0.86535652 0.13308772 0.574747897 -0.818161571 -0.0166282353 0.464155967 -0.328209325 0.822701572 0.485837617 -0.504211366 0.713955677 0.377633019 -0.459062224 0.804148729 0.494974047 -0.37045976 0.785977264 0.429886919 -0.145903133 0.891016 0.0973152733 -0.44235353 0.89154534 0.109044708 -0.32048502 0.940956217 0.018433832 -0.514198424 0.857473133 0.198689084 -0.406468546 0.891799287 0.86640933 -0.413778738 0.279503182 0.86640933 -0.413778738 0.279503182 0.86640933 -0.413778738 0.279503182 0.991070536 0.0982433192 -0.0901523369 0.966200872 0.105891662 0.235037935 0.972687518 0.19746004 -0.122018541 0.945900413 0.0269571371 0.323335308 0.8670827 -0.115610164 0.484563599 0.782133625 0.142661127 0.606559804 0.877299037 -0.187763891 0.441691205 0.776045977 -0.586751187 -0.231248105 0.776045953 -0.586751215 -0.231248116 0.377633019 -0.459062224 0.804148729 0.377633044 -0.459062219 0.80414872 0.0184338335 -0.514198472 0.857473105 0.0184338339 -0.514198424 0.857473133 0.985676352 0.168182843 -0.0125164354 0.985676354 0.168182829 -0.012516438 0.985676352 0.168182843 -0.0125164354 0.782133625 0.142661127 0.606559804 0.963555312 -0.0772830543 0.2561025 0.963555312 -0.077283058 0.2561025 0.963555312 -0.0772830543 0.2561025 0.955159196 0.237031992 -0.177445047 0.912766634 0.29733454 -0.280087919 0.938052213 0.282098874 -0.201192123 0.972035443 0.225076744 -0.0669892331 0.968051984 0.234695935 -0.0882789598 0.920218251 0.313263424 -0.234658043 0.926287733 0.302093236 -0.225234795 0.966880711 0.218512974 -0.131885448 0.936001993 0.21193014 -0.281044277 0.909921414 0.304028157 -0.282152265 0.888048005 0.34741183 -0.301124162 0.908171139 0.316803102 -0.273607342 0.888048005 0.34741183 -0.301124162 0.943112257 0.110824375 -0.313460091 0.973599808 0.183627245 -0.135589263 0.92181062 0.3244896 -0.212065274 0.894015792 0.353734378 -0.27496864 0.95836909 0.284285872 0.0266501359 0.94355847 0.300611001 0.139033951 0.973465974 0.193750715 -0.12175655 -0.0138244545 -0.219774675 0.975452703 -0.112246093 -0.108162014 0.987776186 0.560357593 -0.263727547 0.785141483 0.560357594 -0.263727533 0.785141487 0.560357593 -0.263727547 0.785141483 -0.374932956 0.230463082 0.897948799 -0.374932961 0.230463055 0.897948804 -0.374932956 0.230463082 0.897948799 0.510661538 0.0340169246 0.859108632 0.495921906 -0.0127535339 0.868273465 0.487833771 -0.0368743387 0.87215738 0.480055545 -0.0591896913 0.87523897 0.510661538 0.0340169246 0.859108632 0.510661537 0.0340169392 0.859108633 0.7946841 0.216771708 0.566998419 0.87306985 0.386562483 0.29718426 0.890892321 0.357090307 0.280708721 0.890892321 0.357090307 0.280708721 0.890892328 0.357090278 0.280708733 0.861090238 0.158301663 0.483181318 0.861090223 0.15830167 0.483181342 0.861090238 0.158301663 0.483181318 -0.949480707 -0.313519826 -0.013845759 -0.889832234 -0.450071658 -0.075060624 -0.912106508 -0.403961243 -0.069835757 -0.935971997 -0.34170448 -0.084820215 -0.966826658 -0.225391132 -0.120187568 -0.942879256 -0.298821752 -0.147255796 -0.926185862 -0.346374048 -0.149012645 -0.958687617 -0.259842158 -0.115758823 -0.920105151 -0.360168889 -0.153898935 -0.967979289 -0.194189259 -0.159080569 -0.971960784 -0.172611254 -0.159679647 -0.974059104 -0.196441465 -0.112337052 -0.977256309 -0.197878327 -0.0762513855 -0.896608476 -0.426584269 -0.118823825 -0.896608488 -0.426584245 -0.118823822 -0.896608488 -0.426584245 -0.118823822 -0.945117773 -0.320723473 0.0623606433 -0.97400077 -0.208020641 -0.0897213057 -0.921717933 -0.346145991 -0.174982869 -0.893895453 -0.415291841 -0.168770869 -0.940907003 -0.275519611 -0.196933886 -0.967814138 -0.161449043 -0.1930544 -0.972134638 -0.219087266 -0.0833967391 -0.990650774 -0.119386286 -0.0660148355 -0.0902664173 0.973361409 -0.210759442 0.0546019213 0.938563619 -0.340759391 -0.197112643 0.973874457 -0.112761466 0.11224269 0.909527641 -0.400201261 -0.560458711 0.811737619 -0.16421958 -0.560458711 0.811737619 -0.16421958 -0.560458706 0.811737617 -0.164219608 0.374891286 0.662505022 -0.648493345 0.374891286 0.662505022 -0.648493345 0.374891286 0.662505022 -0.648493345 -0.487930687 0.773672594 -0.404171204 -0.496027172 0.758229919 -0.423136424 -0.510772969 0.72688623 -0.459072307 -0.480149028 0.787506999 -0.386380172 -0.861225614 0.338988404 -0.378651956 -0.821640253 0.400175798 -0.405914553 -0.794802019 0.38240272 -0.47123021 -0.848473769 0.159516392 -0.50462539 -0.873116721 0.0636612011 -0.48333678 -0.890930789 0.0641200297 -0.449589759 -0.887042541 0.161077672 -0.432677148 -0.890930801 0.0641200263 -0.449589735 -0.970534214 0.0207612554 0.240067302 -0.857573362 -0.513942332 -0.0207655428 -0.857573363 -0.513942331 -0.0207655501 -0.857573362 -0.513942332 -0.0207655428 -0.972300988 0.20798862 -0.106637338 -0.972300988 0.207988632 -0.106637321 -0.97230099 0.207988618 -0.106637324 -0.963662426 0.260006875 -0.061246666 -0.963662433 0.260006848 -0.0612466716 -0.963662433 0.260006848 -0.0612466716 -0.858097729 0.0476903124 0.511266977 -0.776149273 0.0927703153 0.623687402 -0.946728734 0.183781336 0.264441154 -0.393905508 0.686614177 0.611064172 -0.438510058 0.574698456 0.69096354 -0.438020606 0.618492798 0.652383789 -0.574852884 0.394481977 0.71688781 -0.57485288 0.394481905 0.716887853 -0.574852941 0.394481917 0.716887797 -0.377706928 0.925913951 -0.00456407535 -0.377706928 0.925913951 -0.00456407535 -0.377706928 0.925913951 -0.00456407535 -0.521962923 0.845945762 0.109226717 -0.521962923 0.845945762 0.109226717 -0.521962923 0.845945762 0.109226713 -0.429969459 0.844518002 -0.319242242 -0.429969441 0.844518019 -0.319242221 -0.429969427 0.844518045 -0.319242171 -0.0184325918 0.999692788 0.0165701251 -0.0692179902 0.997008046 -0.034406784 -0.866585478 0.448605998 0.218591553 -0.866585478 0.448605998 0.218591553 -0.866585478 0.448605998 0.218591553 -0.980717686 0.0643600845 -0.184528046 -0.963234675 0.207185237 -0.171035781 -0.963234675 0.207185237 -0.171035781 -0.963234675 0.207185225 -0.171035798 -0.782249803 0.453644765 -0.426956288 -0.782249803 0.453644765 -0.426956288 -0.782249769 0.453644785 -0.426956331 0.681633419 -0.325912288 -0.655100803 -0.56835887 0.685095141 -0.455645522 -0.457639414 0.869605048 -0.185346238 0.0861367348 0.988329828 -0.125636833 -0.202172565 0.978097332 -0.049516288 -0.558280236 0.80745587 -0.190625799 -0.510772969 0.72688623 -0.459072307 0.954159237 -0.278238345 -0.110288593 0.993856676 -0.0455576837 -0.1008633 0.991389261 -0.13046366 0.0112501474 0.968316799 -0.244578563 -0.0504371184 0.708560453 0.296199546 0.640474756 0.925185139 0.126737509 0.357729035 0.776046072 0.0931096662 0.623765248 0.733191272 0.407732716 0.544228437 0.483163263 0.547935665 0.682876101 0.574748212 0.394681133 0.716862118 0.464156213 0.876584709 -0.127115137 0.485838062 0.870409364 0.0796800944 0.377634841 0.92594359 -0.00451599037 0.494974134 0.865905934 -0.0721631522 0.429887003 0.844593308 -0.319154051 0.0973129277 0.993277873 -0.0626838256 0.0184300315 0.999692785 0.0165731732 0.192834971 0.968219683 -0.159264935 0.866409532 0.448946165 0.21859063 0.866409545 0.448946142 0.218590628 0.866409531 0.448946161 0.218590644 0.985676344 -0.0949316344 -0.139392 0.970420837 0.129598837 -0.203684907 0.972142771 -0.198327674 -0.124918241 0.94590055 0.266537241 -0.185013642 0.782133838 0.453964524 -0.426828853 0.781750755 0.586108326 -0.212938459 0.782133838 0.453964524 -0.426828853 0.751397705 0.655079966 0.0791942293 0.892765126 0.158384208 0.421764001 0.955159091 -0.27218861 -0.116552439 0.912766479 -0.391231197 -0.117454268 0.938052176 -0.315287465 -0.143707792 0.972035362 -0.170553626 -0.161427121 0.96032156 -0.249639242 -0.12434931 0.934293456 -0.332758943 -0.127934451 0.932159633 -0.343516341 -0.114345715 0.958913399 -0.265778442 -0.0992316111 0.93067988 -0.362971226 -0.0456820575 0.910891995 -0.394065596 -0.122425816 0.888047807 -0.43448775 -0.150304647 0.888047795 -0.434487772 -0.150304658 0.888047795 -0.434487772 -0.150304658 0.943112034 -0.326877035 0.0607543805 0.938481435 -0.333155969 0.0908828706 0.977468602 -0.210466137 -0.0160977585 0.977468602 -0.210466137 -0.0160977585 0.977468599 -0.210466151 -0.0160977611 0.962700695 -0.139879363 -0.23160556 0.962700695 -0.139879345 -0.231605572 0.962700698 -0.139879348 -0.231605558 0.922240807 -0.289181973 -0.256604132 0.922240819 -0.28918195 -0.256604116 0.922240819 -0.28918195 -0.256604116 0.889460787 -0.44178033 -0.117002769 0.889460788 -0.44178033 -0.117002766 0.889460788 -0.44178033 -0.117002766 0.879364318 -0.462750411 -0.112162616 0.879364292 -0.462750458 -0.112162626 0.87936428 -0.462750481 -0.112162629 0.898489278 -0.389689944 -0.202135514 0.898489289 -0.389689919 -0.202135511 0.950850481 -0.249062495 -0.183987054 0.950850489 -0.249062467 -0.18398705 0.950850483 -0.249062498 -0.183987039 0.966598075 -0.150266234 -0.207625194 0.966598075 -0.150266234 -0.207625194 0.966598075 -0.150266234 -0.207625194 0.977170552 -0.106596282 -0.18377961 0.97717055 -0.106596279 -0.183779624 0.977170552 -0.106596282 -0.18377961 0.952343827 -0.266683857 -0.148057269 0.952343827 -0.266683857 -0.148057269 0.952343827 -0.266683857 -0.148057269 0.989458719 -0.144125125 0.0141205793 0.989458722 -0.14412511 0.0141205782 0.989458717 -0.14412514 0.0141205767 0.202151247 0.978101992 -0.0495112843 0.202151233 0.978101995 -0.0495112699 0.202151246 0.978101991 -0.0495112988 -0.112245328 0.90951939 -0.400219273 -0.112245336 0.909519389 -0.400219272 -0.112245328 0.90951939 -0.400219273 0.560358615 0.811815257 -0.16417738 0.560358615 0.811815257 -0.16417738 0.560358615 0.811815257 -0.16417738 -0.374930511 0.662414655 -0.648562978 -0.374930511 0.662414655 -0.648562978 -0.374930511 0.662414655 -0.648562978 0.510661669 0.727000366 -0.459015389 0.510661669 0.727000366 -0.459015389 0.510661669 0.727000366 -0.459015389 0.480055762 0.787572832 -0.386361876 0.480055785 0.787572821 -0.386361871 0.480055785 0.787572821 -0.386361871 0.861090263 0.339295313 -0.378684894 0.794684342 0.382647553 -0.47122993 0.821502836 0.400442887 -0.405929286 0.848393001 0.159912084 -0.504635949 0.873069619 0.0640872852 -0.483365556 0.890892093 0.0645551358 -0.449604173 0.890892081 0.0645551401 -0.449604196 0.890892093 0.0645551367 -0.449604173 0.861090274 0.339295313 -0.378684869 0.861090274 0.339295313 -0.378684869 0.776046072 0.0931096662 0.623765248 0.377634841 0.92594359 -0.00451599037 0.0184300334 0.999692785 0.0165731732 0.0184300334 0.999692785 0.0165731732 0.963555356 0.260432607 -0.0611222791 -0.949798653 -0.263484344 -0.168696531 -0.889832111 -0.352243549 -0.290040164 -0.912106388 -0.314923212 -0.262460105 -0.936831215 -0.241650019 -0.252888401 -0.966826604 -0.135101129 -0.216781001 -0.942879213 -0.18515966 -0.276938063 -0.926185811 -0.225462747 -0.302235659 -0.958687528 -0.167150993 -0.230171173 -0.920105109 -0.234966337 -0.313364659 -0.967979248 -0.0886330416 -0.234862428 -0.971960749 -0.069646469 -0.224592234 -0.967727257 -0.123033531 -0.219924321 -0.985464838 -0.0294896431 -0.167300374 -0.896608461 -0.310021179 -0.316196359 -0.896608461 -0.310021179 -0.316196359 -0.896608451 -0.310021205 -0.31619636 -0.947187213 -0.297944544 -0.118597777 -0.974000696 -0.13529103 -0.181711257 -0.921717948 -0.212280049 -0.324612393 -0.893895479 -0.275268091 -0.353805527 -0.940906988 -0.140140504 -0.308309387 -0.969374205 -0.020365475 -0.244742514 -0.891031237 0.291977765 -0.347580665 -0.952231267 -0.157314682 -0.261739767 -0.95491415 -0.114901645 -0.273745463 -0.990650747 -0.07038463 -0.116863604 -0.989388235 -0.132294154 -0.0600764278 -0.990728963 -0.0726945894 -0.114767673 -0.197063093 0.900021447 0.388751247 -0.202173339 0.871815154 0.4461662 -0.198709285 0.891803676 0.406449041 0.112241936 0.987774743 0.108179505 0.112241936 0.987774743 0.108179505 0.112241936 0.987774743 0.108179505 -0.560459156 0.785094887 0.263650435 -0.560459156 0.785094887 0.263650435 -0.560459156 0.785094885 0.263650442 0.374890654 0.897993144 -0.230359092 0.37489068 0.897993134 -0.230359089 0.374890654 0.897993144 -0.230359092 -0.510773311 0.85903789 -0.0341251894 -0.510773311 0.85903789 -0.0341251894 -0.510773311 0.85903789 -0.0341251894 -0.480149416 0.875190938 0.0591384747 -0.480149416 0.875190938 0.0591384747 0.787750189 0.59775671 -0.148783585 -0.590663627 0.806886594 0.00710665437 -0.830631932 0.540294274 -0.134657681 -0.861225817 0.482898255 -0.1584278 -0.821640534 0.54951931 -0.151444249 -0.794802502 0.566785007 -0.216895685 -0.873116977 0.296800036 -0.38675119 -0.89093096 0.280323946 -0.357296109 -0.89093096 0.280323946 -0.357296109 -0.890930974 0.28032393 -0.357296088 -0.861225814 0.482898256 -0.158427814 -0.950329043 0.293393006 -0.103900215 -0.881333644 0.461664167 -0.10058432 -0.782250247 0.60634553 -0.142932323 -0.985625788 -0.0129104101 -0.168449182 -0.866585748 0.279207865 0.413608642 -0.866585739 0.279207892 0.413608643 -0.866585748 0.279207865 0.413608642 -0.192854255 0.918140385 0.346158157 -0.0184329006 0.857474004 0.514197006 -0.0184329006 0.857474004 0.514197006 -0.0184329006 0.857474004 0.514197006 -0.42997012 0.890994792 0.145787432 -0.429970096 0.890994804 0.145787435 -0.429970096 0.890994804 0.145787435 -0.521963414 0.677996917 0.517565817 -0.52196342 0.67799693 0.517565794 -0.52196342 0.67799693 0.517565794 -0.377707723 0.80414671 0.459004297 -0.377707723 0.80414671 0.459004297 -0.377707723 0.80414671 0.459004297 -0.574853154 -0.016812595 0.818083851 -0.530210198 0.0426687919 0.846791899 -0.419159547 0.235494065 0.876839677 -0.437104773 0.240907921 0.866546474 -0.946728828 0.0269383568 0.32090318 -0.924996727 -0.191091536 0.328428197 -0.944166253 -0.0515766424 0.32540734 -0.77614919 -0.231502523 0.586514294 -0.77614919 -0.231502523 0.586514294 -0.77614919 -0.231502523 0.586514294 -0.963662526 0.25579552 0.0769622444 -0.963662526 0.25579552 0.0769622444 -0.963662526 0.25579552 0.0769622444 -0.972301088 0.233441681 0.0116436949 -0.972301085 0.233441695 0.0116436956 -0.972301085 0.233441695 0.0116436975 -0.857573083 -0.434704807 -0.274954793 -0.990757443 -0.135497699 -0.00632947397 -0.968176042 -0.24902813 -0.0249026411 -0.968176046 -0.249028116 -0.0249026386 -0.968176046 -0.249028116 -0.0249026386 0.959410336 -0.171991741 -0.223496417 0.993856686 0.0109780861 -0.110128875 0.999252092 -0.0314811379 -0.0224542713 0.968316907 -0.186592235 -0.16596899 0.882401058 -0.206953269 0.42253842 0.931657584 -0.0895456237 0.352130271 0.776046401 -0.23124675 0.58675116 0.9442469 -0.0487944316 0.325602357 0.438362169 0.182761883 0.880020854 0.530105996 0.042838015 0.846848592 0.483163434 0.133088657 0.865355711 0.574748442 -0.0166266802 0.81816122 0.464156013 0.822702281 0.328207484 0.485837841 0.713956801 0.504209558 0.37763471 0.804148746 0.459060802 0.494973843 0.785978264 0.370457911 0.429886813 0.891016322 0.145901478 0.0973142219 0.891546051 0.442352326 0.109044432 0.940957055 0.320482655 0.0184323662 0.857473675 0.514197573 0.198688444 0.891800641 0.406465889 0.866409378 0.279503719 0.413778275 0.866409387 0.279503727 0.41377825 0.866409387 0.279503727 0.41377825 0.991070547 -0.0901526087 -0.098242949 0.966200854 0.235037882 -0.105891944 0.972687504 -0.122019065 -0.197459788 0.945900438 0.323335176 -0.0269578536 0.867082802 0.484563628 0.115609275 0.782133726 0.606559399 -0.142662293 0.87729915 0.441691321 0.187763092 0.776046402 -0.231246736 0.586751164 0.776046402 -0.231246736 0.586751164 0.377634684 0.804148756 0.459060807 0.37763471 0.804148746 0.459060802 0.0184323643 0.857473675 0.514197573 0.0184323662 0.857473675 0.514197573 0.985676389 -0.0125169321 -0.168182589 0.985676389 -0.0125169321 -0.168182589 0.985676389 -0.0125169321 -0.168182589 0.7821337 0.606559437 -0.142662278 0.963555238 0.25610285 0.0772828137 0.963555238 0.25610285 0.0772828137 0.963555238 0.25610285 0.0772828137 0.955159191 -0.17744558 -0.237031614 0.912766594 -0.280088709 -0.29733392 0.938052319 -0.201192582 -0.282098195 0.972035417 -0.0669898502 -0.22507667 0.968051967 -0.088279521 -0.234695793 0.920218309 -0.234658642 -0.313262805 0.926287746 -0.225235338 -0.302092792 0.966880729 -0.131885755 -0.218512709 0.936002063 -0.28104457 -0.211929442 0.909921515 -0.282152728 -0.304027424 0.888047833 -0.301124863 -0.347411663 0.908171147 -0.273607893 -0.316802602 0.888047833 -0.301124863 -0.347411663 0.943112131 -0.313460718 -0.110823678 0.973599819 -0.135589674 -0.183626887 0.921810719 -0.212065759 -0.324489002 0.894015932 -0.274969144 -0.353733634 0.958369065 0.0266492056 -0.284286043 0.943558514 0.139033353 -0.300611139 0.973465981 -0.121757055 -0.193750361 -0.01382423 0.975453308 0.219772004 -0.112245465 0.9877765 0.108159796 0.560358497 0.785141414 0.263725832 0.560358497 0.785141414 0.263725832 0.560358497 0.785141416 0.263725825 -0.374930877 0.897949284 -0.230464578 -0.374930877 0.897949284 -0.230464578 -0.374930877 0.897949284 -0.230464578 0.510660858 0.859108961 -0.0340188315 0.495921359 0.86827381 0.0127513519 0.487833122 0.872157838 0.0368720813 0.480054956 0.875239454 0.0591873015 0.510660859 0.859108961 -0.0340188169 0.510660859 0.859108961 -0.0340188169 0.794684789 0.566996906 -0.216773143 0.873069724 0.297183936 -0.386563015 0.890892137 0.280708489 -0.357090947 0.890892111 0.28070852 -0.357090988 0.890892124 0.280708504 -0.357090966 0.861089957 0.483181439 -0.158302822 0.861089954 0.48318144 -0.158302836 0.861089957 0.483181439 -0.158302822 -0.849235473 -0.460880663 0.257658934 -0.675238715 -0.650947093 0.346872542 -0.675238706 -0.650947089 0.346872567 -0.675238715 -0.650947093 0.346872542 -0.849235928 -0.00730210682 0.527963085 -0.675238731 -0.0250736961 0.737172955 -0.675238764 -0.0250737098 0.737172924 -0.675238764 -0.0250737025 0.737172925 -0.849236267 -0.257657674 -0.460879903 -0.675240903 -0.346871436 -0.650945412 -0.675240936 -0.346871434 -0.65094538 -0.675240926 -0.346871458 -0.650945376 -0.849235939 0.00730168912 -0.527963072 -0.675240236 0.025073488 -0.737171584 -0.675240206 0.0250734973 -0.737171611 -0.675240235 0.0250734807 -0.737171585 -0.849236227 -0.527962604 -0.00730207198 -0.675241333 -0.737170576 -0.0250735671 -0.675241363 -0.737170549 -0.0250735579 -0.675241363 -0.737170549 -0.0250735579 -0.84923653 0.45357765 0.270304703 -0.675241073 0.625871833 0.390299811 -0.675241073 0.625871833 0.390299811 -0.67524104 0.625871858 0.390299826 -0.849235948 -0.453578344 -0.270305366 -0.675240266 -0.625872385 -0.390300322 -0.675240266 -0.625872385 -0.390300322 -0.675240266 -0.625872385 -0.390300322 -0.849236379 0.257657472 0.460879811 -0.675238721 0.346871423 0.650947683 -0.675238721 0.346871423 0.650947683 -0.675238721 0.346871423 0.650947683 -0.849235904 -0.270305259 0.45357849 -0.67524023 -0.390300241 0.625872474 -0.675240262 -0.390300225 0.625872449 -0.67524023 -0.390300241 0.625872474 -0.84923696 0.527961426 0.00730194394 -0.675242466 0.737169549 0.0250732556 -0.675242466 0.737169549 0.0250732482 -0.675242466 0.737169549 0.0250732482 -0.849236749 0.270304607 -0.453577296 -0.675240432 0.390300758 -0.625871933 -0.675240432 0.390300758 -0.625871933 -0.675240432 0.390300758 -0.625871933 -0.849235932 0.460880892 -0.257657011 -0.675239544 0.650947314 -0.346870513 -0.675239502 0.650947336 -0.346870552 -0.675239535 0.65094731 -0.346870538</float_array>
        <technique_common><accessor source="#vfx_kurp_1153-mesh-normals-array" count="4074" stride="3"><param name="X" type="float"/><param name="Y" type="float"/><param name="Z" type="float"/></accessor></technique_common>
      </source>
      <source id="vfx_kurp_1153-mesh-uv0">
        <float_array id="vfx_kurp_1153-mesh-uv0-array" count="8148">0.162075415 0.87854445 0.249724701 0.897325993 0.276255935 0.946554482 0.483642787 0.762533247 0.440085113 0.849932671 0.439420968 0.793346524 0.424314827 0.915914834 0.389158994 0.863002479 0.391719878 0.976407886 0.389158994 0.863002479 0.424314827 0.915914834 0.389158994 0.863002479 0.391719878 0.976407886 0.355319023 0.915833592 0.306442142 0.919959486 0.325123966 0.8862257 0.203265801 0.86044842 0.164704725 0.814240038 0.117532104 0.841756165 0.117532104 0.841756165 0.162075415 0.87854445 0.166497752 0.916540504 0.249475762 0.958397269 0.249475762 0.958397269 0.249724701 0.897325993 0.306442142 0.919959486 0.276255935 0.946554482 0.380605787 0.789210081 0.302332491 0.769867063 0.380605787 0.789210081 0.310060501 0.725577831 0.227213174 0.702962637 0.24796769 0.750169396 0.198489249 0.751457512 0.221146449 0.80214107 0.24796769 0.750169396 0.302332491 0.769867063 0.221146449 0.80214107 0.108789086 0.794099271 0.138366848 0.735506773 0.158841506 0.690885305 0.218414351 0.673592806 0.271006316 0.663031101 0.386719167 0.684141994 0.375284433 0.64402318 0.476801723 0.634328008 0.386719167 0.684141994 0.375284433 0.64402318 0.43201673 0.695362091 0.508215785 0.692402124 0.56484884 0.6578812 0.573667824 0.752567708 0.53855288 0.75622201 0.540123522 0.799585104 0.598130345 0.604373813 0.533584118 0.587474167 0.383941382 0.56918335 0.383941382 0.56918335 0.253769606 0.592712522 0.178808421 0.627472639 0.113383792 0.616881132 0.0855200961 0.720493317 0.0546867289 0.78385514 0.0546867289 0.78385514 0.108789086 0.794099271 0.0162362996 0.857910395 0.0717283562 0.881827116 0.452974379 0.74272418 0.409005672 0.751351833 0.409005672 0.751351833 0.439420968 0.793346524 0.452974379 0.74272418 0.483642787 0.762533247 0.636663198 0.710242271 0.623592377 0.782432258 0.554562807 0.854676247 0.510417938 0.84160471 0.467929691 0.872593999 0.509391189 0.880027056 0.466414869 0.900697351 0.481393486 0.939742148 0.577549279 0.905471623 0.510417938 0.84160471 0.554562807 0.854676247 0.509391189 0.880027056 0.672968686 0.608277977 0.700402737 0.72340095 0.636663198 0.710242271 0.700402737 0.72340095 0.623592377 0.782432258 0.727482677 0.788153946 0.689370215 0.826557398 0.755129933 0.865073681 0.689370215 0.826557398 0.755129933 0.865073681 0.644634485 0.835246563 0.702450097 0.886202216 0.644634485 0.835246563 0.755129933 0.865073681 0.623162389 0.945263624 0.577549279 0.905471623 0.537308395 0.979322851 0.481393486 0.939742148 0.391719878 0.976407886 0.391719878 0.976407886 0.467929691 0.872593999 0.440085113 0.849932671 0.623592377 0.782432258 0.577549279 0.905471623 0.554562807 0.854676247 0.162075415 0.87854445 0.249724701 0.897325993 0.276255935 0.946554482 0.162075415 0.87854445 0.249724701 0.897325993 0.276255935 0.946554482 0.483642787 0.762533247 0.440085113 0.849932671 0.439420968 0.793346524 0.424314827 0.915914834 0.389158994 0.863002479 0.391719878 0.976407886 0.389158994 0.863002479 0.424314827 0.915914834 0.389158994 0.863002479 0.391719878 0.976407886 0.355319023 0.915833592 0.306442142 0.919959486 0.325123966 0.8862257 0.203265801 0.86044842 0.164704725 0.814240038 0.117532104 0.841756165 0.117532104 0.841756165 0.162075415 0.87854445 0.166497752 0.916540504 0.249475762 0.958397269 0.249475762 0.958397269 0.306442142 0.919959486 0.483642787 0.762533247 0.440085113 0.849932671 0.439420968 0.793346524 0.439420968 0.793346524 0.424314827 0.915914834 0.389158994 0.863002479 0.391719878 0.976407886 0.391719878 0.976407886 0.355319023 0.915833592 0.306442142 0.919959486 0.355319023 0.915833592 0.117532104 0.841756165 0.166497752 0.916540504 0.380605787 0.789210081 0.302332491 0.769867063 0.380605787 0.789210081 0.310060501 0.725577831 0.227213174 0.702962637 0.24796769 0.750169396 0.198489249 0.751457512 0.221146449 0.80214107 0.24796769 0.750169396 0.302332491 0.769867063 0.221146449 0.80214107 0.302332491 0.769867063 0.380605787 0.789210081 0.389158994 0.863002479 0.108789086 0.794099271 0.138366848 0.735506773 0.158841506 0.690885305 0.218414351 0.673592806 0.271006316 0.663031101 0.386719167 0.684141994 0.375284433 0.64402318 0.476801723 0.634328008 0.386719167 0.684141994 0.375284433 0.64402318 0.43201673 0.695362091 0.508215785 0.692402124 0.56484884 0.6578812 0.573667824 0.752567708 0.53855288 0.75622201 0.540123522 0.799585104 0.218414351 0.673592806 0.198489249 0.751457512 0.158841506 0.690885305 0.476801723 0.634328008 0.386719167 0.684141994 0.375284433 0.64402318 0.452974379 0.74272418 0.409005672 0.751351833 0.409005672 0.751351833 0.452974379 0.74272418 0.598130345 0.604373813 0.636663198 0.710242271 0.623592377 0.782432258 0.554562807 0.854676247 0.510417938 0.84160471 0.467929691 0.872593999 0.509391189 0.880027056 0.466414869 0.900697351 0.481393486 0.939742148 0.577549279 0.905471623 0.510417938 0.84160471 0.554562807 0.854676247 0.509391189 0.880027056 0.598130345 0.604373813 0.636663198 0.710242271 0.56484884 0.6578812 0.672968686 0.608277977 0.700402737 0.72340095 0.700402737 0.72340095 0.623592377 0.782432258 0.727482677 0.788153946 0.623592377 0.782432258 0.700402737 0.72340095 0.623592377 0.782432258 0.727482677 0.788153946 0.689370215 0.826557398 0.755129933 0.865073681 0.689370215 0.826557398 0.727482677 0.788153946 0.689370215 0.826557398 0.755129933 0.865073681 0.644634485 0.835246563 0.702450097 0.886202216 0.644634485 0.835246563 0.755129933 0.865073681 0.623162389 0.945263624 0.644634485 0.835246563 0.623162389 0.945263624 0.577549279 0.905471623 0.537308395 0.979322851 0.577549279 0.905471623 0.623162389 0.945263624 0.577549279 0.905471623 0.537308395 0.979322851 0.481393486 0.939742148 0.391719878 0.976407886 0.481393486 0.939742148 0.537308395 0.979322851 0.391719878 0.976407886 0.467929691 0.872593999 0.623592377 0.782432258 0.577549279 0.905471623 0.554562807 0.854676247 0.533584118 0.587474167 0.383941382 0.56918335 0.383941382 0.56918335 0.253769606 0.592712522 0.178808421 0.627472639 0.113383792 0.616881132 0.0855200961 0.720493317 0.0855200961 0.720493317 0.108789086 0.794099271 0.0546867289 0.78385514 0.0546867289 0.78385514 0.108789086 0.794099271 0.0162362996 0.857910395 0.0717283562 0.881827116 0.166497752 0.916540504 0.0717283562 0.881827116 0.117532104 0.841756165 0.162075415 0.87854445 0.249724701 0.897325993 0.276255935 0.946554482 0.162075415 0.87854445 0.249724701 0.897325993 0.276255935 0.946554482 0.483642787 0.762533247 0.440085113 0.849932671 0.439420968 0.793346524 0.424314827 0.915914834 0.389158994 0.863002479 0.391719878 0.976407886 0.389158994 0.863002479 0.424314827 0.915914834 0.389158994 0.863002479 0.391719878 0.976407886 0.355319023 0.915833592 0.306442142 0.919959486 0.325123966 0.8862257 0.203265801 0.86044842 0.164704725 0.814240038 0.117532104 0.841756165 0.117532104 0.841756165 0.162075415 0.87854445 0.166497752 0.916540504 0.249475762 0.958397269 0.249475762 0.958397269 0.306442142 0.919959486 0.483642787 0.762533247 0.440085113 0.849932671 0.439420968 0.793346524 0.439420968 0.793346524 0.424314827 0.915914834 0.389158994 0.863002479 0.391719878 0.976407886 0.391719878 0.976407886 0.355319023 0.915833592 0.306442142 0.919959486 0.355319023 0.915833592 0.117532104 0.841756165 0.166497752 0.916540504 0.380605787 0.789210081 0.302332491 0.769867063 0.380605787 0.789210081 0.310060501 0.725577831 0.227213174 0.702962637 0.24796769 0.750169396 0.198489249 0.751457512 0.221146449 0.80214107 0.24796769 0.750169396 0.302332491 0.769867063 0.221146449 0.80214107 0.302332491 0.769867063 0.380605787 0.789210081 0.389158994 0.863002479 0.108789086 0.794099271 0.138366848 0.735506773 0.158841506 0.690885305 0.218414351 0.673592806 0.271006316 0.663031101 0.386719167 0.684141994 0.375284433 0.64402318 0.476801723 0.634328008 0.386719167 0.684141994 0.375284433 0.64402318 0.43201673 0.695362091 0.508215785 0.692402124 0.56484884 0.6578812 0.573667824 0.752567708 0.53855288 0.75622201 0.540123522 0.799585104 0.218414351 0.673592806 0.198489249 0.751457512 0.158841506 0.690885305 0.476801723 0.634328008 0.386719167 0.684141994 0.375284433 0.64402318 0.452974379 0.74272418 0.409005672 0.751351833 0.409005672 0.751351833 0.452974379 0.74272418 0.598130345 0.604373813 0.636663198 0.710242271 0.623592377 0.782432258 0.554562807 0.854676247 0.510417938 0.84160471 0.467929691 0.872593999 0.509391189 0.880027056 0.466414869 0.900697351 0.481393486 0.939742148 0.577549279 0.905471623 0.510417938 0.84160471 0.554562807 0.854676247 0.509391189 0.880027056 0.598130345 0.604373813 0.636663198 0.710242271 0.56484884 0.6578812 0.672968686 0.608277977 0.700402737 0.72340095 0.700402737 0.72340095 0.623592377 0.782432258 0.727482677 0.788153946 0.623592377 0.782432258 0.700402737 0.72340095 0.623592377 0.782432258 0.727482677 0.788153946 0.689370215 0.826557398 0.755129933 0.865073681 0.689370215 0.826557398 0.727482677 0.788153946 0.689370215 0.826557398 0.755129933 0.865073681 0.644634485 0.835246563 0.702450097 0.886202216 0.644634485 0.835246563 0.755129933 0.865073681 0.623162389 0.945263624 0.644634485 0.835246563 0.623162389 0.945263624 0.577549279 0.905471623 0.537308395 0.979322851 0.577549279 0.905471623 0.623162389 0.945263624 0.577549279 0.905471623 0.537308395 0.979322851 0.481393486 0.939742148 0.391719878 0.976407886 0.481393486 0.939742148 0.537308395 0.979322851 0.391719878 0.976407886 0.467929691 0.872593999 0.623592377 0.782432258 0.577549279 0.905471623 0.554562807 0.854676247 0.533584118 0.587474167 0.383941382 0.56918335 0.383941382 0.56918335 0.253769606 0.592712522 0.178808421 0.627472639 0.113383792 0.616881132 0.0855200961 0.720493317 0.0855200961 0.720493317 0.108789086 0.794099271 0.0546867289 0.78385514 0.0546867289 0.78385514 0.108789086 0.794099271 0.0162362996 0.857910395 0.0717283562 0.881827116 0.166497752 0.916540504 0.0717283562 0.881827116 0.117532104 0.841756165 0.162075415 0.87854445 0.249724701 0.897325993 0.276255935 0.946554482 0.162075415 0.87854445 0.249724701 0.897325993 0.276255935 0.946554482 0.483642787 0.762533247 0.440085113 0.849932671 0.439420968 0.793346524 0.424314827 0.915914834 0.389158994 0.863002479 0.391719878 0.976407886 0.389158994 0.863002479 0.424314827 0.915914834 0.389158994 0.863002479 0.391719878 0.976407886 0.355319023 0.915833592 0.306442142 0.919959486 0.325123966 0.8862257 0.203265801 0.86044842 0.164704725 0.814240038 0.117532104 0.841756165 0.117532104 0.841756165 0.162075415 0.87854445 0.166497752 0.916540504 0.249475762 0.958397269 0.249475762 0.958397269 0.306442142 0.919959486 0.483642787 0.762533247 0.440085113 0.849932671 0.439420968 0.793346524 0.439420968 0.793346524 0.424314827 0.915914834 0.389158994 0.863002479 0.391719878 0.976407886 0.391719878 0.976407886 0.355319023 0.915833592 0.306442142 0.919959486 0.355319023 0.915833592 0.117532104 0.841756165 0.166497752 0.916540504 0.380605787 0.789210081 0.302332491 0.769867063 0.380605787 0.789210081 0.310060501 0.725577831 0.227213174 0.702962637 0.24796769 0.750169396 0.198489249 0.751457512 0.221146449 0.80214107 0.24796769 0.750169396 0.302332491 0.769867063 0.221146449 0.80214107 0.302332491 0.769867063 0.380605787 0.789210081 0.389158994 0.863002479 0.108789086 0.794099271 0.138366848 0.735506773 0.158841506 0.690885305 0.218414351 0.673592806 0.271006316 0.663031101 0.386719167 0.684141994 0.375284433 0.64402318 0.476801723 0.634328008 0.386719167 0.684141994 0.375284433 0.64402318 0.43201673 0.695362091 0.508215785 0.692402124 0.56484884 0.6578812 0.573667824 0.752567708 0.53855288 0.75622201 0.540123522 0.799585104 0.218414351 0.673592806 0.198489249 0.751457512 0.158841506 0.690885305 0.476801723 0.634328008 0.386719167 0.684141994 0.375284433 0.64402318 0.452974379 0.74272418 0.409005672 0.751351833 0.409005672 0.751351833 0.452974379 0.74272418 0.598130345 0.604373813 0.636663198 0.710242271 0.623592377 0.782432258 0.554562807 0.854676247 0.510417938 0.84160471 0.467929691 0.872593999 0.509391189 0.880027056 0.466414869 0.900697351 0.481393486 0.939742148 0.577549279 0.905471623 0.510417938 0.84160471 0.554562807 0.854676247 0.509391189 0.880027056 0.598130345 0.604373813 0.636663198 0.710242271 0.56484884 0.6578812 0.672968686 0.608277977 0.700402737 0.72340095 0.700402737 0.72340095 0.623592377 0.782432258 0.727482677 0.788153946 0.623592377 0.782432258 0.700402737 0.72340095 0.623592377 0.782432258 0.727482677 0.788153946 0.689370215 0.826557398 0.755129933 0.865073681 0.689370215 0.826557398 0.727482677 0.788153946 0.689370215 0.826557398 0.755129933 0.865073681 0.644634485 0.835246563 0.702450097 0.886202216 0.644634485 0.835246563 0.755129933 0.865073681 0.623162389 0.945263624 0.644634485 0.835246563 0.623162389 0.945263624 0.577549279 0.905471623 0.537308395 0.979322851 0.577549279 0.905471623 0.623162389 0.945263624 0.577549279 0.905471623 0.537308395 0.979322851 0.481393486 0.939742148 0.391719878 0.976407886 0.481393486 0.939742148 0.537308395 0.979322851 0.391719878 0.976407886 0.467929691 0.872593999 0.623592377 0.782432258 0.577549279 0.905471623 0.554562807 0.854676247 0.533584118 0.587474167 0.383941382 0.56918335 0.383941382 0.56918335 0.253769606 0.592712522 0.178808421 0.627472639 0.113383792 0.616881132 0.0855200961 0.720493317 0.0855200961 0.720493317 0.108789086 0.794099271 0.0546867289 0.78385514 0.0546867289 0.78385514 0.108789086 0.794099271 0.0162362996 0.857910395 0.0717283562 0.881827116 0.166497752 0.916540504 0.0717283562 0.881827116 0.117532104 0.841756165 0.162075415 0.87854445 0.249724701 0.897325993 0.276255935 0.946554482 0.162075415 0.87854445 0.249724701 0.897325993 0.276255935 0.946554482 0.483642787 0.762533247 0.440085113 0.849932671 0.439420968 0.793346524 0.424314827 0.915914834 0.389158994 0.863002479 0.391719878 0.976407886 0.389158994 0.863002479 0.424314827 0.915914834 0.389158994 0.863002479 0.391719878 0.976407886 0.355319023 0.915833592 0.306442142 0.919959486 0.325123966 0.8862257 0.203265801 0.86044842 0.164704725 0.814240038 0.117532104 0.841756165 0.117532104 0.841756165 0.162075415 0.87854445 0.166497752 0.916540504 0.249475762 0.958397269 0.249475762 0.958397269 0.306442142 0.919959486 0.483642787 0.762533247 0.440085113 0.849932671 0.439420968 0.793346524 0.439420968 0.793346524 0.424314827 0.915914834 0.389158994 0.863002479 0.391719878 0.976407886 0.391719878 0.976407886 0.355319023 0.915833592 0.306442142 0.919959486 0.355319023 0.915833592 0.117532104 0.841756165 0.166497752 0.916540504 0.380605787 0.789210081 0.302332491 0.769867063 0.380605787 0.789210081 0.310060501 0.725577831 0.227213174 0.702962637 0.24796769 0.750169396 0.198489249 0.751457512 0.221146449 0.80214107 0.24796769 0.750169396 0.302332491 0.769867063 0.221146449 0.80214107 0.302332491 0.769867063 0.380605787 0.789210081 0.389158994 0.863002479 0.108789086 0.794099271 0.138366848 0.735506773 0.158841506 0.690885305 0.218414351 0.673592806 0.271006316 0.663031101 0.386719167 0.684141994 0.375284433 0.64402318 0.476801723 0.634328008 0.386719167 0.684141994 0.375284433 0.64402318 0.43201673 0.695362091 0.508215785 0.692402124 0.56484884 0.6578812 0.573667824 0.752567708 0.53855288 0.75622201 0.540123522 0.799585104 0.218414351 0.673592806 0.198489249 0.751457512 0.158841506 0.690885305 0.476801723 0.634328008 0.386719167 0.684141994 0.375284433 0.64402318 0.452974379 0.74272418 0.409005672 0.751351833 0.409005672 0.751351833 0.452974379 0.74272418 0.598130345 0.604373813 0.636663198 0.710242271 0.623592377 0.782432258 0.554562807 0.854676247 0.510417938 0.84160471 0.467929691 0.872593999 0.509391189 0.880027056 0.466414869 0.900697351 0.481393486 0.939742148 0.577549279 0.905471623 0.510417938 0.84160471 0.554562807 0.854676247 0.509391189 0.880027056 0.598130345 0.604373813 0.636663198 0.710242271 0.56484884 0.6578812 0.672968686 0.608277977 0.700402737 0.72340095 0.700402737 0.72340095 0.623592377 0.782432258 0.727482677 0.788153946 0.623592377 0.782432258 0.700402737 0.72340095 0.623592377 0.782432258 0.727482677 0.788153946 0.689370215 0.826557398 0.755129933 0.865073681 0.689370215 0.826557398 0.727482677 0.788153946 0.689370215 0.826557398 0.755129933 0.865073681 0.644634485 0.835246563 0.702450097 0.886202216 0.644634485 0.835246563 0.755129933 0.865073681 0.623162389 0.945263624 0.644634485 0.835246563 0.623162389 0.945263624 0.577549279 0.905471623 0.537308395 0.979322851 0.577549279 0.905471623 0.623162389 0.945263624 0.577549279 0.905471623 0.537308395 0.979322851 0.481393486 0.939742148 0.391719878 0.976407886 0.481393486 0.939742148 0.537308395 0.979322851 0.391719878 0.976407886 0.467929691 0.872593999 0.623592377 0.782432258 0.577549279 0.905471623 0.554562807 0.854676247 0.533584118 0.587474167 0.383941382 0.56918335 0.383941382 0.56918335 0.253769606 0.592712522 0.178808421 0.627472639 0.113383792 0.616881132 0.0855200961 0.720493317 0.0855200961 0.720493317 0.108789086 0.794099271 0.0546867289 0.78385514 0.0546867289 0.78385514 0.108789086 0.794099271 0.0162362996 0.857910395 0.0717283562 0.881827116 0.166497752 0.916540504 0.0717283562 0.881827116 0.117532104 0.841756165 0.162075415 0.87854445 0.249724701 0.897325993 0.276255935 0.946554482 0.162075415 0.87854445 0.249724701 0.897325993 0.276255935 0.946554482 0.483642787 0.762533247 0.440085113 0.849932671 0.439420968 0.793346524 0.424314827 0.915914834 0.389158994 0.863002479 0.391719878 0.976407886 0.389158994 0.863002479 0.424314827 0.915914834 0.389158994 0.863002479 0.391719878 0.976407886 0.355319023 0.915833592 0.306442142 0.919959486 0.325123966 0.8862257 0.203265801 0.86044842 0.164704725 0.814240038 0.117532104 0.841756165 0.117532104 0.841756165 0.162075415 0.87854445 0.166497752 0.916540504 0.249475762 0.958397269 0.249475762 0.958397269 0.306442142 0.919959486 0.483642787 0.762533247 0.440085113 0.849932671 0.439420968 0.793346524 0.439420968 0.793346524 0.424314827 0.915914834 0.389158994 0.863002479 0.391719878 0.976407886 0.391719878 0.976407886 0.355319023 0.915833592 0.306442142 0.919959486 0.355319023 0.915833592 0.117532104 0.841756165 0.166497752 0.916540504 0.380605787 0.789210081 0.302332491 0.769867063 0.380605787 0.789210081 0.310060501 0.725577831 0.227213174 0.702962637 0.24796769 0.750169396 0.198489249 0.751457512 0.221146449 0.80214107 0.24796769 0.750169396 0.302332491 0.769867063 0.221146449 0.80214107 0.302332491 0.769867063 0.380605787 0.789210081 0.389158994 0.863002479 0.108789086 0.794099271 0.138366848 0.735506773 0.158841506 0.690885305 0.218414351 0.673592806 0.271006316 0.663031101 0.386719167 0.684141994 0.375284433 0.64402318 0.476801723 0.634328008 0.386719167 0.684141994 0.375284433 0.64402318 0.43201673 0.695362091 0.508215785 0.692402124 0.56484884 0.6578812 0.573667824 0.752567708 0.53855288 0.75622201 0.540123522 0.799585104 0.218414351 0.673592806 0.198489249 0.751457512 0.158841506 0.690885305 0.476801723 0.634328008 0.386719167 0.684141994 0.375284433 0.64402318 0.452974379 0.74272418 0.409005672 0.751351833 0.409005672 0.751351833 0.452974379 0.74272418 0.598130345 0.604373813 0.636663198 0.710242271 0.623592377 0.782432258 0.554562807 0.854676247 0.510417938 0.84160471 0.467929691 0.872593999 0.509391189 0.880027056 0.466414869 0.900697351 0.481393486 0.939742148 0.577549279 0.905471623 0.510417938 0.84160471 0.554562807 0.854676247 0.509391189 0.880027056 0.598130345 0.604373813 0.636663198 0.710242271 0.56484884 0.6578812 0.672968686 0.608277977 0.700402737 0.72340095 0.700402737 0.72340095 0.623592377 0.782432258 0.727482677 0.788153946 0.623592377 0.782432258 0.700402737 0.72340095 0.623592377 0.782432258 0.727482677 0.788153946 0.689370215 0.826557398 0.755129933 0.865073681 0.689370215 0.826557398 0.727482677 0.788153946 0.689370215 0.826557398 0.755129933 0.865073681 0.644634485 0.835246563 0.702450097 0.886202216 0.644634485 0.835246563 0.755129933 0.865073681 0.623162389 0.945263624 0.644634485 0.835246563 0.623162389 0.945263624 0.577549279 0.905471623 0.537308395 0.979322851 0.577549279 0.905471623 0.623162389 0.945263624 0.577549279 0.905471623 0.537308395 0.979322851 0.481393486 0.939742148 0.391719878 0.976407886 0.481393486 0.939742148 0.537308395 0.979322851 0.391719878 0.976407886 0.467929691 0.872593999 0.623592377 0.782432258 0.577549279 0.905471623 0.554562807 0.854676247 0.533584118 0.587474167 0.383941382 0.56918335 0.383941382 0.56918335 0.253769606 0.592712522 0.178808421 0.627472639 0.113383792 0.616881132 0.0855200961 0.720493317 0.0855200961 0.720493317 0.108789086 0.794099271 0.0546867289 0.78385514 0.0546867289 0.78385514 0.108789086 0.794099271 0.0162362996 0.857910395 0.0717283562 0.881827116 0.166497752 0.916540504 0.0717283562 0.881827116 0.117532104 0.841756165 0.162075415 0.87854445 0.249724701 0.897325993 0.276255935 0.946554482 0.162075415 0.87854445 0.249724701 0.897325993 0.276255935 0.946554482 0.483642787 0.762533247 0.440085113 0.849932671 0.439420968 0.793346524 0.424314827 0.915914834 0.389158994 0.863002479 0.391719878 0.976407886 0.389158994 0.863002479 0.424314827 0.915914834 0.389158994 0.863002479 0.391719878 0.976407886 0.355319023 0.915833592 0.306442142 0.919959486 0.325123966 0.8862257 0.203265801 0.86044842 0.164704725 0.814240038 0.117532104 0.841756165 0.117532104 0.841756165 0.162075415 0.87854445 0.166497752 0.916540504 0.249475762 0.958397269 0.249475762 0.958397269 0.306442142 0.919959486 0.483642787 0.762533247 0.440085113 0.849932671 0.439420968 0.793346524 0.439420968 0.793346524 0.424314827 0.915914834 0.389158994 0.863002479 0.391719878 0.976407886 0.391719878 0.976407886 0.355319023 0.915833592 0.306442142 0.919959486 0.355319023 0.915833592 0.117532104 0.841756165 0.166497752 0.916540504 0.380605787 0.789210081 0.302332491 0.769867063 0.380605787 0.789210081 0.310060501 0.725577831 0.227213174 0.702962637 0.24796769 0.750169396 0.198489249 0.751457512 0.221146449 0.80214107 0.24796769 0.750169396 0.302332491 0.769867063 0.221146449 0.80214107 0.302332491 0.769867063 0.380605787 0.789210081 0.389158994 0.863002479 0.108789086 0.794099271 0.138366848 0.735506773 0.158841506 0.690885305 0.218414351 0.673592806 0.271006316 0.663031101 0.386719167 0.684141994 0.375284433 0.64402318 0.476801723 0.634328008 0.386719167 0.684141994 0.375284433 0.64402318 0.43201673 0.695362091 0.508215785 0.692402124 0.56484884 0.6578812 0.573667824 0.752567708 0.53855288 0.75622201 0.540123522 0.799585104 0.218414351 0.673592806 0.198489249 0.751457512 0.158841506 0.690885305 0.476801723 0.634328008 0.386719167 0.684141994 0.375284433 0.64402318 0.452974379 0.74272418 0.409005672 0.751351833 0.409005672 0.751351833 0.452974379 0.74272418 0.598130345 0.604373813 0.636663198 0.710242271 0.623592377 0.782432258 0.554562807 0.854676247 0.510417938 0.84160471 0.467929691 0.872593999 0.509391189 0.880027056 0.466414869 0.900697351 0.481393486 0.939742148 0.577549279 0.905471623 0.510417938 0.84160471 0.554562807 0.854676247 0.509391189 0.880027056 0.598130345 0.604373813 0.636663198 0.710242271 0.56484884 0.6578812 0.672968686 0.608277977 0.700402737 0.72340095 0.700402737 0.72340095 0.623592377 0.782432258 0.727482677 0.788153946 0.623592377 0.782432258 0.700402737 0.72340095 0.623592377 0.782432258 0.727482677 0.788153946 0.689370215 0.826557398 0.755129933 0.865073681 0.689370215 0.826557398 0.727482677 0.788153946 0.689370215 0.826557398 0.755129933 0.865073681 0.644634485 0.835246563 0.702450097 0.886202216 0.644634485 0.835246563 0.755129933 0.865073681 0.623162389 0.945263624 0.644634485 0.835246563 0.623162389 0.945263624 0.577549279 0.905471623 0.537308395 0.979322851 0.577549279 0.905471623 0.623162389 0.945263624 0.577549279 0.905471623 0.537308395 0.979322851 0.481393486 0.939742148 0.391719878 0.976407886 0.481393486 0.939742148 0.537308395 0.979322851 0.391719878 0.976407886 0.467929691 0.872593999 0.623592377 0.782432258 0.577549279 0.905471623 0.554562807 0.854676247 0.533584118 0.587474167 0.383941382 0.56918335 0.383941382 0.56918335 0.253769606 0.592712522 0.178808421 0.627472639 0.113383792 0.616881132 0.0855200961 0.720493317 0.0855200961 0.720493317 0.108789086 0.794099271 0.0546867289 0.78385514 0.0546867289 0.78385514 0.108789086 0.794099271 0.0162362996 0.857910395 0.0717283562 0.881827116 0.166497752 0.916540504 0.0717283562 0.881827116 0.117532104 0.841756165 0.162075415 0.87854445 0.249724701 0.897325993 0.276255935 0.946554482 0.162075415 0.87854445 0.249724701 0.897325993 0.276255935 0.946554482 0.483642787 0.762533247 0.440085113 0.849932671 0.439420968 0.793346524 0.424314827 0.915914834 0.389158994 0.863002479 0.391719878 0.976407886 0.389158994 0.863002479 0.424314827 0.915914834 0.389158994 0.863002479 0.391719878 0.976407886 0.355319023 0.915833592 0.306442142 0.919959486 0.325123966 0.8862257 0.203265801 0.86044842 0.164704725 0.814240038 0.117532104 0.841756165 0.117532104 0.841756165 0.162075415 0.87854445 0.166497752 0.916540504 0.249475762 0.958397269 0.249475762 0.958397269 0.306442142 0.919959486 0.483642787 0.762533247 0.440085113 0.849932671 0.439420968 0.793346524 0.439420968 0.793346524 0.424314827 0.915914834 0.389158994 0.863002479 0.391719878 0.976407886 0.391719878 0.976407886 0.355319023 0.915833592 0.306442142 0.919959486 0.355319023 0.915833592 0.117532104 0.841756165 0.166497752 0.916540504 0.380605787 0.789210081 0.302332491 0.769867063 0.380605787 0.789210081 0.310060501 0.725577831 0.227213174 0.702962637 0.24796769 0.750169396 0.198489249 0.751457512 0.221146449 0.80214107 0.24796769 0.750169396 0.302332491 0.769867063 0.221146449 0.80214107 0.302332491 0.769867063 0.380605787 0.789210081 0.389158994 0.863002479 0.108789086 0.794099271 0.138366848 0.735506773 0.158841506 0.690885305 0.218414351 0.673592806 0.271006316 0.663031101 0.386719167 0.684141994 0.375284433 0.64402318 0.476801723 0.634328008 0.386719167 0.684141994 0.375284433 0.64402318 0.43201673 0.695362091 0.508215785 0.692402124 0.56484884 0.6578812 0.573667824 0.752567708 0.53855288 0.75622201 0.540123522 0.799585104 0.218414351 0.673592806 0.198489249 0.751457512 0.158841506 0.690885305 0.476801723 0.634328008 0.386719167 0.684141994 0.375284433 0.64402318 0.452974379 0.74272418 0.409005672 0.751351833 0.409005672 0.751351833 0.452974379 0.74272418 0.598130345 0.604373813 0.636663198 0.710242271 0.623592377 0.782432258 0.554562807 0.854676247 0.510417938 0.84160471 0.467929691 0.872593999 0.509391189 0.880027056 0.466414869 0.900697351 0.481393486 0.939742148 0.577549279 0.905471623 0.510417938 0.84160471 0.554562807 0.854676247 0.509391189 0.880027056 0.598130345 0.604373813 0.636663198 0.710242271 0.56484884 0.6578812 0.672968686 0.608277977 0.700402737 0.72340095 0.700402737 0.72340095 0.623592377 0.782432258 0.727482677 0.788153946 0.623592377 0.782432258 0.700402737 0.72340095 0.623592377 0.782432258 0.727482677 0.788153946 0.689370215 0.826557398 0.755129933 0.865073681 0.689370215 0.826557398 0.727482677 0.788153946 0.689370215 0.826557398 0.755129933 0.865073681 0.644634485 0.835246563 0.702450097 0.886202216 0.644634485 0.835246563 0.755129933 0.865073681 0.623162389 0.945263624 0.644634485 0.835246563 0.623162389 0.945263624 0.577549279 0.905471623 0.537308395 0.979322851 0.577549279 0.905471623 0.623162389 0.945263624 0.577549279 0.905471623 0.537308395 0.979322851 0.481393486 0.939742148 0.391719878 0.976407886 0.481393486 0.939742148 0.537308395 0.979322851 0.391719878 0.976407886 0.467929691 0.872593999 0.623592377 0.782432258 0.577549279 0.905471623 0.554562807 0.854676247 0.533584118 0.587474167 0.383941382 0.56918335 0.383941382 0.56918335 0.253769606 0.592712522 0.178808421 0.627472639 0.113383792 0.616881132 0.0855200961 0.720493317 0.0855200961 0.720493317 0.108789086 0.794099271 0.0546867289 0.78385514 0.0546867289 0.78385514 0.108789086 0.794099271 0.0162362996 0.857910395 0.0717283562 0.881827116 0.166497752 0.916540504 0.0717283562 0.881827116 0.117532104 0.841756165 0.162075415 0.87854445 0.249724701 0.897325993 0.276255935 0.946554482 0.162075415 0.87854445 0.249724701 0.897325993 0.276255935 0.946554482 0.483642787 0.762533247 0.440085113 0.849932671 0.439420968 0.793346524 0.424314827 0.915914834 0.389158994 0.863002479 0.391719878 0.976407886 0.389158994 0.863002479 0.424314827 0.915914834 0.389158994 0.863002479 0.391719878 0.976407886 0.355319023 0.915833592 0.306442142 0.919959486 0.325123966 0.8862257 0.203265801 0.86044842 0.164704725 0.814240038 0.117532104 0.841756165 0.117532104 0.841756165 0.162075415 0.87854445 0.166497752 0.916540504 0.249475762 0.958397269 0.249475762 0.958397269 0.306442142 0.919959486 0.483642787 0.762533247 0.440085113 0.849932671 0.439420968 0.793346524 0.439420968 0.793346524 0.424314827 0.915914834 0.389158994 0.863002479 0.391719878 0.976407886 0.391719878 0.976407886 0.355319023 0.915833592 0.306442142 0.919959486 0.355319023 0.915833592 0.117532104 0.841756165 0.166497752 0.916540504 0.380605787 0.789210081 0.302332491 0.769867063 0.380605787 0.789210081 0.310060501 0.725577831 0.227213174 0.702962637 0.24796769 0.750169396 0.198489249 0.751457512 0.221146449 0.80214107 0.24796769 0.750169396 0.302332491 0.769867063 0.221146449 0.80214107 0.302332491 0.769867063 0.380605787 0.789210081 0.389158994 0.863002479 0.108789086 0.794099271 0.138366848 0.735506773 0.158841506 0.690885305 0.218414351 0.673592806 0.271006316 0.663031101 0.386719167 0.684141994 0.375284433 0.64402318 0.476801723 0.634328008 0.386719167 0.684141994 0.375284433 0.64402318 0.43201673 0.695362091 0.508215785 0.692402124 0.56484884 0.6578812 0.573667824 0.752567708 0.53855288 0.75622201 0.540123522 0.799585104 0.218414351 0.673592806 0.198489249 0.751457512 0.158841506 0.690885305 0.476801723 0.634328008 0.386719167 0.684141994 0.375284433 0.64402318 0.452974379 0.74272418 0.409005672 0.751351833 0.409005672 0.751351833 0.452974379 0.74272418 0.598130345 0.604373813 0.636663198 0.710242271 0.623592377 0.782432258 0.554562807 0.854676247 0.510417938 0.84160471 0.467929691 0.872593999 0.509391189 0.880027056 0.466414869 0.900697351 0.481393486 0.939742148 0.577549279 0.905471623 0.510417938 0.84160471 0.554562807 0.854676247 0.509391189 0.880027056 0.598130345 0.604373813 0.636663198 0.710242271 0.56484884 0.6578812 0.672968686 0.608277977 0.700402737 0.72340095 0.700402737 0.72340095 0.623592377 0.782432258 0.727482677 0.788153946 0.623592377 0.782432258 0.700402737 0.72340095 0.623592377 0.782432258 0.727482677 0.788153946 0.689370215 0.826557398 0.755129933 0.865073681 0.689370215 0.826557398 0.727482677 0.788153946 0.689370215 0.826557398 0.755129933 0.865073681 0.644634485 0.835246563 0.702450097 0.886202216 0.644634485 0.835246563 0.755129933 0.865073681 0.623162389 0.945263624 0.644634485 0.835246563 0.623162389 0.945263624 0.577549279 0.905471623 0.537308395 0.979322851 0.577549279 0.905471623 0.623162389 0.945263624 0.577549279 0.905471623 0.537308395 0.979322851 0.481393486 0.939742148 0.391719878 0.976407886 0.481393486 0.939742148 0.537308395 0.979322851 0.391719878 0.976407886 0.467929691 0.872593999 0.623592377 0.782432258 0.577549279 0.905471623 0.554562807 0.854676247 0.533584118 0.587474167 0.383941382 0.56918335 0.383941382 0.56918335 0.253769606 0.592712522 0.178808421 0.627472639 0.113383792 0.616881132 0.0855200961 0.720493317 0.0855200961 0.720493317 0.108789086 0.794099271 0.0546867289 0.78385514 0.0546867289 0.78385514 0.108789086 0.794099271 0.0162362996 0.857910395 0.0717283562 0.881827116 0.166497752 0.916540504 0.0717283562 0.881827116 0.117532104 0.841756165 0.162075415 0.87854445 0.249724701 0.897325993 0.276255935 0.946554482 0.162075415 0.87854445 0.249724701 0.897325993 0.276255935 0.946554482 0.483642787 0.762533247 0.440085113 0.849932671 0.439420968 0.793346524 0.424314827 0.915914834 0.389158994 0.863002479 0.391719878 0.976407886 0.389158994 0.863002479 0.424314827 0.915914834 0.389158994 0.863002479 0.391719878 0.976407886 0.355319023 0.915833592 0.306442142 0.919959486 0.325123966 0.8862257 0.203265801 0.86044842 0.164704725 0.814240038 0.117532104 0.841756165 0.117532104 0.841756165 0.162075415 0.87854445 0.166497752 0.916540504 0.249475762 0.958397269 0.249475762 0.958397269 0.306442142 0.919959486 0.483642787 0.762533247 0.440085113 0.849932671 0.439420968 0.793346524 0.439420968 0.793346524 0.424314827 0.915914834 0.389158994 0.863002479 0.391719878 0.976407886 0.391719878 0.976407886 0.355319023 0.915833592 0.306442142 0.919959486 0.355319023 0.915833592 0.117532104 0.841756165 0.166497752 0.916540504 0.380605787 0.789210081 0.302332491 0.769867063 0.380605787 0.789210081 0.310060501 0.725577831 0.227213174 0.702962637 0.24796769 0.750169396 0.198489249 0.751457512 0.221146449 0.80214107 0.24796769 0.750169396 0.302332491 0.769867063 0.221146449 0.80214107 0.302332491 0.769867063 0.380605787 0.789210081 0.389158994 0.863002479 0.108789086 0.794099271 0.138366848 0.735506773 0.158841506 0.690885305 0.218414351 0.673592806 0.271006316 0.663031101 0.386719167 0.684141994 0.375284433 0.64402318 0.476801723 0.634328008 0.386719167 0.684141994 0.375284433 0.64402318 0.43201673 0.695362091 0.508215785 0.692402124 0.56484884 0.6578812 0.573667824 0.752567708 0.53855288 0.75622201 0.540123522 0.799585104 0.218414351 0.673592806 0.198489249 0.751457512 0.158841506 0.690885305 0.476801723 0.634328008 0.386719167 0.684141994 0.375284433 0.64402318 0.452974379 0.74272418 0.409005672 0.751351833 0.409005672 0.751351833 0.452974379 0.74272418 0.598130345 0.604373813 0.636663198 0.710242271 0.623592377 0.782432258 0.554562807 0.854676247 0.510417938 0.84160471 0.467929691 0.872593999 0.509391189 0.880027056 0.466414869 0.900697351 0.481393486 0.939742148 0.577549279 0.905471623 0.510417938 0.84160471 0.554562807 0.854676247 0.509391189 0.880027056 0.598130345 0.604373813 0.636663198 0.710242271 0.56484884 0.6578812 0.672968686 0.608277977 0.700402737 0.72340095 0.700402737 0.72340095 0.623592377 0.782432258 0.727482677 0.788153946 0.623592377 0.782432258 0.700402737 0.72340095 0.623592377 0.782432258 0.727482677 0.788153946 0.689370215 0.826557398 0.755129933 0.865073681 0.689370215 0.826557398 0.727482677 0.788153946 0.689370215 0.826557398 0.755129933 0.865073681 0.644634485 0.835246563 0.702450097 0.886202216 0.644634485 0.835246563 0.755129933 0.865073681 0.623162389 0.945263624 0.644634485 0.835246563 0.623162389 0.945263624 0.577549279 0.905471623 0.537308395 0.979322851 0.577549279 0.905471623 0.623162389 0.945263624 0.577549279 0.905471623 0.537308395 0.979322851 0.481393486 0.939742148 0.391719878 0.976407886 0.481393486 0.939742148 0.537308395 0.979322851 0.391719878 0.976407886 0.467929691 0.872593999 0.623592377 0.782432258 0.577549279 0.905471623 0.554562807 0.854676247 0.533584118 0.587474167 0.383941382 0.56918335 0.383941382 0.56918335 0.253769606 0.592712522 0.178808421 0.627472639 0.113383792 0.616881132 0.0855200961 0.720493317 0.0855200961 0.720493317 0.108789086 0.794099271 0.0546867289 0.78385514 0.0546867289 0.78385514 0.108789086 0.794099271 0.0162362996 0.857910395 0.0717283562 0.881827116 0.166497752 0.916540504 0.0717283562 0.881827116 0.117532104 0.841756165 0.162075415 0.87854445 0.249724701 0.897325993 0.276255935 0.946554482 0.162075415 0.87854445 0.249724701 0.897325993 0.276255935 0.946554482 0.483642787 0.762533247 0.440085113 0.849932671 0.439420968 0.793346524 0.424314827 0.915914834 0.389158994 0.863002479 0.391719878 0.976407886 0.389158994 0.863002479 0.424314827 0.915914834 0.389158994 0.863002479 0.391719878 0.976407886 0.355319023 0.915833592 0.306442142 0.919959486 0.325123966 0.8862257 0.203265801 0.86044842 0.164704725 0.814240038 0.117532104 0.841756165 0.117532104 0.841756165 0.162075415 0.87854445 0.166497752 0.916540504 0.249475762 0.958397269 0.249475762 0.958397269 0.306442142 0.919959486 0.483642787 0.762533247 0.440085113 0.849932671 0.439420968 0.793346524 0.439420968 0.793346524 0.424314827 0.915914834 0.389158994 0.863002479 0.391719878 0.976407886 0.391719878 0.976407886 0.355319023 0.915833592 0.306442142 0.919959486 0.355319023 0.915833592 0.117532104 0.841756165 0.166497752 0.916540504 0.380605787 0.789210081 0.302332491 0.769867063 0.380605787 0.789210081 0.310060501 0.725577831 0.227213174 0.702962637 0.24796769 0.750169396 0.198489249 0.751457512 0.221146449 0.80214107 0.24796769 0.750169396 0.302332491 0.769867063 0.221146449 0.80214107 0.302332491 0.769867063 0.380605787 0.789210081 0.389158994 0.863002479 0.108789086 0.794099271 0.138366848 0.735506773 0.158841506 0.690885305 0.218414351 0.673592806 0.271006316 0.663031101 0.386719167 0.684141994 0.375284433 0.64402318 0.476801723 0.634328008 0.386719167 0.684141994 0.375284433 0.64402318 0.43201673 0.695362091 0.508215785 0.692402124 0.56484884 0.6578812 0.573667824 0.752567708 0.53855288 0.75622201 0.540123522 0.799585104 0.218414351 0.673592806 0.198489249 0.751457512 0.158841506 0.690885305 0.476801723 0.634328008 0.386719167 0.684141994 0.375284433 0.64402318 0.452974379 0.74272418 0.409005672 0.751351833 0.409005672 0.751351833 0.452974379 0.74272418 0.598130345 0.604373813 0.636663198 0.710242271 0.623592377 0.782432258 0.554562807 0.854676247 0.510417938 0.84160471 0.467929691 0.872593999 0.509391189 0.880027056 0.466414869 0.900697351 0.481393486 0.939742148 0.577549279 0.905471623 0.510417938 0.84160471 0.554562807 0.854676247 0.509391189 0.880027056 0.598130345 0.604373813 0.636663198 0.710242271 0.56484884 0.6578812 0.672968686 0.608277977 0.700402737 0.72340095 0.700402737 0.72340095 0.623592377 0.782432258 0.727482677 0.788153946 0.623592377 0.782432258 0.700402737 0.72340095 0.623592377 0.782432258 0.727482677 0.788153946 0.689370215 0.826557398 0.755129933 0.865073681 0.689370215 0.826557398 0.727482677 0.788153946 0.689370215 0.826557398 0.755129933 0.865073681 0.644634485 0.835246563 0.702450097 0.886202216 0.644634485 0.835246563 0.755129933 0.865073681 0.623162389 0.945263624 0.644634485 0.835246563 0.623162389 0.945263624 0.577549279 0.905471623 0.537308395 0.979322851 0.577549279 0.905471623 0.623162389 0.945263624 0.577549279 0.905471623 0.537308395 0.979322851 0.481393486 0.939742148 0.391719878 0.976407886 0.481393486 0.939742148 0.537308395 0.979322851 0.391719878 0.976407886 0.467929691 0.872593999 0.623592377 0.782432258 0.577549279 0.905471623 0.554562807 0.854676247 0.533584118 0.587474167 0.383941382 0.56918335 0.383941382 0.56918335 0.253769606 0.592712522 0.178808421 0.627472639 0.113383792 0.616881132 0.0855200961 0.720493317 0.0855200961 0.720493317 0.108789086 0.794099271 0.0546867289 0.78385514 0.0546867289 0.78385514 0.108789086 0.794099271 0.0162362996 0.857910395 0.0717283562 0.881827116 0.166497752 0.916540504 0.0717283562 0.881827116 0.117532104 0.841756165 0.162075415 0.87854445 0.249724701 0.897325993 0.276255935 0.946554482 0.162075415 0.87854445 0.249724701 0.897325993 0.276255935 0.946554482 0.483642787 0.762533247 0.440085113 0.849932671 0.439420968 0.793346524 0.424314827 0.915914834 0.389158994 0.863002479 0.391719878 0.976407886 0.389158994 0.863002479 0.424314827 0.915914834 0.389158994 0.863002479 0.391719878 0.976407886 0.355319023 0.915833592 0.306442142 0.919959486 0.325123966 0.8862257 0.203265801 0.86044842 0.164704725 0.814240038 0.117532104 0.841756165 0.117532104 0.841756165 0.162075415 0.87854445 0.166497752 0.916540504 0.249475762 0.958397269 0.249475762 0.958397269 0.306442142 0.919959486 0.483642787 0.762533247 0.440085113 0.849932671 0.439420968 0.793346524 0.439420968 0.793346524 0.424314827 0.915914834 0.389158994 0.863002479 0.391719878 0.976407886 0.391719878 0.976407886 0.355319023 0.915833592 0.306442142 0.919959486 0.355319023 0.915833592 0.117532104 0.841756165 0.166497752 0.916540504 0.380605787 0.789210081 0.302332491 0.769867063 0.380605787 0.789210081 0.310060501 0.725577831 0.227213174 0.702962637 0.24796769 0.750169396 0.198489249 0.751457512 0.221146449 0.80214107 0.24796769 0.750169396 0.302332491 0.769867063 0.221146449 0.80214107 0.302332491 0.769867063 0.380605787 0.789210081 0.389158994 0.863002479 0.108789086 0.794099271 0.138366848 0.735506773 0.158841506 0.690885305 0.218414351 0.673592806 0.271006316 0.663031101 0.386719167 0.684141994 0.375284433 0.64402318 0.476801723 0.634328008 0.386719167 0.684141994 0.375284433 0.64402318 0.43201673 0.695362091 0.508215785 0.692402124 0.56484884 0.6578812 0.573667824 0.752567708 0.53855288 0.75622201 0.540123522 0.799585104 0.218414351 0.673592806 0.198489249 0.751457512 0.158841506 0.690885305 0.476801723 0.634328008 0.386719167 0.684141994 0.375284433 0.64402318 0.452974379 0.74272418 0.409005672 0.751351833 0.409005672 0.751351833 0.452974379 0.74272418 0.598130345 0.604373813 0.636663198 0.710242271 0.623592377 0.782432258 0.554562807 0.854676247 0.510417938 0.84160471 0.467929691 0.872593999 0.509391189 0.880027056 0.466414869 0.900697351 0.481393486 0.939742148 0.577549279 0.905471623 0.510417938 0.84160471 0.554562807 0.854676247 0.509391189 0.880027056 0.598130345 0.604373813 0.636663198 0.710242271 0.56484884 0.6578812 0.672968686 0.608277977 0.700402737 0.72340095 0.700402737 0.72340095 0.623592377 0.782432258 0.727482677 0.788153946 0.623592377 0.782432258 0.700402737 0.72340095 0.623592377 0.782432258 0.727482677 0.788153946 0.689370215 0.826557398 0.755129933 0.865073681 0.689370215 0.826557398 0.727482677 0.788153946 0.689370215 0.826557398 0.755129933 0.865073681 0.644634485 0.835246563 0.702450097 0.886202216 0.644634485 0.835246563 0.755129933 0.865073681 0.623162389 0.945263624 0.644634485 0.835246563 0.623162389 0.945263624 0.577549279 0.905471623 0.537308395 0.979322851 0.577549279 0.905471623 0.623162389 0.945263624 0.577549279 0.905471623 0.537308395 0.979322851 0.481393486 0.939742148 0.391719878 0.976407886 0.481393486 0.939742148 0.537308395 0.979322851 0.391719878 0.976407886 0.467929691 0.872593999 0.623592377 0.782432258 0.577549279 0.905471623 0.554562807 0.854676247 0.533584118 0.587474167 0.383941382 0.56918335 0.383941382 0.56918335 0.253769606 0.592712522 0.178808421 0.627472639 0.113383792 0.616881132 0.0855200961 0.720493317 0.0855200961 0.720493317 0.108789086 0.794099271 0.0546867289 0.78385514 0.0546867289 0.78385514 0.108789086 0.794099271 0.0162362996 0.857910395 0.0717283562 0.881827116 0.166497752 0.916540504 0.0717283562 0.881827116 0.117532104 0.841756165 0.162075415 0.87854445 0.439420968 0.793346524 0.424314827 0.915914834 0.389158994 0.863002479 0.391719878 0.976407886 0.389158994 0.863002479 0.391719878 0.976407886 0.355319023 0.915833592 0.306442142 0.919959486 0.355319023 0.915833592 0.117532104 0.841756165 0.166497752 0.916540504 0.302332491 0.769867063 0.380605787 0.789210081 0.218414351 0.673592806 0.198489249 0.751457512 0.158841506 0.690885305 0.476801723 0.634328008 0.386719167 0.684141994 0.375284433 0.64402318 0.383941382 0.56918335 0.375284433 0.64402318 0.113383792 0.616881132 0.158841506 0.690885305 0.0855200961 0.720493317 0.0546867289 0.78385514 0.108789086 0.794099271 0.0162362996 0.857910395 0.700402737 0.72340095 0.636663198 0.710242271 0.672968686 0.608277977 0.700402737 0.72340095 0.623592377 0.782432258 0.689370215 0.826557398 0.755129933 0.865073681 0.644634485 0.835246563 0.702450097 0.886202216 0.644634485 0.835246563 0.755129933 0.865073681 0.348535031 0.187895298 0.329568565 0.271195889 0.284298569 0.255690098 0.296951443 0.30462414 0.290120184 0.164963126 0.259419024 0.218247116 0.232475102 0.184679449 0.238647446 0.251101375 0.161323205 0.175751567 0.180848986 0.274222136 0.236435115 0.29175204 0.189122915 0.3416816 0.249077126 0.372580588 0.259419024 0.218247116 0.284298569 0.255690098 0.238647446 0.251101375 0.406569064 0.0830130577 0.30609253 0.0128577948 0.189883813 0.049476862 0.126941457 0.081469357 0.0111694261 0.232248902 0.122594833 0.304918885 0.122594833 0.304918885 0.189122915 0.3416816 0.149165928 0.378436863 0.166043296 0.399954319 0.149165928 0.378436863 0.189122915 0.3416816 0.0867232382 0.492704451 0.149165928 0.378436863 0.166043296 0.399954319 0.149165928 0.378436863 0.0867232382 0.492704451 0.0981735811 0.345759273 0.0409553051 0.421482861 0.0981735811 0.345759273 0.0867232382 0.492704451 0.0981735811 0.345759273 0.0409553051 0.421482861 0.0887893885 0.302496016 0.0260620005 0.326865673 0.0887893885 0.302496016 0.0409553051 0.421482861 0.0887893885 0.302496016 0.0260620005 0.326865673 0.0186155587 0.279557049 0.0887893885 0.302496016 0.0186155587 0.279557049 0.0186155587 0.279557049 0.0111694261 0.232248902 0.0887893885 0.302496016 0.0981735811 0.345759273 0.149165928 0.378436863 0.0981735811 0.345759273 0.122594833 0.304918885 0.0111694261 0.232248902 0.209140167 0.381296635 0.207352743 0.444783688 0.173344493 0.443222165 0.209140167 0.381296635 0.173344493 0.443222165 0.166043296 0.399954319 0.209140167 0.381296635 0.173344493 0.443222165 0.207352743 0.444783688 0.0867232382 0.492704451 0.173344493 0.443222165 0.0867232382 0.492704451 0.207352743 0.444783688 0.156625554 0.558022916 0.156625554 0.558022916 0.207352743 0.444783688 0.23625882 0.584731877 0.245086566 0.469548523 0.23625882 0.584731877 0.207352743 0.444783688 0.23625882 0.584731877 0.245086566 0.469548523 0.335512578 0.547803879 0.314844042 0.462709069 0.314844042 0.462709069 0.245086566 0.469548523 0.310728282 0.395163715 0.310728282 0.395163715 0.245086566 0.469548523 0.265477657 0.405968249 0.207352743 0.444783688 0.265477657 0.405968249 0.245086566 0.469548523 0.249077126 0.372580588 0.265477657 0.405968249 0.207352743 0.444783688 0.265477657 0.405968249 0.310728282 0.395163715 0.296951443 0.30462414 0.310728282 0.395163715 0.249077126 0.372580588 0.296951443 0.30462414 0.249077126 0.372580588 0.310728282 0.395163715 0.265477657 0.405968249 0.245086566 0.469548523 0.310728282 0.395163715 0.265477657 0.405968249 0.314844042 0.462709069 0.314844042 0.462709069 0.245086566 0.469548523 0.335512578 0.547803879 0.23625882 0.584731877 0.207352743 0.444783688 0.23625882 0.584731877 0.245086566 0.469548523 0.156625554 0.558022916 0.0867232382 0.492704451 0.173344493 0.443222165 0.0867232382 0.492704451 0.207352743 0.444783688 0.166043296 0.399954319 0.209140167 0.381296635 0.166043296 0.399954319 0.173344493 0.443222165 0.166043296 0.399954319 0.209140167 0.381296635 0.189122915 0.3416816 0.207352743 0.444783688 0.173344493 0.443222165 0.207352743 0.444783688 0.209140167 0.381296635 0.245086566 0.469548523 0.310728282 0.395163715 0.207352743 0.444783688 0.23625882 0.584731877 0.173344493 0.443222165 0.0867232382 0.492704451 0.166043296 0.399954319 0.209140167 0.381296635 0.189122915 0.3416816 0.173344493 0.443222165 0.245086566 0.469548523 0.265477657 0.405968249 0.207352743 0.444783688 0.238647446 0.251101375 0.284298569 0.255690098 0.259419024 0.218247116 0.236435115 0.29175204 0.180848986 0.274222136 0.161323205 0.175751567 0.232475102 0.184679449 0.290120184 0.164963126 0.348535031 0.187895298 0.328240126 0.271108866 0.296951443 0.30462414 0.328240126 0.271108866 0.284298569 0.255690098 0.406569064 0.0830130577 0.30609253 0.0128577948 0.189883813 0.049476862 0.126941457 0.081469357 0.0111694261 0.232248902 0.122594833 0.304918885 0.149165928 0.378436863 0.149165928 0.378436863 0.0981735811 0.345759273 0.0867232382 0.492704451 0.0981735811 0.345759273 0.0409553051 0.421482861 0.0887893885 0.302496016 0.0409553051 0.421482861 0.0981735811 0.345759273 0.0409553051 0.421482861 0.0887893885 0.302496016 0.0260620005 0.326865673 0.0186155587 0.279557049 0.0887893885 0.302496016 0.0260620005 0.326865673 0.0887893885 0.302496016 0.0981735811 0.345759273 0.122594833 0.304918885 0.0981735811 0.345759273 0.149165928 0.378436863 0.0186155587 0.279557049 0.0887893885 0.302496016 0.0111694261 0.232248902 0.348535031 0.187895298 0.329568565 0.271195889 0.284298569 0.255690098 0.296951443 0.30462414 0.290120184 0.164963126 0.259419024 0.218247116 0.232475102 0.184679449 0.238647446 0.251101375 0.161323205 0.175751567 0.180848986 0.274222136 0.236435115 0.29175204 0.189122915 0.3416816 0.249077126 0.372580588 0.259419024 0.218247116 0.284298569 0.255690098 0.238647446 0.251101375 0.406569064 0.0830130577 0.30609253 0.0128577948 0.189883813 0.049476862 0.126941457 0.081469357 0.0111694261 0.232248902 0.122594833 0.304918885 0.122594833 0.304918885 0.189122915 0.3416816 0.149165928 0.378436863 0.166043296 0.399954319 0.149165928 0.378436863 0.189122915 0.3416816 0.0867232382 0.492704451 0.149165928 0.378436863 0.166043296 0.399954319 0.149165928 0.378436863 0.0867232382 0.492704451 0.0981735811 0.345759273 0.0409553051 0.421482861 0.0981735811 0.345759273 0.0867232382 0.492704451 0.0981735811 0.345759273 0.0409553051 0.421482861 0.0887893885 0.302496016 0.0260620005 0.326865673 0.0887893885 0.302496016 0.0409553051 0.421482861 0.0887893885 0.302496016 0.0260620005 0.326865673 0.0186155587 0.279557049 0.0887893885 0.302496016 0.0186155587 0.279557049 0.0186155587 0.279557049 0.0111694261 0.232248902 0.0887893885 0.302496016 0.0981735811 0.345759273 0.149165928 0.378436863 0.0981735811 0.345759273 0.122594833 0.304918885 0.0111694261 0.232248902 0.209140167 0.381296635 0.207352743 0.444783688 0.173344493 0.443222165 0.209140167 0.381296635 0.173344493 0.443222165 0.166043296 0.399954319 0.209140167 0.381296635 0.173344493 0.443222165 0.207352743 0.444783688 0.0867232382 0.492704451 0.173344493 0.443222165 0.0867232382 0.492704451 0.207352743 0.444783688 0.156625554 0.558022916 0.156625554 0.558022916 0.207352743 0.444783688 0.23625882 0.584731877 0.245086566 0.469548523 0.23625882 0.584731877 0.207352743 0.444783688 0.23625882 0.584731877 0.245086566 0.469548523 0.335512578 0.547803879 0.314844042 0.462709069 0.314844042 0.462709069 0.245086566 0.469548523 0.310728282 0.395163715 0.310728282 0.395163715 0.245086566 0.469548523 0.265477657 0.405968249 0.207352743 0.444783688 0.265477657 0.405968249 0.245086566 0.469548523 0.249077126 0.372580588 0.265477657 0.405968249 0.207352743 0.444783688 0.265477657 0.405968249 0.310728282 0.395163715 0.296951443 0.30462414 0.310728282 0.395163715 0.249077126 0.372580588 0.296951443 0.30462414 0.249077126 0.372580588 0.310728282 0.395163715 0.265477657 0.405968249 0.245086566 0.469548523 0.310728282 0.395163715 0.265477657 0.405968249 0.314844042 0.462709069 0.314844042 0.462709069 0.245086566 0.469548523 0.335512578 0.547803879 0.23625882 0.584731877 0.207352743 0.444783688 0.23625882 0.584731877 0.245086566 0.469548523 0.156625554 0.558022916 0.0867232382 0.492704451 0.173344493 0.443222165 0.0867232382 0.492704451 0.207352743 0.444783688 0.166043296 0.399954319 0.209140167 0.381296635 0.166043296 0.399954319 0.173344493 0.443222165 0.166043296 0.399954319 0.209140167 0.381296635 0.189122915 0.3416816 0.207352743 0.444783688 0.173344493 0.443222165 0.207352743 0.444783688 0.209140167 0.381296635 0.245086566 0.469548523 0.310728282 0.395163715 0.207352743 0.444783688 0.23625882 0.584731877 0.173344493 0.443222165 0.0867232382 0.492704451 0.166043296 0.399954319 0.209140167 0.381296635 0.189122915 0.3416816 0.173344493 0.443222165 0.245086566 0.469548523 0.265477657 0.405968249 0.207352743 0.444783688 0.238647446 0.251101375 0.284298569 0.255690098 0.259419024 0.218247116 0.236435115 0.29175204 0.180848986 0.274222136 0.161323205 0.175751567 0.232475102 0.184679449 0.290120184 0.164963126 0.348535031 0.187895298 0.328240126 0.271108866 0.296951443 0.30462414 0.328240126 0.271108866 0.284298569 0.255690098 0.406569064 0.0830130577 0.30609253 0.0128577948 0.189883813 0.049476862 0.126941457 0.081469357 0.0111694261 0.232248902 0.122594833 0.304918885 0.149165928 0.378436863 0.149165928 0.378436863 0.0981735811 0.345759273 0.0867232382 0.492704451 0.0981735811 0.345759273 0.0409553051 0.421482861 0.0887893885 0.302496016 0.0409553051 0.421482861 0.0981735811 0.345759273 0.0409553051 0.421482861 0.0887893885 0.302496016 0.0260620005 0.326865673 0.0186155587 0.279557049 0.0887893885 0.302496016 0.0260620005 0.326865673 0.0887893885 0.302496016 0.0981735811 0.345759273 0.122594833 0.304918885 0.0981735811 0.345759273 0.149165928 0.378436863 0.0186155587 0.279557049 0.0887893885 0.302496016 0.0111694261 0.232248902 0.348535031 0.187895298 0.329568565 0.271195889 0.284298569 0.255690098 0.296951443 0.30462414 0.290120184 0.164963126 0.259419024 0.218247116 0.232475102 0.184679449 0.238647446 0.251101375 0.161323205 0.175751567 0.180848986 0.274222136 0.236435115 0.29175204 0.189122915 0.3416816 0.249077126 0.372580588 0.259419024 0.218247116 0.284298569 0.255690098 0.238647446 0.251101375 0.406569064 0.0830130577 0.30609253 0.0128577948 0.189883813 0.049476862 0.126941457 0.081469357 0.0111694261 0.232248902 0.122594833 0.304918885 0.122594833 0.304918885 0.189122915 0.3416816 0.149165928 0.378436863 0.166043296 0.399954319 0.149165928 0.378436863 0.189122915 0.3416816 0.0867232382 0.492704451 0.149165928 0.378436863 0.166043296 0.399954319 0.149165928 0.378436863 0.0867232382 0.492704451 0.0981735811 0.345759273 0.0409553051 0.421482861 0.0981735811 0.345759273 0.0867232382 0.492704451 0.0981735811 0.345759273 0.0409553051 0.421482861 0.0887893885 0.302496016 0.0260620005 0.326865673 0.0887893885 0.302496016 0.0409553051 0.421482861 0.0887893885 0.302496016 0.0260620005 0.326865673 0.0186155587 0.279557049 0.0887893885 0.302496016 0.0186155587 0.279557049 0.0186155587 0.279557049 0.0111694261 0.232248902 0.0887893885 0.302496016 0.0981735811 0.345759273 0.149165928 0.378436863 0.0981735811 0.345759273 0.122594833 0.304918885 0.0111694261 0.232248902 0.209140167 0.381296635 0.207352743 0.444783688 0.173344493 0.443222165 0.209140167 0.381296635 0.173344493 0.443222165 0.166043296 0.399954319 0.209140167 0.381296635 0.173344493 0.443222165 0.207352743 0.444783688 0.0867232382 0.492704451 0.173344493 0.443222165 0.0867232382 0.492704451 0.207352743 0.444783688 0.156625554 0.558022916 0.156625554 0.558022916 0.207352743 0.444783688 0.23625882 0.584731877 0.245086566 0.469548523 0.23625882 0.584731877 0.207352743 0.444783688 0.23625882 0.584731877 0.245086566 0.469548523 0.335512578 0.547803879 0.314844042 0.462709069 0.314844042 0.462709069 0.245086566 0.469548523 0.310728282 0.395163715 0.310728282 0.395163715 0.245086566 0.469548523 0.265477657 0.405968249 0.207352743 0.444783688 0.265477657 0.405968249 0.245086566 0.469548523 0.249077126 0.372580588 0.265477657 0.405968249 0.207352743 0.444783688 0.265477657 0.405968249 0.310728282 0.395163715 0.296951443 0.30462414 0.310728282 0.395163715 0.249077126 0.372580588 0.296951443 0.30462414 0.249077126 0.372580588 0.310728282 0.395163715 0.265477657 0.405968249 0.245086566 0.469548523 0.310728282 0.395163715 0.265477657 0.405968249 0.314844042 0.462709069 0.314844042 0.462709069 0.245086566 0.469548523 0.335512578 0.547803879 0.23625882 0.584731877 0.207352743 0.444783688 0.23625882 0.584731877 0.245086566 0.469548523 0.156625554 0.558022916 0.0867232382 0.492704451 0.173344493 0.443222165 0.0867232382 0.492704451 0.207352743 0.444783688 0.166043296 0.399954319 0.209140167 0.381296635 0.166043296 0.399954319 0.173344493 0.443222165 0.166043296 0.399954319 0.209140167 0.381296635 0.189122915 0.3416816 0.207352743 0.444783688 0.173344493 0.443222165 0.207352743 0.444783688 0.209140167 0.381296635 0.245086566 0.469548523 0.310728282 0.395163715 0.207352743 0.444783688 0.23625882 0.584731877 0.173344493 0.443222165 0.0867232382 0.492704451 0.166043296 0.399954319 0.209140167 0.381296635 0.189122915 0.3416816 0.173344493 0.443222165 0.245086566 0.469548523 0.265477657 0.405968249 0.207352743 0.444783688 0.238647446 0.251101375 0.284298569 0.255690098 0.259419024 0.218247116 0.236435115 0.29175204 0.180848986 0.274222136 0.161323205 0.175751567 0.232475102 0.184679449 0.290120184 0.164963126 0.348535031 0.187895298 0.328240126 0.271108866 0.296951443 0.30462414 0.328240126 0.271108866 0.284298569 0.255690098 0.406569064 0.0830130577 0.30609253 0.0128577948 0.189883813 0.049476862 0.126941457 0.081469357 0.0111694261 0.232248902 0.122594833 0.304918885 0.149165928 0.378436863 0.149165928 0.378436863 0.0981735811 0.345759273 0.0867232382 0.492704451 0.0981735811 0.345759273 0.0409553051 0.421482861 0.0887893885 0.302496016 0.0409553051 0.421482861 0.0981735811 0.345759273 0.0409553051 0.421482861 0.0887893885 0.302496016 0.0260620005 0.326865673 0.0186155587 0.279557049 0.0887893885 0.302496016 0.0260620005 0.326865673 0.0887893885 0.302496016 0.0981735811 0.345759273 0.122594833 0.304918885 0.0981735811 0.345759273 0.149165928 0.378436863 0.0186155587 0.279557049 0.0887893885 0.302496016 0.0111694261 0.232248902 0.348535031 0.187895298 0.329568565 0.271195889 0.284298569 0.255690098 0.296951443 0.30462414 0.290120184 0.164963126 0.259419024 0.218247116 0.232475102 0.184679449 0.238647446 0.251101375 0.161323205 0.175751567 0.180848986 0.274222136 0.236435115 0.29175204 0.189122915 0.3416816 0.249077126 0.372580588 0.259419024 0.218247116 0.284298569 0.255690098 0.238647446 0.251101375 0.406569064 0.0830130577 0.30609253 0.0128577948 0.189883813 0.049476862 0.126941457 0.081469357 0.0111694261 0.232248902 0.122594833 0.304918885 0.122594833 0.304918885 0.189122915 0.3416816 0.149165928 0.378436863 0.166043296 0.399954319 0.149165928 0.378436863 0.189122915 0.3416816 0.0867232382 0.492704451 0.149165928 0.378436863 0.166043296 0.399954319 0.149165928 0.378436863 0.0867232382 0.492704451 0.0981735811 0.345759273 0.0409553051 0.421482861 0.0981735811 0.345759273 0.0867232382 0.492704451 0.0981735811 0.345759273 0.0409553051 0.421482861 0.0887893885 0.302496016 0.0260620005 0.326865673 0.0887893885 0.302496016 0.0409553051 0.421482861 0.0887893885 0.302496016 0.0260620005 0.326865673 0.0186155587 0.279557049 0.0887893885 0.302496016 0.0186155587 0.279557049 0.0186155587 0.279557049 0.0111694261 0.232248902 0.0887893885 0.302496016 0.0981735811 0.345759273 0.149165928 0.378436863 0.0981735811 0.345759273 0.122594833 0.304918885 0.0111694261 0.232248902 0.209140167 0.381296635 0.207352743 0.444783688 0.173344493 0.443222165 0.209140167 0.381296635 0.173344493 0.443222165 0.166043296 0.399954319 0.209140167 0.381296635 0.173344493 0.443222165 0.207352743 0.444783688 0.0867232382 0.492704451 0.173344493 0.443222165 0.0867232382 0.492704451 0.207352743 0.444783688 0.156625554 0.558022916 0.156625554 0.558022916 0.207352743 0.444783688 0.23625882 0.584731877 0.245086566 0.469548523 0.23625882 0.584731877 0.207352743 0.444783688 0.23625882 0.584731877 0.245086566 0.469548523 0.335512578 0.547803879 0.314844042 0.462709069 0.314844042 0.462709069 0.245086566 0.469548523 0.310728282 0.395163715 0.310728282 0.395163715 0.245086566 0.469548523 0.265477657 0.405968249 0.207352743 0.444783688 0.265477657 0.405968249 0.245086566 0.469548523 0.249077126 0.372580588 0.265477657 0.405968249 0.207352743 0.444783688 0.265477657 0.405968249 0.310728282 0.395163715 0.296951443 0.30462414 0.310728282 0.395163715 0.249077126 0.372580588 0.296951443 0.30462414 0.249077126 0.372580588 0.310728282 0.395163715 0.265477657 0.405968249 0.245086566 0.469548523 0.310728282 0.395163715 0.265477657 0.405968249 0.314844042 0.462709069 0.314844042 0.462709069 0.245086566 0.469548523 0.335512578 0.547803879 0.23625882 0.584731877 0.207352743 0.444783688 0.23625882 0.584731877 0.245086566 0.469548523 0.156625554 0.558022916 0.0867232382 0.492704451 0.173344493 0.443222165 0.0867232382 0.492704451 0.207352743 0.444783688 0.166043296 0.399954319 0.209140167 0.381296635 0.166043296 0.399954319 0.173344493 0.443222165 0.166043296 0.399954319 0.209140167 0.381296635 0.189122915 0.3416816 0.207352743 0.444783688 0.173344493 0.443222165 0.207352743 0.444783688 0.209140167 0.381296635 0.245086566 0.469548523 0.310728282 0.395163715 0.207352743 0.444783688 0.23625882 0.584731877 0.173344493 0.443222165 0.0867232382 0.492704451 0.166043296 0.399954319 0.209140167 0.381296635 0.189122915 0.3416816 0.173344493 0.443222165 0.245086566 0.469548523 0.265477657 0.405968249 0.207352743 0.444783688 0.238647446 0.251101375 0.284298569 0.255690098 0.259419024 0.218247116 0.236435115 0.29175204 0.180848986 0.274222136 0.161323205 0.175751567 0.232475102 0.184679449 0.290120184 0.164963126 0.348535031 0.187895298 0.328240126 0.271108866 0.296951443 0.30462414 0.328240126 0.271108866 0.284298569 0.255690098 0.406569064 0.0830130577 0.30609253 0.0128577948 0.189883813 0.049476862 0.126941457 0.081469357 0.0111694261 0.232248902 0.122594833 0.304918885 0.149165928 0.378436863 0.149165928 0.378436863 0.0981735811 0.345759273 0.0867232382 0.492704451 0.0981735811 0.345759273 0.0409553051 0.421482861 0.0887893885 0.302496016 0.0409553051 0.421482861 0.0981735811 0.345759273 0.0409553051 0.421482861 0.0887893885 0.302496016 0.0260620005 0.326865673 0.0186155587 0.279557049 0.0887893885 0.302496016 0.0260620005 0.326865673 0.0887893885 0.302496016 0.0981735811 0.345759273 0.122594833 0.304918885 0.0981735811 0.345759273 0.149165928 0.378436863 0.0186155587 0.279557049 0.0887893885 0.302496016 0.0111694261 0.232248902 0.348535031 0.187895298 0.329568565 0.271195889 0.284298569 0.255690098 0.296951443 0.30462414 0.290120184 0.164963126 0.259419024 0.218247116 0.232475102 0.184679449 0.238647446 0.251101375 0.161323205 0.175751567 0.180848986 0.274222136 0.236435115 0.29175204 0.189122915 0.3416816 0.249077126 0.372580588 0.259419024 0.218247116 0.284298569 0.255690098 0.238647446 0.251101375 0.406569064 0.0830130577 0.30609253 0.0128577948 0.189883813 0.049476862 0.126941457 0.081469357 0.0111694261 0.232248902 0.122594833 0.304918885 0.122594833 0.304918885 0.189122915 0.3416816 0.149165928 0.378436863 0.166043296 0.399954319 0.149165928 0.378436863 0.189122915 0.3416816 0.0867232382 0.492704451 0.149165928 0.378436863 0.166043296 0.399954319 0.149165928 0.378436863 0.0867232382 0.492704451 0.0981735811 0.345759273 0.0409553051 0.421482861 0.0981735811 0.345759273 0.0867232382 0.492704451 0.0981735811 0.345759273 0.0409553051 0.421482861 0.0887893885 0.302496016 0.0260620005 0.326865673 0.0887893885 0.302496016 0.0409553051 0.421482861 0.0887893885 0.302496016 0.0260620005 0.326865673 0.0186155587 0.279557049 0.0887893885 0.302496016 0.0186155587 0.279557049 0.0186155587 0.279557049 0.0111694261 0.232248902 0.0887893885 0.302496016 0.0981735811 0.345759273 0.149165928 0.378436863 0.0981735811 0.345759273 0.122594833 0.304918885 0.0111694261 0.232248902 0.209140167 0.381296635 0.207352743 0.444783688 0.173344493 0.443222165 0.209140167 0.381296635 0.173344493 0.443222165 0.166043296 0.399954319 0.209140167 0.381296635 0.173344493 0.443222165 0.207352743 0.444783688 0.0867232382 0.492704451 0.173344493 0.443222165 0.0867232382 0.492704451 0.207352743 0.444783688 0.156625554 0.558022916 0.156625554 0.558022916 0.207352743 0.444783688 0.23625882 0.584731877 0.245086566 0.469548523 0.23625882 0.584731877 0.207352743 0.444783688 0.23625882 0.584731877 0.245086566 0.469548523 0.335512578 0.547803879 0.314844042 0.462709069 0.314844042 0.462709069 0.245086566 0.469548523 0.310728282 0.395163715 0.310728282 0.395163715 0.245086566 0.469548523 0.265477657 0.405968249 0.207352743 0.444783688 0.265477657 0.405968249 0.245086566 0.469548523 0.249077126 0.372580588 0.265477657 0.405968249 0.207352743 0.444783688 0.265477657 0.405968249 0.310728282 0.395163715 0.296951443 0.30462414 0.310728282 0.395163715 0.249077126 0.372580588 0.296951443 0.30462414 0.249077126 0.372580588 0.310728282 0.395163715 0.265477657 0.405968249 0.245086566 0.469548523 0.310728282 0.395163715 0.265477657 0.405968249 0.314844042 0.462709069 0.314844042 0.462709069 0.245086566 0.469548523 0.335512578 0.547803879 0.23625882 0.584731877 0.207352743 0.444783688 0.23625882 0.584731877 0.245086566 0.469548523 0.156625554 0.558022916 0.0867232382 0.492704451 0.173344493 0.443222165 0.0867232382 0.492704451 0.207352743 0.444783688 0.166043296 0.399954319 0.209140167 0.381296635 0.166043296 0.399954319 0.173344493 0.443222165 0.166043296 0.399954319 0.209140167 0.381296635 0.189122915 0.3416816 0.207352743 0.444783688 0.173344493 0.443222165 0.207352743 0.444783688 0.209140167 0.381296635 0.245086566 0.469548523 0.310728282 0.395163715 0.207352743 0.444783688 0.23625882 0.584731877 0.173344493 0.443222165 0.0867232382 0.492704451 0.166043296 0.399954319 0.209140167 0.381296635 0.189122915 0.3416816 0.173344493 0.443222165 0.245086566 0.469548523 0.265477657 0.405968249 0.207352743 0.444783688 0.238647446 0.251101375 0.284298569 0.255690098 0.259419024 0.218247116 0.236435115 0.29175204 0.180848986 0.274222136 0.161323205 0.175751567 0.232475102 0.184679449 0.290120184 0.164963126 0.348535031 0.187895298 0.328240126 0.271108866 0.296951443 0.30462414 0.328240126 0.271108866 0.284298569 0.255690098 0.406569064 0.0830130577 0.30609253 0.0128577948 0.189883813 0.049476862 0.126941457 0.081469357 0.0111694261 0.232248902 0.122594833 0.304918885 0.149165928 0.378436863 0.149165928 0.378436863 0.0981735811 0.345759273 0.0867232382 0.492704451 0.0981735811 0.345759273 0.0409553051 0.421482861 0.0887893885 0.302496016 0.0409553051 0.421482861 0.0981735811 0.345759273 0.0409553051 0.421482861 0.0887893885 0.302496016 0.0260620005 0.326865673 0.0186155587 0.279557049 0.0887893885 0.302496016 0.0260620005 0.326865673 0.0887893885 0.302496016 0.0981735811 0.345759273 0.122594833 0.304918885 0.0981735811 0.345759273 0.149165928 0.378436863 0.0186155587 0.279557049 0.0887893885 0.302496016 0.0111694261 0.232248902 0.348535031 0.187895298 0.329568565 0.271195889 0.284298569 0.255690098 0.296951443 0.30462414 0.290120184 0.164963126 0.259419024 0.218247116 0.232475102 0.184679449 0.238647446 0.251101375 0.161323205 0.175751567 0.180848986 0.274222136 0.236435115 0.29175204 0.189122915 0.3416816 0.249077126 0.372580588 0.259419024 0.218247116 0.284298569 0.255690098 0.238647446 0.251101375 0.406569064 0.0830130577 0.30609253 0.0128577948 0.189883813 0.049476862 0.126941457 0.081469357 0.0111694261 0.232248902 0.122594833 0.304918885 0.122594833 0.304918885 0.189122915 0.3416816 0.149165928 0.378436863 0.166043296 0.399954319 0.149165928 0.378436863 0.189122915 0.3416816 0.0867232382 0.492704451 0.149165928 0.378436863 0.166043296 0.399954319 0.149165928 0.378436863 0.0867232382 0.492704451 0.0981735811 0.345759273 0.0409553051 0.421482861 0.0981735811 0.345759273 0.0867232382 0.492704451 0.0981735811 0.345759273 0.0409553051 0.421482861 0.0887893885 0.302496016 0.0260620005 0.326865673 0.0887893885 0.302496016 0.0409553051 0.421482861 0.0887893885 0.302496016 0.0260620005 0.326865673 0.0186155587 0.279557049 0.0887893885 0.302496016 0.0186155587 0.279557049 0.0186155587 0.279557049 0.0111694261 0.232248902 0.0887893885 0.302496016 0.0981735811 0.345759273 0.149165928 0.378436863 0.0981735811 0.345759273 0.122594833 0.304918885 0.0111694261 0.232248902 0.209140167 0.381296635 0.207352743 0.444783688 0.173344493 0.443222165 0.209140167 0.381296635 0.173344493 0.443222165 0.166043296 0.399954319 0.209140167 0.381296635 0.173344493 0.443222165 0.207352743 0.444783688 0.0867232382 0.492704451 0.173344493 0.443222165 0.0867232382 0.492704451 0.207352743 0.444783688 0.156625554 0.558022916 0.156625554 0.558022916 0.207352743 0.444783688 0.23625882 0.584731877 0.245086566 0.469548523 0.23625882 0.584731877 0.207352743 0.444783688 0.23625882 0.584731877 0.245086566 0.469548523 0.335512578 0.547803879 0.314844042 0.462709069 0.314844042 0.462709069 0.245086566 0.469548523 0.310728282 0.395163715 0.310728282 0.395163715 0.245086566 0.469548523 0.265477657 0.405968249 0.207352743 0.444783688 0.265477657 0.405968249 0.245086566 0.469548523 0.249077126 0.372580588 0.265477657 0.405968249 0.207352743 0.444783688 0.265477657 0.405968249 0.310728282 0.395163715 0.296951443 0.30462414 0.310728282 0.395163715 0.249077126 0.372580588 0.296951443 0.30462414 0.249077126 0.372580588 0.310728282 0.395163715 0.265477657 0.405968249 0.245086566 0.469548523 0.310728282 0.395163715 0.265477657 0.405968249 0.314844042 0.462709069 0.314844042 0.462709069 0.245086566 0.469548523 0.335512578 0.547803879 0.23625882 0.584731877 0.207352743 0.444783688 0.23625882 0.584731877 0.245086566 0.469548523 0.156625554 0.558022916 0.0867232382 0.492704451 0.173344493 0.443222165 0.0867232382 0.492704451 0.207352743 0.444783688 0.166043296 0.399954319 0.209140167 0.381296635 0.166043296 0.399954319 0.173344493 0.443222165 0.166043296 0.399954319 0.209140167 0.381296635 0.189122915 0.3416816 0.207352743 0.444783688 0.173344493 0.443222165 0.207352743 0.444783688 0.209140167 0.381296635 0.245086566 0.469548523 0.310728282 0.395163715 0.207352743 0.444783688 0.23625882 0.584731877 0.173344493 0.443222165 0.0867232382 0.492704451 0.166043296 0.399954319 0.209140167 0.381296635 0.189122915 0.3416816 0.173344493 0.443222165 0.245086566 0.469548523 0.265477657 0.405968249 0.207352743 0.444783688 0.238647446 0.251101375 0.284298569 0.255690098 0.259419024 0.218247116 0.236435115 0.29175204 0.180848986 0.274222136 0.161323205 0.175751567 0.232475102 0.184679449 0.290120184 0.164963126 0.348535031 0.187895298 0.328240126 0.271108866 0.296951443 0.30462414 0.328240126 0.271108866 0.284298569 0.255690098 0.406569064 0.0830130577 0.30609253 0.0128577948 0.189883813 0.049476862 0.126941457 0.081469357 0.0111694261 0.232248902 0.122594833 0.304918885 0.149165928 0.378436863 0.149165928 0.378436863 0.0981735811 0.345759273 0.0867232382 0.492704451 0.0981735811 0.345759273 0.0409553051 0.421482861 0.0887893885 0.302496016 0.0409553051 0.421482861 0.0981735811 0.345759273 0.0409553051 0.421482861 0.0887893885 0.302496016 0.0260620005 0.326865673 0.0186155587 0.279557049 0.0887893885 0.302496016 0.0260620005 0.326865673 0.0887893885 0.302496016 0.0981735811 0.345759273 0.122594833 0.304918885 0.0981735811 0.345759273 0.149165928 0.378436863 0.0186155587 0.279557049 0.0887893885 0.302496016 0.0111694261 0.232248902 0.348535031 0.187895298 0.329568565 0.271195889 0.284298569 0.255690098 0.296951443 0.30462414 0.290120184 0.164963126 0.259419024 0.218247116 0.232475102 0.184679449 0.238647446 0.251101375 0.161323205 0.175751567 0.180848986 0.274222136 0.236435115 0.29175204 0.189122915 0.3416816 0.249077126 0.372580588 0.259419024 0.218247116 0.284298569 0.255690098 0.238647446 0.251101375 0.406569064 0.0830130577 0.30609253 0.0128577948 0.189883813 0.049476862 0.126941457 0.081469357 0.0111694261 0.232248902 0.122594833 0.304918885 0.122594833 0.304918885 0.189122915 0.3416816 0.149165928 0.378436863 0.166043296 0.399954319 0.149165928 0.378436863 0.189122915 0.3416816 0.0867232382 0.492704451 0.149165928 0.378436863 0.166043296 0.399954319 0.149165928 0.378436863 0.0867232382 0.492704451 0.0981735811 0.345759273 0.0409553051 0.421482861 0.0981735811 0.345759273 0.0867232382 0.492704451 0.0981735811 0.345759273 0.0409553051 0.421482861 0.0887893885 0.302496016 0.0260620005 0.326865673 0.0887893885 0.302496016 0.0409553051 0.421482861 0.0887893885 0.302496016 0.0260620005 0.326865673 0.0186155587 0.279557049 0.0887893885 0.302496016 0.0186155587 0.279557049 0.0186155587 0.279557049 0.0111694261 0.232248902 0.0887893885 0.302496016 0.0981735811 0.345759273 0.149165928 0.378436863 0.0981735811 0.345759273 0.122594833 0.304918885 0.0111694261 0.232248902 0.209140167 0.381296635 0.207352743 0.444783688 0.173344493 0.443222165 0.209140167 0.381296635 0.173344493 0.443222165 0.166043296 0.399954319 0.209140167 0.381296635 0.173344493 0.443222165 0.207352743 0.444783688 0.0867232382 0.492704451 0.173344493 0.443222165 0.0867232382 0.492704451 0.207352743 0.444783688 0.156625554 0.558022916 0.156625554 0.558022916 0.207352743 0.444783688 0.23625882 0.584731877 0.245086566 0.469548523 0.23625882 0.584731877 0.207352743 0.444783688 0.23625882 0.584731877 0.245086566 0.469548523 0.335512578 0.547803879 0.314844042 0.462709069 0.314844042 0.462709069 0.245086566 0.469548523 0.310728282 0.395163715 0.310728282 0.395163715 0.245086566 0.469548523 0.265477657 0.405968249 0.207352743 0.444783688 0.265477657 0.405968249 0.245086566 0.469548523 0.249077126 0.372580588 0.265477657 0.405968249 0.207352743 0.444783688 0.265477657 0.405968249 0.310728282 0.395163715 0.296951443 0.30462414 0.310728282 0.395163715 0.249077126 0.372580588 0.296951443 0.30462414 0.249077126 0.372580588 0.310728282 0.395163715 0.265477657 0.405968249 0.245086566 0.469548523 0.310728282 0.395163715 0.265477657 0.405968249 0.314844042 0.462709069 0.314844042 0.462709069 0.245086566 0.469548523 0.335512578 0.547803879 0.23625882 0.584731877 0.207352743 0.444783688 0.23625882 0.584731877 0.245086566 0.469548523 0.156625554 0.558022916 0.0867232382 0.492704451 0.173344493 0.443222165 0.0867232382 0.492704451 0.207352743 0.444783688 0.166043296 0.399954319 0.209140167 0.381296635 0.166043296 0.399954319 0.173344493 0.443222165 0.166043296 0.399954319 0.209140167 0.381296635 0.189122915 0.3416816 0.207352743 0.444783688 0.173344493 0.443222165 0.207352743 0.444783688 0.209140167 0.381296635 0.245086566 0.469548523 0.310728282 0.395163715 0.207352743 0.444783688 0.23625882 0.584731877 0.173344493 0.443222165 0.0867232382 0.492704451 0.166043296 0.399954319 0.209140167 0.381296635 0.189122915 0.3416816 0.173344493 0.443222165 0.245086566 0.469548523 0.265477657 0.405968249 0.207352743 0.444783688 0.238647446 0.251101375 0.284298569 0.255690098 0.259419024 0.218247116 0.236435115 0.29175204 0.180848986 0.274222136 0.161323205 0.175751567 0.232475102 0.184679449 0.290120184 0.164963126 0.348535031 0.187895298 0.328240126 0.271108866 0.296951443 0.30462414 0.328240126 0.271108866 0.284298569 0.255690098 0.406569064 0.0830130577 0.30609253 0.0128577948 0.189883813 0.049476862 0.126941457 0.081469357 0.0111694261 0.232248902 0.122594833 0.304918885 0.149165928 0.378436863 0.149165928 0.378436863 0.0981735811 0.345759273 0.0867232382 0.492704451 0.0981735811 0.345759273 0.0409553051 0.421482861 0.0887893885 0.302496016 0.0409553051 0.421482861 0.0981735811 0.345759273 0.0409553051 0.421482861 0.0887893885 0.302496016 0.0260620005 0.326865673 0.0186155587 0.279557049 0.0887893885 0.302496016 0.0260620005 0.326865673 0.0887893885 0.302496016 0.0981735811 0.345759273 0.122594833 0.304918885 0.0981735811 0.345759273 0.149165928 0.378436863 0.0186155587 0.279557049 0.0887893885 0.302496016 0.0111694261 0.232248902 0.348535031 0.187895298 0.329568565 0.271195889 0.284298569 0.255690098 0.296951443 0.30462414 0.290120184 0.164963126 0.259419024 0.218247116 0.232475102 0.184679449 0.238647446 0.251101375 0.161323205 0.175751567 0.180848986 0.274222136 0.236435115 0.29175204 0.189122915 0.3416816 0.249077126 0.372580588 0.259419024 0.218247116 0.284298569 0.255690098 0.238647446 0.251101375 0.406569064 0.0830130577 0.30609253 0.0128577948 0.189883813 0.049476862 0.126941457 0.081469357 0.0111694261 0.232248902 0.122594833 0.304918885 0.122594833 0.304918885 0.189122915 0.3416816 0.149165928 0.378436863 0.166043296 0.399954319 0.149165928 0.378436863 0.189122915 0.3416816 0.0867232382 0.492704451 0.149165928 0.378436863 0.166043296 0.399954319 0.149165928 0.378436863 0.0867232382 0.492704451 0.0981735811 0.345759273 0.0409553051 0.421482861 0.0981735811 0.345759273 0.0867232382 0.492704451 0.0981735811 0.345759273 0.0409553051 0.421482861 0.0887893885 0.302496016 0.0260620005 0.326865673 0.0887893885 0.302496016 0.0409553051 0.421482861 0.0887893885 0.302496016 0.0260620005 0.326865673 0.0186155587 0.279557049 0.0887893885 0.302496016 0.0186155587 0.279557049 0.0186155587 0.279557049 0.0111694261 0.232248902 0.0887893885 0.302496016 0.0981735811 0.345759273 0.149165928 0.378436863 0.0981735811 0.345759273 0.122594833 0.304918885 0.0111694261 0.232248902 0.209140167 0.381296635 0.207352743 0.444783688 0.173344493 0.443222165 0.209140167 0.381296635 0.173344493 0.443222165 0.166043296 0.399954319 0.209140167 0.381296635 0.173344493 0.443222165 0.207352743 0.444783688 0.0867232382 0.492704451 0.173344493 0.443222165 0.0867232382 0.492704451 0.207352743 0.444783688 0.156625554 0.558022916 0.156625554 0.558022916 0.207352743 0.444783688 0.23625882 0.584731877 0.245086566 0.469548523 0.23625882 0.584731877 0.207352743 0.444783688 0.23625882 0.584731877 0.245086566 0.469548523 0.335512578 0.547803879 0.314844042 0.462709069 0.314844042 0.462709069 0.245086566 0.469548523 0.310728282 0.395163715 0.310728282 0.395163715 0.245086566 0.469548523 0.265477657 0.405968249 0.207352743 0.444783688 0.265477657 0.405968249 0.245086566 0.469548523 0.249077126 0.372580588 0.265477657 0.405968249 0.207352743 0.444783688 0.265477657 0.405968249 0.310728282 0.395163715 0.296951443 0.30462414 0.310728282 0.395163715 0.249077126 0.372580588 0.296951443 0.30462414 0.249077126 0.372580588 0.310728282 0.395163715 0.265477657 0.405968249 0.245086566 0.469548523 0.310728282 0.395163715 0.265477657 0.405968249 0.314844042 0.462709069 0.314844042 0.462709069 0.245086566 0.469548523 0.335512578 0.547803879 0.23625882 0.584731877 0.207352743 0.444783688 0.23625882 0.584731877 0.245086566 0.469548523 0.156625554 0.558022916 0.0867232382 0.492704451 0.173344493 0.443222165 0.0867232382 0.492704451 0.207352743 0.444783688 0.166043296 0.399954319 0.209140167 0.381296635 0.166043296 0.399954319 0.173344493 0.443222165 0.166043296 0.399954319 0.209140167 0.381296635 0.189122915 0.3416816 0.207352743 0.444783688 0.173344493 0.443222165 0.207352743 0.444783688 0.209140167 0.381296635 0.245086566 0.469548523 0.310728282 0.395163715 0.207352743 0.444783688 0.23625882 0.584731877 0.173344493 0.443222165 0.0867232382 0.492704451 0.166043296 0.399954319 0.209140167 0.381296635 0.189122915 0.3416816 0.173344493 0.443222165 0.245086566 0.469548523 0.265477657 0.405968249 0.207352743 0.444783688 0.238647446 0.251101375 0.284298569 0.255690098 0.259419024 0.218247116 0.236435115 0.29175204 0.180848986 0.274222136 0.161323205 0.175751567 0.232475102 0.184679449 0.290120184 0.164963126 0.348535031 0.187895298 0.328240126 0.271108866 0.296951443 0.30462414 0.328240126 0.271108866 0.284298569 0.255690098 0.406569064 0.0830130577 0.30609253 0.0128577948 0.189883813 0.049476862 0.126941457 0.081469357 0.0111694261 0.232248902 0.122594833 0.304918885 0.149165928 0.378436863 0.149165928 0.378436863 0.0981735811 0.345759273 0.0867232382 0.492704451 0.0981735811 0.345759273 0.0409553051 0.421482861 0.0887893885 0.302496016 0.0409553051 0.421482861 0.0981735811 0.345759273 0.0409553051 0.421482861 0.0887893885 0.302496016 0.0260620005 0.326865673 0.0186155587 0.279557049 0.0887893885 0.302496016 0.0260620005 0.326865673 0.0887893885 0.302496016 0.0981735811 0.345759273 0.122594833 0.304918885 0.0981735811 0.345759273 0.149165928 0.378436863 0.0186155587 0.279557049 0.0887893885 0.302496016 0.0111694261 0.232248902 0.348535031 0.187895298 0.329568565 0.271195889 0.284298569 0.255690098 0.296951443 0.30462414 0.290120184 0.164963126 0.259419024 0.218247116 0.232475102 0.184679449 0.238647446 0.251101375 0.161323205 0.175751567 0.180848986 0.274222136 0.236435115 0.29175204 0.189122915 0.3416816 0.249077126 0.372580588 0.259419024 0.218247116 0.284298569 0.255690098 0.238647446 0.251101375 0.406569064 0.0830130577 0.30609253 0.0128577948 0.189883813 0.049476862 0.126941457 0.081469357 0.0111694261 0.232248902 0.122594833 0.304918885 0.122594833 0.304918885 0.189122915 0.3416816 0.149165928 0.378436863 0.166043296 0.399954319 0.149165928 0.378436863 0.189122915 0.3416816 0.0867232382 0.492704451 0.149165928 0.378436863 0.166043296 0.399954319 0.149165928 0.378436863 0.0867232382 0.492704451 0.0981735811 0.345759273 0.0409553051 0.421482861 0.0981735811 0.345759273 0.0867232382 0.492704451 0.0981735811 0.345759273 0.0409553051 0.421482861 0.0887893885 0.302496016 0.0260620005 0.326865673 0.0887893885 0.302496016 0.0409553051 0.421482861 0.0887893885 0.302496016 0.0260620005 0.326865673 0.0186155587 0.279557049 0.0887893885 0.302496016 0.0186155587 0.279557049 0.0186155587 0.279557049 0.0111694261 0.232248902 0.0887893885 0.302496016 0.0981735811 0.345759273 0.149165928 0.378436863 0.0981735811 0.345759273 0.122594833 0.304918885 0.0111694261 0.232248902 0.209140167 0.381296635 0.207352743 0.444783688 0.173344493 0.443222165 0.209140167 0.381296635 0.173344493 0.443222165 0.166043296 0.399954319 0.209140167 0.381296635 0.173344493 0.443222165 0.207352743 0.444783688 0.0867232382 0.492704451 0.173344493 0.443222165 0.0867232382 0.492704451 0.207352743 0.444783688 0.156625554 0.558022916 0.156625554 0.558022916 0.207352743 0.444783688 0.23625882 0.584731877 0.245086566 0.469548523 0.23625882 0.584731877 0.207352743 0.444783688 0.23625882 0.584731877 0.245086566 0.469548523 0.335512578 0.547803879 0.314844042 0.462709069 0.314844042 0.462709069 0.245086566 0.469548523 0.310728282 0.395163715 0.310728282 0.395163715 0.245086566 0.469548523 0.265477657 0.405968249 0.207352743 0.444783688 0.265477657 0.405968249 0.245086566 0.469548523 0.249077126 0.372580588 0.265477657 0.405968249 0.207352743 0.444783688 0.265477657 0.405968249 0.310728282 0.395163715 0.296951443 0.30462414 0.310728282 0.395163715 0.249077126 0.372580588 0.296951443 0.30462414 0.249077126 0.372580588 0.310728282 0.395163715 0.265477657 0.405968249 0.245086566 0.469548523 0.310728282 0.395163715 0.265477657 0.405968249 0.314844042 0.462709069 0.314844042 0.462709069 0.245086566 0.469548523 0.335512578 0.547803879 0.23625882 0.584731877 0.207352743 0.444783688 0.23625882 0.584731877 0.245086566 0.469548523 0.156625554 0.558022916 0.0867232382 0.492704451 0.173344493 0.443222165 0.0867232382 0.492704451 0.207352743 0.444783688 0.166043296 0.399954319 0.209140167 0.381296635 0.166043296 0.399954319 0.173344493 0.443222165 0.166043296 0.399954319 0.209140167 0.381296635 0.189122915 0.3416816 0.207352743 0.444783688 0.173344493 0.443222165 0.207352743 0.444783688 0.209140167 0.381296635 0.245086566 0.469548523 0.310728282 0.395163715 0.207352743 0.444783688 0.23625882 0.584731877 0.173344493 0.443222165 0.0867232382 0.492704451 0.166043296 0.399954319 0.209140167 0.381296635 0.189122915 0.3416816 0.173344493 0.443222165 0.245086566 0.469548523 0.265477657 0.405968249 0.207352743 0.444783688 0.238647446 0.251101375 0.284298569 0.255690098 0.259419024 0.218247116 0.236435115 0.29175204 0.180848986 0.274222136 0.161323205 0.175751567 0.232475102 0.184679449 0.290120184 0.164963126 0.348535031 0.187895298 0.328240126 0.271108866 0.296951443 0.30462414 0.328240126 0.271108866 0.284298569 0.255690098 0.406569064 0.0830130577 0.30609253 0.0128577948 0.189883813 0.049476862 0.126941457 0.081469357 0.0111694261 0.232248902 0.122594833 0.304918885 0.149165928 0.378436863 0.149165928 0.378436863 0.0981735811 0.345759273 0.0867232382 0.492704451 0.0981735811 0.345759273 0.0409553051 0.421482861 0.0887893885 0.302496016 0.0409553051 0.421482861 0.0981735811 0.345759273 0.0409553051 0.421482861 0.0887893885 0.302496016 0.0260620005 0.326865673 0.0186155587 0.279557049 0.0887893885 0.302496016 0.0260620005 0.326865673 0.0887893885 0.302496016 0.0981735811 0.345759273 0.122594833 0.304918885 0.0981735811 0.345759273 0.149165928 0.378436863 0.0186155587 0.279557049 0.0887893885 0.302496016 0.0111694261 0.232248902 0.348535031 0.187895298 0.329568565 0.271195889 0.284298569 0.255690098 0.296951443 0.30462414 0.290120184 0.164963126 0.259419024 0.218247116 0.232475102 0.184679449 0.238647446 0.251101375 0.161323205 0.175751567 0.180848986 0.274222136 0.236435115 0.29175204 0.189122915 0.3416816 0.249077126 0.372580588 0.259419024 0.218247116 0.284298569 0.255690098 0.238647446 0.251101375 0.406569064 0.0830130577 0.30609253 0.0128577948 0.189883813 0.049476862 0.126941457 0.081469357 0.0111694261 0.232248902 0.122594833 0.304918885 0.122594833 0.304918885 0.189122915 0.3416816 0.149165928 0.378436863 0.166043296 0.399954319 0.149165928 0.378436863 0.189122915 0.3416816 0.0867232382 0.492704451 0.149165928 0.378436863 0.166043296 0.399954319 0.149165928 0.378436863 0.0867232382 0.492704451 0.0981735811 0.345759273 0.0409553051 0.421482861 0.0981735811 0.345759273 0.0867232382 0.492704451 0.0981735811 0.345759273 0.0409553051 0.421482861 0.0887893885 0.302496016 0.0260620005 0.326865673 0.0887893885 0.302496016 0.0409553051 0.421482861 0.0887893885 0.302496016 0.0260620005 0.326865673 0.0186155587 0.279557049 0.0887893885 0.302496016 0.0186155587 0.279557049 0.0186155587 0.279557049 0.0111694261 0.232248902 0.0887893885 0.302496016 0.0981735811 0.345759273 0.149165928 0.378436863 0.0981735811 0.345759273 0.122594833 0.304918885 0.0111694261 0.232248902 0.209140167 0.381296635 0.207352743 0.444783688 0.173344493 0.443222165 0.209140167 0.381296635 0.173344493 0.443222165 0.166043296 0.399954319 0.209140167 0.381296635 0.173344493 0.443222165 0.207352743 0.444783688 0.0867232382 0.492704451 0.173344493 0.443222165 0.0867232382 0.492704451 0.207352743 0.444783688 0.156625554 0.558022916 0.156625554 0.558022916 0.207352743 0.444783688 0.23625882 0.584731877 0.245086566 0.469548523 0.23625882 0.584731877 0.207352743 0.444783688 0.23625882 0.584731877 0.245086566 0.469548523 0.335512578 0.547803879 0.314844042 0.462709069 0.314844042 0.462709069 0.245086566 0.469548523 0.310728282 0.395163715 0.310728282 0.395163715 0.245086566 0.469548523 0.265477657 0.405968249 0.207352743 0.444783688 0.265477657 0.405968249 0.245086566 0.469548523 0.249077126 0.372580588 0.265477657 0.405968249 0.207352743 0.444783688 0.265477657 0.405968249 0.310728282 0.395163715 0.296951443 0.30462414 0.310728282 0.395163715 0.249077126 0.372580588 0.296951443 0.30462414 0.249077126 0.372580588 0.310728282 0.395163715 0.265477657 0.405968249 0.245086566 0.469548523 0.310728282 0.395163715 0.265477657 0.405968249 0.314844042 0.462709069 0.314844042 0.462709069 0.245086566 0.469548523 0.335512578 0.547803879 0.23625882 0.584731877 0.207352743 0.444783688 0.23625882 0.584731877 0.245086566 0.469548523 0.156625554 0.558022916 0.0867232382 0.492704451 0.173344493 0.443222165 0.0867232382 0.492704451 0.207352743 0.444783688 0.166043296 0.399954319 0.209140167 0.381296635 0.166043296 0.399954319 0.173344493 0.443222165 0.166043296 0.399954319 0.209140167 0.381296635 0.189122915 0.3416816 0.207352743 0.444783688 0.173344493 0.443222165 0.207352743 0.444783688 0.209140167 0.381296635 0.245086566 0.469548523 0.310728282 0.395163715 0.207352743 0.444783688 0.23625882 0.584731877 0.173344493 0.443222165 0.0867232382 0.492704451 0.166043296 0.399954319 0.209140167 0.381296635 0.189122915 0.3416816 0.173344493 0.443222165 0.245086566 0.469548523 0.265477657 0.405968249 0.207352743 0.444783688 0.238647446 0.251101375 0.284298569 0.255690098 0.259419024 0.218247116 0.236435115 0.29175204 0.180848986 0.274222136 0.161323205 0.175751567 0.232475102 0.184679449 0.290120184 0.164963126 0.348535031 0.187895298 0.328240126 0.271108866 0.296951443 0.30462414 0.328240126 0.271108866 0.284298569 0.255690098 0.406569064 0.0830130577 0.30609253 0.0128577948 0.189883813 0.049476862 0.126941457 0.081469357 0.0111694261 0.232248902 0.122594833 0.304918885 0.149165928 0.378436863 0.149165928 0.378436863 0.0981735811 0.345759273 0.0867232382 0.492704451 0.0981735811 0.345759273 0.0409553051 0.421482861 0.0887893885 0.302496016 0.0409553051 0.421482861 0.0981735811 0.345759273 0.0409553051 0.421482861 0.0887893885 0.302496016 0.0260620005 0.326865673 0.0186155587 0.279557049 0.0887893885 0.302496016 0.0260620005 0.326865673 0.0887893885 0.302496016 0.0981735811 0.345759273 0.122594833 0.304918885 0.0981735811 0.345759273 0.149165928 0.378436863 0.0186155587 0.279557049 0.0887893885 0.302496016 0.0111694261 0.232248902 0.348535031 0.187895298 0.329568565 0.271195889 0.284298569 0.255690098 0.296951443 0.30462414 0.290120184 0.164963126 0.259419024 0.218247116 0.232475102 0.184679449 0.238647446 0.251101375 0.161323205 0.175751567 0.180848986 0.274222136 0.236435115 0.29175204 0.189122915 0.3416816 0.249077126 0.372580588 0.259419024 0.218247116 0.284298569 0.255690098 0.238647446 0.251101375 0.406569064 0.0830130577 0.30609253 0.0128577948 0.189883813 0.049476862 0.126941457 0.081469357 0.0111694261 0.232248902 0.122594833 0.304918885 0.149165928 0.378436863 0.166043296 0.399954319 0.0867232382 0.492704451 0.149165928 0.378436863 0.166043296 0.399954319 0.0981735811 0.345759273 0.0409553051 0.421482861 0.0981735811 0.345759273 0.0867232382 0.492704451 0.0981735811 0.345759273 0.0409553051 0.421482861 0.0887893885 0.302496016 0.0260620005 0.326865673 0.0887893885 0.302496016 0.0409553051 0.421482861 0.0186155587 0.279557049 0.0186155587 0.279557049 0.0111694261 0.232248902 0.0887893885 0.302496016 0.122594833 0.304918885 0.0981735811 0.345759273 0.149165928 0.378436863 0.0981735811 0.345759273 0.122594833 0.304918885 0.310728282 0.395163715 0.265477657 0.405968249 0.249077126 0.372580588 0.310728282 0.395163715 0.249077126 0.372580588 0.265477657 0.405968249 0.207352743 0.444783688 0.207352743 0.444783688 0.265477657 0.405968249 0.245086566 0.469548523 0.245086566 0.469548523 0.265477657 0.405968249 0.314844042 0.462709069 0.335512578 0.547803879 0.245086566 0.469548523 0.314844042 0.462709069 0.23625882 0.584731877 0.245086566 0.469548523 0.335512578 0.547803879 0.245086566 0.469548523 0.23625882 0.584731877 0.207352743 0.444783688 0.156625554 0.558022916 0.207352743 0.444783688 0.23625882 0.584731877 0.0867232382 0.492704451 0.207352743 0.444783688 0.156625554 0.558022916 0.207352743 0.444783688 0.173344493 0.443222165 0.173344493 0.443222165 0.166043296 0.399954319 0.209140167 0.381296635 0.209140167 0.381296635 0.207352743 0.444783688 0.209140167 0.381296635 0.249077126 0.372580588 0.209140167 0.381296635 0.207352743 0.444783688 0.173344493 0.443222165 0.0111694261 0.232248902 0.0887893885 0.302496016 0.149165928 0.378436863 0.0867232382 0.492704451 0.166043296 0.399954319 0.0409553051 0.421482861 0.0260620005 0.326865673 0.296951443 0.30462414 0.249077126 0.372580588 0.310728282 0.395163715 0.265477657 0.405968249 0.245086566 0.469548523 0.310728282 0.395163715 0.265477657 0.405968249 0.314844042 0.462709069 0.335512578 0.547803879 0.23625882 0.584731877 0.207352743 0.444783688 0.23625882 0.584731877 0.245086566 0.469548523 0.156625554 0.558022916 0.0867232382 0.492704451 0.173344493 0.443222165 0.207352743 0.444783688 0.166043296 0.399954319 0.209140167 0.381296635 0.166043296 0.399954319 0.173344493 0.443222165 0.166043296 0.399954319 0.209140167 0.381296635 0.189122915 0.3416816 0.207352743 0.444783688 0.173344493 0.443222165 0.207352743 0.444783688 0.209140167 0.381296635 0.245086566 0.469548523 0.265477657 0.405968249 0.238647446 0.251101375 0.284298569 0.255690098 0.259419024 0.218247116 0.236435115 0.29175204 0.180848986 0.274222136 0.161323205 0.175751567 0.232475102 0.184679449 0.290120184 0.164963126 0.348535031 0.187895298 0.328240126 0.271108866 0.296951443 0.30462414 0.328240126 0.271108866 0.284298569 0.255690098 0.406569064 0.0830130577 0.30609253 0.0128577948 0.348535031 0.187895298 0.30609253 0.0128577948 0.290120184 0.164963126 0.189883813 0.049476862 0.290120184 0.164963126 0.30609253 0.0128577948 0.290120184 0.164963126 0.189883813 0.049476862 0.232475102 0.184679449 0.126941457 0.081469357 0.232475102 0.184679449 0.189883813 0.049476862 0.232475102 0.184679449 0.126941457 0.081469357 0.161323205 0.175751567 0.161323205 0.175751567 0.126941457 0.081469357 0.161323205 0.175751567 0.0111694261 0.232248902 0.180848986 0.274222136 0.122594833 0.304918885 0.180848986 0.274222136 0.0111694261 0.232248902 0.180848986 0.274222136 0.122594833 0.304918885 0.189122915 0.3416816 0.149165928 0.378436863 0.189122915 0.3416816 0.122594833 0.304918885 0.189122915 0.3416816 0.149165928 0.378436863 0.166043296 0.399954319 0.166043296 0.399954319 0.149165928 0.378436863 0.0867232382 0.492704451 0.0981735811 0.345759273 0.0867232382 0.492704451 0.149165928 0.378436863 0.0867232382 0.492704451 0.0981735811 0.345759273 0.0409553051 0.421482861 0.0887893885 0.302496016 0.0409553051 0.421482861 0.0981735811 0.345759273 0.0409553051 0.421482861 0.0887893885 0.302496016 0.0260620005 0.326865673 0.0186155587 0.279557049 0.0260620005 0.326865673 0.0887893885 0.302496016 0.0186155587 0.279557049 0.0887893885 0.302496016 0.0111694261 0.232248902 0.122594833 0.304918885 0.0981735811 0.345759273 0.122594833 0.304918885 0.0981735811 0.345759273 0.149165928 0.378436863 0.0887893885 0.302496016 0.0111694261 0.232248902 0.310728282 0.395163715 0.23625882 0.584731877 0.173344493 0.443222165 0.0867232382 0.492704451 0.245086566 0.469548523 0.348535031 0.187895298 0.329568565 0.271195889 0.284298569 0.255690098 0.296951443 0.30462414 0.290120184 0.164963126 0.259419024 0.218247116 0.232475102 0.184679449 0.238647446 0.251101375 0.161323205 0.175751567 0.180848986 0.274222136 0.236435115 0.29175204 0.189122915 0.3416816 0.249077126 0.372580588 0.259419024 0.218247116 0.284298569 0.255690098 0.238647446 0.251101375 0.406569064 0.0830130577 0.30609253 0.0128577948 0.189883813 0.049476862 0.126941457 0.081469357 0.0111694261 0.232248902 0.122594833 0.304918885 0.122594833 0.304918885 0.189122915 0.3416816 0.149165928 0.378436863 0.166043296 0.399954319 0.149165928 0.378436863 0.189122915 0.3416816 0.0867232382 0.492704451 0.149165928 0.378436863 0.166043296 0.399954319 0.149165928 0.378436863 0.0867232382 0.492704451 0.0981735811 0.345759273 0.0409553051 0.421482861 0.0981735811 0.345759273 0.0867232382 0.492704451 0.0981735811 0.345759273 0.0409553051 0.421482861 0.0887893885 0.302496016 0.0260620005 0.326865673 0.0887893885 0.302496016 0.0409553051 0.421482861 0.0887893885 0.302496016 0.0260620005 0.326865673 0.0186155587 0.279557049 0.0887893885 0.302496016 0.0186155587 0.279557049 0.0186155587 0.279557049 0.0111694261 0.232248902 0.0887893885 0.302496016 0.0981735811 0.345759273 0.149165928 0.378436863 0.0981735811 0.345759273 0.122594833 0.304918885 0.0111694261 0.232248902 0.209140167 0.381296635 0.207352743 0.444783688 0.173344493 0.443222165 0.209140167 0.381296635 0.173344493 0.443222165 0.166043296 0.399954319 0.209140167 0.381296635 0.173344493 0.443222165 0.207352743 0.444783688 0.0867232382 0.492704451 0.173344493 0.443222165 0.0867232382 0.492704451 0.207352743 0.444783688 0.156625554 0.558022916 0.156625554 0.558022916 0.207352743 0.444783688 0.23625882 0.584731877 0.245086566 0.469548523 0.23625882 0.584731877 0.207352743 0.444783688 0.23625882 0.584731877 0.245086566 0.469548523 0.335512578 0.547803879 0.314844042 0.462709069 0.314844042 0.462709069 0.245086566 0.469548523 0.310728282 0.395163715 0.310728282 0.395163715 0.245086566 0.469548523 0.265477657 0.405968249 0.207352743 0.444783688 0.265477657 0.405968249 0.245086566 0.469548523 0.249077126 0.372580588 0.265477657 0.405968249 0.207352743 0.444783688 0.265477657 0.405968249 0.310728282 0.395163715 0.296951443 0.30462414 0.310728282 0.395163715 0.249077126 0.372580588 0.296951443 0.30462414 0.249077126 0.372580588 0.310728282 0.395163715 0.265477657 0.405968249 0.245086566 0.469548523 0.310728282 0.395163715 0.265477657 0.405968249 0.314844042 0.462709069 0.314844042 0.462709069 0.245086566 0.469548523 0.335512578 0.547803879 0.23625882 0.584731877 0.207352743 0.444783688 0.23625882 0.584731877 0.245086566 0.469548523 0.156625554 0.558022916 0.0867232382 0.492704451 0.173344493 0.443222165 0.0867232382 0.492704451 0.207352743 0.444783688 0.166043296 0.399954319 0.209140167 0.381296635 0.166043296 0.399954319 0.173344493 0.443222165 0.166043296 0.399954319 0.209140167 0.381296635 0.189122915 0.3416816 0.207352743 0.444783688 0.173344493 0.443222165 0.207352743 0.444783688 0.209140167 0.381296635 0.245086566 0.469548523 0.310728282 0.395163715 0.207352743 0.444783688 0.23625882 0.584731877 0.173344493 0.443222165 0.0867232382 0.492704451 0.166043296 0.399954319 0.209140167 0.381296635 0.189122915 0.3416816 0.173344493 0.443222165 0.245086566 0.469548523 0.265477657 0.405968249 0.207352743 0.444783688 0.238647446 0.251101375 0.284298569 0.255690098 0.259419024 0.218247116 0.236435115 0.29175204 0.180848986 0.274222136 0.161323205 0.175751567 0.232475102 0.184679449 0.290120184 0.164963126 0.348535031 0.187895298 0.328240126 0.271108866 0.296951443 0.30462414 0.328240126 0.271108866 0.284298569 0.255690098 0.406569064 0.0830130577 0.30609253 0.0128577948 0.189883813 0.049476862 0.126941457 0.081469357 0.0111694261 0.232248902 0.122594833 0.304918885 0.149165928 0.378436863 0.149165928 0.378436863 0.0981735811 0.345759273 0.0867232382 0.492704451 0.0981735811 0.345759273 0.0409553051 0.421482861 0.0887893885 0.302496016 0.0409553051 0.421482861 0.0981735811 0.345759273 0.0409553051 0.421482861 0.0887893885 0.302496016 0.0260620005 0.326865673 0.0186155587 0.279557049 0.0887893885 0.302496016 0.0260620005 0.326865673 0.0887893885 0.302496016 0.0981735811 0.345759273 0.122594833 0.304918885 0.0981735811 0.345759273 0.149165928 0.378436863 0.0186155587 0.279557049 0.0887893885 0.302496016 0.0111694261 0.232248902 0.345769465 0.869951606 0.345769465 0.869951606 0.302332491 0.769867063 0.389158994 0.863002479 0.345769465 0.869951606 0.345769465 0.869951606 0.302332491 0.769867063 0.389158994 0.863002479 0.345769465 0.869951606 0.345769465 0.869951606 0.302332491 0.769867063 0.389158994 0.863002479 0.345769465 0.869951606 0.345769465 0.869951606 0.302332491 0.769867063 0.389158994 0.863002479 0.345769465 0.869951606 0.345769465 0.869951606 0.302332491 0.769867063 0.389158994 0.863002479 0.345769465 0.869951606 0.345769465 0.869951606 0.302332491 0.769867063 0.389158994 0.863002479 0.345769465 0.869951606 0.345769465 0.869951606 0.302332491 0.769867063 0.389158994 0.863002479 0.345769465 0.869951606 0.345769465 0.869951606 0.302332491 0.769867063 0.389158994 0.863002479 0.345769465 0.869951606 0.345769465 0.869951606 0.302332491 0.769867063 0.389158994 0.863002479 0.345769465 0.869951606 0.345769465 0.869951606 0.302332491 0.769867063 0.389158994 0.863002479 0.345769465 0.869951606 0.345769465 0.869951606 0.302332491 0.769867063 0.389158994 0.863002479 0.345769465 0.869951606 0.345769465 0.869951606 0.302332491 0.769867063 0.389158994 0.863002479</float_array>
        <technique_common><accessor source="#vfx_kurp_1153-mesh-uv0-array" count="4074" stride="2"><param name="S" type="float"/><param name="T" type="float"/></accessor></technique_common>
      </source>
      <vertices id="vfx_kurp_1153-mesh-vertices"><input semantic="POSITION" source="#vfx_kurp_1153-mesh-positions"/></vertices>
      <triangles material="PreviewMaterial" count="5424">
        <input semantic="VERTEX" source="#vfx_kurp_1153-mesh-vertices" offset="0"/>
        <input semantic="NORMAL" source="#vfx_kurp_1153-mesh-normals" offset="1"/>
        <input semantic="TEXCOORD" source="#vfx_kurp_1153-mesh-uv0" offset="2" set="0"/>
        <p>0 0 0 1 1 1 2 2 2 3 3 3 4 4 4 5 5 5 6 6 6 5 5 5 4 4 4 5 5 5 6 6 6 7 7 7 8 8 8 9 9 9 10 10 10 11 11 11 12 12 12 13 13 13 14 14 14 13 13 13 12 12 12 13 13 13 14 14 14 15 15 15 1 1 1 15 15 15 14 14 14 15 15 15 1 1 1 16 16 16 0 0 0 16 16 16 1 1 1 16 16 16 0 0 0 17 17 17 17 17 17 0 0 0 18 18 18 19 19 19 20 20 20 21 21 21 21 21 21 20 20 20 22 22 22 2 2 2 23 23 23 0 0 0 23 23 23 2 2 2 12 12 12 12 12 12 2 2 2 14 14 14 24 24 24 25 25 25 26 26 26 5 5 5 7 7 7 27 27 27 28 28 28 29 29 29 11 11 11 29 29 29 28 28 28 30 30 30 30 30 30 28 28 28 31 31 31 32 32 32 31 31 31 28 28 28 31 31 31 32 32 32 33 33 33 34 34 34 33 33 33 32 32 32 33 33 33 34 34 34 17 17 17 17 17 17 34 34 34 16 16 16 16 16 16 34 34 34 15 15 15 15 15 15 34 34 34 28 28 28 35 35 35 36 36 36 37 37 37 18 18 18 38 38 38 17 17 17 17 17 17 38 38 38 33 33 33 39 39 39 33 33 33 38 38 38 40 40 40 33 33 33 39 39 39 41 41 41 33 33 33 40 40 40 33 33 33 41 41 41 31 31 31 31 31 31 41 41 41 30 30 30 42 42 42 30 30 30 41 41 41 30 30 30 42 42 42 43 43 43 44 44 44 43 43 43 42 42 42 45 45 45 46 46 46 47 47 47 46 46 46 45 45 45 48 48 48 48 48 48 45 45 45 49 49 49 50 50 50 49 49 49 45 45 45 51 51 51 49 49 49 50 50 50 49 49 49 51 51 51 52 52 52 53 53 53 52 52 52 51 51 51 52 52 52 53 53 53 3 3 3 45 45 45 54 54 54 50 50 50 54 54 54 45 45 45 55 55 55 47 47 47 55 55 55 45 45 45 55 55 55 47 47 47 56 56 56 57 57 57 44 44 44 58 58 58 42 42 42 58 58 58 44 44 44 58 58 58 42 42 42 59 59 59 41 41 41 59 59 59 42 42 42 40 40 40 59 59 59 41 41 41 59 59 59 40 40 40 60 60 60 60 60 60 40 40 40 61 61 61 39 39 39 61 61 61 40 40 40 38 38 38 61 61 61 39 39 39 61 61 61 38 38 38 62 62 62 63 63 63 64 64 64 65 65 65 65 65 65 64 64 64 66 66 66 19 19 19 66 66 66 64 64 64 21 21 21 66 66 66 19 19 19 52 52 52 3 3 3 49 49 49 67 67 67 49 49 49 3 3 3 49 49 49 67 67 67 48 48 48 68 68 68 48 48 48 67 67 67 48 48 48 68 68 68 46 46 46 43 43 43 69 69 69 30 30 30 30 30 30 69 69 69 29 29 29 27 27 27 68 68 68 5 5 5 67 67 67 5 5 5 68 68 68 70 70 70 71 71 71 72 72 72 54 54 54 73 73 73 50 50 50 50 50 50 73 73 73 51 51 51 74 74 74 51 51 51 73 73 73 51 51 51 74 74 74 53 53 53 75 75 75 53 53 53 74 74 74 76 76 76 53 53 53 75 75 75 53 53 53 76 76 76 3 3 3 3 3 3 76 76 76 77 77 77 78 78 78 77 77 77 76 76 76 77 77 77 78 78 78 79 79 79 79 79 79 78 78 78 80 80 80 80 80 80 78 78 78 81 81 81 81 81 81 78 78 78 75 75 75 82 82 82 83 83 83 84 84 84 54 54 54 85 85 85 73 73 73 86 86 86 73 73 73 85 85 85 87 87 87 88 88 88 89 89 89 90 90 90 89 89 89 88 88 88 89 89 89 90 90 90 91 91 91 92 92 92 91 91 91 90 90 90 93 93 93 94 94 94 95 95 95 96 96 96 97 97 97 98 98 98 99 99 99 97 97 97 96 96 96 97 97 97 99 99 99 100 100 100 101 101 101 100 100 100 99 99 99 100 100 100 101 101 101 102 102 102 103 103 103 102 102 102 101 101 101 80 80 80 104 104 104 79 79 79 6 6 6 79 79 79 104 104 104 79 79 79 6 6 6 77 77 77 4 4 4 77 77 77 6 6 6 105 105 105 106 106 106 72 72 72 93 93 93 95 95 95 74 74 74 81 81 81 74 74 74 95 95 95 107 107 107 108 108 108 109 109 109 110 110 110 111 111 111 112 112 112 113 113 113 114 114 114 115 115 115 116 116 116 117 117 117 118 118 118 119 119 119 118 118 118 117 117 117 118 118 118 119 119 119 120 120 120 121 121 121 122 122 122 123 123 123 124 124 124 125 125 125 126 126 126 127 127 127 126 126 126 125 125 125 126 126 126 127 127 127 128 128 128 111 111 111 128 128 128 127 127 127 128 128 128 111 111 111 129 129 129 110 110 110 129 129 129 111 111 111 129 129 129 110 110 110 130 130 130 130 130 130 110 110 110 131 131 131 132 132 132 133 133 133 134 134 134 134 134 134 133 133 133 135 135 135 112 112 112 136 136 136 110 110 110 136 136 136 112 112 112 125 125 125 125 125 125 112 112 112 127 127 127 114 114 114 137 137 137 115 115 115 138 138 138 139 139 139 140 140 140 119 119 119 118 118 118 117 117 117 141 141 141 142 142 142 143 143 143 144 144 144 122 122 122 123 123 123 143 143 143 145 145 145 146 146 146 147 147 147 148 148 148 144 144 144 126 126 126 127 127 127 128 128 128 111 111 111 128 128 128 127 127 127 128 128 128 111 111 111 129 129 129 110 110 110 129 129 129 111 111 111 129 129 129 110 110 110 130 130 130 130 130 130 110 110 110 131 131 131 149 149 149 113 113 113 150 150 150 134 134 134 133 133 133 135 135 135 112 112 112 136 136 136 110 110 110 136 136 136 112 112 112 125 125 125 125 125 125 112 112 112 127 127 127 111 111 111 127 127 127 112 112 112 118 118 118 120 120 120 151 151 151 152 152 152 153 153 153 124 124 124 153 153 153 152 152 152 154 154 154 154 154 154 152 152 152 155 155 155 156 156 156 155 155 155 152 152 152 155 155 155 156 156 156 157 157 157 158 158 158 157 157 157 156 156 156 157 157 157 158 158 158 130 130 130 130 130 130 158 158 158 129 129 129 129 129 129 158 158 158 128 128 128 128 128 128 158 158 158 152 152 152 159 159 159 160 160 160 161 161 161 118 118 118 120 120 120 151 151 151 162 162 162 163 163 163 164 164 164 153 153 153 152 152 152 154 154 154 154 154 154 152 152 152 155 155 155 156 156 156 155 155 155 152 152 152 155 155 155 156 156 156 157 157 157 158 158 158 157 157 157 156 156 156 157 157 157 158 158 158 130 130 130 130 130 130 158 158 158 129 129 129 129 129 129 158 158 158 128 128 128 128 128 128 158 158 158 152 152 152 156 156 156 152 152 152 158 158 158 131 131 131 165 165 165 130 130 130 130 130 130 165 165 165 157 157 157 166 166 166 157 157 157 165 165 165 167 167 167 157 157 157 166 166 166 168 168 168 157 157 157 167 167 167 157 157 157 168 168 168 155 155 155 155 155 155 168 168 168 154 154 154 169 169 169 154 154 154 168 168 168 154 154 154 169 169 169 170 170 170 171 171 171 170 170 170 169 169 169 172 172 172 173 173 173 174 174 174 173 173 173 172 172 172 175 175 175 175 175 175 172 172 172 176 176 176 177 177 177 176 176 176 172 172 172 178 178 178 176 176 176 177 177 177 176 176 176 178 178 178 179 179 179 180 180 180 179 179 179 178 178 178 179 179 179 180 180 180 116 116 116 131 131 131 165 165 165 130 130 130 130 130 130 165 165 165 157 157 157 166 166 166 157 157 157 165 165 165 167 167 167 157 157 157 166 166 166 181 181 181 182 182 182 183 183 183 157 157 157 168 168 168 155 155 155 155 155 155 168 168 168 154 154 154 169 169 169 154 154 154 168 168 168 154 154 154 169 169 169 170 170 170 171 171 171 170 170 170 169 169 169 184 184 184 185 185 185 186 186 186 173 173 173 172 172 172 175 175 175 175 175 175 172 172 172 176 176 176 177 177 177 176 176 176 172 172 172 178 178 178 176 176 176 177 177 177 176 176 176 178 178 178 179 179 179 180 180 180 179 179 179 178 178 178 179 179 179 180 180 180 116 116 116 179 179 179 116 116 116 176 176 176 187 187 187 176 176 176 116 116 116 176 176 176 187 187 187 175 175 175 188 188 188 175 175 175 187 187 187 175 175 175 188 188 188 173 173 173 170 170 170 189 189 189 154 154 154 154 154 154 189 189 189 153 153 153 151 151 151 188 188 188 118 118 118 187 187 187 118 118 118 188 188 188 140 140 140 190 190 190 138 138 138 179 179 179 116 116 116 176 176 176 187 187 187 176 176 176 116 116 116 176 176 176 187 187 187 175 175 175 188 188 188 175 175 175 187 187 187 175 175 175 188 188 188 173 173 173 170 170 170 189 189 189 154 154 154 154 154 154 189 189 189 153 153 153 151 151 151 188 188 188 118 118 118 187 187 187 118 118 118 188 188 188 118 118 118 187 187 187 116 116 116 191 191 191 192 192 192 177 177 177 177 177 177 192 192 192 178 178 178 193 193 193 178 178 178 192 192 192 178 178 178 193 193 193 180 180 180 194 194 194 180 180 180 193 193 193 195 195 195 180 180 180 194 194 194 180 180 180 195 195 195 116 116 116 116 116 116 195 195 195 196 196 196 197 197 197 196 196 196 195 195 195 196 196 196 197 197 197 198 198 198 198 198 198 197 197 197 199 199 199 199 199 199 197 197 197 200 200 200 200 200 200 197 197 197 194 194 194 201 201 201 202 202 202 203 203 203 204 204 204 205 205 205 206 206 206 177 177 177 192 192 192 178 178 178 193 193 193 178 178 178 192 192 192 178 178 178 193 193 193 180 180 180 194 194 194 180 180 180 193 193 193 195 195 195 180 180 180 194 194 194 180 180 180 195 195 195 116 116 116 116 116 116 195 195 195 196 196 196 197 197 197 196 196 196 195 195 195 196 196 196 197 197 197 198 198 198 198 198 198 197 197 197 199 199 199 199 199 199 197 197 197 200 200 200 200 200 200 197 197 197 194 194 194 195 195 195 194 194 194 197 197 197 191 191 191 207 207 207 192 192 192 208 208 208 192 192 192 207 207 207 205 205 205 209 209 209 210 210 210 211 211 211 212 212 212 213 213 213 214 214 214 215 215 215 216 216 216 217 217 217 218 218 218 219 219 219 220 220 220 221 221 221 222 222 222 223 223 223 224 224 224 225 225 225 226 226 226 224 224 224 223 223 223 227 227 227 228 228 228 229 229 229 230 230 230 231 231 231 232 232 232 233 233 233 234 234 234 235 235 235 236 236 236 237 237 237 238 238 238 199 199 199 239 239 239 198 198 198 119 119 119 198 198 198 239 239 239 198 198 198 119 119 119 196 196 196 117 117 117 196 196 196 119 119 119 240 240 240 139 139 139 138 138 138 196 196 196 117 117 117 116 116 116 117 117 117 196 196 196 119 119 119 198 198 198 119 119 119 196 196 196 119 119 119 198 198 198 239 239 239 199 199 199 239 239 239 198 198 198 236 236 236 237 237 237 238 238 238 233 233 233 234 234 234 235 235 235 230 230 230 231 231 231 232 232 232 227 227 227 228 228 228 229 229 229 226 226 226 224 224 224 223 223 223 223 223 223 224 224 224 225 225 225 220 220 220 221 221 221 222 222 222 217 217 217 218 218 218 219 219 219 214 214 214 215 215 215 216 216 216 211 211 211 212 212 212 213 213 213 205 205 205 209 209 209 210 210 210 208 208 208 192 192 192 207 207 207 191 191 191 207 207 207 192 192 192 220 220 220 222 222 222 193 193 193 200 200 200 193 193 193 222 222 222 241 241 241 242 242 242 243 243 243 220 220 220 222 222 222 193 193 193 200 200 200 193 193 193 222 222 222 193 193 193 200 200 200 194 194 194 172 172 172 191 191 191 177 177 177 191 191 191 172 172 172 244 244 244 174 174 174 244 244 244 172 172 172 244 244 244 174 174 174 245 245 245 246 246 246 171 171 171 247 247 247 169 169 169 247 247 247 171 171 171 247 247 247 169 169 169 248 248 248 168 168 168 248 248 248 169 169 169 167 167 167 248 248 248 168 168 168 248 248 248 167 167 167 249 249 249 249 249 249 167 167 167 250 250 250 166 166 166 250 250 250 167 167 167 165 165 165 250 250 250 166 166 166 251 251 251 252 252 252 253 253 253 254 254 254 255 255 255 256 256 256 256 256 256 255 255 255 257 257 257 132 132 132 257 257 257 255 255 255 258 258 258 259 259 259 260 260 260 134 134 134 257 257 257 132 132 132 132 132 132 257 257 257 255 255 255 256 256 256 255 255 255 257 257 257 254 254 254 255 255 255 256 256 256 251 251 251 252 252 252 253 253 253 165 165 165 250 250 250 166 166 166 166 166 166 250 250 250 167 167 167 249 249 249 167 167 167 250 250 250 248 248 248 167 167 167 249 249 249 167 167 167 248 248 248 168 168 168 168 168 168 248 248 248 169 169 169 247 247 247 169 169 169 248 248 248 169 169 169 247 247 247 171 171 171 246 246 246 171 171 171 247 247 247 244 244 244 174 174 174 245 245 245 174 174 174 244 244 244 172 172 172 191 191 191 172 172 172 244 244 244 172 172 172 191 191 191 177 177 177 261 261 261 262 262 262 263 263 263 264 264 264 265 265 265 266 266 266 267 267 267 268 268 268 269 269 269 270 270 270 269 269 269 268 268 268 269 269 269 270 270 270 271 271 271 272 272 272 273 273 273 274 274 274 275 275 275 276 276 276 277 277 277 278 278 278 277 277 277 276 276 276 277 277 277 278 278 278 279 279 279 262 262 262 279 279 279 278 278 278 279 279 279 262 262 262 280 280 280 261 261 261 280 280 280 262 262 262 280 280 280 261 261 261 281 281 281 281 281 281 261 261 261 282 282 282 283 283 283 284 284 284 285 285 285 285 285 285 284 284 284 286 286 286 263 263 263 287 287 287 261 261 261 287 287 287 263 263 263 276 276 276 276 276 276 263 263 263 278 278 278 265 265 265 288 288 288 266 266 266 289 289 289 290 290 290 291 291 291 270 270 270 269 269 269 268 268 268 292 292 292 293 293 293 294 294 294 295 295 295 273 273 273 274 274 274 294 294 294 296 296 296 297 297 297 298 298 298 299 299 299 295 295 295 277 277 277 278 278 278 279 279 279 262 262 262 279 279 279 278 278 278 279 279 279 262 262 262 280 280 280 261 261 261 280 280 280 262 262 262 280 280 280 261 261 261 281 281 281 281 281 281 261 261 261 282 282 282 300 300 300 264 264 264 301 301 301 285 285 285 284 284 284 286 286 286 263 263 263 287 287 287 261 261 261 287 287 287 263 263 263 276 276 276 276 276 276 263 263 263 278 278 278 262 262 262 278 278 278 263 263 263 269 269 269 271 271 271 302 302 302 303 303 303 304 304 304 275 275 275 304 304 304 303 303 303 305 305 305 305 305 305 303 303 303 306 306 306 307 307 307 306 306 306 303 303 303 306 306 306 307 307 307 308 308 308 309 309 309 308 308 308 307 307 307 308 308 308 309 309 309 281 281 281 281 281 281 309 309 309 280 280 280 280 280 280 309 309 309 279 279 279 279 279 279 309 309 309 303 303 303 310 310 310 311 311 311 312 312 312 269 269 269 271 271 271 302 302 302 313 313 313 314 314 314 315 315 315 304 304 304 303 303 303 305 305 305 305 305 305 303 303 303 306 306 306 307 307 307 306 306 306 303 303 303 306 306 306 307 307 307 308 308 308 309 309 309 308 308 308 307 307 307 308 308 308 309 309 309 281 281 281 281 281 281 309 309 309 280 280 280 280 280 280 309 309 309 279 279 279 279 279 279 309 309 309 303 303 303 307 307 307 303 303 303 309 309 309 282 282 282 316 316 316 281 281 281 281 281 281 316 316 316 308 308 308 317 317 317 308 308 308 316 316 316 318 318 318 308 308 308 317 317 317 319 319 319 308 308 308 318 318 318 308 308 308 319 319 319 306 306 306 306 306 306 319 319 319 305 305 305 320 320 320 305 305 305 319 319 319 305 305 305 320 320 320 321 321 321 322 322 322 321 321 321 320 320 320 323 323 323 324 324 324 325 325 325 324 324 324 323 323 323 326 326 326 326 326 326 323 323 323 327 327 327 328 328 328 327 327 327 323 323 323 329 329 329 327 327 327 328 328 328 327 327 327 329 329 329 330 330 330 331 331 331 330 330 330 329 329 329 330 330 330 331 331 331 267 267 267 282 282 282 316 316 316 281 281 281 281 281 281 316 316 316 308 308 308 317 317 317 308 308 308 316 316 316 318 318 318 308 308 308 317 317 317 332 332 332 333 333 333 334 334 334 308 308 308 319 319 319 306 306 306 306 306 306 319 319 319 305 305 305 320 320 320 305 305 305 319 319 319 305 305 305 320 320 320 321 321 321 322 322 322 321 321 321 320 320 320 335 335 335 336 336 336 337 337 337 324 324 324 323 323 323 326 326 326 326 326 326 323 323 323 327 327 327 328 328 328 327 327 327 323 323 323 329 329 329 327 327 327 328 328 328 327 327 327 329 329 329 330 330 330 331 331 331 330 330 330 329 329 329 330 330 330 331 331 331 267 267 267 330 330 330 267 267 267 327 327 327 338 338 338 327 327 327 267 267 267 327 327 327 338 338 338 326 326 326 339 339 339 326 326 326 338 338 338 326 326 326 339 339 339 324 324 324 321 321 321 340 340 340 305 305 305 305 305 305 340 340 340 304 304 304 302 302 302 339 339 339 269 269 269 338 338 338 269 269 269 339 339 339 291 291 291 341 341 341 289 289 289 330 330 330 267 267 267 327 327 327 338 338 338 327 327 327 267 267 267 327 327 327 338 338 338 326 326 326 339 339 339 326 326 326 338 338 338 326 326 326 339 339 339 324 324 324 321 321 321 340 340 340 305 305 305 305 305 305 340 340 340 304 304 304 302 302 302 339 339 339 269 269 269 338 338 338 269 269 269 339 339 339 269 269 269 338 338 338 267 267 267 342 342 342 343 343 343 328 328 328 328 328 328 343 343 343 329 329 329 344 344 344 329 329 329 343 343 343 329 329 329 344 344 344 331 331 331 345 345 345 331 331 331 344 344 344 346 346 346 331 331 331 345 345 345 331 331 331 346 346 346 267 267 267 267 267 267 346 346 346 347 347 347 348 348 348 347 347 347 346 346 346 347 347 347 348 348 348 349 349 349 349 349 349 348 348 348 350 350 350 350 350 350 348 348 348 351 351 351 351 351 351 348 348 348 345 345 345 352 352 352 353 353 353 354 354 354 355 355 355 356 356 356 357 357 357 328 328 328 343 343 343 329 329 329 344 344 344 329 329 329 343 343 343 329 329 329 344 344 344 331 331 331 345 345 345 331 331 331 344 344 344 346 346 346 331 331 331 345 345 345 331 331 331 346 346 346 267 267 267 267 267 267 346 346 346 347 347 347 348 348 348 347 347 347 346 346 346 347 347 347 348 348 348 349 349 349 349 349 349 348 348 348 350 350 350 350 350 350 348 348 348 351 351 351 351 351 351 348 348 348 345 345 345 346 346 346 345 345 345 348 348 348 342 342 342 358 358 358 343 343 343 359 359 359 343 343 343 358 358 358 356 356 356 360 360 360 361 361 361 362 362 362 363 363 363 364 364 364 365 365 365 366 366 366 367 367 367 368 368 368 369 369 369 370 370 370 371 371 371 372 372 372 373 373 373 374 374 374 375 375 375 376 376 376 377 377 377 375 375 375 374 374 374 378 378 378 379 379 379 380 380 380 381 381 381 382 382 382 383 383 383 384 384 384 385 385 385 386 386 386 387 387 387 388 388 388 389 389 389 350 350 350 390 390 390 349 349 349 270 270 270 349 349 349 390 390 390 349 349 349 270 270 270 347 347 347 268 268 268 347 347 347 270 270 270 391 391 391 290 290 290 289 289 289 347 347 347 268 268 268 267 267 267 268 268 268 347 347 347 270 270 270 349 349 349 270 270 270 347 347 347 270 270 270 349 349 349 390 390 390 350 350 350 390 390 390 349 349 349 387 387 387 388 388 388 389 389 389 384 384 384 385 385 385 386 386 386 381 381 381 382 382 382 383 383 383 378 378 378 379 379 379 380 380 380 377 377 377 375 375 375 374 374 374 374 374 374 375 375 375 376 376 376 371 371 371 372 372 372 373 373 373 368 368 368 369 369 369 370 370 370 365 365 365 366 366 366 367 367 367 362 362 362 363 363 363 364 364 364 356 356 356 360 360 360 361 361 361 359 359 359 343 343 343 358 358 358 342 342 342 358 358 358 343 343 343 371 371 371 373 373 373 344 344 344 351 351 351 344 344 344 373 373 373 392 392 392 393 393 393 394 394 394 371 371 371 373 373 373 344 344 344 351 351 351 344 344 344 373 373 373 344 344 344 351 351 351 345 345 345 323 323 323 342 342 342 328 328 328 342 342 342 323 323 323 395 395 395 325 325 325 395 395 395 323 323 323 395 395 395 325 325 325 396 396 396 397 397 397 322 322 322 398 398 398 320 320 320 398 398 398 322 322 322 398 398 398 320 320 320 399 399 399 319 319 319 399 399 399 320 320 320 318 318 318 399 399 399 319 319 319 399 399 399 318 318 318 400 400 400 400 400 400 318 318 318 401 401 401 317 317 317 401 401 401 318 318 318 316 316 316 401 401 401 317 317 317 402 402 402 403 403 403 404 404 404 405 405 405 406 406 406 407 407 407 407 407 407 406 406 406 408 408 408 283 283 283 408 408 408 406 406 406 409 409 409 410 410 410 411 411 411 285 285 285 408 408 408 283 283 283 283 283 283 408 408 408 406 406 406 407 407 407 406 406 406 408 408 408 405 405 405 406 406 406 407 407 407 402 402 402 403 403 403 404 404 404 316 316 316 401 401 401 317 317 317 317 317 317 401 401 401 318 318 318 400 400 400 318 318 318 401 401 401 399 399 399 318 318 318 400 400 400 318 318 318 399 399 399 319 319 319 319 319 319 399 399 399 320 320 320 398 398 398 320 320 320 399 399 399 320 320 320 398 398 398 322 322 322 397 397 397 322 322 322 398 398 398 395 395 395 325 325 325 396 396 396 325 325 325 395 395 395 323 323 323 342 342 342 323 323 323 395 395 395 323 323 323 342 342 342 328 328 328 412 412 412 413 413 413 414 414 414 415 415 415 416 416 416 417 417 417 418 418 418 419 419 419 420 420 420 421 421 421 420 420 420 419 419 419 420 420 420 421 421 421 422 422 422 423 423 423 424 424 424 425 425 425 426 426 426 427 427 427 428 428 428 429 429 429 428 428 428 427 427 427 428 428 428 429 429 429 430 430 430 413 413 413 430 430 430 429 429 429 430 430 430 413 413 413 431 431 431 412 412 412 431 431 431 413 413 413 431 431 431 412 412 412 432 432 432 432 432 432 412 412 412 433 433 433 434 434 434 435 435 435 436 436 436 436 436 436 435 435 435 437 437 437 414 414 414 438 438 438 412 412 412 438 438 438 414 414 414 427 427 427 427 427 427 414 414 414 429 429 429 416 416 416 439 439 439 417 417 417 440 440 440 441 441 441 442 442 442 421 421 421 420 420 420 419 419 419 443 443 443 444 444 444 445 445 445 446 446 446 424 424 424 425 425 425 445 445 445 447 447 447 448 448 448 449 449 449 450 450 450 446 446 446 428 428 428 429 429 429 430 430 430 413 413 413 430 430 430 429 429 429 430 430 430 413 413 413 431 431 431 412 412 412 431 431 431 413 413 413 431 431 431 412 412 412 432 432 432 432 432 432 412 412 412 433 433 433 451 451 451 415 415 415 452 452 452 436 436 436 435 435 435 437 437 437 414 414 414 438 438 438 412 412 412 438 438 438 414 414 414 427 427 427 427 427 427 414 414 414 429 429 429 413 413 413 429 429 429 414 414 414 420 420 420 422 422 422 453 453 453 454 454 454 455 455 455 426 426 426 455 455 455 454 454 454 456 456 456 456 456 456 454 454 454 457 457 457 458 458 458 457 457 457 454 454 454 457 457 457 458 458 458 459 459 459 460 460 460 459 459 459 458 458 458 459 459 459 460 460 460 432 432 432 432 432 432 460 460 460 431 431 431 431 431 431 460 460 460 430 430 430 430 430 430 460 460 460 454 454 454 461 461 461 462 462 462 463 463 463 420 420 420 422 422 422 453 453 453 464 464 464 465 465 465 466 466 466 455 455 455 454 454 454 456 456 456 456 456 456 454 454 454 457 457 457 458 458 458 457 457 457 454 454 454 457 457 457 458 458 458 459 459 459 460 460 460 459 459 459 458 458 458 459 459 459 460 460 460 432 432 432 432 432 432 460 460 460 431 431 431 431 431 431 460 460 460 430 430 430 430 430 430 460 460 460 454 454 454 458 458 458 454 454 454 460 460 460 433 433 433 467 467 467 432 432 432 432 432 432 467 467 467 459 459 459 468 468 468 459 459 459 467 467 467 469 469 469 459 459 459 468 468 468 470 470 470 459 459 459 469 469 469 459 459 459 470 470 470 457 457 457 457 457 457 470 470 470 456 456 456 471 471 471 456 456 456 470 470 470 456 456 456 471 471 471 472 472 472 473 473 473 472 472 472 471 471 471 474 474 474 475 475 475 476 476 476 475 475 475 474 474 474 477 477 477 477 477 477 474 474 474 478 478 478 479 479 479 478 478 478 474 474 474 480 480 480 478 478 478 479 479 479 478 478 478 480 480 480 481 481 481 482 482 482 481 481 481 480 480 480 481 481 481 482 482 482 418 418 418 433 433 433 467 467 467 432 432 432 432 432 432 467 467 467 459 459 459 468 468 468 459 459 459 467 467 467 469 469 469 459 459 459 468 468 468 483 483 483 484 484 484 485 485 485 459 459 459 470 470 470 457 457 457 457 457 457 470 470 470 456 456 456 471 471 471 456 456 456 470 470 470 456 456 456 471 471 471 472 472 472 473 473 473 472 472 472 471 471 471 486 486 486 487 487 487 488 488 488 475 475 475 474 474 474 477 477 477 477 477 477 474 474 474 478 478 478 479 479 479 478 478 478 474 474 474 480 480 480 478 478 478 479 479 479 478 478 478 480 480 480 481 481 481 482 482 482 481 481 481 480 480 480 481 481 481 482 482 482 418 418 418 481 481 481 418 418 418 478 478 478 489 489 489 478 478 478 418 418 418 478 478 478 489 489 489 477 477 477 490 490 490 477 477 477 489 489 489 477 477 477 490 490 490 475 475 475 472 472 472 491 491 491 456 456 456 456 456 456 491 491 491 455 455 455 453 453 453 490 490 490 420 420 420 489 489 489 420 420 420 490 490 490 442 442 442 492 492 492 440 440 440 481 481 481 418 418 418 478 478 478 489 489 489 478 478 478 418 418 418 478 478 478 489 489 489 477 477 477 490 490 490 477 477 477 489 489 489 477 477 477 490 490 490 475 475 475 472 472 472 491 491 491 456 456 456 456 456 456 491 491 491 455 455 455 453 453 453 490 490 490 420 420 420 489 489 489 420 420 420 490 490 490 420 420 420 489 489 489 418 418 418 493 493 493 494 494 494 479 479 479 479 479 479 494 494 494 480 480 480 495 495 495 480 480 480 494 494 494 480 480 480 495 495 495 482 482 482 496 496 496 482 482 482 495 495 495 497 497 497 482 482 482 496 496 496 482 482 482 497 497 497 418 418 418 418 418 418 497 497 497 498 498 498 499 499 499 498 498 498 497 497 497 498 498 498 499 499 499 500 500 500 500 500 500 499 499 499 501 501 501 501 501 501 499 499 499 502 502 502 502 502 502 499 499 499 496 496 496 503 503 503 504 504 504 505 505 505 506 506 506 507 507 507 508 508 508 479 479 479 494 494 494 480 480 480 495 495 495 480 480 480 494 494 494 480 480 480 495 495 495 482 482 482 496 496 496 482 482 482 495 495 495 497 497 497 482 482 482 496 496 496 482 482 482 497 497 497 418 418 418 418 418 418 497 497 497 498 498 498 499 499 499 498 498 498 497 497 497 498 498 498 499 499 499 500 500 500 500 500 500 499 499 499 501 501 501 501 501 501 499 499 499 502 502 502 502 502 502 499 499 499 496 496 496 497 497 497 496 496 496 499 499 499 493 493 493 509 509 509 494 494 494 510 510 510 494 494 494 509 509 509 507 507 507 511 511 511 512 512 512 513 513 513 514 514 514 515 515 515 516 516 516 517 517 517 518 518 518 519 519 519 520 520 520 521 521 521 522 522 522 523 523 523 524 524 524 525 525 525 526 526 526 527 527 527 528 528 528 526 526 526 525 525 525 529 529 529 530 530 530 531 531 531 532 532 532 533 533 533 534 534 534 535 535 535 536 536 536 537 537 537 538 538 538 539 539 539 540 540 540 501 501 501 541 541 541 500 500 500 421 421 421 500 500 500 541 541 541 500 500 500 421 421 421 498 498 498 419 419 419 498 498 498 421 421 421 542 542 542 441 441 441 440 440 440 498 498 498 419 419 419 418 418 418 419 419 419 498 498 498 421 421 421 500 500 500 421 421 421 498 498 498 421 421 421 500 500 500 541 541 541 501 501 501 541 541 541 500 500 500 538 538 538 539 539 539 540 540 540 535 535 535 536 536 536 537 537 537 532 532 532 533 533 533 534 534 534 529 529 529 530 530 530 531 531 531 528 528 528 526 526 526 525 525 525 525 525 525 526 526 526 527 527 527 522 522 522 523 523 523 524 524 524 519 519 519 520 520 520 521 521 521 516 516 516 517 517 517 518 518 518 513 513 513 514 514 514 515 515 515 507 507 507 511 511 511 512 512 512 510 510 510 494 494 494 509 509 509 493 493 493 509 509 509 494 494 494 522 522 522 524 524 524 495 495 495 502 502 502 495 495 495 524 524 524 543 543 543 544 544 544 545 545 545 522 522 522 524 524 524 495 495 495 502 502 502 495 495 495 524 524 524 495 495 495 502 502 502 496 496 496 474 474 474 493 493 493 479 479 479 493 493 493 474 474 474 546 546 546 476 476 476 546 546 546 474 474 474 546 546 546 476 476 476 547 547 547 548 548 548 473 473 473 549 549 549 471 471 471 549 549 549 473 473 473 549 549 549 471 471 471 550 550 550 470 470 470 550 550 550 471 471 471 469 469 469 550 550 550 470 470 470 550 550 550 469 469 469 551 551 551 551 551 551 469 469 469 552 552 552 468 468 468 552 552 552 469 469 469 467 467 467 552 552 552 468 468 468 553 553 553 554 554 554 555 555 555 556 556 556 557 557 557 558 558 558 558 558 558 557 557 557 559 559 559 434 434 434 559 559 559 557 557 557 560 560 560 561 561 561 562 562 562 436 436 436 559 559 559 434 434 434 434 434 434 559 559 559 557 557 557 558 558 558 557 557 557 559 559 559 556 556 556 557 557 557 558 558 558 553 553 553 554 554 554 555 555 555 467 467 467 552 552 552 468 468 468 468 468 468 552 552 552 469 469 469 551 551 551 469 469 469 552 552 552 550 550 550 469 469 469 551 551 551 469 469 469 550 550 550 470 470 470 470 470 470 550 550 550 471 471 471 549 549 549 471 471 471 550 550 550 471 471 471 549 549 549 473 473 473 548 548 548 473 473 473 549 549 549 546 546 546 476 476 476 547 547 547 476 476 476 546 546 546 474 474 474 493 493 493 474 474 474 546 546 546 474 474 474 493 493 493 479 479 479 563 563 563 564 564 564 565 565 565 566 566 566 567 567 567 568 568 568 569 569 569 570 570 570 571 571 571 572 572 572 571 571 571 570 570 570 571 571 571 572 572 572 573 573 573 574 574 574 575 575 575 576 576 576 577 577 577 578 578 578 579 579 579 580 580 580 579 579 579 578 578 578 579 579 579 580 580 580 581 581 581 564 564 564 581 581 581 580 580 580 581 581 581 564 564 564 582 582 582 563 563 563 582 582 582 564 564 564 582 582 582 563 563 563 583 583 583 583 583 583 563 563 563 584 584 584 585 585 585 586 586 586 587 587 587 587 587 587 586 586 586 588 588 588 565 565 565 589 589 589 563 563 563 589 589 589 565 565 565 578 578 578 578 578 578 565 565 565 580 580 580 567 567 567 590 590 590 568 568 568 591 591 591 592 592 592 593 593 593 572 572 572 571 571 571 570 570 570 594 594 594 595 595 595 596 596 596 597 597 597 575 575 575 576 576 576 596 596 596 598 598 598 599 599 599 600 600 600 601 601 601 597 597 597 579 579 579 580 580 580 581 581 581 564 564 564 581 581 581 580 580 580 581 581 581 564 564 564 582 582 582 563 563 563 582 582 582 564 564 564 582 582 582 563 563 563 583 583 583 583 583 583 563 563 563 584 584 584 602 602 602 566 566 566 603 603 603 587 587 587 586 586 586 588 588 588 565 565 565 589 589 589 563 563 563 589 589 589 565 565 565 578 578 578 578 578 578 565 565 565 580 580 580 564 564 564 580 580 580 565 565 565 571 571 571 573 573 573 604 604 604 605 605 605 606 606 606 577 577 577 606 606 606 605 605 605 607 607 607 607 607 607 605 605 605 608 608 608 609 609 609 608 608 608 605 605 605 608 608 608 609 609 609 610 610 610 611 611 611 610 610 610 609 609 609 610 610 610 611 611 611 583 583 583 583 583 583 611 611 611 582 582 582 582 582 582 611 611 611 581 581 581 581 581 581 611 611 611 605 605 605 612 612 612 613 613 613 614 614 614 571 571 571 573 573 573 604 604 604 615 615 615 616 616 616 617 617 617 606 606 606 605 605 605 607 607 607 607 607 607 605 605 605 608 608 608 609 609 609 608 608 608 605 605 605 608 608 608 609 609 609 610 610 610 611 611 611 610 610 610 609 609 609 610 610 610 611 611 611 583 583 583 583 583 583 611 611 611 582 582 582 582 582 582 611 611 611 581 581 581 581 581 581 611 611 611 605 605 605 609 609 609 605 605 605 611 611 611 584 584 584 618 618 618 583 583 583 583 583 583 618 618 618 610 610 610 619 619 619 610 610 610 618 618 618 620 620 620 610 610 610 619 619 619 621 621 621 610 610 610 620 620 620 610 610 610 621 621 621 608 608 608 608 608 608 621 621 621 607 607 607 622 622 622 607 607 607 621 621 621 607 607 607 622 622 622 623 623 623 624 624 624 623 623 623 622 622 622 625 625 625 626 626 626 627 627 627 626 626 626 625 625 625 628 628 628 628 628 628 625 625 625 629 629 629 630 630 630 629 629 629 625 625 625 631 631 631 629 629 629 630 630 630 629 629 629 631 631 631 632 632 632 633 633 633 632 632 632 631 631 631 632 632 632 633 633 633 569 569 569 584 584 584 618 618 618 583 583 583 583 583 583 618 618 618 610 610 610 619 619 619 610 610 610 618 618 618 620 620 620 610 610 610 619 619 619 634 634 634 635 635 635 636 636 636 610 610 610 621 621 621 608 608 608 608 608 608 621 621 621 607 607 607 622 622 622 607 607 607 621 621 621 607 607 607 622 622 622 623 623 623 624 624 624 623 623 623 622 622 622 637 637 637 638 638 638 639 639 639 626 626 626 625 625 625 628 628 628 628 628 628 625 625 625 629 629 629 630 630 630 629 629 629 625 625 625 631 631 631 629 629 629 630 630 630 629 629 629 631 631 631 632 632 632 633 633 633 632 632 632 631 631 631 632 632 632 633 633 633 569 569 569 632 632 632 569 569 569 629 629 629 640 640 640 629 629 629 569 569 569 629 629 629 640 640 640 628 628 628 641 641 641 628 628 628 640 640 640 628 628 628 641 641 641 626 626 626 623 623 623 642 642 642 607 607 607 607 607 607 642 642 642 606 606 606 604 604 604 641 641 641 571 571 571 640 640 640 571 571 571 641 641 641 593 593 593 643 643 643 591 591 591 632 632 632 569 569 569 629 629 629 640 640 640 629 629 629 569 569 569 629 629 629 640 640 640 628 628 628 641 641 641 628 628 628 640 640 640 628 628 628 641 641 641 626 626 626 623 623 623 642 642 642 607 607 607 607 607 607 642 642 642 606 606 606 604 604 604 641 641 641 571 571 571 640 640 640 571 571 571 641 641 641 571 571 571 640 640 640 569 569 569 644 644 644 645 645 645 630 630 630 630 630 630 645 645 645 631 631 631 646 646 646 631 631 631 645 645 645 631 631 631 646 646 646 633 633 633 647 647 647 633 633 633 646 646 646 648 648 648 633 633 633 647 647 647 633 633 633 648 648 648 569 569 569 569 569 569 648 648 648 649 649 649 650 650 650 649 649 649 648 648 648 649 649 649 650 650 650 651 651 651 651 651 651 650 650 650 652 652 652 652 652 652 650 650 650 653 653 653 653 653 653 650 650 650 647 647 647 654 654 654 655 655 655 656 656 656 657 657 657 658 658 658 659 659 659 630 630 630 645 645 645 631 631 631 646 646 646 631 631 631 645 645 645 631 631 631 646 646 646 633 633 633 647 647 647 633 633 633 646 646 646 648 648 648 633 633 633 647 647 647 633 633 633 648 648 648 569 569 569 569 569 569 648 648 648 649 649 649 650 650 650 649 649 649 648 648 648 649 649 649 650 650 650 651 651 651 651 651 651 650 650 650 652 652 652 652 652 652 650 650 650 653 653 653 653 653 653 650 650 650 647 647 647 648 648 648 647 647 647 650 650 650 644 644 644 660 660 660 645 645 645 661 661 661 645 645 645 660 660 660 658 658 658 662 662 662 663 663 663 664 664 664 665 665 665 666 666 666 667 667 667 668 668 668 669 669 669 670 670 670 671 671 671 672 672 672 673 673 673 674 674 674 675 675 675 676 676 676 677 677 677 678 678 678 679 679 679 677 677 677 676 676 676 680 680 680 681 681 681 682 682 682 683 683 683 684 684 684 685 685 685 686 686 686 687 687 687 688 688 688 689 689 689 690 690 690 691 691 691 652 652 652 692 692 692 651 651 651 572 572 572 651 651 651 692 692 692 651 651 651 572 572 572 649 649 649 570 570 570 649 649 649 572 572 572 693 693 693 592 592 592 591 591 591 649 649 649 570 570 570 569 569 569 570 570 570 649 649 649 572 572 572 651 651 651 572 572 572 649 649 649 572 572 572 651 651 651 692 692 692 652 652 652 692 692 692 651 651 651 689 689 689 690 690 690 691 691 691 686 686 686 687 687 687 688 688 688 683 683 683 684 684 684 685 685 685 680 680 680 681 681 681 682 682 682 679 679 679 677 677 677 676 676 676 676 676 676 677 677 677 678 678 678 673 673 673 674 674 674 675 675 675 670 670 670 671 671 671 672 672 672 667 667 667 668 668 668 669 669 669 664 664 664 665 665 665 666 666 666 658 658 658 662 662 662 663 663 663 661 661 661 645 645 645 660 660 660 644 644 644 660 660 660 645 645 645 673 673 673 675 675 675 646 646 646 653 653 653 646 646 646 675 675 675 694 694 694 695 695 695 696 696 696 673 673 673 675 675 675 646 646 646 653 653 653 646 646 646 675 675 675 646 646 646 653 653 653 647 647 647 625 625 625 644 644 644 630 630 630 644 644 644 625 625 625 697 697 697 627 627 627 697 697 697 625 625 625 697 697 697 627 627 627 698 698 698 699 699 699 624 624 624 700 700 700 622 622 622 700 700 700 624 624 624 700 700 700 622 622 622 701 701 701 621 621 621 701 701 701 622 622 622 620 620 620 701 701 701 621 621 621 701 701 701 620 620 620 702 702 702 702 702 702 620 620 620 703 703 703 619 619 619 703 703 703 620 620 620 618 618 618 703 703 703 619 619 619 704 704 704 705 705 705 706 706 706 707 707 707 708 708 708 709 709 709 709 709 709 708 708 708 710 710 710 585 585 585 710 710 710 708 708 708 711 711 711 712 712 712 713 713 713 587 587 587 710 710 710 585 585 585 585 585 585 710 710 710 708 708 708 709 709 709 708 708 708 710 710 710 707 707 707 708 708 708 709 709 709 704 704 704 705 705 705 706 706 706 618 618 618 703 703 703 619 619 619 619 619 619 703 703 703 620 620 620 702 702 702 620 620 620 703 703 703 701 701 701 620 620 620 702 702 702 620 620 620 701 701 701 621 621 621 621 621 621 701 701 701 622 622 622 700 700 700 622 622 622 701 701 701 622 622 622 700 700 700 624 624 624 699 699 699 624 624 624 700 700 700 697 697 697 627 627 627 698 698 698 627 627 627 697 697 697 625 625 625 644 644 644 625 625 625 697 697 697 625 625 625 644 644 644 630 630 630 714 714 714 715 715 715 716 716 716 717 717 717 718 718 718 719 719 719 720 720 720 721 721 721 722 722 722 723 723 723 722 722 722 721 721 721 722 722 722 723 723 723 724 724 724 725 725 725 726 726 726 727 727 727 728 728 728 729 729 729 730 730 730 731 731 731 730 730 730 729 729 729 730 730 730 731 731 731 732 732 732 715 715 715 732 732 732 731 731 731 732 732 732 715 715 715 733 733 733 714 714 714 733 733 733 715 715 715 733 733 733 714 714 714 734 734 734 734 734 734 714 714 714 735 735 735 736 736 736 737 737 737 738 738 738 738 738 738 737 737 737 739 739 739 716 716 716 740 740 740 714 714 714 740 740 740 716 716 716 729 729 729 729 729 729 716 716 716 731 731 731 718 718 718 741 741 741 719 719 719 742 742 742 743 743 743 744 744 744 723 723 723 722 722 722 721 721 721 745 745 745 746 746 746 747 747 747 748 748 748 726 726 726 727 727 727 747 747 747 749 749 749 750 750 750 751 751 751 752 752 752 748 748 748 730 730 730 731 731 731 732 732 732 715 715 715 732 732 732 731 731 731 732 732 732 715 715 715 733 733 733 714 714 714 733 733 733 715 715 715 733 733 733 714 714 714 734 734 734 734 734 734 714 714 714 735 735 735 753 753 753 717 717 717 754 754 754 738 738 738 737 737 737 739 739 739 716 716 716 740 740 740 714 714 714 740 740 740 716 716 716 729 729 729 729 729 729 716 716 716 731 731 731 715 715 715 731 731 731 716 716 716 722 722 722 724 724 724 755 755 755 756 756 756 757 757 757 728 728 728 757 757 757 756 756 756 758 758 758 758 758 758 756 756 756 759 759 759 760 760 760 759 759 759 756 756 756 759 759 759 760 760 760 761 761 761 762 762 762 761 761 761 760 760 760 761 761 761 762 762 762 734 734 734 734 734 734 762 762 762 733 733 733 733 733 733 762 762 762 732 732 732 732 732 732 762 762 762 756 756 756 763 763 763 764 764 764 765 765 765 722 722 722 724 724 724 755 755 755 766 766 766 767 767 767 768 768 768 757 757 757 756 756 756 758 758 758 758 758 758 756 756 756 759 759 759 760 760 760 759 759 759 756 756 756 759 759 759 760 760 760 761 761 761 762 762 762 761 761 761 760 760 760 761 761 761 762 762 762 734 734 734 734 734 734 762 762 762 733 733 733 733 733 733 762 762 762 732 732 732 732 732 732 762 762 762 756 756 756 760 760 760 756 756 756 762 762 762 735 735 735 769 769 769 734 734 734 734 734 734 769 769 769 761 761 761 770 770 770 761 761 761 769 769 769 771 771 771 761 761 761 770 770 770 772 772 772 761 761 761 771 771 771 761 761 761 772 772 772 759 759 759 759 759 759 772 772 772 758 758 758 773 773 773 758 758 758 772 772 772 758 758 758 773 773 773 774 774 774 775 775 775 774 774 774 773 773 773 776 776 776 777 777 777 778 778 778 777 777 777 776 776 776 779 779 779 779 779 779 776 776 776 780 780 780 781 781 781 780 780 780 776 776 776 782 782 782 780 780 780 781 781 781 780 780 780 782 782 782 783 783 783 784 784 784 783 783 783 782 782 782 783 783 783 784 784 784 720 720 720 735 735 735 769 769 769 734 734 734 734 734 734 769 769 769 761 761 761 770 770 770 761 761 761 769 769 769 771 771 771 761 761 761 770 770 770 785 785 785 786 786 786 787 787 787 761 761 761 772 772 772 759 759 759 759 759 759 772 772 772 758 758 758 773 773 773 758 758 758 772 772 772 758 758 758 773 773 773 774 774 774 775 775 775 774 774 774 773 773 773 788 788 788 789 789 789 790 790 790 777 777 777 776 776 776 779 779 779 779 779 779 776 776 776 780 780 780 781 781 781 780 780 780 776 776 776 782 782 782 780 780 780 781 781 781 780 780 780 782 782 782 783 783 783 784 784 784 783 783 783 782 782 782 783 783 783 784 784 784 720 720 720 783 783 783 720 720 720 780 780 780 791 791 791 780 780 780 720 720 720 780 780 780 791 791 791 779 779 779 792 792 792 779 779 779 791 791 791 779 779 779 792 792 792 777 777 777 774 774 774 793 793 793 758 758 758 758 758 758 793 793 793 757 757 757 755 755 755 792 792 792 722 722 722 791 791 791 722 722 722 792 792 792 744 744 744 794 794 794 742 742 742 783 783 783 720 720 720 780 780 780 791 791 791 780 780 780 720 720 720 780 780 780 791 791 791 779 779 779 792 792 792 779 779 779 791 791 791 779 779 779 792 792 792 777 777 777 774 774 774 793 793 793 758 758 758 758 758 758 793 793 793 757 757 757 755 755 755 792 792 792 722 722 722 791 791 791 722 722 722 792 792 792 722 722 722 791 791 791 720 720 720 795 795 795 796 796 796 781 781 781 781 781 781 796 796 796 782 782 782 797 797 797 782 782 782 796 796 796 782 782 782 797 797 797 784 784 784 798 798 798 784 784 784 797 797 797 799 799 799 784 784 784 798 798 798 784 784 784 799 799 799 720 720 720 720 720 720 799 799 799 800 800 800 801 801 801 800 800 800 799 799 799 800 800 800 801 801 801 802 802 802 802 802 802 801 801 801 803 803 803 803 803 803 801 801 801 804 804 804 804 804 804 801 801 801 798 798 798 805 805 805 806 806 806 807 807 807 808 808 808 809 809 809 810 810 810 781 781 781 796 796 796 782 782 782 797 797 797 782 782 782 796 796 796 782 782 782 797 797 797 784 784 784 798 798 798 784 784 784 797 797 797 799 799 799 784 784 784 798 798 798 784 784 784 799 799 799 720 720 720 720 720 720 799 799 799 800 800 800 801 801 801 800 800 800 799 799 799 800 800 800 801 801 801 802 802 802 802 802 802 801 801 801 803 803 803 803 803 803 801 801 801 804 804 804 804 804 804 801 801 801 798 798 798 799 799 799 798 798 798 801 801 801 795 795 795 811 811 811 796 796 796 812 812 812 796 796 796 811 811 811 809 809 809 813 813 813 814 814 814 815 815 815 816 816 816 817 817 817 818 818 818 819 819 819 820 820 820 821 821 821 822 822 822 823 823 823 824 824 824 825 825 825 826 826 826 827 827 827 828 828 828 829 829 829 830 830 830 828 828 828 827 827 827 831 831 831 832 832 832 833 833 833 834 834 834 835 835 835 836 836 836 837 837 837 838 838 838 839 839 839 840 840 840 841 841 841 842 842 842 803 803 803 843 843 843 802 802 802 723 723 723 802 802 802 843 843 843 802 802 802 723 723 723 800 800 800 721 721 721 800 800 800 723 723 723 844 844 844 743 743 743 742 742 742 800 800 800 721 721 721 720 720 720 721 721 721 800 800 800 723 723 723 802 802 802 723 723 723 800 800 800 723 723 723 802 802 802 843 843 843 803 803 803 843 843 843 802 802 802 840 840 840 841 841 841 842 842 842 837 837 837 838 838 838 839 839 839 834 834 834 835 835 835 836 836 836 831 831 831 832 832 832 833 833 833 830 830 830 828 828 828 827 827 827 827 827 827 828 828 828 829 829 829 824 824 824 825 825 825 826 826 826 821 821 821 822 822 822 823 823 823 818 818 818 819 819 819 820 820 820 815 815 815 816 816 816 817 817 817 809 809 809 813 813 813 814 814 814 812 812 812 796 796 796 811 811 811 795 795 795 811 811 811 796 796 796 824 824 824 826 826 826 797 797 797 804 804 804 797 797 797 826 826 826 845 845 845 846 846 846 847 847 847 824 824 824 826 826 826 797 797 797 804 804 804 797 797 797 826 826 826 797 797 797 804 804 804 798 798 798 776 776 776 795 795 795 781 781 781 795 795 795 776 776 776 848 848 848 778 778 778 848 848 848 776 776 776 848 848 848 778 778 778 849 849 849 850 850 850 775 775 775 851 851 851 773 773 773 851 851 851 775 775 775 851 851 851 773 773 773 852 852 852 772 772 772 852 852 852 773 773 773 771 771 771 852 852 852 772 772 772 852 852 852 771 771 771 853 853 853 853 853 853 771 771 771 854 854 854 770 770 770 854 854 854 771 771 771 769 769 769 854 854 854 770 770 770 855 855 855 856 856 856 857 857 857 858 858 858 859 859 859 860 860 860 860 860 860 859 859 859 861 861 861 736 736 736 861 861 861 859 859 859 862 862 862 863 863 863 864 864 864 738 738 738 861 861 861 736 736 736 736 736 736 861 861 861 859 859 859 860 860 860 859 859 859 861 861 861 858 858 858 859 859 859 860 860 860 855 855 855 856 856 856 857 857 857 769 769 769 854 854 854 770 770 770 770 770 770 854 854 854 771 771 771 853 853 853 771 771 771 854 854 854 852 852 852 771 771 771 853 853 853 771 771 771 852 852 852 772 772 772 772 772 772 852 852 852 773 773 773 851 851 851 773 773 773 852 852 852 773 773 773 851 851 851 775 775 775 850 850 850 775 775 775 851 851 851 848 848 848 778 778 778 849 849 849 778 778 778 848 848 848 776 776 776 795 795 795 776 776 776 848 848 848 776 776 776 795 795 795 781 781 781 865 865 865 866 866 866 867 867 867 868 868 868 869 869 869 870 870 870 871 871 871 872 872 872 873 873 873 874 874 874 873 873 873 872 872 872 873 873 873 874 874 874 875 875 875 876 876 876 877 877 877 878 878 878 879 879 879 880 880 880 881 881 881 882 882 882 881 881 881 880 880 880 881 881 881 882 882 882 883 883 883 866 866 866 883 883 883 882 882 882 883 883 883 866 866 866 884 884 884 865 865 865 884 884 884 866 866 866 884 884 884 865 865 865 885 885 885 885 885 885 865 865 865 886 886 886 887 887 887 888 888 888 889 889 889 889 889 889 888 888 888 890 890 890 867 867 867 891 891 891 865 865 865 891 891 891 867 867 867 880 880 880 880 880 880 867 867 867 882 882 882 869 869 869 892 892 892 870 870 870 893 893 893 894 894 894 895 895 895 874 874 874 873 873 873 872 872 872 896 896 896 897 897 897 898 898 898 899 899 899 877 877 877 878 878 878 898 898 898 900 900 900 901 901 901 902 902 902 903 903 903 899 899 899 881 881 881 882 882 882 883 883 883 866 866 866 883 883 883 882 882 882 883 883 883 866 866 866 884 884 884 865 865 865 884 884 884 866 866 866 884 884 884 865 865 865 885 885 885 885 885 885 865 865 865 886 886 886 904 904 904 868 868 868 905 905 905 889 889 889 888 888 888 890 890 890 867 867 867 891 891 891 865 865 865 891 891 891 867 867 867 880 880 880 880 880 880 867 867 867 882 882 882 866 866 866 882 882 882 867 867 867 873 873 873 875 875 875 906 906 906 907 907 907 908 908 908 879 879 879 908 908 908 907 907 907 909 909 909 909 909 909 907 907 907 910 910 910 911 911 911 910 910 910 907 907 907 910 910 910 911 911 911 912 912 912 913 913 913 912 912 912 911 911 911 912 912 912 913 913 913 885 885 885 885 885 885 913 913 913 884 884 884 884 884 884 913 913 913 883 883 883 883 883 883 913 913 913 907 907 907 914 914 914 915 915 915 916 916 916 873 873 873 875 875 875 906 906 906 917 917 917 918 918 918 919 919 919 908 908 908 907 907 907 909 909 909 909 909 909 907 907 907 910 910 910 911 911 911 910 910 910 907 907 907 910 910 910 911 911 911 912 912 912 913 913 913 912 912 912 911 911 911 912 912 912 913 913 913 885 885 885 885 885 885 913 913 913 884 884 884 884 884 884 913 913 913 883 883 883 883 883 883 913 913 913 907 907 907 911 911 911 907 907 907 913 913 913 886 886 886 920 920 920 885 885 885 885 885 885 920 920 920 912 912 912 921 921 921 912 912 912 920 920 920 922 922 922 912 912 912 921 921 921 923 923 923 912 912 912 922 922 922 912 912 912 923 923 923 910 910 910 910 910 910 923 923 923 909 909 909 924 924 924 909 909 909 923 923 923 909 909 909 924 924 924 925 925 925 926 926 926 925 925 925 924 924 924 927 927 927 928 928 928 929 929 929 928 928 928 927 927 927 930 930 930 930 930 930 927 927 927 931 931 931 932 932 932 931 931 931 927 927 927 933 933 933 931 931 931 932 932 932 931 931 931 933 933 933 934 934 934 935 935 935 934 934 934 933 933 933 934 934 934 935 935 935 871 871 871 886 886 886 920 920 920 885 885 885 885 885 885 920 920 920 912 912 912 921 921 921 912 912 912 920 920 920 922 922 922 912 912 912 921 921 921 936 936 936 937 937 937 938 938 938 912 912 912 923 923 923 910 910 910 910 910 910 923 923 923 909 909 909 924 924 924 909 909 909 923 923 923 909 909 909 924 924 924 925 925 925 926 926 926 925 925 925 924 924 924 939 939 939 940 940 940 941 941 941 928 928 928 927 927 927 930 930 930 930 930 930 927 927 927 931 931 931 932 932 932 931 931 931 927 927 927 933 933 933 931 931 931 932 932 932 931 931 931 933 933 933 934 934 934 935 935 935 934 934 934 933 933 933 934 934 934 935 935 935 871 871 871 934 934 934 871 871 871 931 931 931 942 942 942 931 931 931 871 871 871 931 931 931 942 942 942 930 930 930 943 943 943 930 930 930 942 942 942 930 930 930 943 943 943 928 928 928 925 925 925 944 944 944 909 909 909 909 909 909 944 944 944 908 908 908 906 906 906 943 943 943 873 873 873 942 942 942 873 873 873 943 943 943 895 895 895 945 945 945 893 893 893 934 934 934 871 871 871 931 931 931 942 942 942 931 931 931 871 871 871 931 931 931 942 942 942 930 930 930 943 943 943 930 930 930 942 942 942 930 930 930 943 943 943 928 928 928 925 925 925 944 944 944 909 909 909 909 909 909 944 944 944 908 908 908 906 906 906 943 943 943 873 873 873 942 942 942 873 873 873 943 943 943 873 873 873 942 942 942 871 871 871 946 946 946 947 947 947 932 932 932 932 932 932 947 947 947 933 933 933 948 948 948 933 933 933 947 947 947 933 933 933 948 948 948 935 935 935 949 949 949 935 935 935 948 948 948 950 950 950 935 935 935 949 949 949 935 935 935 950 950 950 871 871 871 871 871 871 950 950 950 951 951 951 952 952 952 951 951 951 950 950 950 951 951 951 952 952 952 953 953 953 953 953 953 952 952 952 954 954 954 954 954 954 952 952 952 955 955 955 955 955 955 952 952 952 949 949 949 956 956 956 957 957 957 958 958 958 959 959 959 960 960 960 961 961 961 932 932 932 947 947 947 933 933 933 948 948 948 933 933 933 947 947 947 933 933 933 948 948 948 935 935 935 949 949 949 935 935 935 948 948 948 950 950 950 935 935 935 949 949 949 935 935 935 950 950 950 871 871 871 871 871 871 950 950 950 951 951 951 952 952 952 951 951 951 950 950 950 951 951 951 952 952 952 953 953 953 953 953 953 952 952 952 954 954 954 954 954 954 952 952 952 955 955 955 955 955 955 952 952 952 949 949 949 950 950 950 949 949 949 952 952 952 946 946 946 962 962 962 947 947 947 963 963 963 947 947 947 962 962 962 960 960 960 964 964 964 965 965 965 966 966 966 967 967 967 968 968 968 969 969 969 970 970 970 971 971 971 972 972 972 973 973 973 974 974 974 975 975 975 976 976 976 977 977 977 978 978 978 979 979 979 980 980 980 981 981 981 979 979 979 978 978 978 982 982 982 983 983 983 984 984 984 985 985 985 986 986 986 987 987 987 988 988 988 989 989 989 990 990 990 991 991 991 992 992 992 993 993 993 954 954 954 994 994 994 953 953 953 874 874 874 953 953 953 994 994 994 953 953 953 874 874 874 951 951 951 872 872 872 951 951 951 874 874 874 995 995 995 894 894 894 893 893 893 951 951 951 872 872 872 871 871 871 872 872 872 951 951 951 874 874 874 953 953 953 874 874 874 951 951 951 874 874 874 953 953 953 994 994 994 954 954 954 994 994 994 953 953 953 991 991 991 992 992 992 993 993 993 988 988 988 989 989 989 990 990 990 985 985 985 986 986 986 987 987 987 982 982 982 983 983 983 984 984 984 981 981 981 979 979 979 978 978 978 978 978 978 979 979 979 980 980 980 975 975 975 976 976 976 977 977 977 972 972 972 973 973 973 974 974 974 969 969 969 970 970 970 971 971 971 966 966 966 967 967 967 968 968 968 960 960 960 964 964 964 965 965 965 963 963 963 947 947 947 962 962 962 946 946 946 962 962 962 947 947 947 975 975 975 977 977 977 948 948 948 955 955 955 948 948 948 977 977 977 996 996 996 997 997 997 998 998 998 975 975 975 977 977 977 948 948 948 955 955 955 948 948 948 977 977 977 948 948 948 955 955 955 949 949 949 927 927 927 946 946 946 932 932 932 946 946 946 927 927 927 999 999 999 929 929 929 999 999 999 927 927 927 999 999 999 929 929 929 1000 1000 1000 1001 1001 1001 926 926 926 1002 1002 1002 924 924 924 1002 1002 1002 926 926 926 1002 1002 1002 924 924 924 1003 1003 1003 923 923 923 1003 1003 1003 924 924 924 922 922 922 1003 1003 1003 923 923 923 1003 1003 1003 922 922 922 1004 1004 1004 1004 1004 1004 922 922 922 1005 1005 1005 921 921 921 1005 1005 1005 922 922 922 920 920 920 1005 1005 1005 921 921 921 1006 1006 1006 1007 1007 1007 1008 1008 1008 1009 1009 1009 1010 1010 1010 1011 1011 1011 1011 1011 1011 1010 1010 1010 1012 1012 1012 887 887 887 1012 1012 1012 1010 1010 1010 1013 1013 1013 1014 1014 1014 1015 1015 1015 889 889 889 1012 1012 1012 887 887 887 887 887 887 1012 1012 1012 1010 1010 1010 1011 1011 1011 1010 1010 1010 1012 1012 1012 1009 1009 1009 1010 1010 1010 1011 1011 1011 1006 1006 1006 1007 1007 1007 1008 1008 1008 920 920 920 1005 1005 1005 921 921 921 921 921 921 1005 1005 1005 922 922 922 1004 1004 1004 922 922 922 1005 1005 1005 1003 1003 1003 922 922 922 1004 1004 1004 922 922 922 1003 1003 1003 923 923 923 923 923 923 1003 1003 1003 924 924 924 1002 1002 1002 924 924 924 1003 1003 1003 924 924 924 1002 1002 1002 926 926 926 1001 1001 1001 926 926 926 1002 1002 1002 999 999 999 929 929 929 1000 1000 1000 929 929 929 999 999 999 927 927 927 946 946 946 927 927 927 999 999 999 927 927 927 946 946 946 932 932 932 1016 1016 1016 1017 1017 1017 1018 1018 1018 1019 1019 1019 1020 1020 1020 1021 1021 1021 1022 1022 1022 1023 1023 1023 1024 1024 1024 1025 1025 1025 1024 1024 1024 1023 1023 1023 1024 1024 1024 1025 1025 1025 1026 1026 1026 1027 1027 1027 1028 1028 1028 1029 1029 1029 1030 1030 1030 1031 1031 1031 1032 1032 1032 1033 1033 1033 1032 1032 1032 1031 1031 1031 1032 1032 1032 1033 1033 1033 1034 1034 1034 1017 1017 1017 1034 1034 1034 1033 1033 1033 1034 1034 1034 1017 1017 1017 1035 1035 1035 1016 1016 1016 1035 1035 1035 1017 1017 1017 1035 1035 1035 1016 1016 1016 1036 1036 1036 1036 1036 1036 1016 1016 1016 1037 1037 1037 1038 1038 1038 1039 1039 1039 1040 1040 1040 1040 1040 1040 1039 1039 1039 1041 1041 1041 1018 1018 1018 1042 1042 1042 1016 1016 1016 1042 1042 1042 1018 1018 1018 1031 1031 1031 1031 1031 1031 1018 1018 1018 1033 1033 1033 1020 1020 1020 1043 1043 1043 1021 1021 1021 1044 1044 1044 1045 1045 1045 1046 1046 1046 1025 1025 1025 1024 1024 1024 1023 1023 1023 1047 1047 1047 1048 1048 1048 1049 1049 1049 1050 1050 1050 1028 1028 1028 1029 1029 1029 1049 1049 1049 1051 1051 1051 1052 1052 1052 1053 1053 1053 1054 1054 1054 1050 1050 1050 1032 1032 1032 1033 1033 1033 1034 1034 1034 1017 1017 1017 1034 1034 1034 1033 1033 1033 1034 1034 1034 1017 1017 1017 1035 1035 1035 1016 1016 1016 1035 1035 1035 1017 1017 1017 1035 1035 1035 1016 1016 1016 1036 1036 1036 1036 1036 1036 1016 1016 1016 1037 1037 1037 1055 1055 1055 1019 1019 1019 1056 1056 1056 1040 1040 1040 1039 1039 1039 1041 1041 1041 1018 1018 1018 1042 1042 1042 1016 1016 1016 1042 1042 1042 1018 1018 1018 1031 1031 1031 1031 1031 1031 1018 1018 1018 1033 1033 1033 1017 1017 1017 1033 1033 1033 1018 1018 1018 1024 1024 1024 1026 1026 1026 1057 1057 1057 1058 1058 1058 1059 1059 1059 1030 1030 1030 1059 1059 1059 1058 1058 1058 1060 1060 1060 1060 1060 1060 1058 1058 1058 1061 1061 1061 1062 1062 1062 1061 1061 1061 1058 1058 1058 1061 1061 1061 1062 1062 1062 1063 1063 1063 1064 1064 1064 1063 1063 1063 1062 1062 1062 1063 1063 1063 1064 1064 1064 1036 1036 1036 1036 1036 1036 1064 1064 1064 1035 1035 1035 1035 1035 1035 1064 1064 1064 1034 1034 1034 1034 1034 1034 1064 1064 1064 1058 1058 1058 1065 1065 1065 1066 1066 1066 1067 1067 1067 1024 1024 1024 1026 1026 1026 1057 1057 1057 1068 1068 1068 1069 1069 1069 1070 1070 1070 1059 1059 1059 1058 1058 1058 1060 1060 1060 1060 1060 1060 1058 1058 1058 1061 1061 1061 1062 1062 1062 1061 1061 1061 1058 1058 1058 1061 1061 1061 1062 1062 1062 1063 1063 1063 1064 1064 1064 1063 1063 1063 1062 1062 1062 1063 1063 1063 1064 1064 1064 1036 1036 1036 1036 1036 1036 1064 1064 1064 1035 1035 1035 1035 1035 1035 1064 1064 1064 1034 1034 1034 1034 1034 1034 1064 1064 1064 1058 1058 1058 1062 1062 1062 1058 1058 1058 1064 1064 1064 1037 1037 1037 1071 1071 1071 1036 1036 1036 1036 1036 1036 1071 1071 1071 1063 1063 1063 1072 1072 1072 1063 1063 1063 1071 1071 1071 1073 1073 1073 1063 1063 1063 1072 1072 1072 1074 1074 1074 1063 1063 1063 1073 1073 1073 1063 1063 1063 1074 1074 1074 1061 1061 1061 1061 1061 1061 1074 1074 1074 1060 1060 1060 1075 1075 1075 1060 1060 1060 1074 1074 1074 1060 1060 1060 1075 1075 1075 1076 1076 1076 1077 1077 1077 1076 1076 1076 1075 1075 1075 1078 1078 1078 1079 1079 1079 1080 1080 1080 1079 1079 1079 1078 1078 1078 1081 1081 1081 1081 1081 1081 1078 1078 1078 1082 1082 1082 1083 1083 1083 1082 1082 1082 1078 1078 1078 1084 1084 1084 1082 1082 1082 1083 1083 1083 1082 1082 1082 1084 1084 1084 1085 1085 1085 1086 1086 1086 1085 1085 1085 1084 1084 1084 1085 1085 1085 1086 1086 1086 1022 1022 1022 1037 1037 1037 1071 1071 1071 1036 1036 1036 1036 1036 1036 1071 1071 1071 1063 1063 1063 1072 1072 1072 1063 1063 1063 1071 1071 1071 1073 1073 1073 1063 1063 1063 1072 1072 1072 1087 1087 1087 1088 1088 1088 1089 1089 1089 1063 1063 1063 1074 1074 1074 1061 1061 1061 1061 1061 1061 1074 1074 1074 1060 1060 1060 1075 1075 1075 1060 1060 1060 1074 1074 1074 1060 1060 1060 1075 1075 1075 1076 1076 1076 1077 1077 1077 1076 1076 1076 1075 1075 1075 1090 1090 1090 1091 1091 1091 1092 1092 1092 1079 1079 1079 1078 1078 1078 1081 1081 1081 1081 1081 1081 1078 1078 1078 1082 1082 1082 1083 1083 1083 1082 1082 1082 1078 1078 1078 1084 1084 1084 1082 1082 1082 1083 1083 1083 1082 1082 1082 1084 1084 1084 1085 1085 1085 1086 1086 1086 1085 1085 1085 1084 1084 1084 1085 1085 1085 1086 1086 1086 1022 1022 1022 1085 1085 1085 1022 1022 1022 1082 1082 1082 1093 1093 1093 1082 1082 1082 1022 1022 1022 1082 1082 1082 1093 1093 1093 1081 1081 1081 1094 1094 1094 1081 1081 1081 1093 1093 1093 1081 1081 1081 1094 1094 1094 1079 1079 1079 1076 1076 1076 1095 1095 1095 1060 1060 1060 1060 1060 1060 1095 1095 1095 1059 1059 1059 1057 1057 1057 1094 1094 1094 1024 1024 1024 1093 1093 1093 1024 1024 1024 1094 1094 1094 1046 1046 1046 1096 1096 1096 1044 1044 1044 1085 1085 1085 1022 1022 1022 1082 1082 1082 1093 1093 1093 1082 1082 1082 1022 1022 1022 1082 1082 1082 1093 1093 1093 1081 1081 1081 1094 1094 1094 1081 1081 1081 1093 1093 1093 1081 1081 1081 1094 1094 1094 1079 1079 1079 1076 1076 1076 1095 1095 1095 1060 1060 1060 1060 1060 1060 1095 1095 1095 1059 1059 1059 1057 1057 1057 1094 1094 1094 1024 1024 1024 1093 1093 1093 1024 1024 1024 1094 1094 1094 1024 1024 1024 1093 1093 1093 1022 1022 1022 1097 1097 1097 1098 1098 1098 1083 1083 1083 1083 1083 1083 1098 1098 1098 1084 1084 1084 1099 1099 1099 1084 1084 1084 1098 1098 1098 1084 1084 1084 1099 1099 1099 1086 1086 1086 1100 1100 1100 1086 1086 1086 1099 1099 1099 1101 1101 1101 1086 1086 1086 1100 1100 1100 1086 1086 1086 1101 1101 1101 1022 1022 1022 1022 1022 1022 1101 1101 1101 1102 1102 1102 1103 1103 1103 1102 1102 1102 1101 1101 1101 1102 1102 1102 1103 1103 1103 1104 1104 1104 1104 1104 1104 1103 1103 1103 1105 1105 1105 1105 1105 1105 1103 1103 1103 1106 1106 1106 1106 1106 1106 1103 1103 1103 1100 1100 1100 1107 1107 1107 1108 1108 1108 1109 1109 1109 1110 1110 1110 1111 1111 1111 1112 1112 1112 1083 1083 1083 1098 1098 1098 1084 1084 1084 1099 1099 1099 1084 1084 1084 1098 1098 1098 1084 1084 1084 1099 1099 1099 1086 1086 1086 1100 1100 1100 1086 1086 1086 1099 1099 1099 1101 1101 1101 1086 1086 1086 1100 1100 1100 1086 1086 1086 1101 1101 1101 1022 1022 1022 1022 1022 1022 1101 1101 1101 1102 1102 1102 1103 1103 1103 1102 1102 1102 1101 1101 1101 1102 1102 1102 1103 1103 1103 1104 1104 1104 1104 1104 1104 1103 1103 1103 1105 1105 1105 1105 1105 1105 1103 1103 1103 1106 1106 1106 1106 1106 1106 1103 1103 1103 1100 1100 1100 1101 1101 1101 1100 1100 1100 1103 1103 1103 1097 1097 1097 1113 1113 1113 1098 1098 1098 1114 1114 1114 1098 1098 1098 1113 1113 1113 1111 1111 1111 1115 1115 1115 1116 1116 1116 1117 1117 1117 1118 1118 1118 1119 1119 1119 1120 1120 1120 1121 1121 1121 1122 1122 1122 1123 1123 1123 1124 1124 1124 1125 1125 1125 1126 1126 1126 1127 1127 1127 1128 1128 1128 1129 1129 1129 1130 1130 1130 1131 1131 1131 1132 1132 1132 1130 1130 1130 1129 1129 1129 1133 1133 1133 1134 1134 1134 1135 1135 1135 1136 1136 1136 1137 1137 1137 1138 1138 1138 1139 1139 1139 1140 1140 1140 1141 1141 1141 1142 1142 1142 1143 1143 1143 1144 1144 1144 1105 1105 1105 1145 1145 1145 1104 1104 1104 1025 1025 1025 1104 1104 1104 1145 1145 1145 1104 1104 1104 1025 1025 1025 1102 1102 1102 1023 1023 1023 1102 1102 1102 1025 1025 1025 1146 1146 1146 1045 1045 1045 1044 1044 1044 1102 1102 1102 1023 1023 1023 1022 1022 1022 1023 1023 1023 1102 1102 1102 1025 1025 1025 1104 1104 1104 1025 1025 1025 1102 1102 1102 1025 1025 1025 1104 1104 1104 1145 1145 1145 1105 1105 1105 1145 1145 1145 1104 1104 1104 1142 1142 1142 1143 1143 1143 1144 1144 1144 1139 1139 1139 1140 1140 1140 1141 1141 1141 1136 1136 1136 1137 1137 1137 1138 1138 1138 1133 1133 1133 1134 1134 1134 1135 1135 1135 1132 1132 1132 1130 1130 1130 1129 1129 1129 1129 1129 1129 1130 1130 1130 1131 1131 1131 1126 1126 1126 1127 1127 1127 1128 1128 1128 1123 1123 1123 1124 1124 1124 1125 1125 1125 1120 1120 1120 1121 1121 1121 1122 1122 1122 1117 1117 1117 1118 1118 1118 1119 1119 1119 1111 1111 1111 1115 1115 1115 1116 1116 1116 1114 1114 1114 1098 1098 1098 1113 1113 1113 1097 1097 1097 1113 1113 1113 1098 1098 1098 1126 1126 1126 1128 1128 1128 1099 1099 1099 1106 1106 1106 1099 1099 1099 1128 1128 1128 1147 1147 1147 1148 1148 1148 1149 1149 1149 1126 1126 1126 1128 1128 1128 1099 1099 1099 1106 1106 1106 1099 1099 1099 1128 1128 1128 1099 1099 1099 1106 1106 1106 1100 1100 1100 1078 1078 1078 1097 1097 1097 1083 1083 1083 1097 1097 1097 1078 1078 1078 1150 1150 1150 1080 1080 1080 1150 1150 1150 1078 1078 1078 1150 1150 1150 1080 1080 1080 1151 1151 1151 1152 1152 1152 1077 1077 1077 1153 1153 1153 1075 1075 1075 1153 1153 1153 1077 1077 1077 1153 1153 1153 1075 1075 1075 1154 1154 1154 1074 1074 1074 1154 1154 1154 1075 1075 1075 1073 1073 1073 1154 1154 1154 1074 1074 1074 1154 1154 1154 1073 1073 1073 1155 1155 1155 1155 1155 1155 1073 1073 1073 1156 1156 1156 1072 1072 1072 1156 1156 1156 1073 1073 1073 1071 1071 1071 1156 1156 1156 1072 1072 1072 1157 1157 1157 1158 1158 1158 1159 1159 1159 1160 1160 1160 1161 1161 1161 1162 1162 1162 1162 1162 1162 1161 1161 1161 1163 1163 1163 1038 1038 1038 1163 1163 1163 1161 1161 1161 1164 1164 1164 1165 1165 1165 1166 1166 1166 1040 1040 1040 1163 1163 1163 1038 1038 1038 1038 1038 1038 1163 1163 1163 1161 1161 1161 1162 1162 1162 1161 1161 1161 1163 1163 1163 1160 1160 1160 1161 1161 1161 1162 1162 1162 1157 1157 1157 1158 1158 1158 1159 1159 1159 1071 1071 1071 1156 1156 1156 1072 1072 1072 1072 1072 1072 1156 1156 1156 1073 1073 1073 1155 1155 1155 1073 1073 1073 1156 1156 1156 1154 1154 1154 1073 1073 1073 1155 1155 1155 1073 1073 1073 1154 1154 1154 1074 1074 1074 1074 1074 1074 1154 1154 1154 1075 1075 1075 1153 1153 1153 1075 1075 1075 1154 1154 1154 1075 1075 1075 1153 1153 1153 1077 1077 1077 1152 1152 1152 1077 1077 1077 1153 1153 1153 1150 1150 1150 1080 1080 1080 1151 1151 1151 1080 1080 1080 1150 1150 1150 1078 1078 1078 1097 1097 1097 1078 1078 1078 1150 1150 1150 1078 1078 1078 1097 1097 1097 1083 1083 1083 1167 1167 1167 1168 1168 1168 1169 1169 1169 1170 1170 1170 1171 1171 1171 1172 1172 1172 1173 1173 1173 1174 1174 1174 1175 1175 1175 1176 1176 1176 1175 1175 1175 1174 1174 1174 1175 1175 1175 1176 1176 1176 1177 1177 1177 1178 1178 1178 1179 1179 1179 1180 1180 1180 1181 1181 1181 1182 1182 1182 1183 1183 1183 1184 1184 1184 1183 1183 1183 1182 1182 1182 1183 1183 1183 1184 1184 1184 1185 1185 1185 1168 1168 1168 1185 1185 1185 1184 1184 1184 1185 1185 1185 1168 1168 1168 1186 1186 1186 1167 1167 1167 1186 1186 1186 1168 1168 1168 1186 1186 1186 1167 1167 1167 1187 1187 1187 1187 1187 1187 1167 1167 1167 1188 1188 1188 1189 1189 1189 1190 1190 1190 1191 1191 1191 1191 1191 1191 1190 1190 1190 1192 1192 1192 1169 1169 1169 1193 1193 1193 1167 1167 1167 1193 1193 1193 1169 1169 1169 1182 1182 1182 1182 1182 1182 1169 1169 1169 1184 1184 1184 1171 1171 1171 1194 1194 1194 1172 1172 1172 1195 1195 1195 1196 1196 1196 1197 1197 1197 1176 1176 1176 1175 1175 1175 1174 1174 1174 1198 1198 1198 1199 1199 1199 1200 1200 1200 1201 1201 1201 1179 1179 1179 1180 1180 1180 1200 1200 1200 1202 1202 1202 1203 1203 1203 1204 1204 1204 1205 1205 1205 1201 1201 1201 1183 1183 1183 1184 1184 1184 1185 1185 1185 1168 1168 1168 1185 1185 1185 1184 1184 1184 1185 1185 1185 1168 1168 1168 1186 1186 1186 1167 1167 1167 1186 1186 1186 1168 1168 1168 1186 1186 1186 1167 1167 1167 1187 1187 1187 1187 1187 1187 1167 1167 1167 1188 1188 1188 1206 1206 1206 1170 1170 1170 1207 1207 1207 1191 1191 1191 1190 1190 1190 1192 1192 1192 1169 1169 1169 1193 1193 1193 1167 1167 1167 1193 1193 1193 1169 1169 1169 1182 1182 1182 1182 1182 1182 1169 1169 1169 1184 1184 1184 1168 1168 1168 1184 1184 1184 1169 1169 1169 1175 1175 1175 1177 1177 1177 1208 1208 1208 1209 1209 1209 1210 1210 1210 1181 1181 1181 1210 1210 1210 1209 1209 1209 1211 1211 1211 1211 1211 1211 1209 1209 1209 1212 1212 1212 1213 1213 1213 1212 1212 1212 1209 1209 1209 1212 1212 1212 1213 1213 1213 1214 1214 1214 1215 1215 1215 1214 1214 1214 1213 1213 1213 1214 1214 1214 1215 1215 1215 1187 1187 1187 1187 1187 1187 1215 1215 1215 1186 1186 1186 1186 1186 1186 1215 1215 1215 1185 1185 1185 1185 1185 1185 1215 1215 1215 1209 1209 1209 1216 1216 1216 1217 1217 1217 1218 1218 1218 1175 1175 1175 1177 1177 1177 1208 1208 1208 1219 1219 1219 1220 1220 1220 1221 1221 1221 1210 1210 1210 1209 1209 1209 1211 1211 1211 1211 1211 1211 1209 1209 1209 1212 1212 1212 1213 1213 1213 1212 1212 1212 1209 1209 1209 1212 1212 1212 1213 1213 1213 1214 1214 1214 1215 1215 1215 1214 1214 1214 1213 1213 1213 1214 1214 1214 1215 1215 1215 1187 1187 1187 1187 1187 1187 1215 1215 1215 1186 1186 1186 1186 1186 1186 1215 1215 1215 1185 1185 1185 1185 1185 1185 1215 1215 1215 1209 1209 1209 1213 1213 1213 1209 1209 1209 1215 1215 1215 1188 1188 1188 1222 1222 1222 1187 1187 1187 1187 1187 1187 1222 1222 1222 1214 1214 1214 1223 1223 1223 1214 1214 1214 1222 1222 1222 1224 1224 1224 1214 1214 1214 1223 1223 1223 1225 1225 1225 1214 1214 1214 1224 1224 1224 1214 1214 1214 1225 1225 1225 1212 1212 1212 1212 1212 1212 1225 1225 1225 1211 1211 1211 1226 1226 1226 1211 1211 1211 1225 1225 1225 1211 1211 1211 1226 1226 1226 1227 1227 1227 1228 1228 1228 1227 1227 1227 1226 1226 1226 1229 1229 1229 1230 1230 1230 1231 1231 1231 1230 1230 1230 1229 1229 1229 1232 1232 1232 1232 1232 1232 1229 1229 1229 1233 1233 1233 1234 1234 1234 1233 1233 1233 1229 1229 1229 1235 1235 1235 1233 1233 1233 1234 1234 1234 1233 1233 1233 1235 1235 1235 1236 1236 1236 1237 1237 1237 1236 1236 1236 1235 1235 1235 1236 1236 1236 1237 1237 1237 1173 1173 1173 1188 1188 1188 1222 1222 1222 1187 1187 1187 1187 1187 1187 1222 1222 1222 1214 1214 1214 1223 1223 1223 1214 1214 1214 1222 1222 1222 1224 1224 1224 1214 1214 1214 1223 1223 1223 1238 1238 1238 1239 1239 1239 1240 1240 1240 1214 1214 1214 1225 1225 1225 1212 1212 1212 1212 1212 1212 1225 1225 1225 1211 1211 1211 1226 1226 1226 1211 1211 1211 1225 1225 1225 1211 1211 1211 1226 1226 1226 1227 1227 1227 1228 1228 1228 1227 1227 1227 1226 1226 1226 1241 1241 1241 1242 1242 1242 1243 1243 1243 1230 1230 1230 1229 1229 1229 1232 1232 1232 1232 1232 1232 1229 1229 1229 1233 1233 1233 1234 1234 1234 1233 1233 1233 1229 1229 1229 1235 1235 1235 1233 1233 1233 1234 1234 1234 1233 1233 1233 1235 1235 1235 1236 1236 1236 1237 1237 1237 1236 1236 1236 1235 1235 1235 1236 1236 1236 1237 1237 1237 1173 1173 1173 1236 1236 1236 1173 1173 1173 1233 1233 1233 1244 1244 1244 1233 1233 1233 1173 1173 1173 1233 1233 1233 1244 1244 1244 1232 1232 1232 1245 1245 1245 1232 1232 1232 1244 1244 1244 1232 1232 1232 1245 1245 1245 1230 1230 1230 1227 1227 1227 1246 1246 1246 1211 1211 1211 1211 1211 1211 1246 1246 1246 1210 1210 1210 1208 1208 1208 1245 1245 1245 1175 1175 1175 1244 1244 1244 1175 1175 1175 1245 1245 1245 1197 1197 1197 1247 1247 1247 1195 1195 1195 1236 1236 1236 1173 1173 1173 1233 1233 1233 1244 1244 1244 1233 1233 1233 1173 1173 1173 1233 1233 1233 1244 1244 1244 1232 1232 1232 1245 1245 1245 1232 1232 1232 1244 1244 1244 1232 1232 1232 1245 1245 1245 1230 1230 1230 1227 1227 1227 1246 1246 1246 1211 1211 1211 1211 1211 1211 1246 1246 1246 1210 1210 1210 1208 1208 1208 1245 1245 1245 1175 1175 1175 1244 1244 1244 1175 1175 1175 1245 1245 1245 1175 1175 1175 1244 1244 1244 1173 1173 1173 1248 1248 1248 1249 1249 1249 1234 1234 1234 1234 1234 1234 1249 1249 1249 1235 1235 1235 1250 1250 1250 1235 1235 1235 1249 1249 1249 1235 1235 1235 1250 1250 1250 1237 1237 1237 1251 1251 1251 1237 1237 1237 1250 1250 1250 1252 1252 1252 1237 1237 1237 1251 1251 1251 1237 1237 1237 1252 1252 1252 1173 1173 1173 1173 1173 1173 1252 1252 1252 1253 1253 1253 1254 1254 1254 1253 1253 1253 1252 1252 1252 1253 1253 1253 1254 1254 1254 1255 1255 1255 1255 1255 1255 1254 1254 1254 1256 1256 1256 1256 1256 1256 1254 1254 1254 1257 1257 1257 1257 1257 1257 1254 1254 1254 1251 1251 1251 1258 1258 1258 1259 1259 1259 1260 1260 1260 1261 1261 1261 1262 1262 1262 1263 1263 1263 1234 1234 1234 1249 1249 1249 1235 1235 1235 1250 1250 1250 1235 1235 1235 1249 1249 1249 1235 1235 1235 1250 1250 1250 1237 1237 1237 1251 1251 1251 1237 1237 1237 1250 1250 1250 1252 1252 1252 1237 1237 1237 1251 1251 1251 1237 1237 1237 1252 1252 1252 1173 1173 1173 1173 1173 1173 1252 1252 1252 1253 1253 1253 1254 1254 1254 1253 1253 1253 1252 1252 1252 1253 1253 1253 1254 1254 1254 1255 1255 1255 1255 1255 1255 1254 1254 1254 1256 1256 1256 1256 1256 1256 1254 1254 1254 1257 1257 1257 1257 1257 1257 1254 1254 1254 1251 1251 1251 1252 1252 1252 1251 1251 1251 1254 1254 1254 1248 1248 1248 1264 1264 1264 1249 1249 1249 1265 1265 1265 1249 1249 1249 1264 1264 1264 1262 1262 1262 1266 1266 1266 1267 1267 1267 1268 1268 1268 1269 1269 1269 1270 1270 1270 1271 1271 1271 1272 1272 1272 1273 1273 1273 1274 1274 1274 1275 1275 1275 1276 1276 1276 1277 1277 1277 1278 1278 1278 1279 1279 1279 1280 1280 1280 1281 1281 1281 1282 1282 1282 1283 1283 1283 1281 1281 1281 1280 1280 1280 1284 1284 1284 1285 1285 1285 1286 1286 1286 1287 1287 1287 1288 1288 1288 1289 1289 1289 1290 1290 1290 1291 1291 1291 1292 1292 1292 1293 1293 1293 1294 1294 1294 1295 1295 1295 1256 1256 1256 1296 1296 1296 1255 1255 1255 1176 1176 1176 1255 1255 1255 1296 1296 1296 1255 1255 1255 1176 1176 1176 1253 1253 1253 1174 1174 1174 1253 1253 1253 1176 1176 1176 1297 1297 1297 1196 1196 1196 1195 1195 1195 1253 1253 1253 1174 1174 1174 1173 1173 1173 1174 1174 1174 1253 1253 1253 1176 1176 1176 1255 1255 1255 1176 1176 1176 1253 1253 1253 1176 1176 1176 1255 1255 1255 1296 1296 1296 1256 1256 1256 1296 1296 1296 1255 1255 1255 1293 1293 1293 1294 1294 1294 1295 1295 1295 1290 1290 1290 1291 1291 1291 1292 1292 1292 1287 1287 1287 1288 1288 1288 1289 1289 1289 1284 1284 1284 1285 1285 1285 1286 1286 1286 1283 1283 1283 1281 1281 1281 1280 1280 1280 1280 1280 1280 1281 1281 1281 1282 1282 1282 1277 1277 1277 1278 1278 1278 1279 1279 1279 1274 1274 1274 1275 1275 1275 1276 1276 1276 1271 1271 1271 1272 1272 1272 1273 1273 1273 1268 1268 1268 1269 1269 1269 1270 1270 1270 1262 1262 1262 1266 1266 1266 1267 1267 1267 1265 1265 1265 1249 1249 1249 1264 1264 1264 1248 1248 1248 1264 1264 1264 1249 1249 1249 1277 1277 1277 1279 1279 1279 1250 1250 1250 1257 1257 1257 1250 1250 1250 1279 1279 1279 1298 1298 1298 1299 1299 1299 1300 1300 1300 1277 1277 1277 1279 1279 1279 1250 1250 1250 1257 1257 1257 1250 1250 1250 1279 1279 1279 1250 1250 1250 1257 1257 1257 1251 1251 1251 1229 1229 1229 1248 1248 1248 1234 1234 1234 1248 1248 1248 1229 1229 1229 1301 1301 1301 1231 1231 1231 1301 1301 1301 1229 1229 1229 1301 1301 1301 1231 1231 1231 1302 1302 1302 1303 1303 1303 1228 1228 1228 1304 1304 1304 1226 1226 1226 1304 1304 1304 1228 1228 1228 1304 1304 1304 1226 1226 1226 1305 1305 1305 1225 1225 1225 1305 1305 1305 1226 1226 1226 1224 1224 1224 1305 1305 1305 1225 1225 1225 1305 1305 1305 1224 1224 1224 1306 1306 1306 1306 1306 1306 1224 1224 1224 1307 1307 1307 1223 1223 1223 1307 1307 1307 1224 1224 1224 1222 1222 1222 1307 1307 1307 1223 1223 1223 1308 1308 1308 1309 1309 1309 1310 1310 1310 1311 1311 1311 1312 1312 1312 1313 1313 1313 1313 1313 1313 1312 1312 1312 1314 1314 1314 1189 1189 1189 1314 1314 1314 1312 1312 1312 1315 1315 1315 1316 1316 1316 1317 1317 1317 1191 1191 1191 1314 1314 1314 1189 1189 1189 1189 1189 1189 1314 1314 1314 1312 1312 1312 1313 1313 1313 1312 1312 1312 1314 1314 1314 1311 1311 1311 1312 1312 1312 1313 1313 1313 1308 1308 1308 1309 1309 1309 1310 1310 1310 1222 1222 1222 1307 1307 1307 1223 1223 1223 1223 1223 1223 1307 1307 1307 1224 1224 1224 1306 1306 1306 1224 1224 1224 1307 1307 1307 1305 1305 1305 1224 1224 1224 1306 1306 1306 1224 1224 1224 1305 1305 1305 1225 1225 1225 1225 1225 1225 1305 1305 1305 1226 1226 1226 1304 1304 1304 1226 1226 1226 1305 1305 1305 1226 1226 1226 1304 1304 1304 1228 1228 1228 1303 1303 1303 1228 1228 1228 1304 1304 1304 1301 1301 1301 1231 1231 1231 1302 1302 1302 1231 1231 1231 1301 1301 1301 1229 1229 1229 1248 1248 1248 1229 1229 1229 1301 1301 1301 1229 1229 1229 1248 1248 1248 1234 1234 1234 1318 1318 1318 1319 1319 1319 1320 1320 1320 1321 1321 1321 1322 1322 1322 1323 1323 1323 1324 1324 1324 1325 1325 1325 1326 1326 1326 1327 1327 1327 1326 1326 1326 1325 1325 1325 1326 1326 1326 1327 1327 1327 1328 1328 1328 1329 1329 1329 1330 1330 1330 1331 1331 1331 1332 1332 1332 1333 1333 1333 1334 1334 1334 1335 1335 1335 1334 1334 1334 1333 1333 1333 1334 1334 1334 1335 1335 1335 1336 1336 1336 1319 1319 1319 1336 1336 1336 1335 1335 1335 1336 1336 1336 1319 1319 1319 1337 1337 1337 1318 1318 1318 1337 1337 1337 1319 1319 1319 1337 1337 1337 1318 1318 1318 1338 1338 1338 1338 1338 1338 1318 1318 1318 1339 1339 1339 1340 1340 1340 1341 1341 1341 1342 1342 1342 1342 1342 1342 1341 1341 1341 1343 1343 1343 1320 1320 1320 1344 1344 1344 1318 1318 1318 1344 1344 1344 1320 1320 1320 1333 1333 1333 1333 1333 1333 1320 1320 1320 1335 1335 1335 1322 1322 1322 1345 1345 1345 1323 1323 1323 1346 1346 1346 1347 1347 1347 1348 1348 1348 1327 1327 1327 1326 1326 1326 1325 1325 1325 1349 1349 1349 1350 1350 1350 1351 1351 1351 1352 1352 1352 1330 1330 1330 1331 1331 1331 1351 1351 1351 1353 1353 1353 1354 1354 1354 1355 1355 1355 1356 1356 1356 1352 1352 1352 1334 1334 1334 1335 1335 1335 1336 1336 1336 1319 1319 1319 1336 1336 1336 1335 1335 1335 1336 1336 1336 1319 1319 1319 1337 1337 1337 1318 1318 1318 1337 1337 1337 1319 1319 1319 1337 1337 1337 1318 1318 1318 1338 1338 1338 1338 1338 1338 1318 1318 1318 1339 1339 1339 1357 1357 1357 1321 1321 1321 1358 1358 1358 1342 1342 1342 1341 1341 1341 1343 1343 1343 1320 1320 1320 1344 1344 1344 1318 1318 1318 1344 1344 1344 1320 1320 1320 1333 1333 1333 1333 1333 1333 1320 1320 1320 1335 1335 1335 1319 1319 1319 1335 1335 1335 1320 1320 1320 1326 1326 1326 1328 1328 1328 1359 1359 1359 1360 1360 1360 1361 1361 1361 1332 1332 1332 1361 1361 1361 1360 1360 1360 1362 1362 1362 1362 1362 1362 1360 1360 1360 1363 1363 1363 1364 1364 1364 1363 1363 1363 1360 1360 1360 1363 1363 1363 1364 1364 1364 1365 1365 1365 1366 1366 1366 1365 1365 1365 1364 1364 1364 1365 1365 1365 1366 1366 1366 1338 1338 1338 1338 1338 1338 1366 1366 1366 1337 1337 1337 1337 1337 1337 1366 1366 1366 1336 1336 1336 1336 1336 1336 1366 1366 1366 1360 1360 1360 1367 1367 1367 1368 1368 1368 1369 1369 1369 1326 1326 1326 1328 1328 1328 1359 1359 1359 1370 1370 1370 1371 1371 1371 1372 1372 1372 1361 1361 1361 1360 1360 1360 1362 1362 1362 1362 1362 1362 1360 1360 1360 1363 1363 1363 1364 1364 1364 1363 1363 1363 1360 1360 1360 1363 1363 1363 1364 1364 1364 1365 1365 1365 1366 1366 1366 1365 1365 1365 1364 1364 1364 1365 1365 1365 1366 1366 1366 1338 1338 1338 1338 1338 1338 1366 1366 1366 1337 1337 1337 1337 1337 1337 1366 1366 1366 1336 1336 1336 1336 1336 1336 1366 1366 1366 1360 1360 1360 1364 1364 1364 1360 1360 1360 1366 1366 1366 1339 1339 1339 1373 1373 1373 1338 1338 1338 1338 1338 1338 1373 1373 1373 1365 1365 1365 1374 1374 1374 1365 1365 1365 1373 1373 1373 1375 1375 1375 1365 1365 1365 1374 1374 1374 1376 1376 1376 1365 1365 1365 1375 1375 1375 1365 1365 1365 1376 1376 1376 1363 1363 1363 1363 1363 1363 1376 1376 1376 1362 1362 1362 1377 1377 1377 1362 1362 1362 1376 1376 1376 1362 1362 1362 1377 1377 1377 1378 1378 1378 1379 1379 1379 1378 1378 1378 1377 1377 1377 1380 1380 1380 1381 1381 1381 1382 1382 1382 1381 1381 1381 1380 1380 1380 1383 1383 1383 1383 1383 1383 1380 1380 1380 1384 1384 1384 1385 1385 1385 1384 1384 1384 1380 1380 1380 1386 1386 1386 1384 1384 1384 1385 1385 1385 1384 1384 1384 1386 1386 1386 1387 1387 1387 1388 1388 1388 1387 1387 1387 1386 1386 1386 1387 1387 1387 1388 1388 1388 1324 1324 1324 1339 1339 1339 1373 1373 1373 1338 1338 1338 1338 1338 1338 1373 1373 1373 1365 1365 1365 1374 1374 1374 1365 1365 1365 1373 1373 1373 1375 1375 1375 1365 1365 1365 1374 1374 1374 1389 1389 1389 1390 1390 1390 1391 1391 1391 1365 1365 1365 1376 1376 1376 1363 1363 1363 1363 1363 1363 1376 1376 1376 1362 1362 1362 1377 1377 1377 1362 1362 1362 1376 1376 1376 1362 1362 1362 1377 1377 1377 1378 1378 1378 1379 1379 1379 1378 1378 1378 1377 1377 1377 1392 1392 1392 1393 1393 1393 1394 1394 1394 1381 1381 1381 1380 1380 1380 1383 1383 1383 1383 1383 1383 1380 1380 1380 1384 1384 1384 1385 1385 1385 1384 1384 1384 1380 1380 1380 1386 1386 1386 1384 1384 1384 1385 1385 1385 1384 1384 1384 1386 1386 1386 1387 1387 1387 1388 1388 1388 1387 1387 1387 1386 1386 1386 1387 1387 1387 1388 1388 1388 1324 1324 1324 1387 1387 1387 1324 1324 1324 1384 1384 1384 1395 1395 1395 1384 1384 1384 1324 1324 1324 1384 1384 1384 1395 1395 1395 1383 1383 1383 1396 1396 1396 1383 1383 1383 1395 1395 1395 1383 1383 1383 1396 1396 1396 1381 1381 1381 1378 1378 1378 1397 1397 1397 1362 1362 1362 1362 1362 1362 1397 1397 1397 1361 1361 1361 1359 1359 1359 1396 1396 1396 1326 1326 1326 1395 1395 1395 1326 1326 1326 1396 1396 1396 1348 1348 1348 1398 1398 1398 1346 1346 1346 1387 1387 1387 1324 1324 1324 1384 1384 1384 1395 1395 1395 1384 1384 1384 1324 1324 1324 1384 1384 1384 1395 1395 1395 1383 1383 1383 1396 1396 1396 1383 1383 1383 1395 1395 1395 1383 1383 1383 1396 1396 1396 1381 1381 1381 1378 1378 1378 1397 1397 1397 1362 1362 1362 1362 1362 1362 1397 1397 1397 1361 1361 1361 1359 1359 1359 1396 1396 1396 1326 1326 1326 1395 1395 1395 1326 1326 1326 1396 1396 1396 1326 1326 1326 1395 1395 1395 1324 1324 1324 1399 1399 1399 1400 1400 1400 1385 1385 1385 1385 1385 1385 1400 1400 1400 1386 1386 1386 1401 1401 1401 1386 1386 1386 1400 1400 1400 1386 1386 1386 1401 1401 1401 1388 1388 1388 1402 1402 1402 1388 1388 1388 1401 1401 1401 1403 1403 1403 1388 1388 1388 1402 1402 1402 1388 1388 1388 1403 1403 1403 1324 1324 1324 1324 1324 1324 1403 1403 1403 1404 1404 1404 1405 1405 1405 1404 1404 1404 1403 1403 1403 1404 1404 1404 1405 1405 1405 1406 1406 1406 1406 1406 1406 1405 1405 1405 1407 1407 1407 1407 1407 1407 1405 1405 1405 1408 1408 1408 1408 1408 1408 1405 1405 1405 1402 1402 1402 1409 1409 1409 1410 1410 1410 1411 1411 1411 1412 1412 1412 1413 1413 1413 1414 1414 1414 1385 1385 1385 1400 1400 1400 1386 1386 1386 1401 1401 1401 1386 1386 1386 1400 1400 1400 1386 1386 1386 1401 1401 1401 1388 1388 1388 1402 1402 1402 1388 1388 1388 1401 1401 1401 1403 1403 1403 1388 1388 1388 1402 1402 1402 1388 1388 1388 1403 1403 1403 1324 1324 1324 1324 1324 1324 1403 1403 1403 1404 1404 1404 1405 1405 1405 1404 1404 1404 1403 1403 1403 1404 1404 1404 1405 1405 1405 1406 1406 1406 1406 1406 1406 1405 1405 1405 1407 1407 1407 1407 1407 1407 1405 1405 1405 1408 1408 1408 1408 1408 1408 1405 1405 1405 1402 1402 1402 1403 1403 1403 1402 1402 1402 1405 1405 1405 1399 1399 1399 1415 1415 1415 1400 1400 1400 1416 1416 1416 1400 1400 1400 1415 1415 1415 1413 1413 1413 1417 1417 1417 1418 1418 1418 1419 1419 1419 1420 1420 1420 1421 1421 1421 1422 1422 1422 1423 1423 1423 1424 1424 1424 1425 1425 1425 1426 1426 1426 1427 1427 1427 1428 1428 1428 1429 1429 1429 1430 1430 1430 1431 1431 1431 1432 1432 1432 1433 1433 1433 1434 1434 1434 1432 1432 1432 1431 1431 1431 1435 1435 1435 1436 1436 1436 1437 1437 1437 1438 1438 1438 1439 1439 1439 1440 1440 1440 1441 1441 1441 1442 1442 1442 1443 1443 1443 1444 1444 1444 1445 1445 1445 1446 1446 1446 1407 1407 1407 1447 1447 1447 1406 1406 1406 1327 1327 1327 1406 1406 1406 1447 1447 1447 1406 1406 1406 1327 1327 1327 1404 1404 1404 1325 1325 1325 1404 1404 1404 1327 1327 1327 1448 1448 1448 1347 1347 1347 1346 1346 1346 1404 1404 1404 1325 1325 1325 1324 1324 1324 1325 1325 1325 1404 1404 1404 1327 1327 1327 1406 1406 1406 1327 1327 1327 1404 1404 1404 1327 1327 1327 1406 1406 1406 1447 1447 1447 1407 1407 1407 1447 1447 1447 1406 1406 1406 1444 1444 1444 1445 1445 1445 1446 1446 1446 1441 1441 1441 1442 1442 1442 1443 1443 1443 1438 1438 1438 1439 1439 1439 1440 1440 1440 1435 1435 1435 1436 1436 1436 1437 1437 1437 1434 1434 1434 1432 1432 1432 1431 1431 1431 1431 1431 1431 1432 1432 1432 1433 1433 1433 1428 1428 1428 1429 1429 1429 1430 1430 1430 1425 1425 1425 1426 1426 1426 1427 1427 1427 1422 1422 1422 1423 1423 1423 1424 1424 1424 1419 1419 1419 1420 1420 1420 1421 1421 1421 1413 1413 1413 1417 1417 1417 1418 1418 1418 1416 1416 1416 1400 1400 1400 1415 1415 1415 1399 1399 1399 1415 1415 1415 1400 1400 1400 1428 1428 1428 1430 1430 1430 1401 1401 1401 1408 1408 1408 1401 1401 1401 1430 1430 1430 1449 1449 1449 1450 1450 1450 1451 1451 1451 1428 1428 1428 1430 1430 1430 1401 1401 1401 1408 1408 1408 1401 1401 1401 1430 1430 1430 1401 1401 1401 1408 1408 1408 1402 1402 1402 1380 1380 1380 1399 1399 1399 1385 1385 1385 1399 1399 1399 1380 1380 1380 1452 1452 1452 1382 1382 1382 1452 1452 1452 1380 1380 1380 1452 1452 1452 1382 1382 1382 1453 1453 1453 1454 1454 1454 1379 1379 1379 1455 1455 1455 1377 1377 1377 1455 1455 1455 1379 1379 1379 1455 1455 1455 1377 1377 1377 1456 1456 1456 1376 1376 1376 1456 1456 1456 1377 1377 1377 1375 1375 1375 1456 1456 1456 1376 1376 1376 1456 1456 1456 1375 1375 1375 1457 1457 1457 1457 1457 1457 1375 1375 1375 1458 1458 1458 1374 1374 1374 1458 1458 1458 1375 1375 1375 1373 1373 1373 1458 1458 1458 1374 1374 1374 1459 1459 1459 1460 1460 1460 1461 1461 1461 1462 1462 1462 1463 1463 1463 1464 1464 1464 1464 1464 1464 1463 1463 1463 1465 1465 1465 1340 1340 1340 1465 1465 1465 1463 1463 1463 1466 1466 1466 1467 1467 1467 1468 1468 1468 1342 1342 1342 1465 1465 1465 1340 1340 1340 1340 1340 1340 1465 1465 1465 1463 1463 1463 1464 1464 1464 1463 1463 1463 1465 1465 1465 1462 1462 1462 1463 1463 1463 1464 1464 1464 1459 1459 1459 1460 1460 1460 1461 1461 1461 1373 1373 1373 1458 1458 1458 1374 1374 1374 1374 1374 1374 1458 1458 1458 1375 1375 1375 1457 1457 1457 1375 1375 1375 1458 1458 1458 1456 1456 1456 1375 1375 1375 1457 1457 1457 1375 1375 1375 1456 1456 1456 1376 1376 1376 1376 1376 1376 1456 1456 1456 1377 1377 1377 1455 1455 1455 1377 1377 1377 1456 1456 1456 1377 1377 1377 1455 1455 1455 1379 1379 1379 1454 1454 1454 1379 1379 1379 1455 1455 1455 1452 1452 1452 1382 1382 1382 1453 1453 1453 1382 1382 1382 1452 1452 1452 1380 1380 1380 1399 1399 1399 1380 1380 1380 1452 1452 1452 1380 1380 1380 1399 1399 1399 1385 1385 1385 1469 1469 1469 1470 1470 1470 1471 1471 1471 1472 1472 1472 1473 1473 1473 1474 1474 1474 1475 1475 1475 1476 1476 1476 1477 1477 1477 1478 1478 1478 1477 1477 1477 1476 1476 1476 1477 1477 1477 1478 1478 1478 1479 1479 1479 1480 1480 1480 1481 1481 1481 1482 1482 1482 1483 1483 1483 1484 1484 1484 1485 1485 1485 1486 1486 1486 1485 1485 1485 1484 1484 1484 1485 1485 1485 1486 1486 1486 1487 1487 1487 1470 1470 1470 1487 1487 1487 1486 1486 1486 1487 1487 1487 1470 1470 1470 1488 1488 1488 1469 1469 1469 1488 1488 1488 1470 1470 1470 1488 1488 1488 1469 1469 1469 1489 1489 1489 1489 1489 1489 1469 1469 1469 1490 1490 1490 1491 1491 1491 1492 1492 1492 1493 1493 1493 1493 1493 1493 1492 1492 1492 1494 1494 1494 1471 1471 1471 1495 1495 1495 1469 1469 1469 1495 1495 1495 1471 1471 1471 1484 1484 1484 1484 1484 1484 1471 1471 1471 1486 1486 1486 1473 1473 1473 1496 1496 1496 1474 1474 1474 1497 1497 1497 1498 1498 1498 1499 1499 1499 1478 1478 1478 1477 1477 1477 1476 1476 1476 1500 1500 1500 1501 1501 1501 1502 1502 1502 1503 1503 1503 1481 1481 1481 1482 1482 1482 1502 1502 1502 1504 1504 1504 1505 1505 1505 1506 1506 1506 1507 1507 1507 1503 1503 1503 1485 1485 1485 1486 1486 1486 1487 1487 1487 1470 1470 1470 1487 1487 1487 1486 1486 1486 1487 1487 1487 1470 1470 1470 1488 1488 1488 1469 1469 1469 1488 1488 1488 1470 1470 1470 1488 1488 1488 1469 1469 1469 1489 1489 1489 1489 1489 1489 1469 1469 1469 1490 1490 1490 1508 1508 1508 1472 1472 1472 1509 1509 1509 1493 1493 1493 1492 1492 1492 1494 1494 1494 1471 1471 1471 1495 1495 1495 1469 1469 1469 1495 1495 1495 1471 1471 1471 1484 1484 1484 1484 1484 1484 1471 1471 1471 1486 1486 1486 1470 1470 1470 1486 1486 1486 1471 1471 1471 1477 1477 1477 1479 1479 1479 1510 1510 1510 1511 1511 1511 1512 1512 1512 1483 1483 1483 1512 1512 1512 1511 1511 1511 1513 1513 1513 1513 1513 1513 1511 1511 1511 1514 1514 1514 1515 1515 1515 1514 1514 1514 1511 1511 1511 1514 1514 1514 1515 1515 1515 1516 1516 1516 1517 1517 1517 1516 1516 1516 1515 1515 1515 1516 1516 1516 1517 1517 1517 1489 1489 1489 1489 1489 1489 1517 1517 1517 1488 1488 1488 1488 1488 1488 1517 1517 1517 1487 1487 1487 1487 1487 1487 1517 1517 1517 1511 1511 1511 1518 1518 1518 1519 1519 1519 1520 1520 1520 1477 1477 1477 1479 1479 1479 1510 1510 1510 1521 1521 1521 1522 1522 1522 1523 1523 1523 1512 1512 1512 1511 1511 1511 1513 1513 1513 1513 1513 1513 1511 1511 1511 1514 1514 1514 1515 1515 1515 1514 1514 1514 1511 1511 1511 1514 1514 1514 1515 1515 1515 1516 1516 1516 1517 1517 1517 1516 1516 1516 1515 1515 1515 1516 1516 1516 1517 1517 1517 1489 1489 1489 1489 1489 1489 1517 1517 1517 1488 1488 1488 1488 1488 1488 1517 1517 1517 1487 1487 1487 1487 1487 1487 1517 1517 1517 1511 1511 1511 1515 1515 1515 1511 1511 1511 1517 1517 1517 1490 1490 1490 1524 1524 1524 1489 1489 1489 1489 1489 1489 1524 1524 1524 1516 1516 1516 1525 1525 1525 1516 1516 1516 1524 1524 1524 1526 1526 1526 1516 1516 1516 1525 1525 1525 1527 1527 1527 1516 1516 1516 1526 1526 1526 1516 1516 1516 1527 1527 1527 1514 1514 1514 1514 1514 1514 1527 1527 1527 1513 1513 1513 1528 1528 1528 1513 1513 1513 1527 1527 1527 1513 1513 1513 1528 1528 1528 1529 1529 1529 1530 1530 1530 1529 1529 1529 1528 1528 1528 1531 1531 1531 1532 1532 1532 1533 1533 1533 1532 1532 1532 1531 1531 1531 1534 1534 1534 1534 1534 1534 1531 1531 1531 1535 1535 1535 1536 1536 1536 1535 1535 1535 1531 1531 1531 1537 1537 1537 1535 1535 1535 1536 1536 1536 1535 1535 1535 1537 1537 1537 1538 1538 1538 1539 1539 1539 1538 1538 1538 1537 1537 1537 1538 1538 1538 1539 1539 1539 1475 1475 1475 1490 1490 1490 1524 1524 1524 1489 1489 1489 1489 1489 1489 1524 1524 1524 1516 1516 1516 1525 1525 1525 1516 1516 1516 1524 1524 1524 1526 1526 1526 1516 1516 1516 1525 1525 1525 1540 1540 1540 1541 1541 1541 1542 1542 1542 1516 1516 1516 1527 1527 1527 1514 1514 1514 1514 1514 1514 1527 1527 1527 1513 1513 1513 1528 1528 1528 1513 1513 1513 1527 1527 1527 1513 1513 1513 1528 1528 1528 1529 1529 1529 1530 1530 1530 1529 1529 1529 1528 1528 1528 1543 1543 1543 1544 1544 1544 1545 1545 1545 1532 1532 1532 1531 1531 1531 1534 1534 1534 1534 1534 1534 1531 1531 1531 1535 1535 1535 1536 1536 1536 1535 1535 1535 1531 1531 1531 1537 1537 1537 1535 1535 1535 1536 1536 1536 1535 1535 1535 1537 1537 1537 1538 1538 1538 1539 1539 1539 1538 1538 1538 1537 1537 1537 1538 1538 1538 1539 1539 1539 1475 1475 1475 1538 1538 1538 1475 1475 1475 1535 1535 1535 1546 1546 1546 1535 1535 1535 1475 1475 1475 1535 1535 1535 1546 1546 1546 1534 1534 1534 1547 1547 1547 1534 1534 1534 1546 1546 1546 1534 1534 1534 1547 1547 1547 1532 1532 1532 1529 1529 1529 1548 1548 1548 1513 1513 1513 1513 1513 1513 1548 1548 1548 1512 1512 1512 1510 1510 1510 1547 1547 1547 1477 1477 1477 1546 1546 1546 1477 1477 1477 1547 1547 1547 1499 1499 1499 1549 1549 1549 1497 1497 1497 1538 1538 1538 1475 1475 1475 1535 1535 1535 1546 1546 1546 1535 1535 1535 1475 1475 1475 1535 1535 1535 1546 1546 1546 1534 1534 1534 1547 1547 1547 1534 1534 1534 1546 1546 1546 1534 1534 1534 1547 1547 1547 1532 1532 1532 1529 1529 1529 1548 1548 1548 1513 1513 1513 1513 1513 1513 1548 1548 1548 1512 1512 1512 1510 1510 1510 1547 1547 1547 1477 1477 1477 1546 1546 1546 1477 1477 1477 1547 1547 1547 1477 1477 1477 1546 1546 1546 1475 1475 1475 1550 1550 1550 1551 1551 1551 1536 1536 1536 1536 1536 1536 1551 1551 1551 1537 1537 1537 1552 1552 1552 1537 1537 1537 1551 1551 1551 1537 1537 1537 1552 1552 1552 1539 1539 1539 1553 1553 1553 1539 1539 1539 1552 1552 1552 1554 1554 1554 1539 1539 1539 1553 1553 1553 1539 1539 1539 1554 1554 1554 1475 1475 1475 1475 1475 1475 1554 1554 1554 1555 1555 1555 1556 1556 1556 1555 1555 1555 1554 1554 1554 1555 1555 1555 1556 1556 1556 1557 1557 1557 1557 1557 1557 1556 1556 1556 1558 1558 1558 1558 1558 1558 1556 1556 1556 1559 1559 1559 1559 1559 1559 1556 1556 1556 1553 1553 1553 1560 1560 1560 1561 1561 1561 1562 1562 1562 1563 1563 1563 1564 1564 1564 1565 1565 1565 1536 1536 1536 1551 1551 1551 1537 1537 1537 1552 1552 1552 1537 1537 1537 1551 1551 1551 1537 1537 1537 1552 1552 1552 1539 1539 1539 1553 1553 1553 1539 1539 1539 1552 1552 1552 1554 1554 1554 1539 1539 1539 1553 1553 1553 1539 1539 1539 1554 1554 1554 1475 1475 1475 1475 1475 1475 1554 1554 1554 1555 1555 1555 1556 1556 1556 1555 1555 1555 1554 1554 1554 1555 1555 1555 1556 1556 1556 1557 1557 1557 1557 1557 1557 1556 1556 1556 1558 1558 1558 1558 1558 1558 1556 1556 1556 1559 1559 1559 1559 1559 1559 1556 1556 1556 1553 1553 1553 1554 1554 1554 1553 1553 1553 1556 1556 1556 1550 1550 1550 1566 1566 1566 1551 1551 1551 1567 1567 1567 1551 1551 1551 1566 1566 1566 1564 1564 1564 1568 1568 1568 1569 1569 1569 1570 1570 1570 1571 1571 1571 1572 1572 1572 1573 1573 1573 1574 1574 1574 1575 1575 1575 1576 1576 1576 1577 1577 1577 1578 1578 1578 1579 1579 1579 1580 1580 1580 1581 1581 1581 1582 1582 1582 1583 1583 1583 1584 1584 1584 1585 1585 1585 1583 1583 1583 1582 1582 1582 1586 1586 1586 1587 1587 1587 1588 1588 1588 1589 1589 1589 1590 1590 1590 1591 1591 1591 1592 1592 1592 1593 1593 1593 1594 1594 1594 1595 1595 1595 1596 1596 1596 1597 1597 1597 1558 1558 1558 1598 1598 1598 1557 1557 1557 1478 1478 1478 1557 1557 1557 1598 1598 1598 1557 1557 1557 1478 1478 1478 1555 1555 1555 1476 1476 1476 1555 1555 1555 1478 1478 1478 1599 1599 1599 1498 1498 1498 1497 1497 1497 1555 1555 1555 1476 1476 1476 1475 1475 1475 1476 1476 1476 1555 1555 1555 1478 1478 1478 1557 1557 1557 1478 1478 1478 1555 1555 1555 1478 1478 1478 1557 1557 1557 1598 1598 1598 1558 1558 1558 1598 1598 1598 1557 1557 1557 1595 1595 1595 1596 1596 1596 1597 1597 1597 1592 1592 1592 1593 1593 1593 1594 1594 1594 1589 1589 1589 1590 1590 1590 1591 1591 1591 1586 1586 1586 1587 1587 1587 1588 1588 1588 1585 1585 1585 1583 1583 1583 1582 1582 1582 1582 1582 1582 1583 1583 1583 1584 1584 1584 1579 1579 1579 1580 1580 1580 1581 1581 1581 1576 1576 1576 1577 1577 1577 1578 1578 1578 1573 1573 1573 1574 1574 1574 1575 1575 1575 1570 1570 1570 1571 1571 1571 1572 1572 1572 1564 1564 1564 1568 1568 1568 1569 1569 1569 1567 1567 1567 1551 1551 1551 1566 1566 1566 1550 1550 1550 1566 1566 1566 1551 1551 1551 1579 1579 1579 1581 1581 1581 1552 1552 1552 1559 1559 1559 1552 1552 1552 1581 1581 1581 1600 1600 1600 1601 1601 1601 1602 1602 1602 1579 1579 1579 1581 1581 1581 1552 1552 1552 1559 1559 1559 1552 1552 1552 1581 1581 1581 1552 1552 1552 1559 1559 1559 1553 1553 1553 1531 1531 1531 1550 1550 1550 1536 1536 1536 1550 1550 1550 1531 1531 1531 1603 1603 1603 1533 1533 1533 1603 1603 1603 1531 1531 1531 1603 1603 1603 1533 1533 1533 1604 1604 1604 1605 1605 1605 1530 1530 1530 1606 1606 1606 1528 1528 1528 1606 1606 1606 1530 1530 1530 1606 1606 1606 1528 1528 1528 1607 1607 1607 1527 1527 1527 1607 1607 1607 1528 1528 1528 1526 1526 1526 1607 1607 1607 1527 1527 1527 1607 1607 1607 1526 1526 1526 1608 1608 1608 1608 1608 1608 1526 1526 1526 1609 1609 1609 1525 1525 1525 1609 1609 1609 1526 1526 1526 1524 1524 1524 1609 1609 1609 1525 1525 1525 1610 1610 1610 1611 1611 1611 1612 1612 1612 1613 1613 1613 1614 1614 1614 1615 1615 1615 1615 1615 1615 1614 1614 1614 1616 1616 1616 1491 1491 1491 1616 1616 1616 1614 1614 1614 1617 1617 1617 1618 1618 1618 1619 1619 1619 1493 1493 1493 1616 1616 1616 1491 1491 1491 1491 1491 1491 1616 1616 1616 1614 1614 1614 1615 1615 1615 1614 1614 1614 1616 1616 1616 1613 1613 1613 1614 1614 1614 1615 1615 1615 1610 1610 1610 1611 1611 1611 1612 1612 1612 1524 1524 1524 1609 1609 1609 1525 1525 1525 1525 1525 1525 1609 1609 1609 1526 1526 1526 1608 1608 1608 1526 1526 1526 1609 1609 1609 1607 1607 1607 1526 1526 1526 1608 1608 1608 1526 1526 1526 1607 1607 1607 1527 1527 1527 1527 1527 1527 1607 1607 1607 1528 1528 1528 1606 1606 1606 1528 1528 1528 1607 1607 1607 1528 1528 1528 1606 1606 1606 1530 1530 1530 1605 1605 1605 1530 1530 1530 1606 1606 1606 1603 1603 1603 1533 1533 1533 1604 1604 1604 1533 1533 1533 1603 1603 1603 1531 1531 1531 1550 1550 1550 1531 1531 1531 1603 1603 1603 1531 1531 1531 1550 1550 1550 1536 1536 1536 1620 1620 1620 1621 1621 1621 1622 1622 1622 1623 1623 1623 1624 1624 1624 1625 1625 1625 1626 1626 1626 1627 1627 1627 1628 1628 1628 1629 1629 1629 1628 1628 1628 1627 1627 1627 1628 1628 1628 1629 1629 1629 1630 1630 1630 1631 1631 1631 1632 1632 1632 1633 1633 1633 1634 1634 1634 1635 1635 1635 1636 1636 1636 1637 1637 1637 1636 1636 1636 1635 1635 1635 1636 1636 1636 1637 1637 1637 1638 1638 1638 1621 1621 1621 1638 1638 1638 1637 1637 1637 1638 1638 1638 1621 1621 1621 1639 1639 1639 1620 1620 1620 1639 1639 1639 1621 1621 1621 1639 1639 1639 1620 1620 1620 1640 1640 1640 1640 1640 1640 1620 1620 1620 1641 1641 1641 1642 1642 1642 1643 1643 1643 1644 1644 1644 1644 1644 1644 1643 1643 1643 1645 1645 1645 1622 1622 1622 1646 1646 1646 1620 1620 1620 1646 1646 1646 1622 1622 1622 1635 1635 1635 1635 1635 1635 1622 1622 1622 1637 1637 1637 1624 1624 1624 1647 1647 1647 1625 1625 1625 1648 1648 1648 1649 1649 1649 1650 1650 1650 1629 1629 1629 1628 1628 1628 1627 1627 1627 1651 1651 1651 1652 1652 1652 1653 1653 1653 1654 1654 1654 1632 1632 1632 1633 1633 1633 1653 1653 1653 1655 1655 1655 1656 1656 1656 1657 1657 1657 1658 1658 1658 1654 1654 1654 1636 1636 1636 1637 1637 1637 1638 1638 1638 1621 1621 1621 1638 1638 1638 1637 1637 1637 1638 1638 1638 1621 1621 1621 1639 1639 1639 1620 1620 1620 1639 1639 1639 1621 1621 1621 1639 1639 1639 1620 1620 1620 1640 1640 1640 1640 1640 1640 1620 1620 1620 1641 1641 1641 1659 1659 1659 1623 1623 1623 1660 1660 1660 1644 1644 1644 1643 1643 1643 1645 1645 1645 1622 1622 1622 1646 1646 1646 1620 1620 1620 1646 1646 1646 1622 1622 1622 1635 1635 1635 1635 1635 1635 1622 1622 1622 1637 1637 1637 1621 1621 1621 1637 1637 1637 1622 1622 1622 1628 1628 1628 1630 1630 1630 1661 1661 1661 1662 1662 1662 1663 1663 1663 1634 1634 1634 1663 1663 1663 1662 1662 1662 1664 1664 1664 1664 1664 1664 1662 1662 1662 1665 1665 1665 1666 1666 1666 1665 1665 1665 1662 1662 1662 1665 1665 1665 1666 1666 1666 1667 1667 1667 1668 1668 1668 1667 1667 1667 1666 1666 1666 1667 1667 1667 1668 1668 1668 1640 1640 1640 1640 1640 1640 1668 1668 1668 1639 1639 1639 1639 1639 1639 1668 1668 1668 1638 1638 1638 1638 1638 1638 1668 1668 1668 1662 1662 1662 1669 1669 1669 1670 1670 1670 1671 1671 1671 1628 1628 1628 1630 1630 1630 1661 1661 1661 1672 1672 1672 1673 1673 1673 1674 1674 1674 1663 1663 1663 1662 1662 1662 1664 1664 1664 1664 1664 1664 1662 1662 1662 1665 1665 1665 1666 1666 1666 1665 1665 1665 1662 1662 1662 1665 1665 1665 1666 1666 1666 1667 1667 1667 1668 1668 1668 1667 1667 1667 1666 1666 1666 1667 1667 1667 1668 1668 1668 1640 1640 1640 1640 1640 1640 1668 1668 1668 1639 1639 1639 1639 1639 1639 1668 1668 1668 1638 1638 1638 1638 1638 1638 1668 1668 1668 1662 1662 1662 1666 1666 1666 1662 1662 1662 1668 1668 1668 1641 1641 1641 1675 1675 1675 1640 1640 1640 1640 1640 1640 1675 1675 1675 1667 1667 1667 1676 1676 1676 1667 1667 1667 1675 1675 1675 1677 1677 1677 1667 1667 1667 1676 1676 1676 1678 1678 1678 1667 1667 1667 1677 1677 1677 1667 1667 1667 1678 1678 1678 1665 1665 1665 1665 1665 1665 1678 1678 1678 1664 1664 1664 1679 1679 1679 1664 1664 1664 1678 1678 1678 1664 1664 1664 1679 1679 1679 1680 1680 1680 1681 1681 1681 1680 1680 1680 1679 1679 1679 1682 1682 1682 1683 1683 1683 1684 1684 1684 1683 1683 1683 1682 1682 1682 1685 1685 1685 1685 1685 1685 1682 1682 1682 1686 1686 1686 1687 1687 1687 1686 1686 1686 1682 1682 1682 1688 1688 1688 1686 1686 1686 1687 1687 1687 1686 1686 1686 1688 1688 1688 1689 1689 1689 1690 1690 1690 1689 1689 1689 1688 1688 1688 1689 1689 1689 1690 1690 1690 1626 1626 1626 1641 1641 1641 1675 1675 1675 1640 1640 1640 1640 1640 1640 1675 1675 1675 1667 1667 1667 1676 1676 1676 1667 1667 1667 1675 1675 1675 1677 1677 1677 1667 1667 1667 1676 1676 1676 1691 1691 1691 1692 1692 1692 1693 1693 1693 1667 1667 1667 1678 1678 1678 1665 1665 1665 1665 1665 1665 1678 1678 1678 1664 1664 1664 1679 1679 1679 1664 1664 1664 1678 1678 1678 1664 1664 1664 1679 1679 1679 1680 1680 1680 1681 1681 1681 1680 1680 1680 1679 1679 1679 1694 1694 1694 1695 1695 1695 1696 1696 1696 1683 1683 1683 1682 1682 1682 1685 1685 1685 1685 1685 1685 1682 1682 1682 1686 1686 1686 1687 1687 1687 1686 1686 1686 1682 1682 1682 1688 1688 1688 1686 1686 1686 1687 1687 1687 1686 1686 1686 1688 1688 1688 1689 1689 1689 1690 1690 1690 1689 1689 1689 1688 1688 1688 1689 1689 1689 1690 1690 1690 1626 1626 1626 1689 1689 1689 1626 1626 1626 1686 1686 1686 1697 1697 1697 1686 1686 1686 1626 1626 1626 1686 1686 1686 1697 1697 1697 1685 1685 1685 1698 1698 1698 1685 1685 1685 1697 1697 1697 1685 1685 1685 1698 1698 1698 1683 1683 1683 1680 1680 1680 1699 1699 1699 1664 1664 1664 1664 1664 1664 1699 1699 1699 1663 1663 1663 1661 1661 1661 1698 1698 1698 1628 1628 1628 1697 1697 1697 1628 1628 1628 1698 1698 1698 1650 1650 1650 1700 1700 1700 1648 1648 1648 1689 1689 1689 1626 1626 1626 1686 1686 1686 1697 1697 1697 1686 1686 1686 1626 1626 1626 1686 1686 1686 1697 1697 1697 1685 1685 1685 1698 1698 1698 1685 1685 1685 1697 1697 1697 1685 1685 1685 1698 1698 1698 1683 1683 1683 1680 1680 1680 1699 1699 1699 1664 1664 1664 1664 1664 1664 1699 1699 1699 1663 1663 1663 1661 1661 1661 1698 1698 1698 1628 1628 1628 1697 1697 1697 1628 1628 1628 1698 1698 1698 1628 1628 1628 1697 1697 1697 1626 1626 1626 1701 1701 1701 1702 1702 1702 1687 1687 1687 1687 1687 1687 1702 1702 1702 1688 1688 1688 1703 1703 1703 1688 1688 1688 1702 1702 1702 1688 1688 1688 1703 1703 1703 1690 1690 1690 1704 1704 1704 1690 1690 1690 1703 1703 1703 1705 1705 1705 1690 1690 1690 1704 1704 1704 1690 1690 1690 1705 1705 1705 1626 1626 1626 1626 1626 1626 1705 1705 1705 1706 1706 1706 1707 1707 1707 1706 1706 1706 1705 1705 1705 1706 1706 1706 1707 1707 1707 1708 1708 1708 1708 1708 1708 1707 1707 1707 1709 1709 1709 1709 1709 1709 1707 1707 1707 1710 1710 1710 1710 1710 1710 1707 1707 1707 1704 1704 1704 1711 1711 1711 1712 1712 1712 1713 1713 1713 1714 1714 1714 1715 1715 1715 1716 1716 1716 1687 1687 1687 1702 1702 1702 1688 1688 1688 1703 1703 1703 1688 1688 1688 1702 1702 1702 1688 1688 1688 1703 1703 1703 1690 1690 1690 1704 1704 1704 1690 1690 1690 1703 1703 1703 1705 1705 1705 1690 1690 1690 1704 1704 1704 1690 1690 1690 1705 1705 1705 1626 1626 1626 1626 1626 1626 1705 1705 1705 1706 1706 1706 1707 1707 1707 1706 1706 1706 1705 1705 1705 1706 1706 1706 1707 1707 1707 1708 1708 1708 1708 1708 1708 1707 1707 1707 1709 1709 1709 1709 1709 1709 1707 1707 1707 1710 1710 1710 1710 1710 1710 1707 1707 1707 1704 1704 1704 1705 1705 1705 1704 1704 1704 1707 1707 1707 1701 1701 1701 1717 1717 1717 1702 1702 1702 1718 1718 1718 1702 1702 1702 1717 1717 1717 1715 1715 1715 1719 1719 1719 1720 1720 1720 1721 1721 1721 1722 1722 1722 1723 1723 1723 1724 1724 1724 1725 1725 1725 1726 1726 1726 1727 1727 1727 1728 1728 1728 1729 1729 1729 1730 1730 1730 1731 1731 1731 1732 1732 1732 1733 1733 1733 1734 1734 1734 1735 1735 1735 1736 1736 1736 1734 1734 1734 1733 1733 1733 1737 1737 1737 1738 1738 1738 1739 1739 1739 1740 1740 1740 1741 1741 1741 1742 1742 1742 1743 1743 1743 1744 1744 1744 1745 1745 1745 1746 1746 1746 1747 1747 1747 1748 1748 1748 1709 1709 1709 1749 1749 1749 1708 1708 1708 1629 1629 1629 1708 1708 1708 1749 1749 1749 1708 1708 1708 1629 1629 1629 1706 1706 1706 1627 1627 1627 1706 1706 1706 1629 1629 1629 1750 1750 1750 1649 1649 1649 1648 1648 1648 1706 1706 1706 1627 1627 1627 1626 1626 1626 1627 1627 1627 1706 1706 1706 1629 1629 1629 1708 1708 1708 1629 1629 1629 1706 1706 1706 1629 1629 1629 1708 1708 1708 1749 1749 1749 1709 1709 1709 1749 1749 1749 1708 1708 1708 1746 1746 1746 1747 1747 1747 1748 1748 1748 1743 1743 1743 1744 1744 1744 1745 1745 1745 1740 1740 1740 1741 1741 1741 1742 1742 1742 1737 1737 1737 1738 1738 1738 1739 1739 1739 1736 1736 1736 1734 1734 1734 1733 1733 1733 1733 1733 1733 1734 1734 1734 1735 1735 1735 1730 1730 1730 1731 1731 1731 1732 1732 1732 1727 1727 1727 1728 1728 1728 1729 1729 1729 1724 1724 1724 1725 1725 1725 1726 1726 1726 1721 1721 1721 1722 1722 1722 1723 1723 1723 1715 1715 1715 1719 1719 1719 1720 1720 1720 1718 1718 1718 1702 1702 1702 1717 1717 1717 1701 1701 1701 1717 1717 1717 1702 1702 1702 1730 1730 1730 1732 1732 1732 1703 1703 1703 1710 1710 1710 1703 1703 1703 1732 1732 1732 1751 1751 1751 1752 1752 1752 1753 1753 1753 1730 1730 1730 1732 1732 1732 1703 1703 1703 1710 1710 1710 1703 1703 1703 1732 1732 1732 1703 1703 1703 1710 1710 1710 1704 1704 1704 1682 1682 1682 1701 1701 1701 1687 1687 1687 1701 1701 1701 1682 1682 1682 1754 1754 1754 1684 1684 1684 1754 1754 1754 1682 1682 1682 1754 1754 1754 1684 1684 1684 1755 1755 1755 1756 1756 1756 1681 1681 1681 1757 1757 1757 1679 1679 1679 1757 1757 1757 1681 1681 1681 1757 1757 1757 1679 1679 1679 1758 1758 1758 1678 1678 1678 1758 1758 1758 1679 1679 1679 1677 1677 1677 1758 1758 1758 1678 1678 1678 1758 1758 1758 1677 1677 1677 1759 1759 1759 1759 1759 1759 1677 1677 1677 1760 1760 1760 1676 1676 1676 1760 1760 1760 1677 1677 1677 1675 1675 1675 1760 1760 1760 1676 1676 1676 1761 1761 1761 1762 1762 1762 1763 1763 1763 1764 1764 1764 1765 1765 1765 1766 1766 1766 1766 1766 1766 1765 1765 1765 1767 1767 1767 1642 1642 1642 1767 1767 1767 1765 1765 1765 1768 1768 1768 1769 1769 1769 1770 1770 1770 1644 1644 1644 1767 1767 1767 1642 1642 1642 1642 1642 1642 1767 1767 1767 1765 1765 1765 1766 1766 1766 1765 1765 1765 1767 1767 1767 1764 1764 1764 1765 1765 1765 1766 1766 1766 1761 1761 1761 1762 1762 1762 1763 1763 1763 1675 1675 1675 1760 1760 1760 1676 1676 1676 1676 1676 1676 1760 1760 1760 1677 1677 1677 1759 1759 1759 1677 1677 1677 1760 1760 1760 1758 1758 1758 1677 1677 1677 1759 1759 1759 1677 1677 1677 1758 1758 1758 1678 1678 1678 1678 1678 1678 1758 1758 1758 1679 1679 1679 1757 1757 1757 1679 1679 1679 1758 1758 1758 1679 1679 1679 1757 1757 1757 1681 1681 1681 1756 1756 1756 1681 1681 1681 1757 1757 1757 1754 1754 1754 1684 1684 1684 1755 1755 1755 1684 1684 1684 1754 1754 1754 1682 1682 1682 1701 1701 1701 1682 1682 1682 1754 1754 1754 1682 1682 1682 1701 1701 1701 1687 1687 1687 1771 1771 1771 24 24 24 26 26 26 72 72 72 106 106 106 70 70 70 6 6 6 5 5 5 4 4 4 1772 1772 1772 1773 1773 1773 1774 1774 1774 1775 1775 1775 9 9 9 10 10 10 1776 1776 1776 1777 1777 1777 1778 1778 1778 1779 1779 1779 1780 1780 1780 1775 1775 1775 13 13 13 14 14 14 15 15 15 1 1 1 15 15 15 14 14 14 15 15 15 1 1 1 16 16 16 0 0 0 16 16 16 1 1 1 16 16 16 0 0 0 17 17 17 17 17 17 0 0 0 18 18 18 1781 1781 1781 1771 1771 1771 1782 1782 1782 21 21 21 20 20 20 22 22 22 2 2 2 23 23 23 0 0 0 23 23 23 2 2 2 12 12 12 12 12 12 2 2 2 14 14 14 1 1 1 14 14 14 2 2 2 5 5 5 7 7 7 27 27 27 1783 1783 1783 1784 1784 1784 1774 1774 1774 29 29 29 28 28 28 30 30 30 30 30 30 28 28 28 31 31 31 32 32 32 31 31 31 28 28 28 31 31 31 32 32 32 33 33 33 34 34 34 33 33 33 32 32 32 33 33 33 34 34 34 17 17 17 17 17 17 34 34 34 16 16 16 16 16 16 34 34 34 15 15 15 15 15 15 34 34 34 28 28 28 32 32 32 28 28 28 34 34 34 18 18 18 38 38 38 17 17 17 17 17 17 38 38 38 33 33 33 39 39 39 33 33 33 38 38 38 40 40 40 33 33 33 39 39 39 1785 1785 1785 1786 1786 1786 1787 1787 1787 33 33 33 41 41 41 31 31 31 31 31 31 41 41 41 30 30 30 42 42 42 30 30 30 41 41 41 30 30 30 42 42 42 43 43 43 44 44 44 43 43 43 42 42 42 1788 1788 1788 1789 1789 1789 1790 1790 1790 46 46 46 45 45 45 48 48 48 48 48 48 45 45 45 49 49 49 50 50 50 49 49 49 45 45 45 51 51 51 49 49 49 50 50 50 49 49 49 51 51 51 52 52 52 53 53 53 52 52 52 51 51 51 52 52 52 53 53 53 3 3 3 45 45 45 54 54 54 50 50 50 54 54 54 45 45 45 55 55 55 47 47 47 55 55 55 45 45 45 55 55 55 47 47 47 56 56 56 1791 1791 1791 1792 1792 1792 58 58 58 42 42 42 58 58 58 44 44 44 58 58 58 42 42 42 59 59 59 41 41 41 59 59 59 42 42 42 40 40 40 59 59 59 41 41 41 59 59 59 40 40 40 60 60 60 1793 1793 1793 1794 1794 1794 1795 1795 1795 39 39 39 61 61 61 40 40 40 38 38 38 61 61 61 39 39 39 61 61 61 38 38 38 62 62 62 1796 1796 1796 1797 1797 1797 1798 1798 1798 65 65 65 64 64 64 66 66 66 19 19 19 66 66 66 64 64 64 21 21 21 66 66 66 19 19 19 52 52 52 3 3 3 49 49 49 67 67 67 49 49 49 3 3 3 49 49 49 67 67 67 48 48 48 68 68 68 48 48 48 67 67 67 48 48 48 68 68 68 46 46 46 43 43 43 69 69 69 30 30 30 30 30 30 69 69 69 29 29 29 27 27 27 68 68 68 5 5 5 67 67 67 5 5 5 68 68 68 5 5 5 67 67 67 3 3 3 54 54 54 73 73 73 50 50 50 50 50 50 73 73 73 51 51 51 74 74 74 51 51 51 73 73 73 51 51 51 74 74 74 53 53 53 75 75 75 53 53 53 74 74 74 76 76 76 53 53 53 75 75 75 53 53 53 76 76 76 3 3 3 3 3 3 76 76 76 77 77 77 78 78 78 77 77 77 76 76 76 77 77 77 78 78 78 79 79 79 79 79 79 78 78 78 80 80 80 80 80 80 78 78 78 81 81 81 81 81 81 78 78 78 75 75 75 76 76 76 75 75 75 78 78 78 54 54 54 85 85 85 73 73 73 1799 1799 1799 1800 1800 1800 1801 1801 1801 87 87 87 1802 1802 1802 1803 1803 1803 90 90 90 89 89 89 88 88 88 89 89 89 90 90 90 91 91 91 92 92 92 91 91 91 90 90 90 1804 1804 1804 1805 1805 1805 1806 1806 1806 1807 1807 1807 1808 1808 1808 1809 1809 1809 99 99 99 97 97 97 96 96 96 97 97 97 99 99 99 100 100 100 101 101 101 100 100 100 99 99 99 100 100 100 101 101 101 102 102 102 103 103 103 102 102 102 101 101 101 80 80 80 104 104 104 79 79 79 6 6 6 79 79 79 104 104 104 79 79 79 6 6 6 77 77 77 4 4 4 77 77 77 6 6 6 77 77 77 4 4 4 3 3 3 93 93 93 95 95 95 74 74 74 81 81 81 74 74 74 95 95 95 74 74 74 81 81 81 75 75 75 1810 1810 1810 1811 1811 1811 1812 1812 1812 1813 1813 1813 1812 1812 1812 1811 1811 1811 1810 1810 1810 1811 1811 1811 1812 1812 1812 1813 1813 1813 1812 1812 1812 1811 1811 1811 1810 1810 1810 1812 1812 1812 1814 1814 1814 1815 1815 1815 1814 1814 1814 1812 1812 1812 1814 1814 1814 1815 1815 1815 1816 1816 1816 1817 1817 1817 1816 1816 1816 1815 1815 1815 1816 1816 1816 1817 1817 1817 1818 1818 1818 1818 1818 1818 1817 1817 1817 1819 1819 1819 1820 1820 1820 1819 1819 1819 1817 1817 1817 1819 1819 1819 1820 1820 1820 1821 1821 1821 1821 1821 1821 1820 1820 1820 1822 1822 1822 1822 1822 1822 1820 1820 1820 1813 1813 1813 1817 1817 1817 1813 1813 1813 1820 1820 1820 1813 1813 1813 1817 1817 1817 1812 1812 1812 1823 1823 1823 1824 1824 1824 1825 1825 1825 1810 1810 1810 1812 1812 1812 1814 1814 1814 1815 1815 1815 1814 1814 1814 1812 1812 1812 1814 1814 1814 1815 1815 1815 1816 1816 1816 1817 1817 1817 1816 1816 1816 1815 1815 1815 1816 1816 1816 1817 1817 1817 1818 1818 1818 1818 1818 1818 1817 1817 1817 1819 1819 1819 1820 1820 1820 1819 1819 1819 1817 1817 1817 1819 1819 1819 1820 1820 1820 1821 1821 1821 1821 1821 1821 1820 1820 1820 1822 1822 1822 1822 1822 1822 1820 1820 1820 1813 1813 1813 1817 1817 1817 1813 1813 1813 1820 1820 1820 1813 1813 1813 1817 1817 1817 1812 1812 1812 1815 1815 1815 1812 1812 1812 1817 1817 1817 1826 1826 1826 1810 1810 1810 1827 1827 1827 1814 1814 1814 1827 1827 1827 1810 1810 1810 1827 1827 1827 1814 1814 1814 1828 1828 1828 1816 1816 1816 1828 1828 1828 1814 1814 1814 1828 1828 1828 1816 1816 1816 1829 1829 1829 1818 1818 1818 1829 1829 1829 1816 1816 1816 1829 1829 1829 1818 1818 1818 1830 1830 1830 1819 1819 1819 1830 1830 1830 1818 1818 1818 1830 1830 1830 1819 1819 1819 1831 1831 1831 1821 1821 1821 1831 1831 1831 1819 1819 1819 1832 1832 1832 1833 1833 1833 1834 1834 1834 1835 1835 1835 1836 1836 1836 1837 1837 1837 1838 1838 1838 1839 1839 1839 1840 1840 1840 1841 1841 1841 1842 1842 1842 1843 1843 1843 1844 1844 1844 1845 1845 1845 1846 1846 1846 1847 1847 1847 1848 1848 1848 1849 1849 1849 1850 1850 1850 1851 1851 1851 1852 1852 1852 1853 1853 1853 1854 1854 1854 1855 1855 1855 1856 1856 1856 1854 1854 1854 1857 1857 1857 1850 1850 1850 1851 1851 1851 1852 1852 1852 1847 1847 1847 1848 1848 1848 1849 1849 1849 1844 1844 1844 1845 1845 1845 1846 1846 1846 1841 1841 1841 1842 1842 1842 1843 1843 1843 1838 1838 1838 1839 1839 1839 1840 1840 1840 1835 1835 1835 1836 1836 1836 1837 1837 1837 1832 1832 1832 1833 1833 1833 1834 1834 1834 1821 1821 1821 1831 1831 1831 1819 1819 1819 1830 1830 1830 1819 1819 1819 1831 1831 1831 1819 1819 1819 1830 1830 1830 1818 1818 1818 1829 1829 1829 1818 1818 1818 1830 1830 1830 1818 1818 1818 1829 1829 1829 1816 1816 1816 1828 1828 1828 1816 1816 1816 1829 1829 1829 1816 1816 1816 1828 1828 1828 1814 1814 1814 1827 1827 1827 1814 1814 1814 1828 1828 1828 1814 1814 1814 1827 1827 1827 1810 1810 1810 1826 1826 1826 1810 1810 1810 1827 1827 1827 1858 1858 1858 1859 1859 1859 1860 1860 1860 1832 1832 1832 1860 1860 1860 1859 1859 1859 1860 1860 1860 1832 1832 1832 1861 1861 1861 1862 1862 1862 1863 1863 1863 1864 1864 1864 1857 1857 1857 1865 1865 1865 1856 1856 1856 1832 1832 1832 1860 1860 1860 1859 1859 1859 1860 1860 1860 1832 1832 1832 1861 1861 1861 1834 1834 1834 1861 1861 1861 1832 1832 1832 1866 1866 1866 1867 1867 1867 1868 1868 1868 1867 1867 1867 1866 1866 1866 1822 1822 1822 1822 1822 1822 1866 1866 1866 1821 1821 1821 1837 1837 1837 1869 1869 1869 1835 1835 1835 1870 1870 1870 1871 1871 1871 1872 1872 1872 1840 1840 1840 1873 1873 1873 1838 1838 1838 1874 1874 1874 1875 1875 1875 1876 1876 1876 1877 1877 1877 1878 1878 1878 1879 1879 1879 1880 1880 1880 1881 1881 1881 1882 1882 1882 1883 1883 1883 1884 1884 1884 1885 1885 1885 1886 1886 1886 1887 1887 1887 1888 1888 1888 1888 1888 1888 1887 1887 1887 1889 1889 1889 1890 1890 1890 1891 1891 1891 1892 1892 1892 1893 1893 1893 1894 1894 1894 1895 1895 1895 1896 1896 1896 1897 1897 1897 1898 1898 1898 1899 1899 1899 1900 1900 1900 1901 1901 1901 1902 1902 1902 1822 1822 1822 1903 1903 1903 1904 1904 1904 1905 1905 1905 1906 1906 1906 1813 1813 1813 1903 1903 1903 1822 1822 1822 1902 1902 1902 1822 1822 1822 1903 1903 1903 1899 1899 1899 1900 1900 1900 1901 1901 1901 1896 1896 1896 1897 1897 1897 1898 1898 1898 1893 1893 1893 1894 1894 1894 1895 1895 1895 1890 1890 1890 1891 1891 1891 1892 1892 1892 1888 1888 1888 1887 1887 1887 1889 1889 1889 1886 1886 1886 1887 1887 1887 1888 1888 1888 1883 1883 1883 1884 1884 1884 1885 1885 1885 1880 1880 1880 1881 1881 1881 1882 1882 1882 1877 1877 1877 1878 1878 1878 1879 1879 1879 1874 1874 1874 1875 1875 1875 1876 1876 1876 1840 1840 1840 1873 1873 1873 1838 1838 1838 1870 1870 1870 1871 1871 1871 1872 1872 1872 1837 1837 1837 1869 1869 1869 1835 1835 1835 1822 1822 1822 1866 1866 1866 1821 1821 1821 1867 1867 1867 1866 1866 1866 1822 1822 1822 1866 1866 1866 1867 1867 1867 1868 1868 1868 1907 1907 1907 1908 1908 1908 1909 1909 1909 1910 1910 1910 1909 1909 1909 1908 1908 1908 1911 1911 1911 1912 1912 1912 1913 1913 1913 1912 1912 1912 1911 1911 1911 1914 1914 1914 1915 1915 1915 1916 1916 1916 1917 1917 1917 1917 1917 1917 1916 1916 1916 1918 1918 1918 1919 1919 1919 1920 1920 1920 1921 1921 1921 1920 1920 1920 1919 1919 1919 1922 1922 1922 1922 1922 1922 1919 1919 1919 1923 1923 1923 1924 1924 1924 1925 1925 1925 1926 1926 1926 1925 1925 1925 1924 1924 1924 1927 1927 1927 1928 1928 1928 1929 1929 1929 1930 1930 1930 1931 1931 1931 1932 1932 1932 1933 1933 1933 1933 1933 1933 1932 1932 1932 1908 1908 1908 1908 1908 1908 1932 1932 1932 1934 1934 1934 1935 1935 1935 1936 1936 1936 1937 1937 1937 1907 1907 1907 1908 1908 1908 1909 1909 1909 1910 1910 1910 1909 1909 1909 1908 1908 1908 1938 1938 1938 1939 1939 1939 1913 1913 1913 1912 1912 1912 1911 1911 1911 1914 1914 1914 1915 1915 1915 1916 1916 1916 1917 1917 1917 1917 1917 1917 1916 1916 1916 1918 1918 1918 1940 1940 1940 1941 1941 1941 1921 1921 1921 1920 1920 1920 1919 1919 1919 1922 1922 1922 1922 1922 1922 1919 1919 1919 1923 1923 1923 1942 1942 1942 1943 1943 1943 1926 1926 1926 1925 1925 1925 1924 1924 1924 1927 1927 1927 1937 1937 1937 1929 1929 1929 1935 1935 1935 1944 1944 1944 1945 1945 1945 1946 1946 1946 1933 1933 1933 1932 1932 1932 1908 1908 1908 1908 1908 1908 1932 1932 1932 1934 1934 1934 1947 1947 1947 1934 1934 1934 1932 1932 1932 1908 1908 1908 1934 1934 1934 1910 1910 1910 1948 1948 1948 1949 1949 1949 1950 1950 1950 1908 1908 1908 1934 1934 1934 1910 1910 1910 1948 1948 1948 1910 1910 1910 1934 1934 1934 1951 1951 1951 1952 1952 1952 1953 1953 1953 1952 1952 1952 1951 1951 1951 1907 1907 1907 1954 1954 1954 1907 1907 1907 1951 1951 1951 1907 1907 1907 1954 1954 1954 1908 1908 1908 1908 1908 1908 1954 1954 1954 1933 1933 1933 1933 1933 1933 1954 1954 1954 1955 1955 1955 1951 1951 1951 1955 1955 1955 1954 1954 1954 1955 1955 1955 1951 1951 1951 1956 1956 1956 1956 1956 1956 1951 1951 1951 1957 1957 1957 1953 1953 1953 1957 1957 1957 1951 1951 1951 1957 1957 1957 1953 1953 1953 1958 1958 1958 1952 1952 1952 1958 1958 1958 1953 1953 1953 1958 1958 1958 1952 1952 1952 1959 1959 1959 1959 1959 1959 1952 1952 1952 1960 1960 1960 1961 1961 1961 1962 1962 1962 1963 1963 1963 1907 1907 1907 1960 1960 1960 1952 1952 1952 1959 1959 1959 1952 1952 1952 1960 1960 1960 1958 1958 1958 1952 1952 1952 1959 1959 1959 1952 1952 1952 1958 1958 1958 1953 1953 1953 1957 1957 1957 1953 1953 1953 1958 1958 1958 1953 1953 1953 1957 1957 1957 1951 1951 1951 1956 1956 1956 1951 1951 1951 1957 1957 1957 1955 1955 1955 1951 1951 1951 1956 1956 1956 1951 1951 1951 1955 1955 1955 1954 1954 1954 1933 1933 1933 1954 1954 1954 1955 1955 1955 1908 1908 1908 1954 1954 1954 1933 1933 1933 1907 1907 1907 1954 1954 1954 1908 1908 1908 1954 1954 1954 1907 1907 1907 1951 1951 1951 1952 1952 1952 1951 1951 1951 1907 1907 1907 1951 1951 1951 1952 1952 1952 1953 1953 1953 1964 1964 1964 1965 1965 1965 1959 1959 1959 1959 1959 1959 1965 1965 1965 1958 1958 1958 1966 1966 1966 1958 1958 1958 1965 1965 1965 1958 1958 1958 1966 1966 1966 1957 1957 1957 1967 1967 1967 1957 1957 1957 1966 1966 1966 1957 1957 1957 1967 1967 1967 1956 1956 1956 1968 1968 1968 1956 1956 1956 1967 1967 1967 1956 1956 1956 1968 1968 1968 1955 1955 1955 1969 1969 1969 1955 1955 1955 1968 1968 1968 1955 1955 1955 1969 1969 1969 1933 1933 1933 1970 1970 1970 1933 1933 1933 1969 1969 1969 1933 1933 1933 1970 1970 1970 1931 1931 1931 1927 1927 1927 1971 1971 1971 1925 1925 1925 1972 1972 1972 1925 1925 1925 1971 1971 1971 1973 1973 1973 1974 1974 1974 1975 1975 1975 1976 1976 1976 1977 1977 1977 1978 1978 1978 1979 1979 1979 1980 1980 1980 1981 1981 1981 1982 1982 1982 1981 1981 1981 1980 1980 1980 1964 1964 1964 1965 1965 1965 1959 1959 1959 1959 1959 1959 1965 1965 1965 1958 1958 1958 1966 1966 1966 1958 1958 1958 1965 1965 1965 1958 1958 1958 1966 1966 1966 1957 1957 1957 1967 1967 1967 1957 1957 1957 1966 1966 1966 1957 1957 1957 1967 1967 1967 1956 1956 1956 1968 1968 1968 1956 1956 1956 1967 1967 1967 1956 1956 1956 1968 1968 1968 1955 1955 1955 1969 1969 1969 1955 1955 1955 1968 1968 1968 1955 1955 1955 1969 1969 1969 1933 1933 1933 1970 1970 1970 1933 1933 1933 1969 1969 1969 1933 1933 1933 1970 1970 1970 1931 1931 1931 1927 1927 1927 1971 1971 1971 1925 1925 1925 1972 1972 1972 1925 1925 1925 1971 1971 1971 1973 1973 1973 1974 1974 1974 1975 1975 1975 1976 1976 1976 1977 1977 1977 1978 1978 1978 1979 1979 1979 1983 1983 1983 1984 1984 1984 1982 1982 1982 1981 1981 1981 1980 1980 1980 1855 1855 1855 1985 1985 1985 1968 1968 1968 1968 1968 1968 1985 1985 1985 1969 1969 1969 1986 1986 1986 1969 1969 1969 1985 1985 1985 1987 1987 1987 1988 1988 1988 1989 1989 1989 1990 1990 1990 1991 1991 1991 1992 1992 1992 1968 1968 1968 1985 1985 1985 1969 1969 1969 1986 1986 1986 1969 1969 1969 1985 1985 1985 1969 1969 1969 1986 1986 1986 1970 1970 1970 1993 1993 1993 1994 1994 1994 1995 1995 1995 1996 1996 1996 1995 1995 1995 1994 1994 1994 1993 1993 1993 1994 1994 1994 1995 1995 1995 1996 1996 1996 1995 1995 1995 1994 1994 1994 1993 1993 1993 1995 1995 1995 1997 1997 1997 1998 1998 1998 1997 1997 1997 1995 1995 1995 1997 1997 1997 1998 1998 1998 1999 1999 1999 2000 2000 2000 1999 1999 1999 1998 1998 1998 1999 1999 1999 2000 2000 2000 2001 2001 2001 2001 2001 2001 2000 2000 2000 2002 2002 2002 2003 2003 2003 2002 2002 2002 2000 2000 2000 2002 2002 2002 2003 2003 2003 2004 2004 2004 2004 2004 2004 2003 2003 2003 2005 2005 2005 2005 2005 2005 2003 2003 2003 1996 1996 1996 2000 2000 2000 1996 1996 1996 2003 2003 2003 1996 1996 1996 2000 2000 2000 1995 1995 1995 2006 2006 2006 2007 2007 2007 2008 2008 2008 1993 1993 1993 1995 1995 1995 1997 1997 1997 1998 1998 1998 1997 1997 1997 1995 1995 1995 1997 1997 1997 1998 1998 1998 1999 1999 1999 2000 2000 2000 1999 1999 1999 1998 1998 1998 1999 1999 1999 2000 2000 2000 2001 2001 2001 2001 2001 2001 2000 2000 2000 2002 2002 2002 2003 2003 2003 2002 2002 2002 2000 2000 2000 2002 2002 2002 2003 2003 2003 2004 2004 2004 2004 2004 2004 2003 2003 2003 2005 2005 2005 2005 2005 2005 2003 2003 2003 1996 1996 1996 2000 2000 2000 1996 1996 1996 2003 2003 2003 1996 1996 1996 2000 2000 2000 1995 1995 1995 1998 1998 1998 1995 1995 1995 2000 2000 2000 2009 2009 2009 1993 1993 1993 2010 2010 2010 1997 1997 1997 2010 2010 2010 1993 1993 1993 2010 2010 2010 1997 1997 1997 2011 2011 2011 1999 1999 1999 2011 2011 2011 1997 1997 1997 2011 2011 2011 1999 1999 1999 2012 2012 2012 2001 2001 2001 2012 2012 2012 1999 1999 1999 2012 2012 2012 2001 2001 2001 2013 2013 2013 2002 2002 2002 2013 2013 2013 2001 2001 2001 2013 2013 2013 2002 2002 2002 2014 2014 2014 2004 2004 2004 2014 2014 2014 2002 2002 2002 2015 2015 2015 2016 2016 2016 2017 2017 2017 2018 2018 2018 2019 2019 2019 2020 2020 2020 2021 2021 2021 2022 2022 2022 2023 2023 2023 2024 2024 2024 2025 2025 2025 2026 2026 2026 2027 2027 2027 2028 2028 2028 2029 2029 2029 2030 2030 2030 2031 2031 2031 2032 2032 2032 2033 2033 2033 2034 2034 2034 2035 2035 2035 2036 2036 2036 2037 2037 2037 2038 2038 2038 2039 2039 2039 2037 2037 2037 2040 2040 2040 2033 2033 2033 2034 2034 2034 2035 2035 2035 2030 2030 2030 2031 2031 2031 2032 2032 2032 2027 2027 2027 2028 2028 2028 2029 2029 2029 2024 2024 2024 2025 2025 2025 2026 2026 2026 2021 2021 2021 2022 2022 2022 2023 2023 2023 2018 2018 2018 2019 2019 2019 2020 2020 2020 2015 2015 2015 2016 2016 2016 2017 2017 2017 2004 2004 2004 2014 2014 2014 2002 2002 2002 2013 2013 2013 2002 2002 2002 2014 2014 2014 2002 2002 2002 2013 2013 2013 2001 2001 2001 2012 2012 2012 2001 2001 2001 2013 2013 2013 2001 2001 2001 2012 2012 2012 1999 1999 1999 2011 2011 2011 1999 1999 1999 2012 2012 2012 1999 1999 1999 2011 2011 2011 1997 1997 1997 2010 2010 2010 1997 1997 1997 2011 2011 2011 1997 1997 1997 2010 2010 2010 1993 1993 1993 2009 2009 2009 1993 1993 1993 2010 2010 2010 2041 2041 2041 2042 2042 2042 2043 2043 2043 2015 2015 2015 2043 2043 2043 2042 2042 2042 2043 2043 2043 2015 2015 2015 2044 2044 2044 2045 2045 2045 2046 2046 2046 2047 2047 2047 2040 2040 2040 2048 2048 2048 2039 2039 2039 2015 2015 2015 2043 2043 2043 2042 2042 2042 2043 2043 2043 2015 2015 2015 2044 2044 2044 2017 2017 2017 2044 2044 2044 2015 2015 2015 2049 2049 2049 2050 2050 2050 2051 2051 2051 2050 2050 2050 2049 2049 2049 2005 2005 2005 2005 2005 2005 2049 2049 2049 2004 2004 2004 2020 2020 2020 2052 2052 2052 2018 2018 2018 2053 2053 2053 2054 2054 2054 2055 2055 2055 2023 2023 2023 2056 2056 2056 2021 2021 2021 2057 2057 2057 2058 2058 2058 2059 2059 2059 2060 2060 2060 2061 2061 2061 2062 2062 2062 2063 2063 2063 2064 2064 2064 2065 2065 2065 2066 2066 2066 2067 2067 2067 2068 2068 2068 2069 2069 2069 2070 2070 2070 2071 2071 2071 2071 2071 2071 2070 2070 2070 2072 2072 2072 2073 2073 2073 2074 2074 2074 2075 2075 2075 2076 2076 2076 2077 2077 2077 2078 2078 2078 2079 2079 2079 2080 2080 2080 2081 2081 2081 2082 2082 2082 2083 2083 2083 2084 2084 2084 2085 2085 2085 2005 2005 2005 2086 2086 2086 2087 2087 2087 2088 2088 2088 2089 2089 2089 1996 1996 1996 2086 2086 2086 2005 2005 2005 2085 2085 2085 2005 2005 2005 2086 2086 2086 2082 2082 2082 2083 2083 2083 2084 2084 2084 2079 2079 2079 2080 2080 2080 2081 2081 2081 2076 2076 2076 2077 2077 2077 2078 2078 2078 2073 2073 2073 2074 2074 2074 2075 2075 2075 2071 2071 2071 2070 2070 2070 2072 2072 2072 2069 2069 2069 2070 2070 2070 2071 2071 2071 2066 2066 2066 2067 2067 2067 2068 2068 2068 2063 2063 2063 2064 2064 2064 2065 2065 2065 2060 2060 2060 2061 2061 2061 2062 2062 2062 2057 2057 2057 2058 2058 2058 2059 2059 2059 2023 2023 2023 2056 2056 2056 2021 2021 2021 2053 2053 2053 2054 2054 2054 2055 2055 2055 2020 2020 2020 2052 2052 2052 2018 2018 2018 2005 2005 2005 2049 2049 2049 2004 2004 2004 2050 2050 2050 2049 2049 2049 2005 2005 2005 2049 2049 2049 2050 2050 2050 2051 2051 2051 2090 2090 2090 2091 2091 2091 2092 2092 2092 2093 2093 2093 2092 2092 2092 2091 2091 2091 2094 2094 2094 2095 2095 2095 2096 2096 2096 2095 2095 2095 2094 2094 2094 2097 2097 2097 2098 2098 2098 2099 2099 2099 2100 2100 2100 2100 2100 2100 2099 2099 2099 2101 2101 2101 2102 2102 2102 2103 2103 2103 2104 2104 2104 2103 2103 2103 2102 2102 2102 2105 2105 2105 2105 2105 2105 2102 2102 2102 2106 2106 2106 2107 2107 2107 2108 2108 2108 2109 2109 2109 2108 2108 2108 2107 2107 2107 2110 2110 2110 2111 2111 2111 2112 2112 2112 2113 2113 2113 2114 2114 2114 2115 2115 2115 2116 2116 2116 2116 2116 2116 2115 2115 2115 2091 2091 2091 2091 2091 2091 2115 2115 2115 2117 2117 2117 2118 2118 2118 2119 2119 2119 2120 2120 2120 2090 2090 2090 2091 2091 2091 2092 2092 2092 2093 2093 2093 2092 2092 2092 2091 2091 2091 2121 2121 2121 2122 2122 2122 2096 2096 2096 2095 2095 2095 2094 2094 2094 2097 2097 2097 2098 2098 2098 2099 2099 2099 2100 2100 2100 2100 2100 2100 2099 2099 2099 2101 2101 2101 2123 2123 2123 2124 2124 2124 2104 2104 2104 2103 2103 2103 2102 2102 2102 2105 2105 2105 2105 2105 2105 2102 2102 2102 2106 2106 2106 2125 2125 2125 2126 2126 2126 2109 2109 2109 2108 2108 2108 2107 2107 2107 2110 2110 2110 2120 2120 2120 2112 2112 2112 2118 2118 2118 2127 2127 2127 2128 2128 2128 2129 2129 2129 2116 2116 2116 2115 2115 2115 2091 2091 2091 2091 2091 2091 2115 2115 2115 2117 2117 2117 2130 2130 2130 2117 2117 2117 2115 2115 2115 2091 2091 2091 2117 2117 2117 2093 2093 2093 2131 2131 2131 2132 2132 2132 2133 2133 2133 2091 2091 2091 2117 2117 2117 2093 2093 2093 2131 2131 2131 2093 2093 2093 2117 2117 2117 2134 2134 2134 2135 2135 2135 2136 2136 2136 2135 2135 2135 2134 2134 2134 2090 2090 2090 2137 2137 2137 2090 2090 2090 2134 2134 2134 2090 2090 2090 2137 2137 2137 2091 2091 2091 2091 2091 2091 2137 2137 2137 2116 2116 2116 2116 2116 2116 2137 2137 2137 2138 2138 2138 2134 2134 2134 2138 2138 2138 2137 2137 2137 2138 2138 2138 2134 2134 2134 2139 2139 2139 2139 2139 2139 2134 2134 2134 2140 2140 2140 2136 2136 2136 2140 2140 2140 2134 2134 2134 2140 2140 2140 2136 2136 2136 2141 2141 2141 2135 2135 2135 2141 2141 2141 2136 2136 2136 2141 2141 2141 2135 2135 2135 2142 2142 2142 2142 2142 2142 2135 2135 2135 2143 2143 2143 2144 2144 2144 2145 2145 2145 2146 2146 2146 2090 2090 2090 2143 2143 2143 2135 2135 2135 2142 2142 2142 2135 2135 2135 2143 2143 2143 2141 2141 2141 2135 2135 2135 2142 2142 2142 2135 2135 2135 2141 2141 2141 2136 2136 2136 2140 2140 2140 2136 2136 2136 2141 2141 2141 2136 2136 2136 2140 2140 2140 2134 2134 2134 2139 2139 2139 2134 2134 2134 2140 2140 2140 2138 2138 2138 2134 2134 2134 2139 2139 2139 2134 2134 2134 2138 2138 2138 2137 2137 2137 2116 2116 2116 2137 2137 2137 2138 2138 2138 2091 2091 2091 2137 2137 2137 2116 2116 2116 2090 2090 2090 2137 2137 2137 2091 2091 2091 2137 2137 2137 2090 2090 2090 2134 2134 2134 2135 2135 2135 2134 2134 2134 2090 2090 2090 2134 2134 2134 2135 2135 2135 2136 2136 2136 2147 2147 2147 2148 2148 2148 2142 2142 2142 2142 2142 2142 2148 2148 2148 2141 2141 2141 2149 2149 2149 2141 2141 2141 2148 2148 2148 2141 2141 2141 2149 2149 2149 2140 2140 2140 2150 2150 2150 2140 2140 2140 2149 2149 2149 2140 2140 2140 2150 2150 2150 2139 2139 2139 2151 2151 2151 2139 2139 2139 2150 2150 2150 2139 2139 2139 2151 2151 2151 2138 2138 2138 2152 2152 2152 2138 2138 2138 2151 2151 2151 2138 2138 2138 2152 2152 2152 2116 2116 2116 2153 2153 2153 2116 2116 2116 2152 2152 2152 2116 2116 2116 2153 2153 2153 2114 2114 2114 2110 2110 2110 2154 2154 2154 2108 2108 2108 2155 2155 2155 2108 2108 2108 2154 2154 2154 2156 2156 2156 2157 2157 2157 2158 2158 2158 2159 2159 2159 2160 2160 2160 2161 2161 2161 2162 2162 2162 2163 2163 2163 2164 2164 2164 2165 2165 2165 2164 2164 2164 2163 2163 2163 2147 2147 2147 2148 2148 2148 2142 2142 2142 2142 2142 2142 2148 2148 2148 2141 2141 2141 2149 2149 2149 2141 2141 2141 2148 2148 2148 2141 2141 2141 2149 2149 2149 2140 2140 2140 2150 2150 2150 2140 2140 2140 2149 2149 2149 2140 2140 2140 2150 2150 2150 2139 2139 2139 2151 2151 2151 2139 2139 2139 2150 2150 2150 2139 2139 2139 2151 2151 2151 2138 2138 2138 2152 2152 2152 2138 2138 2138 2151 2151 2151 2138 2138 2138 2152 2152 2152 2116 2116 2116 2153 2153 2153 2116 2116 2116 2152 2152 2152 2116 2116 2116 2153 2153 2153 2114 2114 2114 2110 2110 2110 2154 2154 2154 2108 2108 2108 2155 2155 2155 2108 2108 2108 2154 2154 2154 2156 2156 2156 2157 2157 2157 2158 2158 2158 2159 2159 2159 2160 2160 2160 2161 2161 2161 2162 2162 2162 2166 2166 2166 2167 2167 2167 2165 2165 2165 2164 2164 2164 2163 2163 2163 2038 2038 2038 2168 2168 2168 2151 2151 2151 2151 2151 2151 2168 2168 2168 2152 2152 2152 2169 2169 2169 2152 2152 2152 2168 2168 2168 2170 2170 2170 2171 2171 2171 2172 2172 2172 2173 2173 2173 2174 2174 2174 2175 2175 2175 2151 2151 2151 2168 2168 2168 2152 2152 2152 2169 2169 2169 2152 2152 2152 2168 2168 2168 2152 2152 2152 2169 2169 2169 2153 2153 2153 2176 2176 2176 2177 2177 2177 2178 2178 2178 2179 2179 2179 2178 2178 2178 2177 2177 2177 2176 2176 2176 2177 2177 2177 2178 2178 2178 2179 2179 2179 2178 2178 2178 2177 2177 2177 2176 2176 2176 2178 2178 2178 2180 2180 2180 2181 2181 2181 2180 2180 2180 2178 2178 2178 2180 2180 2180 2181 2181 2181 2182 2182 2182 2183 2183 2183 2182 2182 2182 2181 2181 2181 2182 2182 2182 2183 2183 2183 2184 2184 2184 2184 2184 2184 2183 2183 2183 2185 2185 2185 2186 2186 2186 2185 2185 2185 2183 2183 2183 2185 2185 2185 2186 2186 2186 2187 2187 2187 2187 2187 2187 2186 2186 2186 2188 2188 2188 2188 2188 2188 2186 2186 2186 2179 2179 2179 2183 2183 2183 2179 2179 2179 2186 2186 2186 2179 2179 2179 2183 2183 2183 2178 2178 2178 2189 2189 2189 2190 2190 2190 2191 2191 2191 2176 2176 2176 2178 2178 2178 2180 2180 2180 2181 2181 2181 2180 2180 2180 2178 2178 2178 2180 2180 2180 2181 2181 2181 2182 2182 2182 2183 2183 2183 2182 2182 2182 2181 2181 2181 2182 2182 2182 2183 2183 2183 2184 2184 2184 2184 2184 2184 2183 2183 2183 2185 2185 2185 2186 2186 2186 2185 2185 2185 2183 2183 2183 2185 2185 2185 2186 2186 2186 2187 2187 2187 2187 2187 2187 2186 2186 2186 2188 2188 2188 2188 2188 2188 2186 2186 2186 2179 2179 2179 2183 2183 2183 2179 2179 2179 2186 2186 2186 2179 2179 2179 2183 2183 2183 2178 2178 2178 2181 2181 2181 2178 2178 2178 2183 2183 2183 2192 2192 2192 2176 2176 2176 2193 2193 2193 2180 2180 2180 2193 2193 2193 2176 2176 2176 2193 2193 2193 2180 2180 2180 2194 2194 2194 2182 2182 2182 2194 2194 2194 2180 2180 2180 2194 2194 2194 2182 2182 2182 2195 2195 2195 2184 2184 2184 2195 2195 2195 2182 2182 2182 2195 2195 2195 2184 2184 2184 2196 2196 2196 2185 2185 2185 2196 2196 2196 2184 2184 2184 2196 2196 2196 2185 2185 2185 2197 2197 2197 2187 2187 2187 2197 2197 2197 2185 2185 2185 2198 2198 2198 2199 2199 2199 2200 2200 2200 2201 2201 2201 2202 2202 2202 2203 2203 2203 2204 2204 2204 2205 2205 2205 2206 2206 2206 2207 2207 2207 2208 2208 2208 2209 2209 2209 2210 2210 2210 2211 2211 2211 2212 2212 2212 2213 2213 2213 2214 2214 2214 2215 2215 2215 2216 2216 2216 2217 2217 2217 2218 2218 2218 2219 2219 2219 2220 2220 2220 2221 2221 2221 2222 2222 2222 2220 2220 2220 2223 2223 2223 2216 2216 2216 2217 2217 2217 2218 2218 2218 2213 2213 2213 2214 2214 2214 2215 2215 2215 2210 2210 2210 2211 2211 2211 2212 2212 2212 2207 2207 2207 2208 2208 2208 2209 2209 2209 2204 2204 2204 2205 2205 2205 2206 2206 2206 2201 2201 2201 2202 2202 2202 2203 2203 2203 2198 2198 2198 2199 2199 2199 2200 2200 2200 2187 2187 2187 2197 2197 2197 2185 2185 2185 2196 2196 2196 2185 2185 2185 2197 2197 2197 2185 2185 2185 2196 2196 2196 2184 2184 2184 2195 2195 2195 2184 2184 2184 2196 2196 2196 2184 2184 2184 2195 2195 2195 2182 2182 2182 2194 2194 2194 2182 2182 2182 2195 2195 2195 2182 2182 2182 2194 2194 2194 2180 2180 2180 2193 2193 2193 2180 2180 2180 2194 2194 2194 2180 2180 2180 2193 2193 2193 2176 2176 2176 2192 2192 2192 2176 2176 2176 2193 2193 2193 2224 2224 2224 2225 2225 2225 2226 2226 2226 2198 2198 2198 2226 2226 2226 2225 2225 2225 2226 2226 2226 2198 2198 2198 2227 2227 2227 2228 2228 2228 2229 2229 2229 2230 2230 2230 2223 2223 2223 2231 2231 2231 2222 2222 2222 2198 2198 2198 2226 2226 2226 2225 2225 2225 2226 2226 2226 2198 2198 2198 2227 2227 2227 2200 2200 2200 2227 2227 2227 2198 2198 2198 2232 2232 2232 2233 2233 2233 2234 2234 2234 2233 2233 2233 2232 2232 2232 2188 2188 2188 2188 2188 2188 2232 2232 2232 2187 2187 2187 2203 2203 2203 2235 2235 2235 2201 2201 2201 2236 2236 2236 2237 2237 2237 2238 2238 2238 2206 2206 2206 2239 2239 2239 2204 2204 2204 2240 2240 2240 2241 2241 2241 2242 2242 2242 2243 2243 2243 2244 2244 2244 2245 2245 2245 2246 2246 2246 2247 2247 2247 2248 2248 2248 2249 2249 2249 2250 2250 2250 2251 2251 2251 2252 2252 2252 2253 2253 2253 2254 2254 2254 2254 2254 2254 2253 2253 2253 2255 2255 2255 2256 2256 2256 2257 2257 2257 2258 2258 2258 2259 2259 2259 2260 2260 2260 2261 2261 2261 2262 2262 2262 2263 2263 2263 2264 2264 2264 2265 2265 2265 2266 2266 2266 2267 2267 2267 2268 2268 2268 2188 2188 2188 2269 2269 2269 2270 2270 2270 2271 2271 2271 2272 2272 2272 2179 2179 2179 2269 2269 2269 2188 2188 2188 2268 2268 2268 2188 2188 2188 2269 2269 2269 2265 2265 2265 2266 2266 2266 2267 2267 2267 2262 2262 2262 2263 2263 2263 2264 2264 2264 2259 2259 2259 2260 2260 2260 2261 2261 2261 2256 2256 2256 2257 2257 2257 2258 2258 2258 2254 2254 2254 2253 2253 2253 2255 2255 2255 2252 2252 2252 2253 2253 2253 2254 2254 2254 2249 2249 2249 2250 2250 2250 2251 2251 2251 2246 2246 2246 2247 2247 2247 2248 2248 2248 2243 2243 2243 2244 2244 2244 2245 2245 2245 2240 2240 2240 2241 2241 2241 2242 2242 2242 2206 2206 2206 2239 2239 2239 2204 2204 2204 2236 2236 2236 2237 2237 2237 2238 2238 2238 2203 2203 2203 2235 2235 2235 2201 2201 2201 2188 2188 2188 2232 2232 2232 2187 2187 2187 2233 2233 2233 2232 2232 2232 2188 2188 2188 2232 2232 2232 2233 2233 2233 2234 2234 2234 2273 2273 2273 2274 2274 2274 2275 2275 2275 2276 2276 2276 2275 2275 2275 2274 2274 2274 2277 2277 2277 2278 2278 2278 2279 2279 2279 2278 2278 2278 2277 2277 2277 2280 2280 2280 2281 2281 2281 2282 2282 2282 2283 2283 2283 2283 2283 2283 2282 2282 2282 2284 2284 2284 2285 2285 2285 2286 2286 2286 2287 2287 2287 2286 2286 2286 2285 2285 2285 2288 2288 2288 2288 2288 2288 2285 2285 2285 2289 2289 2289 2290 2290 2290 2291 2291 2291 2292 2292 2292 2291 2291 2291 2290 2290 2290 2293 2293 2293 2294 2294 2294 2295 2295 2295 2296 2296 2296 2297 2297 2297 2298 2298 2298 2299 2299 2299 2299 2299 2299 2298 2298 2298 2274 2274 2274 2274 2274 2274 2298 2298 2298 2300 2300 2300 2301 2301 2301 2302 2302 2302 2303 2303 2303 2273 2273 2273 2274 2274 2274 2275 2275 2275 2276 2276 2276 2275 2275 2275 2274 2274 2274 2304 2304 2304 2305 2305 2305 2279 2279 2279 2278 2278 2278 2277 2277 2277 2280 2280 2280 2281 2281 2281 2282 2282 2282 2283 2283 2283 2283 2283 2283 2282 2282 2282 2284 2284 2284 2306 2306 2306 2307 2307 2307 2287 2287 2287 2286 2286 2286 2285 2285 2285 2288 2288 2288 2288 2288 2288 2285 2285 2285 2289 2289 2289 2308 2308 2308 2309 2309 2309 2292 2292 2292 2291 2291 2291 2290 2290 2290 2293 2293 2293 2303 2303 2303 2295 2295 2295 2301 2301 2301 2310 2310 2310 2311 2311 2311 2312 2312 2312 2299 2299 2299 2298 2298 2298 2274 2274 2274 2274 2274 2274 2298 2298 2298 2300 2300 2300 2313 2313 2313 2300 2300 2300 2298 2298 2298 2274 2274 2274 2300 2300 2300 2276 2276 2276 2314 2314 2314 2315 2315 2315 2316 2316 2316 2274 2274 2274 2300 2300 2300 2276 2276 2276 2314 2314 2314 2276 2276 2276 2300 2300 2300 2317 2317 2317 2318 2318 2318 2319 2319 2319 2318 2318 2318 2317 2317 2317 2273 2273 2273 2320 2320 2320 2273 2273 2273 2317 2317 2317 2273 2273 2273 2320 2320 2320 2274 2274 2274 2274 2274 2274 2320 2320 2320 2299 2299 2299 2299 2299 2299 2320 2320 2320 2321 2321 2321 2317 2317 2317 2321 2321 2321 2320 2320 2320 2321 2321 2321 2317 2317 2317 2322 2322 2322 2322 2322 2322 2317 2317 2317 2323 2323 2323 2319 2319 2319 2323 2323 2323 2317 2317 2317 2323 2323 2323 2319 2319 2319 2324 2324 2324 2318 2318 2318 2324 2324 2324 2319 2319 2319 2324 2324 2324 2318 2318 2318 2325 2325 2325 2325 2325 2325 2318 2318 2318 2326 2326 2326 2327 2327 2327 2328 2328 2328 2329 2329 2329 2273 2273 2273 2326 2326 2326 2318 2318 2318 2325 2325 2325 2318 2318 2318 2326 2326 2326 2324 2324 2324 2318 2318 2318 2325 2325 2325 2318 2318 2318 2324 2324 2324 2319 2319 2319 2323 2323 2323 2319 2319 2319 2324 2324 2324 2319 2319 2319 2323 2323 2323 2317 2317 2317 2322 2322 2322 2317 2317 2317 2323 2323 2323 2321 2321 2321 2317 2317 2317 2322 2322 2322 2317 2317 2317 2321 2321 2321 2320 2320 2320 2299 2299 2299 2320 2320 2320 2321 2321 2321 2274 2274 2274 2320 2320 2320 2299 2299 2299 2273 2273 2273 2320 2320 2320 2274 2274 2274 2320 2320 2320 2273 2273 2273 2317 2317 2317 2318 2318 2318 2317 2317 2317 2273 2273 2273 2317 2317 2317 2318 2318 2318 2319 2319 2319 2330 2330 2330 2331 2331 2331 2325 2325 2325 2325 2325 2325 2331 2331 2331 2324 2324 2324 2332 2332 2332 2324 2324 2324 2331 2331 2331 2324 2324 2324 2332 2332 2332 2323 2323 2323 2333 2333 2333 2323 2323 2323 2332 2332 2332 2323 2323 2323 2333 2333 2333 2322 2322 2322 2334 2334 2334 2322 2322 2322 2333 2333 2333 2322 2322 2322 2334 2334 2334 2321 2321 2321 2335 2335 2335 2321 2321 2321 2334 2334 2334 2321 2321 2321 2335 2335 2335 2299 2299 2299 2336 2336 2336 2299 2299 2299 2335 2335 2335 2299 2299 2299 2336 2336 2336 2297 2297 2297 2293 2293 2293 2337 2337 2337 2291 2291 2291 2338 2338 2338 2291 2291 2291 2337 2337 2337 2339 2339 2339 2340 2340 2340 2341 2341 2341 2342 2342 2342 2343 2343 2343 2344 2344 2344 2345 2345 2345 2346 2346 2346 2347 2347 2347 2348 2348 2348 2347 2347 2347 2346 2346 2346 2330 2330 2330 2331 2331 2331 2325 2325 2325 2325 2325 2325 2331 2331 2331 2324 2324 2324 2332 2332 2332 2324 2324 2324 2331 2331 2331 2324 2324 2324 2332 2332 2332 2323 2323 2323 2333 2333 2333 2323 2323 2323 2332 2332 2332 2323 2323 2323 2333 2333 2333 2322 2322 2322 2334 2334 2334 2322 2322 2322 2333 2333 2333 2322 2322 2322 2334 2334 2334 2321 2321 2321 2335 2335 2335 2321 2321 2321 2334 2334 2334 2321 2321 2321 2335 2335 2335 2299 2299 2299 2336 2336 2336 2299 2299 2299 2335 2335 2335 2299 2299 2299 2336 2336 2336 2297 2297 2297 2293 2293 2293 2337 2337 2337 2291 2291 2291 2338 2338 2338 2291 2291 2291 2337 2337 2337 2339 2339 2339 2340 2340 2340 2341 2341 2341 2342 2342 2342 2343 2343 2343 2344 2344 2344 2345 2345 2345 2349 2349 2349 2350 2350 2350 2348 2348 2348 2347 2347 2347 2346 2346 2346 2221 2221 2221 2351 2351 2351 2334 2334 2334 2334 2334 2334 2351 2351 2351 2335 2335 2335 2352 2352 2352 2335 2335 2335 2351 2351 2351 2353 2353 2353 2354 2354 2354 2355 2355 2355 2356 2356 2356 2357 2357 2357 2358 2358 2358 2334 2334 2334 2351 2351 2351 2335 2335 2335 2352 2352 2352 2335 2335 2335 2351 2351 2351 2335 2335 2335 2352 2352 2352 2336 2336 2336 2359 2359 2359 2360 2360 2360 2361 2361 2361 2362 2362 2362 2361 2361 2361 2360 2360 2360 2359 2359 2359 2360 2360 2360 2361 2361 2361 2362 2362 2362 2361 2361 2361 2360 2360 2360 2359 2359 2359 2361 2361 2361 2363 2363 2363 2364 2364 2364 2363 2363 2363 2361 2361 2361 2363 2363 2363 2364 2364 2364 2365 2365 2365 2366 2366 2366 2365 2365 2365 2364 2364 2364 2365 2365 2365 2366 2366 2366 2367 2367 2367 2367 2367 2367 2366 2366 2366 2368 2368 2368 2369 2369 2369 2368 2368 2368 2366 2366 2366 2368 2368 2368 2369 2369 2369 2370 2370 2370 2370 2370 2370 2369 2369 2369 2371 2371 2371 2371 2371 2371 2369 2369 2369 2362 2362 2362 2366 2366 2366 2362 2362 2362 2369 2369 2369 2362 2362 2362 2366 2366 2366 2361 2361 2361 2372 2372 2372 2373 2373 2373 2374 2374 2374 2359 2359 2359 2361 2361 2361 2363 2363 2363 2364 2364 2364 2363 2363 2363 2361 2361 2361 2363 2363 2363 2364 2364 2364 2365 2365 2365 2366 2366 2366 2365 2365 2365 2364 2364 2364 2365 2365 2365 2366 2366 2366 2367 2367 2367 2367 2367 2367 2366 2366 2366 2368 2368 2368 2369 2369 2369 2368 2368 2368 2366 2366 2366 2368 2368 2368 2369 2369 2369 2370 2370 2370 2370 2370 2370 2369 2369 2369 2371 2371 2371 2371 2371 2371 2369 2369 2369 2362 2362 2362 2366 2366 2366 2362 2362 2362 2369 2369 2369 2362 2362 2362 2366 2366 2366 2361 2361 2361 2364 2364 2364 2361 2361 2361 2366 2366 2366 2375 2375 2375 2359 2359 2359 2376 2376 2376 2363 2363 2363 2376 2376 2376 2359 2359 2359 2376 2376 2376 2363 2363 2363 2377 2377 2377 2365 2365 2365 2377 2377 2377 2363 2363 2363 2377 2377 2377 2365 2365 2365 2378 2378 2378 2367 2367 2367 2378 2378 2378 2365 2365 2365 2378 2378 2378 2367 2367 2367 2379 2379 2379 2368 2368 2368 2379 2379 2379 2367 2367 2367 2379 2379 2379 2368 2368 2368 2380 2380 2380 2370 2370 2370 2380 2380 2380 2368 2368 2368 2381 2381 2381 2382 2382 2382 2383 2383 2383 2384 2384 2384 2385 2385 2385 2386 2386 2386 2387 2387 2387 2388 2388 2388 2389 2389 2389 2390 2390 2390 2391 2391 2391 2392 2392 2392 2393 2393 2393 2394 2394 2394 2395 2395 2395 2396 2396 2396 2397 2397 2397 2398 2398 2398 2399 2399 2399 2400 2400 2400 2401 2401 2401 2402 2402 2402 2403 2403 2403 2404 2404 2404 2405 2405 2405 2403 2403 2403 2406 2406 2406 2399 2399 2399 2400 2400 2400 2401 2401 2401 2396 2396 2396 2397 2397 2397 2398 2398 2398 2393 2393 2393 2394 2394 2394 2395 2395 2395 2390 2390 2390 2391 2391 2391 2392 2392 2392 2387 2387 2387 2388 2388 2388 2389 2389 2389 2384 2384 2384 2385 2385 2385 2386 2386 2386 2381 2381 2381 2382 2382 2382 2383 2383 2383 2370 2370 2370 2380 2380 2380 2368 2368 2368 2379 2379 2379 2368 2368 2368 2380 2380 2380 2368 2368 2368 2379 2379 2379 2367 2367 2367 2378 2378 2378 2367 2367 2367 2379 2379 2379 2367 2367 2367 2378 2378 2378 2365 2365 2365 2377 2377 2377 2365 2365 2365 2378 2378 2378 2365 2365 2365 2377 2377 2377 2363 2363 2363 2376 2376 2376 2363 2363 2363 2377 2377 2377 2363 2363 2363 2376 2376 2376 2359 2359 2359 2375 2375 2375 2359 2359 2359 2376 2376 2376 2407 2407 2407 2408 2408 2408 2409 2409 2409 2381 2381 2381 2409 2409 2409 2408 2408 2408 2409 2409 2409 2381 2381 2381 2410 2410 2410 2411 2411 2411 2412 2412 2412 2413 2413 2413 2406 2406 2406 2414 2414 2414 2405 2405 2405 2381 2381 2381 2409 2409 2409 2408 2408 2408 2409 2409 2409 2381 2381 2381 2410 2410 2410 2383 2383 2383 2410 2410 2410 2381 2381 2381 2415 2415 2415 2416 2416 2416 2417 2417 2417 2416 2416 2416 2415 2415 2415 2371 2371 2371 2371 2371 2371 2415 2415 2415 2370 2370 2370 2386 2386 2386 2418 2418 2418 2384 2384 2384 2419 2419 2419 2420 2420 2420 2421 2421 2421 2389 2389 2389 2422 2422 2422 2387 2387 2387 2423 2423 2423 2424 2424 2424 2425 2425 2425 2426 2426 2426 2427 2427 2427 2428 2428 2428 2429 2429 2429 2430 2430 2430 2431 2431 2431 2432 2432 2432 2433 2433 2433 2434 2434 2434 2435 2435 2435 2436 2436 2436 2437 2437 2437 2437 2437 2437 2436 2436 2436 2438 2438 2438 2439 2439 2439 2440 2440 2440 2441 2441 2441 2442 2442 2442 2443 2443 2443 2444 2444 2444 2445 2445 2445 2446 2446 2446 2447 2447 2447 2448 2448 2448 2449 2449 2449 2450 2450 2450 2451 2451 2451 2371 2371 2371 2452 2452 2452 2453 2453 2453 2454 2454 2454 2455 2455 2455 2362 2362 2362 2452 2452 2452 2371 2371 2371 2451 2451 2451 2371 2371 2371 2452 2452 2452 2448 2448 2448 2449 2449 2449 2450 2450 2450 2445 2445 2445 2446 2446 2446 2447 2447 2447 2442 2442 2442 2443 2443 2443 2444 2444 2444 2439 2439 2439 2440 2440 2440 2441 2441 2441 2437 2437 2437 2436 2436 2436 2438 2438 2438 2435 2435 2435 2436 2436 2436 2437 2437 2437 2432 2432 2432 2433 2433 2433 2434 2434 2434 2429 2429 2429 2430 2430 2430 2431 2431 2431 2426 2426 2426 2427 2427 2427 2428 2428 2428 2423 2423 2423 2424 2424 2424 2425 2425 2425 2389 2389 2389 2422 2422 2422 2387 2387 2387 2419 2419 2419 2420 2420 2420 2421 2421 2421 2386 2386 2386 2418 2418 2418 2384 2384 2384 2371 2371 2371 2415 2415 2415 2370 2370 2370 2416 2416 2416 2415 2415 2415 2371 2371 2371 2415 2415 2415 2416 2416 2416 2417 2417 2417 2456 2456 2456 2457 2457 2457 2458 2458 2458 2459 2459 2459 2458 2458 2458 2457 2457 2457 2460 2460 2460 2461 2461 2461 2462 2462 2462 2461 2461 2461 2460 2460 2460 2463 2463 2463 2464 2464 2464 2465 2465 2465 2466 2466 2466 2466 2466 2466 2465 2465 2465 2467 2467 2467 2468 2468 2468 2469 2469 2469 2470 2470 2470 2469 2469 2469 2468 2468 2468 2471 2471 2471 2471 2471 2471 2468 2468 2468 2472 2472 2472 2473 2473 2473 2474 2474 2474 2475 2475 2475 2474 2474 2474 2473 2473 2473 2476 2476 2476 2477 2477 2477 2478 2478 2478 2479 2479 2479 2480 2480 2480 2481 2481 2481 2482 2482 2482 2482 2482 2482 2481 2481 2481 2457 2457 2457 2457 2457 2457 2481 2481 2481 2483 2483 2483 2484 2484 2484 2485 2485 2485 2486 2486 2486 2456 2456 2456 2457 2457 2457 2458 2458 2458 2459 2459 2459 2458 2458 2458 2457 2457 2457 2487 2487 2487 2488 2488 2488 2462 2462 2462 2461 2461 2461 2460 2460 2460 2463 2463 2463 2464 2464 2464 2465 2465 2465 2466 2466 2466 2466 2466 2466 2465 2465 2465 2467 2467 2467 2489 2489 2489 2490 2490 2490 2470 2470 2470 2469 2469 2469 2468 2468 2468 2471 2471 2471 2471 2471 2471 2468 2468 2468 2472 2472 2472 2491 2491 2491 2492 2492 2492 2475 2475 2475 2474 2474 2474 2473 2473 2473 2476 2476 2476 2486 2486 2486 2478 2478 2478 2484 2484 2484 2493 2493 2493 2494 2494 2494 2495 2495 2495 2482 2482 2482 2481 2481 2481 2457 2457 2457 2457 2457 2457 2481 2481 2481 2483 2483 2483 2496 2496 2496 2483 2483 2483 2481 2481 2481 2457 2457 2457 2483 2483 2483 2459 2459 2459 2497 2497 2497 2498 2498 2498 2499 2499 2499 2457 2457 2457 2483 2483 2483 2459 2459 2459 2497 2497 2497 2459 2459 2459 2483 2483 2483 2500 2500 2500 2501 2501 2501 2502 2502 2502 2501 2501 2501 2500 2500 2500 2456 2456 2456 2503 2503 2503 2456 2456 2456 2500 2500 2500 2456 2456 2456 2503 2503 2503 2457 2457 2457 2457 2457 2457 2503 2503 2503 2482 2482 2482 2482 2482 2482 2503 2503 2503 2504 2504 2504 2500 2500 2500 2504 2504 2504 2503 2503 2503 2504 2504 2504 2500 2500 2500 2505 2505 2505 2505 2505 2505 2500 2500 2500 2506 2506 2506 2502 2502 2502 2506 2506 2506 2500 2500 2500 2506 2506 2506 2502 2502 2502 2507 2507 2507 2501 2501 2501 2507 2507 2507 2502 2502 2502 2507 2507 2507 2501 2501 2501 2508 2508 2508 2508 2508 2508 2501 2501 2501 2509 2509 2509 2510 2510 2510 2511 2511 2511 2512 2512 2512 2456 2456 2456 2509 2509 2509 2501 2501 2501 2508 2508 2508 2501 2501 2501 2509 2509 2509 2507 2507 2507 2501 2501 2501 2508 2508 2508 2501 2501 2501 2507 2507 2507 2502 2502 2502 2506 2506 2506 2502 2502 2502 2507 2507 2507 2502 2502 2502 2506 2506 2506 2500 2500 2500 2505 2505 2505 2500 2500 2500 2506 2506 2506 2504 2504 2504 2500 2500 2500 2505 2505 2505 2500 2500 2500 2504 2504 2504 2503 2503 2503 2482 2482 2482 2503 2503 2503 2504 2504 2504 2457 2457 2457 2503 2503 2503 2482 2482 2482 2456 2456 2456 2503 2503 2503 2457 2457 2457 2503 2503 2503 2456 2456 2456 2500 2500 2500 2501 2501 2501 2500 2500 2500 2456 2456 2456 2500 2500 2500 2501 2501 2501 2502 2502 2502 2513 2513 2513 2514 2514 2514 2508 2508 2508 2508 2508 2508 2514 2514 2514 2507 2507 2507 2515 2515 2515 2507 2507 2507 2514 2514 2514 2507 2507 2507 2515 2515 2515 2506 2506 2506 2516 2516 2516 2506 2506 2506 2515 2515 2515 2506 2506 2506 2516 2516 2516 2505 2505 2505 2517 2517 2517 2505 2505 2505 2516 2516 2516 2505 2505 2505 2517 2517 2517 2504 2504 2504 2518 2518 2518 2504 2504 2504 2517 2517 2517 2504 2504 2504 2518 2518 2518 2482 2482 2482 2519 2519 2519 2482 2482 2482 2518 2518 2518 2482 2482 2482 2519 2519 2519 2480 2480 2480 2476 2476 2476 2520 2520 2520 2474 2474 2474 2521 2521 2521 2474 2474 2474 2520 2520 2520 2522 2522 2522 2523 2523 2523 2524 2524 2524 2525 2525 2525 2526 2526 2526 2527 2527 2527 2528 2528 2528 2529 2529 2529 2530 2530 2530 2531 2531 2531 2530 2530 2530 2529 2529 2529 2513 2513 2513 2514 2514 2514 2508 2508 2508 2508 2508 2508 2514 2514 2514 2507 2507 2507 2515 2515 2515 2507 2507 2507 2514 2514 2514 2507 2507 2507 2515 2515 2515 2506 2506 2506 2516 2516 2516 2506 2506 2506 2515 2515 2515 2506 2506 2506 2516 2516 2516 2505 2505 2505 2517 2517 2517 2505 2505 2505 2516 2516 2516 2505 2505 2505 2517 2517 2517 2504 2504 2504 2518 2518 2518 2504 2504 2504 2517 2517 2517 2504 2504 2504 2518 2518 2518 2482 2482 2482 2519 2519 2519 2482 2482 2482 2518 2518 2518 2482 2482 2482 2519 2519 2519 2480 2480 2480 2476 2476 2476 2520 2520 2520 2474 2474 2474 2521 2521 2521 2474 2474 2474 2520 2520 2520 2522 2522 2522 2523 2523 2523 2524 2524 2524 2525 2525 2525 2526 2526 2526 2527 2527 2527 2528 2528 2528 2532 2532 2532 2533 2533 2533 2531 2531 2531 2530 2530 2530 2529 2529 2529 2404 2404 2404 2534 2534 2534 2517 2517 2517 2517 2517 2517 2534 2534 2534 2518 2518 2518 2535 2535 2535 2518 2518 2518 2534 2534 2534 2536 2536 2536 2537 2537 2537 2538 2538 2538 2539 2539 2539 2540 2540 2540 2541 2541 2541 2517 2517 2517 2534 2534 2534 2518 2518 2518 2535 2535 2535 2518 2518 2518 2534 2534 2534 2518 2518 2518 2535 2535 2535 2519 2519 2519 2542 2542 2542 2543 2543 2543 2544 2544 2544 2545 2545 2545 2544 2544 2544 2543 2543 2543 2542 2542 2542 2543 2543 2543 2544 2544 2544 2545 2545 2545 2544 2544 2544 2543 2543 2543 2542 2542 2542 2544 2544 2544 2546 2546 2546 2547 2547 2547 2546 2546 2546 2544 2544 2544 2546 2546 2546 2547 2547 2547 2548 2548 2548 2549 2549 2549 2548 2548 2548 2547 2547 2547 2548 2548 2548 2549 2549 2549 2550 2550 2550 2550 2550 2550 2549 2549 2549 2551 2551 2551 2552 2552 2552 2551 2551 2551 2549 2549 2549 2551 2551 2551 2552 2552 2552 2553 2553 2553 2553 2553 2553 2552 2552 2552 2554 2554 2554 2554 2554 2554 2552 2552 2552 2545 2545 2545 2549 2549 2549 2545 2545 2545 2552 2552 2552 2545 2545 2545 2549 2549 2549 2544 2544 2544 2555 2555 2555 2556 2556 2556 2557 2557 2557 2542 2542 2542 2544 2544 2544 2546 2546 2546 2547 2547 2547 2546 2546 2546 2544 2544 2544 2546 2546 2546 2547 2547 2547 2548 2548 2548 2549 2549 2549 2548 2548 2548 2547 2547 2547 2548 2548 2548 2549 2549 2549 2550 2550 2550 2550 2550 2550 2549 2549 2549 2551 2551 2551 2552 2552 2552 2551 2551 2551 2549 2549 2549 2551 2551 2551 2552 2552 2552 2553 2553 2553 2553 2553 2553 2552 2552 2552 2554 2554 2554 2554 2554 2554 2552 2552 2552 2545 2545 2545 2549 2549 2549 2545 2545 2545 2552 2552 2552 2545 2545 2545 2549 2549 2549 2544 2544 2544 2547 2547 2547 2544 2544 2544 2549 2549 2549 2558 2558 2558 2542 2542 2542 2559 2559 2559 2546 2546 2546 2559 2559 2559 2542 2542 2542 2559 2559 2559 2546 2546 2546 2560 2560 2560 2548 2548 2548 2560 2560 2560 2546 2546 2546 2560 2560 2560 2548 2548 2548 2561 2561 2561 2550 2550 2550 2561 2561 2561 2548 2548 2548 2561 2561 2561 2550 2550 2550 2562 2562 2562 2551 2551 2551 2562 2562 2562 2550 2550 2550 2562 2562 2562 2551 2551 2551 2563 2563 2563 2553 2553 2553 2563 2563 2563 2551 2551 2551 2564 2564 2564 2565 2565 2565 2566 2566 2566 2567 2567 2567 2568 2568 2568 2569 2569 2569 2570 2570 2570 2571 2571 2571 2572 2572 2572 2573 2573 2573 2574 2574 2574 2575 2575 2575 2576 2576 2576 2577 2577 2577 2578 2578 2578 2579 2579 2579 2580 2580 2580 2581 2581 2581 2582 2582 2582 2583 2583 2583 2584 2584 2584 2585 2585 2585 2586 2586 2586 2587 2587 2587 2588 2588 2588 2586 2586 2586 2589 2589 2589 2582 2582 2582 2583 2583 2583 2584 2584 2584 2579 2579 2579 2580 2580 2580 2581 2581 2581 2576 2576 2576 2577 2577 2577 2578 2578 2578 2573 2573 2573 2574 2574 2574 2575 2575 2575 2570 2570 2570 2571 2571 2571 2572 2572 2572 2567 2567 2567 2568 2568 2568 2569 2569 2569 2564 2564 2564 2565 2565 2565 2566 2566 2566 2553 2553 2553 2563 2563 2563 2551 2551 2551 2562 2562 2562 2551 2551 2551 2563 2563 2563 2551 2551 2551 2562 2562 2562 2550 2550 2550 2561 2561 2561 2550 2550 2550 2562 2562 2562 2550 2550 2550 2561 2561 2561 2548 2548 2548 2560 2560 2560 2548 2548 2548 2561 2561 2561 2548 2548 2548 2560 2560 2560 2546 2546 2546 2559 2559 2559 2546 2546 2546 2560 2560 2560 2546 2546 2546 2559 2559 2559 2542 2542 2542 2558 2558 2558 2542 2542 2542 2559 2559 2559 2590 2590 2590 2591 2591 2591 2592 2592 2592 2564 2564 2564 2592 2592 2592 2591 2591 2591 2592 2592 2592 2564 2564 2564 2593 2593 2593 2594 2594 2594 2595 2595 2595 2596 2596 2596 2589 2589 2589 2597 2597 2597 2588 2588 2588 2564 2564 2564 2592 2592 2592 2591 2591 2591 2592 2592 2592 2564 2564 2564 2593 2593 2593 2566 2566 2566 2593 2593 2593 2564 2564 2564 2598 2598 2598 2599 2599 2599 2600 2600 2600 2599 2599 2599 2598 2598 2598 2554 2554 2554 2554 2554 2554 2598 2598 2598 2553 2553 2553 2569 2569 2569 2601 2601 2601 2567 2567 2567 2602 2602 2602 2603 2603 2603 2604 2604 2604 2572 2572 2572 2605 2605 2605 2570 2570 2570 2606 2606 2606 2607 2607 2607 2608 2608 2608 2609 2609 2609 2610 2610 2610 2611 2611 2611 2612 2612 2612 2613 2613 2613 2614 2614 2614 2615 2615 2615 2616 2616 2616 2617 2617 2617 2618 2618 2618 2619 2619 2619 2620 2620 2620 2620 2620 2620 2619 2619 2619 2621 2621 2621 2622 2622 2622 2623 2623 2623 2624 2624 2624 2625 2625 2625 2626 2626 2626 2627 2627 2627 2628 2628 2628 2629 2629 2629 2630 2630 2630 2631 2631 2631 2632 2632 2632 2633 2633 2633 2634 2634 2634 2554 2554 2554 2635 2635 2635 2636 2636 2636 2637 2637 2637 2638 2638 2638 2545 2545 2545 2635 2635 2635 2554 2554 2554 2634 2634 2634 2554 2554 2554 2635 2635 2635 2631 2631 2631 2632 2632 2632 2633 2633 2633 2628 2628 2628 2629 2629 2629 2630 2630 2630 2625 2625 2625 2626 2626 2626 2627 2627 2627 2622 2622 2622 2623 2623 2623 2624 2624 2624 2620 2620 2620 2619 2619 2619 2621 2621 2621 2618 2618 2618 2619 2619 2619 2620 2620 2620 2615 2615 2615 2616 2616 2616 2617 2617 2617 2612 2612 2612 2613 2613 2613 2614 2614 2614 2609 2609 2609 2610 2610 2610 2611 2611 2611 2606 2606 2606 2607 2607 2607 2608 2608 2608 2572 2572 2572 2605 2605 2605 2570 2570 2570 2602 2602 2602 2603 2603 2603 2604 2604 2604 2569 2569 2569 2601 2601 2601 2567 2567 2567 2554 2554 2554 2598 2598 2598 2553 2553 2553 2599 2599 2599 2598 2598 2598 2554 2554 2554 2598 2598 2598 2599 2599 2599 2600 2600 2600 2639 2639 2639 2640 2640 2640 2641 2641 2641 2642 2642 2642 2641 2641 2641 2640 2640 2640 2643 2643 2643 2644 2644 2644 2645 2645 2645 2644 2644 2644 2643 2643 2643 2646 2646 2646 2647 2647 2647 2648 2648 2648 2649 2649 2649 2649 2649 2649 2648 2648 2648 2650 2650 2650 2651 2651 2651 2652 2652 2652 2653 2653 2653 2652 2652 2652 2651 2651 2651 2654 2654 2654 2654 2654 2654 2651 2651 2651 2655 2655 2655 2656 2656 2656 2657 2657 2657 2658 2658 2658 2657 2657 2657 2656 2656 2656 2659 2659 2659 2660 2660 2660 2661 2661 2661 2662 2662 2662 2663 2663 2663 2664 2664 2664 2665 2665 2665 2665 2665 2665 2664 2664 2664 2640 2640 2640 2640 2640 2640 2664 2664 2664 2666 2666 2666 2667 2667 2667 2668 2668 2668 2669 2669 2669 2639 2639 2639 2640 2640 2640 2641 2641 2641 2642 2642 2642 2641 2641 2641 2640 2640 2640 2670 2670 2670 2671 2671 2671 2645 2645 2645 2644 2644 2644 2643 2643 2643 2646 2646 2646 2647 2647 2647 2648 2648 2648 2649 2649 2649 2649 2649 2649 2648 2648 2648 2650 2650 2650 2672 2672 2672 2673 2673 2673 2653 2653 2653 2652 2652 2652 2651 2651 2651 2654 2654 2654 2654 2654 2654 2651 2651 2651 2655 2655 2655 2674 2674 2674 2675 2675 2675 2658 2658 2658 2657 2657 2657 2656 2656 2656 2659 2659 2659 2669 2669 2669 2661 2661 2661 2667 2667 2667 2676 2676 2676 2677 2677 2677 2678 2678 2678 2665 2665 2665 2664 2664 2664 2640 2640 2640 2640 2640 2640 2664 2664 2664 2666 2666 2666 2679 2679 2679 2666 2666 2666 2664 2664 2664 2640 2640 2640 2666 2666 2666 2642 2642 2642 2680 2680 2680 2681 2681 2681 2682 2682 2682 2640 2640 2640 2666 2666 2666 2642 2642 2642 2680 2680 2680 2642 2642 2642 2666 2666 2666 2683 2683 2683 2684 2684 2684 2685 2685 2685 2684 2684 2684 2683 2683 2683 2639 2639 2639 2686 2686 2686 2639 2639 2639 2683 2683 2683 2639 2639 2639 2686 2686 2686 2640 2640 2640 2640 2640 2640 2686 2686 2686 2665 2665 2665 2665 2665 2665 2686 2686 2686 2687 2687 2687 2683 2683 2683 2687 2687 2687 2686 2686 2686 2687 2687 2687 2683 2683 2683 2688 2688 2688 2688 2688 2688 2683 2683 2683 2689 2689 2689 2685 2685 2685 2689 2689 2689 2683 2683 2683 2689 2689 2689 2685 2685 2685 2690 2690 2690 2684 2684 2684 2690 2690 2690 2685 2685 2685 2690 2690 2690 2684 2684 2684 2691 2691 2691 2691 2691 2691 2684 2684 2684 2692 2692 2692 2693 2693 2693 2694 2694 2694 2695 2695 2695 2639 2639 2639 2692 2692 2692 2684 2684 2684 2691 2691 2691 2684 2684 2684 2692 2692 2692 2690 2690 2690 2684 2684 2684 2691 2691 2691 2684 2684 2684 2690 2690 2690 2685 2685 2685 2689 2689 2689 2685 2685 2685 2690 2690 2690 2685 2685 2685 2689 2689 2689 2683 2683 2683 2688 2688 2688 2683 2683 2683 2689 2689 2689 2687 2687 2687 2683 2683 2683 2688 2688 2688 2683 2683 2683 2687 2687 2687 2686 2686 2686 2665 2665 2665 2686 2686 2686 2687 2687 2687 2640 2640 2640 2686 2686 2686 2665 2665 2665 2639 2639 2639 2686 2686 2686 2640 2640 2640 2686 2686 2686 2639 2639 2639 2683 2683 2683 2684 2684 2684 2683 2683 2683 2639 2639 2639 2683 2683 2683 2684 2684 2684 2685 2685 2685 2696 2696 2696 2697 2697 2697 2691 2691 2691 2691 2691 2691 2697 2697 2697 2690 2690 2690 2698 2698 2698 2690 2690 2690 2697 2697 2697 2690 2690 2690 2698 2698 2698 2689 2689 2689 2699 2699 2699 2689 2689 2689 2698 2698 2698 2689 2689 2689 2699 2699 2699 2688 2688 2688 2700 2700 2700 2688 2688 2688 2699 2699 2699 2688 2688 2688 2700 2700 2700 2687 2687 2687 2701 2701 2701 2687 2687 2687 2700 2700 2700 2687 2687 2687 2701 2701 2701 2665 2665 2665 2702 2702 2702 2665 2665 2665 2701 2701 2701 2665 2665 2665 2702 2702 2702 2663 2663 2663 2659 2659 2659 2703 2703 2703 2657 2657 2657 2704 2704 2704 2657 2657 2657 2703 2703 2703 2705 2705 2705 2706 2706 2706 2707 2707 2707 2708 2708 2708 2709 2709 2709 2710 2710 2710 2711 2711 2711 2712 2712 2712 2713 2713 2713 2714 2714 2714 2713 2713 2713 2712 2712 2712 2696 2696 2696 2697 2697 2697 2691 2691 2691 2691 2691 2691 2697 2697 2697 2690 2690 2690 2698 2698 2698 2690 2690 2690 2697 2697 2697 2690 2690 2690 2698 2698 2698 2689 2689 2689 2699 2699 2699 2689 2689 2689 2698 2698 2698 2689 2689 2689 2699 2699 2699 2688 2688 2688 2700 2700 2700 2688 2688 2688 2699 2699 2699 2688 2688 2688 2700 2700 2700 2687 2687 2687 2701 2701 2701 2687 2687 2687 2700 2700 2700 2687 2687 2687 2701 2701 2701 2665 2665 2665 2702 2702 2702 2665 2665 2665 2701 2701 2701 2665 2665 2665 2702 2702 2702 2663 2663 2663 2659 2659 2659 2703 2703 2703 2657 2657 2657 2704 2704 2704 2657 2657 2657 2703 2703 2703 2705 2705 2705 2706 2706 2706 2707 2707 2707 2708 2708 2708 2709 2709 2709 2710 2710 2710 2711 2711 2711 2715 2715 2715 2716 2716 2716 2714 2714 2714 2713 2713 2713 2712 2712 2712 2587 2587 2587 2717 2717 2717 2700 2700 2700 2700 2700 2700 2717 2717 2717 2701 2701 2701 2718 2718 2718 2701 2701 2701 2717 2717 2717 2719 2719 2719 2720 2720 2720 2721 2721 2721 2722 2722 2722 2723 2723 2723 2724 2724 2724 2700 2700 2700 2717 2717 2717 2701 2701 2701 2718 2718 2718 2701 2701 2701 2717 2717 2717 2701 2701 2701 2718 2718 2718 2702 2702 2702 2725 2725 2725 2726 2726 2726 2727 2727 2727 2728 2728 2728 2727 2727 2727 2726 2726 2726 2725 2725 2725 2726 2726 2726 2727 2727 2727 2728 2728 2728 2727 2727 2727 2726 2726 2726 2725 2725 2725 2727 2727 2727 2729 2729 2729 2730 2730 2730 2729 2729 2729 2727 2727 2727 2729 2729 2729 2730 2730 2730 2731 2731 2731 2732 2732 2732 2731 2731 2731 2730 2730 2730 2731 2731 2731 2732 2732 2732 2733 2733 2733 2733 2733 2733 2732 2732 2732 2734 2734 2734 2735 2735 2735 2734 2734 2734 2732 2732 2732 2734 2734 2734 2735 2735 2735 2736 2736 2736 2736 2736 2736 2735 2735 2735 2737 2737 2737 2737 2737 2737 2735 2735 2735 2728 2728 2728 2732 2732 2732 2728 2728 2728 2735 2735 2735 2728 2728 2728 2732 2732 2732 2727 2727 2727 2738 2738 2738 2739 2739 2739 2740 2740 2740 2725 2725 2725 2727 2727 2727 2729 2729 2729 2730 2730 2730 2729 2729 2729 2727 2727 2727 2729 2729 2729 2730 2730 2730 2731 2731 2731 2732 2732 2732 2731 2731 2731 2730 2730 2730 2731 2731 2731 2732 2732 2732 2733 2733 2733 2733 2733 2733 2732 2732 2732 2734 2734 2734 2735 2735 2735 2734 2734 2734 2732 2732 2732 2734 2734 2734 2735 2735 2735 2736 2736 2736 2736 2736 2736 2735 2735 2735 2737 2737 2737 2737 2737 2737 2735 2735 2735 2728 2728 2728 2732 2732 2732 2728 2728 2728 2735 2735 2735 2728 2728 2728 2732 2732 2732 2727 2727 2727 2730 2730 2730 2727 2727 2727 2732 2732 2732 2741 2741 2741 2725 2725 2725 2742 2742 2742 2729 2729 2729 2742 2742 2742 2725 2725 2725 2742 2742 2742 2729 2729 2729 2743 2743 2743 2731 2731 2731 2743 2743 2743 2729 2729 2729 2743 2743 2743 2731 2731 2731 2744 2744 2744 2733 2733 2733 2744 2744 2744 2731 2731 2731 2744 2744 2744 2733 2733 2733 2745 2745 2745 2734 2734 2734 2745 2745 2745 2733 2733 2733 2745 2745 2745 2734 2734 2734 2746 2746 2746 2736 2736 2736 2746 2746 2746 2734 2734 2734 2747 2747 2747 2748 2748 2748 2749 2749 2749 2750 2750 2750 2751 2751 2751 2752 2752 2752 2753 2753 2753 2754 2754 2754 2755 2755 2755 2756 2756 2756 2757 2757 2757 2758 2758 2758 2759 2759 2759 2760 2760 2760 2761 2761 2761 2762 2762 2762 2763 2763 2763 2764 2764 2764 2765 2765 2765 2766 2766 2766 2767 2767 2767 2768 2768 2768 2769 2769 2769 2770 2770 2770 2771 2771 2771 2769 2769 2769 2772 2772 2772 2765 2765 2765 2766 2766 2766 2767 2767 2767 2762 2762 2762 2763 2763 2763 2764 2764 2764 2759 2759 2759 2760 2760 2760 2761 2761 2761 2756 2756 2756 2757 2757 2757 2758 2758 2758 2753 2753 2753 2754 2754 2754 2755 2755 2755 2750 2750 2750 2751 2751 2751 2752 2752 2752 2747 2747 2747 2748 2748 2748 2749 2749 2749 2736 2736 2736 2746 2746 2746 2734 2734 2734 2745 2745 2745 2734 2734 2734 2746 2746 2746 2734 2734 2734 2745 2745 2745 2733 2733 2733 2744 2744 2744 2733 2733 2733 2745 2745 2745 2733 2733 2733 2744 2744 2744 2731 2731 2731 2743 2743 2743 2731 2731 2731 2744 2744 2744 2731 2731 2731 2743 2743 2743 2729 2729 2729 2742 2742 2742 2729 2729 2729 2743 2743 2743 2729 2729 2729 2742 2742 2742 2725 2725 2725 2741 2741 2741 2725 2725 2725 2742 2742 2742 2773 2773 2773 2774 2774 2774 2775 2775 2775 2747 2747 2747 2775 2775 2775 2774 2774 2774 2775 2775 2775 2747 2747 2747 2776 2776 2776 2777 2777 2777 2778 2778 2778 2779 2779 2779 2772 2772 2772 2780 2780 2780 2771 2771 2771 2747 2747 2747 2775 2775 2775 2774 2774 2774 2775 2775 2775 2747 2747 2747 2776 2776 2776 2749 2749 2749 2776 2776 2776 2747 2747 2747 2781 2781 2781 2782 2782 2782 2783 2783 2783 2782 2782 2782 2781 2781 2781 2737 2737 2737 2737 2737 2737 2781 2781 2781 2736 2736 2736 2752 2752 2752 2784 2784 2784 2750 2750 2750 2785 2785 2785 2786 2786 2786 2787 2787 2787 2755 2755 2755 2788 2788 2788 2753 2753 2753 2789 2789 2789 2790 2790 2790 2791 2791 2791 2792 2792 2792 2793 2793 2793 2794 2794 2794 2795 2795 2795 2796 2796 2796 2797 2797 2797 2798 2798 2798 2799 2799 2799 2800 2800 2800 2801 2801 2801 2802 2802 2802 2803 2803 2803 2803 2803 2803 2802 2802 2802 2804 2804 2804 2805 2805 2805 2806 2806 2806 2807 2807 2807 2808 2808 2808 2809 2809 2809 2810 2810 2810 2811 2811 2811 2812 2812 2812 2813 2813 2813 2814 2814 2814 2815 2815 2815 2816 2816 2816 2817 2817 2817 2737 2737 2737 2818 2818 2818 2819 2819 2819 2820 2820 2820 2821 2821 2821 2728 2728 2728 2818 2818 2818 2737 2737 2737 2817 2817 2817 2737 2737 2737 2818 2818 2818 2814 2814 2814 2815 2815 2815 2816 2816 2816 2811 2811 2811 2812 2812 2812 2813 2813 2813 2808 2808 2808 2809 2809 2809 2810 2810 2810 2805 2805 2805 2806 2806 2806 2807 2807 2807 2803 2803 2803 2802 2802 2802 2804 2804 2804 2801 2801 2801 2802 2802 2802 2803 2803 2803 2798 2798 2798 2799 2799 2799 2800 2800 2800 2795 2795 2795 2796 2796 2796 2797 2797 2797 2792 2792 2792 2793 2793 2793 2794 2794 2794 2789 2789 2789 2790 2790 2790 2791 2791 2791 2755 2755 2755 2788 2788 2788 2753 2753 2753 2785 2785 2785 2786 2786 2786 2787 2787 2787 2752 2752 2752 2784 2784 2784 2750 2750 2750 2737 2737 2737 2781 2781 2781 2736 2736 2736 2782 2782 2782 2781 2781 2781 2737 2737 2737 2781 2781 2781 2782 2782 2782 2783 2783 2783 2822 2822 2822 2823 2823 2823 2824 2824 2824 2825 2825 2825 2824 2824 2824 2823 2823 2823 2826 2826 2826 2827 2827 2827 2828 2828 2828 2827 2827 2827 2826 2826 2826 2829 2829 2829 2830 2830 2830 2831 2831 2831 2832 2832 2832 2832 2832 2832 2831 2831 2831 2833 2833 2833 2834 2834 2834 2835 2835 2835 2836 2836 2836 2835 2835 2835 2834 2834 2834 2837 2837 2837 2837 2837 2837 2834 2834 2834 2838 2838 2838 2839 2839 2839 2840 2840 2840 2841 2841 2841 2840 2840 2840 2839 2839 2839 2842 2842 2842 2843 2843 2843 2844 2844 2844 2845 2845 2845 2846 2846 2846 2847 2847 2847 2848 2848 2848 2848 2848 2848 2847 2847 2847 2823 2823 2823 2823 2823 2823 2847 2847 2847 2849 2849 2849 2850 2850 2850 2851 2851 2851 2852 2852 2852 2822 2822 2822 2823 2823 2823 2824 2824 2824 2825 2825 2825 2824 2824 2824 2823 2823 2823 2853 2853 2853 2854 2854 2854 2828 2828 2828 2827 2827 2827 2826 2826 2826 2829 2829 2829 2830 2830 2830 2831 2831 2831 2832 2832 2832 2832 2832 2832 2831 2831 2831 2833 2833 2833 2855 2855 2855 2856 2856 2856 2836 2836 2836 2835 2835 2835 2834 2834 2834 2837 2837 2837 2837 2837 2837 2834 2834 2834 2838 2838 2838 2857 2857 2857 2858 2858 2858 2841 2841 2841 2840 2840 2840 2839 2839 2839 2842 2842 2842 2852 2852 2852 2844 2844 2844 2850 2850 2850 2859 2859 2859 2860 2860 2860 2861 2861 2861 2848 2848 2848 2847 2847 2847 2823 2823 2823 2823 2823 2823 2847 2847 2847 2849 2849 2849 2862 2862 2862 2849 2849 2849 2847 2847 2847 2823 2823 2823 2849 2849 2849 2825 2825 2825 2863 2863 2863 2864 2864 2864 2865 2865 2865 2823 2823 2823 2849 2849 2849 2825 2825 2825 2863 2863 2863 2825 2825 2825 2849 2849 2849 2866 2866 2866 2867 2867 2867 2868 2868 2868 2867 2867 2867 2866 2866 2866 2822 2822 2822 2869 2869 2869 2822 2822 2822 2866 2866 2866 2822 2822 2822 2869 2869 2869 2823 2823 2823 2823 2823 2823 2869 2869 2869 2848 2848 2848 2848 2848 2848 2869 2869 2869 2870 2870 2870 2866 2866 2866 2870 2870 2870 2869 2869 2869 2870 2870 2870 2866 2866 2866 2871 2871 2871 2871 2871 2871 2866 2866 2866 2872 2872 2872 2868 2868 2868 2872 2872 2872 2866 2866 2866 2872 2872 2872 2868 2868 2868 2873 2873 2873 2867 2867 2867 2873 2873 2873 2868 2868 2868 2873 2873 2873 2867 2867 2867 2874 2874 2874 2874 2874 2874 2867 2867 2867 2875 2875 2875 2876 2876 2876 2877 2877 2877 2878 2878 2878 2822 2822 2822 2875 2875 2875 2867 2867 2867 2874 2874 2874 2867 2867 2867 2875 2875 2875 2873 2873 2873 2867 2867 2867 2874 2874 2874 2867 2867 2867 2873 2873 2873 2868 2868 2868 2872 2872 2872 2868 2868 2868 2873 2873 2873 2868 2868 2868 2872 2872 2872 2866 2866 2866 2871 2871 2871 2866 2866 2866 2872 2872 2872 2870 2870 2870 2866 2866 2866 2871 2871 2871 2866 2866 2866 2870 2870 2870 2869 2869 2869 2848 2848 2848 2869 2869 2869 2870 2870 2870 2823 2823 2823 2869 2869 2869 2848 2848 2848 2822 2822 2822 2869 2869 2869 2823 2823 2823 2869 2869 2869 2822 2822 2822 2866 2866 2866 2867 2867 2867 2866 2866 2866 2822 2822 2822 2866 2866 2866 2867 2867 2867 2868 2868 2868 2879 2879 2879 2880 2880 2880 2874 2874 2874 2874 2874 2874 2880 2880 2880 2873 2873 2873 2881 2881 2881 2873 2873 2873 2880 2880 2880 2873 2873 2873 2881 2881 2881 2872 2872 2872 2882 2882 2882 2872 2872 2872 2881 2881 2881 2872 2872 2872 2882 2882 2882 2871 2871 2871 2883 2883 2883 2871 2871 2871 2882 2882 2882 2871 2871 2871 2883 2883 2883 2870 2870 2870 2884 2884 2884 2870 2870 2870 2883 2883 2883 2870 2870 2870 2884 2884 2884 2848 2848 2848 2885 2885 2885 2848 2848 2848 2884 2884 2884 2848 2848 2848 2885 2885 2885 2846 2846 2846 2842 2842 2842 2886 2886 2886 2840 2840 2840 2887 2887 2887 2840 2840 2840 2886 2886 2886 2888 2888 2888 2889 2889 2889 2890 2890 2890 2891 2891 2891 2892 2892 2892 2893 2893 2893 2894 2894 2894 2895 2895 2895 2896 2896 2896 2897 2897 2897 2896 2896 2896 2895 2895 2895 2879 2879 2879 2880 2880 2880 2874 2874 2874 2874 2874 2874 2880 2880 2880 2873 2873 2873 2881 2881 2881 2873 2873 2873 2880 2880 2880 2873 2873 2873 2881 2881 2881 2872 2872 2872 2882 2882 2882 2872 2872 2872 2881 2881 2881 2872 2872 2872 2882 2882 2882 2871 2871 2871 2883 2883 2883 2871 2871 2871 2882 2882 2882 2871 2871 2871 2883 2883 2883 2870 2870 2870 2884 2884 2884 2870 2870 2870 2883 2883 2883 2870 2870 2870 2884 2884 2884 2848 2848 2848 2885 2885 2885 2848 2848 2848 2884 2884 2884 2848 2848 2848 2885 2885 2885 2846 2846 2846 2842 2842 2842 2886 2886 2886 2840 2840 2840 2887 2887 2887 2840 2840 2840 2886 2886 2886 2888 2888 2888 2889 2889 2889 2890 2890 2890 2891 2891 2891 2892 2892 2892 2893 2893 2893 2894 2894 2894 2898 2898 2898 2899 2899 2899 2897 2897 2897 2896 2896 2896 2895 2895 2895 2770 2770 2770 2900 2900 2900 2883 2883 2883 2883 2883 2883 2900 2900 2900 2884 2884 2884 2901 2901 2901 2884 2884 2884 2900 2900 2900 2902 2902 2902 2903 2903 2903 2904 2904 2904 2905 2905 2905 2906 2906 2906 2907 2907 2907 2883 2883 2883 2900 2900 2900 2884 2884 2884 2901 2901 2901 2884 2884 2884 2900 2900 2900 2884 2884 2884 2901 2901 2901 2885 2885 2885 2908 2908 2908 2909 2909 2909 2910 2910 2910 2911 2911 2911 2910 2910 2910 2909 2909 2909 2908 2908 2908 2909 2909 2909 2910 2910 2910 2911 2911 2911 2910 2910 2910 2909 2909 2909 2908 2908 2908 2910 2910 2910 2912 2912 2912 2913 2913 2913 2912 2912 2912 2910 2910 2910 2912 2912 2912 2913 2913 2913 2914 2914 2914 2915 2915 2915 2914 2914 2914 2913 2913 2913 2914 2914 2914 2915 2915 2915 2916 2916 2916 2916 2916 2916 2915 2915 2915 2917 2917 2917 2918 2918 2918 2917 2917 2917 2915 2915 2915 2917 2917 2917 2918 2918 2918 2919 2919 2919 2919 2919 2919 2918 2918 2918 2920 2920 2920 2920 2920 2920 2918 2918 2918 2911 2911 2911 2915 2915 2915 2911 2911 2911 2918 2918 2918 2911 2911 2911 2915 2915 2915 2910 2910 2910 2921 2921 2921 2922 2922 2922 2923 2923 2923 2908 2908 2908 2910 2910 2910 2912 2912 2912 2913 2913 2913 2912 2912 2912 2910 2910 2910 2912 2912 2912 2913 2913 2913 2914 2914 2914 2915 2915 2915 2914 2914 2914 2913 2913 2913 2914 2914 2914 2915 2915 2915 2916 2916 2916 2916 2916 2916 2915 2915 2915 2917 2917 2917 2918 2918 2918 2917 2917 2917 2915 2915 2915 2917 2917 2917 2918 2918 2918 2919 2919 2919 2919 2919 2919 2918 2918 2918 2920 2920 2920 2920 2920 2920 2918 2918 2918 2911 2911 2911 2915 2915 2915 2911 2911 2911 2918 2918 2918 2911 2911 2911 2915 2915 2915 2910 2910 2910 2913 2913 2913 2910 2910 2910 2915 2915 2915 2924 2924 2924 2908 2908 2908 2925 2925 2925 2912 2912 2912 2925 2925 2925 2908 2908 2908 2925 2925 2925 2912 2912 2912 2926 2926 2926 2914 2914 2914 2926 2926 2926 2912 2912 2912 2926 2926 2926 2914 2914 2914 2927 2927 2927 2916 2916 2916 2927 2927 2927 2914 2914 2914 2927 2927 2927 2916 2916 2916 2928 2928 2928 2917 2917 2917 2928 2928 2928 2916 2916 2916 2928 2928 2928 2917 2917 2917 2929 2929 2929 2919 2919 2919 2929 2929 2929 2917 2917 2917 2930 2930 2930 2931 2931 2931 2932 2932 2932 2933 2933 2933 2934 2934 2934 2935 2935 2935 2936 2936 2936 2937 2937 2937 2938 2938 2938 2939 2939 2939 2940 2940 2940 2941 2941 2941 2942 2942 2942 2943 2943 2943 2944 2944 2944 2945 2945 2945 2946 2946 2946 2947 2947 2947 2948 2948 2948 2949 2949 2949 2950 2950 2950 2951 2951 2951 2952 2952 2952 2953 2953 2953 2954 2954 2954 2952 2952 2952 2955 2955 2955 2948 2948 2948 2949 2949 2949 2950 2950 2950 2945 2945 2945 2946 2946 2946 2947 2947 2947 2942 2942 2942 2943 2943 2943 2944 2944 2944 2939 2939 2939 2940 2940 2940 2941 2941 2941 2936 2936 2936 2937 2937 2937 2938 2938 2938 2933 2933 2933 2934 2934 2934 2935 2935 2935 2930 2930 2930 2931 2931 2931 2932 2932 2932 2919 2919 2919 2929 2929 2929 2917 2917 2917 2928 2928 2928 2917 2917 2917 2929 2929 2929 2917 2917 2917 2928 2928 2928 2916 2916 2916 2927 2927 2927 2916 2916 2916 2928 2928 2928 2916 2916 2916 2927 2927 2927 2914 2914 2914 2926 2926 2926 2914 2914 2914 2927 2927 2927 2914 2914 2914 2926 2926 2926 2912 2912 2912 2925 2925 2925 2912 2912 2912 2926 2926 2926 2912 2912 2912 2925 2925 2925 2908 2908 2908 2924 2924 2924 2908 2908 2908 2925 2925 2925 2956 2956 2956 2957 2957 2957 2958 2958 2958 2930 2930 2930 2958 2958 2958 2957 2957 2957 2958 2958 2958 2930 2930 2930 2959 2959 2959 2960 2960 2960 2961 2961 2961 2962 2962 2962 2955 2955 2955 2963 2963 2963 2954 2954 2954 2930 2930 2930 2958 2958 2958 2957 2957 2957 2958 2958 2958 2930 2930 2930 2959 2959 2959 2932 2932 2932 2959 2959 2959 2930 2930 2930 2964 2964 2964 2965 2965 2965 2966 2966 2966 2965 2965 2965 2964 2964 2964 2920 2920 2920 2920 2920 2920 2964 2964 2964 2919 2919 2919 2935 2935 2935 2967 2967 2967 2933 2933 2933 2968 2968 2968 2969 2969 2969 2970 2970 2970 2938 2938 2938 2971 2971 2971 2936 2936 2936 2972 2972 2972 2973 2973 2973 2974 2974 2974 2975 2975 2975 2976 2976 2976 2977 2977 2977 2978 2978 2978 2979 2979 2979 2980 2980 2980 2981 2981 2981 2982 2982 2982 2983 2983 2983 2984 2984 2984 2985 2985 2985 2986 2986 2986 2986 2986 2986 2985 2985 2985 2987 2987 2987 2988 2988 2988 2989 2989 2989 2990 2990 2990 2991 2991 2991 2992 2992 2992 2993 2993 2993 2994 2994 2994 2995 2995 2995 2996 2996 2996 2997 2997 2997 2998 2998 2998 2999 2999 2999 3000 3000 3000 2920 2920 2920 3001 3001 3001 3002 3002 3002 3003 3003 3003 3004 3004 3004 2911 2911 2911 3001 3001 3001 2920 2920 2920 3000 3000 3000 2920 2920 2920 3001 3001 3001 2997 2997 2997 2998 2998 2998 2999 2999 2999 2994 2994 2994 2995 2995 2995 2996 2996 2996 2991 2991 2991 2992 2992 2992 2993 2993 2993 2988 2988 2988 2989 2989 2989 2990 2990 2990 2986 2986 2986 2985 2985 2985 2987 2987 2987 2984 2984 2984 2985 2985 2985 2986 2986 2986 2981 2981 2981 2982 2982 2982 2983 2983 2983 2978 2978 2978 2979 2979 2979 2980 2980 2980 2975 2975 2975 2976 2976 2976 2977 2977 2977 2972 2972 2972 2973 2973 2973 2974 2974 2974 2938 2938 2938 2971 2971 2971 2936 2936 2936 2968 2968 2968 2969 2969 2969 2970 2970 2970 2935 2935 2935 2967 2967 2967 2933 2933 2933 2920 2920 2920 2964 2964 2964 2919 2919 2919 2965 2965 2965 2964 2964 2964 2920 2920 2920 2964 2964 2964 2965 2965 2965 2966 2966 2966 3005 3005 3005 3006 3006 3006 3007 3007 3007 3008 3008 3008 3007 3007 3007 3006 3006 3006 3009 3009 3009 3010 3010 3010 3011 3011 3011 3010 3010 3010 3009 3009 3009 3012 3012 3012 3013 3013 3013 3014 3014 3014 3015 3015 3015 3015 3015 3015 3014 3014 3014 3016 3016 3016 3017 3017 3017 3018 3018 3018 3019 3019 3019 3018 3018 3018 3017 3017 3017 3020 3020 3020 3020 3020 3020 3017 3017 3017 3021 3021 3021 3022 3022 3022 3023 3023 3023 3024 3024 3024 3023 3023 3023 3022 3022 3022 3025 3025 3025 3026 3026 3026 3027 3027 3027 3028 3028 3028 3029 3029 3029 3030 3030 3030 3031 3031 3031 3031 3031 3031 3030 3030 3030 3006 3006 3006 3006 3006 3006 3030 3030 3030 3032 3032 3032 3033 3033 3033 3034 3034 3034 3035 3035 3035 3005 3005 3005 3006 3006 3006 3007 3007 3007 3008 3008 3008 3007 3007 3007 3006 3006 3006 3036 3036 3036 3037 3037 3037 3011 3011 3011 3010 3010 3010 3009 3009 3009 3012 3012 3012 3013 3013 3013 3014 3014 3014 3015 3015 3015 3015 3015 3015 3014 3014 3014 3016 3016 3016 3038 3038 3038 3039 3039 3039 3019 3019 3019 3018 3018 3018 3017 3017 3017 3020 3020 3020 3020 3020 3020 3017 3017 3017 3021 3021 3021 3040 3040 3040 3041 3041 3041 3024 3024 3024 3023 3023 3023 3022 3022 3022 3025 3025 3025 3035 3035 3035 3027 3027 3027 3033 3033 3033 3042 3042 3042 3043 3043 3043 3044 3044 3044 3031 3031 3031 3030 3030 3030 3006 3006 3006 3006 3006 3006 3030 3030 3030 3032 3032 3032 3045 3045 3045 3032 3032 3032 3030 3030 3030 3006 3006 3006 3032 3032 3032 3008 3008 3008 3046 3046 3046 3047 3047 3047 3048 3048 3048 3006 3006 3006 3032 3032 3032 3008 3008 3008 3046 3046 3046 3008 3008 3008 3032 3032 3032 3049 3049 3049 3050 3050 3050 3051 3051 3051 3050 3050 3050 3049 3049 3049 3005 3005 3005 3052 3052 3052 3005 3005 3005 3049 3049 3049 3005 3005 3005 3052 3052 3052 3006 3006 3006 3006 3006 3006 3052 3052 3052 3031 3031 3031 3031 3031 3031 3052 3052 3052 3053 3053 3053 3049 3049 3049 3053 3053 3053 3052 3052 3052 3053 3053 3053 3049 3049 3049 3054 3054 3054 3054 3054 3054 3049 3049 3049 3055 3055 3055 3051 3051 3051 3055 3055 3055 3049 3049 3049 3055 3055 3055 3051 3051 3051 3056 3056 3056 3050 3050 3050 3056 3056 3056 3051 3051 3051 3056 3056 3056 3050 3050 3050 3057 3057 3057 3057 3057 3057 3050 3050 3050 3058 3058 3058 3059 3059 3059 3060 3060 3060 3061 3061 3061 3005 3005 3005 3058 3058 3058 3050 3050 3050 3057 3057 3057 3050 3050 3050 3058 3058 3058 3056 3056 3056 3050 3050 3050 3057 3057 3057 3050 3050 3050 3056 3056 3056 3051 3051 3051 3055 3055 3055 3051 3051 3051 3056 3056 3056 3051 3051 3051 3055 3055 3055 3049 3049 3049 3054 3054 3054 3049 3049 3049 3055 3055 3055 3053 3053 3053 3049 3049 3049 3054 3054 3054 3049 3049 3049 3053 3053 3053 3052 3052 3052 3031 3031 3031 3052 3052 3052 3053 3053 3053 3006 3006 3006 3052 3052 3052 3031 3031 3031 3005 3005 3005 3052 3052 3052 3006 3006 3006 3052 3052 3052 3005 3005 3005 3049 3049 3049 3050 3050 3050 3049 3049 3049 3005 3005 3005 3049 3049 3049 3050 3050 3050 3051 3051 3051 3062 3062 3062 3063 3063 3063 3057 3057 3057 3057 3057 3057 3063 3063 3063 3056 3056 3056 3064 3064 3064 3056 3056 3056 3063 3063 3063 3056 3056 3056 3064 3064 3064 3055 3055 3055 3065 3065 3065 3055 3055 3055 3064 3064 3064 3055 3055 3055 3065 3065 3065 3054 3054 3054 3066 3066 3066 3054 3054 3054 3065 3065 3065 3054 3054 3054 3066 3066 3066 3053 3053 3053 3067 3067 3067 3053 3053 3053 3066 3066 3066 3053 3053 3053 3067 3067 3067 3031 3031 3031 3068 3068 3068 3031 3031 3031 3067 3067 3067 3031 3031 3031 3068 3068 3068 3029 3029 3029 3025 3025 3025 3069 3069 3069 3023 3023 3023 3070 3070 3070 3023 3023 3023 3069 3069 3069 3071 3071 3071 3072 3072 3072 3073 3073 3073 3074 3074 3074 3075 3075 3075 3076 3076 3076 3077 3077 3077 3078 3078 3078 3079 3079 3079 3080 3080 3080 3079 3079 3079 3078 3078 3078 3062 3062 3062 3063 3063 3063 3057 3057 3057 3057 3057 3057 3063 3063 3063 3056 3056 3056 3064 3064 3064 3056 3056 3056 3063 3063 3063 3056 3056 3056 3064 3064 3064 3055 3055 3055 3065 3065 3065 3055 3055 3055 3064 3064 3064 3055 3055 3055 3065 3065 3065 3054 3054 3054 3066 3066 3066 3054 3054 3054 3065 3065 3065 3054 3054 3054 3066 3066 3066 3053 3053 3053 3067 3067 3067 3053 3053 3053 3066 3066 3066 3053 3053 3053 3067 3067 3067 3031 3031 3031 3068 3068 3068 3031 3031 3031 3067 3067 3067 3031 3031 3031 3068 3068 3068 3029 3029 3029 3025 3025 3025 3069 3069 3069 3023 3023 3023 3070 3070 3070 3023 3023 3023 3069 3069 3069 3071 3071 3071 3072 3072 3072 3073 3073 3073 3074 3074 3074 3075 3075 3075 3076 3076 3076 3077 3077 3077 3081 3081 3081 3082 3082 3082 3080 3080 3080 3079 3079 3079 3078 3078 3078 2953 2953 2953 3083 3083 3083 3066 3066 3066 3066 3066 3066 3083 3083 3083 3067 3067 3067 3084 3084 3084 3067 3067 3067 3083 3083 3083 3085 3085 3085 3086 3086 3086 3087 3087 3087 3088 3088 3088 3089 3089 3089 3090 3090 3090 3066 3066 3066 3083 3083 3083 3067 3067 3067 3084 3084 3084 3067 3067 3067 3083 3083 3083 3067 3067 3067 3084 3084 3084 3068 3068 3068 3091 3091 3091 3092 3092 3092 3093 3093 3093 3094 3094 3094 3093 3093 3093 3092 3092 3092 3091 3091 3091 3092 3092 3092 3093 3093 3093 3094 3094 3094 3093 3093 3093 3092 3092 3092 3091 3091 3091 3093 3093 3093 3095 3095 3095 3096 3096 3096 3095 3095 3095 3093 3093 3093 3095 3095 3095 3096 3096 3096 3097 3097 3097 3098 3098 3098 3097 3097 3097 3096 3096 3096 3097 3097 3097 3098 3098 3098 3099 3099 3099 3099 3099 3099 3098 3098 3098 3100 3100 3100 3101 3101 3101 3100 3100 3100 3098 3098 3098 3100 3100 3100 3101 3101 3101 3102 3102 3102 3102 3102 3102 3101 3101 3101 3103 3103 3103 3103 3103 3103 3101 3101 3101 3094 3094 3094 3098 3098 3098 3094 3094 3094 3101 3101 3101 3094 3094 3094 3098 3098 3098 3093 3093 3093 3104 3104 3104 3105 3105 3105 3106 3106 3106 3091 3091 3091 3093 3093 3093 3095 3095 3095 3096 3096 3096 3095 3095 3095 3093 3093 3093 3095 3095 3095 3096 3096 3096 3097 3097 3097 3098 3098 3098 3097 3097 3097 3096 3096 3096 3097 3097 3097 3098 3098 3098 3099 3099 3099 3099 3099 3099 3098 3098 3098 3100 3100 3100 3101 3101 3101 3100 3100 3100 3098 3098 3098 3100 3100 3100 3101 3101 3101 3102 3102 3102 3102 3102 3102 3101 3101 3101 3103 3103 3103 3103 3103 3103 3101 3101 3101 3094 3094 3094 3098 3098 3098 3094 3094 3094 3101 3101 3101 3094 3094 3094 3098 3098 3098 3093 3093 3093 3096 3096 3096 3093 3093 3093 3098 3098 3098 3107 3107 3107 3091 3091 3091 3108 3108 3108 3095 3095 3095 3108 3108 3108 3091 3091 3091 3108 3108 3108 3095 3095 3095 3109 3109 3109 3097 3097 3097 3109 3109 3109 3095 3095 3095 3109 3109 3109 3097 3097 3097 3110 3110 3110 3099 3099 3099 3110 3110 3110 3097 3097 3097 3110 3110 3110 3099 3099 3099 3111 3111 3111 3100 3100 3100 3111 3111 3111 3099 3099 3099 3111 3111 3111 3100 3100 3100 3112 3112 3112 3102 3102 3102 3112 3112 3112 3100 3100 3100 3113 3113 3113 3114 3114 3114 3115 3115 3115 3116 3116 3116 3117 3117 3117 3118 3118 3118 3119 3119 3119 3120 3120 3120 3121 3121 3121 3122 3122 3122 3123 3123 3123 3124 3124 3124 3125 3125 3125 3126 3126 3126 3127 3127 3127 3128 3128 3128 3129 3129 3129 3130 3130 3130 3131 3131 3131 3132 3132 3132 3133 3133 3133 3134 3134 3134 3135 3135 3135 3136 3136 3136 3137 3137 3137 3135 3135 3135 3138 3138 3138 3131 3131 3131 3132 3132 3132 3133 3133 3133 3128 3128 3128 3129 3129 3129 3130 3130 3130 3125 3125 3125 3126 3126 3126 3127 3127 3127 3122 3122 3122 3123 3123 3123 3124 3124 3124 3119 3119 3119 3120 3120 3120 3121 3121 3121 3116 3116 3116 3117 3117 3117 3118 3118 3118 3113 3113 3113 3114 3114 3114 3115 3115 3115 3102 3102 3102 3112 3112 3112 3100 3100 3100 3111 3111 3111 3100 3100 3100 3112 3112 3112 3100 3100 3100 3111 3111 3111 3099 3099 3099 3110 3110 3110 3099 3099 3099 3111 3111 3111 3099 3099 3099 3110 3110 3110 3097 3097 3097 3109 3109 3109 3097 3097 3097 3110 3110 3110 3097 3097 3097 3109 3109 3109 3095 3095 3095 3108 3108 3108 3095 3095 3095 3109 3109 3109 3095 3095 3095 3108 3108 3108 3091 3091 3091 3107 3107 3107 3091 3091 3091 3108 3108 3108 3139 3139 3139 3140 3140 3140 3141 3141 3141 3113 3113 3113 3141 3141 3141 3140 3140 3140 3141 3141 3141 3113 3113 3113 3142 3142 3142 3143 3143 3143 3144 3144 3144 3145 3145 3145 3138 3138 3138 3146 3146 3146 3137 3137 3137 3113 3113 3113 3141 3141 3141 3140 3140 3140 3141 3141 3141 3113 3113 3113 3142 3142 3142 3115 3115 3115 3142 3142 3142 3113 3113 3113 3147 3147 3147 3148 3148 3148 3149 3149 3149 3148 3148 3148 3147 3147 3147 3103 3103 3103 3103 3103 3103 3147 3147 3147 3102 3102 3102 3118 3118 3118 3150 3150 3150 3116 3116 3116 3151 3151 3151 3152 3152 3152 3153 3153 3153 3121 3121 3121 3154 3154 3154 3119 3119 3119 3155 3155 3155 3156 3156 3156 3157 3157 3157 3158 3158 3158 3159 3159 3159 3160 3160 3160 3161 3161 3161 3162 3162 3162 3163 3163 3163 3164 3164 3164 3165 3165 3165 3166 3166 3166 3167 3167 3167 3168 3168 3168 3169 3169 3169 3169 3169 3169 3168 3168 3168 3170 3170 3170 3171 3171 3171 3172 3172 3172 3173 3173 3173 3174 3174 3174 3175 3175 3175 3176 3176 3176 3177 3177 3177 3178 3178 3178 3179 3179 3179 3180 3180 3180 3181 3181 3181 3182 3182 3182 3183 3183 3183 3103 3103 3103 3184 3184 3184 3185 3185 3185 3186 3186 3186 3187 3187 3187 3094 3094 3094 3184 3184 3184 3103 3103 3103 3183 3183 3183 3103 3103 3103 3184 3184 3184 3180 3180 3180 3181 3181 3181 3182 3182 3182 3177 3177 3177 3178 3178 3178 3179 3179 3179 3174 3174 3174 3175 3175 3175 3176 3176 3176 3171 3171 3171 3172 3172 3172 3173 3173 3173 3169 3169 3169 3168 3168 3168 3170 3170 3170 3167 3167 3167 3168 3168 3168 3169 3169 3169 3164 3164 3164 3165 3165 3165 3166 3166 3166 3161 3161 3161 3162 3162 3162 3163 3163 3163 3158 3158 3158 3159 3159 3159 3160 3160 3160 3155 3155 3155 3156 3156 3156 3157 3157 3157 3121 3121 3121 3154 3154 3154 3119 3119 3119 3151 3151 3151 3152 3152 3152 3153 3153 3153 3118 3118 3118 3150 3150 3150 3116 3116 3116 3103 3103 3103 3147 3147 3147 3102 3102 3102 3148 3148 3148 3147 3147 3147 3103 3103 3103 3147 3147 3147 3148 3148 3148 3149 3149 3149 3188 3188 3188 3189 3189 3189 3190 3190 3190 3191 3191 3191 3190 3190 3190 3189 3189 3189 3192 3192 3192 3193 3193 3193 3194 3194 3194 3193 3193 3193 3192 3192 3192 3195 3195 3195 3196 3196 3196 3197 3197 3197 3198 3198 3198 3198 3198 3198 3197 3197 3197 3199 3199 3199 3200 3200 3200 3201 3201 3201 3202 3202 3202 3201 3201 3201 3200 3200 3200 3203 3203 3203 3203 3203 3203 3200 3200 3200 3204 3204 3204 3205 3205 3205 3206 3206 3206 3207 3207 3207 3206 3206 3206 3205 3205 3205 3208 3208 3208 3209 3209 3209 3210 3210 3210 3211 3211 3211 3212 3212 3212 3213 3213 3213 3214 3214 3214 3214 3214 3214 3213 3213 3213 3189 3189 3189 3189 3189 3189 3213 3213 3213 3215 3215 3215 3216 3216 3216 3217 3217 3217 3218 3218 3218 3188 3188 3188 3189 3189 3189 3190 3190 3190 3191 3191 3191 3190 3190 3190 3189 3189 3189 3219 3219 3219 3220 3220 3220 3194 3194 3194 3193 3193 3193 3192 3192 3192 3195 3195 3195 3196 3196 3196 3197 3197 3197 3198 3198 3198 3198 3198 3198 3197 3197 3197 3199 3199 3199 3221 3221 3221 3222 3222 3222 3202 3202 3202 3201 3201 3201 3200 3200 3200 3203 3203 3203 3203 3203 3203 3200 3200 3200 3204 3204 3204 3223 3223 3223 3224 3224 3224 3207 3207 3207 3206 3206 3206 3205 3205 3205 3208 3208 3208 3218 3218 3218 3210 3210 3210 3216 3216 3216 3225 3225 3225 3226 3226 3226 3227 3227 3227 3214 3214 3214 3213 3213 3213 3189 3189 3189 3189 3189 3189 3213 3213 3213 3215 3215 3215 3228 3228 3228 3215 3215 3215 3213 3213 3213 3189 3189 3189 3215 3215 3215 3191 3191 3191 3229 3229 3229 3230 3230 3230 3231 3231 3231 3189 3189 3189 3215 3215 3215 3191 3191 3191 3229 3229 3229 3191 3191 3191 3215 3215 3215 3232 3232 3232 3233 3233 3233 3234 3234 3234 3233 3233 3233 3232 3232 3232 3188 3188 3188 3235 3235 3235 3188 3188 3188 3232 3232 3232 3188 3188 3188 3235 3235 3235 3189 3189 3189 3189 3189 3189 3235 3235 3235 3214 3214 3214 3214 3214 3214 3235 3235 3235 3236 3236 3236 3232 3232 3232 3236 3236 3236 3235 3235 3235 3236 3236 3236 3232 3232 3232 3237 3237 3237 3237 3237 3237 3232 3232 3232 3238 3238 3238 3234 3234 3234 3238 3238 3238 3232 3232 3232 3238 3238 3238 3234 3234 3234 3239 3239 3239 3233 3233 3233 3239 3239 3239 3234 3234 3234 3239 3239 3239 3233 3233 3233 3240 3240 3240 3240 3240 3240 3233 3233 3233 3241 3241 3241 3242 3242 3242 3243 3243 3243 3244 3244 3244 3188 3188 3188 3241 3241 3241 3233 3233 3233 3240 3240 3240 3233 3233 3233 3241 3241 3241 3239 3239 3239 3233 3233 3233 3240 3240 3240 3233 3233 3233 3239 3239 3239 3234 3234 3234 3238 3238 3238 3234 3234 3234 3239 3239 3239 3234 3234 3234 3238 3238 3238 3232 3232 3232 3237 3237 3237 3232 3232 3232 3238 3238 3238 3236 3236 3236 3232 3232 3232 3237 3237 3237 3232 3232 3232 3236 3236 3236 3235 3235 3235 3214 3214 3214 3235 3235 3235 3236 3236 3236 3189 3189 3189 3235 3235 3235 3214 3214 3214 3188 3188 3188 3235 3235 3235 3189 3189 3189 3235 3235 3235 3188 3188 3188 3232 3232 3232 3233 3233 3233 3232 3232 3232 3188 3188 3188 3232 3232 3232 3233 3233 3233 3234 3234 3234 3245 3245 3245 3246 3246 3246 3240 3240 3240 3240 3240 3240 3246 3246 3246 3239 3239 3239 3247 3247 3247 3239 3239 3239 3246 3246 3246 3239 3239 3239 3247 3247 3247 3238 3238 3238 3248 3248 3248 3238 3238 3238 3247 3247 3247 3238 3238 3238 3248 3248 3248 3237 3237 3237 3249 3249 3249 3237 3237 3237 3248 3248 3248 3237 3237 3237 3249 3249 3249 3236 3236 3236 3250 3250 3250 3236 3236 3236 3249 3249 3249 3236 3236 3236 3250 3250 3250 3214 3214 3214 3251 3251 3251 3214 3214 3214 3250 3250 3250 3214 3214 3214 3251 3251 3251 3212 3212 3212 3208 3208 3208 3252 3252 3252 3206 3206 3206 3253 3253 3253 3206 3206 3206 3252 3252 3252 3254 3254 3254 3255 3255 3255 3256 3256 3256 3257 3257 3257 3258 3258 3258 3259 3259 3259 3260 3260 3260 3261 3261 3261 3262 3262 3262 3263 3263 3263 3262 3262 3262 3261 3261 3261 3245 3245 3245 3246 3246 3246 3240 3240 3240 3240 3240 3240 3246 3246 3246 3239 3239 3239 3247 3247 3247 3239 3239 3239 3246 3246 3246 3239 3239 3239 3247 3247 3247 3238 3238 3238 3248 3248 3248 3238 3238 3238 3247 3247 3247 3238 3238 3238 3248 3248 3248 3237 3237 3237 3249 3249 3249 3237 3237 3237 3248 3248 3248 3237 3237 3237 3249 3249 3249 3236 3236 3236 3250 3250 3250 3236 3236 3236 3249 3249 3249 3236 3236 3236 3250 3250 3250 3214 3214 3214 3251 3251 3251 3214 3214 3214 3250 3250 3250 3214 3214 3214 3251 3251 3251 3212 3212 3212 3208 3208 3208 3252 3252 3252 3206 3206 3206 3253 3253 3253 3206 3206 3206 3252 3252 3252 3254 3254 3254 3255 3255 3255 3256 3256 3256 3257 3257 3257 3258 3258 3258 3259 3259 3259 3260 3260 3260 3264 3264 3264 3265 3265 3265 3263 3263 3263 3262 3262 3262 3261 3261 3261 3136 3136 3136 3266 3266 3266 3249 3249 3249 3249 3249 3249 3266 3266 3266 3250 3250 3250 3267 3267 3267 3250 3250 3250 3266 3266 3266 3268 3268 3268 3269 3269 3269 3270 3270 3270 3271 3271 3271 3272 3272 3272 3273 3273 3273 3249 3249 3249 3266 3266 3266 3250 3250 3250 3267 3267 3267 3250 3250 3250 3266 3266 3266 3250 3250 3250 3267 3267 3267 3251 3251 3251 3274 3274 3274 3275 3275 3275 3276 3276 3276 3277 3277 3277 3276 3276 3276 3275 3275 3275 3274 3274 3274 3275 3275 3275 3276 3276 3276 3277 3277 3277 3276 3276 3276 3275 3275 3275 3274 3274 3274 3276 3276 3276 3278 3278 3278 3279 3279 3279 3278 3278 3278 3276 3276 3276 3278 3278 3278 3279 3279 3279 3280 3280 3280 3281 3281 3281 3280 3280 3280 3279 3279 3279 3280 3280 3280 3281 3281 3281 3282 3282 3282 3282 3282 3282 3281 3281 3281 3283 3283 3283 3284 3284 3284 3283 3283 3283 3281 3281 3281 3283 3283 3283 3284 3284 3284 3285 3285 3285 3285 3285 3285 3284 3284 3284 3286 3286 3286 3286 3286 3286 3284 3284 3284 3277 3277 3277 3281 3281 3281 3277 3277 3277 3284 3284 3284 3277 3277 3277 3281 3281 3281 3276 3276 3276 3287 3287 3287 3288 3288 3288 3289 3289 3289 3274 3274 3274 3276 3276 3276 3278 3278 3278 3279 3279 3279 3278 3278 3278 3276 3276 3276 3278 3278 3278 3279 3279 3279 3280 3280 3280 3281 3281 3281 3280 3280 3280 3279 3279 3279 3280 3280 3280 3281 3281 3281 3282 3282 3282 3282 3282 3282 3281 3281 3281 3283 3283 3283 3284 3284 3284 3283 3283 3283 3281 3281 3281 3283 3283 3283 3284 3284 3284 3285 3285 3285 3285 3285 3285 3284 3284 3284 3286 3286 3286 3286 3286 3286 3284 3284 3284 3277 3277 3277 3281 3281 3281 3277 3277 3277 3284 3284 3284 3277 3277 3277 3281 3281 3281 3276 3276 3276 3279 3279 3279 3276 3276 3276 3281 3281 3281 3290 3290 3290 3274 3274 3274 3291 3291 3291 3278 3278 3278 3291 3291 3291 3274 3274 3274 3291 3291 3291 3278 3278 3278 3292 3292 3292 3280 3280 3280 3292 3292 3292 3278 3278 3278 3292 3292 3292 3280 3280 3280 3293 3293 3293 3282 3282 3282 3293 3293 3293 3280 3280 3280 3293 3293 3293 3282 3282 3282 3294 3294 3294 3283 3283 3283 3294 3294 3294 3282 3282 3282 3294 3294 3294 3283 3283 3283 3295 3295 3295 3285 3285 3285 3295 3295 3295 3283 3283 3283 3296 3296 3296 3297 3297 3297 3298 3298 3298 3299 3299 3299 3300 3300 3300 3301 3301 3301 3302 3302 3302 3303 3303 3303 3304 3304 3304 3305 3305 3305 3306 3306 3306 3307 3307 3307 3308 3308 3308 3309 3309 3309 3310 3310 3310 3311 3311 3311 3312 3312 3312 3313 3313 3313 3314 3314 3314 3315 3315 3315 3316 3316 3316 3317 3317 3317 3318 3318 3318 3319 3319 3319 3320 3320 3320 3318 3318 3318 3321 3321 3321 3314 3314 3314 3315 3315 3315 3316 3316 3316 3311 3311 3311 3312 3312 3312 3313 3313 3313 3308 3308 3308 3309 3309 3309 3310 3310 3310 3305 3305 3305 3306 3306 3306 3307 3307 3307 3302 3302 3302 3303 3303 3303 3304 3304 3304 3299 3299 3299 3300 3300 3300 3301 3301 3301 3296 3296 3296 3297 3297 3297 3298 3298 3298 3285 3285 3285 3295 3295 3295 3283 3283 3283 3294 3294 3294 3283 3283 3283 3295 3295 3295 3283 3283 3283 3294 3294 3294 3282 3282 3282 3293 3293 3293 3282 3282 3282 3294 3294 3294 3282 3282 3282 3293 3293 3293 3280 3280 3280 3292 3292 3292 3280 3280 3280 3293 3293 3293 3280 3280 3280 3292 3292 3292 3278 3278 3278 3291 3291 3291 3278 3278 3278 3292 3292 3292 3278 3278 3278 3291 3291 3291 3274 3274 3274 3290 3290 3290 3274 3274 3274 3291 3291 3291 3322 3322 3322 3323 3323 3323 3324 3324 3324 3296 3296 3296 3324 3324 3324 3323 3323 3323 3324 3324 3324 3296 3296 3296 3325 3325 3325 3326 3326 3326 3327 3327 3327 3328 3328 3328 3321 3321 3321 3329 3329 3329 3320 3320 3320 3296 3296 3296 3324 3324 3324 3323 3323 3323 3324 3324 3324 3296 3296 3296 3325 3325 3325 3298 3298 3298 3325 3325 3325 3296 3296 3296 3330 3330 3330 3331 3331 3331 3332 3332 3332 3331 3331 3331 3330 3330 3330 3286 3286 3286 3286 3286 3286 3330 3330 3330 3285 3285 3285 3301 3301 3301 3333 3333 3333 3299 3299 3299 3334 3334 3334 3335 3335 3335 3336 3336 3336 3304 3304 3304 3337 3337 3337 3302 3302 3302 3338 3338 3338 3339 3339 3339 3340 3340 3340 3341 3341 3341 3342 3342 3342 3343 3343 3343 3344 3344 3344 3345 3345 3345 3346 3346 3346 3347 3347 3347 3348 3348 3348 3349 3349 3349 3350 3350 3350 3351 3351 3351 3352 3352 3352 3352 3352 3352 3351 3351 3351 3353 3353 3353 3354 3354 3354 3355 3355 3355 3356 3356 3356 3357 3357 3357 3358 3358 3358 3359 3359 3359 3360 3360 3360 3361 3361 3361 3362 3362 3362 3363 3363 3363 3364 3364 3364 3365 3365 3365 3366 3366 3366 3286 3286 3286 3367 3367 3367 3368 3368 3368 3369 3369 3369 3370 3370 3370 3277 3277 3277 3367 3367 3367 3286 3286 3286 3366 3366 3366 3286 3286 3286 3367 3367 3367 3363 3363 3363 3364 3364 3364 3365 3365 3365 3360 3360 3360 3361 3361 3361 3362 3362 3362 3357 3357 3357 3358 3358 3358 3359 3359 3359 3354 3354 3354 3355 3355 3355 3356 3356 3356 3352 3352 3352 3351 3351 3351 3353 3353 3353 3350 3350 3350 3351 3351 3351 3352 3352 3352 3347 3347 3347 3348 3348 3348 3349 3349 3349 3344 3344 3344 3345 3345 3345 3346 3346 3346 3341 3341 3341 3342 3342 3342 3343 3343 3343 3338 3338 3338 3339 3339 3339 3340 3340 3340 3304 3304 3304 3337 3337 3337 3302 3302 3302 3334 3334 3334 3335 3335 3335 3336 3336 3336 3301 3301 3301 3333 3333 3333 3299 3299 3299 3286 3286 3286 3330 3330 3330 3285 3285 3285 3331 3331 3331 3330 3330 3330 3286 3286 3286 3330 3330 3330 3331 3331 3331 3332 3332 3332 3371 3371 3371 3372 3372 3372 3373 3373 3373 3374 3374 3374 3373 3373 3373 3372 3372 3372 3375 3375 3375 3376 3376 3376 3377 3377 3377 3376 3376 3376 3375 3375 3375 3378 3378 3378 3379 3379 3379 3380 3380 3380 3381 3381 3381 3381 3381 3381 3380 3380 3380 3382 3382 3382 3383 3383 3383 3384 3384 3384 3385 3385 3385 3384 3384 3384 3383 3383 3383 3386 3386 3386 3386 3386 3386 3383 3383 3383 3387 3387 3387 3388 3388 3388 3389 3389 3389 3390 3390 3390 3389 3389 3389 3388 3388 3388 3391 3391 3391 3392 3392 3392 3393 3393 3393 3394 3394 3394 3395 3395 3395 3396 3396 3396 3397 3397 3397 3397 3397 3397 3396 3396 3396 3372 3372 3372 3372 3372 3372 3396 3396 3396 3398 3398 3398 3399 3399 3399 3400 3400 3400 3401 3401 3401 3371 3371 3371 3372 3372 3372 3373 3373 3373 3374 3374 3374 3373 3373 3373 3372 3372 3372 3402 3402 3402 3403 3403 3403 3377 3377 3377 3376 3376 3376 3375 3375 3375 3378 3378 3378 3379 3379 3379 3380 3380 3380 3381 3381 3381 3381 3381 3381 3380 3380 3380 3382 3382 3382 3404 3404 3404 3405 3405 3405 3385 3385 3385 3384 3384 3384 3383 3383 3383 3386 3386 3386 3386 3386 3386 3383 3383 3383 3387 3387 3387 3406 3406 3406 3407 3407 3407 3390 3390 3390 3389 3389 3389 3388 3388 3388 3391 3391 3391 3401 3401 3401 3393 3393 3393 3399 3399 3399 3408 3408 3408 3409 3409 3409 3410 3410 3410 3397 3397 3397 3396 3396 3396 3372 3372 3372 3372 3372 3372 3396 3396 3396 3398 3398 3398 3411 3411 3411 3398 3398 3398 3396 3396 3396 3372 3372 3372 3398 3398 3398 3374 3374 3374 3412 3412 3412 3413 3413 3413 3414 3414 3414 3372 3372 3372 3398 3398 3398 3374 3374 3374 3412 3412 3412 3374 3374 3374 3398 3398 3398 3415 3415 3415 3416 3416 3416 3417 3417 3417 3416 3416 3416 3415 3415 3415 3371 3371 3371 3418 3418 3418 3371 3371 3371 3415 3415 3415 3371 3371 3371 3418 3418 3418 3372 3372 3372 3372 3372 3372 3418 3418 3418 3397 3397 3397 3397 3397 3397 3418 3418 3418 3419 3419 3419 3415 3415 3415 3419 3419 3419 3418 3418 3418 3419 3419 3419 3415 3415 3415 3420 3420 3420 3420 3420 3420 3415 3415 3415 3421 3421 3421 3417 3417 3417 3421 3421 3421 3415 3415 3415 3421 3421 3421 3417 3417 3417 3422 3422 3422 3416 3416 3416 3422 3422 3422 3417 3417 3417 3422 3422 3422 3416 3416 3416 3423 3423 3423 3423 3423 3423 3416 3416 3416 3424 3424 3424 3425 3425 3425 3426 3426 3426 3427 3427 3427 3371 3371 3371 3424 3424 3424 3416 3416 3416 3423 3423 3423 3416 3416 3416 3424 3424 3424 3422 3422 3422 3416 3416 3416 3423 3423 3423 3416 3416 3416 3422 3422 3422 3417 3417 3417 3421 3421 3421 3417 3417 3417 3422 3422 3422 3417 3417 3417 3421 3421 3421 3415 3415 3415 3420 3420 3420 3415 3415 3415 3421 3421 3421 3419 3419 3419 3415 3415 3415 3420 3420 3420 3415 3415 3415 3419 3419 3419 3418 3418 3418 3397 3397 3397 3418 3418 3418 3419 3419 3419 3372 3372 3372 3418 3418 3418 3397 3397 3397 3371 3371 3371 3418 3418 3418 3372 3372 3372 3418 3418 3418 3371 3371 3371 3415 3415 3415 3416 3416 3416 3415 3415 3415 3371 3371 3371 3415 3415 3415 3416 3416 3416 3417 3417 3417 3428 3428 3428 3429 3429 3429 3423 3423 3423 3423 3423 3423 3429 3429 3429 3422 3422 3422 3430 3430 3430 3422 3422 3422 3429 3429 3429 3422 3422 3422 3430 3430 3430 3421 3421 3421 3431 3431 3431 3421 3421 3421 3430 3430 3430 3421 3421 3421 3431 3431 3431 3420 3420 3420 3432 3432 3432 3420 3420 3420 3431 3431 3431 3420 3420 3420 3432 3432 3432 3419 3419 3419 3433 3433 3433 3419 3419 3419 3432 3432 3432 3419 3419 3419 3433 3433 3433 3397 3397 3397 3434 3434 3434 3397 3397 3397 3433 3433 3433 3397 3397 3397 3434 3434 3434 3395 3395 3395 3391 3391 3391 3435 3435 3435 3389 3389 3389 3436 3436 3436 3389 3389 3389 3435 3435 3435 3437 3437 3437 3438 3438 3438 3439 3439 3439 3440 3440 3440 3441 3441 3441 3442 3442 3442 3443 3443 3443 3444 3444 3444 3445 3445 3445 3446 3446 3446 3445 3445 3445 3444 3444 3444 3428 3428 3428 3429 3429 3429 3423 3423 3423 3423 3423 3423 3429 3429 3429 3422 3422 3422 3430 3430 3430 3422 3422 3422 3429 3429 3429 3422 3422 3422 3430 3430 3430 3421 3421 3421 3431 3431 3431 3421 3421 3421 3430 3430 3430 3421 3421 3421 3431 3431 3431 3420 3420 3420 3432 3432 3432 3420 3420 3420 3431 3431 3431 3420 3420 3420 3432 3432 3432 3419 3419 3419 3433 3433 3433 3419 3419 3419 3432 3432 3432 3419 3419 3419 3433 3433 3433 3397 3397 3397 3434 3434 3434 3397 3397 3397 3433 3433 3433 3397 3397 3397 3434 3434 3434 3395 3395 3395 3391 3391 3391 3435 3435 3435 3389 3389 3389 3436 3436 3436 3389 3389 3389 3435 3435 3435 3437 3437 3437 3438 3438 3438 3439 3439 3439 3440 3440 3440 3441 3441 3441 3442 3442 3442 3443 3443 3443 3447 3447 3447 3448 3448 3448 3446 3446 3446 3445 3445 3445 3444 3444 3444 3319 3319 3319 3449 3449 3449 3432 3432 3432 3432 3432 3432 3449 3449 3449 3433 3433 3433 3450 3450 3450 3433 3433 3433 3449 3449 3449 3451 3451 3451 3452 3452 3452 3453 3453 3453 3454 3454 3454 3455 3455 3455 3456 3456 3456 3432 3432 3432 3449 3449 3449 3433 3433 3433 3450 3450 3450 3433 3433 3433 3449 3449 3449 3433 3433 3433 3450 3450 3450 3434 3434 3434 3457 3457 3457 3458 3458 3458 3459 3459 3459 3460 3460 3460 3459 3459 3459 3458 3458 3458 3457 3457 3457 3458 3458 3458 3459 3459 3459 3460 3460 3460 3459 3459 3459 3458 3458 3458 3457 3457 3457 3459 3459 3459 3461 3461 3461 3462 3462 3462 3461 3461 3461 3459 3459 3459 3461 3461 3461 3462 3462 3462 3463 3463 3463 3464 3464 3464 3463 3463 3463 3462 3462 3462 3463 3463 3463 3464 3464 3464 3465 3465 3465 3465 3465 3465 3464 3464 3464 3466 3466 3466 3467 3467 3467 3466 3466 3466 3464 3464 3464 3466 3466 3466 3467 3467 3467 3468 3468 3468 3468 3468 3468 3467 3467 3467 3469 3469 3469 3469 3469 3469 3467 3467 3467 3460 3460 3460 3464 3464 3464 3460 3460 3460 3467 3467 3467 3460 3460 3460 3464 3464 3464 3459 3459 3459 3470 3470 3470 3471 3471 3471 3472 3472 3472 3457 3457 3457 3459 3459 3459 3461 3461 3461 3462 3462 3462 3461 3461 3461 3459 3459 3459 3461 3461 3461 3462 3462 3462 3463 3463 3463 3464 3464 3464 3463 3463 3463 3462 3462 3462 3463 3463 3463 3464 3464 3464 3465 3465 3465 3465 3465 3465 3464 3464 3464 3466 3466 3466 3467 3467 3467 3466 3466 3466 3464 3464 3464 3466 3466 3466 3467 3467 3467 3468 3468 3468 3468 3468 3468 3467 3467 3467 3469 3469 3469 3469 3469 3469 3467 3467 3467 3460 3460 3460 3464 3464 3464 3460 3460 3460 3467 3467 3467 3460 3460 3460 3464 3464 3464 3459 3459 3459 3462 3462 3462 3459 3459 3459 3464 3464 3464 3473 3473 3473 3457 3457 3457 3474 3474 3474 3461 3461 3461 3474 3474 3474 3457 3457 3457 3474 3474 3474 3461 3461 3461 3475 3475 3475 3463 3463 3463 3475 3475 3475 3461 3461 3461 3475 3475 3475 3463 3463 3463 3476 3476 3476 3465 3465 3465 3476 3476 3476 3463 3463 3463 3476 3476 3476 3465 3465 3465 3477 3477 3477 3466 3466 3466 3477 3477 3477 3465 3465 3465 3477 3477 3477 3466 3466 3466 3478 3478 3478 3468 3468 3468 3478 3478 3478 3466 3466 3466 3479 3479 3479 3480 3480 3480 3481 3481 3481 3482 3482 3482 3483 3483 3483 3484 3484 3484 3485 3485 3485 3486 3486 3486 3487 3487 3487 3488 3488 3488 3489 3489 3489 3490 3490 3490 3491 3491 3491 3492 3492 3492 3493 3493 3493 3494 3494 3494 3495 3495 3495 3496 3496 3496 3497 3497 3497 3498 3498 3498 3499 3499 3499 3500 3500 3500 3501 3501 3501 3502 3502 3502 3503 3503 3503 3501 3501 3501 3504 3504 3504 3497 3497 3497 3498 3498 3498 3499 3499 3499 3494 3494 3494 3495 3495 3495 3496 3496 3496 3491 3491 3491 3492 3492 3492 3493 3493 3493 3488 3488 3488 3489 3489 3489 3490 3490 3490 3485 3485 3485 3486 3486 3486 3487 3487 3487 3482 3482 3482 3483 3483 3483 3484 3484 3484 3479 3479 3479 3480 3480 3480 3481 3481 3481 3468 3468 3468 3478 3478 3478 3466 3466 3466 3477 3477 3477 3466 3466 3466 3478 3478 3478 3466 3466 3466 3477 3477 3477 3465 3465 3465 3476 3476 3476 3465 3465 3465 3477 3477 3477 3465 3465 3465 3476 3476 3476 3463 3463 3463 3475 3475 3475 3463 3463 3463 3476 3476 3476 3463 3463 3463 3475 3475 3475 3461 3461 3461 3474 3474 3474 3461 3461 3461 3475 3475 3475 3461 3461 3461 3474 3474 3474 3457 3457 3457 3473 3473 3473 3457 3457 3457 3474 3474 3474 3505 3505 3505 3506 3506 3506 3507 3507 3507 3479 3479 3479 3507 3507 3507 3506 3506 3506 3507 3507 3507 3479 3479 3479 3508 3508 3508 3509 3509 3509 3510 3510 3510 3511 3511 3511 3504 3504 3504 3512 3512 3512 3503 3503 3503 3479 3479 3479 3507 3507 3507 3506 3506 3506 3507 3507 3507 3479 3479 3479 3508 3508 3508 3481 3481 3481 3508 3508 3508 3479 3479 3479 3513 3513 3513 3514 3514 3514 3515 3515 3515 3514 3514 3514 3513 3513 3513 3469 3469 3469 3469 3469 3469 3513 3513 3513 3468 3468 3468 3484 3484 3484 3516 3516 3516 3482 3482 3482 3517 3517 3517 3518 3518 3518 3519 3519 3519 3487 3487 3487 3520 3520 3520 3485 3485 3485 3521 3521 3521 3522 3522 3522 3523 3523 3523 3524 3524 3524 3525 3525 3525 3526 3526 3526 3527 3527 3527 3528 3528 3528 3529 3529 3529 3530 3530 3530 3531 3531 3531 3532 3532 3532 3533 3533 3533 3534 3534 3534 3535 3535 3535 3535 3535 3535 3534 3534 3534 3536 3536 3536 3537 3537 3537 3538 3538 3538 3539 3539 3539 3540 3540 3540 3541 3541 3541 3542 3542 3542 3543 3543 3543 3544 3544 3544 3545 3545 3545 3546 3546 3546 3547 3547 3547 3548 3548 3548 3549 3549 3549 3469 3469 3469 3550 3550 3550 3551 3551 3551 3552 3552 3552 3553 3553 3553 3460 3460 3460 3550 3550 3550 3469 3469 3469 3549 3549 3549 3469 3469 3469 3550 3550 3550 3546 3546 3546 3547 3547 3547 3548 3548 3548 3543 3543 3543 3544 3544 3544 3545 3545 3545 3540 3540 3540 3541 3541 3541 3542 3542 3542 3537 3537 3537 3538 3538 3538 3539 3539 3539 3535 3535 3535 3534 3534 3534 3536 3536 3536 3533 3533 3533 3534 3534 3534 3535 3535 3535 3530 3530 3530 3531 3531 3531 3532 3532 3532 3527 3527 3527 3528 3528 3528 3529 3529 3529 3524 3524 3524 3525 3525 3525 3526 3526 3526 3521 3521 3521 3522 3522 3522 3523 3523 3523 3487 3487 3487 3520 3520 3520 3485 3485 3485 3517 3517 3517 3518 3518 3518 3519 3519 3519 3484 3484 3484 3516 3516 3516 3482 3482 3482 3469 3469 3469 3513 3513 3513 3468 3468 3468 3514 3514 3514 3513 3513 3513 3469 3469 3469 3513 3513 3513 3514 3514 3514 3515 3515 3515 3554 3554 3554 3555 3555 3555 3556 3556 3556 3557 3557 3557 3556 3556 3556 3555 3555 3555 3558 3558 3558 3559 3559 3559 3560 3560 3560 3559 3559 3559 3558 3558 3558 3561 3561 3561 3562 3562 3562 3563 3563 3563 3564 3564 3564 3564 3564 3564 3563 3563 3563 3565 3565 3565 3566 3566 3566 3567 3567 3567 3568 3568 3568 3567 3567 3567 3566 3566 3566 3569 3569 3569 3569 3569 3569 3566 3566 3566 3570 3570 3570 3571 3571 3571 3572 3572 3572 3573 3573 3573 3572 3572 3572 3571 3571 3571 3574 3574 3574 3575 3575 3575 3576 3576 3576 3577 3577 3577 3578 3578 3578 3579 3579 3579 3580 3580 3580 3580 3580 3580 3579 3579 3579 3555 3555 3555 3555 3555 3555 3579 3579 3579 3581 3581 3581 3582 3582 3582 3583 3583 3583 3584 3584 3584 3554 3554 3554 3555 3555 3555 3556 3556 3556 3557 3557 3557 3556 3556 3556 3555 3555 3555 3585 3585 3585 3586 3586 3586 3560 3560 3560 3559 3559 3559 3558 3558 3558 3561 3561 3561 3562 3562 3562 3563 3563 3563 3564 3564 3564 3564 3564 3564 3563 3563 3563 3565 3565 3565 3587 3587 3587 3588 3588 3588 3568 3568 3568 3567 3567 3567 3566 3566 3566 3569 3569 3569 3569 3569 3569 3566 3566 3566 3570 3570 3570 3589 3589 3589 3590 3590 3590 3573 3573 3573 3572 3572 3572 3571 3571 3571 3574 3574 3574 3584 3584 3584 3576 3576 3576 3582 3582 3582 3591 3591 3591 3592 3592 3592 3593 3593 3593 3580 3580 3580 3579 3579 3579 3555 3555 3555 3555 3555 3555 3579 3579 3579 3581 3581 3581 3594 3594 3594 3581 3581 3581 3579 3579 3579 3555 3555 3555 3581 3581 3581 3557 3557 3557 3595 3595 3595 3596 3596 3596 3597 3597 3597 3555 3555 3555 3581 3581 3581 3557 3557 3557 3595 3595 3595 3557 3557 3557 3581 3581 3581 3598 3598 3598 3599 3599 3599 3600 3600 3600 3599 3599 3599 3598 3598 3598 3554 3554 3554 3601 3601 3601 3554 3554 3554 3598 3598 3598 3554 3554 3554 3601 3601 3601 3555 3555 3555 3555 3555 3555 3601 3601 3601 3580 3580 3580 3580 3580 3580 3601 3601 3601 3602 3602 3602 3598 3598 3598 3602 3602 3602 3601 3601 3601 3602 3602 3602 3598 3598 3598 3603 3603 3603 3603 3603 3603 3598 3598 3598 3604 3604 3604 3600 3600 3600 3604 3604 3604 3598 3598 3598 3604 3604 3604 3600 3600 3600 3605 3605 3605 3599 3599 3599 3605 3605 3605 3600 3600 3600 3605 3605 3605 3599 3599 3599 3606 3606 3606 3606 3606 3606 3599 3599 3599 3607 3607 3607 3608 3608 3608 3609 3609 3609 3610 3610 3610 3554 3554 3554 3607 3607 3607 3599 3599 3599 3606 3606 3606 3599 3599 3599 3607 3607 3607 3605 3605 3605 3599 3599 3599 3606 3606 3606 3599 3599 3599 3605 3605 3605 3600 3600 3600 3604 3604 3604 3600 3600 3600 3605 3605 3605 3600 3600 3600 3604 3604 3604 3598 3598 3598 3603 3603 3603 3598 3598 3598 3604 3604 3604 3602 3602 3602 3598 3598 3598 3603 3603 3603 3598 3598 3598 3602 3602 3602 3601 3601 3601 3580 3580 3580 3601 3601 3601 3602 3602 3602 3555 3555 3555 3601 3601 3601 3580 3580 3580 3554 3554 3554 3601 3601 3601 3555 3555 3555 3601 3601 3601 3554 3554 3554 3598 3598 3598 3599 3599 3599 3598 3598 3598 3554 3554 3554 3598 3598 3598 3599 3599 3599 3600 3600 3600 3611 3611 3611 3612 3612 3612 3606 3606 3606 3606 3606 3606 3612 3612 3612 3605 3605 3605 3613 3613 3613 3605 3605 3605 3612 3612 3612 3605 3605 3605 3613 3613 3613 3604 3604 3604 3614 3614 3614 3604 3604 3604 3613 3613 3613 3604 3604 3604 3614 3614 3614 3603 3603 3603 3615 3615 3615 3603 3603 3603 3614 3614 3614 3603 3603 3603 3615 3615 3615 3602 3602 3602 3616 3616 3616 3602 3602 3602 3615 3615 3615 3602 3602 3602 3616 3616 3616 3580 3580 3580 3617 3617 3617 3580 3580 3580 3616 3616 3616 3580 3580 3580 3617 3617 3617 3578 3578 3578 3574 3574 3574 3618 3618 3618 3572 3572 3572 3619 3619 3619 3572 3572 3572 3618 3618 3618 3620 3620 3620 3621 3621 3621 3622 3622 3622 3623 3623 3623 3624 3624 3624 3625 3625 3625 3626 3626 3626 3627 3627 3627 3628 3628 3628 3629 3629 3629 3628 3628 3628 3627 3627 3627 3611 3611 3611 3612 3612 3612 3606 3606 3606 3606 3606 3606 3612 3612 3612 3605 3605 3605 3613 3613 3613 3605 3605 3605 3612 3612 3612 3605 3605 3605 3613 3613 3613 3604 3604 3604 3614 3614 3614 3604 3604 3604 3613 3613 3613 3604 3604 3604 3614 3614 3614 3603 3603 3603 3615 3615 3615 3603 3603 3603 3614 3614 3614 3603 3603 3603 3615 3615 3615 3602 3602 3602 3616 3616 3616 3602 3602 3602 3615 3615 3615 3602 3602 3602 3616 3616 3616 3580 3580 3580 3617 3617 3617 3580 3580 3580 3616 3616 3616 3580 3580 3580 3617 3617 3617 3578 3578 3578 3574 3574 3574 3618 3618 3618 3572 3572 3572 3619 3619 3619 3572 3572 3572 3618 3618 3618 3620 3620 3620 3621 3621 3621 3622 3622 3622 3623 3623 3623 3624 3624 3624 3625 3625 3625 3626 3626 3626 3630 3630 3630 3631 3631 3631 3629 3629 3629 3628 3628 3628 3627 3627 3627 3502 3502 3502 3632 3632 3632 3615 3615 3615 3615 3615 3615 3632 3632 3632 3616 3616 3616 3633 3633 3633 3616 3616 3616 3632 3632 3632 3634 3634 3634 3635 3635 3635 3636 3636 3636 3637 3637 3637 3638 3638 3638 3639 3639 3639 3615 3615 3615 3632 3632 3632 3616 3616 3616 3633 3633 3633 3616 3616 3616 3632 3632 3632 3616 3616 3616 3633 3633 3633 3617 3617 3617 3640 3640 3640 3641 3641 3641 3642 3642 3642 3643 3643 3643 3642 3642 3642 3641 3641 3641 3640 3640 3640 3642 3642 3642 3644 3644 3644 3645 3645 3645 3644 3644 3644 3642 3642 3642 3644 3644 3644 3645 3645 3645 3646 3646 3646 3647 3647 3647 3646 3646 3646 3645 3645 3645 3646 3646 3646 3647 3647 3647 3648 3648 3648 3648 3648 3648 3647 3647 3647 3649 3649 3649 3650 3650 3650 3649 3649 3649 3647 3647 3647 3649 3649 3649 3650 3650 3650 3651 3651 3651 3651 3651 3651 3650 3650 3650 3652 3652 3652 3652 3652 3652 3650 3650 3650 3643 3643 3643 3647 3647 3647 3643 3643 3643 3650 3650 3650 3643 3643 3643 3647 3647 3647 3642 3642 3642 3653 3653 3653 3654 3654 3654 3655 3655 3655 3656 3656 3656 3640 3640 3640 3657 3657 3657 3644 3644 3644 3657 3657 3657 3640 3640 3640 3657 3657 3657 3644 3644 3644 3658 3658 3658 3646 3646 3646 3658 3658 3658 3644 3644 3644 3658 3658 3658 3646 3646 3646 3659 3659 3659 3648 3648 3648 3659 3659 3659 3646 3646 3646 3659 3659 3659 3648 3648 3648 3660 3660 3660 3649 3649 3649 3660 3660 3660 3648 3648 3648 3660 3660 3660 3649 3649 3649 3661 3661 3661 3651 3651 3651 3661 3661 3661 3649 3649 3649 3661 3661 3661 3651 3651 3651 3662 3662 3662 3663 3663 3663 3662 3662 3662 3651 3651 3651 3664 3664 3664 3665 3665 3665 3666 3666 3666 3665 3665 3665 3664 3664 3664 3667 3667 3667 3668 3668 3668 3669 3669 3669 3670 3670 3670 3671 3671 3671 3672 3672 3672 3673 3673 3673 3674 3674 3674 3675 3675 3675 3676 3676 3676 3675 3675 3675 3674 3674 3674 3677 3677 3677 3678 3678 3678 3679 3679 3679 3680 3680 3680 3681 3681 3681 3680 3680 3680 3679 3679 3679 3680 3680 3680 3681 3681 3681 3682 3682 3682 3683 3683 3683 3684 3684 3684 3685 3685 3685 3643 3643 3643 3686 3686 3686 3652 3652 3652 3687 3687 3687 3688 3688 3688 3689 3689 3689 3690 3690 3690 3691 3691 3691 3692 3692 3692 3693 3693 3693 3694 3694 3694 3695 3695 3695 3686 3686 3686 3696 3696 3696 3697 3697 3697 3698 3698 3698 3696 3696 3696 3686 3686 3686 3699 3699 3699 3700 3700 3700 3701 3701 3701 3702 3702 3702 3703 3703 3703 3704 3704 3704 3705 3705 3705 3706 3706 3706 3707 3707 3707 3708 3708 3708 3709 3709 3709 3710 3710 3710 3711 3711 3711 3712 3712 3712 3713 3713 3713 3714 3714 3714 3664 3664 3664 3715 3715 3715 3666 3666 3666 3715 3715 3715 3664 3664 3664 3716 3716 3716 3717 3717 3717 3718 3718 3718 3651 3651 3651 3719 3719 3719 3663 3663 3663 3652 3652 3652 3719 3719 3719 3651 3651 3651 3720 3720 3720 3721 3721 3721 3722 3722 3722 3723 3723 3723 3724 3724 3724 3725 3725 3725 3678 3678 3678 3726 3726 3726 3727 3727 3727 3681 3681 3681 3680 3680 3680 3679 3679 3679 3680 3680 3680 3681 3681 3681 3682 3682 3682 3728 3728 3728 3682 3682 3682 3681 3681 3681 3656 3656 3656 3640 3640 3640 3657 3657 3657 3644 3644 3644 3657 3657 3657 3640 3640 3640 3657 3657 3657 3644 3644 3644 3658 3658 3658 3646 3646 3646 3658 3658 3658 3644 3644 3644 3658 3658 3658 3646 3646 3646 3659 3659 3659 3648 3648 3648 3659 3659 3659 3646 3646 3646 3659 3659 3659 3648 3648 3648 3660 3660 3660 3649 3649 3649 3660 3660 3660 3648 3648 3648 3660 3660 3660 3649 3649 3649 3661 3661 3661 3651 3651 3651 3661 3661 3661 3649 3649 3649 3661 3661 3661 3651 3651 3651 3662 3662 3662 3663 3663 3663 3662 3662 3662 3651 3651 3651 3729 3729 3729 3728 3728 3728 3730 3730 3730 3665 3665 3665 3664 3664 3664 3667 3667 3667 3731 3731 3731 3684 3684 3684 3670 3670 3670 3671 3671 3671 3672 3672 3672 3673 3673 3673 3732 3732 3732 3727 3727 3727 3731 3731 3731 3675 3675 3675 3674 3674 3674 3677 3677 3677 3640 3640 3640 3642 3642 3642 3644 3644 3644 3645 3645 3645 3644 3644 3644 3642 3642 3642 3644 3644 3644 3645 3645 3645 3646 3646 3646 3647 3647 3647 3646 3646 3646 3645 3645 3645 3646 3646 3646 3647 3647 3647 3648 3648 3648 3648 3648 3648 3647 3647 3647 3649 3649 3649 3650 3650 3650 3649 3649 3649 3647 3647 3647 3649 3649 3649 3650 3650 3650 3651 3651 3651 3651 3651 3651 3650 3650 3650 3652 3652 3652 3652 3652 3652 3650 3650 3650 3643 3643 3643 3647 3647 3647 3643 3643 3643 3650 3650 3650 3643 3643 3643 3647 3647 3647 3642 3642 3642 3645 3645 3645 3642 3642 3642 3647 3647 3647 3723 3723 3723 3724 3724 3724 3725 3725 3725 3720 3720 3720 3721 3721 3721 3722 3722 3722 3652 3652 3652 3719 3719 3719 3651 3651 3651 3651 3651 3651 3719 3719 3719 3663 3663 3663 3716 3716 3716 3717 3717 3717 3718 3718 3718 3666 3666 3666 3715 3715 3715 3664 3664 3664 3714 3714 3714 3664 3664 3664 3715 3715 3715 3711 3711 3711 3712 3712 3712 3713 3713 3713 3708 3708 3708 3709 3709 3709 3710 3710 3710 3705 3705 3705 3706 3706 3706 3707 3707 3707 3702 3702 3702 3703 3703 3703 3704 3704 3704 3699 3699 3699 3700 3700 3700 3701 3701 3701 3698 3698 3698 3696 3696 3696 3686 3686 3686 3686 3686 3686 3696 3696 3696 3697 3697 3697 3693 3693 3693 3694 3694 3694 3695 3695 3695 3690 3690 3690 3691 3691 3691 3692 3692 3692 3687 3687 3687 3688 3688 3688 3689 3689 3689 3643 3643 3643 3686 3686 3686 3652 3652 3652 3640 3640 3640 3641 3641 3641 3642 3642 3642 3643 3643 3643 3642 3642 3642 3641 3641 3641 3733 3733 3733 3734 3734 3734 3735 3735 3735 3736 3736 3736 3735 3735 3735 3734 3734 3734 3737 3737 3737 3738 3738 3738 3739 3739 3739 3738 3738 3738 3737 3737 3737 3740 3740 3740 3740 3740 3740 3737 3737 3737 3741 3741 3741 3741 3741 3741 3737 3737 3737 3742 3742 3742 3743 3743 3743 3744 3744 3744 3745 3745 3745 3744 3744 3744 3743 3743 3743 3746 3746 3746 3746 3746 3746 3743 3743 3743 3747 3747 3747 3748 3748 3748 3729 3729 3729 3749 3749 3749 3729 3729 3729 3748 3748 3748 3750 3750 3750 3751 3751 3751 3752 3752 3752 3753 3753 3753 3754 3754 3754 3755 3755 3755 3756 3756 3756 3756 3756 3756 3755 3755 3755 3734 3734 3734 3734 3734 3734 3755 3755 3755 3757 3757 3757 3758 3758 3758 3759 3759 3759 3760 3760 3760 3734 3734 3734 3757 3757 3757 3736 3736 3736 3761 3761 3761 3762 3762 3762 3759 3759 3759 3763 3763 3763 3764 3764 3764 3765 3765 3765 3764 3764 3764 3763 3763 3763 3733 3733 3733 3766 3766 3766 3733 3733 3733 3763 3763 3763 3733 3733 3733 3766 3766 3766 3734 3734 3734 3734 3734 3734 3766 3766 3766 3756 3756 3756 3756 3756 3756 3766 3766 3766 3767 3767 3767 3763 3763 3763 3767 3767 3767 3766 3766 3766 3767 3767 3767 3763 3763 3763 3768 3768 3768 3768 3768 3768 3763 3763 3763 3769 3769 3769 3765 3765 3765 3769 3769 3769 3763 3763 3763 3769 3769 3769 3765 3765 3765 3770 3770 3770 3764 3764 3764 3770 3770 3770 3765 3765 3765 3770 3770 3770 3764 3764 3764 3771 3771 3771 3771 3771 3771 3764 3764 3764 3772 3772 3772 3773 3773 3773 3774 3774 3774 3775 3775 3775 3776 3776 3776 3777 3777 3777 3771 3771 3771 3778 3778 3778 3779 3779 3779 3780 3780 3780 3781 3781 3781 3782 3782 3782 3783 3783 3783 3784 3784 3784 3785 3785 3785 3786 3786 3786 3787 3787 3787 3788 3788 3788 3789 3789 3789 3790 3790 3790 3791 3791 3791 3792 3792 3792 3726 3726 3726 3793 3793 3793 3794 3794 3794 3795 3795 3795 3796 3796 3796 3797 3797 3797 3798 3798 3798 3799 3799 3799 3800 3800 3800 3801 3801 3801 3802 3802 3802 3803 3803 3803 3804 3804 3804 3805 3805 3805 3806 3806 3806 3807 3807 3807 3808 3808 3808 3809 3809 3809 3810 3810 3810 3811 3811 3811 3812 3812 3812 3813 3813 3813 3814 3814 3814 3815 3815 3815 3816 3816 3816 3817 3817 3817 3818 3818 3818 3819 3819 3819 3820 3820 3820 3821 3821 3821 3822 3822 3822 3823 3823 3823 3824 3824 3824 3825 3825 3825 3826 3826 3826 3827 3827 3827 3828 3828 3828 3829 3829 3829 3830 3830 3830 3830 3830 3830 3829 3829 3829 3831 3831 3831 3832 3832 3832 3831 3831 3831 3829 3829 3829 3833 3833 3833 3834 3834 3834 3835 3835 3835 3828 3828 3828 3836 3836 3836 3837 3837 3837 3830 3830 3830 3829 3829 3829 3831 3831 3831 3832 3832 3832 3831 3831 3831 3829 3829 3829 3831 3831 3831 3832 3832 3832 3835 3835 3835 3825 3825 3825 3826 3826 3826 3827 3827 3827 3822 3822 3822 3823 3823 3823 3824 3824 3824 3819 3819 3819 3820 3820 3820 3821 3821 3821 3816 3816 3816 3817 3817 3817 3818 3818 3818 3813 3813 3813 3814 3814 3814 3815 3815 3815 3810 3810 3810 3811 3811 3811 3812 3812 3812 3807 3807 3807 3808 3808 3808 3809 3809 3809 3804 3804 3804 3805 3805 3805 3806 3806 3806 3801 3801 3801 3802 3802 3802 3803 3803 3803 3798 3798 3798 3799 3799 3799 3800 3800 3800 3795 3795 3795 3796 3796 3796 3797 3797 3797 3726 3726 3726 3793 3793 3793 3794 3794 3794 3790 3790 3790 3791 3791 3791 3792 3792 3792 3787 3787 3787 3788 3788 3788 3789 3789 3789 3784 3784 3784 3785 3785 3785 3786 3786 3786 3781 3781 3781 3782 3782 3782 3783 3783 3783 3778 3778 3778 3779 3779 3779 3780 3780 3780 3776 3776 3776 3777 3777 3777 3771 3771 3771 3733 3733 3733 3772 3772 3772 3764 3764 3764 3771 3771 3771 3764 3764 3764 3772 3772 3772 3770 3770 3770 3764 3764 3764 3771 3771 3771 3764 3764 3764 3770 3770 3770 3765 3765 3765 3769 3769 3769 3765 3765 3765 3770 3770 3770 3765 3765 3765 3769 3769 3769 3763 3763 3763 3768 3768 3768 3763 3763 3763 3769 3769 3769 3767 3767 3767 3763 3763 3763 3768 3768 3768 3763 3763 3763 3767 3767 3767 3766 3766 3766 3756 3756 3756 3766 3766 3766 3767 3767 3767 3734 3734 3734 3766 3766 3766 3756 3756 3756 3733 3733 3733 3766 3766 3766 3734 3734 3734 3766 3766 3766 3733 3733 3733 3763 3763 3763 3764 3764 3764 3763 3763 3763 3733 3733 3733 3763 3763 3763 3764 3764 3764 3765 3765 3765 3733 3733 3733 3734 3734 3734 3735 3735 3735 3736 3736 3736 3735 3735 3735 3734 3734 3734 3761 3761 3761 3838 3838 3838 3762 3762 3762 3738 3738 3738 3737 3737 3737 3740 3740 3740 3740 3740 3740 3737 3737 3737 3741 3741 3741 3741 3741 3741 3737 3737 3737 3742 3742 3742 3759 3759 3759 3839 3839 3839 3761 3761 3761 3744 3744 3744 3743 3743 3743 3746 3746 3746 3746 3746 3746 3743 3743 3743 3747 3747 3747 3840 3840 3840 3841 3841 3841 3749 3749 3749 3729 3729 3729 3748 3748 3748 3750 3750 3750 3751 3751 3751 3752 3752 3752 3753 3753 3753 3754 3754 3754 3755 3755 3755 3756 3756 3756 3756 3756 3756 3755 3755 3755 3734 3734 3734 3734 3734 3734 3755 3755 3755 3757 3757 3757 3758 3758 3758 3757 3757 3757 3755 3755 3755 3734 3734 3734 3757 3757 3757 3736 3736 3736 3842 3842 3842 3736 3736 3736 3757 3757 3757 3843 3843 3843 3844 3844 3844 3845 3845 3845 3846 3846 3846 3845 3845 3845 3844 3844 3844 3843 3843 3843 3844 3844 3844 3845 3845 3845 3846 3846 3846 3845 3845 3845 3844 3844 3844 3843 3843 3843 3845 3845 3845 3847 3847 3847 3848 3848 3848 3847 3847 3847 3845 3845 3845 3847 3847 3847 3848 3848 3848 3849 3849 3849 3850 3850 3850 3849 3849 3849 3848 3848 3848 3849 3849 3849 3850 3850 3850 3851 3851 3851 3851 3851 3851 3850 3850 3850 3852 3852 3852 3853 3853 3853 3852 3852 3852 3850 3850 3850 3852 3852 3852 3853 3853 3853 3854 3854 3854 3854 3854 3854 3853 3853 3853 3855 3855 3855 3855 3855 3855 3853 3853 3853 3846 3846 3846 3850 3850 3850 3846 3846 3846 3853 3853 3853 3846 3846 3846 3850 3850 3850 3845 3845 3845 3856 3856 3856 3857 3857 3857 3858 3858 3858 3843 3843 3843 3845 3845 3845 3847 3847 3847 3848 3848 3848 3847 3847 3847 3845 3845 3845 3847 3847 3847 3848 3848 3848 3849 3849 3849 3850 3850 3850 3849 3849 3849 3848 3848 3848 3849 3849 3849 3850 3850 3850 3851 3851 3851 3851 3851 3851 3850 3850 3850 3852 3852 3852 3853 3853 3853 3852 3852 3852 3850 3850 3850 3852 3852 3852 3853 3853 3853 3854 3854 3854 3854 3854 3854 3853 3853 3853 3855 3855 3855 3855 3855 3855 3853 3853 3853 3846 3846 3846 3850 3850 3850 3846 3846 3846 3853 3853 3853 3846 3846 3846 3850 3850 3850 3845 3845 3845 3848 3848 3848 3845 3845 3845 3850 3850 3850 3859 3859 3859 3843 3843 3843 3860 3860 3860 3847 3847 3847 3860 3860 3860 3843 3843 3843 3860 3860 3860 3847 3847 3847 3861 3861 3861 3849 3849 3849 3861 3861 3861 3847 3847 3847 3861 3861 3861 3849 3849 3849 3862 3862 3862 3851 3851 3851 3862 3862 3862 3849 3849 3849 3862 3862 3862 3851 3851 3851 3863 3863 3863 3852 3852 3852 3863 3863 3863 3851 3851 3851 3863 3863 3863 3852 3852 3852 3864 3864 3864 3854 3854 3854 3864 3864 3864 3852 3852 3852 3865 3865 3865 3866 3866 3866 3867 3867 3867 3868 3868 3868 3869 3869 3869 3870 3870 3870 3871 3871 3871 3872 3872 3872 3873 3873 3873 3874 3874 3874 3875 3875 3875 3876 3876 3876 3877 3877 3877 3878 3878 3878 3879 3879 3879 3880 3880 3880 3881 3881 3881 3882 3882 3882 3883 3883 3883 3884 3884 3884 3885 3885 3885 3886 3886 3886 3887 3887 3887 3888 3888 3888 3889 3889 3889 3887 3887 3887 3890 3890 3890 3883 3883 3883 3884 3884 3884 3885 3885 3885 3880 3880 3880 3881 3881 3881 3882 3882 3882 3877 3877 3877 3878 3878 3878 3879 3879 3879 3874 3874 3874 3875 3875 3875 3876 3876 3876 3871 3871 3871 3872 3872 3872 3873 3873 3873 3868 3868 3868 3869 3869 3869 3870 3870 3870 3865 3865 3865 3866 3866 3866 3867 3867 3867 3854 3854 3854 3864 3864 3864 3852 3852 3852 3863 3863 3863 3852 3852 3852 3864 3864 3864 3852 3852 3852 3863 3863 3863 3851 3851 3851 3862 3862 3862 3851 3851 3851 3863 3863 3863 3851 3851 3851 3862 3862 3862 3849 3849 3849 3861 3861 3861 3849 3849 3849 3862 3862 3862 3849 3849 3849 3861 3861 3861 3847 3847 3847 3860 3860 3860 3847 3847 3847 3861 3861 3861 3847 3847 3847 3860 3860 3860 3843 3843 3843 3859 3859 3859 3843 3843 3843 3860 3860 3860 3891 3891 3891 3892 3892 3892 3893 3893 3893 3865 3865 3865 3893 3893 3893 3892 3892 3892 3893 3893 3893 3865 3865 3865 3894 3894 3894 3895 3895 3895 3896 3896 3896 3897 3897 3897 3890 3890 3890 3898 3898 3898 3889 3889 3889 3865 3865 3865 3893 3893 3893 3892 3892 3892 3893 3893 3893 3865 3865 3865 3894 3894 3894 3867 3867 3867 3894 3894 3894 3865 3865 3865 3899 3899 3899 3900 3900 3900 3901 3901 3901 3900 3900 3900 3899 3899 3899 3855 3855 3855 3855 3855 3855 3899 3899 3899 3854 3854 3854 3870 3870 3870 3902 3902 3902 3868 3868 3868 3903 3903 3903 3904 3904 3904 3905 3905 3905 3873 3873 3873 3906 3906 3906 3871 3871 3871 3907 3907 3907 3908 3908 3908 3909 3909 3909 3910 3910 3910 3911 3911 3911 3912 3912 3912 3913 3913 3913 3914 3914 3914 3915 3915 3915 3916 3916 3916 3917 3917 3917 3918 3918 3918 3919 3919 3919 3920 3920 3920 3921 3921 3921 3921 3921 3921 3920 3920 3920 3922 3922 3922 3923 3923 3923 3924 3924 3924 3925 3925 3925 3926 3926 3926 3927 3927 3927 3928 3928 3928 3929 3929 3929 3930 3930 3930 3931 3931 3931 3932 3932 3932 3933 3933 3933 3934 3934 3934 3935 3935 3935 3855 3855 3855 3936 3936 3936 3937 3937 3937 3938 3938 3938 3939 3939 3939 3846 3846 3846 3936 3936 3936 3855 3855 3855 3935 3935 3935 3855 3855 3855 3936 3936 3936 3932 3932 3932 3933 3933 3933 3934 3934 3934 3929 3929 3929 3930 3930 3930 3931 3931 3931 3926 3926 3926 3927 3927 3927 3928 3928 3928 3923 3923 3923 3924 3924 3924 3925 3925 3925 3921 3921 3921 3920 3920 3920 3922 3922 3922 3919 3919 3919 3920 3920 3920 3921 3921 3921 3916 3916 3916 3917 3917 3917 3918 3918 3918 3913 3913 3913 3914 3914 3914 3915 3915 3915 3910 3910 3910 3911 3911 3911 3912 3912 3912 3907 3907 3907 3908 3908 3908 3909 3909 3909 3873 3873 3873 3906 3906 3906 3871 3871 3871 3903 3903 3903 3904 3904 3904 3905 3905 3905 3870 3870 3870 3902 3902 3902 3868 3868 3868 3855 3855 3855 3899 3899 3899 3854 3854 3854 3900 3900 3900 3899 3899 3899 3855 3855 3855 3899 3899 3899 3900 3900 3900 3901 3901 3901 3940 3940 3940 3941 3941 3941 3942 3942 3942 3943 3943 3943 3942 3942 3942 3941 3941 3941 3944 3944 3944 3945 3945 3945 3946 3946 3946 3945 3945 3945 3944 3944 3944 3947 3947 3947 3948 3948 3948 3949 3949 3949 3950 3950 3950 3950 3950 3950 3949 3949 3949 3951 3951 3951 3952 3952 3952 3953 3953 3953 3954 3954 3954 3953 3953 3953 3952 3952 3952 3955 3955 3955 3955 3955 3955 3952 3952 3952 3956 3956 3956 3957 3957 3957 3958 3958 3958 3959 3959 3959 3958 3958 3958 3957 3957 3957 3960 3960 3960 3961 3961 3961 3962 3962 3962 3963 3963 3963 3964 3964 3964 3965 3965 3965 3966 3966 3966 3966 3966 3966 3965 3965 3965 3941 3941 3941 3941 3941 3941 3965 3965 3965 3967 3967 3967 3968 3968 3968 3969 3969 3969 3970 3970 3970 3940 3940 3940 3941 3941 3941 3942 3942 3942 3943 3943 3943 3942 3942 3942 3941 3941 3941 3971 3971 3971 3972 3972 3972 3946 3946 3946 3945 3945 3945 3944 3944 3944 3947 3947 3947 3948 3948 3948 3949 3949 3949 3950 3950 3950 3950 3950 3950 3949 3949 3949 3951 3951 3951 3973 3973 3973 3974 3974 3974 3954 3954 3954 3953 3953 3953 3952 3952 3952 3955 3955 3955 3955 3955 3955 3952 3952 3952 3956 3956 3956 3975 3975 3975 3976 3976 3976 3959 3959 3959 3958 3958 3958 3957 3957 3957 3960 3960 3960 3970 3970 3970 3962 3962 3962 3968 3968 3968 3977 3977 3977 3978 3978 3978 3979 3979 3979 3966 3966 3966 3965 3965 3965 3941 3941 3941 3941 3941 3941 3965 3965 3965 3967 3967 3967 3980 3980 3980 3967 3967 3967 3965 3965 3965 3941 3941 3941 3967 3967 3967 3943 3943 3943 3981 3981 3981 3982 3982 3982 3983 3983 3983 3941 3941 3941 3967 3967 3967 3943 3943 3943 3981 3981 3981 3943 3943 3943 3967 3967 3967 3984 3984 3984 3985 3985 3985 3986 3986 3986 3985 3985 3985 3984 3984 3984 3940 3940 3940 3987 3987 3987 3940 3940 3940 3984 3984 3984 3940 3940 3940 3987 3987 3987 3941 3941 3941 3941 3941 3941 3987 3987 3987 3966 3966 3966 3966 3966 3966 3987 3987 3987 3988 3988 3988 3984 3984 3984 3988 3988 3988 3987 3987 3987 3988 3988 3988 3984 3984 3984 3989 3989 3989 3989 3989 3989 3984 3984 3984 3990 3990 3990 3986 3986 3986 3990 3990 3990 3984 3984 3984 3990 3990 3990 3986 3986 3986 3991 3991 3991 3985 3985 3985 3991 3991 3991 3986 3986 3986 3991 3991 3991 3985 3985 3985 3992 3992 3992 3992 3992 3992 3985 3985 3985 3993 3993 3993 3994 3994 3994 3995 3995 3995 3996 3996 3996 3940 3940 3940 3993 3993 3993 3985 3985 3985 3992 3992 3992 3985 3985 3985 3993 3993 3993 3991 3991 3991 3985 3985 3985 3992 3992 3992 3985 3985 3985 3991 3991 3991 3986 3986 3986 3990 3990 3990 3986 3986 3986 3991 3991 3991 3986 3986 3986 3990 3990 3990 3984 3984 3984 3989 3989 3989 3984 3984 3984 3990 3990 3990 3988 3988 3988 3984 3984 3984 3989 3989 3989 3984 3984 3984 3988 3988 3988 3987 3987 3987 3966 3966 3966 3987 3987 3987 3988 3988 3988 3941 3941 3941 3987 3987 3987 3966 3966 3966 3940 3940 3940 3987 3987 3987 3941 3941 3941 3987 3987 3987 3940 3940 3940 3984 3984 3984 3985 3985 3985 3984 3984 3984 3940 3940 3940 3984 3984 3984 3985 3985 3985 3986 3986 3986 3997 3997 3997 3998 3998 3998 3992 3992 3992 3992 3992 3992 3998 3998 3998 3991 3991 3991 3999 3999 3999 3991 3991 3991 3998 3998 3998 3991 3991 3991 3999 3999 3999 3990 3990 3990 4000 4000 4000 3990 3990 3990 3999 3999 3999 3990 3990 3990 4000 4000 4000 3989 3989 3989 4001 4001 4001 3989 3989 3989 4000 4000 4000 3989 3989 3989 4001 4001 4001 3988 3988 3988 4002 4002 4002 3988 3988 3988 4001 4001 4001 3988 3988 3988 4002 4002 4002 3966 3966 3966 4003 4003 4003 3966 3966 3966 4002 4002 4002 3966 3966 3966 4003 4003 4003 3964 3964 3964 3960 3960 3960 4004 4004 4004 3958 3958 3958 4005 4005 4005 3958 3958 3958 4004 4004 4004 4006 4006 4006 4007 4007 4007 4008 4008 4008 4009 4009 4009 4010 4010 4010 4011 4011 4011 4012 4012 4012 4013 4013 4013 4014 4014 4014 4015 4015 4015 4014 4014 4014 4013 4013 4013 3997 3997 3997 3998 3998 3998 3992 3992 3992 3992 3992 3992 3998 3998 3998 3991 3991 3991 3999 3999 3999 3991 3991 3991 3998 3998 3998 3991 3991 3991 3999 3999 3999 3990 3990 3990 4000 4000 4000 3990 3990 3990 3999 3999 3999 3990 3990 3990 4000 4000 4000 3989 3989 3989 4001 4001 4001 3989 3989 3989 4000 4000 4000 3989 3989 3989 4001 4001 4001 3988 3988 3988 4002 4002 4002 3988 3988 3988 4001 4001 4001 3988 3988 3988 4002 4002 4002 3966 3966 3966 4003 4003 4003 3966 3966 3966 4002 4002 4002 3966 3966 3966 4003 4003 4003 3964 3964 3964 3960 3960 3960 4004 4004 4004 3958 3958 3958 4005 4005 4005 3958 3958 3958 4004 4004 4004 4006 4006 4006 4007 4007 4007 4008 4008 4008 4009 4009 4009 4010 4010 4010 4011 4011 4011 4012 4012 4012 4016 4016 4016 4017 4017 4017 4015 4015 4015 4014 4014 4014 4013 4013 4013 3888 3888 3888 4018 4018 4018 4001 4001 4001 4001 4001 4001 4018 4018 4018 4002 4002 4002 4019 4019 4019 4002 4002 4002 4018 4018 4018 4020 4020 4020 4021 4021 4021 4022 4022 4022 4023 4023 4023 4024 4024 4024 4025 4025 4025 4001 4001 4001 4018 4018 4018 4002 4002 4002 4019 4019 4019 4002 4002 4002 4018 4018 4018 4002 4002 4002 4019 4019 4019 4003 4003 4003 1332 1332 1332 1334 1334 1334 4026 4026 4026 1336 1336 1336 4026 4026 4026 1334 1334 1334 1360 1360 1360 4026 4026 4026 1336 1336 1336 4027 4027 4027 4028 4028 4028 4029 4029 4029 1332 1332 1332 1334 1334 1334 4026 4026 4026 1336 1336 1336 4026 4026 4026 1334 1334 1334 1360 1360 1360 4026 4026 4026 1336 1336 1336 4026 4026 4026 1360 1360 1360 1332 1332 1332 1483 1483 1483 1485 1485 1485 4030 4030 4030 1487 1487 1487 4030 4030 4030 1485 1485 1485 1511 1511 1511 4030 4030 4030 1487 1487 1487 4031 4031 4031 4032 4032 4032 4033 4033 4033 1483 1483 1483 1485 1485 1485 4030 4030 4030 1487 1487 1487 4030 4030 4030 1485 1485 1485 1511 1511 1511 4030 4030 4030 1487 1487 1487 4030 4030 4030 1511 1511 1511 1483 1483 1483 124 124 124 126 126 126 4034 4034 4034 128 128 128 4034 4034 4034 126 126 126 152 152 152 4034 4034 4034 128 128 128 4035 4035 4035 4036 4036 4036 4037 4037 4037 124 124 124 126 126 126 4034 4034 4034 128 128 128 4034 4034 4034 126 126 126 152 152 152 4034 4034 4034 128 128 128 4034 4034 4034 152 152 152 124 124 124 577 577 577 579 579 579 4038 4038 4038 581 581 581 4038 4038 4038 579 579 579 605 605 605 4038 4038 4038 581 581 581 4039 4039 4039 4040 4040 4040 4041 4041 4041 577 577 577 579 579 579 4038 4038 4038 581 581 581 4038 4038 4038 579 579 579 605 605 605 4038 4038 4038 581 581 581 4038 4038 4038 605 605 605 577 577 577 275 275 275 277 277 277 4042 4042 4042 279 279 279 4042 4042 4042 277 277 277 303 303 303 4042 4042 4042 279 279 279 4043 4043 4043 4044 4044 4044 4045 4045 4045 275 275 275 277 277 277 4042 4042 4042 279 279 279 4042 4042 4042 277 277 277 303 303 303 4042 4042 4042 279 279 279 4042 4042 4042 303 303 303 275 275 275 1181 1181 1181 1183 1183 1183 4046 4046 4046 1185 1185 1185 4046 4046 4046 1183 1183 1183 1209 1209 1209 4046 4046 4046 1185 1185 1185 4047 4047 4047 4048 4048 4048 4049 4049 4049 1181 1181 1181 1183 1183 1183 4046 4046 4046 1185 1185 1185 4046 4046 4046 1183 1183 1183 1209 1209 1209 4046 4046 4046 1185 1185 1185 4046 4046 4046 1209 1209 1209 1181 1181 1181 11 11 11 13 13 13 4050 4050 4050 15 15 15 4050 4050 4050 13 13 13 28 28 28 4050 4050 4050 15 15 15 4051 4051 4051 4052 4052 4052 4053 4053 4053 879 879 879 881 881 881 4054 4054 4054 883 883 883 4054 4054 4054 881 881 881 907 907 907 4054 4054 4054 883 883 883 4055 4055 4055 4056 4056 4056 4057 4057 4057 879 879 879 881 881 881 4054 4054 4054 883 883 883 4054 4054 4054 881 881 881 907 907 907 4054 4054 4054 883 883 883 4054 4054 4054 907 907 907 879 879 879 11 11 11 13 13 13 4050 4050 4050 15 15 15 4050 4050 4050 13 13 13 28 28 28 4050 4050 4050 15 15 15 4050 4050 4050 28 28 28 11 11 11 1634 1634 1634 1636 1636 1636 4058 4058 4058 1638 1638 1638 4058 4058 4058 1636 1636 1636 1662 1662 1662 4058 4058 4058 1638 1638 1638 4059 4059 4059 4060 4060 4060 4061 4061 4061 1634 1634 1634 1636 1636 1636 4058 4058 4058 1638 1638 1638 4058 4058 4058 1636 1636 1636 1662 1662 1662 4058 4058 4058 1638 1638 1638 4058 4058 4058 1662 1662 1662 1634 1634 1634 1030 1030 1030 1032 1032 1032 4062 4062 4062 1034 1034 1034 4062 4062 4062 1032 1032 1032 1058 1058 1058 4062 4062 4062 1034 1034 1034 4063 4063 4063 4064 4064 4064 4065 4065 4065 1030 1030 1030 1032 1032 1032 4062 4062 4062 1034 1034 1034 4062 4062 4062 1032 1032 1032 1058 1058 1058 4062 4062 4062 1034 1034 1034 4062 4062 4062 1058 1058 1058 1030 1030 1030 728 728 728 730 730 730 4066 4066 4066 732 732 732 4066 4066 4066 730 730 730 756 756 756 4066 4066 4066 732 732 732 4067 4067 4067 4068 4068 4068 4069 4069 4069 728 728 728 730 730 730 4066 4066 4066 732 732 732 4066 4066 4066 730 730 730 756 756 756 4066 4066 4066 732 732 732 4066 4066 4066 756 756 756 728 728 728 426 426 426 428 428 428 4070 4070 4070 430 430 430 4070 4070 4070 428 428 428 454 454 454 4070 4070 4070 430 430 430 4071 4071 4071 4072 4072 4072 4073 4073 4073 426 426 426 428 428 428 4070 4070 4070 430 430 430 4070 4070 4070 428 428 428 454 454 454 4070 4070 4070 430 430 430 4070 4070 4070 454 454 454 426 426 426</p>
      </triangles>
    </mesh></geometry>
  </library_geometries>
  <library_visual_scenes>
    <visual_scene id="Scene" name="Scene">
      <node id="vfx_kurp_1153" name="vfx_kurp_1153" type="NODE">
        <instance_geometry url="#vfx_kurp_1153-mesh"><bind_material><technique_common><instance_material symbol="PreviewMaterial" target="#PreviewMaterial"><bind_vertex_input semantic="UVSET0" input_semantic="TEXCOORD" input_set="0"/></instance_material></technique_common></bind_material></instance_geometry>
      </node>
    </visual_scene>
  </library_visual_scenes>
  <scene><instance_visual_scene url="#Scene"/></scene>
</COLLADA>
