<?xml version="1.0" encoding="utf-8"?>
<COLLADA xmlns="http://www.collada.org/2005/11/COLLADASchema" version="1.4.1">
  <asset>
    <contributor><authoring_tool>Morrobroom Kurpulio VFX preview converter</authoring_tool></contributor>
    <unit name="unit" meter="1"/>
    <up_axis>Z_UP</up_axis>
  </asset>
  <library_images>
    <image id="VFXTexture" name="darkmap_newgen-1.dds">
      <init_from>../../../Textures/Kurp/darkmap_newgen-1.dds</init_from>
    </image>
  </library_images>
  <library_effects>
    <effect id="PreviewEffect">
      <profile_COMMON>
        <newparam sid="VFXTexture-surface">
          <surface type="2D"><init_from>VFXTexture</init_from></surface>
        </newparam>
        <newparam sid="VFXTexture-sampler">
          <sampler2D><source>VFXTexture-surface</source></sampler2D>
        </newparam>
        <technique sid="common"><phong>
          <emission><color>0.08 0.08 0.08 1</color></emission>
          <ambient><color>0.2 0.2 0.2 1</color></ambient>
          <diffuse><texture texture="VFXTexture-sampler" texcoord="UVSET0"/></diffuse>
          <specular><color>0.15 0.15 0.15 1</color></specular>
          <shininess><float>8</float></shininess>
          <transparent opaque="A_ONE"><texture texture="VFXTexture-sampler" texcoord="UVSET0"/></transparent>
          <transparency><float>1</float></transparency>
        </phong></technique>
      </profile_COMMON>
      <extra><technique profile="GOOGLEEARTH"><double_sided>1</double_sided></technique></extra>
    </effect>
  </library_effects>
  <library_materials><material id="PreviewMaterial" name="PreviewMaterial"><instance_effect url="#PreviewEffect"/></material></library_materials>
  <library_geometries>
    <geometry id="vfx_kurp_0875-mesh" name="vfx_kurp_0875"><mesh>
      <source id="vfx_kurp_0875-mesh-positions">
        <float_array id="vfx_kurp_0875-mesh-positions-array" count="1725">0.700251375 0.262377258 0.142543817 0.625011411 0.541485349 0.670679752 -0.0295373264 0.0901502545 0.126851992 -0.102548286 0.360376801 0.651797576 -0.759325925 -0.082076712 0.111160244 -0.830107934 0.179268341 0.632915533 0.479233081 0.9067964 1.50930233 -0.236680355 0.692649062 1.44520216 -0.236680355 0.692649062 1.44520216 -0.952593724 0.478501752 1.38110212 0.210388862 1.26669153 2.52559973 -0.476637685 1.00314858 2.38054977 -0.476637685 1.00314858 2.38054977 -1.16366423 0.739605627 2.23549981 -0.252601441 1.53614206 3.60921136 -0.867124205 1.20805652 3.3313234 -0.867124205 1.20805652 3.3313234 -1.48164679 0.879970727 3.05343578 -1.01415383 1.61119397 4.6398215 -1.45284409 1.22355435 4.17100744 -1.45284409 1.22355435 4.17100744 -1.89153447 0.835915247 3.70219386 -2.16019936 1.35495775 5.40322848 -2.27850172 0.9658242 4.77308603 -2.27850172 0.9658242 4.77308603 -2.39680407 0.576690647 4.14294358 -3.14278066 0.511537761 5.73413477 -2.98821664 0.360330909 5.01597966 -2.98821664 0.360330909 5.01597966 -2.83365284 0.209124543 4.29782504 -3.56330644 -0.600427143 5.58669615 -3.27008454 -0.443339465 4.91450212 -3.27008454 -0.443339465 4.91450212 -2.97686277 -0.286251777 4.24230908 -3.67705946 -1.59206925 5.05765397 -3.28515985 -1.19556723 4.55595606 -3.28515985 -1.19556723 4.55595606 -2.89326024 -0.799065215 4.05425815 -3.50045726 -2.30071278 4.46974196 -3.07846321 -1.81762836 4.0810892 -3.07846321 -1.81762836 4.0810892 -2.65646935 -1.33454423 3.69243719 -3.00730132 -3.06994909 4.06037835 -2.58023289 -2.60414393 3.65647484 -2.58023289 -2.60414393 3.65647484 -2.15316471 -2.13833865 3.25257149 -2.57429026 -3.73201663 3.8457427 -2.10624695 -3.38166754 3.37596529 -2.10624695 -3.38166754 3.37596529 -1.63820365 -3.03131846 2.90618787 -2.44377504 -3.95117038 3.91720983 -1.98069152 -4.07240272 3.33983963 -2.44377504 -3.95117038 3.91720983 -1.517608 -4.19363507 2.76246942 -2.58693114 -4.42188055 4.0518811 -2.21842442 -4.85317557 3.56128214 -1.84991771 -5.28447057 3.07068322 -2.92513721 -4.82657819 4.32738018 -2.70726715 -5.43715402 3.95024669 -2.48939961 -6.04773224 3.57311534 -3.45704461 -5.14634426 4.72815351 -3.3773374 -5.83218053 4.43528031 -3.29763002 -6.51801771 4.1424082 -4.11843193 -5.33832774 5.18976104 -4.15874433 -6.04609164 4.94492526 -4.19905654 -6.75385651 4.70009051 -4.82571891 -5.39181624 5.64287967 -4.98160354 -6.08672901 5.40772798 -5.13748815 -6.78164182 5.17257626 -5.50364721 -5.32629461 6.04253466 -5.77602997 -5.96192871 5.75223017 -6.04840923 -6.5975637 5.4619243 -6.18083517 -5.18705656 6.3918908 -6.48238945 -5.67378566 5.9074733 -6.78394366 -6.16051546 5.42305709 -6.98900003 -4.58668218 6.1766733 -7.21184419 -5.13168648 5.71211935 -7.43468603 -5.67669417 5.24756779 -7.51346708 -3.94235328 5.62539384 -7.72562748 -4.50912186 5.18237965 -7.93778589 -5.0758931 4.73936856 -7.8238044 -3.30384748 4.9779241 -8.06978172 -3.84910062 4.52549217 -8.31575914 -4.39435352 4.07306049 -7.95882886 -2.74011203 4.44468102 -8.2903525 -3.19462937 3.94869064 -8.62187605 -3.64914718 3.45270078 -7.90194075 -2.40932515 4.15709915 -8.43337923 -2.58871868 3.65921191 -8.96481784 -2.7681122 3.16132569 -7.94501659 -1.86278793 4.23153582 -8.57530132 -1.74150576 3.84355143 -9.20558599 -1.62022395 3.45556743 -7.94394972 -1.38849874 4.60102405 -8.56676448 -1.03901484 4.37197669 -9.18957947 -0.689530455 4.14292981 -7.82392293 -1.02098935 5.16225884 -8.38542508 -0.531491554 5.07503854 -8.94692725 -0.0419939921 4.98781901 -7.5806036 -0.735103504 5.81894438 -8.03863378 -0.1416863 5.79519096 -8.49666429 0.451731281 5.77143914 -7.20656724 -0.459506359 6.47664286 -7.5337431 0.207652981 6.37488995 -7.86091931 0.874812817 6.27313851 -6.55630656 -0.0237948688 6.92375217 -6.90294208 0.578846314 6.64238558 -7.24957795 1.18148799 6.36102046 -5.85510792 0.361320675 6.63167569 -6.32005408 0.901780346 6.39880581 -6.78500017 1.44223966 6.16593632 -5.32832557 0.557640287 5.99104519 -5.77647588 1.12115705 5.78102048 -6.22462614 1.68467358 5.57099604 -4.8960211 0.568113144 5.2399049 -5.23498358 1.18873111 4.99002953 -5.57394601 1.80934884 4.74015442 -4.56095271 0.389580387 4.55631347 -4.65834952 1.05625421 4.22682908 -4.7557484 1.72292865 3.8973474 -4.30884979 0.0628808226 4.00470804 -4.00935174 0.675480861 3.69242263 -3.70985404 1.28808115 3.38013788 -3.81165982 -0.454403454 3.79401799 -3.27039516 0.0244133874 3.59335151 -2.72913047 0.503229991 3.3926853 -3.4762357 -0.855498685 4.11860129 -2.79986982 -0.542550908 4.03438393 -2.12350109 -0.229606871 3.9501717 -3.33659524 -1.20284672 4.75709611 -2.61325759 -1.00803652 4.79358768 -1.88992016 -0.813225839 4.83007973 -3.35231205 -1.52454744 5.51744052 -2.61067977 -1.46339552 5.6109384 -1.86904741 -1.40224407 5.70443681 -3.43385313 -1.88812181 6.22872852 -2.69224728 -1.99999544 6.22642805 -1.95064243 -2.11187343 6.22413158 -3.51097804 -2.71342968 6.5994819 -2.78855404 -2.80814846 6.42162833 -2.06613016 -2.9028674 6.24377463 -3.67998514 -3.53577901 6.35565116 -2.95902632 -3.64167268 6.17815539 -2.23806744 -3.74756605 6.00065989 -3.92330629 -4.10636162 5.81788467 -3.21895632 -4.27095558 5.61964269 -2.5146036 -4.43554647 5.42140691 -4.23412282 -4.42320653 5.16180017 -3.5827236 -4.69386003 4.90699504 -2.93132796 -4.96451649 4.65218396 -4.56538489 -4.47112358 4.5485864 -4.0647154 -4.90825377 4.2010996 -3.56405077 -5.34538579 3.85360806 -4.56538489 -4.47112358 4.5485864 -4.80034873 -4.27129008 4.03345302 -4.0647154 -4.90825377 4.2010996 -4.67931969 -4.91199981 3.66285468 -4.80034873 -4.27129008 4.03345302 -4.55829068 -5.55270947 3.29225641 -5.17693149 -4.00118999 3.43491254 -5.44091007 -4.70296032 3.45316574 -4.67931969 -4.91199981 3.66285468 -5.17693149 -4.00118999 3.43491254 -5.44091007 -4.70296032 3.45316574 -5.70488897 -5.40473108 3.47141956 -4.55829068 -5.55270947 3.29225641 -5.44091007 -4.70296032 3.45316574 -6.08861758 -3.64301567 3.38934102 -6.33119446 -4.28440379 3.69311279 -6.33119446 -4.28440379 3.69311279 -6.5737714 -4.92579208 3.9968854 -6.68705343 -3.17166229 3.76771776 -7.00665092 -3.75216933 4.11895686 -7.32624844 -4.33267659 4.47019673 -6.99350569 -2.67920236 4.16634504 -7.38583995 -3.15417216 4.59410322 -7.38583995 -3.15417216 4.59410322 -7.77817412 -3.62914245 5.02186192 -7.04183989 -2.20355904 4.52579641 -7.48148031 -2.5119318 5.04936399 -7.48148031 -2.5119318 5.04936399 -7.92112136 -2.82031029 5.57292746 -6.86776301 -1.77799757 4.81104179 -7.30629437 -1.84696858 5.41555212 -7.30629437 -1.84696858 5.41555212 -7.74482849 -1.91594429 6.0200606 -6.48951957 -1.40860433 5.02054026 -6.87300048 -1.18079433 5.62348662 -6.87300048 -1.18079433 5.62348662 -7.25648195 -0.952983955 6.22643342 -5.87821448 -1.04710592 5.15648534 -6.19432569 -0.534932491 5.60398035 -6.19432569 -0.534932491 5.60398035 -6.5104369 -0.0227590596 6.05147536 -5.40393022 -0.816499298 5.08717667 -5.44892807 -0.103291937 5.31479608 -5.44892807 -0.103291937 5.31479608 -5.49392592 0.609915424 5.54241549 -4.97775774 -0.824632783 4.72735694 -4.74917304 -0.110803201 4.7537522 -4.74917304 -0.110803201 4.7537522 -4.52059398 0.603027286 4.78015359 -4.5886001 -1.05734452 4.2580319 -4.14932698 -0.463681545 4.12725278 -4.14932698 -0.463681545 4.12725278 -3.71005408 0.129981912 3.99647413 -4.45037732 -1.36286385 3.86473923 -3.77525853 -1.09502915 3.67771157 -3.77525853 -1.09502915 3.67771157 -3.10013976 -0.827194561 3.49068428 -4.44433642 -1.83644701 3.37660327 -3.74264516 -1.88273733 3.6373453 -3.77525853 -1.09502915 3.67771157 -4.44433642 -1.83644701 3.37660327 -3.74264516 -1.88273733 3.6373453 -3.04095446 -1.92903098 3.89808831 -3.10013976 -0.827194561 3.49068428 -3.74264516 -1.88273733 3.6373453 -4.44433642 -1.83644701 3.37660327 -4.63852981 -2.28723926 3.77348537 -3.95405071 -2.38737258 4.06324675 -3.26957161 -2.48750589 4.35300812 -4.99042541 -2.59943678 4.30423265 -4.40134292 -2.86472504 4.68515778 -3.81226044 -3.13001331 5.0660829 -5.39433098 -2.68719878 4.68225875 -5.10732449 -3.26242701 5.06857374 -4.82032481 -3.83765816 5.45489015 -6.1063089 -2.77422226 4.79916561 -6.07842819 -3.52360229 4.78682839 -6.05054758 -4.27298208 4.77449141 -6.49394556 -2.74226834 4.33113832 -6.52361664 -3.48733363 4.2505341 -6.55328768 -4.23239926 4.16993053 -6.80230133 -2.63103026 3.71505915 -6.86042812 -3.36625665 3.57881312 -6.91855482 -4.10148351 3.44256761 -7.03787218 -2.44975079 2.97085975 -7.10843839 -3.17569167 2.79613096 -7.17900463 -3.90163278 2.62140293 -7.21147403 -2.21194128 2.12639408 -7.28722468 -2.93095521 1.92694321 -7.36297411 -3.64997151 1.7275007 -7.3385432 -1.93279568 1.20979814 -7.41636278 -2.64736745 0.995715519 -7.49418111 -3.36194177 0.781641447 -7.59396642 -3.05264364 -0.194051395 -7.51542916 -2.34024922 0.0269143866 -7.43689193 -1.62785475 0.247880307 -0.167329469 0.710341765 -0.271740156 -0.257663944 1.01755014 0.325358906 -0.0295373264 0.0901502545 0.126851992 -0.102548286 0.360376801 0.651797576 0.108254751 -0.530041273 0.525444059 0.0525672911 -0.296796538 0.978236139 -0.411132146 1.36237111 1.15617152 -0.236680355 0.692649062 1.44520216 -0.236680355 0.692649062 1.44520216 -0.0622285683 0.0229268141 1.73423258 -0.681510679 1.67786165 2.12503266 -0.476637685 1.00314858 2.38054977 -0.476637685 1.00314858 2.38054977 -0.271764686 0.328435349 2.6360665 -1.12248411 1.87654261 3.10678555 -0.867124205 1.20805652 3.3313234 -0.867124205 1.20805652 3.3313234 -0.611764188 0.539569926 3.55586101 -1.78262306 1.86080055 3.95268836 -1.45284409 1.22355435 4.17100744 -1.45284409 1.22355435 4.17100744 -1.12306524 0.586308363 4.38932624 -2.66309642 1.54344677 4.48858809 -2.27850172 0.9658242 4.77308603 -2.27850172 0.9658242 4.77308603 -1.89390703 0.388201448 5.05758308 -3.60463185 0.731887336 4.80508148 -2.98821664 0.360330909 5.01597966 -2.27850172 0.9658242 4.77308603 -1.89390703 0.388201448 5.05758308 -2.37180146 -0.0112252801 5.22687758 -3.60463185 0.731887336 4.80508148 -3.95226846 -0.265702939 4.65843497 -2.98821664 0.360330909 5.01597966 -3.27008454 -0.443339465 4.91450212 -2.98821664 0.360330909 5.01597966 -3.27008454 -0.443339465 4.91450212 -2.37180146 -0.0112252801 5.22687758 -2.58790079 -0.620976047 5.17056924 -3.95226846 -0.265702939 4.65843497 -3.92169493 -1.00993884 4.20543445 -3.27008454 -0.443339465 4.91450212 -3.28515985 -1.19556723 4.55595606 -3.28515985 -1.19556723 4.55595606 -2.64862463 -1.38119564 4.90647667 -3.61202303 -1.77414462 3.55580572 -3.07846321 -1.81762836 4.0810892 -3.07846321 -1.81762836 4.0810892 -2.54490322 -1.86111204 4.60637271 -3.05919848 -2.66285672 3.08232797 -2.58023289 -2.60414393 3.65647484 -2.58023289 -2.60414393 3.65647484 -2.10126716 -2.54543085 4.23062147 -2.59333744 -3.48339025 2.81480979 -2.10624695 -3.38166754 3.37596529 -2.10624695 -3.38166754 3.37596529 -1.61915636 -3.27994439 3.93712021 -2.59333744 -3.48339025 2.81480979 -2.56591613 -4.07398047 2.87078747 -2.10624695 -3.38166754 3.37596529 -1.98069152 -4.07240272 3.33983963 -1.98069152 -4.07240272 3.33983963 -1.39546699 -4.0708245 3.80889125 -2.56591613 -4.07398047 2.87078747 -2.77926231 -4.77327801 3.06977655 -1.98069152 -4.07240272 3.33983963 -2.21842442 -4.85317557 3.56128214 -1.39546699 -4.0708245 3.80889125 -1.65758672 -4.93307216 4.0527867 -3.2230348 -5.29631644 3.42427258 -2.70726715 -5.43715402 3.95024669 -2.19150212 -5.57799347 4.47622245 -3.84037503 -5.64680739 3.87516191 -3.3773374 -5.83218053 4.43528031 -3.3773374 -5.83218053 4.43528031 -2.91429976 -6.01755366 4.99539872 -4.55711894 -5.8182031 4.35174335 -4.15874433 -6.04609164 4.94492526 -4.15874433 -6.04609164 4.94492526 -3.7603697 -6.2739802 5.53810714 -5.28421607 -5.80682322 4.78116625 -4.98160354 -6.08672901 5.40772798 -4.98160354 -6.08672901 5.40772798 -4.67899079 -6.36663386 6.03428858 -5.90517534 -5.6099261 5.10267889 -5.77602997 -5.96192871 5.75223017 -5.77602997 -5.96192871 5.75223017 -5.64688123 -6.31393137 6.4017789 -5.90517534 -5.6099261 5.10267889 -6.26240514 -5.24107212 5.33575113 -5.77602997 -5.96192871 5.75223017 -6.48238945 -5.67378566 5.9074733 -5.77602997 -5.96192871 5.75223017 -6.26240514 -5.24107212 5.33575113 -6.48238945 -5.67378566 5.9074733 -6.70237376 -6.10649919 6.47919546 -6.68984234 -4.9222331 5.21599076 -7.21184419 -5.13168648 5.71211935 -7.73384379 -5.34114254 6.20824904 -7.0799757 -4.45547876 4.80454812 -7.72562748 -4.50912186 5.18237965 -7.72562748 -4.50912186 5.18237965 -8.37127723 -4.56276716 5.56021275 -7.39383712 -3.88615384 4.20265113 -8.06978172 -3.84910062 4.52549217 -8.06978172 -3.84910062 4.52549217 -8.74572634 -3.81204705 4.84833257 -7.63723273 -3.27947629 3.58989293 -8.2903525 -3.19462937 3.94869064 -8.2903525 -3.19462937 3.94869064 -8.9434721 -3.10978281 4.30748799 -7.92687524 -2.55662763 3.10701304 -8.43337923 -2.58871868 3.65921191 -8.43337923 -2.58871868 3.65921191 -8.93988322 -2.62080972 4.21141079 -8.17415606 -1.44014295 3.28609029 -8.57530132 -1.74150576 3.84355143 -8.57530132 -1.74150576 3.84355143 -8.97644641 -2.04286882 4.40101183 -8.15705247 -0.609014086 3.91400804 -8.56676448 -1.03901484 4.37197669 -8.56676448 -1.03901484 4.37197669 -8.97647655 -1.46901535 4.82994509 -7.9404291 -0.0954348333 4.65750661 -8.38542508 -0.531491554 5.07503854 -8.38542508 -0.531491554 5.07503854 -8.83042081 -0.96754888 5.49257013 -7.57074101 0.2004056 5.31921884 -8.03863378 -0.1416863 5.79519096 -8.03863378 -0.1416863 5.79519096 -8.50652651 -0.483778438 6.27116334 -7.11806899 0.317782703 5.76040966 -7.5337431 0.207652981 6.37488995 -7.5337431 0.207652981 6.37488995 -7.94941755 0.097523149 6.98937019 -6.75230701 0.340941802 5.94725185 -6.90294208 0.578846314 6.64238558 -7.5337431 0.207652981 6.37488995 -6.75230701 0.340941802 5.94725185 -6.90294208 0.578846314 6.64238558 -7.05357715 0.816750826 7.3375193 -6.55925657 0.457063919 5.8442694 -6.32005408 0.901780346 6.39880581 -6.32005408 0.901780346 6.39880581 -6.08085115 1.3464958 6.95334127 -6.19173059 0.641733091 5.38074987 -5.77647588 1.12115705 5.78102048 -5.77647588 1.12115705 5.78102048 -5.36122083 1.60058029 6.18129038 -5.75375776 0.768034582 4.64887283 -5.23498358 1.18873111 4.99002953 -5.23498358 1.18873111 4.99002953 -4.71620907 1.60942692 5.33118552 -5.22564446 0.774790891 3.82501461 -4.65834952 1.05625421 4.22682908 -4.65834952 1.05625421 4.22682908 -4.09105646 1.33771783 4.62864558 -4.41270404 0.556142259 3.07148372 -4.00935174 0.675480861 3.69242263 -4.00935174 0.675480861 3.69242263 -3.60599926 0.794819519 4.31336157 -4.09105646 1.33771783 4.62864558 -4.00935174 0.675480861 3.69242263 -3.3094727 -0.227077511 2.887855 -3.27039516 0.0244133874 3.59335151 -3.27039516 0.0244133874 3.59335151 -3.23131751 0.275904042 4.29884778 -2.61756127 -1.07109749 3.53448166 -2.79986982 -0.542550908 4.03438393 -2.79986982 -0.542550908 4.03438393 -2.98217533 -0.0140084335 4.53429072 -2.42492833 -1.64057194 4.43731455 -2.61325759 -1.00803652 4.79358768 -2.61325759 -1.00803652 4.79358768 -2.80158699 -0.375500509 5.1498604 -2.50920752 -2.09470818 5.21895904 -2.61067977 -1.46339552 5.6109384 -2.61067977 -1.46339552 5.6109384 -2.71215186 -0.83208321 6.00291741 -2.75805295 -2.4235653 5.61099481 -2.69224728 -1.99999544 6.22642805 -2.69224728 -1.99999544 6.22642805 -2.62644247 -1.57642994 6.84186429 -2.96135488 -2.75885073 5.69347325 -2.78855404 -2.80814846 6.42162833 -2.69224728 -1.99999544 6.22642805 -2.96135488 -2.75885073 5.69347325 -2.78855404 -2.80814846 6.42162833 -2.61575322 -2.85744571 7.14978239 -3.05580786 -3.24553249 5.54870569 -2.95902632 -3.64167268 6.17815539 -2.86224491 -4.03781215 6.80760431 -3.21377979 -3.68499963 5.1515314 -3.21895632 -4.27095558 5.61964269 -3.21895632 -4.27095558 5.61964269 -3.22413017 -4.85690775 6.08775889 -3.45251298 -4.04619487 4.55192461 -3.5827236 -4.69386003 4.90699504 -3.5827236 -4.69386003 4.90699504 -3.71293789 -5.34152752 5.26205864 -3.77744031 -4.30642171 3.85792219 -4.0647154 -4.90825377 4.2010996 -4.0647154 -4.90825377 4.2010996 -4.35199546 -5.510087 4.54427142 -4.31131824 -4.53409393 3.12969216 -4.67931969 -4.91199981 3.66285468 -4.67931969 -4.91199981 3.66285468 -5.04732122 -5.28990523 4.19601667 -4.35199546 -5.510087 4.54427142 -4.67931969 -4.91199981 3.66285468 -5.45376754 -4.71762515 2.70341942 -5.44091007 -4.70296032 3.45316574 -4.67931969 -4.91199981 3.66285468 -5.45376754 -4.71762515 2.70341942 -5.44091007 -4.70296032 3.45316574 -5.42805261 -4.68829546 4.20291208 -5.04732122 -5.28990523 4.19601667 -5.44091007 -4.70296032 3.45316574 -6.71010079 -4.43879743 3.06454896 -6.33119446 -4.28440379 3.69311279 -5.44091007 -4.70296032 3.45316574 -6.33119446 -4.28440379 3.69311279 -5.42805261 -4.68829546 4.20291208 -5.9522882 -4.13001003 4.32167675 -5.42805261 -4.68829546 4.20291208 -6.33119446 -4.28440379 3.69311279 -7.52573288 -3.79300071 3.57915417 -7.00665092 -3.75216933 4.11895686 -6.48756896 -3.71133794 4.65875955 -7.98767609 -3.04875995 4.15915372 -7.38583995 -3.15417216 4.59410322 -7.38583995 -3.15417216 4.59410322 -6.78400359 -3.25958486 5.02905224 -8.08778312 -2.24658718 4.6965335 -7.48148031 -2.5119318 5.04936399 -7.48148031 -2.5119318 5.04936399 -6.875178 -2.77728216 5.40218936 -7.84154611 -1.44891954 5.07267777 -7.30629437 -1.84696858 5.41555212 -7.30629437 -1.84696858 5.41555212 -6.77104527 -2.24502233 5.75842362 -7.30220677 -0.747634262 5.18684632 -6.87300048 -1.18079433 5.62348662 -6.87300048 -1.18079433 5.62348662 -6.44379463 -1.61395403 6.06012635 -7.30220677 -0.747634262 5.18684632 -6.54611201 -0.235728782 5.01302881 -6.87300048 -1.18079433 5.62348662 -6.19432569 -0.534932491 5.60398035 -6.87300048 -1.18079433 5.62348662 -6.19432569 -0.534932491 5.60398035 -6.44379463 -1.61395403 6.06012635 -5.84253923 -0.83413621 6.19493089 -5.87060552 0.0609805763 4.71671327 -5.44892807 -0.103291937 5.31479608 -6.19432569 -0.534932491 5.60398035 -5.44892807 -0.103291937 5.31479608 -5.84253923 -0.83413621 6.19493089 -5.02725044 -0.267564698 5.91287814 -5.87060552 0.0609805763 4.71671327 -5.22401294 0.0617479001 4.19944829 -5.44892807 -0.103291937 5.31479608 -4.74917304 -0.110803201 4.7537522 -4.74917304 -0.110803201 4.7537522 -5.02725044 -0.267564698 5.91287814 -4.2743386 -0.283353645 5.30806151 -4.59426054 -0.259638025 3.55900944 -4.14932698 -0.463681545 4.12725278 -4.14932698 -0.463681545 4.12725278 -3.70439346 -0.667724828 4.69549586 -4.03475568 -0.916161064 2.99714733 -3.77525853 -1.09502915 3.67771157 -3.77525853 -1.09502915 3.67771157 -3.51576125 -1.27389747 4.35827531 -3.51764819 -2.16797651 2.98120846 -3.74264516 -1.88273733 3.6373453 -3.77525853 -1.09502915 3.67771157 -3.51764819 -2.16797651 2.98120846 -3.74264516 -1.88273733 3.6373453 -3.96764266 -1.59750125 4.29348236 -3.51576125 -1.27389747 4.35827531 -3.74264516 -1.88273733 3.6373453 -3.8531624 -2.98318546 3.61903006 -3.95405071 -2.38737258 4.06324675 -3.74264516 -1.88273733 3.6373453 -3.95405071 -2.38737258 4.06324675 -3.96764266 -1.59750125 4.29348236 -4.05493894 -1.79155958 4.50746255 -4.38252819 -3.46602781 4.23729499 -4.40134292 -2.86472504 4.68515778 -4.40134292 -2.86472504 4.68515778 -4.42015763 -2.26342204 5.1330198 -4.38252819 -3.46602781 4.23729499 -5.03876496 -3.65494364 4.4331759 -4.40134292 -2.86472504 4.68515778 -5.10732449 -3.26242701 5.06857374 -5.10732449 -3.26242701 5.06857374 -5.1758908 -2.86991307 5.70397223 -5.03876496 -3.65494364 4.4331759 -5.57430281 -3.4957158 4.23222932 -5.10732449 -3.26242701 5.06857374 -6.07842819 -3.52360229 4.78682839 -5.10732449 -3.26242701 5.06857374 -5.57430281 -3.4957158 4.23222932 -5.10732449 -3.26242701 5.06857374 -6.07842819 -3.52360229 4.78682839 -5.1758908 -2.86991307 5.70397223 -6.58255394 -3.55148855 5.34142677 -5.89032194 -3.46913093 3.84915312 -6.52361664 -3.48733363 4.2505341 -7.15691123 -3.50553656 4.65191485 -6.16326704 -3.3701363 3.30231501 -6.86042812 -3.36625665 3.57881312 -7.5575891 -3.36237724 3.85531099 -6.38335906 -3.20041174 2.60600284 -7.10843839 -3.17569167 2.79613096 -7.83351773 -3.1509716 2.98625908 -6.55050981 -2.97122076 1.79229711 -7.28722468 -2.93095521 1.92694321 -8.02393832 -2.89069191 2.06159728 -6.67500456 -2.69760304 0.893908722 -7.41636278 -2.64736745 0.995715519 -8.15771973 -2.59713436 1.09753054 -8.25839894 -2.28512525 0.113267062 -7.51542916 -2.34024922 0.0269143866 -6.77245938 -2.39537316 -0.0594383215</float_array>
        <technique_common><accessor source="#vfx_kurp_0875-mesh-positions-array" count="575" stride="3"><param name="X" type="float"/><param name="Y" type="float"/><param name="Z" type="float"/></accessor></technique_common>
      </source>
      <source id="vfx_kurp_0875-mesh-normals">
        <float_array id="vfx_kurp_0875-mesh-normals-array" count="1725">0.191738076 -0.856178207 0.479786815 0.20245326 -0.870446217 0.44870487 0.197390537 -0.857890943 0.474405002 0.209498386 -0.871710704 0.442979543 0.19888025 -0.862903669 0.464590039 0.211646944 -0.877210564 0.43093758 0.226544282 -0.889521892 0.396772594 0.236884239 -0.889354398 0.391068552 0.229430477 -0.895828784 0.380594859 0.2414656 -0.89570557 0.373370991 0.262874595 -0.896893821 0.355638047 0.278857308 -0.894351731 0.349819357 0.269783253 -0.904198729 0.331121812 0.29036496 -0.901018859 0.322262635 0.319518328 -0.891268992 0.321788164 0.345099855 -0.882925783 0.318352246 0.337561735 -0.897858684 0.282669169 0.377278518 -0.884830432 0.273378905 0.396597677 -0.861236069 0.317777778 0.431318867 -0.841271774 0.325923053 0.440288587 -0.858541047 0.262779816 0.506501052 -0.819562593 0.267906403 0.580071338 -0.746294599 0.326437766 0.599739475 -0.726448435 0.335537231 0.615280081 -0.731780396 0.293134564 0.6562247 -0.691220337 0.302627806 0.79782203 -0.531765197 0.284087634 0.79559901 -0.531768387 0.2902492 0.804517914 -0.521751222 0.28377207 0.803485808 -0.51594038 0.297011919 0.895874192 -0.31916653 0.309098947 0.887059912 -0.30848911 0.343451862 0.910301616 -0.258048005 0.323669886 0.89279023 -0.219108462 0.393595081 0.86053678 -0.230999574 0.45399961 0.833309471 -0.222161237 0.506201256 0.856431701 -0.140447565 0.496788911 0.803130954 -0.102540696 0.586912325 0.744685279 -0.0867794567 0.661750075 0.730026416 -0.0890633881 0.677590692 0.732443619 -0.0537306564 0.678704178 0.709134254 -0.0502876231 0.703277871 0.634291119 0.0814444821 0.768792282 0.649693173 0.0786079811 0.756121397 0.64813316 0.0605114204 0.759119078 0.659914566 0.0591334071 0.749010017 0.525291248 0.32635658 0.785850169 0.618622024 0.194341548 0.761274034 0.691811668 0.0958389984 0.715689529 0.697939666 0.0728097156 0.712445765 0.404823457 0.492359448 0.770519398 0.769784993 0.00364925847 0.638292838 0.780153597 0.000665108219 0.625587662 0.777076102 -0.0276240487 0.628800161 0.750395896 -0.101104047 0.65321051 0.749083076 -0.105081926 0.654088934 0.748047987 -0.107601648 0.654863417 0.695274157 -0.179412551 0.695992086 0.689943513 -0.187367818 0.699193284 0.686041733 -0.192482516 0.701638954 0.631614798 -0.236806496 0.738231286 0.618513197 -0.248764663 0.745357342 0.608427114 -0.257142776 0.750795604 0.559432539 -0.291266219 0.776014963 0.530668667 -0.30772693 0.789743567 0.507315849 -0.319750562 0.800243843 0.469674584 -0.36040957 0.805922284 0.400713007 -0.382143001 0.832703917 0.343266076 -0.39669069 0.851354742 0.334282489 -0.472786691 0.815308508 0.163271086 -0.48901578 0.856858285 0.00833052135 -0.488181775 0.872702216 -0.215937424 -0.542401794 0.811893664 -0.339074999 -0.514777604 0.787421211 -0.442141091 -0.480420236 0.757434917 -0.675343324 -0.298386679 0.674445538 -0.671993752 -0.300482871 0.676856293 -0.668767105 -0.302428364 0.679181598 -0.856829866 -0.0800987766 0.509339539 -0.849717717 -0.085288183 0.520293885 -0.842726528 -0.0903748635 0.530701784 -0.910803308 0.0623437441 0.408106103 -0.894717431 0.043978659 0.444462143 -0.88066988 0.0281004847 0.472896315 -0.905587582 0.249818838 0.342785181 -0.854044047 0.115708156 0.507168994 -0.817885743 0.0426745765 0.57379595 -0.768057026 0.0642683284 0.637148324 -0.679550262 -0.0870380898 0.728447536 -0.636177979 -0.155278571 0.755755347 -0.561221188 -0.37748347 0.736571115 -0.543121913 -0.400211806 0.738138942 -0.53602798 -0.411299905 0.73722886 -0.542486425 -0.577420894 0.610158659 -0.547120692 -0.555088725 0.626526501 -0.548957551 -0.542052237 0.636258579 -0.594050678 -0.609509456 0.524978109 -0.593423953 -0.566998071 0.571280316 -0.589983737 -0.536625216 0.603284815 -0.648899051 -0.514898304 0.560187252 -0.623287734 -0.438314981 0.64760511 -0.593333342 -0.370766334 0.714484339 -0.598636251 -0.236970493 0.765166403 -0.529903006 -0.131979944 0.837725551 -0.445150751 -0.0141261386 0.895344214 -0.202959908 0.263800921 0.942982688 -0.15338517 0.315033582 0.936603882 -0.0833282555 0.381475882 0.920615312 0.301628018 0.584381665 0.753338309 0.289898678 0.572107583 0.767236385 0.278637588 0.560187003 0.780097184 0.567133144 0.653002806 0.501943554 0.547082314 0.631054723 0.549973526 0.52725832 0.610982678 0.590507265 0.736212285 0.57651985 0.354423946 0.693438719 0.550149705 0.465272013 0.654250743 0.529817003 0.539675744 0.867858656 0.359930703 0.342448889 0.74889214 0.359485615 0.556714159 0.655601113 0.358440463 0.664610875 0.678078403 0.165725476 0.716061971 0.500305216 0.200123299 0.842404508 0.390787591 0.223059633 0.893045048 0.101166741 0.362754728 0.926376974 0.0432636672 0.372098312 0.927184502 0.00858048544 0.381554329 0.924306588 -0.236208806 0.685250549 0.688939102 -0.219056746 0.674726977 0.704810364 -0.208819325 0.66784285 0.714409139 -0.2667101 0.850157517 0.453980086 -0.240118172 0.828234699 0.506330472 -0.221011202 0.808784924 0.544996326 -0.158344103 0.884732747 0.438377819 -0.119847876 0.823804983 0.554059417 -0.0861161579 0.757179027 0.647505929 0.0326816197 0.640171474 0.767536576 0.0752524733 0.507576981 0.858313855 0.115138659 0.359236972 0.926116562 0.187932232 -0.0157319259 0.982055998 0.20085556 -0.0814134723 0.976231986 0.215025339 -0.160544813 0.963322099 0.132123205 -0.521310557 0.843076961 0.131309751 -0.509240487 0.850547985 0.130858294 -0.498266879 0.857091724 -0.00865383035 -0.797809995 0.602846849 -0.00758603621 -0.77085636 0.636963832 -0.00551528852 -0.748070572 0.663596264 -0.20263078 -0.903108001 0.378598343 -0.1843506 -0.857031019 0.481157655 -0.166119662 -0.820219082 0.547398315 -0.333212944 -0.864487934 0.376337276 -0.370939168 -0.771295516 0.517211137 -0.320423058 -0.730828169 0.602676738 -0.655345708 -0.755305908 0.00591518347 -0.65534568 -0.755305931 0.00591518544 -0.65534568 -0.755305931 0.00591518544 -0.491110464 -0.541917439 0.682008799 -0.762871083 -0.425620278 0.48669815 -0.342984198 -0.518029722 0.783586018 -0.851799958 -0.373422315 0.367413399 -0.0479376529 0.130721023 0.99025956 -0.23468966 0.113392226 0.965434082 -0.106199676 0.0657546714 0.992168308 -0.356237083 -0.517358369 0.778097332 0.273017971 0.0010500637 0.96200836 0.150417897 -0.0308787476 0.988140152 0.198450657 -0.0491877963 0.978875834 0.4246321 0.167830885 0.889674307 0.491657398 0.213577896 0.844190432 0.53486217 0.112175569 0.83745991 0.59004999 0.152126808 0.792905066 0.694668921 0.0519869786 0.717448566 0.690266808 0.0524835776 0.72164895 0.687306816 0.0566480027 0.724154917 0.81074082 -0.156175221 0.564188465 0.797513598 -0.150660753 0.584186099 0.801636471 -0.13342084 0.582733085 0.792865765 -0.131201785 0.595105008 0.810169188 -0.406459417 0.422393926 0.790600194 -0.377848787 0.481852288 0.813931955 -0.336834742 0.473346731 0.799581287 -0.324959549 0.505045599 0.672185009 -0.639697447 0.372765998 0.66812898 -0.562536368 0.486987167 0.736492713 -0.501601779 0.453843739 0.722891567 -0.46496907 0.511108155 0.470623296 -0.729495765 0.496336219 0.495085795 -0.593917712 0.634154403 0.622835793 -0.546160375 0.560164636 0.61895781 -0.466910142 0.631574342 0.379810332 -0.539999769 0.751095441 0.428374895 -0.387282244 0.816399052 0.544410533 -0.387118055 0.744148361 0.548871453 -0.30847124 0.776907731 0.528409855 -0.27984302 0.80154283 0.547264316 -0.22801589 0.80530151 0.573187505 -0.238102805 0.784068325 0.576299471 -0.218055839 0.787610672 0.651328565 -0.228841098 0.723465861 0.626110142 -0.245296502 0.74014574 0.619375749 -0.223093464 0.752730355 0.607291792 -0.233256042 0.759465798 0.682511891 -0.338723982 0.647644642 0.568859492 -0.340825692 0.74848963 0.579913311 -0.245068037 0.776944148 0.528534185 -0.256313865 0.809292789 0.498057304 -0.520903294 0.693252249 0.40514184 -0.476273379 0.780399743 0.353328554 -0.143454347 0.924434845 0.329093116 -0.182575576 0.926479293 0.430755407 -0.645053949 0.63115385 -0.351256403 -0.0624160751 0.934196539 -0.351256403 -0.0624160751 0.934196539 -0.35125639 -0.0624161597 0.934196538 0.280586474 -0.0375318784 0.959094671 -0.263475763 0.518014816 0.813782018 -0.31231967 0.314650733 0.896354472 -0.242038247 0.594594386 0.766730072 -0.209541171 0.695429498 0.687364758 -0.138547498 0.795684975 0.58965245 -0.145083551 0.761511053 0.631705374 -0.151484734 0.736776576 0.658948141 0.0592562724 0.882161242 0.467204707 -0.0230912231 0.778180051 0.627616605 -0.0676030128 0.721095386 0.689529751 0.0993304897 0.674135673 0.731897908 -0.127846271 0.489845308 0.86238443 -0.23595408 0.396716904 0.887097159 -0.49188737 0.100843795 0.86479902 -0.591880029 0.000325709112 0.806026008 -0.645415556 -0.0363392347 0.762966723 -0.838132277 -0.0258482691 0.54485425 -0.837937525 -0.0256396549 0.545163565 -0.837861063 -0.0254696648 0.545289038 -0.926095602 0.00311857654 0.377276039 -0.926022338 0.00321950605 0.377454983 -0.925980055 0.00331212073 0.377557899 -0.965133881 0.0311851146 0.259892441 -0.965116715 0.0312255105 0.25995133 -0.965104918 0.0312649768 0.25999038 -0.981489849 0.0522651526 0.184244483 -0.981486265 0.0522819552 0.184258807 -0.981483448 0.052298701 0.18426906 -0.988036804 0.0658035745 0.139474595 -0.98803605 0.0658104059 0.139476716 -0.988035375 0.0658173029 0.139478247 -0.989798327 0.0707633011 0.123660126 -0.989799611 0.0707626365 0.123650227 -0.98980089 0.0707620303 0.123640341 0.972024345 0.233321702 0.0270121406 0.967642731 0.248213934 0.0453584325 0.971838985 0.23480784 0.019856102 0.967263897 0.251074269 0.0369088662 0.973330997 0.229255227 0.0082952313 0.969167689 0.245274052 0.0235505993 0.950705879 0.290333101 0.108926684 0.949947932 0.296504688 0.0984067903 0.954434944 0.283778299 0.0923245049 0.953547575 0.290247205 0.0806447934 0.906534233 0.355141193 0.228189434 0.905596994 0.366611164 0.213284643 0.915555531 0.347618003 0.202286414 0.914421401 0.359686442 0.185631797 0.794275341 0.434890152 0.424260813 0.793791466 0.457249948 0.40102069 0.81833589 0.429147699 0.382306976 0.817645197 0.452719816 0.355669932 0.535283658 0.491773244 0.686753582 0.53672037 0.533714001 0.653514047 0.591774495 0.500587727 0.631834531 0.593161563 0.543443089 0.593994082 0.16427508 0.492747856 0.85452516 0.139311712 0.512690864 0.847195565 0.420984459 0.560706126 0.713008222 0.422948525 0.61113633 0.669049275 -0.0522445414 0.420072582 0.905985394 -0.0531345863 0.424808679 0.90372247 -0.0451329383 0.417050262 0.907762137 -0.0451916762 0.424586298 0.904258916 -0.0452699641 0.435267493 0.899162299 -0.335279469 -0.0216187315 0.941870643 -0.343503436 -0.00738470355 0.939122386 -0.341125566 -0.0115175542 0.939947176 -0.350363774 0.00461902055 0.936602312 -0.32634932 -0.00489362871 0.94523657 -0.38183749 -0.195023999 0.903418934 -0.334133857 0.0133166249 0.942431554 -0.410400689 -0.141875216 0.900801142 -0.415203763 -0.485385917 0.769419487 -0.494423422 -0.545825324 0.676476308 -0.468002952 -0.428800829 0.772724456 -0.539077305 -0.516357711 0.665409929 -0.49828822 -0.469006955 0.729205956 -0.555570412 -0.421382335 0.716783402 -0.556121923 -0.635611479 0.535468444 -0.57365103 -0.620810034 0.534340151 -0.563168728 -0.609356846 0.558144442 -0.595628282 -0.574643262 0.561259361 -0.592053521 -0.58789615 0.551226582 -0.578961249 -0.595465165 0.556978554 -0.580742224 -0.606498012 0.543045698 -0.56640241 -0.614537961 0.549118753 -0.59159933 -0.552891002 0.586789377 -0.570635022 -0.563408475 0.59745005 -0.670176587 -0.381518508 0.636637236 -0.618536909 -0.42672761 0.65978454 -0.757306134 0.0266850466 0.652514619 -0.696528525 -0.0593175131 0.715073036 -0.683172344 -0.0763452468 0.726255432 -0.617824439 -0.152644633 0.77135762 -0.662606726 -0.233958669 0.711488347 -0.598001004 -0.290264999 0.747088368 -0.578693732 0.381641587 0.720737999 -0.49796766 0.563238611 0.659386439 -0.57844155 0.381182782 0.721183097 -0.497081568 0.561554108 0.661488397 -0.578695024 0.380417681 0.72138371 -0.498942489 0.558501415 0.66267078 -0.296832024 0.810354576 0.505189282 -0.296015684 0.806236153 0.512208923 -0.303277506 0.800460992 0.516996088 -0.102236026 0.918227643 0.382630096 -0.102850778 0.911821721 0.397495745 -0.119456374 0.910797496 0.395193746 -0.119444385 0.905298571 0.407636524 0.0764390952 0.949828253 0.303287579 0.0712367761 0.940139289 0.333261817 0.0397551606 0.944128782 0.327170247 0.036618775 0.935508919 0.351400239 0.276424122 0.925113994 0.260295606 0.251019405 0.910358442 0.328993564 0.188621122 0.932053833 0.30935049 0.172997433 0.917314887 0.358615792 0.34952126 0.881010289 0.318835004 0.310522514 0.860236088 0.404437439 0.329602921 0.867570631 0.372401819 0.262971 0.842567953 0.470027125 0.761773058 0.62086752 0.185000896 0.761773054 0.620867528 0.185000884 0.761773054 0.620867528 0.185000884 0.371407728 0.666702283 0.646192205 0.405778287 0.646845629 0.645704819 0.355956552 0.674127888 0.647183531 0.310891758 0.738773774 0.597962896 0.264930066 0.717459028 0.644255076 0.302412318 0.720341726 0.624223187 0.30744583 0.719976812 0.622182009 0.310588298 0.715810233 0.625420354 0.278094115 0.757878545 0.590155721 0.292041219 0.752611123 0.59015966 0.287687253 0.744831137 0.602048687 0.298162122 0.741072309 0.601590544 0.313432716 0.74442699 0.589566272 0.344309425 0.72798164 0.592869084 0.328493045 0.711118387 0.621613191 0.357228261 0.694769664 0.624246012 0.409106743 0.660757222 0.62931039 0.479805578 0.612419054 0.628275027 0.43613363 0.564862214 0.700512766 0.539065154 0.467485863 0.700618104 0.660510079 0.309357766 0.684122948 0.721152503 0.247531393 0.647045035 0.672426592 0.167186579 0.721034761 0.761111163 0.0282937989 0.648004057 0.828521726 -0.160301847 0.536521264 0.839726313 -0.166087006 0.516986291 0.824702712 -0.203243683 0.527785414 0.843139891 -0.228014556 0.486954297 0.830894107 -0.467975429 0.301021563 0.8263189 -0.464244444 0.318863877 0.833520405 -0.452729431 0.316669853 0.827996023 -0.448718273 0.336265516 0.740058175 -0.668483319 0.0737831259 0.730854885 -0.671323761 0.123189059 0.761132705 -0.63557867 0.129293309 0.750760346 -0.637435332 0.173306378 0.554904603 -0.82699499 -0.0903336439 0.55446054 -0.831212611 0.0407321259 0.641336837 -0.765922991 0.0452662598 0.629815911 -0.76591107 0.129275489 0.285615922 -0.956429755 -0.0605447731 0.369037617 -0.925633856 0.083744863 0.509053329 -0.848792718 0.142883273 0.512443593 -0.823568868 0.243178708 0.113767309 -0.988442371 -0.100193202 0.464077774 -0.805731766 0.368005625 0.349444269 -0.860683506 0.370287192 0.534177407 -0.757623932 0.375047298 0.523213573 -0.782182967 0.33828592 0.522740153 -0.766857771 0.372386749 0.633888462 -0.706892502 0.31382863 0.602463762 -0.735729545 0.309417925 0.59336355 -0.731646116 0.335579585 0.582886235 -0.74236675 0.330356241 0.630841143 -0.732862338 0.254857305 0.585936332 -0.76691213 0.261771655 0.584547212 -0.749617664 0.310447925 0.551517949 -0.773208249 0.313012707 0.513663236 -0.811583214 0.278357264 0.434387147 -0.852264028 0.291468409 0.440742496 -0.812917744 0.380671503 0.363943313 -0.845556513 0.390614195 0.243708655 -0.896748153 0.369389823 0.111062699 -0.924063562 0.365748014 0.11657826 -0.849135571 0.515148806 0.0748361301 -0.86331825 0.499080307 -0.275532935 -0.862346052 0.424783343 -0.388731667 -0.840840816 0.376662199 -0.0037429996 -0.816551313 0.577260724 -0.580800072 -0.689699928 0.432417952 -0.506333478 -0.724231691 0.468097069 -0.528869865 -0.701095834 0.478289972 -0.704704047 -0.642435489 0.301112683 -0.729947399 -0.629623609 0.265990423 -0.75068503 -0.583961442 0.308967669 -0.805415471 -0.541648913 0.240670678 -0.902301421 -0.416790861 0.110170431 -0.897934258 -0.420645576 0.129504314 -0.895110674 -0.428395367 0.123508265 -0.889969472 -0.431103585 0.148674267 -0.965238579 -0.243931444 -0.0938719176 -0.971433475 -0.23260901 -0.0470111983 -0.959869069 -0.278062381 -0.0365059187 -0.963970716 -0.265713905 0.0125131742 -0.955771904 -0.00250001578 -0.294098312 -0.991685947 0.0105264589 -0.128250445 -0.986792549 -0.118498363 -0.110447289 -0.994923136 -0.0996447709 -0.0141022653 -0.921417285 0.315813506 -0.22638908 -0.972475687 0.227060933 -0.0522912185 -0.998367531 0.055844805 0.011984567 -0.99259114 0.0436299949 0.11339864 -0.856484128 0.463404711 -0.227356576 -0.960489132 0.148085985 0.235650521 -0.955888698 0.171508748 0.238456591 -0.961821154 0.136054637 0.23746411 -0.973967203 0.0994549054 0.203707166 -0.967917418 0.0900728361 0.234569299 -0.963750268 0.129699863 0.233159529 -0.961625853 0.148778636 0.230522529 -0.957254742 0.159910851 0.24102257 -0.952326019 0.187395218 0.240745062 -0.941609961 0.231310813 0.244675274 -0.933215571 0.224716831 0.28037661 -0.925802313 0.25296516 0.280889133 -0.910466292 0.308004737 0.276014879 -0.872483798 0.389667938 0.294840502 -0.855373697 0.358254567 0.374151711 -0.82147464 0.420959643 0.384671801 -0.785427113 0.513263912 0.345925435 -0.673624391 0.641064798 0.367785406 -0.638466054 0.55762867 0.530482199 -0.624094714 0.58999999 0.5122556 -0.430094071 0.808647557 0.401382884 -0.317776588 0.863133308 0.392452461 -0.530789568 0.596600099 0.601939163 0.00436485958 0.814413095 0.580269126 -0.0234554259 0.823186921 0.567285762 0.0253588498 0.8072414 0.589676395 -0.291996379 0.863755614 0.410687659 0.257471324 0.962767868 -0.0823805113 0.270618147 0.962400751 -0.0234651212 0.23111696 0.972654352 -0.0229883153 0.0531266612 0.797026999 0.601602461 0.844609797 0.534800938 -0.0249448963 0.844609805 0.534800927 -0.0249448696 0.844609805 0.534800927 -0.0249448696 0.32776365 0.879914972 -0.343977662 0.340040395 0.845379246 -0.411954439 0.419817017 0.907265891 -0.0249454276 0.419817017 0.907265891 -0.0249454276 0.419817002 0.907265899 -0.0249454075 0.477679182 0.742661709 -0.469335897 0.573403298 0.645702823 -0.504258389 0.448976626 0.76666304 -0.458963804 0.433148547 0.765856395 -0.47523291 0.434017744 0.767616515 -0.471586136 0.430230618 0.772943228 -0.466326475 0.528577997 0.612771139 -0.587466452 0.535032161 0.618228115 -0.5757904 0.521527687 0.629820994 -0.575616528 0.530092954 0.639742066 -0.556535308 0.575689562 0.36666526 -0.730847532 0.600577947 0.377608891 -0.704781991 0.576872739 0.415954512 -0.702993376 0.609781875 0.435500436 -0.662197429 0.528886632 0.0173950791 -0.848514196 0.593744359 0.030069063 -0.804091716 0.572463205 0.119310175 -0.811203403 0.647899721 0.141712553 -0.748427354 0.532384951 -0.174311867 -0.828360813 0.618451729 -0.162259287 -0.768888407 0.610365698 -0.0418211233 -0.791014986 0.701392633 -0.0231326314 -0.712399646 0.212789319 -0.581034281 -0.785569774 0.27960215 -0.734147023 -0.618749374 0.357798303 -0.590844038 -0.723106975 0.38984104 -0.72949206 -0.562018948 0.389241068 -0.433562121 -0.81272091 0.565941884 -0.428578757 -0.704293996 0.519315573 -0.431818521 -0.737457863 0.674373495 -0.414297745 -0.611210085 0.239292457 -0.844187402 -0.479673588 0.310787362 -0.837638999 -0.449190519 0.247726251 -0.796918525 -0.55095605 0.328344688 -0.793638882 -0.512178769 0.306678758 -0.795160985 -0.523132055 0.380035444 -0.788002377 -0.484381373 -0.136326474 -0.975643264 -0.171858413 -0.276852896 -0.959160534 -0.057996068 -0.142837471 -0.974508714 -0.173003538 -0.297145931 -0.953017951 -0.0588309508 -0.29606805 -0.954310095 -0.0404469172 -0.149407903 -0.974462524 -0.16763075 -0.316615033 -0.94766484 -0.0410642364 -0.541615856 -0.828387919 0.142918578 -0.596392363 -0.792395582 0.128161583 -0.595263223 -0.777246819 0.203835909 -0.665538952 -0.722689304 0.186488801 -0.81712175 -0.533788285 0.217674327 -0.84785872 -0.493634453 0.193547458 -0.895305638 -0.30947338 0.320396694 -0.917834087 -0.286629015 0.274635024 -0.895359968 -0.372959482 0.243375745 -0.941343377 0.0367226818 -0.335446108 -0.948718786 -0.0231233834 -0.315274443 -0.935815589 0.0605922624 -0.347243086 -0.937737604 -0.0563886357 0.34273679 -0.463346147 0.743550373 -0.482123625 -0.463346147 0.743550373 -0.482123625 -0.463346147 0.743550373 -0.482123625 -0.879930466 0.176641545 -0.441044373 -0.895398374 0.177556116 -0.40833268 -0.929875213 0.0881080235 -0.357168117 -0.900288101 0.145994363 -0.410081677 -0.93879402 0.0814114484 -0.334720726 -0.918113058 0.146702785 -0.368166682 -0.849527752 0.263738975 -0.456885492 -0.868213544 0.278634785 -0.410570211 -0.76400526 0.351897198 -0.540799709 -0.810086566 0.369135125 -0.455520598 -0.37997343 0.544859903 -0.7474944 -0.518243696 0.609382199 -0.600064003 -0.507876092 0.605162712 -0.613057882 -0.612351101 0.641353261 -0.462268454 -0.697530591 0.512128185 -0.501174418 -0.738892075 0.534699748 -0.410042292 0.405149649 0.796709166 -0.448450964 0.405149649 0.796709166 -0.448450964 0.405149649 0.796709166 -0.448450964 -0.090701925 0.995365261 -0.0319555495 -0.21650211 0.964956164 -0.148278246 -0.0866147846 0.99582956 -0.0286594906 -0.0735036434 0.844893629 -0.52986033 -0.158402194 0.972948329 -0.168167456 -0.187175786 0.877612211 -0.441318515 -0.157246306 0.983151225 -0.0932055099 0.037220212 0.993968096 0.103160455 0.0368427325 0.993940811 0.103558089 0.0365349281 0.994011459 0.102987465 0.0761991903 0.981110855 0.177806561 0.0759836181 0.981087006 0.178030266 0.0758541754 0.981162558 0.177668736 0.0934468582 0.968667826 0.230109383 0.0933627212 0.968648454 0.230225052 0.0933252305 0.968690074 0.230065081 0.100678753 0.959303252 0.263820128 0.100647182 0.959290716 0.263877748 0.10063727 0.959309265 0.263814088 0.103575852 0.953281525 0.283771699 0.103564158 0.953274847 0.283798398 0.103561604 0.953282297 0.283774306 0.104363929 0.951071261 0.290812014 0.104371524 0.951069181 0.29081609 0.104372805 0.95106519 0.290828682</float_array>
        <technique_common><accessor source="#vfx_kurp_0875-mesh-normals-array" count="575" stride="3"><param name="X" type="float"/><param name="Y" type="float"/><param name="Z" type="float"/></accessor></technique_common>
      </source>
      <source id="vfx_kurp_0875-mesh-uv0">
        <float_array id="vfx_kurp_0875-mesh-uv0-array" count="1150">1 1 1 0.985714257 0.5 1 0.5 0.985714257 0 1 0 0.985714257 1 0.971428573 0.5 0.971428573 0.5 0.971428573 0 0.971428573 1 0.95714283 0.5 0.95714283 0.5 0.95714283 0 0.95714283 1 0.942857146 0.5 0.942857146 0.5 0.942857146 0 0.942857146 1 0.928571403 0.5 0.928571403 0.5 0.928571403 0 0.928571403 1 0.914285719 0.5 0.914285719 0.5 0.914285719 0 0.914285719 1 0.899999976 0.5 0.899999976 0.5 0.899999976 0 0.899999976 1 0.885714293 0.5 0.885714293 0.5 0.885714293 0 0.885714293 1 0.871428549 0.5 0.871428549 0.5 0.871428549 0 0.871428549 1 0.857142866 0.5 0.857142866 0.5 0.857142866 0 0.857142866 1 0.842857122 0.5 0.842857122 0.5 0.842857122 0 0.842857122 1 0.828571439 0.5 0.828571439 0.5 0.828571439 0 0.828571439 1 0.814285696 0.5 0.814285696 1 0.814285696 0 0.814285696 1 0.800000012 0.5 0.800000012 0 0.800000012 1 0.785714269 0.5 0.785714269 0 0.785714269 1 0.771428585 0.5 0.771428585 0 0.771428585 1 0.757142842 0.5 0.757142842 0 0.757142842 1 0.742857099 0.5 0.742857099 0 0.742857099 1 0.728571415 0.5 0.728571415 0 0.728571415 1 0.714285731 0.5 0.714285731 0 0.714285731 1 0.699999988 0.5 0.699999988 0 0.699999988 1 0.685714245 0.5 0.685714245 0 0.685714245 1 0.671428561 0.5 0.671428561 0 0.671428561 1 0.657142878 0.5 0.657142878 0 0.657142878 1 0.642857134 0.5 0.642857134 0 0.642857134 1 0.628571391 0.5 0.628571391 0 0.628571391 1 0.614285707 0.5 0.614285707 0 0.614285707 1 0.600000024 0.5 0.600000024 0 0.600000024 1 0.585714281 0.5 0.585714281 0 0.585714281 1 0.571428537 0.5 0.571428537 0 0.571428537 1 0.557142854 0.5 0.557142854 0 0.557142854 1 0.54285717 0.5 0.54285717 0 0.54285717 1 0.528571427 0.5 0.528571427 0 0.528571427 1 0.514285684 0.5 0.514285684 0 0.514285684 1 0.5 0.5 0.5 0 0.5 1 0.485714257 0.5 0.485714257 0 0.485714257 1 0.471428573 0.5 0.471428573 0 0.471428573 1 0.45714283 0.5 0.45714283 0 0.45714283 1 0.442857146 0.5 0.442857146 0 0.442857146 1 0.428571403 0.5 0.428571403 0 0.428571403 1 0.414285719 0.5 0.414285719 0 0.414285719 1 0.399999976 0.5 0.399999976 0 0.399999976 1 0.385714293 0.5 0.385714293 0 0.385714293 1 0.371428549 0.5 0.371428549 0 0.371428549 1 0.357142866 0.5 0.357142866 0 0.357142866 1 0.342857122 0.5 0.342857122 0 0.342857122 1 0.342857122 1 0.328571439 0.5 0.342857122 0.5 0.328571439 1 0.328571439 0 0.328571439 1 0.314285696 0.5 0.314285696 0.5 0.328571439 1 0.314285696 0.5 0.314285696 0 0.314285696 0 0.328571439 0.5 0.314285696 1 0.300000012 0.5 0.300000012 0.5 0.300000012 0 0.300000012 1 0.285714269 0.5 0.285714269 0 0.285714269 1 0.271428585 0.5 0.271428585 0.5 0.271428585 0 0.271428585 1 0.257142842 0.5 0.257142842 0.5 0.257142842 0 0.257142842 1 0.242857158 0.5 0.242857158 0.5 0.242857158 0 0.242857158 1 0.228571415 0.5 0.228571415 0.5 0.228571415 0 0.228571415 1 0.214285731 0.5 0.214285731 0.5 0.214285731 0 0.214285731 1 0.199999988 0.5 0.199999988 0.5 0.199999988 0 0.199999988 1 0.185714304 0.5 0.185714304 0.5 0.185714304 0 0.185714304 1 0.171428561 0.5 0.171428561 0.5 0.171428561 0 0.171428561 1 0.157142878 0.5 0.157142878 0.5 0.157142878 0 0.157142878 1 0.142857134 0.5 0.142857134 0.5 0.157142878 1 0.142857134 0.5 0.142857134 0 0.142857134 0 0.157142878 0.5 0.142857134 1 0.142857134 1 0.128571451 0.5 0.128571451 0 0.128571451 1 0.114285707 0.5 0.114285707 0 0.114285707 1 0.100000024 0.5 0.100000024 0 0.100000024 1 0.0857142806 0.5 0.0857142806 0 0.0857142806 1 0.0714285374 0.5 0.0714285374 0 0.0714285374 1 0.0571428537 0.5 0.0571428537 0 0.0571428537 1 0.0428571105 0.5 0.0428571105 0 0.0428571105 1 0.0285714269 0.5 0.0285714269 0 0.0285714269 1 0.0142856836 0.5 0.0142856836 0 0.0142856836 0 0 0.5 0 1 0 1 1 1 0.985714257 0.5 1 0.5 0.985714257 0 1 0 0.985714257 1 0.971428573 0.5 0.971428573 0.5 0.971428573 0 0.971428573 1 0.95714283 0.5 0.95714283 0.5 0.95714283 0 0.95714283 1 0.942857146 0.5 0.942857146 0.5 0.942857146 0 0.942857146 1 0.928571403 0.5 0.928571403 0.5 0.928571403 0 0.928571403 1 0.914285719 0.5 0.914285719 0.5 0.914285719 0 0.914285719 1 0.899999976 0.5 0.899999976 0.5 0.914285719 0 0.914285719 0 0.899999976 1 0.899999976 1 0.885714293 0.5 0.899999976 0.5 0.885714293 0.5 0.899999976 0.5 0.885714293 0 0.899999976 0 0.885714293 1 0.885714293 1 0.871428549 0.5 0.885714293 0.5 0.871428549 0.5 0.871428549 0 0.871428549 1 0.857142866 0.5 0.857142866 0.5 0.857142866 0 0.857142866 1 0.842857122 0.5 0.842857122 0.5 0.842857122 0 0.842857122 1 0.828571439 0.5 0.828571439 0.5 0.828571439 0 0.828571439 1 0.828571439 1 0.814285696 0.5 0.828571439 0.5 0.814285696 0.5 0.814285696 0 0.814285696 1 0.814285696 1 0.800000012 0.5 0.814285696 0.5 0.800000012 0 0.814285696 0 0.800000012 1 0.785714269 0.5 0.785714269 0 0.785714269 1 0.771428585 0.5 0.771428585 0.5 0.771428585 0 0.771428585 1 0.757142842 0.5 0.757142842 0.5 0.757142842 0 0.757142842 1 0.742857099 0.5 0.742857099 0.5 0.742857099 0 0.742857099 1 0.728571415 0.5 0.728571415 0.5 0.728571415 0 0.728571415 1 0.728571415 1 0.714285731 0.5 0.728571415 0.5 0.714285731 0.5 0.728571415 1 0.714285731 0.5 0.714285731 0 0.714285731 1 0.699999988 0.5 0.699999988 0 0.699999988 1 0.685714245 0.5 0.685714245 0.5 0.685714245 0 0.685714245 1 0.671428561 0.5 0.671428561 0.5 0.671428561 0 0.671428561 1 0.657142878 0.5 0.657142878 0.5 0.657142878 0 0.657142878 1 0.642857134 0.5 0.642857134 0.5 0.642857134 0 0.642857134 1 0.628571391 0.5 0.628571391 0.5 0.628571391 0 0.628571391 1 0.614285707 0.5 0.614285707 0.5 0.614285707 0 0.614285707 1 0.600000024 0.5 0.600000024 0.5 0.600000024 0 0.600000024 1 0.585714281 0.5 0.585714281 0.5 0.585714281 0 0.585714281 1 0.571428537 0.5 0.571428537 0.5 0.571428537 0 0.571428537 1 0.557142854 0.5 0.557142854 0.5 0.571428537 1 0.557142854 0.5 0.557142854 0 0.557142854 1 0.54285717 0.5 0.54285717 0.5 0.54285717 0 0.54285717 1 0.528571427 0.5 0.528571427 0.5 0.528571427 0 0.528571427 1 0.514285684 0.5 0.514285684 0.5 0.514285684 0 0.514285684 1 0.5 0.5 0.5 0.5 0.5 0 0.5 1 0.485714257 0.5 0.485714257 0.5 0.485714257 0 0.485714257 0 0.5 0.5 0.485714257 1 0.471428573 0.5 0.471428573 0.5 0.471428573 0 0.471428573 1 0.45714283 0.5 0.45714283 0.5 0.45714283 0 0.45714283 1 0.442857146 0.5 0.442857146 0.5 0.442857146 0 0.442857146 1 0.428571403 0.5 0.428571403 0.5 0.428571403 0 0.428571403 1 0.414285719 0.5 0.414285719 0.5 0.414285719 0 0.414285719 1 0.399999976 0.5 0.399999976 0.5 0.414285719 1 0.399999976 0.5 0.399999976 0 0.399999976 1 0.385714293 0.5 0.385714293 0 0.385714293 1 0.371428549 0.5 0.371428549 0.5 0.371428549 0 0.371428549 1 0.357142866 0.5 0.357142866 0.5 0.357142866 0 0.357142866 1 0.342857122 0.5 0.342857122 0.5 0.342857122 0 0.342857122 1 0.328571439 0.5 0.328571439 0.5 0.328571439 0 0.328571439 0 0.342857122 0.5 0.328571439 1 0.314285696 0.5 0.314285696 0.5 0.328571439 1 0.314285696 0.5 0.314285696 0 0.314285696 0 0.328571439 0.5 0.314285696 1 0.300000012 0.5 0.300000012 0.5 0.314285696 0.5 0.300000012 0 0.314285696 0 0.300000012 0 0.314285696 0.5 0.300000012 1 0.285714269 0.5 0.285714269 0 0.285714269 1 0.271428585 0.5 0.271428585 0.5 0.271428585 0 0.271428585 1 0.257142842 0.5 0.257142842 0.5 0.257142842 0 0.257142842 1 0.242857158 0.5 0.242857158 0.5 0.242857158 0 0.242857158 1 0.228571415 0.5 0.228571415 0.5 0.228571415 0 0.228571415 1 0.228571415 1 0.214285731 0.5 0.228571415 0.5 0.214285731 0.5 0.228571415 0.5 0.214285731 0 0.228571415 0 0.214285731 1 0.199999988 0.5 0.199999988 0.5 0.214285731 0.5 0.199999988 0 0.214285731 0 0.199999988 1 0.199999988 1 0.185714304 0.5 0.199999988 0.5 0.185714304 0.5 0.185714304 0 0.199999988 0 0.185714304 1 0.171428561 0.5 0.171428561 0.5 0.171428561 0 0.171428561 1 0.157142878 0.5 0.157142878 0.5 0.157142878 0 0.157142878 1 0.142857134 0.5 0.142857134 0.5 0.157142878 1 0.142857134 0.5 0.142857134 0 0.142857134 0 0.157142878 0.5 0.142857134 1 0.128571451 0.5 0.128571451 0.5 0.142857134 0.5 0.128571451 0 0.142857134 0 0.128571451 1 0.114285707 0.5 0.114285707 0.5 0.114285707 0 0.114285707 1 0.114285707 1 0.100000024 0.5 0.114285707 0.5 0.100000024 0.5 0.100000024 0 0.100000024 1 0.100000024 1 0.0857142806 0.5 0.100000024 0.5 0.0857142806 0.5 0.100000024 1 0.0857142806 0.5 0.100000024 0.5 0.0857142806 0 0.100000024 0 0.0857142806 1 0.0714285374 0.5 0.0714285374 0 0.0714285374 1 0.0571428537 0.5 0.0571428537 0 0.0571428537 1 0.0428571105 0.5 0.0428571105 0 0.0428571105 1 0.0285714269 0.5 0.0285714269 0 0.0285714269 1 0.0142856836 0.5 0.0142856836 0 0.0142856836 0 0 0.5 0 1 0</float_array>
        <technique_common><accessor source="#vfx_kurp_0875-mesh-uv0-array" count="575" stride="2"><param name="S" type="float"/><param name="T" type="float"/></accessor></technique_common>
      </source>
      <source id="vfx_kurp_0875-mesh-colors">
        <float_array id="vfx_kurp_0875-mesh-colors-array" count="2300">0.666666687 0.666666687 0.666666687 0 0.666666687 0.666666687 0.666666687 1 0.666666687 0.666666687 0.666666687 0 0.666666687 0.666666687 0.666666687 1 0.666666687 0.666666687 0.666666687 0 0.666666687 0.666666687 0.666666687 1 0.666666687 0.666666687 0.666666687 1 0.666666687 0.666666687 0.666666687 1 0.666666687 0.666666687 0.666666687 1 0.666666687 0.666666687 0.666666687 1 0.666666687 0.666666687 0.666666687 1 0.666666687 0.666666687 0.666666687 1 0.666666687 0.666666687 0.666666687 1 0.666666687 0.666666687 0.666666687 1 0.666666687 0.666666687 0.666666687 1 0.666666687 0.666666687 0.666666687 1 0.666666687 0.666666687 0.666666687 1 0.666666687 0.666666687 0.666666687 1 0.666666687 0.666666687 0.666666687 1 0.666666687 0.666666687 0.666666687 1 0.666666687 0.666666687 0.666666687 1 0.666666687 0.666666687 0.666666687 1 0.666666687 0.666666687 0.666666687 1 0.666666687 0.666666687 0.666666687 1 0.666666687 0.666666687 0.666666687 1 0.666666687 0.666666687 0.666666687 1 0.666666687 0.666666687 0.666666687 1 0.666666687 0.666666687 0.666666687 1 0.666666687 0.666666687 0.666666687 1 0.666666687 0.666666687 0.666666687 1 0.666666687 0.666666687 0.666666687 1 0.666666687 0.666666687 0.666666687 1 0.666666687 0.666666687 0.666666687 1 0.666666687 0.666666687 0.666666687 1 0.666666687 0.666666687 0.666666687 1 0.666666687 0.666666687 0.666666687 1 0.666666687 0.666666687 0.666666687 1 0.666666687 0.666666687 0.666666687 1 0.666666687 0.666666687 0.666666687 1 0.666666687 0.666666687 0.666666687 1 0.666666687 0.666666687 0.666666687 1 0.666666687 0.666666687 0.666666687 1 0.666666687 0.666666687 0.666666687 1 0.666666687 0.666666687 0.666666687 1 0.666666687 0.666666687 0.666666687 1 0.666666687 0.666666687 0.666666687 1 0.666666687 0.666666687 0.666666687 1 0.666666687 0.666666687 0.666666687 1 0.666666687 0.666666687 0.666666687 1 0.666666687 0.666666687 0.666666687 1 0.666666687 0.666666687 0.666666687 1 0.666666687 0.666666687 0.666666687 1 0.666666687 0.666666687 0.666666687 1 0.666666687 0.666666687 0.666666687 1 0.666666687 0.666666687 0.666666687 1 0.666666687 0.666666687 0.666666687 1 0.666666687 0.666666687 0.666666687 1 0.666666687 0.666666687 0.666666687 1 0.666666687 0.666666687 0.666666687 1 0.666666687 0.666666687 0.666666687 1 0.666666687 0.666666687 0.666666687 1 0.666666687 0.666666687 0.666666687 1 0.666666687 0.666666687 0.666666687 1 0.666666687 0.666666687 0.666666687 1 0.666666687 0.666666687 0.666666687 1 0.666666687 0.666666687 0.666666687 1 0.666666687 0.666666687 0.666666687 1 0.666666687 0.666666687 0.666666687 1 0.666666687 0.666666687 0.666666687 1 0.666666687 0.666666687 0.666666687 1 0.666666687 0.666666687 0.666666687 1 0.666666687 0.666666687 0.666666687 1 0.666666687 0.666666687 0.666666687 1 0.666666687 0.666666687 0.666666687 1 0.666666687 0.666666687 0.666666687 1 0.666666687 0.666666687 0.666666687 1 0.666666687 0.666666687 0.666666687 1 0.666666687 0.666666687 0.666666687 1 0.666666687 0.666666687 0.666666687 1 0.666666687 0.666666687 0.666666687 1 0.666666687 0.666666687 0.666666687 1 0.666666687 0.666666687 0.666666687 1 0.666666687 0.666666687 0.666666687 1 0.666666687 0.666666687 0.666666687 1 0.666666687 0.666666687 0.666666687 1 0.666666687 0.666666687 0.666666687 1 0.666666687 0.666666687 0.666666687 1 0.666666687 0.666666687 0.666666687 1 0.666666687 0.666666687 0.666666687 1 0.666666687 0.666666687 0.666666687 1 0.666666687 0.666666687 0.666666687 1 0.666666687 0.666666687 0.666666687 1 0.666666687 0.666666687 0.666666687 1 0.666666687 0.666666687 0.666666687 1 0.666666687 0.666666687 0.666666687 1 0.666666687 0.666666687 0.666666687 1 0.666666687 0.666666687 0.666666687 1 0.666666687 0.666666687 0.666666687 1 0.666666687 0.666666687 0.666666687 1 0.666666687 0.666666687 0.666666687 1 0.666666687 0.666666687 0.666666687 1 0.666666687 0.666666687 0.666666687 1 0.666666687 0.666666687 0.666666687 1 0.666666687 0.666666687 0.666666687 1 0.666666687 0.666666687 0.666666687 1 0.666666687 0.666666687 0.666666687 1 0.666666687 0.666666687 0.666666687 1 0.666666687 0.666666687 0.666666687 1 0.666666687 0.666666687 0.666666687 1 0.666666687 0.666666687 0.666666687 1 0.666666687 0.666666687 0.666666687 1 0.666666687 0.666666687 0.666666687 1 0.666666687 0.666666687 0.666666687 1 0.666666687 0.666666687 0.666666687 1 0.666666687 0.666666687 0.666666687 1 0.666666687 0.666666687 0.666666687 1 0.666666687 0.666666687 0.666666687 1 0.666666687 0.666666687 0.666666687 1 0.666666687 0.666666687 0.666666687 1 0.666666687 0.666666687 0.666666687 1 0.666666687 0.666666687 0.666666687 1 0.666666687 0.666666687 0.666666687 1 0.666666687 0.666666687 0.666666687 1 0.666666687 0.666666687 0.666666687 1 0.666666687 0.666666687 0.666666687 1 0.666666687 0.666666687 0.666666687 1 0.666666687 0.666666687 0.666666687 1 0.666666687 0.666666687 0.666666687 1 0.666666687 0.666666687 0.666666687 1 0.666666687 0.666666687 0.666666687 1 0.666666687 0.666666687 0.666666687 1 0.666666687 0.666666687 0.666666687 1 0.666666687 0.666666687 0.666666687 1 0.666666687 0.666666687 0.666666687 1 0.666666687 0.666666687 0.666666687 1 0.666666687 0.666666687 0.666666687 1 0.666666687 0.666666687 0.666666687 1 0.666666687 0.666666687 0.666666687 1 0.666666687 0.666666687 0.666666687 1 0.666666687 0.666666687 0.666666687 1 0.666666687 0.666666687 0.666666687 1 0.666666687 0.666666687 0.666666687 1 0.666666687 0.666666687 0.666666687 1 0.666666687 0.666666687 0.666666687 1 0.666666687 0.666666687 0.666666687 1 0.666666687 0.666666687 0.666666687 1 0.666666687 0.666666687 0.666666687 1 0.666666687 0.666666687 0.666666687 1 0.666666687 0.666666687 0.666666687 1 0.666666687 0.666666687 0.666666687 1 0.666666687 0.666666687 0.666666687 1 0.666666687 0.666666687 0.666666687 1 0.666666687 0.666666687 0.666666687 1 0.666666687 0.666666687 0.666666687 1 0.666666687 0.666666687 0.666666687 1 0.666666687 0.666666687 0.666666687 1 0.666666687 0.666666687 0.666666687 1 0.666666687 0.666666687 0.666666687 1 0.666666687 0.666666687 0.666666687 1 0.666666687 0.666666687 0.666666687 1 0.666666687 0.666666687 0.666666687 1 0.666666687 0.666666687 0.666666687 1 0.666666687 0.666666687 0.666666687 1 0.666666687 0.666666687 0.666666687 1 0.666666687 0.666666687 0.666666687 1 0.666666687 0.666666687 0.666666687 1 0.666666687 0.666666687 0.666666687 1 0.666666687 0.666666687 0.666666687 1 0.666666687 0.666666687 0.666666687 1 0.666666687 0.666666687 0.666666687 1 0.666666687 0.666666687 0.666666687 1 0.666666687 0.666666687 0.666666687 1 0.666666687 0.666666687 0.666666687 1 0.666666687 0.666666687 0.666666687 1 0.666666687 0.666666687 0.666666687 1 0.666666687 0.666666687 0.666666687 1 0.666666687 0.666666687 0.666666687 1 0.666666687 0.666666687 0.666666687 1 0.666666687 0.666666687 0.666666687 1 0.666666687 0.666666687 0.666666687 1 0.666666687 0.666666687 0.666666687 1 0.666666687 0.666666687 0.666666687 1 0.666666687 0.666666687 0.666666687 1 0.666666687 0.666666687 0.666666687 1 0.666666687 0.666666687 0.666666687 1 0.666666687 0.666666687 0.666666687 1 0.666666687 0.666666687 0.666666687 1 0.666666687 0.666666687 0.666666687 1 0.666666687 0.666666687 0.666666687 1 0.666666687 0.666666687 0.666666687 1 0.666666687 0.666666687 0.666666687 1 0.666666687 0.666666687 0.666666687 1 0.666666687 0.666666687 0.666666687 1 0.666666687 0.666666687 0.666666687 1 0.666666687 0.666666687 0.666666687 1 0.666666687 0.666666687 0.666666687 1 0.666666687 0.666666687 0.666666687 1 0.666666687 0.666666687 0.666666687 1 0.666666687 0.666666687 0.666666687 1 0.666666687 0.666666687 0.666666687 1 0.666666687 0.666666687 0.666666687 1 0.666666687 0.666666687 0.666666687 1 0.666666687 0.666666687 0.666666687 1 0.666666687 0.666666687 0.666666687 1 0.666666687 0.666666687 0.666666687 1 0.666666687 0.666666687 0.666666687 1 0.666666687 0.666666687 0.666666687 1 0.666666687 0.666666687 0.666666687 1 0.666666687 0.666666687 0.666666687 1 0.666666687 0.666666687 0.666666687 1 0.666666687 0.666666687 0.666666687 1 0.666666687 0.666666687 0.666666687 1 0.666666687 0.666666687 0.666666687 1 0.666666687 0.666666687 0.666666687 1 0.666666687 0.666666687 0.666666687 1 0.666666687 0.666666687 0.666666687 1 0.666666687 0.666666687 0.666666687 1 0.666666687 0.666666687 0.666666687 1 0.666666687 0.666666687 0.666666687 1 0.666666687 0.666666687 0.666666687 1 0.666666687 0.666666687 0.666666687 1 0.666666687 0.666666687 0.666666687 1 0.666666687 0.666666687 0.666666687 1 0.666666687 0.666666687 0.666666687 1 0.666666687 0.666666687 0.666666687 1 0.666666687 0.666666687 0.666666687 1 0.666666687 0.666666687 0.666666687 1 0.666666687 0.666666687 0.666666687 1 0.666666687 0.666666687 0.666666687 1 0.666666687 0.666666687 0.666666687 1 0.666666687 0.666666687 0.666666687 1 0.666666687 0.666666687 0.666666687 1 0.666666687 0.666666687 0.666666687 1 0.666666687 0.666666687 0.666666687 1 0.666666687 0.666666687 0.666666687 1 0.666666687 0.666666687 0.666666687 1 0.666666687 0.666666687 0.666666687 1 0.666666687 0.666666687 0.666666687 1 0.666666687 0.666666687 0.666666687 1 0.666666687 0.666666687 0.666666687 1 0.666666687 0.666666687 0.666666687 1 0.666666687 0.666666687 0.666666687 1 0.666666687 0.666666687 0.666666687 1 0.666666687 0.666666687 0.666666687 1 0.666666687 0.666666687 0.666666687 1 0.666666687 0.666666687 0.666666687 1 0.666666687 0.666666687 0.666666687 0 0.666666687 0.666666687 0.666666687 0 0.666666687 0.666666687 0.666666687 0 0.666666687 0.666666687 0.666666687 0 0.666666687 0.666666687 0.666666687 1 0.666666687 0.666666687 0.666666687 0 0.666666687 0.666666687 0.666666687 1 0.666666687 0.666666687 0.666666687 0 0.666666687 0.666666687 0.666666687 1 0.666666687 0.666666687 0.666666687 1 0.666666687 0.666666687 0.666666687 1 0.666666687 0.666666687 0.666666687 1 0.666666687 0.666666687 0.666666687 1 0.666666687 0.666666687 0.666666687 1 0.666666687 0.666666687 0.666666687 1 0.666666687 0.666666687 0.666666687 1 0.666666687 0.666666687 0.666666687 1 0.666666687 0.666666687 0.666666687 1 0.666666687 0.666666687 0.666666687 1 0.666666687 0.666666687 0.666666687 1 0.666666687 0.666666687 0.666666687 1 0.666666687 0.666666687 0.666666687 1 0.666666687 0.666666687 0.666666687 1 0.666666687 0.666666687 0.666666687 1 0.666666687 0.666666687 0.666666687 1 0.666666687 0.666666687 0.666666687 1 0.666666687 0.666666687 0.666666687 1 0.666666687 0.666666687 0.666666687 1 0.666666687 0.666666687 0.666666687 1 0.666666687 0.666666687 0.666666687 1 0.666666687 0.666666687 0.666666687 1 0.666666687 0.666666687 0.666666687 1 0.666666687 0.666666687 0.666666687 1 0.666666687 0.666666687 0.666666687 1 0.666666687 0.666666687 0.666666687 1 0.666666687 0.666666687 0.666666687 1 0.666666687 0.666666687 0.666666687 1 0.666666687 0.666666687 0.666666687 1 0.666666687 0.666666687 0.666666687 1 0.666666687 0.666666687 0.666666687 1 0.666666687 0.666666687 0.666666687 1 0.666666687 0.666666687 0.666666687 1 0.666666687 0.666666687 0.666666687 1 0.666666687 0.666666687 0.666666687 1 0.666666687 0.666666687 0.666666687 1 0.666666687 0.666666687 0.666666687 1 0.666666687 0.666666687 0.666666687 1 0.666666687 0.666666687 0.666666687 1 0.666666687 0.666666687 0.666666687 1 0.666666687 0.666666687 0.666666687 1 0.666666687 0.666666687 0.666666687 1 0.666666687 0.666666687 0.666666687 1 0.666666687 0.666666687 0.666666687 1 0.666666687 0.666666687 0.666666687 1 0.666666687 0.666666687 0.666666687 1 0.666666687 0.666666687 0.666666687 1 0.666666687 0.666666687 0.666666687 1 0.666666687 0.666666687 0.666666687 1 0.666666687 0.666666687 0.666666687 1 0.666666687 0.666666687 0.666666687 1 0.666666687 0.666666687 0.666666687 1 0.666666687 0.666666687 0.666666687 1 0.666666687 0.666666687 0.666666687 1 0.666666687 0.666666687 0.666666687 1 0.666666687 0.666666687 0.666666687 1 0.666666687 0.666666687 0.666666687 1 0.666666687 0.666666687 0.666666687 1 0.666666687 0.666666687 0.666666687 1 0.666666687 0.666666687 0.666666687 1 0.666666687 0.666666687 0.666666687 1 0.666666687 0.666666687 0.666666687 1 0.666666687 0.666666687 0.666666687 1 0.666666687 0.666666687 0.666666687 1 0.666666687 0.666666687 0.666666687 1 0.666666687 0.666666687 0.666666687 1 0.666666687 0.666666687 0.666666687 1 0.666666687 0.666666687 0.666666687 1 0.666666687 0.666666687 0.666666687 1 0.666666687 0.666666687 0.666666687 1 0.666666687 0.666666687 0.666666687 1 0.666666687 0.666666687 0.666666687 1 0.666666687 0.666666687 0.666666687 1 0.666666687 0.666666687 0.666666687 1 0.666666687 0.666666687 0.666666687 1 0.666666687 0.666666687 0.666666687 1 0.666666687 0.666666687 0.666666687 1 0.666666687 0.666666687 0.666666687 1 0.666666687 0.666666687 0.666666687 1 0.666666687 0.666666687 0.666666687 1 0.666666687 0.666666687 0.666666687 1 0.666666687 0.666666687 0.666666687 1 0.666666687 0.666666687 0.666666687 1 0.666666687 0.666666687 0.666666687 1 0.666666687 0.666666687 0.666666687 1 0.666666687 0.666666687 0.666666687 1 0.666666687 0.666666687 0.666666687 1 0.666666687 0.666666687 0.666666687 1 0.666666687 0.666666687 0.666666687 1 0.666666687 0.666666687 0.666666687 1 0.666666687 0.666666687 0.666666687 1 0.666666687 0.666666687 0.666666687 1 0.666666687 0.666666687 0.666666687 1 0.666666687 0.666666687 0.666666687 1 0.666666687 0.666666687 0.666666687 1 0.666666687 0.666666687 0.666666687 1 0.666666687 0.666666687 0.666666687 1 0.666666687 0.666666687 0.666666687 1 0.666666687 0.666666687 0.666666687 1 0.666666687 0.666666687 0.666666687 1 0.666666687 0.666666687 0.666666687 1 0.666666687 0.666666687 0.666666687 1 0.666666687 0.666666687 0.666666687 1 0.666666687 0.666666687 0.666666687 1 0.666666687 0.666666687 0.666666687 1 0.666666687 0.666666687 0.666666687 1 0.666666687 0.666666687 0.666666687 1 0.666666687 0.666666687 0.666666687 1 0.666666687 0.666666687 0.666666687 1 0.666666687 0.666666687 0.666666687 1 0.666666687 0.666666687 0.666666687 1 0.666666687 0.666666687 0.666666687 1 0.666666687 0.666666687 0.666666687 1 0.666666687 0.666666687 0.666666687 1 0.666666687 0.666666687 0.666666687 1 0.666666687 0.666666687 0.666666687 1 0.666666687 0.666666687 0.666666687 1 0.666666687 0.666666687 0.666666687 1 0.666666687 0.666666687 0.666666687 1 0.666666687 0.666666687 0.666666687 1 0.666666687 0.666666687 0.666666687 1 0.666666687 0.666666687 0.666666687 1 0.666666687 0.666666687 0.666666687 1 0.666666687 0.666666687 0.666666687 1 0.666666687 0.666666687 0.666666687 1 0.666666687 0.666666687 0.666666687 1 0.666666687 0.666666687 0.666666687 1 0.666666687 0.666666687 0.666666687 1 0.666666687 0.666666687 0.666666687 1 0.666666687 0.666666687 0.666666687 1 0.666666687 0.666666687 0.666666687 1 0.666666687 0.666666687 0.666666687 1 0.666666687 0.666666687 0.666666687 1 0.666666687 0.666666687 0.666666687 1 0.666666687 0.666666687 0.666666687 1 0.666666687 0.666666687 0.666666687 1 0.666666687 0.666666687 0.666666687 1 0.666666687 0.666666687 0.666666687 1 0.666666687 0.666666687 0.666666687 1 0.666666687 0.666666687 0.666666687 1 0.666666687 0.666666687 0.666666687 1 0.666666687 0.666666687 0.666666687 1 0.666666687 0.666666687 0.666666687 1 0.666666687 0.666666687 0.666666687 1 0.666666687 0.666666687 0.666666687 1 0.666666687 0.666666687 0.666666687 1 0.666666687 0.666666687 0.666666687 1 0.666666687 0.666666687 0.666666687 1 0.666666687 0.666666687 0.666666687 1 0.666666687 0.666666687 0.666666687 1 0.666666687 0.666666687 0.666666687 1 0.666666687 0.666666687 0.666666687 1 0.666666687 0.666666687 0.666666687 1 0.666666687 0.666666687 0.666666687 1 0.666666687 0.666666687 0.666666687 1 0.666666687 0.666666687 0.666666687 1 0.666666687 0.666666687 0.666666687 1 0.666666687 0.666666687 0.666666687 1 0.666666687 0.666666687 0.666666687 1 0.666666687 0.666666687 0.666666687 1 0.666666687 0.666666687 0.666666687 1 0.666666687 0.666666687 0.666666687 1 0.666666687 0.666666687 0.666666687 1 0.666666687 0.666666687 0.666666687 1 0.666666687 0.666666687 0.666666687 1 0.666666687 0.666666687 0.666666687 1 0.666666687 0.666666687 0.666666687 1 0.666666687 0.666666687 0.666666687 1 0.666666687 0.666666687 0.666666687 1 0.666666687 0.666666687 0.666666687 1 0.666666687 0.666666687 0.666666687 1 0.666666687 0.666666687 0.666666687 1 0.666666687 0.666666687 0.666666687 1 0.666666687 0.666666687 0.666666687 1 0.666666687 0.666666687 0.666666687 1 0.666666687 0.666666687 0.666666687 1 0.666666687 0.666666687 0.666666687 1 0.666666687 0.666666687 0.666666687 1 0.666666687 0.666666687 0.666666687 1 0.666666687 0.666666687 0.666666687 1 0.666666687 0.666666687 0.666666687 1 0.666666687 0.666666687 0.666666687 1 0.666666687 0.666666687 0.666666687 1 0.666666687 0.666666687 0.666666687 1 0.666666687 0.666666687 0.666666687 1 0.666666687 0.666666687 0.666666687 1 0.666666687 0.666666687 0.666666687 1 0.666666687 0.666666687 0.666666687 1 0.666666687 0.666666687 0.666666687 1 0.666666687 0.666666687 0.666666687 1 0.666666687 0.666666687 0.666666687 1 0.666666687 0.666666687 0.666666687 1 0.666666687 0.666666687 0.666666687 1 0.666666687 0.666666687 0.666666687 1 0.666666687 0.666666687 0.666666687 1 0.666666687 0.666666687 0.666666687 1 0.666666687 0.666666687 0.666666687 1 0.666666687 0.666666687 0.666666687 1 0.666666687 0.666666687 0.666666687 1 0.666666687 0.666666687 0.666666687 1 0.666666687 0.666666687 0.666666687 1 0.666666687 0.666666687 0.666666687 1 0.666666687 0.666666687 0.666666687 1 0.666666687 0.666666687 0.666666687 1 0.666666687 0.666666687 0.666666687 1 0.666666687 0.666666687 0.666666687 1 0.666666687 0.666666687 0.666666687 1 0.666666687 0.666666687 0.666666687 1 0.666666687 0.666666687 0.666666687 1 0.666666687 0.666666687 0.666666687 1 0.666666687 0.666666687 0.666666687 1 0.666666687 0.666666687 0.666666687 1 0.666666687 0.666666687 0.666666687 1 0.666666687 0.666666687 0.666666687 1 0.666666687 0.666666687 0.666666687 1 0.666666687 0.666666687 0.666666687 1 0.666666687 0.666666687 0.666666687 1 0.666666687 0.666666687 0.666666687 1 0.666666687 0.666666687 0.666666687 1 0.666666687 0.666666687 0.666666687 1 0.666666687 0.666666687 0.666666687 1 0.666666687 0.666666687 0.666666687 1 0.666666687 0.666666687 0.666666687 1 0.666666687 0.666666687 0.666666687 1 0.666666687 0.666666687 0.666666687 1 0.666666687 0.666666687 0.666666687 1 0.666666687 0.666666687 0.666666687 1 0.666666687 0.666666687 0.666666687 1 0.666666687 0.666666687 0.666666687 1 0.666666687 0.666666687 0.666666687 1 0.666666687 0.666666687 0.666666687 1 0.666666687 0.666666687 0.666666687 1 0.666666687 0.666666687 0.666666687 1 0.666666687 0.666666687 0.666666687 1 0.666666687 0.666666687 0.666666687 1 0.666666687 0.666666687 0.666666687 1 0.666666687 0.666666687 0.666666687 1 0.666666687 0.666666687 0.666666687 1 0.666666687 0.666666687 0.666666687 1 0.666666687 0.666666687 0.666666687 1 0.666666687 0.666666687 0.666666687 1 0.666666687 0.666666687 0.666666687 1 0.666666687 0.666666687 0.666666687 1 0.666666687 0.666666687 0.666666687 1 0.666666687 0.666666687 0.666666687 1 0.666666687 0.666666687 0.666666687 1 0.666666687 0.666666687 0.666666687 1 0.666666687 0.666666687 0.666666687 1 0.666666687 0.666666687 0.666666687 1 0.666666687 0.666666687 0.666666687 1 0.666666687 0.666666687 0.666666687 1 0.666666687 0.666666687 0.666666687 1 0.666666687 0.666666687 0.666666687 1 0.666666687 0.666666687 0.666666687 1 0.666666687 0.666666687 0.666666687 1 0.666666687 0.666666687 0.666666687 1 0.666666687 0.666666687 0.666666687 1 0.666666687 0.666666687 0.666666687 1 0.666666687 0.666666687 0.666666687 1 0.666666687 0.666666687 0.666666687 1 0.666666687 0.666666687 0.666666687 1 0.666666687 0.666666687 0.666666687 1 0.666666687 0.666666687 0.666666687 1 0.666666687 0.666666687 0.666666687 1 0.666666687 0.666666687 0.666666687 1 0.666666687 0.666666687 0.666666687 1 0.666666687 0.666666687 0.666666687 1 0.666666687 0.666666687 0.666666687 1 0.666666687 0.666666687 0.666666687 1 0.666666687 0.666666687 0.666666687 1 0.666666687 0.666666687 0.666666687 1 0.666666687 0.666666687 0.666666687 1 0.666666687 0.666666687 0.666666687 1 0.666666687 0.666666687 0.666666687 1 0.666666687 0.666666687 0.666666687 1 0.666666687 0.666666687 0.666666687 1 0.666666687 0.666666687 0.666666687 1 0.666666687 0.666666687 0.666666687 1 0.666666687 0.666666687 0.666666687 1 0.666666687 0.666666687 0.666666687 1 0.666666687 0.666666687 0.666666687 1 0.666666687 0.666666687 0.666666687 1 0.666666687 0.666666687 0.666666687 1 0.666666687 0.666666687 0.666666687 1 0.666666687 0.666666687 0.666666687 1 0.666666687 0.666666687 0.666666687 1 0.666666687 0.666666687 0.666666687 1 0.666666687 0.666666687 0.666666687 1 0.666666687 0.666666687 0.666666687 1 0.666666687 0.666666687 0.666666687 1 0.666666687 0.666666687 0.666666687 1 0.666666687 0.666666687 0.666666687 1 0.666666687 0.666666687 0.666666687 1 0.666666687 0.666666687 0.666666687 1 0.666666687 0.666666687 0.666666687 1 0.666666687 0.666666687 0.666666687 1 0.666666687 0.666666687 0.666666687 1 0.666666687 0.666666687 0.666666687 1 0.666666687 0.666666687 0.666666687 1 0.666666687 0.666666687 0.666666687 1 0.666666687 0.666666687 0.666666687 1 0.666666687 0.666666687 0.666666687 1 0.666666687 0.666666687 0.666666687 1 0.666666687 0.666666687 0.666666687 1 0.666666687 0.666666687 0.666666687 1 0.666666687 0.666666687 0.666666687 1 0.666666687 0.666666687 0.666666687 1 0.666666687 0.666666687 0.666666687 1 0.666666687 0.666666687 0.666666687 1 0.666666687 0.666666687 0.666666687 1 0.666666687 0.666666687 0.666666687 1 0.666666687 0.666666687 0.666666687 1 0.666666687 0.666666687 0.666666687 1 0.666666687 0.666666687 0.666666687 1 0.666666687 0.666666687 0.666666687 1 0.666666687 0.666666687 0.666666687 1 0.666666687 0.666666687 0.666666687 1 0.666666687 0.666666687 0.666666687 0 0.666666687 0.666666687 0.666666687 0 0.666666687 0.666666687 0.666666687 0</float_array>
        <technique_common><accessor source="#vfx_kurp_0875-mesh-colors-array" count="575" stride="4"><param name="R" type="float"/><param name="G" type="float"/><param name="B" type="float"/><param name="A" type="float"/></accessor></technique_common>
      </source>
      <vertices id="vfx_kurp_0875-mesh-vertices"><input semantic="POSITION" source="#vfx_kurp_0875-mesh-positions"/></vertices>
      <triangles material="PreviewMaterial" count="560">
        <input semantic="VERTEX" source="#vfx_kurp_0875-mesh-vertices" offset="0"/>
        <input semantic="NORMAL" source="#vfx_kurp_0875-mesh-normals" offset="1"/>
        <input semantic="TEXCOORD" source="#vfx_kurp_0875-mesh-uv0" offset="2" set="0"/>
        <input semantic="COLOR" source="#vfx_kurp_0875-mesh-colors" offset="3" set="0"/>
        <p>0 0 0 0 1 1 1 1 2 2 2 2 3 3 3 3 2 2 2 2 1 1 1 1 2 2 2 2 3 3 3 3 4 4 4 4 5 5 5 5 4 4 4 4 3 3 3 3 1 1 1 1 6 6 6 6 3 3 3 3 7 7 7 7 3 3 3 3 6 6 6 6 3 3 3 3 8 8 8 8 5 5 5 5 9 9 9 9 5 5 5 5 8 8 8 8 6 6 6 6 10 10 10 10 7 7 7 7 11 11 11 11 7 7 7 7 10 10 10 10 8 8 8 8 12 12 12 12 9 9 9 9 13 13 13 13 9 9 9 9 12 12 12 12 10 10 10 10 14 14 14 14 11 11 11 11 15 15 15 15 11 11 11 11 14 14 14 14 12 12 12 12 16 16 16 16 13 13 13 13 17 17 17 17 13 13 13 13 16 16 16 16 14 14 14 14 18 18 18 18 15 15 15 15 19 19 19 19 15 15 15 15 18 18 18 18 16 16 16 16 20 20 20 20 17 17 17 17 21 21 21 21 17 17 17 17 20 20 20 20 18 18 18 18 22 22 22 22 19 19 19 19 23 23 23 23 19 19 19 19 22 22 22 22 20 20 20 20 24 24 24 24 21 21 21 21 25 25 25 25 21 21 21 21 24 24 24 24 22 22 22 22 26 26 26 26 23 23 23 23 27 27 27 27 23 23 23 23 26 26 26 26 24 24 24 24 28 28 28 28 25 25 25 25 29 29 29 29 25 25 25 25 28 28 28 28 26 26 26 26 30 30 30 30 27 27 27 27 31 31 31 31 27 27 27 27 30 30 30 30 28 28 28 28 32 32 32 32 29 29 29 29 33 33 33 33 29 29 29 29 32 32 32 32 30 30 30 30 34 34 34 34 31 31 31 31 35 35 35 35 31 31 31 31 34 34 34 34 32 32 32 32 36 36 36 36 33 33 33 33 37 37 37 37 33 33 33 33 36 36 36 36 34 34 34 34 38 38 38 38 35 35 35 35 39 39 39 39 35 35 35 35 38 38 38 38 36 36 36 36 40 40 40 40 37 37 37 37 41 41 41 41 37 37 37 37 40 40 40 40 38 38 38 38 42 42 42 42 39 39 39 39 43 43 43 43 39 39 39 39 42 42 42 42 40 40 40 40 44 44 44 44 41 41 41 41 45 45 45 45 41 41 41 41 44 44 44 44 42 42 42 42 46 46 46 46 43 43 43 43 47 47 47 47 43 43 43 43 46 46 46 46 44 44 44 44 48 48 48 48 45 45 45 45 49 49 49 49 45 45 45 45 48 48 48 48 46 46 46 46 50 50 50 50 47 47 47 47 51 51 51 51 48 48 48 48 52 52 52 52 48 48 48 48 51 51 51 51 49 49 49 49 53 53 53 53 49 49 49 49 51 51 51 51 52 52 52 52 54 54 54 54 51 51 51 51 55 55 55 55 51 51 51 51 54 54 54 54 51 51 51 51 55 55 55 55 53 53 53 53 56 56 56 56 53 53 53 53 55 55 55 55 54 54 54 54 57 57 57 57 55 55 55 55 58 58 58 58 55 55 55 55 57 57 57 57 55 55 55 55 58 58 58 58 56 56 56 56 59 59 59 59 56 56 56 56 58 58 58 58 57 57 57 57 60 60 60 60 58 58 58 58 61 61 61 61 58 58 58 58 60 60 60 60 58 58 58 58 61 61 61 61 59 59 59 59 62 62 62 62 59 59 59 59 61 61 61 61 60 60 60 60 63 63 63 63 61 61 61 61 64 64 64 64 61 61 61 61 63 63 63 63 61 61 61 61 64 64 64 64 62 62 62 62 65 65 65 65 62 62 62 62 64 64 64 64 63 63 63 63 66 66 66 66 64 64 64 64 67 67 67 67 64 64 64 64 66 66 66 66 64 64 64 64 67 67 67 67 65 65 65 65 68 68 68 68 65 65 65 65 67 67 67 67 66 66 66 66 69 69 69 69 67 67 67 67 70 70 70 70 67 67 67 67 69 69 69 69 67 67 67 67 70 70 70 70 68 68 68 68 71 71 71 71 68 68 68 68 70 70 70 70 69 69 69 69 72 72 72 72 70 70 70 70 73 73 73 73 70 70 70 70 72 72 72 72 70 70 70 70 73 73 73 73 71 71 71 71 74 74 74 74 71 71 71 71 73 73 73 73 72 72 72 72 75 75 75 75 73 73 73 73 76 76 76 76 73 73 73 73 75 75 75 75 73 73 73 73 76 76 76 76 74 74 74 74 77 77 77 77 74 74 74 74 76 76 76 76 75 75 75 75 78 78 78 78 76 76 76 76 79 79 79 79 76 76 76 76 78 78 78 78 76 76 76 76 79 79 79 79 77 77 77 77 80 80 80 80 77 77 77 77 79 79 79 79 78 78 78 78 81 81 81 81 79 79 79 79 82 82 82 82 79 79 79 79 81 81 81 81 79 79 79 79 82 82 82 82 80 80 80 80 83 83 83 83 80 80 80 80 82 82 82 82 81 81 81 81 84 84 84 84 82 82 82 82 85 85 85 85 82 82 82 82 84 84 84 84 82 82 82 82 85 85 85 85 83 83 83 83 86 86 86 86 83 83 83 83 85 85 85 85 84 84 84 84 87 87 87 87 85 85 85 85 88 88 88 88 85 85 85 85 87 87 87 87 85 85 85 85 88 88 88 88 86 86 86 86 89 89 89 89 86 86 86 86 88 88 88 88 87 87 87 87 90 90 90 90 88 88 88 88 91 91 91 91 88 88 88 88 90 90 90 90 88 88 88 88 91 91 91 91 89 89 89 89 92 92 92 92 89 89 89 89 91 91 91 91 90 90 90 90 93 93 93 93 91 91 91 91 94 94 94 94 91 91 91 91 93 93 93 93 91 91 91 91 94 94 94 94 92 92 92 92 95 95 95 95 92 92 92 92 94 94 94 94 93 93 93 93 96 96 96 96 94 94 94 94 97 97 97 97 94 94 94 94 96 96 96 96 94 94 94 94 97 97 97 97 95 95 95 95 98 98 98 98 95 95 95 95 97 97 97 97 96 96 96 96 99 99 99 99 97 97 97 97 100 100 100 100 97 97 97 97 99 99 99 99 97 97 97 97 100 100 100 100 98 98 98 98 101 101 101 101 98 98 98 98 100 100 100 100 99 99 99 99 102 102 102 102 100 100 100 100 103 103 103 103 100 100 100 100 102 102 102 102 100 100 100 100 103 103 103 103 101 101 101 101 104 104 104 104 101 101 101 101 103 103 103 103 102 102 102 102 105 105 105 105 103 103 103 103 106 106 106 106 103 103 103 103 105 105 105 105 103 103 103 103 106 106 106 106 104 104 104 104 107 107 107 107 104 104 104 104 106 106 106 106 105 105 105 105 108 108 108 108 106 106 106 106 109 109 109 109 106 106 106 106 108 108 108 108 106 106 106 106 109 109 109 109 107 107 107 107 110 110 110 110 107 107 107 107 109 109 109 109 108 108 108 108 111 111 111 111 109 109 109 109 112 112 112 112 109 109 109 109 111 111 111 111 109 109 109 109 112 112 112 112 110 110 110 110 113 113 113 113 110 110 110 110 112 112 112 112 111 111 111 111 114 114 114 114 112 112 112 112 115 115 115 115 112 112 112 112 114 114 114 114 112 112 112 112 115 115 115 115 113 113 113 113 116 116 116 116 113 113 113 113 115 115 115 115 114 114 114 114 117 117 117 117 115 115 115 115 118 118 118 118 115 115 115 115 117 117 117 117 115 115 115 115 118 118 118 118 116 116 116 116 119 119 119 119 116 116 116 116 118 118 118 118 117 117 117 117 120 120 120 120 118 118 118 118 121 121 121 121 118 118 118 118 120 120 120 120 118 118 118 118 121 121 121 121 119 119 119 119 122 122 122 122 119 119 119 119 121 121 121 121 120 120 120 120 123 123 123 123 121 121 121 121 124 124 124 124 121 121 121 121 123 123 123 123 121 121 121 121 124 124 124 124 122 122 122 122 125 125 125 125 122 122 122 122 124 124 124 124 123 123 123 123 126 126 126 126 124 124 124 124 127 127 127 127 124 124 124 124 126 126 126 126 124 124 124 124 127 127 127 127 125 125 125 125 128 128 128 128 125 125 125 125 127 127 127 127 126 126 126 126 129 129 129 129 127 127 127 127 130 130 130 130 127 127 127 127 129 129 129 129 127 127 127 127 130 130 130 130 128 128 128 128 131 131 131 131 128 128 128 128 130 130 130 130 129 129 129 129 132 132 132 132 130 130 130 130 133 133 133 133 130 130 130 130 132 132 132 132 130 130 130 130 133 133 133 133 131 131 131 131 134 134 134 134 131 131 131 131 133 133 133 133 132 132 132 132 135 135 135 135 133 133 133 133 136 136 136 136 133 133 133 133 135 135 135 135 133 133 133 133 136 136 136 136 134 134 134 134 137 137 137 137 134 134 134 134 136 136 136 136 135 135 135 135 138 138 138 138 136 136 136 136 139 139 139 139 136 136 136 136 138 138 138 138 136 136 136 136 139 139 139 139 137 137 137 137 140 140 140 140 137 137 137 137 139 139 139 139 138 138 138 138 141 141 141 141 139 139 139 139 142 142 142 142 139 139 139 139 141 141 141 141 139 139 139 139 142 142 142 142 140 140 140 140 143 143 143 143 140 140 140 140 142 142 142 142 141 141 141 141 144 144 144 144 142 142 142 142 145 145 145 145 142 142 142 142 144 144 144 144 142 142 142 142 145 145 145 145 143 143 143 143 146 146 146 146 143 143 143 143 145 145 145 145 144 144 144 144 147 147 147 147 145 145 145 145 148 148 148 148 145 145 145 145 147 147 147 147 145 145 145 145 148 148 148 148 146 146 146 146 149 149 149 149 146 146 146 146 148 148 148 148 147 147 147 147 150 150 150 150 148 148 148 148 151 151 151 151 148 148 148 148 150 150 150 150 148 148 148 148 151 151 151 151 149 149 149 149 152 152 152 152 149 149 149 149 151 151 151 151 153 153 153 153 154 154 154 154 155 155 155 155 156 156 156 156 151 151 151 151 157 157 157 157 151 151 151 151 156 156 156 156 152 152 152 152 158 158 158 158 152 152 152 152 156 156 156 156 157 157 157 157 159 159 159 159 156 156 156 156 160 160 160 160 161 161 161 161 162 162 162 162 156 156 156 156 163 163 163 163 158 158 158 158 164 164 164 164 165 165 165 165 166 166 166 166 162 162 162 162 167 167 167 167 160 160 160 160 168 168 168 168 160 160 160 160 167 167 167 167 166 166 166 166 169 169 169 169 164 164 164 164 170 170 170 170 164 164 164 164 169 169 169 169 167 167 167 167 171 171 171 171 168 168 168 168 172 172 172 172 168 168 168 168 171 171 171 171 169 169 169 169 172 172 172 172 170 170 170 170 173 173 173 173 170 170 170 170 172 172 172 172 171 171 171 171 174 174 174 174 172 172 172 172 175 175 175 175 172 172 172 172 174 174 174 174 172 172 172 172 176 176 176 176 173 173 173 173 177 177 177 177 173 173 173 173 176 176 176 176 174 174 174 174 178 178 178 178 175 175 175 175 179 179 179 179 175 175 175 175 178 178 178 178 176 176 176 176 180 180 180 180 177 177 177 177 181 181 181 181 177 177 177 177 180 180 180 180 178 178 178 178 182 182 182 182 179 179 179 179 183 183 183 183 179 179 179 179 182 182 182 182 180 180 180 180 184 184 184 184 181 181 181 181 185 185 185 185 181 181 181 181 184 184 184 184 182 182 182 182 186 186 186 186 183 183 183 183 187 187 187 187 183 183 183 183 186 186 186 186 184 184 184 184 188 188 188 188 185 185 185 185 189 189 189 189 185 185 185 185 188 188 188 188 186 186 186 186 190 190 190 190 187 187 187 187 191 191 191 191 187 187 187 187 190 190 190 190 188 188 188 188 192 192 192 192 189 189 189 189 193 193 193 193 189 189 189 189 192 192 192 192 190 190 190 190 194 194 194 194 191 191 191 191 195 195 195 195 191 191 191 191 194 194 194 194 192 192 192 192 196 196 196 196 193 193 193 193 197 197 197 197 193 193 193 193 196 196 196 196 194 194 194 194 198 198 198 198 195 195 195 195 199 199 199 199 195 195 195 195 198 198 198 198 196 196 196 196 200 200 200 200 197 197 197 197 201 201 201 201 197 197 197 197 200 200 200 200 198 198 198 198 202 202 202 202 199 199 199 199 203 203 203 203 199 199 199 199 202 202 202 202 200 200 200 200 204 204 204 204 201 201 201 201 205 205 205 205 201 201 201 201 204 204 204 204 202 202 202 202 206 206 206 206 203 203 203 203 207 207 207 207 203 203 203 203 206 206 206 206 204 204 204 204 208 208 208 208 205 205 205 205 209 209 209 209 205 205 205 205 208 208 208 208 206 206 206 206 210 210 210 210 207 207 207 207 211 211 211 211 212 212 212 212 213 213 213 213 208 208 208 208 214 214 214 214 209 209 209 209 215 215 215 215 216 216 216 216 217 217 217 217 218 218 218 218 219 219 219 219 217 217 217 217 220 220 220 220 217 217 217 217 219 219 219 219 217 217 217 217 220 220 220 220 215 215 215 215 221 221 221 221 215 215 215 215 220 220 220 220 219 219 219 219 222 222 222 222 220 220 220 220 223 223 223 223 220 220 220 220 222 222 222 222 220 220 220 220 223 223 223 223 221 221 221 221 224 224 224 224 221 221 221 221 223 223 223 223 222 222 222 222 225 225 225 225 223 223 223 223 226 226 226 226 223 223 223 223 225 225 225 225 223 223 223 223 226 226 226 226 224 224 224 224 227 227 227 227 224 224 224 224 226 226 226 226 225 225 225 225 228 228 228 228 226 226 226 226 229 229 229 229 226 226 226 226 228 228 228 228 226 226 226 226 229 229 229 229 227 227 227 227 230 230 230 230 227 227 227 227 229 229 229 229 228 228 228 228 231 231 231 231 229 229 229 229 232 232 232 232 229 229 229 229 231 231 231 231 229 229 229 229 232 232 232 232 230 230 230 230 233 233 233 233 230 230 230 230 232 232 232 232 231 231 231 231 234 234 234 234 232 232 232 232 235 235 235 235 232 232 232 232 234 234 234 234 232 232 232 232 235 235 235 235 233 233 233 233 236 236 236 236 233 233 233 233 235 235 235 235 234 234 234 234 237 237 237 237 235 235 235 235 238 238 238 238 235 235 235 235 237 237 237 237 235 235 235 235 238 238 238 238 236 236 236 236 239 239 239 239 236 236 236 236 238 238 238 238 237 237 237 237 240 240 240 240 238 238 238 238 241 241 241 241 238 238 238 238 240 240 240 240 238 238 238 238 241 241 241 241 239 239 239 239 242 242 242 242 239 239 239 239 241 241 241 241 240 240 240 240 243 243 243 243 241 241 241 241 244 244 244 244 241 241 241 241 243 243 243 243 241 241 241 241 244 244 244 244 242 242 242 242 245 245 245 245 242 242 242 242 244 244 244 244 246 246 246 246 245 245 245 245 247 247 247 247 244 244 244 244 247 247 247 247 245 245 245 245 247 247 247 247 244 244 244 244 248 248 248 248 243 243 243 243 248 248 248 248 244 244 244 244 249 249 249 249 250 250 250 250 251 251 251 251 252 252 252 252 251 251 251 251 250 250 250 250 251 251 251 251 252 252 252 252 253 253 253 253 254 254 254 254 253 253 253 253 252 252 252 252 250 250 250 250 255 255 255 255 252 252 252 252 256 256 256 256 252 252 252 252 255 255 255 255 252 252 252 252 257 257 257 257 254 254 254 254 258 258 258 258 254 254 254 254 257 257 257 257 255 255 255 255 259 259 259 259 256 256 256 256 260 260 260 260 256 256 256 256 259 259 259 259 257 257 257 257 261 261 261 261 258 258 258 258 262 262 262 262 258 258 258 258 261 261 261 261 259 259 259 259 263 263 263 263 260 260 260 260 264 264 264 264 260 260 260 260 263 263 263 263 261 261 261 261 265 265 265 265 262 262 262 262 266 266 266 266 262 262 262 262 265 265 265 265 263 263 263 263 267 267 267 267 264 264 264 264 268 268 268 268 264 264 264 264 267 267 267 267 265 265 265 265 269 269 269 269 266 266 266 266 270 270 270 270 266 266 266 266 269 269 269 269 267 267 267 267 271 271 271 271 268 268 268 268 272 272 272 272 268 268 268 268 271 271 271 271 269 269 269 269 273 273 273 273 270 270 270 270 274 274 274 274 270 270 270 270 273 273 273 273 271 271 271 271 275 275 275 275 272 272 272 272 276 276 276 276 272 272 272 272 275 275 275 275 277 277 277 277 276 276 276 276 278 278 278 278 279 279 279 279 278 278 278 278 276 276 276 276 280 280 280 280 281 281 281 281 282 282 282 282 283 283 283 283 282 282 282 282 281 281 281 281 284 284 284 284 285 285 285 285 286 286 286 286 287 287 287 287 286 286 286 286 285 285 285 285 288 288 288 288 289 289 289 289 290 290 290 290 291 291 291 291 290 290 290 290 289 289 289 289 285 285 285 285 292 292 292 292 287 287 287 287 293 293 293 293 287 287 287 287 292 292 292 292 289 289 289 289 294 294 294 294 291 291 291 291 295 295 295 295 291 291 291 291 294 294 294 294 292 292 292 292 296 296 296 296 293 293 293 293 297 297 297 297 293 293 293 293 296 296 296 296 294 294 294 294 298 298 298 298 295 295 295 295 299 299 299 299 295 295 295 295 298 298 298 298 296 296 296 296 300 300 300 300 297 297 297 297 301 301 301 301 297 297 297 297 300 300 300 300 298 298 298 298 302 302 302 302 299 299 299 299 303 303 303 303 299 299 299 299 302 302 302 302 300 300 300 300 304 304 304 304 301 301 301 301 305 305 305 305 301 301 301 301 304 304 304 304 306 306 306 306 307 307 307 307 308 308 308 308 309 309 309 309 308 308 308 308 307 307 307 307 304 304 304 304 310 310 310 310 305 305 305 305 311 311 311 311 305 305 305 305 310 310 310 310 312 312 312 312 313 313 313 313 314 314 314 314 315 315 315 315 314 314 314 314 313 313 313 313 314 314 314 314 315 315 315 315 316 316 316 316 317 317 317 317 316 316 316 316 315 315 315 315 313 313 313 313 318 318 318 318 315 315 315 315 319 319 319 319 315 315 315 315 318 318 318 318 315 315 315 315 319 319 319 319 317 317 317 317 320 320 320 320 317 317 317 317 319 319 319 319 318 318 318 318 321 321 321 321 319 319 319 319 322 322 322 322 319 319 319 319 321 321 321 321 319 319 319 319 323 323 323 323 320 320 320 320 324 324 324 324 320 320 320 320 323 323 323 323 321 321 321 321 325 325 325 325 322 322 322 322 326 326 326 326 322 322 322 322 325 325 325 325 323 323 323 323 327 327 327 327 324 324 324 324 328 328 328 328 324 324 324 324 327 327 327 327 325 325 325 325 329 329 329 329 326 326 326 326 330 330 330 330 326 326 326 326 329 329 329 329 327 327 327 327 331 331 331 331 328 328 328 328 332 332 332 332 328 328 328 328 331 331 331 331 329 329 329 329 333 333 333 333 330 330 330 330 334 334 334 334 330 330 330 330 333 333 333 333 331 331 331 331 335 335 335 335 332 332 332 332 336 336 336 336 332 332 332 332 335 335 335 335 337 337 337 337 338 338 338 338 339 339 339 339 340 340 340 340 341 341 341 341 342 342 342 342 335 335 335 335 343 343 343 343 336 336 336 336 344 344 344 344 336 336 336 336 343 343 343 343 342 342 342 342 345 345 345 345 340 340 340 340 346 346 346 346 340 340 340 340 345 345 345 345 343 343 343 343 346 346 346 346 344 344 344 344 347 347 347 347 344 344 344 344 346 346 346 346 345 345 345 345 348 348 348 348 346 346 346 346 349 349 349 349 346 346 346 346 348 348 348 348 346 346 346 346 350 350 350 350 347 347 347 347 351 351 351 351 347 347 347 347 350 350 350 350 348 348 348 348 352 352 352 352 349 349 349 349 353 353 353 353 349 349 349 349 352 352 352 352 350 350 350 350 354 354 354 354 351 351 351 351 355 355 355 355 351 351 351 351 354 354 354 354 352 352 352 352 356 356 356 356 353 353 353 353 357 357 357 357 353 353 353 353 356 356 356 356 354 354 354 354 358 358 358 358 355 355 355 355 359 359 359 359 355 355 355 355 358 358 358 358 356 356 356 356 360 360 360 360 357 357 357 357 361 361 361 361 357 357 357 357 360 360 360 360 358 358 358 358 362 362 362 362 359 359 359 359 363 363 363 363 359 359 359 359 362 362 362 362 360 360 360 360 364 364 364 364 361 361 361 361 365 365 365 365 361 361 361 361 364 364 364 364 362 362 362 362 366 366 366 366 363 363 363 363 367 367 367 367 363 363 363 363 366 366 366 366 364 364 364 364 368 368 368 368 365 365 365 365 369 369 369 369 365 365 365 365 368 368 368 368 366 366 366 366 370 370 370 370 367 367 367 367 371 371 371 371 367 367 367 367 370 370 370 370 368 368 368 368 372 372 372 372 369 369 369 369 373 373 373 373 369 369 369 369 372 372 372 372 370 370 370 370 374 374 374 374 371 371 371 371 375 375 375 375 371 371 371 371 374 374 374 374 372 372 372 372 376 376 376 376 373 373 373 373 377 377 377 377 373 373 373 373 376 376 376 376 374 374 374 374 378 378 378 378 375 375 375 375 379 379 379 379 375 375 375 375 378 378 378 378 376 376 376 376 380 380 380 380 377 377 377 377 381 381 381 381 377 377 377 377 380 380 380 380 378 378 378 378 382 382 382 382 379 379 379 379 383 383 383 383 379 379 379 379 382 382 382 382 380 380 380 380 384 384 384 384 381 381 381 381 385 385 385 385 386 386 386 386 387 387 387 387 382 382 382 382 388 388 388 388 383 383 383 383 389 389 389 389 383 383 383 383 388 388 388 388 387 387 387 387 390 390 390 390 385 385 385 385 391 391 391 391 385 385 385 385 390 390 390 390 388 388 388 388 392 392 392 392 389 389 389 389 393 393 393 393 389 389 389 389 392 392 392 392 390 390 390 390 394 394 394 394 391 391 391 391 395 395 395 395 391 391 391 391 394 394 394 394 392 392 392 392 396 396 396 396 393 393 393 393 397 397 397 397 393 393 393 393 396 396 396 396 394 394 394 394 398 398 398 398 395 395 395 395 399 399 399 399 395 395 395 395 398 398 398 398 396 396 396 396 400 400 400 400 397 397 397 397 401 401 401 401 397 397 397 397 400 400 400 400 398 398 398 398 402 402 402 402 399 399 399 399 403 403 403 403 399 399 399 399 402 402 402 402 400 400 400 400 404 404 404 404 401 401 401 401 405 405 405 405 401 401 401 401 404 404 404 404 402 402 402 402 406 406 406 406 403 403 403 403 407 407 407 407 403 403 403 403 406 406 406 406 404 404 404 404 408 408 408 408 405 405 405 405 409 409 409 409 410 410 410 410 411 411 411 411 406 406 406 406 412 412 412 412 407 407 407 407 413 413 413 413 407 407 407 407 412 412 412 412 411 411 411 411 414 414 414 414 409 409 409 409 415 415 415 415 409 409 409 409 414 414 414 414 412 412 412 412 416 416 416 416 413 413 413 413 417 417 417 417 413 413 413 413 416 416 416 416 414 414 414 414 418 418 418 418 415 415 415 415 419 419 419 419 415 415 415 415 418 418 418 418 416 416 416 416 420 420 420 420 417 417 417 417 421 421 421 421 417 417 417 417 420 420 420 420 418 418 418 418 422 422 422 422 419 419 419 419 423 423 423 423 419 419 419 419 422 422 422 422 420 420 420 420 424 424 424 424 421 421 421 421 425 425 425 425 421 421 421 421 424 424 424 424 422 422 422 422 426 426 426 426 423 423 423 423 427 427 427 427 423 423 423 423 426 426 426 426 424 424 424 424 428 428 428 428 425 425 425 425 429 429 429 429 425 425 425 425 428 428 428 428 426 426 426 426 430 430 430 430 427 427 427 427 431 431 431 431 427 427 427 427 430 430 430 430 428 428 428 428 432 432 432 432 429 429 429 429 433 433 433 433 434 434 434 434 435 435 435 435 430 430 430 430 436 436 436 436 431 431 431 431 437 437 437 437 431 431 431 431 436 436 436 436 435 435 435 435 438 438 438 438 433 433 433 433 439 439 439 439 433 433 433 433 438 438 438 438 436 436 436 436 439 439 439 439 437 437 437 437 440 440 440 440 437 437 437 437 439 439 439 439 438 438 438 438 441 441 441 441 439 439 439 439 442 442 442 442 439 439 439 439 441 441 441 441 439 439 439 439 443 443 443 443 440 440 440 440 444 444 444 444 440 440 440 440 443 443 443 443 441 441 441 441 445 445 445 445 442 442 442 442 446 446 446 446 442 442 442 442 445 445 445 445 443 443 443 443 447 447 447 447 444 444 444 444 448 448 448 448 444 444 444 444 447 447 447 447 445 445 445 445 449 449 449 449 446 446 446 446 450 450 450 450 446 446 446 446 449 449 449 449 447 447 447 447 451 451 451 451 448 448 448 448 452 452 452 452 448 448 448 448 451 451 451 451 449 449 449 449 453 453 453 453 450 450 450 450 454 454 454 454 450 450 450 450 453 453 453 453 451 451 451 451 455 455 455 455 452 452 452 452 456 456 456 456 457 457 457 457 458 458 458 458 453 453 453 453 459 459 459 459 454 454 454 454 460 460 460 460 461 461 461 461 462 462 462 462 458 458 458 458 463 463 463 463 456 456 456 456 464 464 464 464 465 465 465 465 466 466 466 466 462 462 462 462 467 467 467 467 460 460 460 460 468 468 468 468 460 460 460 460 467 467 467 467 469 469 469 469 470 470 470 470 471 471 471 471 472 472 472 472 473 473 473 473 474 474 474 474 467 467 467 467 475 475 475 475 468 468 468 468 476 476 476 476 468 468 468 468 475 475 475 475 474 474 474 474 476 476 476 476 472 472 472 472 477 477 477 477 472 472 472 472 476 476 476 476 475 475 475 475 478 478 478 478 476 476 476 476 479 479 479 479 476 476 476 476 478 478 478 478 476 476 476 476 480 480 480 480 477 477 477 477 481 481 481 481 477 477 477 477 480 480 480 480 478 478 478 478 482 482 482 482 479 479 479 479 483 483 483 483 479 479 479 479 482 482 482 482 480 480 480 480 484 484 484 484 481 481 481 481 485 485 485 485 481 481 481 481 484 484 484 484 482 482 482 482 486 486 486 486 483 483 483 483 487 487 487 487 483 483 483 483 486 486 486 486 484 484 484 484 488 488 488 488 485 485 485 485 489 489 489 489 485 485 485 485 488 488 488 488 486 486 486 486 490 490 490 490 487 487 487 487 491 491 491 491 487 487 487 487 490 490 490 490 488 488 488 488 492 492 492 492 489 489 489 489 493 493 493 493 489 489 489 489 492 492 492 492 494 494 494 494 495 495 495 495 496 496 496 496 497 497 497 497 496 496 496 496 495 495 495 495 498 498 498 498 499 499 499 499 500 500 500 500 501 501 501 501 500 500 500 500 499 499 499 499 495 495 495 495 502 502 502 502 497 497 497 497 503 503 503 503 497 497 497 497 502 502 502 502 504 504 504 504 505 505 505 505 506 506 506 506 507 507 507 507 506 506 506 506 505 505 505 505 508 508 508 508 509 509 509 509 510 510 510 510 511 511 511 511 510 510 510 510 509 509 509 509 510 510 510 510 512 512 512 512 513 513 513 513 514 514 514 514 513 513 513 513 512 512 512 512 509 509 509 509 515 515 515 515 511 511 511 511 516 516 516 516 511 511 511 511 515 515 515 515 512 512 512 512 517 517 517 517 514 514 514 514 518 518 518 518 514 514 514 514 517 517 517 517 515 515 515 515 519 519 519 519 516 516 516 516 520 520 520 520 516 516 516 516 519 519 519 519 517 517 517 517 521 521 521 521 518 518 518 518 522 522 522 522 518 518 518 518 521 521 521 521 519 519 519 519 523 523 523 523 520 520 520 520 524 524 524 524 525 525 525 525 526 526 526 526 521 521 521 521 527 527 527 527 522 522 522 522 528 528 528 528 529 529 529 529 530 530 530 530 526 526 526 526 531 531 531 531 524 524 524 524 532 532 532 532 524 524 524 524 531 531 531 531 533 533 533 533 534 534 534 534 535 535 535 535 536 536 536 536 535 535 535 535 534 534 534 534 531 531 531 531 537 537 537 537 532 532 532 532 538 538 538 538 532 532 532 532 537 537 537 537 534 534 534 534 539 539 539 539 536 536 536 536 540 540 540 540 536 536 536 536 539 539 539 539 541 541 541 541 542 542 542 542 543 543 543 543 544 544 544 544 543 543 543 543 542 542 542 542 539 539 539 539 545 545 545 545 540 540 540 540 546 546 546 546 540 540 540 540 545 545 545 545 547 547 547 547 548 548 548 548 549 549 549 549 550 550 550 550 551 551 551 551 552 552 552 552 553 553 553 553 554 554 554 554 555 555 555 555 556 556 556 556 555 555 555 555 554 554 554 554 552 552 552 552 557 557 557 557 550 550 550 550 558 558 558 558 550 550 550 550 557 557 557 557 554 554 554 554 558 558 558 558 556 556 556 556 559 559 559 559 556 556 556 556 558 558 558 558 557 557 557 557 560 560 560 560 558 558 558 558 561 561 561 561 558 558 558 558 560 560 560 560 558 558 558 558 561 561 561 561 559 559 559 559 562 562 562 562 559 559 559 559 561 561 561 561 560 560 560 560 563 563 563 563 561 561 561 561 564 564 564 564 561 561 561 561 563 563 563 563 561 561 561 561 564 564 564 564 562 562 562 562 565 565 565 565 562 562 562 562 564 564 564 564 563 563 563 563 566 566 566 566 564 564 564 564 567 567 567 567 564 564 564 564 566 566 566 566 564 564 564 564 567 567 567 567 565 565 565 565 568 568 568 568 565 565 565 565 567 567 567 567 566 566 566 566 569 569 569 569 567 567 567 567 570 570 570 570 567 567 567 567 569 569 569 569 567 567 567 567 570 570 570 570 568 568 568 568 571 571 571 571 568 568 568 568 570 570 570 570 572 572 572 572 571 571 571 571 573 573 573 573 570 570 570 570 573 573 573 573 571 571 571 571 573 573 573 573 570 570 570 570 574 574 574 574 569 569 569 569 574 574 574 574 570 570 570 570</p>
      </triangles>
    </mesh></geometry>
  </library_geometries>
  <library_visual_scenes>
    <visual_scene id="Scene" name="Scene">
      <node id="vfx_kurp_0875" name="vfx_kurp_0875" type="NODE">
        <instance_geometry url="#vfx_kurp_0875-mesh"><bind_material><technique_common><instance_material symbol="PreviewMaterial" target="#PreviewMaterial"><bind_vertex_input semantic="UVSET0" input_semantic="TEXCOORD" input_set="0"/></instance_material></technique_common></bind_material></instance_geometry>
      </node>
    </visual_scene>
  </library_visual_scenes>
  <scene><instance_visual_scene url="#Scene"/></scene>
</COLLADA>
