<?xml version="1.0" encoding="utf-8"?>
<COLLADA xmlns="http://www.collada.org/2005/11/COLLADASchema" version="1.4.1">
  <asset>
    <contributor><authoring_tool>Morrobroom Kurpulio VFX preview converter</authoring_tool></contributor>
    <unit name="unit" meter="1"/>
    <up_axis>Z_UP</up_axis>
  </asset>
  <library_images>
    <image id="VFXTexture" name="darkmap_newgen-1.dds">
      <init_from>../../../Textures/Kurp/darkmap_newgen-1.dds</init_from>
    </image>
  </library_images>
  <library_effects>
    <effect id="PreviewEffect">
      <profile_COMMON>
        <newparam sid="VFXTexture-surface">
          <surface type="2D"><init_from>VFXTexture</init_from></surface>
        </newparam>
        <newparam sid="VFXTexture-sampler">
          <sampler2D><source>VFXTexture-surface</source></sampler2D>
        </newparam>
        <technique sid="common"><phong>
          <emission><color>0.08 0.08 0.08 1</color></emission>
          <ambient><color>0.2 0.2 0.2 1</color></ambient>
          <diffuse><texture texture="VFXTexture-sampler" texcoord="UVSET0"/></diffuse>
          <specular><color>0.15 0.15 0.15 1</color></specular>
          <shininess><float>8</float></shininess>
          <transparent opaque="A_ONE"><texture texture="VFXTexture-sampler" texcoord="UVSET0"/></transparent>
          <transparency><float>1</float></transparency>
        </phong></technique>
      </profile_COMMON>
      <extra><technique profile="GOOGLEEARTH"><double_sided>1</double_sided></technique></extra>
    </effect>
  </library_effects>
  <library_materials><material id="PreviewMaterial" name="PreviewMaterial"><instance_effect url="#PreviewEffect"/></material></library_materials>
  <library_geometries>
    <geometry id="vfx_kurp_0719-mesh" name="vfx_kurp_0719"><mesh>
      <source id="vfx_kurp_0719-mesh-positions">
        <float_array id="vfx_kurp_0719-mesh-positions-array" count="8196">-0.0413226742 -0.071859551 -0.444525599 0.0250007941 -0.149963777 -0.124399861 -0.044659873 -0.465734255 -0.22349097 0.102024957 0.0795782708 -0.0713243357 0.0500095613 0.0694621325 -0.278066045 -0.0405798064 0.0101252305 -0.741088818 0.000281392657 -0.328249364 0.118906303 0.0403993369 -0.105708599 0.210121164 0.145563531 0.187456793 0.0933071694 0.14325917 0.251768031 -0.160001265 0.0320701471 0.121628497 -0.633272979 -0.042779956 0.20169211 -1.13054293 0.130146289 0.34576055 -0.430149103 0.11437332 0.453063723 -0.588917908 0.194933713 0.53407799 -0.197109023 0.234584809 0.685043246 -0.323851642 0.23000877 0.693679095 -0.137990063 -0.00906850076 0.733678609 -0.101244181 0.23000877 0.693679095 -0.137990063 0.234584809 0.685043246 -0.323851642 0.17253798 0.727773291 0.0769841444 0.240939032 0.738166318 0.235893857 0.17253798 0.727773291 0.0769841444 0.240939032 0.738166318 0.235893857 0.23831845 0.58801237 0.0626907338 0.275330088 0.55530391 0.219449022 0.166972515 0.371161921 -0.0590790483 0.139795427 0.0956443084 0.324976489 0.214810287 0.292980062 0.192263423 0.205668056 0.419685395 0.565682564 0.17253798 0.727773291 0.0769841444 0.23831845 0.58801237 0.0626907338 0.23000877 0.693679095 -0.137990063 0.0637154824 0.429329258 -0.673310496 -0.042779956 0.20169211 -1.13054293 -0.0340203528 0.347829368 -0.96453924 -0.042779956 0.20169211 -1.13054293 0.0637154824 0.429329258 -0.673310496 0.11437332 0.453063723 -0.588917908 0.128871968 0.553915608 -0.564291657 0.0637154824 0.429329258 -0.673310496 0.128871968 0.553915608 -0.564291657 -0.00906850076 0.733678609 -0.101244181 0.128871968 0.553915608 -0.564291657 -0.0206311596 0.685857619 -0.360086787 0.0637154824 0.429329258 -0.673310496 -0.0206311596 0.685857619 -0.360086787 0.128871968 0.553915608 -0.564291657 -0.0206311596 0.685857619 -0.360086787 0.0637154824 0.429329258 -0.673310496 -0.0195617089 0.44237527 -0.739894361 -0.0340203528 0.347829368 -0.96453924 -0.0223337987 0.888534186 0.286264073 -0.0238393037 0.852411682 0.610974016 0.258669323 0.735260667 0.457071177 -0.000757388599 0.566730426 0.750765497 0.258669323 0.735260667 0.457071177 -0.0238393037 0.852411682 0.610974016 0.155844172 0.516033495 0.692697091 0.29702728 0.582516957 0.425391837 -0.206672326 0.426329516 0.559387412 -0.15426493 0.511925657 0.697856631 -0.258576236 0.735269534 0.457075348 -0.000757388599 0.566730426 0.750765497 -0.258576236 0.735269534 0.457075348 -0.15426493 0.511925657 0.697856631 0.0238421564 0.852418128 0.610970047 -0.258576236 0.735269534 0.457075348 0.0238421564 0.852418128 0.610970047 -0.240819013 0.738176691 0.235901136 0.0223588911 0.888537365 0.286270739 0.00919823267 0.733679117 -0.101242605 -0.29685211 0.582532972 0.425398406 -0.240819013 0.738176691 0.235901136 -0.275119099 0.555311874 0.21949883 -0.214887965 0.293918935 0.196359473 -0.166591399 0.371172914 -0.0593911345 -0.142880284 0.25177638 -0.160056475 -0.145130209 0.188465176 0.0879485374 -0.125985953 0.149210609 0.318773293 -0.0353360703 -0.113680014 0.204528078 -0.024506898 -0.149837058 -0.124726682 -0.101602568 0.0795878621 -0.0713193042 -0.0495698728 0.0694749023 -0.2780672 -0.0316480338 0.12164421 -0.633281779 -0.129809086 0.345780983 -0.43015435 -0.19468045 0.534097555 -0.197112205 -0.238104399 0.588030646 0.0626940359 -0.172408289 0.727775953 0.07698773 -0.172408289 0.727775953 0.07698773 -0.229842619 0.69368872 -0.137988503 -0.234414685 0.685052098 -0.32385016 -0.229842619 0.69368872 -0.137988503 -0.234414685 0.685052098 -0.32385016 -0.114088992 0.453079285 -0.588925914 0.0431141788 0.201712428 -1.13055519 0.0410381874 0.0101396359 -0.741098854 0.0418114753 -0.0718480721 -0.444526375 0.0452398984 -0.465723812 -0.223487934 0.000281392657 -0.328249364 0.118906303 -0.172408289 0.727775953 0.07698773 -0.229842619 0.69368872 -0.137988503 -0.238104399 0.588030646 0.0626940359 0.0343064066 0.347841351 -0.964542442 0.0431141788 0.201712428 -1.13055519 -0.0634366623 0.429337952 -0.673309287 -0.114088992 0.453079285 -0.588925914 -0.0634366623 0.429337952 -0.673309287 0.0431141788 0.201712428 -1.13055519 -0.0634366623 0.429337952 -0.673309287 -0.128647425 0.553922326 -0.564289487 -0.128647425 0.553922326 -0.564289487 0.0207905767 0.685860447 -0.360083619 -0.128647425 0.553922326 -0.564289487 0.00919823267 0.733679117 -0.101242605 -0.128647425 0.553922326 -0.564289487 0.0207905767 0.685860447 -0.360083619 -0.0634366623 0.429337952 -0.673309287 0.0198208484 0.44237867 -0.739892726 -0.0634366623 0.429337952 -0.673309287 0.0207905767 0.685860447 -0.360083619 0.0343064066 0.347841351 -0.964542442 -0.039727716 -0.725634765 -1.1770108 0.0075792743 -0.896048475 -1.00615762 -0.0444334711 -1.0614714 -1.18977455 0.0678257745 -0.773907468 -0.902001846 0.0275608087 -0.697205176 -1.01859747 -0.0388881445 -0.563407967 -1.33614071 9.25968559e-05 -1.10012287 -0.899733351 0.0195902981 -0.991739004 -0.772053611 0.0984397436 -0.759920654 -0.735577275 0.0957892422 -0.624805473 -0.877733072 0.0143439574 -0.532198289 -1.22697596 -0.0424404519 -0.298953212 -1.52199891 0.0852996458 -0.464244676 -1.02018062 0.0758573538 -0.333703705 -1.07497269 0.133825078 -0.429685548 -0.798183151 0.165094987 -0.290765497 -0.837419835 0.16061727 -0.351379445 -0.724562692 -0.00968138462 -0.341916162 -0.692245514 0.16061727 -0.351379445 -0.724562692 0.165094987 -0.290765497 -0.837419835 0.122943968 -0.409586355 -0.583609495 0.168788152 -0.462536925 -0.464574708 0.122943968 -0.409586355 -0.583609495 0.168788152 -0.462536925 -0.464574708 0.165095948 -0.493083552 -0.620287242 0.192629037 -0.571729849 -0.527639965 0.113729645 -0.584578761 -0.767914577 0.0946134442 -0.904166954 -0.620124426 0.148626122 -0.727973772 -0.637927631 0.141230675 -0.789700231 -0.366485864 0.0368408628 -0.321297768 -1.14622578 -0.0424404519 -0.298953212 -1.52199891 -0.0363044607 -0.266642918 -1.36919709 -0.0424404519 -0.298953212 -1.52199891 0.0368408628 -0.321297768 -1.14622578 0.0758573538 -0.333703705 -1.07497269 0.0915220169 -0.285318724 -1.02848927 0.0368408628 -0.321297768 -1.14622578 0.0915220169 -0.285318724 -1.02848927 -0.00968138462 -0.341916162 -0.692245514 0.0915220169 -0.285318724 -1.02848927 -0.0209643808 -0.277119086 -0.871297129 0.0368408628 -0.321297768 -1.14622578 -0.0209643808 -0.277119086 -0.871297129 0.0915220169 -0.285318724 -1.02848927 -0.0209643808 -0.277119086 -0.871297129 0.0368408628 -0.321297768 -1.14622578 -0.0223533677 -0.292352581 -1.19764438 -0.0363044607 -0.266642918 -1.36919709 -0.0219452828 -0.386194766 -0.384214476 -0.0205818494 -0.530723438 -0.193178798 0.184019328 -0.547879078 -0.329815798 -0.000568351491 -0.769502896 -0.209139236 0.184019328 -0.547879078 -0.329815798 -0.0205818494 -0.530723438 -0.193178798 0.108963354 -0.778948491 -0.261058769 0.184019328 -0.547879078 -0.329815798 0.108963354 -0.778948491 -0.261058769 0.208872183 -0.630612095 -0.393109458 -0.141548061 -0.782994669 -0.366101143 -0.108025504 -0.782848592 -0.25963907 -0.183884963 -0.547874121 -0.329803592 -0.183884963 -0.547874121 -0.329803592 -0.108025504 -0.782848592 -0.25963907 0.0206468163 -0.53071849 -0.193177699 -0.183884963 -0.547874121 -0.329803592 0.0206468163 -0.53071849 -0.193177699 -0.168635028 -0.462532032 -0.464557348 0.0220272805 -0.38619582 -0.384204396 0.00983938475 -0.341916634 -0.692243536 -0.208680044 -0.63060242 -0.393089664 -0.168635028 -0.462532032 -0.464557348 -0.192415716 -0.571729976 -0.527561159 -0.148682497 -0.729093687 -0.634696974 -0.113355166 -0.584490618 -0.768199151 -0.0954419112 -0.624777438 -0.877784206 -0.0977757501 -0.757639861 -0.739079373 -0.0844920833 -0.867768809 -0.603447339 -0.01529919 -0.995109792 -0.780393432 -0.00714379526 -0.895874874 -1.00633552 -0.0674494914 -0.773903454 -0.901987482 -0.0271750987 -0.697196285 -1.01858677 -0.0139711596 -0.532185196 -1.22696954 -0.084989746 -0.464228466 -1.02016539 -0.133578001 -0.429670962 -0.798167248 -0.164875595 -0.493071376 -0.620264512 -0.122783623 -0.40958566 -0.583604753 -0.122783623 -0.40958566 -0.583604753 -0.160430355 -0.351373393 -0.724551571 -0.164906745 -0.290760661 -0.837410564 -0.160430355 -0.351373393 -0.724551571 -0.164906745 -0.290760661 -0.837410564 -0.0755874954 -0.333690009 -1.07496654 0.0427491301 -0.298935441 -1.52199092 0.0392881173 -0.563395686 -1.33613659 0.0401499006 -0.725626631 -1.17700137 0.0449246841 -1.06146489 -1.18976068 9.25968559e-05 -1.10012287 -0.899733351 0.0365790807 -0.266631761 -1.36918797 0.0427491301 -0.298935441 -1.52199092 -0.036572154 -0.321289759 -1.14621591 -0.0755874954 -0.333690009 -1.07496654 -0.036572154 -0.321289759 -1.14621591 0.0427491301 -0.298935441 -1.52199092 -0.036572154 -0.321289759 -1.14621591 -0.0912937515 -0.285314329 -1.0284815 -0.0912937515 -0.285314329 -1.0284815 0.0211452284 -0.277118628 -0.871290989 -0.0912937515 -0.285314329 -1.0284815 0.00983938475 -0.341916634 -0.692243536 -0.0912937515 -0.285314329 -1.0284815 0.0211452284 -0.277118628 -0.871290989 -0.036572154 -0.321289759 -1.14621591 0.0226086475 -0.292350239 -1.19763863 -0.036572154 -0.321289759 -1.14621591 0.0211452284 -0.277118628 -0.871290989 0.0365790807 -0.266631761 -1.36918797 -0.0385780965 -1.39159489 -1.64961676 0.0157621372 -1.66478996 -1.57690415 -0.0438685444 -1.725289 -1.85351265 0.0789047199 -1.59326586 -1.41543654 0.0389405073 -1.45778651 -1.47504009 -0.0371713959 -1.14260585 -1.71349418 0.000162394264 -1.93727827 -1.58325259 0.0298780506 -1.89384061 -1.3982574 0.120005091 -1.68243498 -1.23041203 0.116529233 -1.4670665 -1.29542827 0.0235832168 -1.17423051 -1.58783015 -0.0431816826 -0.772575802 -1.75490173 0.1041351 -1.2262801 -1.34663466 0.0918326123 -1.05791336 -1.32730541 0.159933429 -1.31886586 -1.10543986 0.192406763 -1.15400743 -1.07257444 0.189447337 -1.28838187 -0.99127802 -0.00819723789 -1.28904511 -0.961833921 0.189447337 -1.28838187 -0.99127802 0.192406763 -1.15400743 -1.07257444 0.143789872 -1.42410871 -0.887887091 0.199396847 -1.54166471 -0.80339301 0.143789872 -1.42410871 -0.887887091 0.199396847 -1.54166471 -0.80339301 0.195641354 -1.48464377 -0.973073218 0.227021312 -1.61663179 -0.92123429 0.136803171 -1.48829075 -1.16431448 0.115782129 -1.8907141 -1.1983233 0.177563087 -1.70720353 -1.11487901 0.168203358 -1.93374751 -0.884659054 0.143789872 -1.42410871 -0.887887091 0.195641354 -1.48464377 -0.973073218 0.189447337 -1.28838187 -0.99127802 0.044690956 -1.00315104 -1.40216308 -0.0431816826 -0.772575802 -1.75490173 -0.0376409582 -0.823527641 -1.59079233 -0.0431816826 -0.772575802 -1.75490173 0.044690956 -1.00315104 -1.40216308 0.0918326123 -1.05791336 -1.32730541 0.104926672 -1.03250349 -1.26907808 0.044690956 -1.00315104 -1.40216308 0.104926672 -1.03250349 -1.26907808 -0.00819723789 -1.28904511 -0.961833921 0.104926672 -1.03250349 -1.26907808 -0.0184676739 -1.12192525 -1.10399896 0.044690956 -1.00315104 -1.40216308 -0.0184676739 -1.12192525 -1.10399896 0.104926672 -1.03250349 -1.26907808 -0.0184676739 -1.12192525 -1.10399896 0.044690956 -1.00315104 -1.40216308 -0.0213224239 -0.945316562 -1.44152162 -0.0376409582 -0.823527641 -1.59079233 -0.0189498278 -1.51497223 -0.678642992 -0.0192995074 -1.78319154 -0.563923883 0.216865132 -1.71739161 -0.711015437 -0.000625417279 -2.0196468 -0.716337356 0.216865132 -1.71739161 -0.711015437 -0.0192995074 -1.78319154 -0.563923883 0.128513084 -1.99563509 -0.773309121 0.245167347 -1.76166271 -0.815055784 -0.167994858 -1.92897574 -0.87727518 -0.128259061 -1.99913077 -0.774552697 -0.216745628 -1.71739144 -0.710999772 -0.000625417279 -2.0196468 -0.716337356 -0.216745628 -1.71739144 -0.710999772 -0.128259061 -1.99913077 -0.774552697 0.0193390705 -1.78318719 -0.563919721 -0.216745628 -1.71739144 -0.710999772 0.0193390705 -1.78318719 -0.563919721 -0.199254526 -1.54166701 -0.803372238 0.019008242 -1.5149759 -0.678636642 0.00834366746 -1.2890459 -0.961832907 -0.244982674 -1.76166102 -0.81502809 -0.199254526 -1.54166701 -0.803372238 -0.226811499 -1.61666717 -0.921138499 -0.177826332 -1.71103651 -1.11171001 -0.13642498 -1.48814124 -1.16450871 -0.116172741 -1.46703181 -1.29543889 -0.119469586 -1.68027355 -1.23149999 -0.10427801 -1.86538659 -1.16050311 -0.0248770981 -1.89333271 -1.40846276 -0.0153059886 -1.66462951 -1.5769175 -0.0785087216 -1.59326867 -1.41541915 -0.0385339472 -1.45778292 -1.47502264 -0.0231919901 -1.1742229 -1.58781284 -0.103815751 -1.22627232 -1.34660318 -0.159686159 -1.31885954 -1.10541035 -0.195421798 -1.48464191 -0.973039001 -0.143640633 -1.42410956 -0.887882145 -0.143640633 -1.42410956 -0.887882145 -0.189267462 -1.28838057 -0.991261209 -0.19222633 -1.1540074 -1.07256069 -0.189267462 -1.28838057 -0.991261209 -0.19222633 -1.1540074 -1.07256069 -0.0915598906 -1.05790407 -1.32728734 0.0435002616 -0.772564593 -1.75487541 0.0375939309 -1.14259766 -1.71348025 0.0390264154 -1.3915915 -1.64960102 0.0443961526 -1.72528794 -1.85349259 0.000162394264 -1.93727827 -1.58325259 -0.143640633 -1.42410956 -0.887882145 -0.189267462 -1.28838057 -0.991261209 -0.195421798 -1.48464191 -0.973039001 0.0379213162 -0.823522321 -1.59077104 0.0435002616 -0.772564593 -1.75487541 -0.0444171429 -1.00314846 -1.40214339 -0.0915598906 -1.05790407 -1.32728734 -0.0444171429 -1.00314846 -1.40214339 0.0435002616 -0.772564593 -1.75487541 -0.0444171429 -1.00314846 -1.40214339 -0.104698785 -1.0325035 -1.2690642 -0.104698785 -1.0325035 -1.2690642 0.018639875 -1.12192703 -1.10399443 -0.104698785 -1.0325035 -1.2690642 0.00834366746 -1.2890459 -0.961832907 -0.104698785 -1.0325035 -1.2690642 0.018639875 -1.12192703 -1.10399443 -0.0444171429 -1.00314846 -1.40214339 0.021580143 -0.945317312 -1.44151533 -0.0444171429 -1.00314846 -1.40214339 0.018639875 -1.12192703 -1.10399443 0.0379213162 -0.823522321 -1.59077104 -0.0387054074 -1.83070001 -2.50659976 0.026338498 -2.15822626 -2.59271766 -0.0436841051 -2.05996815 -2.91048473 0.096978673 -2.18710946 -2.38328406 0.0528751207 -2.00291555 -2.36774764 -0.0371054524 -1.53961492 -2.42551292 0.000336378833 -2.42490246 -2.76221384 0.0429993647 -2.49508779 -2.54469888 0.148721681 -2.37554181 -2.24941871 0.144682843 -2.11998697 -2.18953212 0.0347615494 -1.64685494 -2.31567539 -0.0438596267 -1.14214299 -2.25170237 0.130213295 -1.84695466 -2.1010462 0.0605313671 -1.58378835 -2.036973 0.113562866 -1.67943146 -1.98475677 0.12490713 -1.68935977 -1.91589583 0.231933022 -1.94019007 -1.77676244 -0.0069451252 -2.15492509 -1.74152307 0.231933022 -1.94019007 -1.77676244 0.12490713 -1.68935977 -1.91589583 0.231933022 -1.94019007 -1.77676244 -0.0069451252 -2.15492509 -1.74152307 0.230037991 -2.13545466 -1.77222233 0.173028246 -2.34011208 -1.74524353 0.230037991 -2.13545466 -1.77222233 0.173028246 -2.34011208 -1.74524353 0.239009796 -2.334943 -1.87621151 0.195828278 -2.08139837 -1.90870524 0.230037991 -2.13545466 -1.77222233 0.239009796 -2.334943 -1.87621151 0.275163407 -2.49770827 -1.89744006 0.167881998 -2.21791382 -2.07043414 0.217017052 -2.4725592 -2.145717 0.205609147 -2.85287315 -2.04155103 0.173028246 -2.34011208 -1.74524353 0.242516403 -2.50010234 -1.73232893 0.296325829 -2.71714115 -1.86909618 0.261034914 -2.74229668 -1.73747776 0.205609147 -2.85287315 -2.04155103 0.296325829 -2.71714115 -1.86909618 0.154944583 -2.99386205 -1.96410373 -0.000866720113 -3.0560623 -1.92099931 -0.0209524025 -2.90122017 -1.6242084 0.242516403 -2.50010234 -1.73232893 -0.0209524025 -2.90122017 -1.6242084 0.261034914 -2.74229668 -1.73747776 -0.0169338727 -2.55276232 -1.58655151 0.261034914 -2.74229668 -1.73747776 -0.0069451252 -2.15492509 -1.74152307 0.12490713 -1.68935977 -1.91589583 -0.0167129127 -1.89740272 -1.78974226 0.0605313671 -1.58378835 -2.036973 -0.0167129127 -1.89740272 -1.78974226 0.12490713 -1.68935977 -1.91589583 -0.0167129127 -1.89740272 -1.78974226 0.0605313671 -1.58378835 -2.036973 -0.0182020628 -1.51200533 -2.03386281 -0.0362715187 -1.294781 -2.11794895 -0.0362715187 -1.294781 -2.11794895 0.143341607 -2.60608876 -2.3399811 -0.24238838 -2.50010987 -1.73231073 -0.27495095 -2.49777322 -1.89740379 -0.296148681 -2.71714854 -1.86906635 -0.205596217 -2.85148837 -2.02938743 -0.260935058 -2.74230047 -1.73746157 -0.155095437 -2.9967943 -1.9681898 -0.000866720113 -3.0560623 -1.92099931 -0.260935058 -2.74230047 -1.73746157 -0.155095437 -2.9967943 -1.9681898 0.0209605133 -2.90121672 -1.62419919 -0.260935058 -2.74230047 -1.73746157 0.0209605133 -2.90121672 -1.62419919 -0.24238838 -2.50010987 -1.73231073 0.0169623032 -2.55276575 -1.5865486 0.0070779657 -2.15492607 -1.74152299 -0.172892975 -2.34011477 -1.7452391 -0.238788758 -2.33495039 -1.87617766 -0.172892975 -2.34011477 -1.7452391 -0.238788758 -2.33495039 -1.87617766 -0.172892975 -2.34011477 -1.7452391 -0.229866282 -2.13545891 -1.77220355 -0.229866282 -2.13545891 -1.77220355 -0.231760273 -1.94019487 -1.77674739 -0.124676927 -1.6893658 -1.91588071 -0.231760273 -1.94019487 -1.77674739 0.0070779657 -2.15492607 -1.74152299 -0.231760273 -1.94019487 -1.77674739 -0.124676927 -1.6893658 -1.91588071 -0.113281075 -1.67942896 -1.98473034 -0.0602479317 -1.58379371 -2.03695424 -0.129876772 -1.84695755 -2.10100632 0.0441943157 -1.14214179 -2.2516639 -0.0343416498 -1.64685344 -2.31565093 0.0375617093 -1.53961203 -2.42549158 -0.0524363052 -2.00291751 -2.36772682 0.0391930819 -1.83070165 -2.50658091 -0.0258558434 -2.15810023 -2.59258795 0.0442647394 -2.05997189 -2.91046358 -0.0374662274 -2.49002732 -2.55409933 0.000336378833 -2.42490246 -2.76221384 -0.195576453 -2.08140163 -1.90866871 -0.229866282 -2.13545891 -1.77220355 -0.167509379 -2.21773625 -2.07047854 -0.217603606 -2.47837958 -2.1440314 -0.144309096 -2.11996508 -2.18951064 -0.0965532493 -2.18711652 -2.38326863 -0.148361453 -2.37374784 -2.24900281 -0.129939585 -2.60247603 -2.28625513 0.0365619697 -1.29478364 -2.11792508 0.0365619697 -1.29478364 -2.11792508 -0.0602479317 -1.58379371 -2.03695424 0.0184639611 -1.51200739 -2.03385869 0.0168753195 -1.89740441 -1.78973953 -0.124676927 -1.6893658 -1.91588071 0.0168753195 -1.89740441 -1.78973953 -0.0602479317 -1.58379371 -2.03695424 0.0168753195 -1.89740441 -1.78973953 -0.124676927 -1.6893658 -1.91588071 0.0070779657 -2.15492607 -1.74152299 -0.0403758483 -1.09177363 -3.16347993 0.00781436885 -1.27020775 -3.34063032 -0.0442306556 -1.09037326 -3.51087227 0.0630693943 -1.37430818 -3.2355163 0.0276482668 -1.25340436 -3.13696091 -0.0387083795 -0.934388607 -3.00075287 0.000369562832 -1.37239088 -3.53004093 0.0207915575 -1.50343294 -3.43082378 0.099627407 -1.53626661 -3.1955836 0.0957821058 -1.39529664 -3.06651319 0.0144196474 -1.04411364 -2.97076058 -0.044021339 -0.747986972 -2.75065443 0.0847146338 -1.25401283 -2.91346588 0.0403764505 -1.11361656 -2.79589745 0.0732498843 -1.19135652 -2.77995916 0.0886448462 -1.22793762 -2.75737911 0.163139542 -1.43957812 -2.75434243 -0.00671533317 -1.5932553 -2.818769 0.163139542 -1.43957812 -2.75434243 0.0886448462 -1.22793762 -2.75737911 0.163139542 -1.43957812 -2.75434243 -0.00671533317 -1.5932553 -2.818769 0.161725211 -1.56575957 -2.82350921 0.124803128 -1.71037506 -2.88898429 0.161725211 -1.56575957 -2.82350921 0.124803128 -1.71037506 -2.88898429 0.166522487 -1.65309626 -2.95917314 0.133587637 -1.4750903 -2.8731067 0.161725211 -1.56575957 -2.82350921 0.166522487 -1.65309626 -2.95917314 0.192230295 -1.74785494 -3.02489216 0.133587637 -1.4750903 -2.8731067 0.166522487 -1.65309626 -2.95917314 0.112536603 -1.50294187 -3.03078351 0.192230295 -1.74785494 -3.02489216 0.149407689 -1.63828885 -3.16962798 0.140686559 -1.92288023 -3.24476878 0.124803128 -1.71037506 -2.88898429 0.172111236 -1.8160341 -2.93542663 0.20825267 -1.89784777 -3.08221499 0.20825267 -1.89784777 -3.08221499 0.183492545 -1.96506149 -3.01928102 0.140686559 -1.92288023 -3.24476878 0.20825267 -1.89784777 -3.08221499 0.105303931 -2.03967199 -3.24894527 -0.00118093973 -2.09308349 -3.24780607 -0.0242017224 -2.10709781 -3.00310169 0.172111236 -1.8160341 -2.93542663 -0.0242017224 -2.10709781 -3.00310169 0.183492545 -1.96506149 -3.01928102 -0.0171685875 -1.90427123 -2.86455677 0.183492545 -1.96506149 -3.01928102 -0.00671533317 -1.5932553 -2.818769 0.0886448462 -1.22793762 -2.75737911 -0.0165829717 -1.40952102 -2.75299796 0.0403764505 -1.11361656 -2.79589745 -0.0165829717 -1.40952102 -2.75299796 0.0886448462 -1.22793762 -2.75737911 -0.0165829717 -1.40952102 -2.75299796 0.0403764505 -1.11361656 -2.79589745 -0.0166092264 -1.07200362 -2.76761742 -0.0340456336 -0.898296007 -2.73711252 -0.044021339 -0.747986972 -2.75065443 -0.0340456336 -0.898296007 -2.73711252 0.0403764505 -1.11361656 -2.79589745 0.0952836842 -1.65085744 -3.3404528 -0.171955164 -1.81604445 -2.93541447 -0.192012119 -1.74789222 -3.02493462 -0.208062776 -1.89786225 -3.08219171 -0.141446036 -1.92512977 -3.23136695 -0.208062776 -1.89786225 -3.08219171 -0.192012119 -1.74789222 -3.02493462 -0.183358085 -1.96506868 -3.01926758 -0.104986393 -2.04111594 -3.25659088 -0.00118093973 -2.09308349 -3.24780607 -0.183358085 -1.96506868 -3.01926758 -0.104986393 -2.04111594 -3.25659088 0.0242689757 -2.10709859 -3.00308632 -0.183358085 -1.96506868 -3.01926758 0.0242689757 -2.10709859 -3.00308632 -0.171955164 -1.81604445 -2.93541447 0.0172495946 -1.90427438 -2.86455539 0.00687335401 -1.59325601 -2.81876912 -0.124642511 -1.71037858 -2.88898204 -0.166296891 -1.65310973 -2.95914604 -0.124642511 -1.71037858 -2.88898204 -0.166296891 -1.65310973 -2.95914604 -0.124642511 -1.71037858 -2.88898204 -0.161535996 -1.56576756 -2.82349397 -0.161535996 -1.56576756 -2.82349397 -0.162949265 -1.43958589 -2.75432909 -0.0884111324 -1.22794597 -2.75736948 -0.162949265 -1.43958589 -2.75432909 0.00687335401 -1.59325601 -2.81876912 -0.162949265 -1.43958589 -2.75432909 -0.0884111324 -1.22794597 -2.75736948 -0.0729801105 -1.19136198 -2.77993086 -0.0401044135 -1.11362461 -2.79588678 -0.0844050841 -1.25402551 -2.91342893 0.0443304366 -0.747996374 -2.75061419 -0.0140499993 -1.04411938 -2.97073351 0.039104689 -0.934392347 -3.00072688 -0.0272640367 -1.25341191 -3.13694071 0.0407967462 -1.0917804 -3.1634615 -0.00741154321 -1.27014138 -3.34036345 0.0447214393 -1.0903819 -3.51085417 -0.0166960106 -1.49692233 -3.43491888 0.000369562832 -1.37239088 -3.53004093 -0.133342435 -1.47510231 -2.87307279 -0.161535996 -1.56576756 -2.82349397 -0.166296891 -1.65310973 -2.95914604 -0.133342435 -1.47510231 -2.87307279 -0.112203227 -1.50279035 -3.03065007 -0.150189078 -1.64235437 -3.16843887 -0.0954466039 -1.39528602 -3.06647794 -0.0626924573 -1.37431776 -3.23550517 -0.0994825484 -1.53467662 -3.19362506 -0.0860026515 -1.66801732 -3.30213187 0.0443304366 -0.747996374 -2.75061419 -0.0401044135 -1.11362461 -2.79588678 0.0343243317 -0.89830356 -2.73709375 0.0343243317 -0.89830356 -2.73709375 -0.0401044135 -1.11362461 -2.79588678 0.0168640731 -1.07200603 -2.76761541 0.0167638561 -1.40952343 -2.75299669 -0.0884111324 -1.22794597 -2.75736948 0.0167638561 -1.40952343 -2.75299669 -0.0401044135 -1.11362461 -2.79588678 0.0167638561 -1.40952343 -2.75299669 -0.0884111324 -1.22794597 -2.75736948 0.00687335401 -1.59325601 -2.81876912 -0.041848675 -0.615524981 -3.84063954 0.0146524878 -0.694661549 -4.11306201 -0.0446194719 -0.420321383 -4.17785576 0.0793259883 -0.876982518 -4.06676114 0.0361587408 -0.791202998 -3.9038885 -0.0404707252 -0.551469581 -3.58698321 0.000370579542 -0.673868212 -4.35647618 0.0284951885 -0.870936531 -4.33673983 0.118071834 -1.03691433 -4.12397233 0.115115113 -0.974820055 -3.91415226 0.0209821752 -0.678767715 -3.61950946 -0.0436366239 -0.522059527 -3.22704585 0.103481085 -0.927029032 -3.68017254 0.0514746957 -0.872943364 -3.47956084 0.0900495795 -0.937613192 -3.51751654 0.105972018 -1.0098853 -3.5063857 0.193184738 -1.21570681 -3.62534579 -0.00750205507 -1.3424395 -3.77573296 0.193184738 -1.21570681 -3.62534579 0.105972018 -1.0098853 -3.5063857 0.193184738 -1.21570681 -3.62534579 -0.00750205507 -1.3424395 -3.77573296 0.190574782 -1.30299914 -3.76361388 0.145095322 -1.41662701 -3.91177285 0.190574782 -1.30299914 -3.76361388 0.145095322 -1.41662701 -3.91177285 0.196385248 -1.30892232 -3.948251 0.158791846 -1.1661003 -3.76805153 0.190574782 -1.30299914 -3.76361388 0.196385248 -1.30892232 -3.948251 0.226803639 -1.35620157 -4.07072668 0.134706567 -1.10352075 -3.94070952 0.176122296 -1.15560132 -4.15671144 0.16771735 -1.40672627 -4.38435716 0.145095322 -1.41662701 -3.91177285 0.201101025 -1.49088862 -4.01841666 0.245251105 -1.46885095 -4.21099265 0.214034605 -1.58769398 -4.18101997 0.125746859 -1.53013452 -4.4426202 -0.00113822852 -1.58894967 -4.46680979 -0.0256729137 -1.73978792 -4.24354387 0.201101025 -1.49088862 -4.01841666 -0.0256729137 -1.73978792 -4.24354387 0.214034605 -1.58769398 -4.18101997 -0.0195484018 -1.62268302 -3.99642833 -0.00750205507 -1.3424395 -3.77573296 0.105972018 -1.0098853 -3.5063857 -0.0181242198 -1.19701569 -3.60474623 0.0514746957 -0.872943364 -3.47956084 -0.0181242198 -1.19701569 -3.60474623 0.105972018 -1.0098853 -3.5063857 -0.0181242198 -1.19701569 -3.60474623 0.0514746957 -0.872943364 -3.47956084 -0.017102437 -0.854108935 -3.42693542 -0.0330835624 -0.691857986 -3.29853208 -0.0330835624 -0.691857986 -3.29853208 0.112917871 -1.06735828 -4.33391709 -0.200958661 -1.49090034 -4.01841322 -0.226585564 -1.35621107 -4.07077831 -0.245065302 -1.46886906 -4.21098309 -0.168977583 -1.41179861 -4.37321553 -0.213916233 -1.5877041 -4.18101456 -0.124245666 -1.52806952 -4.45178166 -0.00113822852 -1.58894967 -4.46680979 -0.213916233 -1.5877041 -4.18101456 -0.124245666 -1.52806952 -4.45178166 0.0257153253 -1.73979372 -4.24353157 -0.213916233 -1.5877041 -4.18101456 0.0257153253 -1.73979372 -4.24353157 -0.200958661 -1.49090034 -4.01841322 0.0196081683 -1.62268666 -3.99642969 0.0076500096 -1.34244029 -3.77573334 -0.144946344 -1.41663097 -3.9117736 -0.19616279 -1.30894049 -3.94823563 -0.144946344 -1.41663097 -3.9117736 -0.19616279 -1.30894049 -3.94823563 -0.144946344 -1.41663097 -3.9117736 -0.190393728 -1.30300937 -3.76360582 -0.190393728 -1.30300937 -3.76360582 -0.193000817 -1.215717 -3.62533797 -0.105740921 -1.00989362 -3.50638236 -0.193000817 -1.215717 -3.62533797 0.0076500096 -1.34244029 -3.77573334 -0.193000817 -1.215717 -3.62533797 -0.105740921 -1.00989362 -3.50638236 -0.0897709218 -0.937625953 -3.51749557 -0.0511988785 -0.872951626 -3.47955651 -0.10315786 -0.927048012 -3.68014856 0.0439572601 -0.522076913 -3.22701525 -0.0205891576 -0.678780697 -3.61948731 0.0408941798 -0.551480587 -3.58695996 -0.0357495495 -0.791215232 -3.90387469 0.042299707 -0.615535961 -3.84062742 -0.0142143074 -0.694688939 -4.11270758 0.0451486775 -0.420332571 -4.17784659 -0.0241459801 -0.862901998 -4.33661254 0.000370579542 -0.673868212 -4.35647618 -0.158540831 -1.16611883 -3.7680287 -0.190393728 -1.30300937 -3.76360582 -0.134356903 -1.10344625 -3.94044271 -0.17661202 -1.15916778 -4.15783158 -0.114760856 -0.974817871 -3.91410688 -0.0789284076 -0.876993522 -4.06675632 -0.117980056 -1.03609488 -4.11975824 -0.101865333 -1.10515262 -4.30493208 0.0333663736 -0.691868412 -3.29852035 0.0333663736 -0.691868412 -3.29852035 -0.0511988785 -0.872951626 -3.47955651 0.0173601114 -0.85411177 -3.42693447 0.0182976802 -1.1970182 -3.60474642 -0.105740921 -1.00989362 -3.50638236 0.0182976802 -1.1970182 -3.60474642 -0.0511988785 -0.872951626 -3.47955651 0.0182976802 -1.1970182 -3.60474642 -0.105740921 -1.00989362 -3.50638236 0.0076500096 -1.34244029 -3.77573334 -0.0413222562 0.244270143 -4.29166534 0.0250012543 0.322374402 -4.61179106 -0.0446595215 0.638144819 -4.51269997 0.102025522 0.0928324393 -4.66486709 0.0500100559 0.102948464 -4.45812492 -0.0405794375 0.162285614 -3.99510265 0.00028184432 0.500660078 -4.85509728 0.0403998932 0.278119252 -4.94631196 0.145564153 -0.0150460381 -4.82949842 0.143259704 -0.0793573725 -4.57618943 0.0320705702 0.0507821254 -4.10291808 -0.0427796263 -0.0292815397 -3.60564816 0.130146827 -0.173349848 -4.30604209 0.114373797 -0.280652919 -4.14727333 0.194934327 -0.361667251 -4.53908175 0.234585384 -0.512632691 -4.41233915 0.230009474 -0.521268322 -4.59820093 -0.00906778787 -0.561267985 -4.63494713 0.230009474 -0.521268322 -4.59820093 0.234585384 -0.512632691 -4.41233915 0.172538725 -0.555362642 -4.81317542 0.240939823 -0.565755573 -4.97208504 0.172538725 -0.555362642 -4.81317542 0.240939823 -0.565755573 -4.97208504 0.238319191 -0.415601747 -4.79888191 0.275330821 -0.38289323 -4.95564022 0.166973084 -0.198751186 -4.67711185 0.139796062 0.0767664575 -5.06116736 0.214810947 -0.120569285 -4.92845442 0.205668831 -0.247274409 -5.30187371 0.172538725 -0.555362642 -4.81317542 0.238319191 -0.415601747 -4.79888191 0.230009474 -0.521268322 -4.59820093 0.0637159911 -0.25691865 -4.0628808 -0.0427796263 -0.0292815397 -3.60564816 -0.0340199588 -0.175418828 -3.77165149 -0.0427796263 -0.0292815397 -3.60564816 0.0637159911 -0.25691865 -4.0628808 0.114373797 -0.280652919 -4.14727333 0.128872573 -0.381504907 -4.17189935 0.0637159911 -0.25691865 -4.0628808 0.128872573 -0.381504907 -4.17189935 -0.00906778787 -0.561267985 -4.63494713 0.128872573 -0.381504907 -4.17189935 -0.0206305131 -0.513447078 -4.37610439 0.0637159911 -0.25691865 -4.0628808 -0.0206305131 -0.513447078 -4.37610439 0.128872573 -0.381504907 -4.17189935 -0.0206305131 -0.513447078 -4.37610439 0.0637159911 -0.25691865 -4.0628808 -0.0195612078 -0.269964656 -3.99629672 -0.0340199588 -0.175418828 -3.77165149 -0.0223329621 -0.716123474 -5.02245519 -0.0238383705 -0.680000882 -5.34716494 0.25867021 -0.562849853 -5.19326243 -0.000756517816 -0.394319845 -5.48695657 0.25867021 -0.562849853 -5.19326243 -0.0238383705 -0.680000882 -5.34716494 0.155844995 -0.343622702 -5.42888814 0.29702798 -0.410106214 -5.16158306 -0.206671599 -0.253918819 -5.29557863 -0.154263926 -0.339514918 -5.43404779 -0.258575409 -0.562858861 -5.19326604 -0.000756517816 -0.394319845 -5.48695657 -0.258575409 -0.562858861 -5.19326604 -0.154263926 -0.339514918 -5.43404779 0.0238430728 -0.68000735 -5.34716123 -0.258575409 -0.562858861 -5.19326604 0.0238430728 -0.68000735 -5.34716123 -0.240818207 -0.565766118 -4.97209231 0.0223597371 -0.716126628 -5.02246204 0.00919893437 -0.561268526 -4.63494819 -0.296851291 -0.410122279 -5.16158986 -0.240818207 -0.565766118 -4.97209231 -0.275118365 -0.382901212 -4.95569013 -0.214887304 -0.121508312 -4.93255027 -0.166590726 -0.198762275 -4.67679962 -0.142879721 -0.0793657745 -4.57613479 -0.145129588 -0.0160545408 -4.82413955 -0.125985241 0.0232001834 -5.05496443 -0.0353355104 0.286090775 -4.94071907 -0.0245064417 0.322247673 -4.61146431 -0.101602055 0.0928228019 -4.66487173 -0.0495693969 0.102935768 -4.45812427 -0.0316476108 0.0507665505 -4.1029097 -0.129808578 -0.173370413 -4.30603656 -0.194679791 -0.361686954 -4.53907899 -0.238103733 -0.415619896 -4.79888519 -0.172407558 -0.555365279 -4.81317885 -0.172407558 -0.555365279 -4.81317885 -0.22984193 -0.521278137 -4.59820274 -0.23441396 -0.512641565 -4.41234079 -0.22984193 -0.521278137 -4.59820274 -0.23441396 -0.512641565 -4.41234079 -0.114088492 -0.280668654 -4.14726501 0.0431145569 -0.029301832 -3.60563574 0.041038616 0.162271302 -3.99509257 0.0418118896 0.244258803 -4.2916649 0.0452402536 0.638134536 -4.51270322 0.00028184432 0.500660078 -4.85509728 -0.172407558 -0.555365279 -4.81317885 -0.22984193 -0.521278137 -4.59820274 -0.238103733 -0.415619896 -4.79888519 0.0343068341 -0.175430916 -3.77164853 0.0431145569 -0.029301832 -3.60563574 -0.0634362206 -0.256927348 -4.06288187 -0.114088492 -0.280668654 -4.14726501 -0.0634362206 -0.256927348 -4.06288187 0.0431145569 -0.029301832 -3.60563574 -0.0634362206 -0.256927348 -4.06288187 -0.12864688 -0.381511759 -4.17190157 -0.12864688 -0.381511759 -4.17190157 0.0207911935 -0.513449638 -4.37610774 -0.12864688 -0.381511759 -4.17190157 0.00919893437 -0.561268526 -4.63494819 -0.12864688 -0.381511759 -4.17190157 0.0207911935 -0.513449638 -4.37610774 -0.0634362206 -0.256927348 -4.06288187 0.0198213943 -0.269967958 -3.99629826 -0.0634362206 -0.256927348 -4.06288187 0.0207911935 -0.513449638 -4.37610774 0.0343068341 -0.175430916 -3.77164853 -0.0397280199 0.898045292 -3.55917993 0.00757886729 1.06845904 -3.73003303 -0.0444340383 1.2338819 -3.54641638 0.0678254169 0.946318178 -3.83418882 0.0275605554 0.86961594 -3.71759338 -0.0388883909 0.735818617 -3.40005013 9.20690789e-05 1.2725333 -3.83645721 0.0195899285 1.16414958 -3.9641371 0.0984394774 0.932331427 -4.00061301 0.0957890031 0.797216263 -3.85845751 0.0143437688 0.704609035 -3.50921508 -0.0424405466 0.471363899 -3.21419192 0.0852995403 0.63665549 -3.71601026 0.0758573098 0.506114563 -3.66121832 0.133825009 0.602096497 -3.93800782 0.165094953 0.463176373 -3.89877126 0.160617237 0.52379038 -4.01162839 -0.0096813607 0.514327038 -4.04394551 0.160617237 0.52379038 -4.01162839 0.165094953 0.463176373 -3.89877126 0.122943996 0.581997301 -4.15258135 0.168788219 0.634947925 -4.27161594 0.122943996 0.581997301 -4.15258135 0.168788219 0.634947925 -4.27161594 0.1650959 0.665494491 -4.11590378 0.192628973 0.744140764 -4.20855056 0.113729497 0.756989725 -3.96827645 0.0946131299 1.07657784 -4.11606656 0.148625893 0.900384575 -4.09826311 0.141230494 0.962111183 -4.36970478 0.0368408136 0.493708614 -3.58996511 -0.0424405466 0.471363899 -3.21419192 -0.0363044718 0.439053694 -3.3669942 -0.0424405466 0.471363899 -3.21419192 0.0368408136 0.493708614 -3.58996511 0.0758573098 0.506114563 -3.66121832 0.091522014 0.457729686 -3.70770165 0.0368408136 0.493708614 -3.58996511 0.091522014 0.457729686 -3.70770165 -0.0096813607 0.514327038 -4.04394551 0.091522014 0.457729686 -3.70770165 -0.0209643367 0.449529914 -3.86489379 0.0368408136 0.493708614 -3.58996511 -0.0209643367 0.449529914 -3.86489379 0.091522014 0.457729686 -3.70770165 -0.0209643367 0.449529914 -3.86489379 0.0368408136 0.493708614 -3.58996511 -0.022353399 0.464763245 -3.53854621 -0.0363044718 0.439053694 -3.3669942 -0.0219452133 0.558605596 -4.3519762 -0.0205818631 0.703134379 -4.54301238 0.184019289 0.720289859 -4.40637477 -0.000568538769 0.941913739 -4.5270517 0.184019289 0.720289859 -4.40637477 -0.0205818631 0.703134379 -4.54301238 0.108963144 0.951359381 -4.47513175 0.184019289 0.720289859 -4.40637477 0.108963144 0.951359381 -4.47513175 0.208872082 0.803023066 -4.34308169 -0.141548272 0.955405252 -4.37008931 -0.108025699 0.955259328 -4.47655133 -0.183884973 0.720284783 -4.40638687 -0.183884973 0.720284783 -4.40638687 -0.108025699 0.955259328 -4.47655133 0.0206467766 0.703129503 -4.54301323 -0.183884973 0.720284783 -4.40638687 0.0206467766 0.703129503 -4.54301323 -0.168635081 0.634942872 -4.27163334 0.022027352 0.558606729 -4.35198616 0.00983941518 0.514327626 -4.04394783 -0.208680146 0.803013199 -4.34310142 -0.168635081 0.634942872 -4.27163334 -0.192415809 0.744140615 -4.20862958 -0.148682709 0.901504314 -4.10149381 -0.113355306 0.75690126 -3.96799141 -0.0954421057 0.797188064 -3.85840683 -0.0977759582 0.930050627 -3.99711164 -0.0844924298 1.0401796 -4.13274367 -0.0152996005 1.1675204 -3.9557971 -0.00714419491 1.06828555 -3.72985542 -0.0674495509 0.946313919 -3.83420339 -0.0271753482 0.86960697 -3.71760393 -0.0139713883 0.704595977 -3.5092215 -0.0849898292 0.636639139 -3.71602552 -0.13357807 0.602081757 -3.93802377 -0.164875657 0.665482109 -4.11592635 -0.122783625 0.58199651 -4.15258638 -0.122783625 0.58199651 -4.15258638 -0.160430314 0.523784057 -4.01163924 -0.164906675 0.463171301 -3.89878019 -0.160430314 0.523784057 -4.01163924 -0.164906675 0.463171301 -3.89878019 -0.0755875022 0.50610063 -3.66122419 0.0427490391 0.471346147 -3.21419988 0.0392878747 0.735806437 -3.4000542 0.0401495967 0.898037346 -3.55918931 0.044924184 1.23387547 -3.54643008 9.20690789e-05 1.2725333 -3.83645721 0.0365790323 0.439042433 -3.36700271 0.0427490391 0.471346147 -3.21419988 -0.0365721883 0.493700502 -3.58997503 -0.0755875022 0.50610063 -3.66122419 -0.0365721883 0.493700502 -3.58997503 0.0427490391 0.471346147 -3.21419988 -0.0365721883 0.493700502 -3.58997503 -0.0912937246 0.457725094 -3.70770951 -0.0912937246 0.457725094 -3.70770951 0.0211452595 0.449529504 -3.86490015 -0.0912937246 0.457725094 -3.70770951 0.00983941518 0.514327626 -4.04394783 -0.0912937246 0.457725094 -3.70770951 0.0211452595 0.449529504 -3.86490015 -0.0365721883 0.493700502 -3.58997503 0.0226086349 0.464760966 -3.53855193 -0.0365721883 0.493700502 -3.58997503 0.0211452595 0.449529504 -3.86490015 0.0365790323 0.439042433 -3.36700271 -0.0385788674 1.56400535 -3.0865746 0.0157611734 1.83720019 -3.15928735 -0.0438695241 1.89769943 -2.88267859 0.0789038548 1.76567635 -3.32075513 0.0389396639 1.63019683 -3.26115126 -0.0371720577 1.3150162 -3.02269695 0.000161293667 2.10968848 -3.15293879 0.0298769388 2.0662511 -3.33793417 0.120004187 1.85484535 -3.50577965 0.116528438 1.63947687 -3.44076341 0.0235825225 1.34664095 -3.14836118 -0.0431821079 0.944986206 -2.98128951 0.104134419 1.39869029 -3.38955633 0.0918320743 1.23032377 -3.40888578 0.15993272 1.49127619 -3.63075169 0.192406164 1.32641777 -3.6636165 0.189446611 1.46079203 -3.74491319 -0.00819791731 1.46145525 -3.77435772 0.189446611 1.46079203 -3.74491319 0.192406164 1.32641777 -3.6636165 0.143789025 1.59651908 -3.84830428 0.199396005 1.7140749 -3.93279843 0.143789025 1.59651908 -3.84830428 0.199396005 1.7140749 -3.93279843 0.195640568 1.65705416 -3.76311831 0.227020464 1.7890421 -3.81495718 0.136802359 1.66070112 -3.57187725 0.115781135 2.06312439 -3.53786796 0.177562185 1.87961374 -3.62131256 0.168202348 2.10615767 -3.85153222 0.143789025 1.59651908 -3.84830428 0.195640568 1.65705416 -3.76311831 0.189446611 1.46079203 -3.74491319 0.0446904777 1.17556136 -3.33402791 -0.0431821079 0.944986206 -2.98128951 -0.0376413653 0.995938023 -3.1453988 -0.0431821079 0.944986206 -2.98128951 0.0446904777 1.17556136 -3.33402791 0.0918320743 1.23032377 -3.40888578 0.104926169 1.20491374 -3.4671129 0.0446904777 1.17556136 -3.33402791 0.104926169 1.20491374 -3.4671129 -0.00819791731 1.46145525 -3.77435772 0.104926169 1.20491374 -3.4671129 -0.0184682071 1.29433568 -3.63219227 0.0446904777 1.17556136 -3.33402791 -0.0184682071 1.29433568 -3.63219227 0.104926169 1.20491374 -3.4671129 -0.0184682071 1.29433568 -3.63219227 0.0446904777 1.17556136 -3.33402791 -0.0213229536 1.11772703 -3.29466948 -0.0376413653 0.995938023 -3.1453988 -0.0189506127 1.68738241 -4.05754816 -0.0193005034 1.95560157 -4.17226781 0.216864278 1.88980164 -4.02517579 -0.000626543575 2.19205676 -4.01985395 0.216864278 1.88980164 -4.02517579 -0.0193005034 1.95560157 -4.17226781 0.128512 2.16804531 -3.9628824 0.245166412 1.93407302 -3.92113568 -0.167995867 2.10138592 -3.85891657 -0.12826013 2.17154074 -3.96163859 -0.216746527 1.88980137 -4.02519188 -0.000626543575 2.19205676 -4.01985395 -0.216746527 1.88980137 -4.02519188 -0.12826013 2.17154074 -3.96163859 0.0193380912 1.95559733 -4.17227194 -0.216746527 1.88980137 -4.02519188 0.0193380912 1.95559733 -4.17227194 -0.199255294 1.71407686 -3.93281897 0.0190075261 1.68738596 -4.05755528 0.00834296569 1.46145612 -3.77435853 -0.244983639 1.93407102 -3.92116323 -0.199255294 1.71407686 -3.93281897 -0.226812361 1.78907703 -3.81505278 -0.177827217 1.88344665 -3.6244815 -0.136425792 1.66055143 -3.57168242 -0.116173573 1.63944202 -3.44075241 -0.119470543 1.85268384 -3.50469178 -0.10427905 2.03779671 -3.57568832 -0.0248781497 2.0657429 -3.32772912 -0.0153069487 1.83703998 -3.15927396 -0.0785096836 1.76567899 -3.32077212 -0.0385348055 1.63019316 -3.26116887 -0.0231926565 1.3466332 -3.14837829 -0.103816432 1.39868255 -3.38958823 -0.159686898 1.49126964 -3.63078098 -0.195422613 1.65705199 -3.76315217 -0.143641406 1.59651964 -3.84830907 -0.143641406 1.59651964 -3.84830907 -0.189268204 1.46079058 -3.74493021 -0.192226959 1.32641765 -3.66363038 -0.189268204 1.46079058 -3.74493021 -0.192226959 1.32641765 -3.66363038 -0.0915604286 1.23031439 -3.40890393 0.0434998215 0.944975047 -2.98131568 0.0375932766 1.31500819 -3.02271094 0.0390256221 1.56400192 -3.0865902 0.0443951766 1.89769852 -2.88269883 0.000161293667 2.10968848 -3.15293879 -0.143641406 1.59651964 -3.84830907 -0.189268204 1.46079058 -3.74493021 -0.195422613 1.65705199 -3.76315217 0.0379208346 0.995932718 -3.14542006 0.0434998215 0.944975047 -2.98131568 -0.044417692 1.17555887 -3.33404773 -0.0915604286 1.23031439 -3.40890393 -0.044417692 1.17555887 -3.33404773 0.0434998215 0.944975047 -2.98131568 -0.044417692 1.17555887 -3.33404773 -0.104699334 1.20491364 -3.46712699 -0.104699334 1.20491364 -3.46712699 0.01863934 1.29433725 -3.63219707 -0.104699334 1.20491364 -3.46712699 0.00834296569 1.46145612 -3.77435853 -0.104699334 1.20491364 -3.46712699 0.01863934 1.29433725 -3.63219707 -0.044417692 1.17555887 -3.33404773 0.0215796375 1.11772783 -3.29467611 -0.044417692 1.17555887 -3.33404773 0.01863934 1.29433725 -3.63219707 0.0379208346 0.995932718 -3.14542006 -0.0387069884 2.0031109 -2.229592 0.0263366917 2.33063725 -2.14347406 -0.043685834 2.232379 -1.8257068 0.0969767989 2.35952049 -2.35290727 0.0528735006 2.17532686 -2.3684439 -0.0371066922 1.71202585 -2.31067835 0.000334359066 2.59731334 -1.97397791 0.0429973227 2.6674989 -2.19149282 0.148719594 2.54795282 -2.48677248 0.14468105 2.29239788 -2.54665921 0.034760189 1.81926587 -2.42051597 -0.0438606535 1.31455368 -2.48448894 0.130211771 2.01936572 -2.63514535 0.0605300134 1.75619904 -2.6992184 0.113561439 1.85184235 -2.75143445 0.12490577 1.86177058 -2.82029565 0.231931494 2.11260129 -2.95942868 -0.00694695699 2.32733577 -2.99466824 0.231931494 2.11260129 -2.95942868 0.12490577 1.86177058 -2.82029565 0.231931494 2.11260129 -2.95942868 -0.00694695699 2.32733577 -2.99466824 0.230036162 2.30786561 -2.96396933 0.173026243 2.512523 -2.99094791 0.230036162 2.30786561 -2.96396933 0.173026243 2.512523 -2.99094791 0.239007872 2.50735419 -2.85998011 0.195826546 2.25380921 -2.82748646 0.230036162 2.30786561 -2.96396933 0.239007872 2.50735419 -2.85998011 0.275161331 2.67011957 -2.83875152 0.167880082 2.39032486 -2.66575728 0.217015016 2.64497049 -2.59047448 0.205606787 3.02528422 -2.69464061 0.173026243 2.512523 -2.99094791 0.242514376 2.6725136 -3.00386243 0.296323537 2.88955197 -2.86709548 0.261032548 2.91470773 -2.99871375 0.205606787 3.02528422 -2.69464061 0.296323537 2.88955197 -2.86709548 0.154942111 3.1662732 -2.77208829 -0.000869247104 3.22847344 -2.81519251 -0.0209548201 3.07363104 -3.11198324 0.242514376 2.6725136 -3.00386243 -0.0209548201 3.07363104 -3.11198324 0.261032548 2.91470773 -2.99871375 -0.016936024 2.72517321 -3.14964024 0.261032548 2.91470773 -2.99871375 -0.00694695699 2.32733577 -2.99466824 0.12490577 1.86177058 -2.82029565 -0.0167145108 2.06981347 -2.94644939 0.0605300134 1.75619904 -2.6992184 -0.0167145108 2.06981347 -2.94644939 0.12490577 1.86177058 -2.82029565 -0.0167145108 2.06981347 -2.94644939 0.0605300134 1.75619904 -2.6992184 -0.0182034115 1.68441608 -2.70232885 -0.0362727019 1.46719179 -2.61824258 -0.0362727019 1.46719179 -2.61824258 0.143339496 2.77849978 -2.39621022 -0.242390541 2.67252053 -3.0038809 -0.274953056 2.6701839 -2.83878796 -0.296150912 2.88955925 -2.86712553 -0.205598544 3.02389899 -2.70680407 -0.260937334 2.9147111 -2.99872995 -0.155097865 3.16920538 -2.7680016 -0.000869247104 3.22847344 -2.81519251 -0.260937334 2.9147111 -2.99872995 -0.155097865 3.16920538 -2.7680016 0.0209582056 3.07362755 -3.11199232 -0.260937334 2.9147111 -2.99872995 0.0209582056 3.07362755 -3.11199232 -0.242390541 2.67252053 -3.0038809 0.0169601574 2.72517633 -3.14964283 0.00707614416 2.32733663 -2.99466832 -0.172894934 2.5125255 -2.99095237 -0.238790742 2.50736145 -2.86001425 -0.172894934 2.5125255 -2.99095237 -0.238790742 2.50736145 -2.86001425 -0.172894934 2.5125255 -2.99095237 -0.229868007 2.30786921 -2.96398814 -0.229868007 2.30786921 -2.96398814 -0.231761861 2.11260548 -2.959444 -0.124678301 1.86177643 -2.82031088 -0.231761861 2.11260548 -2.959444 0.00707614416 2.32733663 -2.99466832 -0.231761861 2.11260548 -2.959444 -0.124678301 1.86177643 -2.82031088 -0.113282531 1.85183952 -2.75146089 -0.0602492182 1.7562044 -2.69923708 -0.129878325 2.0193684 -2.63518511 0.0441932963 1.31455268 -2.48452759 -0.0343430177 1.81926438 -2.42054046 0.0375604621 1.71202294 -2.31069967 -0.0524379663 2.17532836 -2.36846471 0.0391915382 2.00311248 -2.2296106 -0.0258576515 2.33051092 -2.14360335 0.0442630143 2.23238307 -1.82572786 -0.037468221 2.66243817 -2.1820922 0.000334359066 2.59731334 -1.97397791 -0.1955782 2.25381241 -2.827523 -0.229868007 2.30786921 -2.96398814 -0.167511281 2.39014668 -2.66571322 -0.217605714 2.65079024 -2.59216034 -0.144310844 2.29237616 -2.54668076 -0.0965549073 2.35952756 -2.35292324 -0.148363361 2.54615873 -2.48718886 -0.12994177 2.77488741 -2.44993657 0.0365608685 1.46719439 -2.61826632 0.0365608685 1.46719439 -2.61826632 -0.0602492182 1.7562044 -2.69923708 0.0184627167 1.68441807 -2.70233261 0.0168737139 2.0698156 -2.94645192 -0.124678301 1.86177643 -2.82031088 0.0168737139 2.0698156 -2.94645192 -0.0602492182 1.7562044 -2.69923708 0.0168737139 2.0698156 -2.94645192 -0.124678301 1.86177643 -2.82031088 0.00707614416 2.32733663 -2.99466832 -0.0403762177 1.26418455 -1.57271134 0.00781391038 1.44261868 -1.39556106 -0.0442310318 1.26278412 -1.22531865 0.0630687256 1.5467194 -1.50067537 0.0276477873 1.42581524 -1.59923022 -0.0387087027 1.10679958 -1.73543803 0.000369108813 1.54480179 -1.20615032 0.0207910135 1.6758438 -1.30536724 0.0996269545 1.70867771 -1.54060808 0.0957816332 1.56770744 -1.66967818 0.0144192967 1.21652453 -1.76543056 -0.0440215923 0.920397779 -1.98553687 0.0847141929 1.42642369 -1.82272511 0.0403760347 1.28602741 -1.94029381 0.07324953 1.3637673 -1.9562321 0.0886443644 1.4003484 -1.97881214 0.163139008 1.61198888 -1.9818488 -0.00671588969 1.76566634 -1.91742224 0.163139008 1.61198888 -1.9818488 0.0886443644 1.4003484 -1.97881214 0.163139008 1.61198888 -1.9818488 -0.00671588969 1.76566634 -1.91742224 0.161724607 1.73817046 -1.912682 0.124802527 1.88278571 -1.84720698 0.161724607 1.73817046 -1.912682 0.124802527 1.88278571 -1.84720698 0.16652195 1.82550726 -1.77701805 0.133587119 1.64750119 -1.86308452 0.161724607 1.73817046 -1.912682 0.16652195 1.82550726 -1.77701805 0.192229713 1.92026598 -1.71129926 0.133587119 1.64750119 -1.86308452 0.16652195 1.82550726 -1.77701805 0.112536111 1.67535278 -1.70540783 0.192229713 1.92026598 -1.71129926 0.149407086 1.81069985 -1.56656321 0.140685872 2.09529121 -1.4914223 0.124802527 1.88278571 -1.84720698 0.172110486 1.98844507 -1.80076505 0.208252042 2.07025866 -1.65397633 0.208252042 2.07025866 -1.65397633 0.183491845 2.13747245 -1.71691065 0.140685872 2.09529121 -1.4914223 0.208252042 2.07025866 -1.65397633 0.105303252 2.21208292 -1.48724619 -0.00118163614 2.26549443 -1.48838531 -0.0242024448 2.27950889 -1.73308979 0.172110486 1.98844507 -1.80076505 -0.0242024448 2.27950889 -1.73308979 0.183491845 2.13747245 -1.71691065 -0.0171692112 2.07668184 -1.87163479 0.183491845 2.13747245 -1.71691065 -0.00671588969 1.76566634 -1.91742224 0.0886443644 1.4003484 -1.97881214 -0.0165835381 1.58193206 -1.98319328 0.0403760347 1.28602741 -1.94029381 -0.0165835381 1.58193206 -1.98319328 0.0886443644 1.4003484 -1.97881214 -0.0165835381 1.58193206 -1.98319328 0.0403760347 1.28602741 -1.94029381 -0.016609579 1.24441449 -1.96857361 -0.0340459715 1.07070671 -1.99907854 -0.0440215923 0.920397779 -1.98553687 -0.0340459715 1.07070671 -1.99907854 0.0403760347 1.28602741 -1.94029381 0.0952830704 1.82326833 -1.39573844 -0.171955691 1.98845517 -1.80077689 -0.192012702 1.92030317 -1.71125669 -0.208063404 2.07027307 -1.65399952 -0.141446688 2.09754069 -1.50482424 -0.208063404 2.07027307 -1.65399952 -0.192012702 1.92030317 -1.71125669 -0.183358786 2.13747951 -1.71692375 -0.104987089 2.2135269 -1.47960053 -0.00118163614 2.26549443 -1.48838531 -0.183358786 2.13747951 -1.71692375 -0.104987089 2.2135269 -1.47960053 0.0242682831 2.2795095 -1.73310493 -0.183358786 2.13747951 -1.71692375 0.0242682831 2.2795095 -1.73310493 -0.171955691 1.98845517 -1.80077689 0.0172489783 2.07668529 -1.87163587 0.00687280122 1.7656668 -1.91742216 -0.124643165 1.88278929 -1.84720929 -0.166297443 1.82552068 -1.77704527 -0.124643165 1.88278929 -1.84720929 -0.166297443 1.82552068 -1.77704527 -0.124643165 1.88278929 -1.84720929 -0.161536452 1.73817816 -1.9126974 -0.161536452 1.73817816 -1.9126974 -0.162949769 1.61199668 -1.981862 -0.0884115321 1.40035678 -1.97882183 -0.162949769 1.61199668 -1.981862 0.00687280122 1.7656668 -1.91742216 -0.162949769 1.61199668 -1.981862 -0.0884115321 1.40035678 -1.97882183 -0.0729805393 1.36377275 -1.95626021 -0.0401047809 1.28603541 -1.94030451 -0.0844055101 1.42643632 -1.82276238 0.0443301908 0.920407222 -1.98557707 -0.0140504171 1.21653029 -1.76545775 0.0391044365 1.10680315 -1.73546414 -0.0272644883 1.42582264 -1.59925084 0.0407963022 1.26419132 -1.57272986 -0.00741198159 1.44255232 -1.39582793 0.0447210743 1.26279277 -1.22533684 -0.016696574 1.66933345 -1.30127284 0.000369108813 1.54480179 -1.20615032 -0.133342953 1.64751314 -1.86311853 -0.161536452 1.73817816 -1.9126974 -0.166297443 1.82552068 -1.77704527 -0.133342953 1.64751314 -1.86311853 -0.112203727 1.67520107 -1.70554138 -0.150189605 1.81476531 -1.56775244 -0.0954471361 1.56769697 -1.66971346 -0.0626926342 1.54672863 -1.50068648 -0.0994830379 1.70708749 -1.54256587 -0.0860032206 1.84042849 -1.43405937 0.0443301908 0.920407222 -1.98557707 -0.0401047809 1.28603541 -1.94030451 0.0343240311 1.07071443 -1.99909726 0.0343240311 1.07071443 -1.99909726 -0.0401047809 1.28603541 -1.94030451 0.0168637373 1.2444169 -1.9685756 0.0167633605 1.58193411 -1.98319461 -0.0884115321 1.40035678 -1.97882183 0.0167633605 1.58193411 -1.98319461 -0.0401047809 1.28603541 -1.94030451 0.0167633605 1.58193411 -1.98319461 -0.0884115321 1.40035678 -1.97882183 0.00687280122 1.7656668 -1.91742216 -0.0418496594 0.787935746 -0.895551513 0.0146514069 0.867072509 -0.623129173 -0.044620328 0.592732268 -0.558335455 0.0793249787 1.04939318 -0.669429778 0.0361576318 0.963614113 -0.832302898 -0.0404715503 0.723880363 -1.1492076 0.000369473458 0.846279254 -0.379715119 0.0284938645 1.04334756 -0.399451398 0.118070445 1.20932533 -0.612218814 0.115113819 1.14723111 -0.822039178 0.020981262 0.851178685 -1.11668178 -0.043637348 0.69447036 -1.50914508 0.10347988 1.09943986 -1.05601834 0.051473614 1.04535431 -1.25663027 0.0900484252 1.11002405 -1.21867446 0.1059708 1.18229627 -1.22980527 0.193183318 1.38811792 -1.11084537 -0.00750363873 1.51485032 -0.960458439 0.193183318 1.38811792 -1.11084537 0.1059708 1.18229627 -1.22980527 0.193183318 1.38811792 -1.11084537 -0.00750363873 1.51485032 -0.960458439 0.190573353 1.47541023 -0.972577161 0.145093663 1.58903803 -0.824418464 0.190573353 1.47541023 -0.972577161 0.145093663 1.58903803 -0.824418464 0.196383631 1.48133335 -0.787940412 0.158790417 1.33851136 -0.968140017 0.190573353 1.47541023 -0.972577161 0.196383631 1.48133335 -0.787940412 0.226801966 1.52861264 -0.66546429 0.134705135 1.27593168 -0.795481935 0.176120794 1.32801236 -0.579479978 0.167715564 1.57913737 -0.351833892 0.145093663 1.58903803 -0.824418464 0.20109923 1.66329963 -0.71777458 0.245249249 1.64126208 -0.525198675 0.214032692 1.7601051 -0.555171246 0.125744932 1.70254558 -0.293571296 -0.00114017804 1.76136081 -0.26938204 -0.0256748583 1.9121986 -0.492647433 0.20109923 1.66329963 -0.71777458 -0.0256748583 1.9121986 -0.492647433 0.214032692 1.7601051 -0.555171246 -0.0195502688 1.79509378 -0.73976272 -0.00750363873 1.51485032 -0.960458439 0.1059708 1.18229627 -1.22980527 -0.0181256826 1.36942647 -1.13144494 0.051473614 1.04535431 -1.25663027 -0.0181256826 1.36942647 -1.13144494 0.1059708 1.18229627 -1.22980527 -0.0181256826 1.36942647 -1.13144494 0.051473614 1.04535431 -1.25663027 -0.0171035069 1.02651975 -1.30925562 -0.0330845079 0.864268711 -1.4376591 -0.0330845079 0.864268711 -1.4376591 0.112916433 1.23976945 -0.402274332 -0.200960485 1.6633111 -0.717778374 -0.226587253 1.52862195 -0.665413215 -0.245067143 1.64127991 -0.525208321 -0.168979335 1.58420936 -0.362975994 -0.213918086 1.76011459 -0.555176845 -0.124247619 1.70048026 -0.284409858 -0.00114017804 1.76136081 -0.26938204 -0.213918086 1.76011459 -0.555176845 -0.124247619 1.70048026 -0.284409858 0.0257132577 1.91220447 -0.492660129 -0.213918086 1.76011459 -0.555176845 0.0257132577 1.91220447 -0.492660129 -0.200960485 1.6633111 -0.717778374 0.0196062603 1.79509743 -0.739761464 0.00764842641 1.51485097 -0.960457961 -0.144948077 1.5890417 -0.824417866 -0.196164376 1.48135107 -0.78795563 -0.144948077 1.5890417 -0.824417866 -0.196164376 1.48135107 -0.78795563 -0.144948077 1.5890417 -0.824417866 -0.190395276 1.47542007 -0.972585416 -0.190395276 1.47542007 -0.972585416 -0.193002282 1.38812761 -1.1108528 -0.105742131 1.18230426 -1.22980862 -0.193002282 1.38812761 -1.1108528 0.00764842641 1.51485097 -0.960457961 -0.193002282 1.38812761 -1.1108528 -0.105742131 1.18230426 -1.22980862 -0.0897720761 1.11003663 -1.218696 -0.051199949 1.04536243 -1.25663479 -0.103159079 1.09945891 -1.05604286 0.0439565249 0.694487833 -1.50917539 -0.0205900633 0.851191382 -1.116704 0.0408933436 0.72389157 -1.14923103 -0.0357506883 0.963626096 -0.832316593 0.0422987525 0.787946847 -0.895563704 -0.0142153724 0.867099709 -0.623483532 0.0451478289 0.592743565 -0.558344645 -0.0241472423 1.03531301 -0.39957889 0.000369473458 0.846279254 -0.379715119 -0.158542274 1.33852973 -0.968162372 -0.190395276 1.47542007 -0.972585416 -0.134358336 1.27585691 -0.795748397 -0.176613491 1.33157849 -0.578359716 -0.114762143 1.14722867 -0.822084313 -0.0789300952 1.04940392 -0.669434326 -0.117981414 1.20850568 -0.616433628 -0.101866866 1.27756347 -0.431259404 0.0333654915 0.864279103 -1.4376707 0.0333654915 0.864279103 -1.4376707 -0.051199949 1.04536243 -1.25663479 0.0173590136 1.02652256 -1.30925645 0.0182962286 1.36942912 -1.13144483 -0.105742131 1.18230426 -1.22980862 0.0182962286 1.36942912 -1.13144483 -0.051199949 1.04536243 -1.25663479 0.0182962286 1.36942912 -1.13144483 -0.105742131 1.18230426 -1.22980862 0.00764842641 1.51485097 -0.960457961 0.0545249287 -0.365245484 1.18208061 0.0653131071 -0.194633589 0.774334354 0.124519534 -0.17223531 1.08962824 0.0285203254 -0.707620128 1.69665383 0.0259683552 -0.599065592 1.39169628 0.000605027279 -1.03612709 2.0674305 0.0468900268 -0.736646295 1.7950693 0.0825874871 -0.49541124 1.60519794 0.118967238 -0.25362461 1.31298021 0.1357377 -0.0139955017 0.996024404 0.126982758 -0.036644152 0.608369421 0.0202969727 -0.237117024 0.495170495 -0.0353360703 -0.113680014 0.204528078 0.000281392657 -0.328249364 0.118906303 -0.00443681388 -0.330566974 0.529822327 0.0403993369 -0.105708599 0.210121164 -0.00443681388 -0.330566974 0.529822327 0.000281392657 -0.328249364 0.118906303 0.139795427 0.0956443084 0.324976489 0.249741042 0.199423784 0.77589005 0.154257067 0.131290167 1.01198804 0.0607312268 -0.291531369 1.46635895 0.0706223093 -0.563020738 1.71766843 0.0294952167 -0.802895635 1.8834793 0.00334250981 -1.26167761 2.3044549 0.000605027279 -1.03612709 2.0674305 0.0294952167 -0.802895635 1.8834793 0.000605027279 -1.03612709 2.0674305 0.00334250981 -1.26167761 2.3044549 0.0173841266 -0.865114126 1.83776317 -0.00114976614 -0.986712799 2.03545803 0.0173841266 -0.865114126 1.83776317 0.00334250981 -1.26167761 2.3044549 0.214810287 0.292980062 0.192263423 0.205668056 0.419685395 0.565682564 0.155844172 0.516033495 0.692697091 0.0731427174 0.350239094 0.965084306 -0.000757388599 0.566730426 0.750765497 0.129690716 0.195386543 1.17318669 -0.00177823989 0.338800719 1.06487989 0.129690716 0.195386543 1.17318669 -0.000757388599 0.566730426 0.750765497 -0.0179554957 -0.116520926 1.52957589 0.0565030108 -0.252814437 1.62380906 -0.0126057085 -0.636537177 1.92621766 0.0565030108 -0.252814437 1.62380906 -0.0126057085 -0.636537177 1.92621766 0.016999455 -0.876305695 2.04381065 0.00334250981 -1.26167761 2.3044549 0.016999455 -0.876305695 2.04381065 0.00334250981 -1.26167761 2.3044549 0.0565030108 -0.252814437 1.62380906 -0.028657032 -0.831996747 1.9576208 -0.0397065989 -0.831884056 1.91766762 -0.0447194856 -0.499647848 1.73592711 -0.084429131 -0.185796522 1.5007241 -0.0628478125 -0.020120489 1.41992882 -0.132005832 0.0570151013 1.19289694 -0.108824857 0.234045541 1.15039233 -0.163689483 0.306981346 0.970692057 -0.137353536 -0.00449309833 0.982911057 -0.105986205 -0.176151838 1.30060988 -0.0123940538 -0.747005264 1.97853991 -0.0126057085 -0.636537177 1.92621766 -0.0179554957 -0.116520926 1.52957589 -0.0628478125 -0.020120489 1.41992882 -0.0126057085 -0.636537177 1.92621766 -0.108824857 0.234045541 1.15039233 -0.00177823989 0.338800719 1.06487989 -0.163689483 0.306981346 0.970692057 -0.000757388599 0.566730426 0.750765497 -0.15426493 0.511925657 0.697856631 -0.206672326 0.426329516 0.559387412 -0.15426493 0.511925657 0.697856631 -0.173899944 0.227510119 0.765136464 -0.196450235 0.149563883 0.671397687 -0.0998107972 0.00300508361 0.604662668 -0.125985953 0.149210609 0.318773293 -0.0311156723 -0.229763219 0.624002774 -0.214887965 0.293918935 0.196359473 -0.0279087438 -0.829565635 1.85635597 -0.0369152043 -0.433479179 1.22886929 -0.0785791459 -0.210700973 1.04256335 -0.0905501445 -0.0180959387 0.744808953 -0.0312266534 -0.335318579 0.971523478 -0.0111312771 -0.371895557 0.78639032 -0.0111312771 -0.371895557 0.78639032 -0.0097000981 -0.313193642 0.808338927 0.0238690647 -0.424032757 1.08719056 0.0113990065 -0.597993562 1.38520066 0.0076104402 -0.511777065 1.19114377 0.0113990065 -0.597993562 1.38520066 0.0076104402 -0.511777065 1.19114377 0.0259683552 -0.599065592 1.39169628 0.0076104402 -0.511777065 1.19114377 0.0173841266 -0.865114126 1.83776317 0.0113990065 -0.597993562 1.38520066 0.000605027279 -1.03612709 2.0674305 0.000605027279 -1.03612709 2.0674305 0.0306636961 -1.51816522 -0.242508279 0.0389001332 -1.25750282 -0.440290455 0.0813706727 -1.36039906 -0.234848771 0.0118052326 -1.92838424 -0.0380065112 0.0127642516 -1.74475388 -0.18798186 -0.00697394672 -2.27556226 0.0822273423 0.0237859103 -1.98481009 0.00912667679 0.0497929654 -1.76003371 -0.0259515126 0.0764196213 -1.4978207 -0.131212743 0.0891285211 -1.22559845 -0.238254047 0.0845654864 -1.09463412 -0.488375288 0.00649699536 -1.18133531 -0.632574354 -0.01529919 -0.995109792 -0.780393432 9.25968559e-05 -1.10012287 -0.899733351 -0.00254177565 -1.25561544 -0.634060237 0.0195902981 -0.991739004 -0.772053611 -0.00254177565 -1.25561544 -0.634060237 9.25968559e-05 -1.10012287 -0.899733351 0.0946134442 -0.904166954 -0.620124426 0.173840103 -1.00848407 -0.312663127 0.1032645 -1.14085735 -0.187858407 0.0345155632 -1.58075477 -0.0551875829 0.0764196213 -1.4978207 -0.131212743 0.1032645 -1.14085735 -0.187858407 0.0497929654 -1.76003371 -0.0259515126 0.0408554443 -1.84733576 0.0105282343 0.0408554443 -1.84733576 0.0105282343 0.00999782345 -2.06204881 0.0333127191 0.0237859103 -1.98481009 0.00912667679 0.00999782345 -2.06204881 0.0333127191 -0.00697394672 -2.27556226 0.0822273423 0.00244839403 -2.50608051 0.132517342 -0.00697394672 -2.27556226 0.0822273423 0.00999782345 -2.06204881 0.0333127191 -0.00697394672 -2.27556226 0.0822273423 0.00244839403 -2.50608051 0.132517342 0.0162995311 -2.08001172 0.00283534052 0.010579512 -2.2351011 0.068897983 0.0162995311 -2.08001172 0.00283534052 0.00244839403 -2.50608051 0.132517342 0.148626122 -0.727973772 -0.637927631 0.141230675 -0.789700231 -0.366485864 0.173840103 -1.00848407 -0.312663127 0.141230675 -0.789700231 -0.366485864 0.1032645 -1.14085735 -0.187858407 0.108963354 -0.778948491 -0.261058769 0.0425640275 -0.980362359 -0.13189011 -0.000568351491 -0.769502896 -0.209139236 0.0425640275 -0.980362359 -0.13189011 0.108963354 -0.778948491 -0.261058769 -0.00149832924 -1.03079608 -0.0923666815 0.0888351511 -1.16079555 -0.0707239576 -0.0128794535 -1.49702361 0.0377073643 0.0339261688 -1.6178683 0.0538339817 -0.00603650313 -1.97843278 0.100650044 0.0339261688 -1.6178683 0.0538339817 -0.00603650313 -1.97843278 0.100650044 0.00377815253 -2.17339578 0.0939332542 0.00244839403 -2.50608051 0.132517342 0.0345155632 -1.58075477 -0.0551875829 0.0888351511 -1.16079555 -0.0707239576 0.00244839403 -2.50608051 0.132517342 -0.0103195849 -2.10993841 0.0613644521 0.010579512 -2.2351011 0.068897983 0.010579512 -2.2351011 0.068897983 -0.0103195849 -2.10993841 0.0613644521 -0.0175884551 -2.09288144 0.0471343571 -0.0224179848 -1.81481305 0.0413393648 -0.053032693 -1.5272804 0.00300096717 -0.0426029409 -1.39345361 0.00452128604 -0.0866093545 -1.25509444 -0.0985099783 -0.0758613252 -1.12867702 -0.0740414358 -0.112288713 -1.01339611 -0.155942018 -0.0905286618 -1.2142008 -0.241831208 -0.0668190756 -1.44248381 -0.105616745 0.00244839403 -2.50608051 0.132517342 -0.00108435681 -2.0658706 0.0987295548 -0.00603650313 -1.97843278 0.100650044 -0.0128794535 -1.49702361 0.0377073643 -0.0426029409 -1.39345361 0.00452128604 -0.00603650313 -1.97843278 0.100650044 -0.0758613252 -1.12867702 -0.0740414358 -0.00149832924 -1.03079608 -0.0923666815 -0.112288713 -1.01339611 -0.155942018 -0.000568351491 -0.769502896 -0.209139236 -0.108025504 -0.782848592 -0.25963907 -0.141548061 -0.782994669 -0.366101143 -0.108025504 -0.782848592 -0.25963907 -0.117231879 -0.986268672 -0.306855274 -0.134026004 -0.999806797 -0.387624817 -0.0639438557 -1.06801167 -0.477203462 -0.0844920833 -0.867768809 -0.603447339 -0.0129086078 -1.22458768 -0.551520739 -0.148682497 -0.729093687 -0.634696974 0.0162995311 -2.08001172 0.00283534052 -0.0132901935 -2.06519127 0.0234342666 -0.0180113561 -1.5790126 -0.236574618 -0.0480207383 -1.3672387 -0.276207923 -0.0570514737 -1.13361353 -0.394976023 -0.0135033671 -1.42091439 -0.366032993 -0.00920846378 -1.37678803 -0.485387905 -0.00920846378 -1.37678803 -0.485387905 -0.0157101933 -1.34607938 -0.459794033 0.0116369785 -1.51870228 -0.318450326 0.0108303859 -1.741407 -0.187511031 0.0076010128 -1.6143908 -0.279622755 0.0127642516 -1.74475388 -0.18798186 0.0076010128 -1.6143908 -0.279622755 0.0162995311 -2.08001172 0.00283534052 0.0108303859 -1.741407 -0.187511031 -0.00697394672 -2.27556226 0.0822273423 -0.00697394672 -2.27556226 0.0822273423 0.0423148663 -2.71612811 -1.17590564 0.0522352831 -2.34541277 -1.22145301 0.100151195 -2.56598513 -1.07849715 0.0204594049 -3.23834776 -1.20872047 0.0202835813 -2.96630047 -1.25387709 -0.00224846072 -3.64689384 -1.28989119 0.0342143653 -3.32550732 -1.19393217 0.0638748097 -3.08395886 -1.10032541 0.0938758681 -2.7695238 -1.05431521 0.108869836 -2.43438892 -1.00409866 0.104400824 -2.15676126 -1.17604364 0.0150413362 -2.15928416 -1.36882617 -0.0248770981 -1.89333271 -1.40846276 0.000162394264 -1.93727827 -1.58325259 -0.00316222116 -2.2336415 -1.41501357 0.0298780506 -1.89384061 -1.3982574 -0.00316222116 -2.2336415 -1.41501357 0.000162394264 -1.93727827 -1.58325259 0.115782129 -1.8907141 -1.1983233 0.205198198 -2.18245338 -0.95477208 0.1239453 -2.38788172 -0.906759815 0.0455217787 -2.89916435 -1.02787936 0.0938758681 -2.7695238 -1.05431521 0.1239453 -2.38788172 -0.906759815 0.0638748097 -3.08395886 -1.10032541 0.0529794784 -3.19879562 -1.11438376 0.0529794784 -3.19879562 -1.11438376 0.0179757268 -3.42212784 -1.21358234 0.00283633502 -3.9240944 -1.37461605 -0.00224846072 -3.64689384 -1.28989119 0.0179757268 -3.42212784 -1.21358234 -0.00224846072 -3.64689384 -1.28989119 0.00283633502 -3.9240944 -1.37461605 0.0137856771 -3.40464344 -1.25708408 0.0051330143 -3.60944993 -1.27771708 0.0137856771 -3.40464344 -1.25708408 0.00283633502 -3.9240944 -1.37461605 0.177563087 -1.70720353 -1.11487901 0.168203358 -1.93374751 -0.884659054 0.128513084 -1.99563509 -0.773309121 0.0549939331 -2.24668482 -0.766942683 -0.000625417279 -2.0196468 -0.716337356 0.106617611 -2.47847512 -0.803037226 -0.00139073184 -2.34317783 -0.74955028 0.106617611 -2.47847512 -0.803037226 -0.000625417279 -2.0196468 -0.716337356 -0.0148026823 -2.8820753 -0.887941632 0.0435851891 -3.005956 -0.94179262 -0.00923494506 -3.39520182 -1.10159258 0.0435851891 -3.005956 -0.94179262 -0.00923494506 -3.39520182 -1.10159258 0.00864951464 -3.57916797 -1.21905186 0.00283633502 -3.9240944 -1.37461605 0.0455217787 -2.89916435 -1.02787936 0.00283633502 -3.9240944 -1.37461605 -0.0173234133 -3.49163236 -1.21333625 0.0051330143 -3.60944993 -1.27771708 0.0051330143 -3.60944993 -1.27771708 -0.0173234133 -3.49163236 -1.21333625 -0.0268560981 -3.45853185 -1.21845261 -0.0313477721 -3.18772881 -1.06541077 -0.0657832963 -2.88386939 -0.939181028 -0.0521152401 -2.75805567 -0.861842878 -0.105391797 -2.54988277 -0.884213913 -0.0902598669 -2.44896323 -0.78768468 -0.134589873 -2.28047017 -0.80398993 -0.110617193 -2.41931661 -1.0013683 -0.0833305641 -2.72572597 -0.996888926 0.00283633502 -3.9240944 -1.37461605 -0.00573053093 -3.47500587 -1.15280088 -0.00923494506 -3.39520182 -1.10159258 -0.0148026823 -2.8820753 -0.887941632 -0.0521152401 -2.75805567 -0.861842878 -0.00923494506 -3.39520182 -1.10159258 -0.0902598669 -2.44896323 -0.78768468 -0.00139073184 -2.34317783 -0.74955028 -0.134589873 -2.28047017 -0.80398993 -0.000625417279 -2.0196468 -0.716337356 -0.128259061 -1.99913077 -0.774552697 -0.167994858 -1.92897574 -0.87727518 -0.128259061 -1.99913077 -0.774552697 -0.140540008 -2.16252444 -0.935843963 -0.160251513 -2.12545768 -1.02311906 -0.0808888597 -2.13836522 -1.14899738 -0.10427801 -1.86538659 -1.16050311 -0.0221871074 -2.24965845 -1.31351143 -0.177826332 -1.71103651 -1.11171001 0.0137856771 -3.40464344 -1.25708408 -0.0218019386 -3.40621024 -1.22671777 -0.0277552563 -2.77870512 -1.20521698 -0.0622242457 -2.54785961 -1.12281739 -0.072716739 -2.25064837 -1.10558331 -0.022800197 -2.54918358 -1.24242918 -0.0105471888 -2.43384197 -1.33893192 -0.0105471888 -2.43384197 -1.33893192 -0.0104278445 -2.42109403 -1.29200756 0.0190383686 -2.665866 -1.25373519 0.00941594369 -2.96001047 -1.25291101 0.0070010311 -2.78132639 -1.2718412 0.00941594369 -2.96001047 -1.25291101 0.0070010311 -2.78132639 -1.2718412 0.0202835813 -2.96630047 -1.25387709 0.0070010311 -2.78132639 -1.2718412 0.0137856771 -3.40464344 -1.25708408 0.00941594369 -2.96001047 -1.25291101 -0.00224846072 -3.64689384 -1.28989119 -0.00224846072 -3.64689384 -1.28989119 0.0570357946 -3.46241156 -2.80314299 0.0692729476 -3.05735011 -2.62999028 0.125767456 -3.37034868 -2.61468172 0.0308893435 -3.97435394 -3.14458183 0.0289750024 -3.6647633 -3.03080973 0.00293708057 -4.33852103 -3.46797149 0.0481758455 -4.0770582 -3.1794086 0.0832661934 -3.88808026 -2.94151632 0.118576854 -3.60154625 -2.70746773 0.136299954 -3.28249419 -2.46071416 0.130373044 -2.89189373 -2.4733496 0.0246235951 -2.77879478 -2.67188871 -0.0374662274 -2.49002732 -2.55409933 0.000336378833 -2.42490246 -2.76221384 -0.00427864546 -2.82129399 -2.76515849 0.0429993647 -2.49508779 -2.54469888 -0.00427864546 -2.82129399 -2.76515849 0.000336378833 -2.42490246 -2.76221384 0.143341607 -2.60608876 -2.3399811 0.249238948 -3.06512296 -2.26019062 0.153113566 -3.30532303 -2.33215702 0.0604722556 -3.756282 -2.75557358 0.0700601076 -4.00686636 -3.02066153 0.0293976629 -4.17154484 -3.25374962 0.00332835487 -4.58980828 -3.71739723 0.00293708057 -4.33852103 -3.46797149 0.0293976629 -4.17154484 -3.25374962 0.00293708057 -4.33852103 -3.46797149 0.00332835487 -4.58980828 -3.71739723 0.0131155471 -4.10656234 -3.29248412 -0.00208738195 -4.31895267 -3.4314865 0.0131155471 -4.10656234 -3.29248412 0.00332835487 -4.58980828 -3.71739723 0.217017052 -2.4725592 -2.145717 0.205609147 -2.85287315 -2.04155103 0.249238948 -3.06512296 -2.26019062 0.205609147 -2.85287315 -2.04155103 0.153113566 -3.30532303 -2.33215702 0.154944583 -2.99386205 -1.96410373 0.073523103 -3.23514111 -2.1137038 -0.000866720113 -3.0560623 -1.92099931 0.073523103 -3.23514111 -2.1137038 -0.000866720113 -3.0560623 -1.92099931 0.130278215 -3.46699847 -2.27907568 -0.00147386028 -3.36678336 -2.14575459 0.130278215 -3.46699847 -2.27907568 -0.000866720113 -3.0560623 -1.92099931 -0.0174017072 -3.83439393 -2.60364603 0.0565605876 -3.92275188 -2.73155192 -0.013301213 -4.2300797 -3.12269813 0.0565605876 -3.92275188 -2.73155192 -0.013301213 -4.2300797 -3.12269813 0.0154207914 -4.34223166 -3.34985102 0.00332835487 -4.58980828 -3.71739723 0.0154207914 -4.34223166 -3.34985102 0.00332835487 -4.58980828 -3.71739723 0.0565605876 -3.92275188 -2.73155192 -0.0272981256 -4.25070015 -3.29191674 -0.00208738195 -4.31895267 -3.4314865 -0.0272981256 -4.25070015 -3.29191674 -0.0398814772 -4.20335441 -3.28149776 -0.0436871735 -4.02849768 -2.96272101 -0.0831865333 -3.79648612 -2.6552149 -0.0634746762 -3.72145484 -2.50332697 -0.131573703 -3.4820645 -2.40373622 -0.108883355 -3.44957656 -2.24596661 -0.164741894 -3.26096624 -2.16418492 -0.138294365 -3.2675583 -2.44933318 -0.106368139 -3.58622334 -2.62427572 0.00332835487 -4.58980828 -3.71739723 -0.011020172 -4.27612216 -3.21959855 -0.013301213 -4.2300797 -3.12269813 -0.0174017072 -3.83439393 -2.60364603 -0.0634746762 -3.72145484 -2.50332697 -0.013301213 -4.2300797 -3.12269813 -0.108883355 -3.44957656 -2.24596661 -0.00147386028 -3.36678336 -2.14575459 -0.164741894 -3.26096624 -2.16418492 -0.000866720113 -3.0560623 -1.92099931 -0.155095437 -2.9967943 -1.9681898 -0.205596217 -2.85148837 -2.02938743 -0.155095437 -2.9967943 -1.9681898 -0.173380661 -3.05408752 -2.22832425 -0.196839924 -2.95782042 -2.2982542 -0.103029283 -2.89039633 -2.43451442 -0.129939585 -2.60247603 -2.28625513 -0.0337417639 -2.90681864 -2.66820184 -0.217603606 -2.47837958 -2.1440314 0.0131155471 -4.10656234 -3.29248412 -0.0312783069 -4.13106825 -3.26229504 -0.0396766102 -3.50769277 -2.86999308 -0.0807623431 -3.32329781 -2.64971719 -0.0935473208 -3.03038504 -2.45599902 -0.0340997728 -3.25265915 -2.77254548 -0.012065848 -3.06831244 -2.8051397 -0.012065848 -3.06831244 -2.8051397 -0.00540210276 -3.09088516 -2.74773121 0.0272797918 -3.35774673 -2.85369787 0.0090463701 -3.65452262 -3.02650947 0.00666824233 -3.46073907 -2.9405819 0.0090463701 -3.65452262 -3.02650947 0.00666824233 -3.46073907 -2.9405819 0.0289750024 -3.6647633 -3.03080973 0.00666824233 -3.46073907 -2.9405819 0.0131155471 -4.10656234 -3.29248412 0.0131155471 -4.10656234 -3.29248412 0.0289750024 -3.6647633 -3.03080973 0.00293708057 -4.33852103 -3.46797149 0.0308536033 -2.02956313 -3.9575886 0.0409181193 -1.83306835 -3.69227749 0.0816950407 -2.04112316 -3.80398355 0.0114410586 -2.23223262 -4.36755173 0.0125763175 -2.07640103 -4.17445109 -0.00717370436 -2.34795837 -4.70741289 0.0241929948 -2.28537889 -4.42821753 0.0500918396 -2.25242426 -4.20629417 0.0763792706 -2.15564622 -3.94898993 0.08978942 -2.04098753 -3.67020855 0.08578231 -1.78470346 -3.53144482 0.00787312474 -1.63803218 -3.61518662 -0.0166960106 -1.49692233 -3.43491888 0.000369562832 -1.37239088 -3.53004093 -0.00266638623 -1.62845537 -3.68017451 0.0207915575 -1.50343294 -3.43082378 -0.00266638623 -1.62845537 -3.68017451 0.000369562832 -1.37239088 -3.53004093 0.0952836842 -1.65085744 -3.3404528 0.173309858 -1.97675251 -3.46462294 0.102014806 -2.10456269 -3.60052685 0.0330466594 -2.23830098 -4.03983381 0.0402309843 -2.3004859 -4.30188282 0.0103560365 -2.31886429 -4.51036368 0.00228500848 -2.412996 -4.94472683 -0.00717370436 -2.34795837 -4.70741289 0.0103560365 -2.31886429 -4.51036368 -0.00717370436 -2.34795837 -4.70741289 0.00228500848 -2.412996 -4.94472683 0.0176839884 -2.26367885 -4.50600174 0.0100370204 -2.34720213 -4.6796326 0.0176839884 -2.26367885 -4.50600174 0.00228500848 -2.412996 -4.94472683 0.149407689 -1.63828885 -3.16962798 0.140686559 -1.92288023 -3.24476878 0.173309858 -1.97675251 -3.46462294 0.140686559 -1.92288023 -3.24476878 0.102014806 -2.10456269 -3.60052685 0.105303931 -2.03967199 -3.24894527 0.0453093749 -2.14427557 -3.45011305 -0.00118093973 -2.09308349 -3.24780607 0.0453093749 -2.14427557 -3.45011305 -0.00118093973 -2.09308349 -3.24780607 0.0869769655 -2.22791315 -3.63312956 -0.00171633892 -2.21152365 -3.51548445 0.0869769655 -2.22791315 -3.63312956 -0.00118093973 -2.09308349 -3.24780607 -0.0120563099 -2.34003463 -3.97579806 0.0328082885 -2.35110215 -4.08708327 -0.00611229895 -2.40119016 -4.4495826 0.0328082885 -2.35110215 -4.08708327 -0.00611229895 -2.40119016 -4.4495826 0.00165737291 -2.39144252 -4.63393972 0.00228500848 -2.412996 -4.94472683 -0.00863300124 -2.35642666 -4.56427373 0.0100370204 -2.34720213 -4.6796326 -0.00863300124 -2.35642666 -4.56427373 -0.0180092315 -2.32893432 -4.54044863 -0.0207129144 -2.33595332 -4.27098601 -0.0503872261 -2.30025232 -3.9879383 -0.0386710589 -2.3067861 -3.86826459 -0.0857825987 -2.19240874 -3.71062687 -0.0722107985 -2.22843933 -3.60557422 -0.111146248 -2.13938411 -3.48218152 -0.0910444954 -2.03569559 -3.65824531 -0.0671891644 -2.17622702 -3.89044972 0.00228500848 -2.412996 -4.94472683 0.00310590842 -2.39926365 -4.52638891 -0.00611229895 -2.40119016 -4.4495826 0.00310590842 -2.39926365 -4.52638891 0.00228500848 -2.412996 -4.94472683 0.00310590842 -2.39926365 -4.52638891 -0.00611229895 -2.40119016 -4.4495826 -0.0386710589 -2.3067861 -3.86826459 -0.0120563099 -2.34003463 -3.97579806 -0.0386710589 -2.3067861 -3.86826459 -0.00611229895 -2.40119016 -4.4495826 -0.0386710589 -2.3067861 -3.86826459 -0.0120563099 -2.34003463 -3.97579806 -0.0722107985 -2.22843933 -3.60557422 -0.00171633892 -2.21152365 -3.51548445 -0.111146248 -2.13938411 -3.48218152 -0.00118093973 -2.09308349 -3.24780607 -0.104986393 -2.04111594 -3.25659088 -0.141446036 -1.92512977 -3.23136695 -0.104986393 -2.04111594 -3.25659088 -0.116937351 -1.9820737 -3.43816973 -0.134426139 -1.89323544 -3.44688669 -0.0655252675 -1.79794973 -3.50552277 -0.0860026515 -1.66801732 -3.30213187 -0.0137363536 -1.72239189 -3.66358777 -0.150189078 -1.64235437 -3.16843887 0.0176839884 -2.26367885 -4.50600174 -0.0123453923 -2.28946297 -4.49940932 -0.0181478751 -2.03406741 -4.01671358 -0.0482771508 -1.9972886 -3.80821828 -0.0593045576 -1.88006951 -3.56912336 -0.0140067825 -1.90595537 -3.85898011 -0.0101203946 -1.77386808 -3.79875434 -0.0101203946 -1.77386808 -3.79875434 -0.0144230224 -1.81063121 -3.77996736 0.0112682576 -1.94533529 -3.94785561 0.0115195355 -2.07177714 -4.16390833 0.00696744843 -1.9792291 -4.03555557 0.0125763175 -2.07640103 -4.17445109 0.00696744843 -1.9792291 -4.03555557 0.0176839884 -2.26367885 -4.50600174 0.0115195355 -2.07177714 -4.16390833 -0.00717370436 -2.34795837 -4.70741289 0.0125763175 -2.07640103 -4.17445109 -0.00717370436 -2.34795837 -4.70741289 0.0115195355 -2.07177714 -4.16390833 -0.183358085 -1.96506868 -3.01926758 0.040000297 -1.09150225 -5.16216688 0.0502948758 -1.04585303 -4.78703347 0.099217692 -1.19389018 -5.01495486 0.0177191702 -1.05769972 -5.68598985 0.017052929 -1.00993952 -5.40890857 -0.0048501793 -0.975039687 -6.09395448 0.0333374289 -1.07847299 -5.7732017 0.0635026572 -1.17495755 -5.53271628 0.0942029868 -1.22969208 -5.21824956 0.108966502 -1.27144542 -4.8788051 0.102238203 -1.09092859 -4.59887942 0.0121378264 -0.895822391 -4.5984523 -0.0241459801 -0.862901998 -4.33661254 0.000370579542 -0.673868212 -4.35647618 -0.00343462311 -0.843719854 -4.65483223 0.0284951885 -0.870936531 -4.33673983 -0.00343462311 -0.843719854 -4.65483223 0.000370579542 -0.673868212 -4.35647618 0.112917871 -1.06735828 -4.33391709 0.205162592 -1.33371464 -4.63305742 0.123796274 -1.3840424 -4.83744874 0.0443259017 -1.26606495 -5.35152071 0.052906978 -1.17361292 -5.64945007 0.0184341111 -1.06839806 -5.86945205 0.00268680079 -0.913278523 -6.35993804 -0.0048501793 -0.975039687 -6.09395448 0.0184341111 -1.06839806 -5.86945205 -0.0048501793 -0.975039687 -6.09395448 0.00268680079 -0.913278523 -6.35993804 0.0195827965 -1.00379278 -5.84808893 0.00553172547 -0.996893133 -6.0568664 0.0195827965 -1.00379278 -5.84808893 0.00268680079 -0.913278523 -6.35993804 0.176122296 -1.15560132 -4.15671144 0.16771735 -1.40672627 -4.38435716 0.125746859 -1.53013452 -4.4426202 0.0573512802 -1.51648454 -4.71688806 -0.00113822852 -1.58894967 -4.46680979 0.104212377 -1.49589415 -4.93640071 -0.00193022776 -1.55263104 -4.80250665 0.104212377 -1.49589415 -4.93640071 -0.00113822852 -1.58894967 -4.46680979 -0.0145971419 -1.41688575 -5.33049748 0.042411343 -1.35898563 -5.45307227 -0.00855377272 -1.20519769 -5.83724249 0.042411343 -1.35898563 -5.45307227 -0.00855377272 -1.20519769 -5.83724249 0.00818883287 -1.08182671 -6.02221026 0.00268680079 -0.913278523 -6.35993804 -0.0169864364 -1.07920355 -5.9400997 0.00553172547 -0.996893133 -6.0568664 -0.0169864364 -1.07920355 -5.9400997 -0.0271091586 -1.06080163 -5.90595278 -0.030676354 -1.22881103 -5.63636346 -0.0643984684 -1.35904734 -5.33160735 -0.0474860817 -1.44300241 -5.20823332 -0.104998661 -1.40680579 -5.00022707 -0.0864706217 -1.51448935 -4.90560013 -0.132369158 -1.49279993 -4.7382206 -0.110206109 -1.27236371 -4.86487171 -0.0833122572 -1.28093267 -5.17444324 0.00268680079 -0.913278523 -6.35993804 -0.00296000887 -1.15011116 -5.92112378 -0.00855377272 -1.20519769 -5.83724249 -0.0145971419 -1.41688575 -5.33049748 -0.0474860817 -1.44300241 -5.20823332 -0.00855377272 -1.20519769 -5.83724249 -0.0864706217 -1.51448935 -4.90560013 -0.00193022776 -1.55263104 -4.80250665 -0.132369158 -1.49279993 -4.7382206 -0.00113822852 -1.58894967 -4.46680979 -0.124245666 -1.52806952 -4.45178166 -0.168977583 -1.41179861 -4.37321553 -0.124245666 -1.52806952 -4.45178166 -0.140760915 -1.35113822 -4.61139472 -0.160250539 -1.25363674 -4.57243181 -0.0792505339 -1.11903323 -4.5798859 -0.101865333 -1.10515262 -4.30493208 -0.0203911906 -0.954933124 -4.69383745 -0.17661202 -1.15916778 -4.15783158 0.0195827965 -1.00379278 -5.84808893 -0.0174474852 -1.03631588 -5.85201517 -0.0251153191 -1.06133413 -5.22456813 -0.0602898708 -1.14579183 -4.99508515 -0.0720005567 -1.16374428 -4.69011743 -0.0204373467 -1.02461087 -4.99361752 -0.0105515956 -0.921327224 -4.85865623 -0.0105515956 -0.921327224 -4.85865623 -0.0134015003 -0.972756287 -4.86114679 0.0151727003 -1.00924589 -5.11099008 0.0125066312 -1.00912904 -5.39787616 0.00722384258 -0.990605137 -5.21724803 0.0125066312 -1.00912904 -5.39787616 0.00722384258 -0.990605137 -5.21724803 0.017052929 -1.00993952 -5.40890857 0.00722384258 -0.990605137 -5.21724803 0.0195827965 -1.00379278 -5.84808893 0.0125066312 -1.00912904 -5.39787616 -0.0048501793 -0.975039687 -6.09395448 -0.0048501793 -0.975039687 -6.09395448 0.0545256629 0.537656215 -5.91827164 0.0653137561 0.367044313 -5.51052544 0.124520302 0.344646087 -5.82581972 0.0285210419 0.880030946 -6.43284474 0.0259691098 0.771476397 -6.12788779 0.000605743771 1.20853755 -6.80362087 0.0468907618 0.90905705 -6.53126021 0.0825882357 0.667822216 -6.34138953 0.118968015 0.42603545 -6.04917156 0.135738453 0.186406235 -5.73221535 0.12698343 0.209054837 -5.34456025 0.0202975119 0.409527834 -5.23136195 -0.0353355104 0.286090775 -4.94071907 0.00028184432 0.500660078 -4.85509728 -0.00443629984 0.502977689 -5.26601356 0.0403998932 0.278119252 -4.94631196 -0.00443629984 0.502977689 -5.26601356 0.00028184432 0.500660078 -4.85509728 0.139796062 0.0767664575 -5.06116736 0.249741716 -0.0270129871 -5.51208137 0.15425778 0.041120599 -5.74817927 0.0607320678 0.463942347 -6.20255066 0.0706231201 0.735431542 -6.45385981 0.029495984 0.975306368 -6.61967058 0.00334324116 1.43408854 -7.04064688 0.000605743771 1.20853755 -6.80362087 0.029495984 0.975306368 -6.61967058 0.000605743771 1.20853755 -6.80362087 0.00334324116 1.43408854 -7.04064688 0.0173849061 1.03752506 -6.57395502 -0.00114903766 1.15912367 -6.77164906 0.0173849061 1.03752506 -6.57395502 0.00334324116 1.43408854 -7.04064688 0.214810947 -0.120569285 -4.92845442 0.205668831 -0.247274409 -5.30187371 0.155844995 -0.343622702 -5.42888814 0.0731435358 -0.17782839 -5.70127546 -0.000756517816 -0.394319845 -5.48695657 0.129691538 -0.022975789 -5.90937818 -0.0017773533 -0.166390018 -5.80107131 0.129691538 -0.022975789 -5.90937818 -0.000756517816 -0.394319845 -5.48695657 -0.01795461 0.28893173 -6.26576694 0.0565037715 0.425225253 -6.36000032 -0.0126049381 0.808948007 -6.66240894 0.0565037715 0.425225253 -6.36000032 -0.0126049381 0.808948007 -6.66240894 0.0170001154 1.04871652 -6.78000216 0.00334324116 1.43408854 -7.04064688 0.0170001154 1.04871652 -6.78000216 0.00334324116 1.43408854 -7.04064688 0.0565037715 0.425225253 -6.36000032 -0.0286562087 1.00440754 -6.69381185 -0.0397058454 1.00429504 -6.65385961 -0.0447186897 0.672058562 -6.47211891 -0.0844283646 0.358207293 -6.23691541 -0.0628469847 0.192531287 -6.15611988 -0.132005051 0.115395644 -5.92908815 -0.108824079 -0.061634859 -5.88658354 -0.16368858 -0.134570691 -5.70688342 -0.137352774 0.176903732 -5.71910223 -0.105985426 0.34856256 -6.03680145 -0.012393332 0.919416164 -6.71473142 -0.0126049381 0.808948007 -6.66240894 -0.01795461 0.28893173 -6.26576694 -0.0628469847 0.192531287 -6.15611988 -0.0126049381 0.808948007 -6.66240894 -0.108824079 -0.061634859 -5.88658354 -0.0017773533 -0.166390018 -5.80107131 -0.16368858 -0.134570691 -5.70688342 -0.000756517816 -0.394319845 -5.48695657 -0.154263926 -0.339514918 -5.43404779 -0.206671599 -0.253918819 -5.29557863 -0.154263926 -0.339514918 -5.43404779 -0.17389913 -0.0550995031 -5.50132759 -0.196449463 0.0228468369 -5.40758905 -0.0998101271 0.169405622 -5.34085424 -0.125985241 0.0232001834 -5.05496443 -0.0311150684 0.402173892 -5.36019366 -0.214887304 -0.121508312 -4.93255027 -0.0279080387 1.00197649 -6.59254737 -0.036914502 0.605889978 -5.96506046 -0.0785784213 0.383111802 -5.77875477 -0.0905494359 0.190506634 -5.48099992 -0.0312260084 0.507729445 -5.70771512 -0.0111307207 0.54430638 -5.5225819 -0.0111307207 0.54430638 -5.5225819 -0.00969940838 0.485604278 -5.54453006 0.023869764 0.596443471 -5.82338173 0.0113997544 0.770404237 -6.12139159 0.00761115798 0.684187761 -5.92733482 0.0113997544 0.770404237 -6.12139159 0.00761115798 0.684187761 -5.92733482 0.0259691098 0.771476397 -6.12788779 0.00761115798 0.684187761 -5.92733482 0.0173849061 1.03752506 -6.57395502 0.0113997544 0.770404237 -6.12139159 0.000605743771 1.20853755 -6.80362087 0.000605743771 1.20853755 -6.80362087 0.030663036 1.69057605 -4.49368217 0.0388995531 1.4299135 -4.29590023 0.0813701038 1.53280962 -4.50134125 0.0118043973 2.10079479 -4.69818405 0.0127634788 1.91716442 -4.54820865 -0.00697512589 2.44797276 -4.81841762 0.0237850381 2.15722085 -4.74531711 0.0497921936 1.93244433 -4.71023881 0.0764189697 1.67023164 -4.6049777 0.089128043 1.39800919 -4.49793632 0.0845651085 1.26704502 -4.24781561 0.00649648182 1.353746 -4.10361634 -0.0152996005 1.1675204 -3.9557971 9.20690789e-05 1.2725333 -3.83645721 -0.00254230549 1.42802611 -4.10213067 0.0195899285 1.16414958 -3.9641371 -0.00254230549 1.42802611 -4.10213067 9.20690789e-05 1.2725333 -3.83645721 0.0946131299 1.07657784 -4.11606656 0.17383979 1.18089502 -4.42352731 0.103264049 1.31326825 -4.5483325 0.0345148951 1.75316564 -4.68100242 0.0764189697 1.67023164 -4.6049777 0.103264049 1.31326825 -4.5483325 0.0497921936 1.93244433 -4.71023881 0.0408546452 2.01974651 -4.74671863 0.0408546452 2.01974651 -4.74671863 0.00999687174 2.23445926 -4.76950273 0.0237850381 2.15722085 -4.74531711 0.00999687174 2.23445926 -4.76950273 -0.00697512589 2.44797276 -4.81841762 0.00244715354 2.67849085 -4.86870737 -0.00697512589 2.44797276 -4.81841762 0.00999687174 2.23445926 -4.76950273 -0.00697512589 2.44797276 -4.81841762 0.00244715354 2.67849085 -4.86870737 0.016298438 2.25242207 -4.73902545 0.0105784413 2.40751188 -4.80508851 0.016298438 2.25242207 -4.73902545 0.00244715354 2.67849085 -4.86870737 0.148625893 0.900384575 -4.09826311 0.141230494 0.962111183 -4.36970478 0.17383979 1.18089502 -4.42352731 0.141230494 0.962111183 -4.36970478 0.103264049 1.31326825 -4.5483325 0.108963144 0.951359381 -4.47513175 0.0425637175 1.15277313 -4.60430037 -0.000568538769 0.941913739 -4.5270517 0.0425637175 1.15277313 -4.60430037 0.108963144 0.951359381 -4.47513175 -0.00149860471 1.20320695 -4.64382394 0.0888347171 1.3332064 -4.66546665 -0.0128800308 1.66943445 -4.77389782 0.0339254178 1.79027901 -4.79002409 -0.00603734658 2.15084366 -4.83684043 0.0339254178 1.79027901 -4.79002409 -0.00603734658 2.15084366 -4.83684043 0.00377719401 2.34580647 -4.83012325 0.00244715354 2.67849085 -4.86870737 0.0345148951 1.75316564 -4.68100242 0.0888347171 1.3332064 -4.66546665 0.00244715354 2.67849085 -4.86870737 -0.0103205465 2.28234885 -4.79755504 0.0105784413 2.40751188 -4.80508851 0.0105784413 2.40751188 -4.80508851 -0.0103205465 2.28234885 -4.79755504 -0.0175894188 2.26529202 -4.78332438 -0.0224186939 1.98722376 -4.77753012 -0.0530333173 1.69969121 -4.7391916 -0.0426035026 1.56586437 -4.7407116 -0.0866098595 1.42750504 -4.63768009 -0.0758617071 1.30108761 -4.66214879 -0.112289016 1.18580671 -4.58024823 -0.0905290911 1.3866115 -4.49435945 -0.0668196713 1.61489445 -4.6305736 0.00244715354 2.67849085 -4.86870737 -0.00108529236 2.23828121 -4.83491972 -0.00603734658 2.15084366 -4.83684043 -0.0128800308 1.66943445 -4.77389782 -0.0426035026 1.56586437 -4.7407116 -0.00603734658 2.15084366 -4.83684043 -0.0758617071 1.30108761 -4.66214879 -0.00149860471 1.20320695 -4.64382394 -0.112289016 1.18580671 -4.58024823 -0.000568538769 0.941913739 -4.5270517 -0.108025699 0.955259328 -4.47655133 -0.141548272 0.955405252 -4.37008931 -0.108025699 0.955259328 -4.47655133 -0.11723221 1.15867932 -4.42933488 -0.134026356 1.17221749 -4.34856607 -0.063944273 1.2404223 -4.25898699 -0.0844924298 1.0401796 -4.13274367 -0.0129091317 1.39699836 -4.18467023 -0.148682709 0.901504314 -4.10149381 0.016298438 2.25242207 -4.73902545 -0.0132911428 2.23760188 -4.75962449 -0.0180119984 1.75142311 -4.49961574 -0.0480213366 1.53964931 -4.45998257 -0.0570518904 1.30602434 -4.34121456 -0.0135039422 1.59332506 -4.37015753 -0.00920906282 1.54919864 -4.25080265 -0.00920906282 1.54919864 -4.25080265 -0.0157107816 1.5184901 -4.27639614 0.011636268 1.69111295 -4.41774059 0.0108296172 1.91381757 -4.54867968 0.00760026811 1.7868014 -4.45656778 0.0127634788 1.91716442 -4.54820865 0.00760026811 1.7868014 -4.45656778 0.016298438 2.25242207 -4.73902545 0.0108296172 1.91381757 -4.54867968 -0.00697512589 2.44797276 -4.81841762 -0.00697512589 2.44797276 -4.81841762 0.0423132875 2.88853844 -3.56028577 0.0522339432 2.5178232 -3.51473826 0.100149727 2.7383953 -3.65769481 0.0204575072 3.41075812 -3.52747106 0.0202818217 3.13871087 -3.48231474 -0.00225043489 3.81930399 -3.44630057 0.0342124582 3.49791754 -3.54225999 0.0638730675 3.25636904 -3.63586656 0.0938743066 2.94193424 -3.68187683 0.10886849 2.60679904 -3.732093 0.104399705 2.32917164 -3.5601481 0.0150401168 2.33169463 -3.36736529 -0.0248781497 2.0657429 -3.32772912 0.000161293667 2.10968848 -3.15293879 -0.00316345694 2.40605196 -3.32117789 0.0298769388 2.0662511 -3.33793417 -0.00316345694 2.40605196 -3.32117789 0.000161293667 2.10968848 -3.15293879 0.115781135 2.06312439 -3.53786796 0.205197024 2.35486381 -3.78141938 0.12394392 2.56029224 -3.82943141 0.0455201731 3.07157475 -3.70831246 0.0938743066 2.94193424 -3.68187683 0.12394392 2.56029224 -3.82943141 0.0638730675 3.25636904 -3.63586656 0.0529776958 3.37120579 -3.62180816 0.0529776958 3.37120579 -3.62180816 0.0179737515 3.59453801 -3.52260952 0.00283411358 4.09650482 -3.36157584 -0.00225043489 3.81930399 -3.44630057 0.0179737515 3.59453801 -3.52260952 -0.00225043489 3.81930399 -3.44630057 0.00283411358 4.09650482 -3.36157584 0.0137838232 3.5770537 -3.47910826 0.00513093555 3.78186014 -3.45847502 0.0137838232 3.5770537 -3.47910826 0.00283411358 4.09650482 -3.36157584 0.177562185 1.87961374 -3.62131256 0.168202348 2.10615767 -3.85153222 0.128512 2.16804531 -3.9628824 0.0549926971 2.41909498 -3.96924912 -0.000626543575 2.19205676 -4.01985395 0.106616281 2.65088522 -3.93315432 -0.00139195638 2.51558777 -3.98664161 0.106616281 2.65088522 -3.93315432 -0.000626543575 2.19205676 -4.01985395 -0.0148041966 3.05448572 -3.8482502 0.0435836235 3.17836568 -3.79439923 -0.00923688136 3.56761177 -3.63459934 0.0435836235 3.17836568 -3.79439923 -0.00923688136 3.56761177 -3.63459934 0.00864745137 3.75157809 -3.51713972 0.00283411358 4.09650482 -3.36157584 0.0455201731 3.07157475 -3.70831246 0.00283411358 4.09650482 -3.36157584 -0.0173253614 3.66404281 -3.52285583 0.00513093555 3.78186014 -3.45847502 0.00513093555 3.78186014 -3.45847502 -0.0173253614 3.66404281 -3.52285583 -0.0268580358 3.63094183 -3.51773949 -0.0313495126 3.36013905 -3.67078146 -0.0657847929 3.05627981 -3.79701079 -0.0521166461 2.93046556 -3.8743487 -0.105393188 2.72229293 -3.85197779 -0.0902611685 2.62137312 -3.94850682 -0.134591131 2.45288011 -3.93220188 -0.110618527 2.59172663 -3.73482334 -0.0833320727 2.8981361 -3.73930256 0.00283411358 4.09650482 -3.36157584 -0.00573249743 3.6474163 -3.58339101 -0.00923688136 3.56761177 -3.63459934 -0.0148041966 3.05448572 -3.8482502 -0.0521166461 2.93046556 -3.8743487 -0.00923688136 3.56761177 -3.63459934 -0.0902611685 2.62137312 -3.94850682 -0.00139195638 2.51558777 -3.98664161 -0.134591131 2.45288011 -3.93220188 -0.000626543575 2.19205676 -4.01985395 -0.12826013 2.17154074 -3.96163859 -0.167995867 2.10138592 -3.85891657 -0.12826013 2.17154074 -3.96163859 -0.140541196 2.3349343 -3.80034735 -0.16025266 2.29786754 -3.71307226 -0.0808900339 2.31077554 -3.58719455 -0.10427905 2.03779671 -3.57568832 -0.0221883823 2.4220687 -3.42268013 -0.177827217 1.88344665 -3.6244815 0.0137838232 3.5770537 -3.47910826 -0.0218038503 3.5786209 -3.50947409 -0.027756872 2.95111531 -3.53097496 -0.0622256715 2.72026981 -3.61337457 -0.0727179892 2.42305864 -3.63060839 -0.0228016097 2.72159398 -3.49376254 -0.0105485754 2.60625224 -3.39725976 -0.0105485754 2.60625224 -3.39725976 -0.0104291388 2.59350441 -3.44418404 0.0190368868 2.83827638 -3.48245646 0.00941426501 3.13242035 -3.48328061 0.00699951346 2.9537368 -3.46435063 0.00941426501 3.13242035 -3.48328061 0.00699951346 2.9537368 -3.46435063 0.0202818217 3.13871087 -3.48231474 0.00699951346 2.9537368 -3.46435063 0.0137838232 3.5770537 -3.47910826 0.00941426501 3.13242035 -3.48328061 -0.00225043489 3.81930399 -3.44630057 -0.00225043489 3.81930399 -3.44630057 0.0570329859 3.63482274 -1.93304917 0.0692704173 3.22976148 -2.1062016 0.125764748 3.54276011 -2.1215105 0.0308860364 4.14676513 -1.59161034 0.0289720406 3.83717449 -1.70538244 0.00293357162 4.51093247 -1.26822065 0.0481725582 4.24946943 -1.5567838 0.0832630092 4.06049168 -1.79467579 0.11857389 3.77395766 -2.02872437 0.136297199 3.45490551 -2.27547746 0.130370683 3.06430505 -2.26284203 0.0246214129 2.95120632 -2.06430267 -0.037468221 2.66243817 -2.1820922 0.000334359066 2.59731334 -1.97397791 -0.00428095206 2.99370515 -1.97103346 0.0429973227 2.6674989 -2.19149282 -0.00428095206 2.99370515 -1.97103346 0.000334359066 2.59731334 -1.97397791 0.143339496 2.77849978 -2.39621022 0.249236343 3.23753405 -2.47600113 0.153110884 3.47773435 -2.4040346 0.0604692154 3.92869318 -1.98061858 0.0700567974 4.17927751 -1.7155304 0.0293942479 4.34395635 -1.48244298 0.00332470156 4.76221971 -1.01879491 0.00293357162 4.51093247 -1.26822065 0.0293942479 4.34395635 -1.48244298 0.00293357162 4.51093247 -1.26822065 0.00332470156 4.76221971 -1.01879491 0.0131122574 4.27897358 -1.44370829 -0.00209084653 4.49136363 -1.30470572 0.0131122574 4.27897358 -1.44370829 0.00332470156 4.76221971 -1.01879491 0.217015016 2.64497049 -2.59047448 0.205606787 3.02528422 -2.69464061 0.249236343 3.23753405 -2.47600113 0.205606787 3.02528422 -2.69464061 0.153110884 3.47773435 -2.4040346 0.154942111 3.1662732 -2.77208829 0.0735204047 3.40755246 -2.62248796 -0.000869247104 3.22847344 -2.81519251 0.0735204047 3.40755246 -2.62248796 -0.000869247104 3.22847344 -2.81519251 0.130275508 3.63940962 -2.45711634 -0.00147662908 3.53919399 -2.59043708 0.130275508 3.63940962 -2.45711634 -0.000869247104 3.22847344 -2.81519251 -0.0174048968 4.00680504 -2.13254569 0.0565574319 4.09516326 -2.00463996 -0.0133046413 4.40249161 -1.61349392 0.0565574319 4.09516326 -2.00463996 -0.0133046413 4.40249161 -1.61349392 0.0154171311 4.51464352 -1.38634079 0.00332470156 4.76221971 -1.01879491 0.0154171311 4.51464352 -1.38634079 0.00332470156 4.76221971 -1.01879491 0.0565574319 4.09516326 -2.00463996 -0.0273016047 4.42311116 -1.44427572 -0.00209084653 4.49136363 -1.30470572 -0.0273016047 4.42311116 -1.44427572 -0.0398849218 4.37576585 -1.45469439 -0.043690436 4.20090932 -1.77347086 -0.0831896659 3.9688973 -2.08097707 -0.0634778161 3.89386601 -2.23286499 -0.131576594 3.65447565 -2.33245552 -0.10888622 3.62198725 -2.49022533 -0.16474449 3.43337741 -2.57200696 -0.13829709 3.43996925 -2.28685885 -0.106371074 3.7586345 -2.11191613 0.00332470156 4.76221971 -1.01879491 -0.0110236067 4.44853368 -1.51659406 -0.0133046413 4.40249161 -1.61349392 -0.0174048968 4.00680504 -2.13254569 -0.0634778161 3.89386601 -2.23286499 -0.0133046413 4.40249161 -1.61349392 -0.10888622 3.62198725 -2.49022533 -0.00147662908 3.53919399 -2.59043708 -0.16474449 3.43337741 -2.57200696 -0.000869247104 3.22847344 -2.81519251 -0.155097865 3.16920538 -2.7680016 -0.205598544 3.02389899 -2.70680407 -0.155097865 3.16920538 -2.7680016 -0.173383185 3.22649824 -2.50786783 -0.196842368 3.13023153 -2.43793733 -0.103031655 3.06280772 -2.30167739 -0.12994177 2.77488741 -2.44993657 -0.0337442208 3.07923004 -2.06799007 -0.217605714 2.65079024 -2.59216034 0.0131122574 4.27897358 -1.44370829 -0.031281727 4.30347969 -1.4738971 -0.0396794779 3.68010374 -1.86619915 -0.0807650562 3.49570894 -2.08647454 -0.0935496931 3.20279614 -2.28019248 -0.0341024846 3.42507078 -1.96364639 -0.0120683566 3.24072403 -1.93105193 -0.0120683566 3.24072403 -1.93105193 -0.00540472977 3.263296 -1.9884603 0.0272769096 3.53015812 -1.88249403 0.00904336366 3.82693358 -1.70968275 0.00666549258 3.63315023 -1.79561004 0.00904336366 3.82693358 -1.70968275 0.00666549258 3.63315023 -1.79561004 0.0289720406 3.83717449 -1.70538244 0.00666549258 3.63315023 -1.79561004 0.0131122574 4.27897358 -1.44370829 0.0131122574 4.27897358 -1.44370829 0.0289720406 3.83717449 -1.70538244 0.00293357162 4.51093247 -1.26822065 0.0308529631 2.20197444 -0.778602823 0.0409174566 2.00547951 -1.04391383 0.0816943461 2.2135342 -0.932207781 0.0114403172 2.40464393 -0.368639701 0.0125755087 2.24881206 -0.561740148 -0.00717447206 2.52036969 -0.0287786315 0.0241922424 2.45779044 -0.307973908 0.0500910944 2.42483557 -0.529897302 0.0763785412 2.32805749 -0.787201365 0.0897887875 2.21339869 -1.06598275 0.0857817411 1.95711454 -1.20474675 0.00787254117 1.81044335 -1.12100471 -0.016696574 1.66933345 -1.30127284 0.000369108813 1.54480179 -1.20615032 -0.00266685254 1.80086652 -1.05601671 0.0207910135 1.6758438 -1.30536724 -0.00266685254 1.80086652 -1.05601671 0.000369108813 1.54480179 -1.20615032 0.0952830704 1.82326833 -1.39573844 0.173309192 2.14916358 -1.271568 0.102014088 2.27697392 -1.1356642 0.0330459236 2.41071228 -0.696357615 0.0402301869 2.47289719 -0.434308539 0.0103552116 2.4912753 -0.225827433 0.00228421626 2.58540705 0.208535509 -0.00717447206 2.52036969 -0.0287786315 0.0103552116 2.4912753 -0.225827433 -0.00717447206 2.52036969 -0.0287786315 0.00228421626 2.58540705 0.208535509 0.0176831489 2.43608986 -0.230189378 0.0100362887 2.51961366 -0.0565587271 0.0176831489 2.43608986 -0.230189378 0.00228421626 2.58540705 0.208535509 0.149407086 1.81069985 -1.56656321 0.140685872 2.09529121 -1.4914223 0.173309192 2.14916358 -1.271568 0.140685872 2.09529121 -1.4914223 0.102014088 2.27697392 -1.1356642 0.105303252 2.21208292 -1.48724619 0.0453086501 2.31668657 -1.28607806 -0.00118163614 2.26549443 -1.48838531 0.0453086501 2.31668657 -1.28607806 -0.00118163614 2.26549443 -1.48838531 0.0869762256 2.40032444 -1.10306184 -0.00171708316 2.38393449 -1.22070706 0.0869762256 2.40032444 -1.10306184 -0.00118163614 2.26549443 -1.48838531 -0.0120571774 2.51244566 -0.760393177 0.0328075765 2.52351345 -0.649108157 -0.00611303315 2.57360145 -0.286608771 0.0328075765 2.52351345 -0.649108157 -0.00611303315 2.57360145 -0.286608771 0.00165654534 2.56385379 -0.102251473 0.00228421626 2.58540705 0.208535509 -0.00863380753 2.52883792 -0.171917412 0.0100362887 2.51961366 -0.0565587271 -0.00863380753 2.52883792 -0.171917412 -0.0180100568 2.50134517 -0.195742894 -0.0207137588 2.50836437 -0.465205292 -0.0503880046 2.47266362 -0.74825303 -0.0386718788 2.47919695 -0.867926933 -0.0857833465 2.36481979 -1.0255644 -0.0722115748 2.40085037 -1.13061704 -0.111146961 2.31179499 -1.25401015 -0.0910451553 2.20810666 -1.07794607 -0.0671899094 2.34863835 -0.845741734 0.00228421626 2.58540705 0.208535509 0.00310510674 2.571675 -0.209802756 -0.00611303315 2.57360145 -0.286608771 0.00310510674 2.571675 -0.209802756 0.00228421626 2.58540705 0.208535509 0.00310510674 2.571675 -0.209802756 -0.00611303315 2.57360145 -0.286608771 -0.0386718788 2.47919695 -0.867926933 -0.0120571774 2.51244566 -0.760393177 -0.0386718788 2.47919695 -0.867926933 -0.00611303315 2.57360145 -0.286608771 -0.0386718788 2.47919695 -0.867926933 -0.0120571774 2.51244566 -0.760393177 -0.0722115748 2.40085037 -1.13061704 -0.00171708316 2.38393449 -1.22070706 -0.111146961 2.31179499 -1.25401015 -0.00118163614 2.26549443 -1.48838531 -0.104987089 2.2135269 -1.47960053 -0.141446688 2.09754069 -1.50482424 -0.104987089 2.2135269 -1.47960053 -0.116938008 2.15448498 -1.29802139 -0.134426802 2.06564662 -1.28930457 -0.0655258334 1.97036076 -1.23066837 -0.0860032206 1.84042849 -1.43405937 -0.0137369661 1.89480309 -1.07260369 -0.150189605 1.81476531 -1.56775244 0.0176831489 2.43608986 -0.230189378 -0.0123461333 2.46187446 -0.236781726 -0.0181485357 2.20647845 -0.719477668 -0.0482778295 2.16969962 -0.927972852 -0.059305245 2.05248024 -1.16706819 -0.014007439 2.07836643 -0.87721125 -0.0101210312 1.9462791 -0.937436781 -0.0101210312 1.9462791 -0.937436781 -0.0144236152 1.98304244 -0.956223603 0.0112675901 2.11774634 -0.788335741 0.0115187299 2.24418817 -0.572282904 0.00696670495 2.15164017 -0.700635904 0.0125755087 2.24881206 -0.561740148 0.00696670495 2.15164017 -0.700635904 0.0176831489 2.43608986 -0.230189378 0.0115187299 2.24418817 -0.572282904 -0.00717447206 2.52036969 -0.0287786315 0.0125755087 2.24881206 -0.561740148 -0.00717447206 2.52036969 -0.0287786315 0.0115187299 2.24418817 -0.572282904 -0.183358786 2.13747951 -1.71692375 0.0399986514 1.26391351 0.425975691 0.0502933324 1.21826413 0.0508425039 0.0992159583 1.36630119 0.278763705 0.0177173972 1.23011089 0.949798517 0.0170513555 1.18235074 0.672716919 -0.00485200095 1.14745098 1.35776316 0.0333356399 1.25088428 1.03701034 0.0635008401 1.34736869 0.796524355 0.0942011775 1.40210318 0.482057849 0.108964727 1.44385662 0.142614216 0.102236646 1.26333965 -0.13731208 0.0121364371 1.06823353 -0.137738883 -0.0241472423 1.03531301 -0.39957889 0.000369473458 0.846279254 -0.379715119 -0.00343574638 1.01613089 -0.0813590374 0.0284938645 1.04334756 -0.399451398 -0.00343574638 1.01613089 -0.0813590374 0.000369473458 0.846279254 -0.379715119 0.112916433 1.23976945 -0.402274332 0.205160851 1.50612609 -0.103133589 0.123794401 1.55645359 0.101257179 0.0443240341 1.43847597 0.615328844 0.0529051483 1.34602445 0.913258696 0.0184322933 1.24080941 1.13326039 0.00268502531 1.08568973 1.62374647 -0.00485200095 1.14745098 1.35776316 0.0184322933 1.24080941 1.13326039 -0.00485200095 1.14745098 1.35776316 0.00268502531 1.08568973 1.62374647 0.0195811171 1.1762042 1.11189752 0.00552994677 1.16930444 1.32067497 0.0195811171 1.1762042 1.11189752 0.00268502531 1.08568973 1.62374647 0.176120794 1.32801236 -0.579479978 0.167715564 1.57913737 -0.351833892 0.125744932 1.70254558 -0.293571296 0.0573493132 1.68889571 -0.0193033141 -0.00114017804 1.76136081 -0.26938204 0.104210407 1.66830557 0.200209209 -0.00193221663 1.7250421 0.066315252 0.104210407 1.66830557 0.200209209 -0.00114017804 1.76136081 -0.26938204 -0.0145990666 1.58929709 0.594305873 0.0424095014 1.53139697 0.716880616 -0.00855578133 1.37760869 1.10105076 0.0424095014 1.53139697 0.716880616 -0.00855578133 1.37760869 1.10105076 0.00818694346 1.25423805 1.2860186 0.00268502531 1.08568973 1.62374647 -0.0169882228 1.25161489 1.20390809 0.00552994677 1.16930444 1.32067497 -0.0169882228 1.25161489 1.20390809 -0.0271109739 1.23321277 1.16976095 -0.0306782934 1.40122234 0.900172021 -0.0644004564 1.53145843 0.595415831 -0.0474879861 1.61541338 0.472041781 -0.105000526 1.57921688 0.264035559 -0.0864726228 1.68690041 0.169408819 -0.132370987 1.66521094 0.00202892418 -0.110207871 1.44477443 0.128680299 -0.0833141176 1.45334385 0.438251243 0.00268502531 1.08568973 1.62374647 -0.0029621137 1.32252245 1.18493246 -0.00855578133 1.37760869 1.10105076 -0.0145990666 1.58929709 0.594305873 -0.0474879861 1.61541338 0.472041781 -0.00855578133 1.37760869 1.10105076 -0.0864726228 1.68690041 0.169408819 -0.00193221663 1.7250421 0.066315252 -0.132370987 1.66521094 0.00202892418 -0.00114017804 1.76136081 -0.26938204 -0.124247619 1.70048026 -0.284409858 -0.168979335 1.58420936 -0.362975994 -0.124247619 1.70048026 -0.284409858 -0.140762705 1.52354911 -0.124796927 -0.160252234 1.42604754 -0.163759344 -0.0792521386 1.29144447 -0.156305783 -0.101866866 1.27756347 -0.431259404 -0.0203926465 1.12734409 -0.0423540761 -0.176613491 1.33157849 -0.578359716 0.0195811171 1.1762042 1.11189752 -0.0174491777 1.20872706 1.11582377 -0.0251169875 1.23374538 0.48837638 -0.0602915377 1.31820303 0.258893667 -0.0720021403 1.33615526 -0.0460741463 -0.0204389167 1.19702194 0.25742607 -0.0105530422 1.09373843 0.12246469 -0.0105530422 1.09373843 0.12246469 -0.0134029679 1.14516733 0.124955492 0.0151710718 1.18165713 0.374798356 0.0125049313 1.18154026 0.661684566 0.00722234071 1.16301619 0.481056677 0.0125049313 1.18154026 0.661684566 0.00722234071 1.16301619 0.481056677 0.0170513555 1.18235074 0.672716919 0.00722234071 1.16301619 0.481056677 0.0195811171 1.1762042 1.11189752 0.0125049313 1.18154026 0.661684566 -0.00485200095 1.14745098 1.35776316 -0.00485200095 1.14745098 1.35776316</float_array>
        <technique_common><accessor source="#vfx_kurp_0719-mesh-positions-array" count="2732" stride="3"><param name="X" type="float"/><param name="Y" type="float"/><param name="Z" type="float"/></accessor></technique_common>
      </source>
      <source id="vfx_kurp_0719-mesh-normals">
        <float_array id="vfx_kurp_0719-mesh-normals-array" count="8196">0.923156243 -0.340221293 -0.178974925 0.963818111 -0.235302574 -0.125249143 0.977241164 -0.165476241 -0.132730255 0.947360789 -0.2956992 -0.122757969 0.919952002 -0.348791846 -0.178976429 0.893724185 -0.416331718 -0.167107695 0.98614732 -0.160296923 -0.0426422198 0.95385264 -0.295895679 -0.0510968489 0.913834149 -0.393201502 -0.101487574 0.962813635 -0.236064647 -0.131390209 0.920021771 -0.360681341 -0.153195663 0.939786088 -0.280699372 -0.194961462 0.967149236 -0.20041197 -0.156388613 0.940275181 -0.104917221 -0.323844038 0.966551943 -0.236182957 -0.0999747585 0.955458804 -0.281852831 -0.0875068867 0.979299247 -0.194663954 -0.055488106 0.16058446 0.963041534 -0.216249013 0.153902369 0.985500361 -0.0714359765 -0.0899459396 0.947917859 -0.305551076 0.158827566 0.978788813 -0.129407353 0.420013357 0.898901409 -0.124759918 0.820863928 0.425331703 -0.381150041 0.944405093 0.266387098 -0.192709454 0.960836649 0.169972279 -0.218866073 0.992390548 -0.0542261119 -0.110546501 0.97200909 -0.168035929 -0.164201874 0.906512227 -0.401889872 -0.129306274 0.953354462 -0.279360516 -0.1143371 0.979793845 0.0524506848 0.193010227 0.897507488 0.404446211 0.175794118 0.8975075 0.404446188 0.175794108 0.897507499 0.404446187 0.175794115 0.833240108 0.392464467 -0.389464459 0.833240119 0.392464467 -0.389464435 0.83324013 0.392464467 -0.389464411 0.445603485 0.755668361 -0.480002981 0.445603485 0.755668361 -0.480002981 0.445603485 0.755668361 -0.480002981 0.911946842 -0.0312031999 -0.409120175 0.857068824 0.00258788306 -0.515195433 -0.19061496 0.894635145 -0.404096392 0.502442935 0.845935308 -0.178730387 0.502442959 0.84593529 -0.178730406 0.502442935 0.845935308 -0.178730387 -0.265090708 0.709753501 -0.652669047 -0.265090708 0.709753501 -0.652669047 -0.265090708 0.709753501 -0.652669047 0.490331577 0.734340591 -0.469381339 0.474178635 0.760211298 -0.444109677 0.44985764 0.79503909 -0.406867238 0.427841251 0.822904682 -0.373871298 0.482817626 0.872077293 -0.0798018503 0.457678684 0.887551613 0.0527480391 0.374674858 0.926984289 -0.0178571724 0.494446399 0.580906995 0.64658319 0.872951694 0.278112185 0.400760467 0.560792662 0.400026364 0.724907234 0.754268118 0.395459667 0.524109967 0.978476769 -0.0853627095 0.187873416 -0.980627606 -0.0439362391 0.190890297 -0.951886639 0.162784877 0.259639963 -0.966333795 0.160839165 0.200822708 -0.433558101 0.629264903 0.645021747 -0.524483122 0.453435252 0.720634392 -0.444490071 0.636589445 0.630224131 -0.561082421 0.402304094 0.723420993 -0.374749253 0.92695333 -0.0179031074 -0.457768994 0.887508314 0.0526929004 -0.420109503 0.898847304 -0.124825997 -0.482917394 0.87201486 -0.0798803748 -0.160563376 0.963041648 -0.216264161 -0.97713263 -0.0905190388 0.192400953 -0.944518927 0.265907677 -0.192813652 -0.992397395 -0.0551612866 -0.110021098 -0.940821751 -0.329215333 -0.0804468606 -0.971977512 -0.169007192 -0.163389981 -0.962785108 -0.236249218 -0.131267448 -0.914742044 -0.400401513 -0.0540890124 -0.883570272 -0.461046055 -0.0820981727 -0.966244418 -0.256420314 -0.0249067766 -0.963772142 -0.23727467 -0.121835912 -0.947237797 -0.296203581 -0.122490794 -0.919866845 -0.348993087 -0.17902182 -0.919908518 -0.360997706 -0.15313058 -0.967077779 -0.200792408 -0.156342505 -0.966430687 -0.236680992 -0.0999691734 -0.960901882 0.169514485 -0.218934724 -0.821008641 0.424962724 -0.381249912 -0.158875267 0.9787732 -0.129466875 -0.153887696 0.985502261 -0.0714413858 0.0899698499 0.947923508 -0.30552651 -0.979195553 -0.195180751 -0.055502639 -0.955320547 -0.282337081 -0.0874552807 -0.940250697 -0.105359072 -0.323771667 -0.939696416 -0.281076887 -0.19484976 -0.893604052 -0.416624016 -0.167021636 -0.923055923 -0.340451587 -0.179054406 -0.97772302 -0.164067533 -0.130918072 -0.988320713 -0.142321436 -0.0544681256 -0.897695448 0.404040248 0.175767917 -0.897695448 0.404040248 0.175767917 -0.897695448 0.404040248 0.175767917 -0.833369259 0.392208086 -0.389446396 -0.833369278 0.39220806 -0.389446381 -0.833369278 0.39220806 -0.389446381 -0.445467666 0.755734499 -0.480024922 -0.445467642 0.755734509 -0.480024929 -0.445467658 0.755734526 -0.480024887 -0.857130361 0.0020986187 -0.515095272 -0.911970707 -0.0317316635 -0.409026321 0.190639864 0.894647173 -0.404058014 -0.502526505 0.845876369 -0.178774381 -0.502526505 0.845876369 -0.178774381 -0.502526505 0.845876369 -0.178774381 0.265078413 0.709819977 -0.652601743 0.265078413 0.709819977 -0.652601743 0.265078413 0.709819977 -0.652601743 -0.44991739 0.794997188 -0.406883046 -0.474268709 0.760124264 -0.444162465 -0.490429581 0.73423727 -0.469440579 -0.42788726 0.822878992 -0.373875189 0.923352171 -0.2040929 -0.325218166 0.961797886 -0.147425121 -0.230674361 0.977926781 -0.0599097206 -0.200175016 0.94458219 -0.20922689 -0.25295967 0.915985603 -0.202018498 -0.346639441 0.89306988 -0.279916948 -0.352239538 0.992184309 -0.0387669461 -0.118606156 0.9602435 -0.209245652 -0.184793612 0.914792 -0.292714019 -0.278341695 0.965459845 -0.123014106 -0.229684167 0.919608575 -0.237641 -0.312804771 0.939892814 -0.147148613 -0.308137604 0.966751327 -0.097855985 -0.236254267 0.940876517 0.0191103068 -0.338210255 0.96176935 -0.173574309 -0.211829358 0.938825211 -0.251191919 -0.23560527 0.992578679 -0.102385069 -0.0656114627 0.146713822 0.941631969 0.302992226 0.133943293 0.884544675 0.446810824 -0.0992588529 0.969925248 0.222244669 0.177054221 0.91774614 0.355519092 0.417836202 0.83941537 0.347555383 0.906781912 0.402099425 0.126738377 0.953531439 0.298286854 -0.0424587792 0.96457586 0.262476879 -0.02644423 0.991548764 0.0054653719 -0.129619362 0.971262887 -0.0653763905 -0.228854388 0.903299401 -0.285528161 -0.320193475 0.952674198 -0.185742318 -0.240648422 0.98475774 -0.064749835 0.161430021 0.836918187 0.52771809 -0.145194925 0.836918196 0.527718069 -0.145194947 0.836918187 0.52771809 -0.145194925 0.322399556 0.946530913 -0.011737019 0.322399531 0.946530922 -0.0117369898 0.322399557 0.946530913 -0.0117370044 0.92450688 0.0619991093 -0.37608927 0.87782105 0.152139837 -0.454184625 -0.198607775 0.974518151 0.104256058 0.450951026 0.847997728 0.278465485 0.450951002 0.847997742 0.27846548 0.450951026 0.847997728 0.278465485 -0.205846563 0.958488101 -0.197301174 -0.205846561 0.958488096 -0.197301201 -0.205846575 0.958488093 -0.1973012 0.468888849 0.882201283 -0.0431757393 0.446874615 0.894530291 -0.0108920742 0.390661558 0.918086868 0.0670824107 0.357990065 0.927241363 0.109847928 0.475390173 0.798145647 0.370091487 0.451638929 0.738476395 0.500674438 0.377453596 0.801030869 0.464627087 -0.00484748902 0.245986269 0.969261191 0.51975605 0.0319596816 0.853716713 0.554813556 -0.0091051528 0.831924885 0.43308429 0.226293736 0.872484466 0.967989467 0.0571634279 0.244394629 0.940133687 -0.046628428 0.337601008 0.975500573 -0.17203455 0.137123104 -0.981437262 -0.130788038 0.140268991 -0.95376763 0.0120363752 0.300303903 -0.968463642 0.055364641 0.242925771 -0.520383765 0.0341198225 0.853250593 -0.437147327 0.24067798 0.866588901 -0.555088392 -0.00628179664 0.831767645 -0.377524445 0.801024767 0.464580043 -0.4517226 0.738466551 0.500613469 -0.417929161 0.839401787 0.347476412 -0.475483572 0.798134455 0.369995629 -0.146678345 0.941640048 0.302984296 -0.974424792 -0.17951905 0.135163735 -0.953635222 0.297906686 -0.0427956869 -0.991590503 0.00394780603 -0.129354894 -0.940378553 -0.2464073 -0.234460275 -0.971254957 -0.0665479955 -0.228550154 -0.965443695 -0.123306588 -0.229595204 -0.915688977 -0.32260902 -0.23966042 -0.878237637 -0.362766199 -0.311607667 -0.971951594 -0.187124182 -0.142459254 -0.961759493 -0.151096884 -0.228447827 -0.944526413 -0.211287406 -0.251450765 -0.915898056 -0.202158977 -0.346788839 -0.919494811 -0.237946955 -0.312906599 -0.96668073 -0.09820782 -0.236397102 -0.961630727 -0.174032879 -0.212082301 -0.964660161 0.262138386 -0.0267252804 -0.906977221 0.401734854 0.126496748 -0.177107768 0.917762923 0.355449089 -0.133907963 0.884551541 0.44680782 0.0992892034 0.969915851 0.22227212 -0.99250675 -0.102878992 -0.0659261958 -0.938652584 -0.251652213 -0.235801803 -0.940832264 0.0186389309 -0.338359633 -0.939802576 -0.147531653 -0.308229669 -0.892948857 -0.280212567 -0.352311307 -0.923250947 -0.204251886 -0.32540568 -0.978483307 -0.0589504495 -0.19772522 -0.993037529 -0.0124271932 -0.117141073 -0.837050302 0.52747633 -0.145311779 -0.837050314 0.527476308 -0.145311787 -0.837050302 0.52747633 -0.145311779 -0.322236344 0.946586837 -0.0117088831 -0.322236345 0.946586837 -0.0117088685 -0.322236345 0.946586837 -0.0117088685 -0.877850092 0.151554285 -0.45432424 -0.924476488 0.061404186 -0.376261544 0.198633198 0.974507831 0.104304078 -0.451024328 0.84797794 0.278407022 -0.451024304 0.847977951 0.278407026 -0.451024304 0.847977951 0.278407026 0.205840123 0.958507523 -0.197213516 0.205840109 0.958507526 -0.197213517 0.205840138 0.958507521 -0.197213516 -0.390661024 0.918087359 0.0670787986 -0.446950365 0.894491344 -0.0109821446 -0.468975597 0.882150278 -0.0432755876 -0.357967645 0.927248556 0.109860278 0.922554075 -0.0175708192 -0.385467567 0.962221099 -0.0130831281 -0.271954754 0.977515354 0.0336130255 -0.208167956 0.943296498 -0.0326523746 -0.330341549 0.915885337 -0.00238119781 -0.401432907 0.892302085 -0.0697140998 -0.446023467 0.987983533 -0.0310601514 -0.151406097 0.955735906 -0.0986327474 -0.277201118 0.913909237 -0.112664378 -0.389970055 0.965132409 0.00542520174 -0.261705944 0.919320887 -0.0511277619 -0.390173114 0.940405339 0.0253624847 -0.339108452 0.966834615 0.0338917827 -0.253144573 0.943055969 0.166301678 -0.288078447 0.961727023 -0.0408450555 -0.270947992 0.936221646 -0.0943834512 -0.338497848 0.970180335 -0.0675937975 -0.232768545 0.134052706 0.66112328 0.738204498 0.12232127 0.539223156 0.833232197 -0.109408356 0.722424886 0.682738673 0.17523925 0.617165369 0.767071126 0.417983821 0.552895168 0.720830395 0.846431197 0.510135207 0.15269676 0.950668544 0.286989803 0.117754711 0.959469147 0.278819627 0.0409703657 0.991932961 0.0691782211 -0.106223233 0.971058542 0.0572514966 -0.23187836 0.902936006 -0.0869552252 -0.420886396 0.952384453 -0.041495104 -0.302062924 0.98049586 -0.13624306 0.141653443 0.873929909 0.072166525 0.480664651 0.873929921 0.0721665311 0.480664628 0.873929909 0.072166525 0.480664651 0.839274372 0.526637554 0.135171794 0.839274372 0.526637554 0.135171798 0.839274372 0.526637554 0.135171794 0.172610491 0.843615326 0.508447441 0.172610501 0.843615314 0.508447458 0.172610501 0.843615314 0.508447458 0.926460312 0.220911744 -0.304744633 0.890283965 0.308620608 -0.334884729 -0.209659771 0.787138697 0.580047801 0.457899814 0.592186669 0.663055585 0.45789979 0.592186678 0.663055594 0.457899814 0.592186669 0.663055585 -0.245471995 0.917337307 0.313425852 -0.245471995 0.917337307 0.313425852 -0.245471995 0.917337307 0.313425852 0.449613252 0.792983868 0.411125904 0.425163654 0.788151183 0.445032112 0.351095012 0.766615661 0.537617634 0.313553245 0.752254201 0.579480784 0.473835195 0.505284103 0.72122686 0.447610527 0.391718218 0.803866689 0.373307887 0.460476573 0.805358645 0.474067208 -0.247664442 0.84493941 0.874676185 -0.192410361 0.444881809 0.56141623 -0.416562371 0.71504378 0.756285408 -0.241271677 0.608128572 0.973122075 -0.224255349 0.0523733303 -0.981287317 -0.184041531 0.0566031488 -0.95129626 -0.128531099 0.280205606 -0.965709045 -0.0756620206 0.248357199 -0.422225937 -0.230731776 0.876634533 -0.525388757 -0.389029275 0.756718493 -0.433918906 -0.221312139 0.873347194 -0.561645057 -0.414238154 0.716213363 -0.373373449 0.460493635 0.805318496 -0.447686569 0.391741896 0.803812803 -0.418073514 0.552925175 0.720755359 -0.473922468 0.505324777 0.721141016 -0.134005439 0.661132607 0.738204727 -0.972920688 -0.227405336 0.0413781032 -0.950775844 0.286828767 0.117279806 -0.992022266 0.067106594 -0.106717053 -0.940117304 -0.0972520035 -0.326682572 -0.971056672 0.0560047915 -0.232190447 -0.965123727 0.00513769881 -0.26174376 -0.914680511 -0.158265579 -0.371902635 -0.877634152 -0.158384132 -0.452407738 -0.96781597 -0.101723695 -0.230183705 -0.962137445 -0.0174500074 -0.272005576 -0.943241038 -0.0334655633 -0.330418524 -0.915786984 -0.00246295049 -0.401656736 -0.919206674 -0.0513416926 -0.390414039 -0.966763429 0.0336637578 -0.253446689 -0.961590772 -0.0411097262 -0.271391191 -0.959520709 0.278698681 0.0405839174 -0.846600086 0.509979523 0.152279941 -0.175307583 0.617225656 0.767007002 -0.122270166 0.539229495 0.833235596 0.109445289 0.72240014 0.682758937 -0.970042793 -0.0678720567 -0.233260294 -0.936040171 -0.0946994052 -0.33891123 -0.943005517 0.165930081 -0.288457629 -0.940315023 0.0250779191 -0.339379957 -0.892180267 -0.0699326482 -0.446232894 -0.922457324 -0.0176541313 -0.385695238 -0.978074932 0.0329825947 -0.205624843 -0.990194978 -0.0100126433 -0.139332885 -0.874121715 0.0720084975 0.480339467 -0.874121727 0.0720085036 0.480339444 -0.874121715 0.0720084975 0.480339467 -0.839407028 0.526483733 0.134947101 -0.839407028 0.526483733 0.134947101 -0.839407028 0.526483733 0.134947101 -0.172413199 0.843619422 0.508507581 -0.172413185 0.843619424 0.508507582 -0.172413185 0.843619424 0.508507582 -0.890299229 0.308101399 -0.335321952 -0.926421655 0.220416932 -0.305220075 0.209687926 0.787101416 0.580088212 -0.457960843 0.592202626 0.662999183 -0.457960843 0.592202626 0.662999183 -0.457960843 0.592202626 0.662999183 0.245458544 0.917305635 0.313529066 0.24545853 0.917305638 0.313529067 0.245458558 0.917305632 0.313529065 -0.351016843 0.766624078 0.537656675 -0.425209821 0.788175174 0.444945506 -0.44967472 0.793001279 0.411025082 -0.313443397 0.752257126 0.579536412 0.922046589 0.1762815 -0.344608359 0.963336309 0.123823789 -0.238014336 0.976995133 0.126527143 -0.17167234 0.945261936 0.134719432 -0.297204555 0.917964117 0.187182565 -0.349720699 0.892240246 0.162478051 -0.421317251 0.982526418 0.026128681 -0.184280031 0.951951139 0.0507432111 -0.302016813 0.913396308 0.100273904 -0.394527981 0.964040227 0.132806043 -0.230193386 0.919420705 0.150842251 -0.363197169 0.961675756 0.265341667 -0.0690908102 0.96561609 0.166822242 -0.19938883 0.956307618 0.291347314 -0.0243409459 0.921294768 0.33723758 -0.19361499 0.926134636 0.363656952 -0.100141184 0.941876177 0.0908871989 -0.323432814 -0.225748264 0.397114062 0.889571887 -0.225748264 0.397114062 0.889571887 -0.225748264 0.397114062 0.889571887 0.126673889 0.0218288345 0.991704204 0.217906263 0.150792433 0.964250228 0.123972303 0.0533638846 0.990849718 0.165128734 0.140868479 0.976160116 0.880149827 -0.187699428 0.436010559 0.880149815 -0.187699431 0.436010582 0.880149827 -0.187699428 0.436010559 0.963335205 0.101753357 -0.248256996 0.973830478 0.072101924 -0.215535411 0.955789074 0.222111985 0.192700576 0.992379971 0.11082833 -0.0538430576 0.971551671 0.16527629 -0.169620455 0.952491167 0.114951223 -0.282040411 0.999873436 -0.0033534575 -0.0155520235 0.81644711 0.389047514 0.426680381 0.94445656 0.194502731 0.264897138 0.987869667 0.0573392447 -0.14431123 0.717729784 -0.645014375 0.26233645 0.92229657 -0.368291544 0.117176684 0.77338322 -0.6278903 0.08736227 0.750686325 -0.521422773 0.405694877 0.472419631 -0.654747478 0.590021553 0.567270686 -0.713768048 0.410778703 0.417777776 0.123725333 0.900085425 0.448391745 -0.0540285156 0.892202759 0.368630834 0.00842491791 0.929537697 0.476414296 0.0772663467 0.875819234 0.960355939 0.0676809096 0.270436251 0.495760633 0.177965955 0.850029125 0.495760587 0.177965938 0.850029156 0.495760614 0.177965908 0.850029146 -0.298385868 0.63513121 0.712442432 -0.298385868 0.63513121 0.712442432 -0.298385868 0.63513121 0.712442432 0.463108346 0.475543153 0.747923371 0.441722521 0.450886776 0.775617386 0.395201807 0.397587944 0.82809381 0.364284175 0.362385733 0.857889049 0.830754509 0.389641955 0.397524959 0.904349922 0.132889591 -0.405575609 -0.944577738 0.194596861 0.26439546 -0.992497072 0.109005641 -0.0553834929 -0.975606713 -0.205898143 -0.0761412972 -0.980767738 -0.18936894 -0.0472657303 -0.963247168 -0.205543041 0.172936267 -0.949523906 -0.250453943 0.188884022 -0.425094397 -0.636080315 0.643969399 -0.530921938 -0.710359695 0.462072504 -0.438087159 -0.627454618 0.64372381 -0.567509161 -0.712138405 0.413270183 -0.368694701 0.00846563564 0.929511996 -0.448467017 -0.0539747149 0.892168182 -0.417865147 0.12379546 0.900035223 -0.476500506 0.0773453163 0.875765362 -0.217875435 0.150801038 0.964255849 -0.165202896 0.140960589 0.976134271 -0.95586595 0.222188415 0.192230575 -0.816596409 0.389144076 0.426306453 -0.880340295 -0.187677161 0.435635453 -0.880340295 -0.187677168 0.435635451 -0.880340307 -0.187677158 0.435635429 -0.123915911 0.0533652455 0.990856699 -0.126615873 0.0218492366 0.991711163 0.225782918 0.397058223 0.889588018 0.225782904 0.397058224 0.889588021 0.225782904 0.397058224 0.889588021 -0.941702418 0.0908177381 -0.323957858 -0.926143032 0.363442731 -0.100838808 -0.921256896 0.337057142 -0.194108772 -0.956334813 0.291223442 -0.0247514236 -0.96554597 0.166777392 -0.199765564 -0.961673076 0.265237201 -0.0695278583 -0.919307107 0.150776511 -0.363511881 -0.8921192 0.162392899 -0.421606309 -0.917863306 0.187212113 -0.349969392 -0.921952254 0.176308561 -0.344846824 -0.963246784 0.120239266 -0.240204395 -0.977498739 0.124538681 -0.17025373 -0.964347504 0.0242325458 -0.263527371 -0.985216493 0.0382410799 -0.166991261 -0.96320576 0.10174931 -0.248760409 -0.973704849 0.072115243 -0.216097798 -0.971545539 0.164592552 -0.170318989 -0.940223623 0.0798312995 -0.331068726 -0.964012837 0.132659788 -0.230392339 -0.945157719 0.134616752 -0.297582286 -0.914237241 0.052036429 -0.401823938 -0.879913725 0.0863409235 -0.467222732 -0.830881004 0.389624524 0.397277596 -0.364221892 0.362364997 0.857924252 -0.44177136 0.450948023 0.775553961 -0.395168141 0.397582394 0.828112541 -0.463172658 0.475609004 0.747841671 0.298377824 0.635046925 0.712520931 0.298377824 0.635046925 0.712520931 0.298377851 0.63504692 0.712520924 -0.495825412 0.178008318 0.84998247 -0.495825389 0.178008321 0.849982483 -0.495825348 0.178008277 0.849982516 0.922202892 0.325248064 -0.209178207 0.962348299 0.228619767 -0.147033173 0.977296233 0.202236642 -0.0631855473 0.943232552 0.232840446 -0.236849489 0.917011405 0.340685117 -0.207421634 0.892179965 0.351258149 -0.283958839 0.991377041 0.125193543 -0.0387057932 0.958940752 0.186184159 -0.213934789 0.914180954 0.279322603 -0.293687021 0.965511896 0.228467791 -0.124856905 0.919574801 0.312245262 -0.238505935 0.945161273 0.302029257 -0.124291977 0.965618826 0.242262946 -0.09428122 0.964576071 0.256567461 0.0613688904 0.933900974 0.353069302 -0.0563119842 0.937528493 0.333599947 -0.0987491777 0.922116683 0.248680726 -0.296409715 -0.284113284 -0.0863030348 0.954898648 -0.284113311 -0.0863030193 0.954898641 -0.284113311 -0.0863030193 0.954898641 0.102726546 -0.479017166 0.871773945 0.200659988 -0.358835578 0.911576984 0.0997967766 -0.459182401 0.8827186 0.186841935 -0.342249857 0.92084479 0.903102579 -0.345831025 0.254571472 0.90310259 -0.345831007 0.254571458 0.90310259 -0.345831007 0.254571458 0.954712819 0.222664465 -0.197342262 0.963029866 0.20033858 -0.18010533 0.96483022 0.235240096 -0.117323243 0.965278931 0.0447118296 0.257366348 0.924929553 -0.012566281 0.379930796 0.915944753 0.0248274208 0.400535652 0.972302558 0.226214384 -0.0587774457 0.956315782 0.19319334 -0.219400225 0.952013705 0.24244842 -0.186785088 0.99987886 0.00245537231 -0.0153699647 0.811687575 0.11140349 0.573369464 0.945123292 0.031972362 0.325145709 0.962843991 -0.050609235 0.265273736 0.880287232 0.248491608 -0.404161244 0.736755131 -0.667223648 -0.109564962 0.927649241 -0.361223263 -0.0947873374 0.806666988 -0.534093423 -0.253046609 0.75715526 -0.648021954 0.0823617661 0.47593673 -0.860062473 0.183784579 0.564795596 -0.825209935 0.00587355426 0.411474027 -0.325548462 0.851297436 0.444524262 -0.476220012 0.758691427 0.362278489 -0.435900251 0.82385998 0.470909254 -0.36516594 0.803055609 0.955099535 -0.0865072692 0.283374964 0.497680242 -0.26850713 0.824753477 0.497680264 -0.268507133 0.824753463 0.497680264 -0.268507133 0.824753463 -0.292519771 0.192117317 0.93676204 -0.292519799 0.192117315 0.936762032 -0.292519771 0.192117317 0.93676204 0.466518034 0.0383126707 0.883681539 0.444446692 -0.000151588437 0.895805289 0.398348653 -0.0757148316 0.914103722 0.366194266 -0.125169441 0.922081542 0.788128401 0.106917153 0.606153731 0.788128403 0.106917138 0.606153731 0.788128403 0.106917138 0.606153731 0.903856123 0.318807186 -0.28531752 -0.945269315 0.0323437653 0.324684158 -0.965406417 0.04509273 0.256821135 -0.962971933 -0.0502134708 0.264884245 -0.98033939 -0.130002568 -0.14843858 -0.912932588 -0.146510472 -0.3809052 -0.95567618 0.190085958 -0.224834089 -0.86715163 -0.429455684 -0.252221859 -0.950404447 -0.308059577 0.04278649 -0.438625625 -0.867682446 0.233954553 -0.534273352 -0.844010904 0.0468783545 -0.450831889 -0.860325656 0.237887313 -0.565175427 -0.824890107 0.0115346382 -0.36235092 -0.435843362 0.823858225 -0.444599712 -0.476143451 0.758695269 -0.411558275 -0.325452459 0.851293418 -0.470989333 -0.365066155 0.803054015 -0.200610923 -0.358840955 0.911585666 -0.186936175 -0.342135379 0.920868204 -0.916327685 0.0254206344 0.399621527 -0.811836114 0.111666439 0.573107958 -0.90330475 -0.345571929 0.254205764 -0.90330475 -0.345571929 0.254205764 -0.903304758 -0.345571927 0.254205737 -0.0997171863 -0.459196198 0.882720417 -0.102644424 -0.479009132 0.871788032 0.284178184 -0.0863680588 0.954873457 0.284178184 -0.0863680514 0.954873457 0.284178183 -0.086368044 0.954873458 -0.921893102 0.248884476 -0.296933708 -0.937365513 0.333663793 -0.100071814 -0.933877431 0.352947228 -0.0574560478 -0.964584838 0.256647602 0.0608941666 -0.965548355 0.24240719 -0.0946315389 -0.945068434 0.30213985 -0.124728372 -0.919460382 0.312347084 -0.238813537 -0.892058639 0.351329836 -0.284251177 -0.916914624 0.340833971 -0.207604856 -0.922106718 0.325409828 -0.209350531 -0.962271185 0.226585427 -0.150642661 -0.97780346 0.19973036 -0.0633101575 -0.970819185 0.143824649 -0.191897315 -0.992033679 0.125182192 -0.0140924691 -0.954553388 0.222924975 -0.197818816 -0.962869913 0.200654616 -0.180608018 -0.964692524 0.235560021 -0.117812604 -0.925422839 -0.0118174369 0.378751788 -0.972323277 0.22626437 -0.0582398503 -0.93948119 0.2372923 -0.247118308 -0.965433576 0.228715838 -0.125008305 -0.942966938 0.231668005 -0.239046626 -0.915292239 0.241163885 -0.322614472 -0.878266084 0.310647642 -0.363519915 -0.788219482 0.106985611 0.606023206 -0.788219482 0.106985611 0.606023206 -0.788219453 0.106985612 0.606023245 -0.366123514 -0.12522268 0.922102409 -0.444493002 -6.95471568e-05 0.895782321 -0.398310028 -0.0757414518 0.914118348 -0.466581465 0.0384113815 0.883643764 0.292539744 0.192007337 0.936778352 0.292539744 0.192007337 0.936778352 0.292539771 0.192007335 0.936778344 -0.497741183 -0.268444781 0.824736997 -0.497741161 -0.268444785 0.824737009 -0.497741161 -0.268444785 0.824737009 0.922838115 0.384851732 -0.0160921785 0.963392804 0.267895617 -0.010307477 0.977185522 0.208202651 0.0419536865 0.946839177 0.315213033 -0.064314206 0.919070093 0.393711533 -0.017360672 0.893345055 0.444608514 -0.0652524529 0.989960718 0.141341524 0.000591633163 0.956649052 0.274334833 -0.0977905446 0.914043659 0.389990496 -0.111497097 0.963953214 0.266071543 -0.000368176578 0.920046314 0.388859433 -0.0479908546 0.961260215 0.203635882 0.185771972 0.965619025 0.256243741 0.0438068926 0.954335268 0.177988746 0.239925411 0.91342138 0.33117477 0.236610767 0.926559078 0.247726467 0.283054541 0.943960575 0.316127438 -0.0948782121 -0.240400471 -0.560079965 0.792791301 -0.240400471 -0.560079965 0.792791301 -0.240400471 -0.560079965 0.792791301 0.134808535 -0.839013115 0.527146708 0.222755179 -0.753580351 0.618463244 0.130907247 -0.825936615 0.548353901 0.173439383 -0.769755781 0.614324685 0.907501671 -0.417946799 0.0419665338 0.907501671 -0.417946799 0.0419665338 0.90750166 -0.417946823 0.0419665281 0.96250586 0.26780505 -0.0431616059 0.973273231 0.224371832 -0.0489540512 0.95405519 -0.0679610202 0.291821853 0.99231669 0.101820881 0.0702858074 0.972509761 0.224747468 0.0609371886 0.952846796 0.300740887 -0.0404710104 0.980430039 -0.135865515 -0.142469295 0.806110523 -0.194600995 0.558852644 0.943095038 -0.139882125 0.301669918 0.981068787 -0.0193197619 -0.192693492 0.870496847 -0.440195185 -0.220144132 0.755720154 -0.60110193 -0.259929835 0.50197174 -0.820944398 -0.272166618 0.561794604 -0.712822361 -0.419846525 0.415400362 -0.707768219 0.571407637 0.452944615 -0.788686724 0.415709547 0.368771834 -0.785504948 0.496980191 0.47770385 -0.714483684 0.511186949 0.508617419 -0.640013272 0.5759265 0.508617419 -0.640013272 0.5759265 0.508617419 -0.640013272 0.5759265 -0.283830797 -0.291869335 0.913374168 -0.283830797 -0.291869335 0.913374168 -0.283830798 -0.291869321 0.913374172 0.484565571 -0.403815245 0.775970009 0.466941938 -0.441174218 0.766374932 0.438863948 -0.495849623 0.749354113 0.414425657 -0.539319675 0.733065934 0.804954708 -0.18703449 0.563086155 0.906009579 0.413804729 -0.0889510467 -0.94322652 -0.139376966 0.301492611 -0.992413732 0.102270029 0.0682336156 -0.979293012 -0.0136312657 -0.201988577 -0.980042252 -0.0480792541 -0.192887453 -0.964599411 -0.237904675 -0.113795173 -0.951885001 -0.27545655 -0.134307984 -0.442694195 -0.863190478 -0.242742763 -0.529217902 -0.753167369 -0.390726665 -0.453840147 -0.861745982 -0.226766363 -0.562219493 -0.715052369 -0.415462816 -0.368848103 -0.785451889 0.497007452 -0.453029727 -0.788618873 0.415745522 -0.415491133 -0.707684558 0.57144526 -0.477795173 -0.71439251 0.511229024 -0.22273645 -0.753579727 0.618470751 -0.173508971 -0.769693099 0.614383569 -0.954178641 -0.0674027846 0.291547571 -0.806250649 -0.194254548 0.558771027 -0.907695111 -0.417545646 0.0417758244 -0.907695132 -0.417545599 0.0417758278 -0.907695132 -0.417545599 0.0417758278 -0.13086794 -0.825943978 0.548352193 -0.134768705 -0.839015593 0.527152949 0.240452647 -0.560112417 0.792752549 0.240452658 -0.560112438 0.792752532 0.240452647 -0.560112417 0.792752549 -0.943791406 0.316538137 -0.095191334 -0.926584077 0.248210177 0.282548502 -0.913407063 0.331472048 0.236249483 -0.954363422 0.178288032 0.239590977 -0.96554903 0.256547059 0.0435738192 -0.961251259 0.203966286 0.18545558 -0.919933019 0.389100693 -0.048206747 -0.893225408 0.444816561 -0.0654721089 -0.918982315 0.393913349 -0.0174292433 -0.922739603 0.385085937 -0.0161383628 -0.963338563 0.267910523 -0.0142395376 -0.977660234 0.206209732 0.0407187005 -0.96881479 0.226646387 -0.100146479 -0.991212909 0.130696256 0.0203827885 -0.962370879 0.268246397 -0.0434299603 -0.973149722 0.224851083 -0.0492098416 -0.972503575 0.224807822 0.0608131559 -0.940080242 0.327531149 -0.0947232067 -0.963887821 0.266308292 -0.000402944399 -0.946618249 0.315543069 -0.0659277004 -0.915061237 0.372160565 -0.155433091 -0.882070464 0.443045376 -0.160195167 -0.805063297 -0.186875495 0.562983691 -0.414448113 -0.539318053 0.733054431 -0.467022983 -0.441079153 0.766380267 -0.438904681 -0.495825225 0.7493464 -0.484656967 -0.40370077 0.775972495 0.283834705 -0.291963956 0.913342712 0.283834705 -0.291963956 0.913342712 0.283834705 -0.291963956 0.913342712 -0.508690551 -0.639942949 0.575940053 -0.508690551 -0.639942949 0.575940053 -0.508690551 -0.639942949 0.575940053 0.923156105 0.340221593 0.178975062 0.963818026 0.235302783 0.125249404 0.977241087 0.165476541 0.132730451 0.94736071 0.295699457 0.12275796 0.919951873 0.348792122 0.178976554 0.893724143 0.416331768 0.167107796 0.986147248 0.160297327 0.042642375 0.953852546 0.295895953 0.0510970165 0.91383395 0.393201871 0.101487936 0.962813548 0.236064876 0.131390431 0.920021723 0.360681367 0.153195889 0.939786001 0.280699516 0.194961675 0.967149155 0.200412132 0.156388901 0.940275153 0.104918337 0.323843757 0.966551845 0.236183226 0.0999750714 0.955458754 0.281852821 0.0875074634 0.979299161 0.194664223 0.0554886729 0.160584599 -0.963041562 0.216248783 0.153902962 -0.985500311 0.0714353932 -0.0899468439 -0.947917795 0.305551008 0.158827259 -0.978788917 0.129406944 0.420013491 -0.898901372 0.12475973 0.820863738 -0.425331972 0.381150151 0.944405148 -0.266386844 0.192709538 0.960836715 -0.169971828 0.218866136 0.992390535 0.0542262352 0.110546561 0.972009042 0.16803605 0.164202033 0.906512112 0.401890078 0.129306447 0.953354352 0.279360769 0.1143374 0.979793921 -0.0524504246 -0.193009909 0.897507589 -0.404446247 -0.175793517 0.897507602 -0.404446224 -0.175793507 0.89750759 -0.404446248 -0.17579351 0.833241525 -0.392462194 0.389463717 0.833241496 -0.392462213 0.389463761 0.833241514 -0.392462194 0.389463741 0.445606603 -0.755666673 0.480002744 0.445606644 -0.755666634 0.480002767 0.445606603 -0.755666673 0.480002744 0.911947106 0.0312054847 0.409119413 0.857069118 -0.00258544384 0.515194956 -0.190616382 -0.894634785 0.404096519 0.502443718 -0.845934902 0.178730108 0.502443742 -0.845934884 0.178730127 0.502443718 -0.845934902 0.178730108 -0.265091223 -0.709753177 0.652669189 -0.265091223 -0.709753177 0.652669189 -0.265091223 -0.709753177 0.652669189 0.490332506 -0.734340083 0.469381163 0.474179432 -0.760210892 0.444109521 0.449858158 -0.795039061 0.406866723 0.427841651 -0.822904749 0.373870694 0.482817788 -0.8720772 0.0798018792 0.457678768 -0.887551564 -0.0527481403 0.374675009 -0.92698423 0.0178570441 0.494446766 -0.58090675 -0.64658313 0.872951892 -0.278111739 -0.400760346 0.560792184 -0.400026905 -0.724907306 0.754268548 -0.395459015 -0.524109841 0.978476803 0.0853628422 -0.187873176 -0.980627521 0.0439355915 -0.190890882 -0.951886126 -0.162786575 -0.259640779 -0.966333678 -0.160840226 -0.200822421 -0.433558687 -0.629264968 -0.64502129 -0.524483718 -0.45343532 -0.720633916 -0.44449067 -0.636589677 -0.630223474 -0.561083113 -0.402304029 -0.723420492 -0.374749026 -0.92695343 0.0179026756 -0.457768767 -0.887508407 -0.0526933049 -0.420109282 -0.898847446 0.124825715 -0.482917004 -0.872015125 0.0798798368 -0.160563386 -0.963041713 0.216263863 -0.97713239 0.0905182003 -0.192402565 -0.944518967 -0.265907727 0.192813386 -0.992397452 0.0551610222 0.110020717 -0.940821828 0.329215114 0.0804468526 -0.971977599 0.169006894 0.163389773 -0.962785186 0.236248969 0.13126732 -0.914742143 0.400401309 0.0540888572 -0.883570464 0.461045729 0.0820979321 -0.966244529 0.256419912 0.0249065903 -0.963772223 0.237274361 0.121835875 -0.947237896 0.296203331 0.122490631 -0.919867002 0.348992682 0.179021805 -0.919908616 0.360997556 0.153130346 -0.967077865 0.200792218 0.156342213 -0.966430785 0.236680647 0.0999690363 -0.960902037 -0.169513985 0.21893443 -0.821008708 -0.424962771 0.381249713 -0.158876771 -0.978772843 0.129467732 -0.153887823 -0.985502265 0.0714410526 0.0899699527 -0.947923469 0.305526603 -0.979195603 0.195180442 0.0555028429 -0.955320677 0.28233665 0.0874552489 -0.940250709 0.105358361 0.323771863 -0.939696497 0.281076733 0.19484959 -0.893604267 0.416623656 0.167021389 -0.923056088 0.34045125 0.179054198 -0.977723082 0.164067283 0.130917921 -0.988320779 0.142321013 0.0544680381 -0.897695322 -0.404040358 -0.175768307 -0.897695323 -0.404040359 -0.175768299 -0.897695311 -0.404040382 -0.175768309 -0.833369825 -0.392207391 0.389445885 -0.833369833 -0.392207365 0.389445894 -0.833369844 -0.392207365 0.389445869 -0.445465559 -0.755735819 0.480024799 -0.445465542 -0.755735848 0.480024769 -0.445465518 -0.755735858 0.480024776 -0.857129829 -0.00210000319 0.515096152 -0.911970681 0.0317306389 0.409026459 0.190640103 -0.89464702 0.40405824 -0.502524135 -0.845877553 0.178775444 -0.502524179 -0.845877528 0.178775439 -0.502524174 -0.845877525 0.178775467 0.265080366 -0.709819684 0.652601268 0.265080366 -0.709819684 0.652601268 0.265080366 -0.709819684 0.652601268 -0.449916251 -0.794998213 0.406882302 -0.474267784 -0.760125065 0.444162081 -0.490428815 -0.734237975 0.469440277 -0.427885874 -0.822880112 0.37387431 0.923351917 0.204093649 0.325218418 0.961797704 0.147425719 0.230674734 0.977926651 0.0599105704 0.200175396 0.944581961 0.209227267 0.252960214 0.915985423 0.20201896 0.346639647 0.893069789 0.279917278 0.352239506 0.992184222 0.0387676905 0.118606641 0.960243282 0.209246441 0.184793849 0.914792081 0.292714124 0.278341319 0.965459696 0.123014744 0.229684453 0.919608388 0.237641524 0.312804921 0.939892695 0.147149247 0.308137667 0.966751237 0.0978564861 0.236254427 0.94087656 -0.0191094811 0.33821018 0.961769274 0.173574514 0.211829535 0.938825185 0.251192055 0.235605227 0.992578661 0.10238517 0.0656115758 0.146714141 -0.941631853 -0.302992432 0.133943563 -0.884544401 -0.446811285 -0.0992590809 -0.96992526 -0.222244515 0.177054417 -0.917745822 -0.355519817 0.417836719 -0.83941521 -0.347555148 0.906782087 -0.402098972 -0.126738565 0.95353165 -0.298286124 0.0424591639 0.964575841 -0.26247692 0.0264445202 0.991548715 -0.0054646222 0.129619763 0.971262778 0.06537682 0.228854729 0.903299129 0.285528881 0.320193601 0.952674106 0.185742814 0.240648404 0.98475768 0.0647503675 -0.161430173 0.836917977 -0.527718482 0.145194712 0.83691798 -0.527718481 0.145194697 0.83691798 -0.527718481 0.145194697 0.322399027 -0.946531099 0.011736501 0.322399 -0.946531108 0.0117365158 0.322399027 -0.946531099 0.0117365156 0.924507116 -0.0619974377 0.376088966 0.877821415 -0.15213833 0.454184424 -0.198608191 -0.97451811 -0.104255649 0.450951999 -0.847997253 -0.278465354 0.450951999 -0.847997253 -0.278465354 0.450952 -0.847997257 -0.27846534 -0.205845133 -0.958488454 0.197300952 -0.205845135 -0.958488459 0.197300924 -0.205845118 -0.958488457 0.197300952 0.468891042 -0.882200136 0.0431753418 0.446876978 -0.894529111 0.0108920322 0.390663736 -0.918085945 -0.0670823547 0.357992381 -0.92724052 -0.109847501 0.475390729 -0.798145511 -0.370091068 0.451639431 -0.738476506 -0.50067382 0.377453926 -0.801031098 -0.464626425 -0.00484746304 -0.245985467 -0.969261395 0.519758035 -0.0319584549 -0.853715551 0.55481533 0.00910619634 -0.831923691 0.433087111 -0.226291893 -0.872483543 0.967989359 -0.0571637321 -0.244394983 0.940133463 0.0466286956 -0.337601594 0.975500022 0.172035054 -0.137126392 -0.9814373 0.130787539 -0.140269192 -0.953767548 -0.0120370832 -0.300304135 -0.968463336 -0.055366234 -0.24292663 -0.520385665 -0.0341198123 -0.853249435 -0.437150536 -0.240676801 -0.86658761 -0.555089875 0.006281252 -0.83176666 -0.377524177 -0.801024908 -0.464580016 -0.451722113 -0.738466973 -0.500613286 -0.417928517 -0.839401979 -0.347476723 -0.475482832 -0.798134993 -0.369995419 -0.146677976 -0.941640016 -0.302984572 -0.974424342 0.179518792 -0.13516732 -0.953634961 -0.297907546 0.0427955072 -0.991590536 -0.00394849014 0.129354624 -0.940378687 0.246406809 0.234460252 -0.971255011 0.0665474831 0.228550073 -0.96544373 0.123306475 0.229595117 -0.915689054 0.322608481 0.239660854 -0.87823784 0.362765582 0.311607812 -0.971951746 0.187123536 0.142459069 -0.961759689 0.151096215 0.228447445 -0.944526703 0.211285851 0.251450982 -0.915898464 0.202158564 0.346788002 -0.919495126 0.23794614 0.312906292 -0.966680822 0.0982072785 0.236396952 -0.961630914 0.174031978 0.212082193 -0.964659937 -0.262139239 0.0267250092 -0.906976891 -0.401735775 -0.126496191 -0.177106239 -0.917762729 -0.355450354 -0.133907708 -0.884551545 -0.446807889 0.0992905958 -0.969915765 -0.222271873 -0.992506835 0.102878262 0.0659260563 -0.938652845 0.251651311 0.235801725 -0.940832184 -0.0186409761 0.338359744 -0.939802781 0.14753101 0.308229353 -0.892949287 0.2802117 0.352310905 -0.923251167 0.204251346 0.325405393 -0.978483362 0.0589497626 0.197725153 -0.99303755 0.0124262098 0.117140999 -0.837050685 -0.527475755 0.14531166 -0.837050685 -0.527475755 0.14531166 -0.837050685 -0.527475755 0.14531166 -0.322231884 -0.946588371 0.0117076841 -0.322231911 -0.946588361 0.0117076693 -0.32223191 -0.946588361 0.011707684 -0.877849352 -0.151558348 0.454324314 -0.92447628 -0.0614072937 0.376261546 0.198634708 -0.974507519 -0.104304118 -0.451024081 -0.847977994 -0.278407255 -0.451024081 -0.847977994 -0.278407255 -0.451024058 -0.84797801 -0.278407245 0.205840647 -0.958507495 0.197213111 0.205840649 -0.9585075 0.197213083 0.205840649 -0.9585075 0.197213083 -0.390660207 -0.918087653 -0.0670795331 -0.446950232 -0.894491414 0.0109817901 -0.468975519 -0.882150347 0.043275025 -0.357966708 -0.92724885 -0.109860852 0.922554128 0.017571478 0.38546741 0.962221124 0.0130836791 0.271954639 0.97751542 -0.0336124597 0.208167734 0.943296546 0.0326533202 0.33034132 0.915885464 0.00238190614 0.401432614 0.892302352 0.0697144676 0.446022875 0.987983559 0.0310604173 0.151405869 0.955735793 0.0986331029 0.27720138 0.913909074 0.112664621 0.389970368 0.965132441 -0.00542451244 0.26170584 0.919320888 0.0511284473 0.390173021 0.940405319 -0.0253618347 0.339108557 0.966834591 -0.0338908486 0.253144787 0.943056158 -0.166299718 0.28807896 0.961726969 0.0408460804 0.270948028 0.936221255 0.0943852165 0.338498437 0.97018023 0.067594918 0.23276866 0.134054532 -0.661123359 -0.738204095 0.122323088 -0.539223734 -0.833231557 -0.109406285 -0.722425944 -0.682737885 0.175243935 -0.617166715 -0.767068973 0.417984234 -0.552895105 -0.720830204 0.846430744 -0.510135949 -0.152696792 0.950668594 -0.286989677 -0.117754611 0.95946914 -0.278819609 -0.0409706666 0.991932983 -0.0691777905 0.106223307 0.971058541 -0.0572509537 0.231878497 0.902935907 0.0869554549 0.42088656 0.952384423 0.041495272 0.302062996 0.9804958 0.136243538 -0.141653393 0.873929392 -0.0721670361 -0.480665515 0.873929394 -0.0721670216 -0.480665513 0.873929404 -0.0721670423 -0.480665492 0.839274605 -0.526637228 -0.135171624 0.839274605 -0.526637227 -0.135171627 0.839274605 -0.526637228 -0.135171624 0.172609298 -0.843615293 -0.5084479 0.1726093 -0.843615307 -0.508447876 0.1726093 -0.843615307 -0.508447876 0.926460563 -0.220909057 0.304745819 0.890284812 -0.308616906 0.334885888 -0.209657412 -0.787139454 -0.580047627 0.457898246 -0.592188454 -0.663055074 0.457898222 -0.592188462 -0.663055083 0.457898246 -0.592188454 -0.663055074 -0.245472798 -0.917337157 -0.313425662 -0.245472798 -0.917337157 -0.313425662 -0.245472811 -0.917337149 -0.313425674 0.449612255 -0.792984401 -0.411125966 0.425162536 -0.788151566 -0.4450325 0.35109367 -0.766615832 -0.537618267 0.313551724 -0.752254185 -0.579481628 0.47383453 -0.505284577 -0.721226965 0.447610589 -0.391718685 -0.803866427 0.373309285 -0.460475955 -0.805358351 0.474065477 0.247664356 -0.844940406 0.874676348 0.192410389 -0.444881477 0.561416943 0.416563246 -0.71504271 0.756284836 0.241271523 -0.608129343 0.973121744 0.224256541 -0.0523743718 -0.981287372 0.184041095 -0.0566036199 -0.951295961 0.128530262 -0.280207006 -0.965709158 0.0756612245 -0.248357002 -0.422225939 0.230731246 -0.876634672 -0.525389091 0.389029941 -0.756717918 -0.433919143 0.221311705 -0.873347185 -0.561645395 0.414238756 -0.71621275 -0.373372415 -0.460495307 -0.805318019 -0.447687177 -0.391742275 -0.80381228 -0.418074075 -0.552925953 -0.720754437 -0.473923759 -0.505324386 -0.721140441 -0.134005823 -0.661133043 -0.738204266 -0.972920963 0.22740436 -0.0413770012 -0.950775613 -0.28682952 -0.117279839 -0.992022236 -0.0671071965 0.106716947 -0.940117336 0.0972516939 0.326682572 -0.971056681 -0.0560052234 0.232190302 -0.96512376 -0.00513818747 0.261743629 -0.91468048 0.158265552 0.371902723 -0.877634268 0.158383561 0.452407714 -0.967816012 0.101723247 0.230183726 -0.96213745 0.0174499038 0.272005566 -0.943241036 0.0334654498 0.330418541 -0.915786935 0.00246255508 0.40165685 -0.919206733 0.0513413275 0.390413946 -0.966763465 -0.0336645049 0.25344645 -0.961590779 0.0411092423 0.271391238 -0.959520456 -0.278699494 -0.0405843218 -0.846599758 -0.509980154 -0.152279652 -0.175309129 -0.61722631 -0.767006122 -0.122269541 -0.539230461 -0.833235062 0.109444642 -0.722400707 -0.682758441 -0.970042846 0.0678716226 0.233260196 -0.936040063 0.0946993539 0.338911541 -0.94300548 -0.165929686 0.288457977 -0.940315069 -0.0250784809 0.339379787 -0.892180301 0.0699323746 0.446232869 -0.922457518 0.0176536621 0.385694797 -0.978074938 -0.032983033 0.205624742 -0.990195047 0.0100116293 0.139332463 -0.874121551 -0.0720082033 -0.48033981 -0.874121551 -0.0720082033 -0.48033981 -0.874121551 -0.0720082033 -0.48033981 -0.839407164 -0.52648363 -0.13494666 -0.839407164 -0.52648363 -0.13494666 -0.839407164 -0.52648363 -0.13494666 -0.172408555 -0.843619672 -0.50850874 -0.172408544 -0.843619703 -0.508508694 -0.172408542 -0.843619688 -0.508508718 -0.890299465 -0.308099681 0.335322903 -0.926421578 -0.220416007 0.305220976 0.209686696 -0.787101483 -0.580088566 -0.457961486 -0.592202572 -0.662998786 -0.457961462 -0.592202581 -0.662998795 -0.457961447 -0.592202551 -0.662998832 0.245460232 -0.917305637 -0.31352774 0.245460232 -0.917305641 -0.313527726 0.245460259 -0.917305625 -0.313527751 -0.35101866 -0.766624055 -0.537655521 -0.425210812 -0.788175 -0.444944867 -0.449675604 -0.793001191 -0.411024285 -0.313445373 -0.75225707 -0.579535416 0.922046466 -0.176280372 0.344609265 0.963336381 -0.123823116 0.238014395 0.976995244 -0.126526425 0.171672234 0.945261967 -0.134718555 0.297204852 0.917964106 -0.187181861 0.349721104 0.89224046 -0.162477176 0.421317135 0.982526403 -0.0261277888 0.18428024 0.951951055 -0.0507427856 0.30201715 0.913396421 -0.100273174 0.394527905 0.964040356 -0.132805188 0.23019334 0.919420925 -0.150841421 0.363196956 0.961675973 -0.265340966 0.0690904819 0.965616252 -0.166821367 0.199388781 0.956307893 -0.291346398 0.0243411373 0.921295084 -0.337236132 0.193616012 0.926135102 -0.363655424 0.100142424 0.941876055 -0.0908855844 0.323433622 -0.225745999 -0.397113667 -0.889572639 -0.225746013 -0.397113665 -0.889572636 -0.225746013 -0.397113665 -0.889572636 0.126672218 -0.0218314078 -0.991704361 0.217905598 -0.15079288 -0.964250309 0.123970772 -0.053365038 -0.990849848 0.165126836 -0.140866989 -0.976160652 0.880149096 0.18770032 -0.436011649 0.880149096 0.18770032 -0.436011649 0.880149096 0.18770032 -0.436011649 0.963335276 -0.101752117 0.24825723 0.973830603 -0.0721006403 0.215535272 0.955789228 -0.222111089 -0.192700844 0.992380066 -0.110827453 0.0538431052 0.971551859 -0.165275456 0.169620191 0.95249137 -0.114950398 0.282040061 0.999873434 0.00335437068 0.0155519551 0.816447398 -0.38904648 -0.426680775 0.944456722 -0.194501761 -0.264897273 0.987869809 -0.057338258 0.144310653 0.717730023 0.645014067 -0.262336553 0.922296512 0.368291704 -0.117176638 0.773383805 0.627889611 -0.0873620467 0.750685869 0.521423113 -0.405695284 0.472418994 0.6547474 -0.590022149 0.567270461 0.713767873 -0.410779317 0.417778419 -0.12372513 -0.900085154 0.448392402 0.0540289092 -0.892202405 0.368631081 -0.00842502231 -0.929537598 0.476415256 -0.0772661139 -0.875818732 0.960355812 -0.0676797807 -0.270436984 0.495762687 -0.177964265 -0.850028281 0.49576264 -0.177964249 -0.850028312 0.495762664 -0.177964267 -0.850028294 -0.298384763 -0.63513168 -0.712442476 -0.298384804 -0.635131644 -0.712442491 -0.298384763 -0.63513168 -0.712442476 0.463109877 -0.47554254 -0.747922813 0.441724148 -0.450886152 -0.775616822 0.39520411 -0.397587878 -0.828092743 0.364286677 -0.362385793 -0.857887961 0.830754692 -0.389641508 -0.397525014 0.904350103 -0.132888851 0.40557545 -0.944577557 -0.194597742 -0.264395456 -0.992496992 -0.109006371 0.0553835026 -0.97560679 0.205898056 0.076140536 -0.980767936 0.189367889 0.0472658194 -0.963247209 0.205542655 -0.172936493 -0.949524205 0.250452628 -0.188884265 -0.425095531 0.636079529 -0.643969426 -0.530922747 0.710358646 -0.462073188 -0.438088933 0.627453363 -0.643723826 -0.56750961 0.712137414 -0.413271275 -0.368694813 -0.00846539055 -0.929511954 -0.448466752 0.0539745331 -0.892168326 -0.417864899 -0.123795805 -0.900035291 -0.476499881 -0.0773459543 -0.875765646 -0.21787421 -0.150801481 -0.964256056 -0.165203133 -0.140961579 -0.976134088 -0.955865592 -0.222189495 -0.192231106 -0.816595625 -0.389145438 -0.426306714 -0.88033966 0.187675801 -0.435637322 -0.88033966 0.187675801 -0.435637322 -0.88033966 0.187675801 -0.435637322 -0.123914316 -0.0533659113 -0.990856862 -0.126614244 -0.0218508859 -0.991711335 0.225782707 -0.397057611 -0.889588344 0.225782699 -0.397057657 -0.889588326 0.225782721 -0.39705761 -0.889588341 -0.941702445 -0.0908181565 0.323957664 -0.92614241 -0.363444975 0.100836433 -0.921256353 -0.337058886 0.19410832 -0.956334504 -0.291224461 0.0247513551 -0.965545813 -0.166777961 0.19976585 -0.961672885 -0.265237894 0.0695278433 -0.919306992 -0.150777133 0.363511912 -0.892119131 -0.162393541 0.421606206 -0.917863326 -0.187212316 0.349969231 -0.921952117 -0.176309259 0.344846833 -0.963246762 -0.120239974 0.240204131 -0.977498612 -0.124539385 0.170253941 -0.9643475 -0.0242331554 0.263527328 -0.985216489 -0.0382418124 0.166991121 -0.96320573 -0.101749906 0.248760284 -0.973704829 -0.0721156324 0.216097759 -0.971545341 -0.16459327 0.17031942 -0.940223513 -0.0798320129 0.331068867 -0.964012587 -0.132660369 0.230393052 -0.945157819 -0.134617638 0.297581567 -0.914237029 -0.0520372035 0.401824321 -0.879913422 -0.0863419082 0.467223122 -0.830880854 -0.38962497 -0.397277471 -0.364221476 -0.362364975 -0.857924438 -0.441771139 -0.450948138 -0.77555402 -0.395167795 -0.397582359 -0.828112723 -0.463172402 -0.475609125 -0.747841752 0.298381031 -0.635046167 -0.712520263 0.298381031 -0.635046167 -0.712520263 0.298381031 -0.635046167 -0.712520263 -0.495824375 -0.178008768 -0.849982981 -0.495824306 -0.178008754 -0.849983024 -0.495824311 -0.178008727 -0.849983027 0.922202954 -0.325247664 0.209178558 0.962348496 -0.228619283 0.147032636 0.977296348 -0.202236137 0.0631853926 0.943232841 -0.232840883 0.236847907 0.917011595 -0.340684303 0.207422133 0.892180112 -0.351257747 0.283958876 0.991377087 -0.125193306 0.0387053839 0.958940929 -0.186183583 0.213934494 0.914180721 -0.279322928 0.293687439 0.965511872 -0.22846748 0.12485766 0.91957494 -0.312244875 0.238505908 0.945161433 -0.302028851 0.124291747 0.965618865 -0.242262674 0.0942815138 0.964576069 -0.256567448 -0.061368985 0.933900728 -0.353070676 0.0563074334 0.937528952 -0.333600247 0.0987438019 0.922116875 -0.248680208 0.296409551 -0.284113161 0.0863029867 -0.954898689 -0.284113134 0.0863029949 -0.954898696 -0.284113134 0.0863029949 -0.954898696 0.102727117 0.479016945 -0.871773999 0.200660688 0.358834942 -0.91157708 0.0997973872 0.459182435 -0.882718513 0.186847778 0.342244694 -0.920845523 0.903101939 0.345831821 -0.254572661 0.903101939 0.345831821 -0.254572661 0.903101931 0.345831847 -0.254572653 0.954712983 -0.222663896 0.197342113 0.963030073 -0.200338008 0.18010486 0.964830417 -0.235239598 0.11732262 0.965278791 -0.0447112938 -0.257366969 0.92492848 0.0125678748 -0.379933355 0.915944001 -0.0248264692 -0.400537431 0.972302656 -0.22621391 0.0587776458 0.956315817 -0.193193156 0.219400233 0.952013699 -0.242448265 0.186785321 0.999878865 -0.00245500009 0.0153697036 0.81168742 -0.111404171 -0.573369552 0.945123171 -0.0319721795 -0.325146077 0.96284399 0.0506091197 -0.26527376 0.880287213 -0.248491822 0.404161153 0.736754802 0.667224063 0.109564645 0.927649144 0.361223676 0.0947867217 0.806666629 0.534094286 0.25304593 0.757155122 0.648022127 -0.0823616657 0.475936706 0.86006252 -0.183784423 0.564795866 0.825209752 -0.0058731513 0.411473877 0.325547639 -0.851297823 0.44452348 0.476219887 -0.758691963 0.362277995 0.435900297 -0.823860173 0.470908441 0.365165563 -0.803056257 0.95509962 0.0865068615 -0.283374803 0.497680354 0.268507081 -0.824753425 0.497680332 0.268507085 -0.824753438 0.497680353 0.268507095 -0.824753421 -0.29252016 -0.192117359 -0.93676191 -0.29252016 -0.192117359 -0.93676191 -0.29252016 -0.192117359 -0.93676191 0.466515812 -0.0383129588 -0.8836827 0.444444231 0.000151545299 -0.895806509 0.398345815 0.0757151876 -0.914104929 0.366191163 0.125170054 -0.922082691 0.78812652 -0.106915937 -0.606156392 0.788126517 -0.106915951 -0.606156392 0.788126545 -0.106915965 -0.606156355 0.903856245 -0.318806883 0.285317472 -0.945269322 -0.0323440429 -0.324684111 -0.965406323 -0.045092708 -0.256821492 -0.962971976 0.0502126649 -0.264884241 -0.980339468 0.130002242 0.148438354 -0.912932768 0.146509722 0.380905058 -0.955676114 -0.190086311 0.224834073 -0.867151896 0.429455264 0.252221658 -0.950404631 0.308059045 -0.0427862293 -0.438625609 0.867682407 -0.233954729 -0.534273407 0.844010854 -0.046878618 -0.450831674 0.860325669 -0.237887674 -0.565175614 0.824889977 -0.0115347743 -0.362350488 0.435842938 -0.823858639 -0.444599667 0.47614314 -0.75869549 -0.411558077 0.325452236 -0.851293599 -0.470989498 0.365066108 -0.80305394 -0.20061091 0.358840577 -0.911585818 -0.186935593 0.342135653 -0.92086822 -0.916327564 -0.0254205499 -0.39962181 -0.811837007 -0.111666488 -0.573106682 -0.903304934 0.345570881 -0.254206534 -0.903304926 0.345570907 -0.254206527 -0.903304934 0.345570881 -0.254206534 -0.0997172214 0.459195639 -0.882720704 -0.102644446 0.479008259 -0.87178851 0.284176791 0.0863686679 -0.954873816 0.284176792 0.0863686753 -0.954873815 0.284176791 0.0863686679 -0.954873816 -0.921893027 -0.248884408 0.296933997 -0.937365653 -0.333664692 0.100067507 -0.933877148 -0.352948333 0.0574538754 -0.964584682 -0.256648164 -0.0608942588 -0.965548271 -0.242407498 0.094631604 -0.945068307 -0.302140274 0.124728303 -0.91946033 -0.312347293 0.238813463 -0.892058543 -0.351330063 0.284251197 -0.916914615 -0.340833621 0.20760547 -0.922106663 -0.325409941 0.209350596 -0.962271202 -0.226585474 0.150642481 -0.977803435 -0.199730473 0.0633102025 -0.970819045 -0.143824965 0.191897786 -0.992033641 -0.125182447 0.0140929276 -0.95455333 -0.222925028 0.197819038 -0.962869968 -0.200654332 0.180608041 -0.964692559 -0.235559968 0.11781243 -0.925422551 0.01181765 -0.378752485 -0.972323246 -0.226264467 0.0582399898 -0.939481236 -0.237292214 0.247118217 -0.965433473 -0.228716073 0.125008667 -0.942967165 -0.231670215 0.239043588 -0.915292323 -0.241164007 0.322614145 -0.878265877 -0.310647888 0.363520204 -0.788217193 -0.106984996 -0.606026293 -0.78821722 -0.10698501 -0.606026255 -0.788217168 -0.106985016 -0.606026322 -0.366119382 0.125223263 -0.922103971 -0.444489715 6.89217756e-05 -0.895783952 -0.398306257 0.0757415574 -0.914119982 -0.466578464 -0.0384124147 -0.883645304 0.292539822 -0.192007309 -0.936778333 0.292539822 -0.192007309 -0.936778333 0.292539825 -0.192007282 -0.936778338 -0.497740944 0.268444611 -0.824737196 -0.497740944 0.268444611 -0.824737196 -0.497740944 0.268444611 -0.824737196 0.922838615 -0.384850527 0.0160923041 0.963392955 -0.267895057 0.0103078911 0.977185715 -0.208201783 -0.0419535055 0.946839305 -0.315212207 0.0643163736 0.919070334 -0.393710973 0.017360588 0.893345614 -0.444607346 0.065252747 0.989960869 -0.141340469 -0.000591853065 0.956649318 -0.274333832 0.0977907514 0.914044133 -0.389989275 0.111497479 0.963953525 -0.266070414 0.000367971055 0.920046753 -0.388858367 0.0479910688 0.961260425 -0.20363486 -0.18577201 0.965619234 -0.256243033 -0.0438064295 0.954335455 -0.17798829 -0.239925007 0.913421689 -0.331174032 -0.236610606 0.926559215 -0.247725288 -0.283055124 0.943960714 -0.316126916 0.0948785723 -0.240400997 0.560079079 -0.792791767 -0.240401008 0.5600791 -0.792791749 -0.240401008 0.5600791 -0.792791749 0.134808313 0.839013396 -0.527146317 0.222754613 0.753580716 -0.618463004 0.130907011 0.82593665 -0.548353905 0.173437761 0.769756686 -0.614324008 0.907501399 0.417947486 -0.041965579 0.9075014 0.417947485 -0.0419655717 0.907501399 0.417947486 -0.041965579 0.962506008 -0.267804448 0.0431620382 0.973273188 -0.224371931 0.0489544429 0.954055552 0.0679611179 -0.291820648 0.99231682 -0.101820097 -0.0702851089 0.972509986 -0.224746551 -0.0609369774 0.952847023 -0.300740136 0.0404712488 0.980429831 0.135867012 0.142469302 0.806110662 0.194602122 -0.558852051 0.943095081 0.139882887 -0.301669433 0.98106885 0.0193207265 0.192693077 0.870496402 0.440195957 0.220144348 0.755719612 0.601102509 0.25993007 0.50197146 0.820944527 0.272166746 0.561793582 0.712823079 0.419846673 0.415399247 0.707768882 -0.571407626 0.452943558 0.788687178 -0.415709837 0.368770706 0.78550525 -0.496980552 0.477702923 0.714484378 -0.511186846 0.508616179 0.640013578 -0.575927255 0.508616179 0.640013578 -0.575927255 0.508616158 0.640013562 -0.57592729 -0.283829371 0.291869467 -0.913374568 -0.283829371 0.291869467 -0.913374568 -0.283829371 0.291869467 -0.913374568 0.484564271 0.403815806 -0.775970529 0.466940488 0.441174894 -0.766375426 0.438862302 0.495850553 -0.749354462 0.414423856 0.539320705 -0.733066194 0.804954919 0.18703464 -0.563085804 0.906009897 -0.413803944 0.0889514587 -0.943226551 0.139375876 -0.301493016 -0.992413605 -0.102270953 -0.0682340779 -0.979292913 0.0136312694 0.201989058 -0.980042347 0.0480782936 0.192887212 -0.964599339 0.237904976 0.113795154 -0.951885408 0.275455299 0.134307666 -0.442695743 0.863189788 0.24274239 -0.529218648 0.75316723 0.390725923 -0.453841882 0.861745267 0.226765608 -0.562220028 0.715052368 0.415462094 -0.368850336 0.785451905 -0.497005769 -0.453030228 0.788618637 -0.415745424 -0.415491031 0.707684376 -0.571445559 -0.477794422 0.714392466 -0.511229788 -0.222736014 0.753579092 -0.618471681 -0.173508797 0.769692583 -0.614384265 -0.954178227 0.0674029702 -0.291548881 -0.806251103 0.194252323 -0.558771146 -0.907695818 0.417544118 -0.0417757268 -0.90769583 0.417544093 -0.0417757251 -0.907695841 0.417544069 -0.0417757308 -0.13086779 0.825943099 -0.548353552 -0.134768496 0.839014574 -0.527154624 0.240450521 0.560112886 -0.792752863 0.240450493 0.56011289 -0.792752868 0.24045051 0.560112866 -0.792752881 -0.943790961 -0.316539262 0.0951920012 -0.926583451 -0.248209047 -0.282551548 -0.913406102 -0.331472158 -0.236253044 -0.954363063 -0.178289066 -0.239591638 -0.965548794 -0.256547905 -0.0435740637 -0.961250964 -0.203967372 -0.185455913 -0.919932652 -0.389101586 0.0482065572 -0.893224875 -0.444817637 0.0654720774 -0.918981802 -0.393914588 0.0174283098 -0.922739302 -0.38508667 0.0161380522 -0.963338224 -0.267911728 0.0142397846 -0.977660038 -0.206210637 -0.0407188371 -0.968814566 -0.226647356 0.100146454 -0.991212801 -0.130697083 -0.0203827346 -0.962370641 -0.268247264 0.0434298793 -0.973149486 -0.224852086 0.0492099232 -0.972503395 -0.224808526 -0.0608134364 -0.940079847 -0.327532295 0.0947231582 -0.963887707 -0.266308704 0.000402142493 -0.946617798 -0.315543447 0.0659323721 -0.915060939 -0.372161174 0.155433389 -0.882069948 -0.443046499 0.160194902 -0.805063608 0.18687374 -0.56298383 -0.414444696 0.539319062 -0.733055622 -0.467020133 0.441079166 -0.766381997 -0.43890155 0.495825732 -0.749347898 -0.484654284 0.403700324 -0.775974402 0.283831043 0.291965366 -0.913343399 0.283831015 0.291965369 -0.913343407 0.283831015 0.291965369 -0.913343407 -0.508693355 0.639941793 -0.575938861 -0.508693355 0.639941793 -0.575938861 -0.508693355 0.639941793 -0.575938861 0.936825623 -0.321567254 -0.137667186 0.896104021 -0.433206672 -0.0965896608 0.968886127 -0.230479675 -0.090215252 0.919863736 -0.342539339 -0.191095549 0.974709007 -0.204272712 -0.0906367004 0.977342822 -0.196848111 -0.0777935063 0.968436348 -0.239033206 -0.0706694128 0.997227049 0.00865441235 0.0739142277 0.990161259 -0.0552516171 0.128561036 0.977361868 -0.211557886 -0.00265331438 0.909385581 -0.406752174 -0.0870088142 0.936927328 -0.342201245 -0.071172257 -0.966244418 -0.256420314 -0.0249067766 -0.988320713 -0.142321436 -0.0544681256 -0.978652982 -0.200479088 -0.0452379872 0.95385264 -0.295895679 -0.0510968489 0.968152313 -0.249581682 -0.019750496 0.98614732 -0.160296923 -0.0426422198 0.906512227 -0.401889872 -0.129306274 0.975134605 0.0683746986 0.210801809 0.971696865 0.101210529 0.213451709 0.965983866 0.124994927 0.226387806 0.988635669 0.0141656058 0.149662455 0.990943204 -0.0395368798 0.128329273 0.802375138 -0.427695202 -0.416258276 0.802375146 -0.427695212 -0.41625825 0.802375191 -0.427695145 -0.416258232 0.873853903 0.357206572 0.329822408 0.873853913 0.357206548 0.329822407 0.873853913 0.357206548 0.329822407 -0.917934686 -0.295331031 -0.264906576 -0.683654012 -0.606043479 -0.406606068 -0.989071222 -0.128042402 -0.0730976084 0.953354462 -0.279360516 -0.1143371 0.979793845 0.0524506848 0.193010227 0.754268118 0.395459667 0.524109967 0.907018837 0.376109724 0.189362893 0.494446399 0.580906995 0.64658319 0.987456969 0.123219411 0.0987203671 -0.0198215667 0.801638116 0.597480909 0.229080644 0.705431386 0.670737369 -0.433558101 0.629264903 0.645021747 -0.133551761 0.641962066 0.755015651 0.142232793 0.614319876 0.776132027 -0.0989313351 0.602848932 0.791698021 0.641605366 0.400158999 0.65438164 0.644290802 0.399417037 0.652192757 0.69872289 0.382707305 0.604418267 0.70268274 0.381357502 0.600669146 0.995587087 0.011375092 0.0931501996 0.995718909 0.0249158495 0.0890115451 0.997766659 -0.000522631057 0.0667938715 -0.969719664 0.0567957018 0.237524781 -0.989829255 -0.133449869 0.0492866988 -0.906715956 0.195750742 0.373561003 -0.888314022 0.217628804 0.404395725 -0.879735767 0.283618095 0.381609428 -0.97755895 0.059711283 0.202022431 -0.910814918 0.205260577 0.358167951 -0.991908423 -0.000254267262 0.126955169 -0.975376435 -0.219051312 -0.025638507 -0.98992269 -0.141164937 0.0112039237 -0.971431327 0.102680866 0.213957511 -0.970015504 0.102515251 0.220364573 -0.133551761 0.641962066 0.755015651 -0.219782198 0.68627069 0.693345747 -0.0989313351 0.602848932 0.791698021 -0.23204478 0.745902339 0.624327575 -0.0198215667 0.801638116 0.597480909 -0.436567702 0.747520142 0.500621892 -0.433558101 0.629264903 0.645021747 -0.444490071 0.636589445 0.630224131 -0.980627606 -0.0439362391 0.190890297 -0.951886639 0.162784877 0.259639963 -0.989835869 -0.0209824239 0.140658063 -0.969392011 -0.244562217 0.021643747 -0.918099728 -0.386518988 -0.0877266264 -0.883570272 -0.461046055 -0.0820981727 -0.965984345 -0.249539154 -0.0678561379 -0.940821751 -0.329215333 -0.0804468606 -0.820896195 -0.483949348 -0.303187178 -0.927547329 -0.339208883 -0.156822466 -0.947538489 -0.295391837 -0.122124834 -0.867352567 -0.495314397 -0.04861248 -0.958336358 -0.271901538 -0.0875270125 -0.973602914 -0.21995835 -0.0609564652 0.998660867 -0.0500852799 0.0129590837 0.937074601 -0.328034806 -0.119517191 0.884656387 -0.41189091 -0.218469574 -0.817953419 -0.50355455 -0.278181631 -0.911971447 -0.383168693 -0.146594112 0.137300911 -0.880714314 -0.453310883 0.113923691 -0.907088867 -0.405229787 0.153724486 -0.859927284 -0.486717422 0.831762935 -0.477915606 -0.282430688 -0.836200122 0.467379414 0.286924799 -0.836200117 0.467379406 0.286924827 -0.836200091 0.46737945 0.286924828 0.175267357 -0.829660771 -0.530041846 0.936984426 -0.207425258 -0.281131551 0.895540821 -0.328278911 -0.30039906 0.969413332 -0.152628613 -0.192203794 0.910012788 -0.21156357 -0.356535527 0.9841023 -0.110522945 -0.139022813 0.954526879 -0.142347669 -0.261945756 0.968892693 -0.178489157 -0.171430949 0.956095466 -0.157518388 -0.247122273 0.929550616 -0.222918348 -0.293671693 0.976470154 -0.180493676 -0.118017252 0.90501331 -0.315552152 -0.285267854 0.961102189 -0.213412768 -0.175321342 -0.971951594 -0.187124182 -0.142459254 -0.993037529 -0.0124271932 -0.117141073 -0.992581096 -0.0854355371 -0.086507435 0.9602435 -0.209245652 -0.184793612 0.991399738 -0.118306985 -0.0559465558 0.992184309 -0.0387669461 -0.118606156 0.903299401 -0.285528161 -0.320193475 0.948049176 -0.269009753 -0.169813169 0.980411003 -0.0404479158 0.192764703 0.794285621 0.141284476 0.590888356 0.858271123 0.0356494522 0.51195683 0.869689273 0.0128977629 0.493431065 0.792875851 0.163306371 0.587093616 0.7944886 0.163097119 0.584967687 0.990760369 -0.073342513 0.114082285 0.978791616 -0.143850405 -0.145856211 0.642203935 0.122310725 0.756712754 0.642203935 0.122310725 0.756712754 0.642203935 0.122310725 0.756712754 -0.0883328797 -0.21575931 -0.972442915 -0.0883328797 -0.21575931 -0.972442915 -0.0883328797 -0.21575931 -0.972442915 0.750386216 0.170023708 0.638758535 0.750386189 0.170023692 0.638758571 0.750386195 0.170023664 0.638758571 -0.999122014 0.0215443197 -0.035931084 -0.999122014 0.0215443197 -0.035931084 -0.999122014 0.0215443188 -0.0359310842 0.952674198 -0.185742318 -0.240648422 0.98475774 -0.064749835 0.161430021 0.688342723 0.268384193 0.673909654 0.688342723 0.268384193 0.673909654 0.688342723 0.268384193 0.673909654 0.940133687 -0.046628428 0.337601008 0.857762368 0.153310808 0.490652133 -0.00484748902 0.245986269 0.969261191 0.347049398 0.383141626 0.856013557 0.43308429 0.226293736 0.872484466 -0.0237738051 0.393097046 0.919189599 0.182790896 0.277320052 0.943229069 -0.171073531 0.180661975 0.968553095 0.0347769193 0.14541881 0.988758785 -0.193243506 0.124498488 0.973219951 0.998148443 -0.0369187723 0.0483393163 0.723480531 0.0126413309 0.690229033 0.972307643 0.0143100382 0.233266091 0.979621554 0.0192713577 0.199925549 0.993630428 -0.108206189 -0.0314641684 0.990193 0.049933895 0.130477693 -0.655376147 -0.153939095 -0.739449026 -0.655376147 -0.153939095 -0.739449026 -0.655376208 -0.153939106 -0.739448969 -0.849042351 -0.263356707 -0.458006912 -0.954422357 -0.0557816362 0.293200227 -0.98990524 -0.141447869 0.0089508055 -0.894517419 -0.012263874 0.446864838 -0.879636761 -0.00825063355 0.47557449 -0.882309663 0.052628253 0.467717785 -0.978410077 -0.0523285085 0.199938613 -0.914983618 -0.000305049562 0.403490874 -0.993572536 -0.0735952107 0.0860079138 -0.974199194 -0.179171466 -0.137235258 -0.989224723 -0.129297436 -0.0686776534 -0.991090767 0.00226756372 0.133168876 -0.995122007 -0.0298609973 -0.094023993 -0.998229087 -0.0569158729 0.0172995455 -0.171073531 0.180661975 0.968553095 -0.174715508 0.254620339 0.951127212 -0.193243506 0.124498488 0.973219951 -0.201785289 0.325964194 0.923596255 -0.0237738051 0.393097046 0.919189599 -0.411342839 0.398055395 0.819968885 -0.00484748902 0.245986269 0.969261191 -0.437147327 0.24067798 0.866588901 -0.981437262 -0.130788038 0.140268991 -0.95376763 0.0120363752 0.300303903 -0.990024639 -0.0849435324 0.112409118 -0.969285197 -0.223563604 -0.102496446 -0.915763449 -0.29441077 -0.273312283 -0.878237637 -0.362766199 -0.311607667 -0.977458778 -0.145254757 -0.153216816 -0.940378553 -0.2464073 -0.234460275 -0.648773581 -0.318978514 -0.690901981 -0.77413635 -0.287471511 -0.563979647 -0.93286641 -0.206963963 -0.294832459 -0.946994694 -0.195017814 -0.255282397 -0.858295537 -0.416478374 -0.299790819 -0.972883533 -0.159170861 -0.167816177 -0.995665823 -0.0657727247 -0.0657534619 0.989699865 0.0882716985 0.112704413 0.964892268 -0.165296361 -0.204107873 0.91728703 -0.203995814 -0.342009083 -0.793858369 -0.326847831 -0.512795656 -0.93871628 -0.220973261 -0.264542176 -0.717672274 -0.328282456 -0.614147487 0.95453937 -0.141123335 -0.262561983 -0.712371373 0.335125248 0.616618273 -0.712371392 0.335125198 0.616618279 -0.712371392 0.335125198 0.616618279 -0.691109696 -0.307304872 -0.654164432 0.935044696 -0.0392476306 -0.352350735 0.895401673 -0.134153004 -0.424568976 0.969640059 -0.0362156165 -0.241839999 0.908435232 -0.00458229673 -0.418000516 0.978521129 -0.0250363316 -0.204620582 0.979844829 -0.0304380167 -0.197427554 0.969251076 -0.0653054432 -0.237249974 0.956474374 -0.0130580937 -0.291524028 0.930223983 -0.0451360086 -0.364206099 0.976595194 -0.101064819 -0.189862394 0.904117518 -0.129955469 -0.407041877 0.940756282 -0.106500581 -0.321924285 -0.96781597 -0.101723695 -0.230183705 -0.990194978 -0.0100126433 -0.139332885 -0.982123707 -0.0517736733 -0.180976548 0.955735906 -0.0986327474 -0.277201118 0.974627931 -0.103829378 -0.198292351 0.987983533 -0.0310601514 -0.151406097 0.902936006 -0.0869552252 -0.420886396 0.975479029 -0.153221964 0.157999031 0.974855918 -0.127240871 0.182936328 0.791704839 -0.174591307 0.585424054 0.858376606 -0.226274501 0.460423123 0.869783869 -0.236059367 0.433303585 0.799933462 -0.148493626 0.581425919 0.802629578 -0.146922005 0.578100065 0.990625435 -0.120994329 0.0634162409 0.976871237 -0.156357509 0.14585923 0.285978092 0.284882801 -0.914908914 0.285978092 0.284882801 -0.914908914 0.285978093 0.284882794 -0.914908916 0.889310212 -0.118671431 0.441638357 0.8893102 -0.118671438 0.441638379 0.8893102 -0.118671431 0.441638381 -0.984395993 0.058314653 -0.166023882 -0.984395998 0.0583146481 -0.166023854 -0.984395996 0.0583146487 -0.166023868 0.952384453 -0.041495104 -0.302062924 0.98049586 -0.13624306 0.141653443 0.756285408 -0.241271677 0.608128572 0.877131877 0.0137135254 0.480053757 0.474067208 -0.247664442 0.84493941 0.989757163 -0.0295749284 0.139664177 -0.0181805168 -0.117923504 0.992856241 0.196849085 -0.227695467 0.953627397 -0.422225937 -0.230731776 0.876634533 -0.152985772 -0.329130478 0.931809252 0.0770378887 -0.366717211 0.927137342 -0.155839586 -0.38112712 0.911293664 0.997432191 -0.0595386195 0.0398017136 0.6594093 -0.357983518 0.66108031 0.936763991 -0.163714293 0.309307058 0.958829495 -0.130024024 0.252467331 0.99370762 -0.0806627918 -0.0777089414 -0.754263469 0.198266303 -0.625920995 -0.754263495 0.198266295 -0.625920967 -0.754263469 0.198266303 -0.625920995 -0.870153884 -0.018590549 -0.492429294 -0.96085329 -0.192089182 0.19965646 -0.989906265 -0.116758723 -0.0803304893 -0.894689032 -0.23409617 0.380434645 -0.880030394 -0.244567985 0.407103189 -0.876457161 -0.19012898 0.442350331 -0.977781044 -0.146177498 0.150254347 -0.912186817 -0.203452135 0.355699929 -0.993551065 -0.106604068 0.0386245287 -0.974066249 -0.0863654807 -0.209131409 -0.989317099 -0.0783273011 -0.122949225 -0.981055822 -0.100513186 0.165609701 -0.998417112 -0.0453573945 0.0332562379 -0.992338557 -0.094582104 0.0794884562 -0.152985772 -0.329130478 0.931809252 -0.192378923 -0.257171239 0.947023391 -0.155839586 -0.38112712 0.911293664 -0.204140936 -0.176198747 0.962954038 -0.0181805168 -0.117923504 0.992856241 -0.406108878 -0.0653409388 0.911485678 -0.422225937 -0.230731776 0.876634533 -0.433918906 -0.221312139 0.873347194 -0.981287317 -0.184041531 0.0566031488 -0.95129626 -0.128531099 0.280205606 -0.99012737 -0.129525944 0.0535800386 -0.968651851 -0.142759242 -0.20330615 -0.914654671 -0.118408977 -0.386505042 -0.877634152 -0.158384132 -0.452407738 -0.968679512 -0.0607879678 -0.240758853 -0.940117304 -0.0972520035 -0.326682572 -0.654029201 0.060793497 -0.754022516 -0.783350847 0.0319404814 -0.620758613 -0.927533772 -0.03391364 -0.372197483 -0.94652851 -0.0406629981 -0.320047342 -0.855553091 -0.21164375 -0.472478392 -0.962226413 -0.059885501 -0.265582486 -0.98177509 -0.0469453768 -0.184157007 0.9996127 -0.0239413285 -0.0141867137 0.940431226 -0.0591388681 -0.33480099 0.886534834 -0.0178172275 -0.46231865 -0.805738087 -0.00903069741 -0.592203159 -0.904431573 -0.0626401005 -0.421994961 -0.118421571 -0.0523078055 -0.991584704 -0.148844755 -0.10616814 -0.983144733 -0.0870606121 0.00258534387 -0.996199662 0.834151262 0.00578224096 -0.551505429 -0.856242253 -0.0132615791 0.516404235 -0.856242253 -0.0132615791 0.516404235 -0.856242253 -0.0132615791 0.516404235 -0.0569940971 0.0546374218 -0.99687834 0.935188376 0.140749156 -0.324980577 0.895749401 0.096214363 -0.434022818 0.969474157 0.0891484875 -0.228412797 0.915229279 0.196781929 -0.351613765 0.973350113 0.0933784719 -0.209451707 0.978026213 0.0735535826 -0.195075875 0.967580173 0.0733555966 -0.241676572 0.993732899 -0.104236821 0.040368426 0.989891459 -0.131497424 -0.0531349894 0.976706186 0.000368819568 -0.214580732 0.905881235 0.0908509535 -0.413672929 0.925195218 0.0832242324 -0.370253339 -0.964347504 0.0242325458 -0.263527371 -0.985216493 0.0382410799 -0.166991261 -0.972023747 0.0534157628 -0.228728204 0.951951139 0.0507432111 -0.302016813 0.956868683 0.0255437124 -0.289395649 0.982526418 0.026128681 -0.184280031 0.904349922 0.132889591 -0.405575609 0.946792893 0.00737529491 -0.321758952 0.98900366 -0.146188476 0.0223760939 0.96226781 -0.235489642 0.13632788 0.98908897 -0.146924386 0.010781148 0.991546725 -0.120329279 -0.0485381997 0.789404185 0.433076255 -0.435070097 0.789404185 0.433076255 -0.435070097 0.789404177 0.43307628 -0.435070088 0.965398198 -0.182953907 0.185833761 0.965398199 -0.182953919 0.185833744 0.965398198 -0.182953907 0.185833761 -0.92715266 0.263080342 -0.266789576 -0.953046912 0.210618602 -0.217580762 -0.926725732 0.263850633 -0.267511235 0.952491167 0.114951223 -0.282040411 0.999873436 -0.0033534575 -0.0155520235 0.688698088 -0.44671328 0.5710886 0.92229657 -0.368291544 0.117176684 0.795100381 -0.432170218 0.425492993 0.750686325 -0.521422773 0.405694877 0.678516727 -0.538654398 0.499466206 0.472419631 -0.654747478 0.590021553 0.908971347 -0.0705343958 0.410847892 0.901916655 -0.0817195751 0.424108781 0.987798203 -0.104815143 0.115188956 -0.0169830685 -0.597995592 0.801319442 0.218592273 -0.670443127 0.709029922 -0.425094397 -0.636080315 0.643969399 -0.133828627 -0.754461654 0.642555454 0.136706218 -0.776319883 0.615336371 -0.106304635 -0.791169449 0.602287496 0.631945059 -0.660231849 0.405880954 0.63443914 -0.658245596 0.405215637 0.685792719 -0.61443304 0.39007741 0.68961238 -0.610936158 0.388833867 0.994455445 -0.10270574 0.0225809589 0.994198521 -0.1014817 0.0356478007 0.998066588 -0.0621192135 0.00207120082 -0.894722849 0.315645742 -0.315972767 -0.904441711 0.163968431 -0.393826795 -0.965173826 -0.254035416 0.062493949 -0.989764113 -0.0455615497 -0.135244762 -0.905007498 -0.376610799 0.197802262 -0.886327221 -0.406693951 0.221413837 -0.875986603 -0.386112958 0.289074827 -0.977744135 -0.201810554 0.0573489932 -0.912128832 -0.355332556 0.204352071 -0.993031048 -0.117152036 -0.0128350293 -0.974539701 0.02802953 -0.222456099 -0.989685655 -0.00952830637 -0.142938851 -0.969259894 -0.219796318 0.110565982 -0.987364197 -0.146525947 0.0603497289 -0.985835673 -0.159291438 0.0524810745 -0.133828627 -0.754461654 0.642555454 -0.2032224 -0.695278845 0.689411331 -0.106304635 -0.791169449 0.602287496 -0.214291151 -0.628260682 0.747908964 -0.0169830685 -0.597995592 0.801319442 -0.415440973 -0.509099957 0.753807688 -0.425094397 -0.636080315 0.643969399 -0.438087159 -0.627454618 0.64372381 -0.980767738 -0.18936894 -0.0472657303 -0.949523906 -0.250453943 0.188884022 -0.990275038 -0.137239475 -0.0228183221 -0.968150639 -0.0201737789 -0.249554321 -0.915265 0.090556931 -0.392542256 -0.879913725 0.0863409235 -0.467222732 -0.961613378 0.0724993257 -0.264657438 -0.940223623 0.0798312995 -0.331068726 -0.662121997 0.416033812 -0.623305966 -0.815495371 0.311103839 -0.488038626 -0.924254424 0.159512749 -0.346856515 -0.94681491 0.12412109 -0.296876204 -0.853854017 0.0529940473 -0.51780783 -0.953565099 0.0922618995 -0.286707766 -0.965878326 0.0703694289 -0.249253292 0.991638188 0.0091873413 -0.128721779 0.921561574 0.131285498 -0.36536062 0.86641725 0.229035532 -0.443693446 -0.801800656 0.290733018 -0.522101543 -0.887407712 0.171640168 -0.427840163 0.0325704603 0.440184233 -0.897316558 0.0111081395 0.405445469 -0.914051739 0.0544511301 0.474819872 -0.878396928 0.76582246 0.324610295 -0.555107302 0.0747243366 0.50619959 -0.859173003 -0.998795806 0.00710208605 0.0485437781 -0.998795806 0.00710208578 0.0485437743 -0.998795806 0.00710208422 0.0485437778 0.938737382 0.276299539 -0.205987115 0.895853678 0.299920544 -0.327862554 0.969161373 0.191508823 -0.155082572 0.922125674 0.331638183 -0.199249483 0.983140439 0.143607683 -0.113188828 0.982847433 0.138521099 -0.121749041 0.967913963 0.183839936 -0.1713051 0.994322646 -0.104771969 -0.0185825381 0.989967808 -0.0864288206 -0.111775663 0.975945634 0.107824012 -0.189483778 0.905237632 0.286953214 -0.313373072 0.954818292 0.191307866 -0.227427638 -0.970819185 0.143824649 -0.191897315 -0.992033679 0.125182192 -0.0140924691 -0.991014934 0.0941377943 -0.0950130286 0.958940752 0.186184159 -0.213934789 0.986704606 0.0753855656 -0.143982765 0.991377041 0.125193543 -0.0387057932 0.903856123 0.318807186 -0.28531752 0.945018043 0.170279201 -0.279187917 0.990230813 -0.129025998 -0.0528699215 0.966722995 -0.255758206 -0.00586431603 0.990294974 -0.122486389 -0.0656730468 0.991763815 -0.0871382421 -0.093869393 0.690753543 0.703923129 -0.165383707 0.690753543 0.703923129 -0.165383707 0.690753543 0.703923129 -0.165383707 0.645354024 -0.729772509 0.225721663 0.645354024 -0.729772509 0.225721663 0.645354024 -0.729772509 0.225721663 -0.957987023 0.283661942 -0.0423882802 -0.997896247 0.063422756 0.0134400345 -0.945878985 0.320350915 -0.0518482136 0.952013705 0.24244842 -0.186785088 0.99987886 0.00245537231 -0.0153699647 0.692514195 -0.670183804 0.266978947 0.927649241 -0.361223263 -0.0947873374 0.800548593 -0.58100109 0.146832161 0.75715526 -0.648021954 0.0823617661 0.70001813 -0.697356606 0.153845315 0.47593673 -0.860062473 0.183784579 0.969522337 -0.0442803659 0.240968229 0.973982373 -0.0101701545 0.22639546 0.991492908 -0.125262779 0.0353701851 -0.020734039 -0.91870579 0.394397986 0.207873423 -0.937489632 0.279108993 -0.438625625 -0.867682446 0.233954553 0.240154486 -0.9465632 0.215276406 0.113368245 -0.983138503 0.143479352 0.0750039419 -0.988858519 0.128581643 0.998438411 -0.044612522 -0.0336223539 0.793151377 -0.609023308 0.00122584224 0.973589868 -0.228138171 0.00870306131 0.983220259 -0.181837483 0.0145962713 -0.859909413 0.500728482 -0.0991301599 -0.914367179 0.314505003 -0.254988755 -0.968431945 -0.24078356 -0.0645201163 -0.989768975 0.0284504293 -0.139813978 -0.915368116 -0.401992966 -0.022424702 -0.891766809 -0.452280411 -0.0139423188 -0.886571577 -0.459875973 0.0500492615 -0.980248111 -0.189213434 -0.0575492651 -0.924014428 -0.382178422 -0.0117043279 -0.99377729 -0.0805527972 -0.0769281811 -0.974145419 0.136405685 -0.18009495 -0.989641893 0.0644741632 -0.128265374 -0.966674751 -0.255800632 0.0102937993 -0.962000506 -0.272821715 -0.0111057704 -0.428682604 0.902995989 -0.0288005153 -0.42868258 0.902996 -0.0288005157 -0.428682603 0.902995989 -0.0288005299 -0.941139759 0.321330118 -0.104894751 -0.941139757 0.32133012 -0.104894765 -0.941139757 0.32133012 -0.104894765 -0.605673987 -0.790095142 0.094385845 -0.605673987 -0.790095142 0.094385845 -0.605673987 -0.790095142 0.094385845 -0.0874688241 -0.957617984 0.274439431 0.240154486 -0.9465632 0.215276406 -0.199009362 -0.923017788 0.329292328 -0.020734039 -0.91870579 0.394397986 -0.421833406 -0.817526851 0.392054111 -0.438625625 -0.867682446 0.233954553 -0.450831889 -0.860325656 0.237887313 -0.98033939 -0.130002568 -0.14843858 -0.950404447 -0.308059577 0.04278649 -0.990714843 -0.101021702 -0.0909874446 -0.967533157 0.109045015 -0.22801047 -0.914799682 0.275867201 -0.295023439 -0.878266084 0.310647642 -0.363519915 -0.976885028 0.156286858 -0.145842584 -0.93948119 0.2372923 -0.247118308 -0.660339532 0.673020069 -0.333160154 -0.821228726 0.506633181 -0.262499903 -0.931630917 0.296600859 -0.209980391 -0.947966707 0.252053897 -0.194494102 -0.82934034 0.326431308 -0.453472381 -0.97076008 0.173697419 -0.165692707 -0.995784936 0.0657101012 -0.0639886155 0.996265771 -0.0800330558 0.0323917156 0.957497522 0.228292135 -0.1762986 0.915369687 0.345442704 -0.206803467 -0.90144104 0.356926288 -0.244964644 -0.947015741 0.240923193 -0.212408102 -0.956549936 0.219351299 -0.19208651 0.951466206 0.271181865 -0.145507579 -0.6629812 -0.657955611 0.357141908 -0.6629812 -0.657955611 0.357141908 -0.6629812 -0.657955611 0.357141908 -0.42084089 0.814476429 -0.399400916 -0.420840866 0.814476439 -0.399400921 -0.420840866 0.814476439 -0.399400921 -0.955237399 -0.0861561921 0.283017001 0.938369752 0.343145879 -0.0413897821 0.896079768 0.423448753 -0.133162319 0.968725884 0.24513779 -0.0384398961 0.923975312 0.382395952 -0.00655422448 0.979115429 0.201798018 -0.0247090404 0.979775954 0.197238476 -0.0337055539 0.968165355 0.244019698 -0.0557694631 0.997408489 -0.041475892 -0.0587882269 0.990229827 -0.0161747306 -0.138503674 0.9769265 0.184385318 -0.107780648 0.908693019 0.397531455 -0.12745878 0.947938568 0.30048319 -0.105462431 -0.96881479 0.226646387 -0.100146479 -0.991212909 0.130696256 0.0203827885 -0.986263177 0.158308317 -0.0471531779 0.956649052 0.274334833 -0.0977905446 0.979605151 0.176669391 -0.0957166331 0.989960718 0.141341524 0.000591633163 0.906009579 0.413804729 -0.0889510467 0.975348927 -0.160775288 -0.151148199 0.972943918 -0.191346303 -0.129486388 0.968593079 -0.210481386 -0.132382151 0.989513665 -0.080565836 -0.11988266 0.992160092 -0.0133309728 -0.124260361 0.801881234 0.576594082 0.156606995 0.801881206 0.57659412 0.156607 0.801881234 0.576594083 0.156606991 0.662221133 -0.733807303 -0.151624582 0.662221133 -0.733807303 -0.151624582 0.662221133 -0.733807303 -0.151624582 -0.939937385 0.326689279 0.0989536597 -0.970129592 0.231362733 0.072937376 -0.935216482 0.338976397 0.102299241 0.952846796 0.300740887 -0.0404710104 0.980430039 -0.135865515 -0.142469295 0.755720154 -0.60110193 -0.259929835 0.923338423 -0.383174047 0.0249761093 0.50197174 -0.820944398 -0.272166618 0.989581543 -0.141415986 -0.0270164604 -0.0214803903 -0.992828139 -0.117604759 0.230405032 -0.946042694 -0.227852457 -0.442694195 -0.863190478 -0.242742763 -0.151163363 -0.930479007 -0.333704142 0.147355976 -0.919038369 -0.365588145 -0.106622614 -0.917011824 -0.384344809 0.997254782 -0.039553536 -0.0625972677 0.725050255 -0.601437632 -0.335521837 0.933831208 -0.309411908 -0.17950918 0.971294275 -0.206147179 -0.118704555 -0.897431273 0.42303456 0.125135413 -0.91251098 0.403760687 -0.065582156 -0.967239319 -0.179900461 -0.179119858 -0.989765148 0.0944420261 -0.106984367 -0.914012591 -0.340395866 -0.220707131 -0.892415467 -0.382875263 -0.238749172 -0.886059989 -0.424506986 -0.186256581 -0.979026408 -0.143446211 -0.144673691 -0.918487151 -0.338171303 -0.204991521 -0.992613062 -0.0527657807 -0.109247796 -0.975140485 0.203410181 -0.0878938726 -0.989934096 0.116767574 -0.0799738611 -0.982783513 -0.157010597 -0.0973870561 -0.995177475 0.0937953596 0.0287093068 -0.998444525 0.0277652471 -0.0483489461 -0.151163363 -0.930479007 -0.333704142 -0.189216657 -0.948639199 -0.253536441 -0.106622614 -0.917011824 -0.384344809 -0.224577522 -0.959338127 -0.170983314 -0.0214803903 -0.992828139 -0.117604759 -0.44167005 -0.894845298 -0.064648748 -0.442694195 -0.863190478 -0.242742763 -0.453840147 -0.861745982 -0.226766363 -0.980042252 -0.0480792541 -0.192887453 -0.951885001 -0.27545655 -0.134307984 -0.990188779 -0.0466951712 -0.131703234 -0.968677346 0.203893394 -0.141745134 -0.917280565 0.380615758 -0.117166594 -0.882070464 0.443045376 -0.160195167 -0.972398498 0.22641752 -0.0563583785 -0.940080242 0.327531149 -0.0947232067 -0.667526274 0.743320613 0.043395156 -0.825011198 0.564742975 0.0205400903 -0.930282175 0.3653149 -0.0334678663 -0.948234183 0.314667794 -0.0428498861 -0.850086156 0.479526203 -0.217734122 -0.96550192 0.253875577 -0.0579071083 -0.987855974 0.150467065 -0.0387328834 0.99902756 -0.0352482811 -0.0264857185 0.94998105 0.308921745 -0.0458624056 0.906259599 0.422621774 -0.00918561222 -0.83365653 0.552130138 -0.0130038801 -0.940801566 0.332508382 -0.0658072073 -0.029235421 0.99593385 -0.0852118285 -0.0753556737 0.991728077 -0.103908348 0.232644018 0.972254713 0.0244444952 0.914655059 0.404138814 0.00882842305 -0.674174498 -0.738318647 -0.0193473712 -0.674174498 -0.738318647 -0.0193473712 -0.674174499 -0.738318647 -0.0193473785 0.269554041 0.962137534 0.0403978205 0.936825529 0.321567439 0.137667394 0.896103941 0.433206795 0.096589854 0.968886122 0.230479682 0.0902152911 0.919863875 0.342539049 0.191095397 0.97470899 0.204272777 0.0906367357 0.977342696 0.196848613 0.0777938125 0.968436072 0.239033999 0.0706705126 0.997227099 -0.00865378104 -0.0739136349 0.990161317 0.055252034 -0.128560407 0.977361821 0.211558104 0.00265334072 0.909385484 0.406752338 0.0870090587 0.936927154 0.342201681 0.0711724496 -0.966244529 0.256419912 0.0249065903 -0.988320779 0.142321013 0.0544680381 -0.978653096 0.200478588 0.0452377531 0.953852546 0.295895953 0.0510970165 0.968152176 0.249582192 0.0197508027 0.986147248 0.160297327 0.042642375 0.906512112 0.401890078 0.129306447 0.975134565 -0.068374945 -0.210801915 0.971696989 -0.101210223 -0.21345129 0.965983956 -0.124994826 -0.226387479 0.988635676 -0.0141653908 -0.149662424 0.990943398 0.0395393306 -0.128327016 0.802382275 0.427689201 0.416250685 0.802382267 0.427689191 0.41625071 0.802382275 0.427689201 0.416250685 0.873845289 -0.357218484 -0.329832329 0.873845296 -0.357218492 -0.329832302 0.873845296 -0.357218492 -0.329832302 -0.917934283 0.295332024 0.264906867 -0.683651499 0.606045062 0.406607932 -0.989071276 0.128042333 0.0730970048 0.953354352 0.279360769 0.1143374 0.979793921 -0.0524504246 -0.193009909 0.754268548 -0.395459015 -0.524109841 0.907019205 -0.376109085 -0.189362399 0.494446766 -0.58090675 -0.64658313 0.98745712 -0.123218552 -0.0987199266 -0.0198213914 -0.801638083 -0.597480959 0.229080106 -0.705431249 -0.670737697 -0.433558687 -0.629264968 -0.64502129 -0.133551694 -0.641962165 -0.755015579 0.142231218 -0.614320144 -0.776132103 -0.0989310217 -0.602849192 -0.791697862 0.641604711 -0.400159462 -0.654381998 0.644290241 -0.399417495 -0.652193031 0.698724115 -0.38270705 -0.604417013 0.702684072 -0.381357233 -0.600667759 0.995586989 -0.0113759364 -0.0931511436 0.995718797 -0.0249167943 -0.0890125286 0.997766629 0.000522293264 -0.0667943179 -0.969718978 -0.0567972403 -0.237527213 -0.989829427 0.133446954 -0.0492911387 -0.906715937 -0.195751113 -0.373560854 -0.888313682 -0.217629626 -0.404396028 -0.879735118 -0.283619207 -0.3816101 -0.977558928 -0.0597114075 -0.202022499 -0.910815004 -0.205260457 -0.3581678 -0.991908401 0.000253881773 -0.126955343 -0.975376525 0.219050931 0.0256383388 -0.989922729 0.141164649 -0.0112040967 -0.971431073 -0.102681314 -0.213958449 -0.970014909 -0.102516927 -0.220366414 -0.133551694 -0.641962165 -0.755015579 -0.219783805 -0.686269973 -0.693345948 -0.0989310217 -0.602849192 -0.791697862 -0.23204519 -0.745902087 -0.624327723 -0.0198213914 -0.801638083 -0.597480959 -0.436567779 -0.747520189 -0.500621755 -0.433558687 -0.629264968 -0.64502129 -0.44449067 -0.636589677 -0.630223474 -0.980627521 0.0439355915 -0.190890882 -0.951886126 -0.162786575 -0.259640779 -0.989835813 0.0209821759 -0.140658496 -0.969392057 0.244562 -0.0216441113 -0.918099854 0.386518749 0.0877263634 -0.883570464 0.461045729 0.0820979321 -0.965984479 0.249538709 0.067855862 -0.940821828 0.329215114 0.0804468526 -0.820896395 0.483949005 0.303187185 -0.927547328 0.339208925 0.156822379 -0.947538714 0.295391311 0.122124358 -0.867353145 0.495313424 0.0486120757 -0.95833641 0.271901422 0.0875268134 -0.973603033 0.219957908 0.0609561584 0.998660809 0.0500867446 -0.0129578871 0.937074222 0.32803575 0.119517569 0.884656389 0.411890834 0.218469711 -0.8179536 0.503554477 0.278181231 -0.911971387 0.383168855 0.14659406 0.137310211 0.880713775 0.453309114 0.113931639 0.907087906 0.405229703 0.153736421 0.859924866 0.486717923 0.83176361 0.477914724 0.28243019 -0.836203317 -0.467375313 -0.286922168 -0.836203317 -0.467375313 -0.286922168 -0.836203317 -0.467375313 -0.286922168 0.175280449 0.829658845 0.530040531 0.936983867 0.207426219 0.281132703 0.89554082 0.328279018 0.300398944 0.969413085 0.152629265 0.192204522 0.910010959 0.21156585 0.356538842 0.984102128 0.110523706 0.139023422 0.954526397 0.142348787 0.261946903 0.968892731 0.178490283 0.171429562 0.956095372 0.15751887 0.24712233 0.929550483 0.222918929 0.293671672 0.976470028 0.180494485 0.118017054 0.905012908 0.315552962 0.285268232 0.961102098 0.213413235 0.175321272 -0.971951746 0.187123536 0.142459069 -0.99303755 0.0124262098 0.117140999 -0.992581138 0.0854350471 0.0865074363 0.960243282 0.209246441 0.184793849 0.99139968 0.11830747 0.0559465518 0.992184222 0.0387676905 0.118606641 0.903299129 0.285528881 0.320193601 0.948048856 0.2690106 0.169813616 0.980411096 0.0404483375 -0.192764141 0.794283176 -0.141285396 -0.590891422 0.858270011 -0.0356488591 -0.511958736 0.869688344 -0.0128969664 -0.493432723 0.792874011 -0.16330742 -0.587095809 0.794486865 -0.163098135 -0.58496976 0.990760254 0.0733428945 -0.114083039 0.978791241 0.143851191 0.145857947 0.642176543 -0.122318164 -0.756734798 0.642176543 -0.122318164 -0.756734798 0.642176543 -0.122318164 -0.756734798 -0.0883492675 0.215758765 0.972441547 -0.0883492823 0.215758765 0.972441546 -0.0883492749 0.215758765 0.972441546 0.750388501 -0.170022476 -0.638756178 0.750388528 -0.170022492 -0.638756143 0.750388528 -0.170022492 -0.638756143 -0.999122164 -0.0215463116 0.0359257288 -0.999122164 -0.02154631 0.0359257253 -0.999122164 -0.02154631 0.0359257253 0.952674106 0.185742814 0.240648404 0.98475768 0.0647503675 -0.161430173 0.68834502 -0.268383028 -0.673907771 0.68834502 -0.268383028 -0.673907771 0.68834502 -0.268383028 -0.673907771 0.940133463 0.0466286956 -0.337601594 0.857761852 -0.153310736 -0.490653058 -0.00484746304 -0.245985467 -0.969261395 0.347052169 -0.383140587 -0.856012898 0.433087111 -0.226291893 -0.872483543 -0.0237739471 -0.393096719 -0.919189735 0.182791115 -0.277319757 -0.943229114 -0.171073251 -0.180661441 -0.968553244 0.0347833942 -0.145418487 -0.988758605 -0.193240664 -0.124498542 -0.973220509 0.9981484 0.036919197 -0.0483398882 0.723487112 -0.0126400805 -0.690222157 0.972308199 -0.0143090285 -0.233263837 0.979621934 -0.0192703661 -0.199923782 0.99363045 0.10820625 0.0314632433 0.990193031 -0.0499331427 -0.130477746 -0.655376039 0.153937704 0.739449411 -0.655376039 0.153937704 0.739449411 -0.655376039 0.153937704 0.739449411 -0.849044959 0.263356192 0.458002373 -0.954423638 0.0557808384 -0.29319621 -0.989905197 0.141448833 -0.00894024106 -0.894519175 0.0122640179 -0.44686132 -0.879635294 0.00824945638 -0.475577223 -0.882309257 -0.0526296346 -0.467718394 -0.978410211 0.0523279285 -0.199938109 -0.914983687 0.000304606925 -0.403490717 -0.993572559 0.073594586 -0.0860081739 -0.974199366 0.179170675 0.137235072 -0.989224782 0.12929691 0.0686777949 -0.991090341 -0.00226845678 -0.133172031 -0.995122676 0.0298597687 0.0940173083 -0.998229104 0.0569150881 -0.0173011372 -0.171073251 -0.180661441 -0.968553244 -0.17472055 -0.25461978 -0.951126436 -0.193240664 -0.124498542 -0.973220509 -0.201788596 -0.325963971 -0.923595611 -0.0237739471 -0.393096719 -0.919189735 -0.411344701 -0.398054512 -0.819968379 -0.00484746304 -0.245985467 -0.969261395 -0.437150536 -0.240676801 -0.86658761 -0.9814373 0.130787539 -0.140269192 -0.953767548 -0.0120370832 -0.300304135 -0.990024576 0.0849425759 -0.112410401 -0.969285583 0.223562518 0.10249517 -0.915763766 0.294409901 0.273312157 -0.87823784 0.362765582 0.311607812 -0.977458803 0.145254352 0.15321704 -0.940378687 0.246406809 0.234460252 -0.648775168 0.318978391 0.690900548 -0.774134382 0.287472285 0.563981953 -0.932866255 0.20696383 0.294833043 -0.9469947 0.195017311 0.255282757 -0.858296473 0.416476954 0.299790111 -0.972883691 0.159170133 0.167815946 -0.995665901 0.0657719108 0.0657531006 0.989699685 -0.0882723083 -0.112705519 0.964893042 0.165295449 0.204104952 0.917288265 0.203994583 0.342006504 -0.793866069 0.326840881 0.512788165 -0.938717556 0.220971343 0.264539252 -0.717701004 0.328268934 0.614121141 0.954540307 0.141121773 0.262559416 -0.712368721 -0.335126456 -0.616620681 -0.712368721 -0.335126456 -0.616620681 -0.712368721 -0.335126456 -0.616620681 -0.691140576 0.307289872 0.654138853 0.935044902 0.0392483188 0.352350111 0.895401517 0.134153681 0.424569092 0.96964017 0.0362162377 0.241839462 0.908438084 0.00458330696 0.417994306 0.978520881 0.0250369403 0.204621693 0.979844912 0.0304383369 0.197427093 0.969251911 0.0653069626 0.237246146 0.956474331 0.0130588716 0.291524133 0.930224381 0.0451366001 0.364205008 0.976595058 0.10106585 0.189862546 0.904117418 0.129956291 0.407041837 0.940756237 0.106501037 0.321924264 -0.967816012 0.101723247 0.230183726 -0.990195047 0.0100116293 0.139332463 -0.982123768 0.0517729758 0.180976419 0.955735793 0.0986331029 0.27720138 0.974627993 0.103829972 0.198291733 0.987983559 0.0310604173 0.151405869 0.902935907 0.0869554549 0.42088656 0.975478738 0.153222909 -0.157999914 0.974856069 0.127241544 -0.182935054 0.791703729 0.174591941 -0.585425366 0.858375519 0.226274861 -0.460424972 0.869782767 0.236059626 -0.433305656 0.799932851 0.148494233 -0.581426605 0.802628999 0.1469226 -0.578100718 0.990625392 0.120994944 -0.063415747 0.976870144 0.156359638 -0.145864272 0.285990395 -0.284881043 0.914905616 0.285990422 -0.284881047 0.914905606 0.285990395 -0.284881043 0.914905616 0.889307441 0.118673484 -0.441643384 0.889307441 0.118673484 -0.441643384 0.889307453 0.118673484 -0.44164336 -0.984395304 -0.0583162593 0.166027406 -0.984395304 -0.0583162593 0.166027406 -0.984395304 -0.0583162593 0.166027406 0.952384423 0.041495272 0.302062996 0.9804958 0.136243538 -0.141653393 0.756284836 0.241271523 -0.608129343 0.87712982 -0.0137121495 -0.480057554 0.474065477 0.247664356 -0.844940406 0.989757256 0.0295750252 -0.139663495 -0.0181789326 0.11792292 -0.99285634 0.196852085 0.227695142 -0.953626855 -0.422225939 0.230731246 -0.876634672 -0.152988879 0.329130266 -0.931808817 0.0770419862 0.366717185 -0.927137012 -0.155838563 0.381127222 -0.911293796 0.997432199 0.0595390904 -0.0398008274 0.659411845 0.357983105 -0.661077995 0.936765086 0.163713139 -0.309304352 0.958829449 0.130024167 -0.252467432 0.993707576 0.0806631485 0.0777091364 -0.754264263 -0.198266627 0.625919936 -0.754264263 -0.198266627 0.625919936 -0.754264237 -0.198266636 0.625919964 -0.870153546 0.0185901787 0.492429905 -0.960854047 0.192087612 -0.199654324 -0.989906409 0.116757713 0.0803301759 -0.894689857 0.234094761 -0.380433573 -0.880028792 0.244568179 -0.407106535 -0.87645556 0.190128765 -0.442353596 -0.977780908 0.146177234 -0.150255491 -0.912185975 0.20345221 -0.355702045 -0.993551115 0.106603515 -0.0386247771 -0.974066252 0.0863649429 0.209131617 -0.989317152 0.0783267657 0.122949137 -0.98105587 0.100512646 -0.165609745 -0.998417227 0.045355995 -0.0332546859 -0.992338597 0.0945813996 -0.0794887924 -0.152988879 0.329130266 -0.931808817 -0.192394158 0.257171893 -0.947020119 -0.155838563 0.381127222 -0.911293796 -0.204144607 0.176198952 -0.962953223 -0.0181789326 0.11792292 -0.99285634 -0.40610903 0.0653403252 -0.911485654 -0.422225939 0.230731246 -0.876634672 -0.433919143 0.221311705 -0.873347185 -0.981287372 0.184041095 -0.0566036199 -0.951295961 0.128530262 -0.280207006 -0.99012744 0.129525368 -0.0535801367 -0.968651727 0.142758863 0.203307006 -0.914654537 0.118408939 0.386505371 -0.877634268 0.158383561 0.452407714 -0.968679622 0.0607874491 0.240758542 -0.940117336 0.0972516939 0.326682572 -0.654023387 -0.0607944363 0.754027483 -0.783351564 -0.0319412117 0.620757671 -0.927534109 0.03391314 0.37219669 -0.9465287 0.0406625943 0.320046829 -0.855554388 0.211641944 0.472476854 -0.962226461 0.0598850516 0.265582414 -0.981775148 0.0469449245 0.184156814 0.999612656 0.0239422214 0.0141882938 0.940430705 0.0591396556 0.334802315 0.886534502 0.0178181655 0.462319251 -0.805741414 0.009031324 0.592198622 -0.904430204 0.0626393377 0.421998008 -0.118407069 0.0523093684 0.991586353 -0.148831798 0.106167233 0.983146792 -0.0870410713 -0.00258740979 0.996201364 0.83415102 -0.00578115757 0.551505806 -0.856249308 0.0132603552 -0.51639257 -0.856249308 0.0132603552 -0.51639257 -0.856249308 0.0132603552 -0.51639257 -0.0569732674 -0.0546369318 0.996879558 0.935188391 -0.140748546 0.3249808 0.895749726 -0.0962130359 0.434022441 0.969474384 -0.08914733 0.228412284 0.915229877 -0.196780575 0.351612964 0.973350344 -0.0933772664 0.209451175 0.978026539 -0.073551833 0.195074901 0.967580368 -0.0733543404 0.241676174 0.993732633 0.104238968 -0.0403694411 0.989891347 0.13149841 0.0531346401 0.97670615 -0.000368334831 0.214580894 0.905881387 -0.0908496064 0.413672892 0.925194654 -0.0832240269 0.370254795 -0.9643475 -0.0242331554 0.263527328 -0.985216489 -0.0382418124 0.166991121 -0.972023597 -0.053416682 0.228728628 0.951951055 -0.0507427856 0.30201715 0.956867965 -0.0255438452 0.289398011 0.982526403 -0.0261277888 0.18428024 0.904350103 -0.132888851 0.40557545 0.946792953 -0.00737450704 0.321758794 0.989003676 0.146188467 -0.0223754472 0.962267644 0.235490404 -0.136327736 0.989088911 0.146924815 -0.0107808005 0.991546695 0.120329119 0.0485392137 0.789407654 -0.433072912 0.435067131 0.789407678 -0.433072914 0.435067086 0.789407632 -0.433072932 0.435067152 0.965397466 0.182956109 -0.185835399 0.965397464 0.182956123 -0.185835396 0.965397466 0.182956109 -0.185835399 -0.927152278 -0.263081161 0.266790098 -0.953045901 -0.210621074 0.217582797 -0.926725104 -0.263851901 0.26751216 0.95249137 -0.114950398 0.282040061 0.999873434 0.00335437068 0.0155519551 0.688698288 0.446713364 -0.571088294 0.922296512 0.368291704 -0.117176638 0.7951005 0.432170503 -0.425492481 0.750685869 0.521423113 -0.405695284 0.678516445 0.538654875 -0.499466074 0.472418994 0.6547474 -0.590022149 0.908972593 0.0705320346 -0.41084554 0.901918215 0.0817168385 -0.424105991 0.987798234 0.104815077 -0.115188756 -0.0169847294 0.597995959 -0.801319132 0.218588166 0.670443604 -0.709030738 -0.425095531 0.636079529 -0.643969426 -0.133827316 0.754461266 -0.642556182 0.136704285 0.776319455 -0.61533734 -0.106301748 0.791168901 -0.602288725 0.631948822 0.660229461 -0.405878979 0.634442858 0.658243223 -0.40521367 0.685795837 0.614430791 -0.390075471 0.689615482 0.610933896 -0.388831919 0.99445521 0.102707724 -0.0225822627 0.994198252 0.101483845 -0.0356491868 0.998066547 0.062119879 -0.00207095802 -0.894723362 -0.315645074 0.31597198 -0.90444125 -0.163969463 0.393827424 -0.965173784 0.25403551 -0.0624942129 -0.989764178 0.0455622023 0.135244067 -0.905008299 0.376609189 -0.197801662 -0.8863281 0.406692308 -0.221413337 -0.87598736 0.386111625 -0.289074312 -0.977744306 0.201809664 -0.0573492103 -0.912128748 0.355332293 -0.204352903 -0.993031137 0.117151327 0.0128346609 -0.974539711 -0.028030261 0.222455963 -0.989685631 0.00952743584 0.142939078 -0.969259292 0.219798215 -0.110567485 -0.987364658 0.146523369 -0.0603484447 -0.985836186 0.159288775 -0.0524795217 -0.133827316 0.754461266 -0.642556182 -0.203210281 0.69527884 -0.689414909 -0.106301748 0.791168901 -0.602288725 -0.214289274 0.628260515 -0.747909642 -0.0169847294 0.597995959 -0.801319132 -0.415439912 0.509100196 -0.753808112 -0.425095531 0.636079529 -0.643969426 -0.438088933 0.627453363 -0.643723826 -0.980767936 0.189367889 0.0472658194 -0.949524205 0.250452628 -0.188884265 -0.990275138 0.137238807 0.0228179806 -0.968150568 0.0201730705 0.249554654 -0.915264789 -0.0905575577 0.392542602 -0.879913422 -0.0863419082 0.467223122 -0.961613279 -0.0725001021 0.264657582 -0.940223513 -0.0798320129 0.331068867 -0.662119991 -0.416035299 0.623307105 -0.81549494 -0.311104785 0.488038743 -0.924254416 -0.159513202 0.346856329 -0.946814593 -0.124122214 0.296876745 -0.853856585 -0.05299442 0.517803557 -0.953565024 -0.0922624707 0.286707832 -0.965878218 -0.0703701631 0.249253502 0.991638334 -0.00918646196 0.128720722 0.9215626 -0.131283018 0.365358925 0.866418913 -0.229033504 0.443691245 -0.801801356 -0.290732627 0.522100685 -0.887407325 -0.171641042 0.427840615 0.0325728011 -0.440183334 0.897316915 0.0111101879 -0.405444707 0.914052052 0.0544541847 -0.474819463 0.87839696 0.765826408 -0.324607583 0.555103441 0.0747276372 -0.506198954 0.85917309 -0.99879577 -0.00710244166 -0.0485444705 -0.99879577 -0.00710244285 -0.0485444745 -0.99879577 -0.00710244166 -0.0485444705 0.938737444 -0.276299161 0.205987343 0.895853979 -0.299920063 0.327862173 0.969161269 -0.191509023 0.155082977 0.922126517 -0.33163629 0.199248736 0.983140247 -0.143608483 0.113189482 0.982847421 -0.138521255 0.121748961 0.967914532 -0.183837293 0.171304724 0.994322551 0.104772853 0.018582596 0.989967781 0.0864290089 0.111775751 0.975945617 -0.107823589 0.189484103 0.905237489 -0.28695328 0.313373427 0.954818736 -0.19130635 0.227427047 -0.970819045 -0.143824965 0.191897786 -0.992033641 -0.125182447 0.0140929276 -0.991014798 -0.0941387812 0.0950134695 0.958940929 -0.186183583 0.213934494 0.986704967 -0.0753834749 0.14398139 0.991377087 -0.125193306 0.0387053839 0.903856245 -0.318806883 0.285317472 0.945017793 -0.170279387 0.279188649 0.990230831 0.129025897 0.0528698254 0.966723057 0.255757969 0.00586450521 0.99029494 0.122486623 0.0656731201 0.991763367 0.0871449224 0.0938679237 0.69074477 -0.703931341 0.165385395 0.69074477 -0.703931341 0.165385395 0.69074477 -0.703931341 0.165385395 0.645364616 0.729764077 -0.225718641 0.645364609 0.729764074 -0.225718668 0.645364609 0.729764074 -0.225718668 -0.957986568 -0.283663529 0.0423879546 -0.997896535 -0.0634178881 -0.0134415944 -0.945879511 -0.320349548 0.0518470533 0.952013699 -0.242448265 0.186785321 0.999878865 -0.00245500009 0.0153697036 0.692514568 0.67018339 -0.266979019 0.927649144 0.361223676 0.0947867217 0.800548331 0.581001378 -0.146832446 0.757155122 0.648022127 -0.0823616657 0.700017534 0.697357145 -0.153845588 0.475936706 0.86006252 -0.183784423 0.969522709 0.0442773139 -0.240967293 0.973982709 0.010166531 -0.226394178 0.991492891 0.12526278 -0.0353706529 -0.0207355839 0.918705726 -0.394398053 0.207869264 0.937490432 -0.279109404 -0.438625609 0.867682407 -0.233954729 0.240149546 0.94656428 -0.21527717 0.113363024 0.983139006 -0.143480035 0.0749986524 0.988858844 -0.128582224 0.998438416 0.0446122027 0.0336226249 0.793152476 0.609021878 -0.00122543909 0.973590325 0.228136229 -0.00870284438 0.983220644 0.181835414 -0.0145961187 -0.85990537 -0.500735285 0.0991308674 -0.914367255 -0.314504576 0.254989009 -0.968432516 0.240781202 0.0645203369 -0.989768595 -0.0284563786 0.139815457 -0.915368252 0.401992653 0.0224247896 -0.891764353 0.452285275 0.0139416298 -0.886570795 0.459877369 -0.0500502917 -0.980248194 0.189213004 0.0575492651 -0.924014777 0.38217758 0.0117042456 -0.993777322 0.0805524541 0.0769281277 -0.974145455 -0.13640562 0.180094806 -0.989641892 -0.0644742709 0.128265329 -0.966674843 0.255800292 -0.0102935778 -0.962000571 0.272821485 0.0111058404 -0.428675996 -0.902999143 0.0287999649 -0.428675997 -0.902999143 0.0287999503 -0.428675996 -0.902999143 0.0287999649 -0.94114071 -0.321327344 0.104894718 -0.941140708 -0.321327346 0.104894732 -0.941140708 -0.321327346 0.104894732 -0.605676958 0.790092868 -0.0943858125 -0.605676956 0.790092868 -0.0943858269 -0.605676958 0.790092868 -0.0943858125 -0.0874806741 0.957617495 -0.274437359 0.240149546 0.94656428 -0.21527717 -0.199007914 0.923018073 -0.329292404 -0.0207355839 0.918705726 -0.394398053 -0.421832847 0.817527097 -0.392054199 -0.438625609 0.867682407 -0.233954729 -0.450831674 0.860325669 -0.237887674 -0.980339468 0.130002242 0.148438354 -0.950404631 0.308059045 -0.0427862293 -0.990714854 0.101021567 0.0909874767 -0.96753317 -0.109045112 0.228010368 -0.91479965 -0.27586741 0.295023341 -0.878265877 -0.310647888 0.363520204 -0.976884883 -0.156287631 0.145842731 -0.939481236 -0.237292214 0.247118217 -0.660346072 -0.673014329 0.333158787 -0.821227704 -0.50663425 0.26250104 -0.931631148 -0.296600478 0.209979903 -0.947966735 -0.252053806 0.194494084 -0.829339722 -0.326431768 0.453473183 -0.970760087 -0.173697543 0.16569254 -0.99578495 -0.0657102047 0.0639883017 0.996265857 0.0800324364 -0.0323906001 0.95749761 -0.228291988 0.176298311 0.915369394 -0.345443062 0.206804168 -0.90144103 -0.356926512 0.244964353 -0.947015238 -0.240924873 0.212408439 -0.956549381 -0.219353285 0.192087006 0.951465115 -0.271184564 0.145509682 -0.662974703 0.657960628 -0.357144726 -0.662974703 0.657960628 -0.357144726 -0.662974703 0.657960628 -0.357144726 -0.420845876 -0.814474177 0.399400255 -0.420845876 -0.814474177 0.399400255 -0.420845876 -0.814474177 0.399400255 -0.95523757 0.0861549209 -0.283016809 0.938369937 -0.343145349 0.0413899808 0.896080069 -0.423448109 0.13316234 0.968726041 -0.245137122 0.0384401915 0.923976014 -0.382394251 0.00655458322 0.979115765 -0.201796356 0.0247092983 0.979776224 -0.197237028 0.0337061559 0.96816567 -0.24401829 0.0557701424 0.997408554 0.0414751386 0.0587876593 0.990229753 0.0161756898 0.138504093 0.976926758 -0.184384017 0.107780533 0.908693359 -0.397530677 0.127458777 0.947939413 -0.300480497 0.105462508 -0.968814566 -0.226647356 0.100146454 -0.991212801 -0.130697083 -0.0203827346 -0.986262769 -0.158310834 0.047153262 0.956649318 -0.274333832 0.0977907514 0.979605916 -0.176665219 0.0957165068 0.989960869 -0.141340469 -0.000591853065 0.906009897 -0.413803944 0.0889514587 0.975348513 0.16077753 0.151148483 0.972943504 0.191348044 0.129486929 0.968592923 0.210482046 0.132382245 0.989513555 0.0805668195 0.119882911 0.99215998 0.0133329106 0.124261046 0.801879709 -0.576595972 -0.156607846 0.801879709 -0.576595971 -0.15660785 0.801879709 -0.576595972 -0.156607846 0.662218957 0.733809116 0.151625305 0.662218957 0.733809116 0.151625307 0.662218957 0.733809116 0.151625307 -0.939936887 -0.326690565 -0.0989541467 -0.970129079 -0.231364684 -0.0729380055 -0.935215908 -0.338977821 -0.102299772 0.952847023 -0.300740136 0.0404712488 0.980429831 0.135867012 0.142469302 0.755719612 0.601102509 0.25993007 0.92333897 0.383172694 -0.0249766438 0.50197146 0.820944527 0.272166746 0.989581474 0.1414165 0.027016282 -0.0214821985 0.992828121 0.117604578 0.230402729 0.946043309 0.227852231 -0.442695743 0.863189788 0.24274239 -0.151167568 0.93047833 0.333704127 0.147354694 0.919038337 0.365588743 -0.10662467 0.91701137 0.384345323 0.99725478 0.0395536343 0.062597232 0.725044735 0.601442983 0.335524172 0.933829564 0.30941585 0.179510937 0.971293703 0.206149403 0.118705378 -0.89743095 -0.423035146 -0.125135746 -0.91251054 -0.403761703 0.06558202 -0.967240116 0.179897425 0.179118608 -0.989764982 -0.0944444962 0.106983725 -0.914014169 0.340392626 0.220705594 -0.892415408 0.382875486 0.238749037 -0.886059433 0.424508159 0.186256554 -0.979026524 0.143445485 0.144673628 -0.918488001 0.338169395 0.204990857 -0.992613126 0.0527651116 0.109247542 -0.975140245 -0.203411386 0.0878937425 -0.989933988 -0.116768662 0.0799736141 -0.98278382 0.157008779 0.097386893 -0.995176815 -0.0938015242 -0.0287120481 -0.998444569 -0.0277605791 0.0483507314 -0.151167568 0.93047833 0.333704127 -0.189238554 0.948634276 0.253538517 -0.10662467 0.91701137 0.384345323 -0.224578054 0.959338061 0.170982991 -0.0214821985 0.992828121 0.117604578 -0.441670985 0.894844854 0.0646485008 -0.442695743 0.863189788 0.24274239 -0.453841882 0.861745267 0.226765608 -0.980042347 0.0480782936 0.192887212 -0.951885408 0.275455299 0.134307666 -0.990188805 0.0466949628 0.131703117 -0.968677098 -0.203894534 0.14174519 -0.917280023 -0.380617031 0.117166699 -0.882069948 -0.443046499 0.160194902 -0.972398146 -0.226419063 0.0563582593 -0.940079847 -0.327532295 0.0947231582 -0.667523639 -0.743322957 -0.0433955385 -0.825008967 -0.564746221 -0.0205404776 -0.930282121 -0.365315053 0.0334677228 -0.948233912 -0.314668608 0.0428499131 -0.850086231 -0.479526521 0.217733128 -0.965501683 -0.253876493 0.0579070479 -0.987855738 -0.150468636 0.0387328041 0.999027522 0.035249071 0.026486103 0.949981352 -0.308920769 0.0458627149 0.906261047 -0.422618669 0.00918562823 -0.8336573 -0.552128969 0.0130041486 -0.940800597 -0.332511186 0.0658068932 -0.0292319685 -0.995933938 0.0852119859 -0.0753522905 -0.991728245 0.103909192 0.232638052 -0.972256157 -0.0244438663 0.914658196 -0.404131711 -0.00882863994 -0.67417601 0.738317275 0.019347073 -0.67417601 0.738317275 0.0193470656 -0.674175977 0.738317305 0.0193470664 0.269548439 -0.962139102 -0.040397868</float_array>
        <technique_common><accessor source="#vfx_kurp_0719-mesh-normals-array" count="2732" stride="3"><param name="X" type="float"/><param name="Y" type="float"/><param name="Z" type="float"/></accessor></technique_common>
      </source>
      <source id="vfx_kurp_0719-mesh-uv0">
        <float_array id="vfx_kurp_0719-mesh-uv0-array" count="5464">0.189883813 0.049476862 0.290120184 0.164963126 0.30609253 0.0128577948 0.259419024 0.218247116 0.232475102 0.184679449 0.126941457 0.081469357 0.406569064 0.0830130577 0.348535031 0.187895298 0.284298569 0.255690098 0.238647446 0.251101375 0.161323205 0.175751567 0.0111694261 0.232248902 0.180848986 0.274222136 0.122594833 0.304918885 0.189122915 0.3416816 0.149165928 0.378436863 0.166043296 0.399954319 0.0867232382 0.492704451 0.166043296 0.399954319 0.149165928 0.378436863 0.173344493 0.443222165 0.207352743 0.444783688 0.173344493 0.443222165 0.207352743 0.444783688 0.209140167 0.381296635 0.249077126 0.372580588 0.236435115 0.29175204 0.328240126 0.271108866 0.296951443 0.30462414 0.310728282 0.395163715 0.173344493 0.443222165 0.209140167 0.381296635 0.166043296 0.399954319 0.0887893885 0.302496016 0.0111694261 0.232248902 0.0186155587 0.279557049 0.0111694261 0.232248902 0.0887893885 0.302496016 0.122594833 0.304918885 0.0981735811 0.345759273 0.0887893885 0.302496016 0.0981735811 0.345759273 0.0867232382 0.492704451 0.0981735811 0.345759273 0.0409553051 0.421482861 0.0887893885 0.302496016 0.0409553051 0.421482861 0.0981735811 0.345759273 0.0409553051 0.421482861 0.0887893885 0.302496016 0.0260620005 0.326865673 0.0186155587 0.279557049 0.156625554 0.558022916 0.23625882 0.584731877 0.245086566 0.469548523 0.335512578 0.547803879 0.245086566 0.469548523 0.23625882 0.584731877 0.314844042 0.462709069 0.265477657 0.405968249 0.310728282 0.395163715 0.314844042 0.462709069 0.245086566 0.469548523 0.335512578 0.547803879 0.245086566 0.469548523 0.314844042 0.462709069 0.23625882 0.584731877 0.245086566 0.469548523 0.23625882 0.584731877 0.207352743 0.444783688 0.156625554 0.558022916 0.0867232382 0.492704451 0.265477657 0.405968249 0.207352743 0.444783688 0.249077126 0.372580588 0.296951443 0.30462414 0.236435115 0.29175204 0.238647446 0.251101375 0.284298569 0.255690098 0.329568565 0.271195889 0.348535031 0.187895298 0.290120184 0.164963126 0.259419024 0.218247116 0.232475102 0.184679449 0.161323205 0.175751567 0.180848986 0.274222136 0.189122915 0.3416816 0.209140167 0.381296635 0.173344493 0.443222165 0.173344493 0.443222165 0.166043296 0.399954319 0.149165928 0.378436863 0.166043296 0.399954319 0.149165928 0.378436863 0.122594833 0.304918885 0.0111694261 0.232248902 0.126941457 0.081469357 0.189883813 0.049476862 0.30609253 0.0128577948 0.406569064 0.0830130577 0.173344493 0.443222165 0.166043296 0.399954319 0.209140167 0.381296635 0.0186155587 0.279557049 0.0111694261 0.232248902 0.0887893885 0.302496016 0.122594833 0.304918885 0.0887893885 0.302496016 0.0111694261 0.232248902 0.0887893885 0.302496016 0.0981735811 0.345759273 0.0981735811 0.345759273 0.0409553051 0.421482861 0.0981735811 0.345759273 0.0867232382 0.492704451 0.0981735811 0.345759273 0.0409553051 0.421482861 0.0887893885 0.302496016 0.0260620005 0.326865673 0.0887893885 0.302496016 0.0409553051 0.421482861 0.0186155587 0.279557049 0.189883813 0.049476862 0.290120184 0.164963126 0.30609253 0.0128577948 0.259419024 0.218247116 0.232475102 0.184679449 0.126941457 0.081469357 0.406569064 0.0830130577 0.348535031 0.187895298 0.284298569 0.255690098 0.238647446 0.251101375 0.161323205 0.175751567 0.0111694261 0.232248902 0.180848986 0.274222136 0.122594833 0.304918885 0.189122915 0.3416816 0.149165928 0.378436863 0.166043296 0.399954319 0.0867232382 0.492704451 0.166043296 0.399954319 0.149165928 0.378436863 0.173344493 0.443222165 0.207352743 0.444783688 0.173344493 0.443222165 0.207352743 0.444783688 0.209140167 0.381296635 0.249077126 0.372580588 0.236435115 0.29175204 0.328240126 0.271108866 0.296951443 0.30462414 0.310728282 0.395163715 0.0887893885 0.302496016 0.0111694261 0.232248902 0.0186155587 0.279557049 0.0111694261 0.232248902 0.0887893885 0.302496016 0.122594833 0.304918885 0.0981735811 0.345759273 0.0887893885 0.302496016 0.0981735811 0.345759273 0.0867232382 0.492704451 0.0981735811 0.345759273 0.0409553051 0.421482861 0.0887893885 0.302496016 0.0409553051 0.421482861 0.0981735811 0.345759273 0.0409553051 0.421482861 0.0887893885 0.302496016 0.0260620005 0.326865673 0.0186155587 0.279557049 0.156625554 0.558022916 0.23625882 0.584731877 0.245086566 0.469548523 0.335512578 0.547803879 0.245086566 0.469548523 0.23625882 0.584731877 0.314844042 0.462709069 0.245086566 0.469548523 0.314844042 0.462709069 0.265477657 0.405968249 0.310728282 0.395163715 0.314844042 0.462709069 0.245086566 0.469548523 0.245086566 0.469548523 0.314844042 0.462709069 0.23625882 0.584731877 0.245086566 0.469548523 0.23625882 0.584731877 0.207352743 0.444783688 0.156625554 0.558022916 0.0867232382 0.492704451 0.265477657 0.405968249 0.207352743 0.444783688 0.249077126 0.372580588 0.296951443 0.30462414 0.236435115 0.29175204 0.238647446 0.251101375 0.284298569 0.255690098 0.329568565 0.271195889 0.348535031 0.187895298 0.290120184 0.164963126 0.259419024 0.218247116 0.232475102 0.184679449 0.161323205 0.175751567 0.180848986 0.274222136 0.189122915 0.3416816 0.209140167 0.381296635 0.173344493 0.443222165 0.173344493 0.443222165 0.166043296 0.399954319 0.149165928 0.378436863 0.166043296 0.399954319 0.149165928 0.378436863 0.122594833 0.304918885 0.0111694261 0.232248902 0.126941457 0.081469357 0.189883813 0.049476862 0.30609253 0.0128577948 0.406569064 0.0830130577 0.0186155587 0.279557049 0.0111694261 0.232248902 0.0887893885 0.302496016 0.122594833 0.304918885 0.0887893885 0.302496016 0.0111694261 0.232248902 0.0887893885 0.302496016 0.0981735811 0.345759273 0.0981735811 0.345759273 0.0409553051 0.421482861 0.0981735811 0.345759273 0.0867232382 0.492704451 0.0981735811 0.345759273 0.0409553051 0.421482861 0.0887893885 0.302496016 0.0260620005 0.326865673 0.0887893885 0.302496016 0.0409553051 0.421482861 0.0186155587 0.279557049 0.189883813 0.049476862 0.290120184 0.164963126 0.30609253 0.0128577948 0.259419024 0.218247116 0.232475102 0.184679449 0.126941457 0.081469357 0.406569064 0.0830130577 0.348535031 0.187895298 0.284298569 0.255690098 0.238647446 0.251101375 0.161323205 0.175751567 0.0111694261 0.232248902 0.180848986 0.274222136 0.122594833 0.304918885 0.189122915 0.3416816 0.149165928 0.378436863 0.166043296 0.399954319 0.0867232382 0.492704451 0.166043296 0.399954319 0.149165928 0.378436863 0.173344493 0.443222165 0.207352743 0.444783688 0.173344493 0.443222165 0.207352743 0.444783688 0.209140167 0.381296635 0.249077126 0.372580588 0.236435115 0.29175204 0.328240126 0.271108866 0.296951443 0.30462414 0.310728282 0.395163715 0.173344493 0.443222165 0.209140167 0.381296635 0.166043296 0.399954319 0.0887893885 0.302496016 0.0111694261 0.232248902 0.0186155587 0.279557049 0.0111694261 0.232248902 0.0887893885 0.302496016 0.122594833 0.304918885 0.0981735811 0.345759273 0.0887893885 0.302496016 0.0981735811 0.345759273 0.0867232382 0.492704451 0.0981735811 0.345759273 0.0409553051 0.421482861 0.0887893885 0.302496016 0.0409553051 0.421482861 0.0981735811 0.345759273 0.0409553051 0.421482861 0.0887893885 0.302496016 0.0260620005 0.326865673 0.0186155587 0.279557049 0.156625554 0.558022916 0.23625882 0.584731877 0.245086566 0.469548523 0.335512578 0.547803879 0.245086566 0.469548523 0.23625882 0.584731877 0.314844042 0.462709069 0.265477657 0.405968249 0.310728282 0.395163715 0.314844042 0.462709069 0.245086566 0.469548523 0.335512578 0.547803879 0.245086566 0.469548523 0.314844042 0.462709069 0.23625882 0.584731877 0.245086566 0.469548523 0.23625882 0.584731877 0.207352743 0.444783688 0.156625554 0.558022916 0.0867232382 0.492704451 0.265477657 0.405968249 0.207352743 0.444783688 0.249077126 0.372580588 0.296951443 0.30462414 0.236435115 0.29175204 0.238647446 0.251101375 0.284298569 0.255690098 0.329568565 0.271195889 0.348535031 0.187895298 0.290120184 0.164963126 0.259419024 0.218247116 0.232475102 0.184679449 0.161323205 0.175751567 0.180848986 0.274222136 0.189122915 0.3416816 0.209140167 0.381296635 0.173344493 0.443222165 0.173344493 0.443222165 0.166043296 0.399954319 0.149165928 0.378436863 0.166043296 0.399954319 0.149165928 0.378436863 0.122594833 0.304918885 0.0111694261 0.232248902 0.126941457 0.081469357 0.189883813 0.049476862 0.30609253 0.0128577948 0.406569064 0.0830130577 0.173344493 0.443222165 0.166043296 0.399954319 0.209140167 0.381296635 0.0186155587 0.279557049 0.0111694261 0.232248902 0.0887893885 0.302496016 0.122594833 0.304918885 0.0887893885 0.302496016 0.0111694261 0.232248902 0.0887893885 0.302496016 0.0981735811 0.345759273 0.0981735811 0.345759273 0.0409553051 0.421482861 0.0981735811 0.345759273 0.0867232382 0.492704451 0.0981735811 0.345759273 0.0409553051 0.421482861 0.0887893885 0.302496016 0.0260620005 0.326865673 0.0887893885 0.302496016 0.0409553051 0.421482861 0.0186155587 0.279557049 0.189883813 0.049476862 0.290120184 0.164963126 0.30609253 0.0128577948 0.259419024 0.218247116 0.232475102 0.184679449 0.126941457 0.081469357 0.406569064 0.0830130577 0.348535031 0.187895298 0.284298569 0.255690098 0.238647446 0.251101375 0.161323205 0.175751567 0.0111694261 0.232248902 0.180848986 0.274222136 0.0887893885 0.302496016 0.122594833 0.304918885 0.0981735811 0.345759273 0.149165928 0.378436863 0.0867232382 0.492704451 0.149165928 0.378436863 0.0981735811 0.345759273 0.149165928 0.378436863 0.0867232382 0.492704451 0.166043296 0.399954319 0.173344493 0.443222165 0.166043296 0.399954319 0.173344493 0.443222165 0.209140167 0.381296635 0.189122915 0.3416816 0.166043296 0.399954319 0.209140167 0.381296635 0.249077126 0.372580588 0.236435115 0.29175204 0.296951443 0.30462414 0.310728282 0.395163715 0.173344493 0.443222165 0.207352743 0.444783688 0.265477657 0.405968249 0.245086566 0.469548523 0.310728282 0.395163715 0.265477657 0.405968249 0.314844042 0.462709069 0.335512578 0.547803879 0.23625882 0.584731877 0.207352743 0.444783688 0.23625882 0.584731877 0.245086566 0.469548523 0.156625554 0.558022916 0.245086566 0.469548523 0.0867232382 0.492704451 0.0981735811 0.345759273 0.0409553051 0.421482861 0.0887893885 0.302496016 0.0409553051 0.421482861 0.0981735811 0.345759273 0.0409553051 0.421482861 0.0887893885 0.302496016 0.0260620005 0.326865673 0.0186155587 0.279557049 0.0186155587 0.279557049 0.328240126 0.271108866 0.207352743 0.444783688 0.249077126 0.372580588 0.265477657 0.405968249 0.310728282 0.395163715 0.245086566 0.469548523 0.314844042 0.462709069 0.335512578 0.547803879 0.245086566 0.469548523 0.314844042 0.462709069 0.23625882 0.584731877 0.245086566 0.469548523 0.23625882 0.584731877 0.207352743 0.444783688 0.156625554 0.558022916 0.0867232382 0.492704451 0.173344493 0.443222165 0.209140167 0.381296635 0.173344493 0.443222165 0.209140167 0.381296635 0.173344493 0.443222165 0.166043296 0.399954319 0.166043296 0.399954319 0.149165928 0.378436863 0.0981735811 0.345759273 0.149165928 0.378436863 0.0867232382 0.492704451 0.149165928 0.378436863 0.0981735811 0.345759273 0.122594833 0.304918885 0.0887893885 0.302496016 0.180848986 0.274222136 0.0111694261 0.232248902 0.161323205 0.175751567 0.126941457 0.081469357 0.232475102 0.184679449 0.189883813 0.049476862 0.290120184 0.164963126 0.30609253 0.0128577948 0.348535031 0.187895298 0.406569064 0.0830130577 0.189122915 0.3416816 0.166043296 0.399954319 0.236435115 0.29175204 0.296951443 0.30462414 0.238647446 0.251101375 0.259419024 0.218247116 0.284298569 0.255690098 0.329568565 0.271195889 0.0186155587 0.279557049 0.0186155587 0.279557049 0.0887893885 0.302496016 0.0260620005 0.326865673 0.0409553051 0.421482861 0.0981735811 0.345759273 0.0409553051 0.421482861 0.0887893885 0.302496016 0.0409553051 0.421482861 0.0981735811 0.345759273 0.0867232382 0.492704451 0.189883813 0.049476862 0.290120184 0.164963126 0.30609253 0.0128577948 0.259419024 0.218247116 0.232475102 0.184679449 0.126941457 0.081469357 0.406569064 0.0830130577 0.348535031 0.187895298 0.284298569 0.255690098 0.238647446 0.251101375 0.161323205 0.175751567 0.0111694261 0.232248902 0.180848986 0.274222136 0.0887893885 0.302496016 0.122594833 0.304918885 0.0981735811 0.345759273 0.149165928 0.378436863 0.0867232382 0.492704451 0.149165928 0.378436863 0.0981735811 0.345759273 0.149165928 0.378436863 0.0867232382 0.492704451 0.166043296 0.399954319 0.173344493 0.443222165 0.166043296 0.399954319 0.173344493 0.443222165 0.209140167 0.381296635 0.189122915 0.3416816 0.166043296 0.399954319 0.209140167 0.381296635 0.249077126 0.372580588 0.189122915 0.3416816 0.209140167 0.381296635 0.236435115 0.29175204 0.249077126 0.372580588 0.296951443 0.30462414 0.310728282 0.395163715 0.173344493 0.443222165 0.207352743 0.444783688 0.265477657 0.405968249 0.265477657 0.405968249 0.245086566 0.469548523 0.310728282 0.395163715 0.265477657 0.405968249 0.314844042 0.462709069 0.335512578 0.547803879 0.23625882 0.584731877 0.207352743 0.444783688 0.23625882 0.584731877 0.245086566 0.469548523 0.156625554 0.558022916 0.245086566 0.469548523 0.0867232382 0.492704451 0.0981735811 0.345759273 0.0409553051 0.421482861 0.0887893885 0.302496016 0.0409553051 0.421482861 0.0981735811 0.345759273 0.0409553051 0.421482861 0.0887893885 0.302496016 0.0260620005 0.326865673 0.0186155587 0.279557049 0.0111694261 0.232248902 0.0186155587 0.279557049 0.0887893885 0.302496016 0.328240126 0.271108866 0.207352743 0.444783688 0.249077126 0.372580588 0.265477657 0.405968249 0.310728282 0.395163715 0.265477657 0.405968249 0.249077126 0.372580588 0.245086566 0.469548523 0.314844042 0.462709069 0.335512578 0.547803879 0.245086566 0.469548523 0.314844042 0.462709069 0.23625882 0.584731877 0.245086566 0.469548523 0.23625882 0.584731877 0.207352743 0.444783688 0.156625554 0.558022916 0.0867232382 0.492704451 0.173344493 0.443222165 0.209140167 0.381296635 0.173344493 0.443222165 0.209140167 0.381296635 0.173344493 0.443222165 0.166043296 0.399954319 0.166043296 0.399954319 0.149165928 0.378436863 0.0981735811 0.345759273 0.149165928 0.378436863 0.0867232382 0.492704451 0.149165928 0.378436863 0.0981735811 0.345759273 0.122594833 0.304918885 0.0887893885 0.302496016 0.180848986 0.274222136 0.0111694261 0.232248902 0.161323205 0.175751567 0.126941457 0.081469357 0.232475102 0.184679449 0.189883813 0.049476862 0.290120184 0.164963126 0.30609253 0.0128577948 0.348535031 0.187895298 0.406569064 0.0830130577 0.189122915 0.3416816 0.166043296 0.399954319 0.209140167 0.381296635 0.189122915 0.3416816 0.236435115 0.29175204 0.296951443 0.30462414 0.238647446 0.251101375 0.259419024 0.218247116 0.284298569 0.255690098 0.329568565 0.271195889 0.0111694261 0.232248902 0.0887893885 0.302496016 0.0186155587 0.279557049 0.0186155587 0.279557049 0.0887893885 0.302496016 0.0260620005 0.326865673 0.0409553051 0.421482861 0.0981735811 0.345759273 0.0409553051 0.421482861 0.0887893885 0.302496016 0.0409553051 0.421482861 0.0981735811 0.345759273 0.0867232382 0.492704451 0.189883813 0.049476862 0.290120184 0.164963126 0.30609253 0.0128577948 0.259419024 0.218247116 0.232475102 0.184679449 0.126941457 0.081469357 0.406569064 0.0830130577 0.348535031 0.187895298 0.284298569 0.255690098 0.238647446 0.251101375 0.161323205 0.175751567 0.0111694261 0.232248902 0.180848986 0.274222136 0.0887893885 0.302496016 0.122594833 0.304918885 0.0981735811 0.345759273 0.149165928 0.378436863 0.0867232382 0.492704451 0.149165928 0.378436863 0.0981735811 0.345759273 0.149165928 0.378436863 0.0867232382 0.492704451 0.166043296 0.399954319 0.173344493 0.443222165 0.166043296 0.399954319 0.173344493 0.443222165 0.209140167 0.381296635 0.189122915 0.3416816 0.166043296 0.399954319 0.209140167 0.381296635 0.249077126 0.372580588 0.236435115 0.29175204 0.296951443 0.30462414 0.310728282 0.395163715 0.173344493 0.443222165 0.207352743 0.444783688 0.265477657 0.405968249 0.245086566 0.469548523 0.314844042 0.462709069 0.335512578 0.547803879 0.23625882 0.584731877 0.207352743 0.444783688 0.23625882 0.584731877 0.245086566 0.469548523 0.156625554 0.558022916 0.0867232382 0.492704451 0.0981735811 0.345759273 0.0409553051 0.421482861 0.0887893885 0.302496016 0.0409553051 0.421482861 0.0981735811 0.345759273 0.0409553051 0.421482861 0.0887893885 0.302496016 0.0260620005 0.326865673 0.0186155587 0.279557049 0.0186155587 0.279557049 0.328240126 0.271108866 0.207352743 0.444783688 0.249077126 0.372580588 0.265477657 0.405968249 0.310728282 0.395163715 0.245086566 0.469548523 0.314844042 0.462709069 0.335512578 0.547803879 0.245086566 0.469548523 0.314844042 0.462709069 0.23625882 0.584731877 0.245086566 0.469548523 0.23625882 0.584731877 0.207352743 0.444783688 0.156625554 0.558022916 0.0867232382 0.492704451 0.173344493 0.443222165 0.209140167 0.381296635 0.173344493 0.443222165 0.209140167 0.381296635 0.173344493 0.443222165 0.166043296 0.399954319 0.166043296 0.399954319 0.149165928 0.378436863 0.0981735811 0.345759273 0.149165928 0.378436863 0.0867232382 0.492704451 0.149165928 0.378436863 0.0981735811 0.345759273 0.122594833 0.304918885 0.0887893885 0.302496016 0.180848986 0.274222136 0.0111694261 0.232248902 0.161323205 0.175751567 0.126941457 0.081469357 0.232475102 0.184679449 0.189883813 0.049476862 0.290120184 0.164963126 0.30609253 0.0128577948 0.348535031 0.187895298 0.406569064 0.0830130577 0.189122915 0.3416816 0.166043296 0.399954319 0.236435115 0.29175204 0.296951443 0.30462414 0.238647446 0.251101375 0.259419024 0.218247116 0.284298569 0.255690098 0.329568565 0.271195889 0.0186155587 0.279557049 0.0186155587 0.279557049 0.0887893885 0.302496016 0.0260620005 0.326865673 0.0409553051 0.421482861 0.0981735811 0.345759273 0.0409553051 0.421482861 0.0887893885 0.302496016 0.0409553051 0.421482861 0.0981735811 0.345759273 0.0867232382 0.492704451 0.189883813 0.049476862 0.290120184 0.164963126 0.30609253 0.0128577948 0.259419024 0.218247116 0.232475102 0.184679449 0.126941457 0.081469357 0.406569064 0.0830130577 0.348535031 0.187895298 0.284298569 0.255690098 0.238647446 0.251101375 0.161323205 0.175751567 0.0111694261 0.232248902 0.180848986 0.274222136 0.122594833 0.304918885 0.189122915 0.3416816 0.149165928 0.378436863 0.166043296 0.399954319 0.0867232382 0.492704451 0.166043296 0.399954319 0.149165928 0.378436863 0.173344493 0.443222165 0.207352743 0.444783688 0.173344493 0.443222165 0.207352743 0.444783688 0.209140167 0.381296635 0.249077126 0.372580588 0.236435115 0.29175204 0.328240126 0.271108866 0.296951443 0.30462414 0.310728282 0.395163715 0.173344493 0.443222165 0.209140167 0.381296635 0.166043296 0.399954319 0.0887893885 0.302496016 0.0111694261 0.232248902 0.0186155587 0.279557049 0.0111694261 0.232248902 0.0887893885 0.302496016 0.122594833 0.304918885 0.0981735811 0.345759273 0.0887893885 0.302496016 0.0981735811 0.345759273 0.0867232382 0.492704451 0.0981735811 0.345759273 0.0409553051 0.421482861 0.0887893885 0.302496016 0.0409553051 0.421482861 0.0981735811 0.345759273 0.0409553051 0.421482861 0.0887893885 0.302496016 0.0260620005 0.326865673 0.0186155587 0.279557049 0.156625554 0.558022916 0.23625882 0.584731877 0.245086566 0.469548523 0.335512578 0.547803879 0.245086566 0.469548523 0.23625882 0.584731877 0.314844042 0.462709069 0.265477657 0.405968249 0.310728282 0.395163715 0.314844042 0.462709069 0.245086566 0.469548523 0.335512578 0.547803879 0.245086566 0.469548523 0.314844042 0.462709069 0.23625882 0.584731877 0.245086566 0.469548523 0.23625882 0.584731877 0.207352743 0.444783688 0.156625554 0.558022916 0.0867232382 0.492704451 0.265477657 0.405968249 0.207352743 0.444783688 0.249077126 0.372580588 0.296951443 0.30462414 0.236435115 0.29175204 0.238647446 0.251101375 0.284298569 0.255690098 0.329568565 0.271195889 0.348535031 0.187895298 0.290120184 0.164963126 0.259419024 0.218247116 0.232475102 0.184679449 0.161323205 0.175751567 0.180848986 0.274222136 0.189122915 0.3416816 0.209140167 0.381296635 0.173344493 0.443222165 0.173344493 0.443222165 0.166043296 0.399954319 0.149165928 0.378436863 0.166043296 0.399954319 0.149165928 0.378436863 0.122594833 0.304918885 0.0111694261 0.232248902 0.126941457 0.081469357 0.189883813 0.049476862 0.30609253 0.0128577948 0.406569064 0.0830130577 0.173344493 0.443222165 0.166043296 0.399954319 0.209140167 0.381296635 0.0186155587 0.279557049 0.0111694261 0.232248902 0.0887893885 0.302496016 0.122594833 0.304918885 0.0887893885 0.302496016 0.0111694261 0.232248902 0.0887893885 0.302496016 0.0981735811 0.345759273 0.0981735811 0.345759273 0.0409553051 0.421482861 0.0981735811 0.345759273 0.0867232382 0.492704451 0.0981735811 0.345759273 0.0409553051 0.421482861 0.0887893885 0.302496016 0.0260620005 0.326865673 0.0887893885 0.302496016 0.0409553051 0.421482861 0.0186155587 0.279557049 0.189883813 0.049476862 0.290120184 0.164963126 0.30609253 0.0128577948 0.259419024 0.218247116 0.232475102 0.184679449 0.126941457 0.081469357 0.406569064 0.0830130577 0.348535031 0.187895298 0.284298569 0.255690098 0.238647446 0.251101375 0.161323205 0.175751567 0.0111694261 0.232248902 0.180848986 0.274222136 0.122594833 0.304918885 0.189122915 0.3416816 0.149165928 0.378436863 0.166043296 0.399954319 0.0867232382 0.492704451 0.166043296 0.399954319 0.149165928 0.378436863 0.173344493 0.443222165 0.207352743 0.444783688 0.173344493 0.443222165 0.207352743 0.444783688 0.209140167 0.381296635 0.249077126 0.372580588 0.236435115 0.29175204 0.328240126 0.271108866 0.296951443 0.30462414 0.310728282 0.395163715 0.0887893885 0.302496016 0.0111694261 0.232248902 0.0186155587 0.279557049 0.0111694261 0.232248902 0.0887893885 0.302496016 0.122594833 0.304918885 0.0981735811 0.345759273 0.0887893885 0.302496016 0.0981735811 0.345759273 0.0867232382 0.492704451 0.0981735811 0.345759273 0.0409553051 0.421482861 0.0887893885 0.302496016 0.0409553051 0.421482861 0.0981735811 0.345759273 0.0409553051 0.421482861 0.0887893885 0.302496016 0.0260620005 0.326865673 0.0186155587 0.279557049 0.156625554 0.558022916 0.23625882 0.584731877 0.245086566 0.469548523 0.335512578 0.547803879 0.245086566 0.469548523 0.23625882 0.584731877 0.314844042 0.462709069 0.245086566 0.469548523 0.314844042 0.462709069 0.265477657 0.405968249 0.310728282 0.395163715 0.314844042 0.462709069 0.245086566 0.469548523 0.245086566 0.469548523 0.314844042 0.462709069 0.23625882 0.584731877 0.245086566 0.469548523 0.23625882 0.584731877 0.207352743 0.444783688 0.156625554 0.558022916 0.0867232382 0.492704451 0.265477657 0.405968249 0.207352743 0.444783688 0.249077126 0.372580588 0.296951443 0.30462414 0.236435115 0.29175204 0.238647446 0.251101375 0.284298569 0.255690098 0.329568565 0.271195889 0.348535031 0.187895298 0.290120184 0.164963126 0.259419024 0.218247116 0.232475102 0.184679449 0.161323205 0.175751567 0.180848986 0.274222136 0.189122915 0.3416816 0.209140167 0.381296635 0.173344493 0.443222165 0.173344493 0.443222165 0.166043296 0.399954319 0.149165928 0.378436863 0.166043296 0.399954319 0.149165928 0.378436863 0.122594833 0.304918885 0.0111694261 0.232248902 0.126941457 0.081469357 0.189883813 0.049476862 0.30609253 0.0128577948 0.406569064 0.0830130577 0.0186155587 0.279557049 0.0111694261 0.232248902 0.0887893885 0.302496016 0.122594833 0.304918885 0.0887893885 0.302496016 0.0111694261 0.232248902 0.0887893885 0.302496016 0.0981735811 0.345759273 0.0981735811 0.345759273 0.0409553051 0.421482861 0.0981735811 0.345759273 0.0867232382 0.492704451 0.0981735811 0.345759273 0.0409553051 0.421482861 0.0887893885 0.302496016 0.0260620005 0.326865673 0.0887893885 0.302496016 0.0409553051 0.421482861 0.0186155587 0.279557049 0.189883813 0.049476862 0.290120184 0.164963126 0.30609253 0.0128577948 0.259419024 0.218247116 0.232475102 0.184679449 0.126941457 0.081469357 0.406569064 0.0830130577 0.348535031 0.187895298 0.284298569 0.255690098 0.238647446 0.251101375 0.161323205 0.175751567 0.0111694261 0.232248902 0.180848986 0.274222136 0.122594833 0.304918885 0.189122915 0.3416816 0.149165928 0.378436863 0.166043296 0.399954319 0.0867232382 0.492704451 0.166043296 0.399954319 0.149165928 0.378436863 0.173344493 0.443222165 0.207352743 0.444783688 0.173344493 0.443222165 0.207352743 0.444783688 0.209140167 0.381296635 0.249077126 0.372580588 0.236435115 0.29175204 0.328240126 0.271108866 0.296951443 0.30462414 0.310728282 0.395163715 0.173344493 0.443222165 0.209140167 0.381296635 0.166043296 0.399954319 0.0887893885 0.302496016 0.0111694261 0.232248902 0.0186155587 0.279557049 0.0111694261 0.232248902 0.0887893885 0.302496016 0.122594833 0.304918885 0.0981735811 0.345759273 0.0887893885 0.302496016 0.0981735811 0.345759273 0.0867232382 0.492704451 0.0981735811 0.345759273 0.0409553051 0.421482861 0.0887893885 0.302496016 0.0409553051 0.421482861 0.0981735811 0.345759273 0.0409553051 0.421482861 0.0887893885 0.302496016 0.0260620005 0.326865673 0.0186155587 0.279557049 0.156625554 0.558022916 0.23625882 0.584731877 0.245086566 0.469548523 0.335512578 0.547803879 0.245086566 0.469548523 0.23625882 0.584731877 0.314844042 0.462709069 0.265477657 0.405968249 0.310728282 0.395163715 0.314844042 0.462709069 0.245086566 0.469548523 0.335512578 0.547803879 0.245086566 0.469548523 0.314844042 0.462709069 0.23625882 0.584731877 0.245086566 0.469548523 0.23625882 0.584731877 0.207352743 0.444783688 0.156625554 0.558022916 0.0867232382 0.492704451 0.265477657 0.405968249 0.207352743 0.444783688 0.249077126 0.372580588 0.296951443 0.30462414 0.236435115 0.29175204 0.238647446 0.251101375 0.284298569 0.255690098 0.329568565 0.271195889 0.348535031 0.187895298 0.290120184 0.164963126 0.259419024 0.218247116 0.232475102 0.184679449 0.161323205 0.175751567 0.180848986 0.274222136 0.189122915 0.3416816 0.209140167 0.381296635 0.173344493 0.443222165 0.173344493 0.443222165 0.166043296 0.399954319 0.149165928 0.378436863 0.166043296 0.399954319 0.149165928 0.378436863 0.122594833 0.304918885 0.0111694261 0.232248902 0.126941457 0.081469357 0.189883813 0.049476862 0.30609253 0.0128577948 0.406569064 0.0830130577 0.173344493 0.443222165 0.166043296 0.399954319 0.209140167 0.381296635 0.0186155587 0.279557049 0.0111694261 0.232248902 0.0887893885 0.302496016 0.122594833 0.304918885 0.0887893885 0.302496016 0.0111694261 0.232248902 0.0887893885 0.302496016 0.0981735811 0.345759273 0.0981735811 0.345759273 0.0409553051 0.421482861 0.0981735811 0.345759273 0.0867232382 0.492704451 0.0981735811 0.345759273 0.0409553051 0.421482861 0.0887893885 0.302496016 0.0260620005 0.326865673 0.0887893885 0.302496016 0.0409553051 0.421482861 0.0186155587 0.279557049 0.189883813 0.049476862 0.290120184 0.164963126 0.30609253 0.0128577948 0.259419024 0.218247116 0.232475102 0.184679449 0.126941457 0.081469357 0.406569064 0.0830130577 0.348535031 0.187895298 0.284298569 0.255690098 0.238647446 0.251101375 0.161323205 0.175751567 0.0111694261 0.232248902 0.180848986 0.274222136 0.0887893885 0.302496016 0.122594833 0.304918885 0.0981735811 0.345759273 0.149165928 0.378436863 0.0867232382 0.492704451 0.149165928 0.378436863 0.0981735811 0.345759273 0.149165928 0.378436863 0.0867232382 0.492704451 0.166043296 0.399954319 0.173344493 0.443222165 0.166043296 0.399954319 0.173344493 0.443222165 0.209140167 0.381296635 0.189122915 0.3416816 0.166043296 0.399954319 0.209140167 0.381296635 0.249077126 0.372580588 0.236435115 0.29175204 0.296951443 0.30462414 0.310728282 0.395163715 0.173344493 0.443222165 0.207352743 0.444783688 0.265477657 0.405968249 0.245086566 0.469548523 0.310728282 0.395163715 0.265477657 0.405968249 0.314844042 0.462709069 0.335512578 0.547803879 0.23625882 0.584731877 0.207352743 0.444783688 0.23625882 0.584731877 0.245086566 0.469548523 0.156625554 0.558022916 0.245086566 0.469548523 0.0867232382 0.492704451 0.0981735811 0.345759273 0.0409553051 0.421482861 0.0887893885 0.302496016 0.0409553051 0.421482861 0.0981735811 0.345759273 0.0409553051 0.421482861 0.0887893885 0.302496016 0.0260620005 0.326865673 0.0186155587 0.279557049 0.0186155587 0.279557049 0.328240126 0.271108866 0.207352743 0.444783688 0.249077126 0.372580588 0.265477657 0.405968249 0.310728282 0.395163715 0.245086566 0.469548523 0.314844042 0.462709069 0.335512578 0.547803879 0.245086566 0.469548523 0.314844042 0.462709069 0.23625882 0.584731877 0.245086566 0.469548523 0.23625882 0.584731877 0.207352743 0.444783688 0.156625554 0.558022916 0.0867232382 0.492704451 0.173344493 0.443222165 0.209140167 0.381296635 0.173344493 0.443222165 0.209140167 0.381296635 0.173344493 0.443222165 0.166043296 0.399954319 0.166043296 0.399954319 0.149165928 0.378436863 0.0981735811 0.345759273 0.149165928 0.378436863 0.0867232382 0.492704451 0.149165928 0.378436863 0.0981735811 0.345759273 0.122594833 0.304918885 0.0887893885 0.302496016 0.180848986 0.274222136 0.0111694261 0.232248902 0.161323205 0.175751567 0.126941457 0.081469357 0.232475102 0.184679449 0.189883813 0.049476862 0.290120184 0.164963126 0.30609253 0.0128577948 0.348535031 0.187895298 0.406569064 0.0830130577 0.189122915 0.3416816 0.166043296 0.399954319 0.236435115 0.29175204 0.296951443 0.30462414 0.238647446 0.251101375 0.259419024 0.218247116 0.284298569 0.255690098 0.329568565 0.271195889 0.0186155587 0.279557049 0.0186155587 0.279557049 0.0887893885 0.302496016 0.0260620005 0.326865673 0.0409553051 0.421482861 0.0981735811 0.345759273 0.0409553051 0.421482861 0.0887893885 0.302496016 0.0409553051 0.421482861 0.0981735811 0.345759273 0.0867232382 0.492704451 0.189883813 0.049476862 0.290120184 0.164963126 0.30609253 0.0128577948 0.259419024 0.218247116 0.232475102 0.184679449 0.126941457 0.081469357 0.406569064 0.0830130577 0.348535031 0.187895298 0.284298569 0.255690098 0.238647446 0.251101375 0.161323205 0.175751567 0.0111694261 0.232248902 0.180848986 0.274222136 0.0887893885 0.302496016 0.122594833 0.304918885 0.0981735811 0.345759273 0.149165928 0.378436863 0.0867232382 0.492704451 0.149165928 0.378436863 0.0981735811 0.345759273 0.149165928 0.378436863 0.0867232382 0.492704451 0.166043296 0.399954319 0.173344493 0.443222165 0.166043296 0.399954319 0.173344493 0.443222165 0.209140167 0.381296635 0.189122915 0.3416816 0.166043296 0.399954319 0.209140167 0.381296635 0.249077126 0.372580588 0.189122915 0.3416816 0.209140167 0.381296635 0.236435115 0.29175204 0.249077126 0.372580588 0.296951443 0.30462414 0.310728282 0.395163715 0.173344493 0.443222165 0.207352743 0.444783688 0.265477657 0.405968249 0.265477657 0.405968249 0.245086566 0.469548523 0.310728282 0.395163715 0.265477657 0.405968249 0.314844042 0.462709069 0.335512578 0.547803879 0.23625882 0.584731877 0.207352743 0.444783688 0.23625882 0.584731877 0.245086566 0.469548523 0.156625554 0.558022916 0.245086566 0.469548523 0.0867232382 0.492704451 0.0981735811 0.345759273 0.0409553051 0.421482861 0.0887893885 0.302496016 0.0409553051 0.421482861 0.0981735811 0.345759273 0.0409553051 0.421482861 0.0887893885 0.302496016 0.0260620005 0.326865673 0.0186155587 0.279557049 0.0111694261 0.232248902 0.0186155587 0.279557049 0.0887893885 0.302496016 0.328240126 0.271108866 0.207352743 0.444783688 0.249077126 0.372580588 0.265477657 0.405968249 0.310728282 0.395163715 0.265477657 0.405968249 0.249077126 0.372580588 0.245086566 0.469548523 0.314844042 0.462709069 0.335512578 0.547803879 0.245086566 0.469548523 0.314844042 0.462709069 0.23625882 0.584731877 0.245086566 0.469548523 0.23625882 0.584731877 0.207352743 0.444783688 0.156625554 0.558022916 0.0867232382 0.492704451 0.173344493 0.443222165 0.209140167 0.381296635 0.173344493 0.443222165 0.209140167 0.381296635 0.173344493 0.443222165 0.166043296 0.399954319 0.166043296 0.399954319 0.149165928 0.378436863 0.0981735811 0.345759273 0.149165928 0.378436863 0.0867232382 0.492704451 0.149165928 0.378436863 0.0981735811 0.345759273 0.122594833 0.304918885 0.0887893885 0.302496016 0.180848986 0.274222136 0.0111694261 0.232248902 0.161323205 0.175751567 0.126941457 0.081469357 0.232475102 0.184679449 0.189883813 0.049476862 0.290120184 0.164963126 0.30609253 0.0128577948 0.348535031 0.187895298 0.406569064 0.0830130577 0.189122915 0.3416816 0.166043296 0.399954319 0.209140167 0.381296635 0.189122915 0.3416816 0.236435115 0.29175204 0.296951443 0.30462414 0.238647446 0.251101375 0.259419024 0.218247116 0.284298569 0.255690098 0.329568565 0.271195889 0.0111694261 0.232248902 0.0887893885 0.302496016 0.0186155587 0.279557049 0.0186155587 0.279557049 0.0887893885 0.302496016 0.0260620005 0.326865673 0.0409553051 0.421482861 0.0981735811 0.345759273 0.0409553051 0.421482861 0.0887893885 0.302496016 0.0409553051 0.421482861 0.0981735811 0.345759273 0.0867232382 0.492704451 0.189883813 0.049476862 0.290120184 0.164963126 0.30609253 0.0128577948 0.259419024 0.218247116 0.232475102 0.184679449 0.126941457 0.081469357 0.406569064 0.0830130577 0.348535031 0.187895298 0.284298569 0.255690098 0.238647446 0.251101375 0.161323205 0.175751567 0.0111694261 0.232248902 0.180848986 0.274222136 0.0887893885 0.302496016 0.122594833 0.304918885 0.0981735811 0.345759273 0.149165928 0.378436863 0.0867232382 0.492704451 0.149165928 0.378436863 0.0981735811 0.345759273 0.149165928 0.378436863 0.0867232382 0.492704451 0.166043296 0.399954319 0.173344493 0.443222165 0.166043296 0.399954319 0.173344493 0.443222165 0.209140167 0.381296635 0.189122915 0.3416816 0.166043296 0.399954319 0.209140167 0.381296635 0.249077126 0.372580588 0.236435115 0.29175204 0.296951443 0.30462414 0.310728282 0.395163715 0.173344493 0.443222165 0.207352743 0.444783688 0.265477657 0.405968249 0.245086566 0.469548523 0.314844042 0.462709069 0.335512578 0.547803879 0.23625882 0.584731877 0.207352743 0.444783688 0.23625882 0.584731877 0.245086566 0.469548523 0.156625554 0.558022916 0.0867232382 0.492704451 0.0981735811 0.345759273 0.0409553051 0.421482861 0.0887893885 0.302496016 0.0409553051 0.421482861 0.0981735811 0.345759273 0.0409553051 0.421482861 0.0887893885 0.302496016 0.0260620005 0.326865673 0.0186155587 0.279557049 0.0186155587 0.279557049 0.328240126 0.271108866 0.207352743 0.444783688 0.249077126 0.372580588 0.265477657 0.405968249 0.310728282 0.395163715 0.245086566 0.469548523 0.314844042 0.462709069 0.335512578 0.547803879 0.245086566 0.469548523 0.314844042 0.462709069 0.23625882 0.584731877 0.245086566 0.469548523 0.23625882 0.584731877 0.207352743 0.444783688 0.156625554 0.558022916 0.0867232382 0.492704451 0.173344493 0.443222165 0.209140167 0.381296635 0.173344493 0.443222165 0.209140167 0.381296635 0.173344493 0.443222165 0.166043296 0.399954319 0.166043296 0.399954319 0.149165928 0.378436863 0.0981735811 0.345759273 0.149165928 0.378436863 0.0867232382 0.492704451 0.149165928 0.378436863 0.0981735811 0.345759273 0.122594833 0.304918885 0.0887893885 0.302496016 0.180848986 0.274222136 0.0111694261 0.232248902 0.161323205 0.175751567 0.126941457 0.081469357 0.232475102 0.184679449 0.189883813 0.049476862 0.290120184 0.164963126 0.30609253 0.0128577948 0.348535031 0.187895298 0.406569064 0.0830130577 0.189122915 0.3416816 0.166043296 0.399954319 0.236435115 0.29175204 0.296951443 0.30462414 0.238647446 0.251101375 0.259419024 0.218247116 0.284298569 0.255690098 0.329568565 0.271195889 0.0186155587 0.279557049 0.0186155587 0.279557049 0.0887893885 0.302496016 0.0260620005 0.326865673 0.0409553051 0.421482861 0.0981735811 0.345759273 0.0409553051 0.421482861 0.0887893885 0.302496016 0.0409553051 0.421482861 0.0981735811 0.345759273 0.0867232382 0.492704451 0.483642787 0.762533247 0.508215785 0.692402124 0.53855288 0.75622201 0.440085113 0.849932671 0.439420968 0.793346524 0.424314827 0.915914834 0.467929691 0.872593999 0.510417938 0.84160471 0.540123522 0.799585104 0.573667824 0.752567708 0.56484884 0.6578812 0.476801723 0.634328008 0.253769606 0.592712522 0.383941382 0.56918335 0.375284433 0.64402318 0.533584118 0.587474167 0.375284433 0.64402318 0.383941382 0.56918335 0.598130345 0.604373813 0.636663198 0.710242271 0.623592377 0.782432258 0.554562807 0.854676247 0.509391189 0.880027056 0.466414869 0.900697351 0.391719878 0.976407886 0.424314827 0.915914834 0.466414869 0.900697351 0.424314827 0.915914834 0.391719878 0.976407886 0.389158994 0.863002479 0.355319023 0.915833592 0.389158994 0.863002479 0.391719878 0.976407886 0.672968686 0.608277977 0.700402737 0.72340095 0.727482677 0.788153946 0.689370215 0.826557398 0.755129933 0.865073681 0.644634485 0.835246563 0.702450097 0.886202216 0.644634485 0.835246563 0.755129933 0.865073681 0.623162389 0.945263624 0.577549279 0.905471623 0.537308395 0.979322851 0.577549279 0.905471623 0.537308395 0.979322851 0.481393486 0.939742148 0.391719878 0.976407886 0.481393486 0.939742148 0.391719878 0.976407886 0.577549279 0.905471623 0.306442142 0.919959486 0.325123966 0.8862257 0.249724701 0.897325993 0.203265801 0.86044842 0.162075415 0.87854445 0.164704725 0.814240038 0.117532104 0.841756165 0.108789086 0.794099271 0.198489249 0.751457512 0.221146449 0.80214107 0.276255935 0.946554482 0.249475762 0.958397269 0.166497752 0.916540504 0.162075415 0.87854445 0.249475762 0.958397269 0.117532104 0.841756165 0.0717283562 0.881827116 0.108789086 0.794099271 0.0162362996 0.857910395 0.0546867289 0.78385514 0.0855200961 0.720493317 0.0546867289 0.78385514 0.138366848 0.735506773 0.158841506 0.690885305 0.218414351 0.673592806 0.178808421 0.627472639 0.271006316 0.663031101 0.113383792 0.616881132 0.345769465 0.869951606 0.302332491 0.769867063 0.24796769 0.750169396 0.227213174 0.702962637 0.310060501 0.725577831 0.386719167 0.684141994 0.386719167 0.684141994 0.43201673 0.695362091 0.452974379 0.74272418 0.380605787 0.789210081 0.409005672 0.751351833 0.380605787 0.789210081 0.409005672 0.751351833 0.439420968 0.793346524 0.409005672 0.751351833 0.389158994 0.863002479 0.380605787 0.789210081 0.424314827 0.915914834 0.424314827 0.915914834 0.483642787 0.762533247 0.508215785 0.692402124 0.53855288 0.75622201 0.440085113 0.849932671 0.439420968 0.793346524 0.424314827 0.915914834 0.467929691 0.872593999 0.510417938 0.84160471 0.540123522 0.799585104 0.573667824 0.752567708 0.56484884 0.6578812 0.476801723 0.634328008 0.253769606 0.592712522 0.383941382 0.56918335 0.375284433 0.64402318 0.533584118 0.587474167 0.375284433 0.64402318 0.383941382 0.56918335 0.598130345 0.604373813 0.636663198 0.710242271 0.623592377 0.782432258 0.554562807 0.854676247 0.540123522 0.799585104 0.623592377 0.782432258 0.510417938 0.84160471 0.509391189 0.880027056 0.509391189 0.880027056 0.466414869 0.900697351 0.467929691 0.872593999 0.466414869 0.900697351 0.424314827 0.915914834 0.391719878 0.976407886 0.424314827 0.915914834 0.466414869 0.900697351 0.424314827 0.915914834 0.391719878 0.976407886 0.389158994 0.863002479 0.355319023 0.915833592 0.389158994 0.863002479 0.391719878 0.976407886 0.672968686 0.608277977 0.700402737 0.72340095 0.636663198 0.710242271 0.700402737 0.72340095 0.623592377 0.782432258 0.727482677 0.788153946 0.689370215 0.826557398 0.755129933 0.865073681 0.689370215 0.826557398 0.727482677 0.788153946 0.702450097 0.886202216 0.644634485 0.835246563 0.623162389 0.945263624 0.577549279 0.905471623 0.537308395 0.979322851 0.577549279 0.905471623 0.537308395 0.979322851 0.481393486 0.939742148 0.391719878 0.976407886 0.554562807 0.854676247 0.644634485 0.835246563 0.391719878 0.976407886 0.306442142 0.919959486 0.355319023 0.915833592 0.355319023 0.915833592 0.306442142 0.919959486 0.325123966 0.8862257 0.249724701 0.897325993 0.203265801 0.86044842 0.162075415 0.87854445 0.164704725 0.814240038 0.117532104 0.841756165 0.108789086 0.794099271 0.198489249 0.751457512 0.221146449 0.80214107 0.391719878 0.976407886 0.276255935 0.946554482 0.249475762 0.958397269 0.166497752 0.916540504 0.162075415 0.87854445 0.249475762 0.958397269 0.117532104 0.841756165 0.0717283562 0.881827116 0.108789086 0.794099271 0.0162362996 0.857910395 0.0546867289 0.78385514 0.0855200961 0.720493317 0.0546867289 0.78385514 0.138366848 0.735506773 0.158841506 0.690885305 0.218414351 0.673592806 0.178808421 0.627472639 0.271006316 0.663031101 0.113383792 0.616881132 0.389158994 0.863002479 0.345769465 0.869951606 0.302332491 0.769867063 0.24796769 0.750169396 0.227213174 0.702962637 0.310060501 0.725577831 0.386719167 0.684141994 0.386719167 0.684141994 0.43201673 0.695362091 0.452974379 0.74272418 0.380605787 0.789210081 0.409005672 0.751351833 0.439420968 0.793346524 0.409005672 0.751351833 0.389158994 0.863002479 0.380605787 0.789210081 0.424314827 0.915914834 0.424314827 0.915914834 0.483642787 0.762533247 0.508215785 0.692402124 0.53855288 0.75622201 0.440085113 0.849932671 0.439420968 0.793346524 0.424314827 0.915914834 0.467929691 0.872593999 0.510417938 0.84160471 0.540123522 0.799585104 0.573667824 0.752567708 0.56484884 0.6578812 0.476801723 0.634328008 0.253769606 0.592712522 0.383941382 0.56918335 0.375284433 0.64402318 0.533584118 0.587474167 0.375284433 0.64402318 0.383941382 0.56918335 0.598130345 0.604373813 0.636663198 0.710242271 0.623592377 0.782432258 0.554562807 0.854676247 0.540123522 0.799585104 0.623592377 0.782432258 0.510417938 0.84160471 0.509391189 0.880027056 0.509391189 0.880027056 0.466414869 0.900697351 0.391719878 0.976407886 0.424314827 0.915914834 0.466414869 0.900697351 0.424314827 0.915914834 0.391719878 0.976407886 0.389158994 0.863002479 0.355319023 0.915833592 0.389158994 0.863002479 0.391719878 0.976407886 0.672968686 0.608277977 0.700402737 0.72340095 0.727482677 0.788153946 0.689370215 0.826557398 0.755129933 0.865073681 0.644634485 0.835246563 0.702450097 0.886202216 0.644634485 0.835246563 0.755129933 0.865073681 0.623162389 0.945263624 0.577549279 0.905471623 0.537308395 0.979322851 0.577549279 0.905471623 0.537308395 0.979322851 0.481393486 0.939742148 0.391719878 0.976407886 0.554562807 0.854676247 0.391719878 0.976407886 0.306442142 0.919959486 0.355319023 0.915833592 0.355319023 0.915833592 0.306442142 0.919959486 0.325123966 0.8862257 0.249724701 0.897325993 0.203265801 0.86044842 0.162075415 0.87854445 0.164704725 0.814240038 0.117532104 0.841756165 0.108789086 0.794099271 0.198489249 0.751457512 0.221146449 0.80214107 0.391719878 0.976407886 0.276255935 0.946554482 0.249475762 0.958397269 0.166497752 0.916540504 0.162075415 0.87854445 0.249475762 0.958397269 0.117532104 0.841756165 0.0717283562 0.881827116 0.108789086 0.794099271 0.0162362996 0.857910395 0.0546867289 0.78385514 0.0855200961 0.720493317 0.0546867289 0.78385514 0.138366848 0.735506773 0.158841506 0.690885305 0.218414351 0.673592806 0.178808421 0.627472639 0.271006316 0.663031101 0.113383792 0.616881132 0.389158994 0.863002479 0.345769465 0.869951606 0.302332491 0.769867063 0.24796769 0.750169396 0.227213174 0.702962637 0.310060501 0.725577831 0.386719167 0.684141994 0.386719167 0.684141994 0.43201673 0.695362091 0.452974379 0.74272418 0.380605787 0.789210081 0.409005672 0.751351833 0.380605787 0.789210081 0.409005672 0.751351833 0.439420968 0.793346524 0.409005672 0.751351833 0.389158994 0.863002479 0.380605787 0.789210081 0.424314827 0.915914834 0.424314827 0.915914834 0.483642787 0.762533247 0.508215785 0.692402124 0.53855288 0.75622201 0.440085113 0.849932671 0.439420968 0.793346524 0.424314827 0.915914834 0.467929691 0.872593999 0.510417938 0.84160471 0.540123522 0.799585104 0.573667824 0.752567708 0.56484884 0.6578812 0.476801723 0.634328008 0.253769606 0.592712522 0.383941382 0.56918335 0.375284433 0.64402318 0.533584118 0.587474167 0.375284433 0.64402318 0.383941382 0.56918335 0.598130345 0.604373813 0.636663198 0.710242271 0.623592377 0.782432258 0.554562807 0.854676247 0.509391189 0.880027056 0.466414869 0.900697351 0.391719878 0.976407886 0.424314827 0.915914834 0.466414869 0.900697351 0.424314827 0.915914834 0.391719878 0.976407886 0.389158994 0.863002479 0.355319023 0.915833592 0.389158994 0.863002479 0.391719878 0.976407886 0.672968686 0.608277977 0.700402737 0.72340095 0.636663198 0.710242271 0.700402737 0.72340095 0.623592377 0.782432258 0.727482677 0.788153946 0.689370215 0.826557398 0.755129933 0.865073681 0.689370215 0.826557398 0.755129933 0.865073681 0.644634485 0.835246563 0.702450097 0.886202216 0.644634485 0.835246563 0.755129933 0.865073681 0.623162389 0.945263624 0.577549279 0.905471623 0.537308395 0.979322851 0.577549279 0.905471623 0.537308395 0.979322851 0.481393486 0.939742148 0.391719878 0.976407886 0.481393486 0.939742148 0.391719878 0.976407886 0.577549279 0.905471623 0.306442142 0.919959486 0.355319023 0.915833592 0.306442142 0.919959486 0.325123966 0.8862257 0.249724701 0.897325993 0.203265801 0.86044842 0.162075415 0.87854445 0.164704725 0.814240038 0.117532104 0.841756165 0.108789086 0.794099271 0.198489249 0.751457512 0.221146449 0.80214107 0.391719878 0.976407886 0.276255935 0.946554482 0.249475762 0.958397269 0.166497752 0.916540504 0.162075415 0.87854445 0.249475762 0.958397269 0.117532104 0.841756165 0.0717283562 0.881827116 0.108789086 0.794099271 0.0162362996 0.857910395 0.0546867289 0.78385514 0.0855200961 0.720493317 0.0546867289 0.78385514 0.138366848 0.735506773 0.158841506 0.690885305 0.218414351 0.673592806 0.178808421 0.627472639 0.271006316 0.663031101 0.113383792 0.616881132 0.389158994 0.863002479 0.345769465 0.869951606 0.302332491 0.769867063 0.24796769 0.750169396 0.227213174 0.702962637 0.310060501 0.725577831 0.386719167 0.684141994 0.386719167 0.684141994 0.43201673 0.695362091 0.452974379 0.74272418 0.380605787 0.789210081 0.409005672 0.751351833 0.380605787 0.789210081 0.409005672 0.751351833 0.439420968 0.793346524 0.409005672 0.751351833 0.389158994 0.863002479 0.389158994 0.863002479 0.439420968 0.793346524 0.424314827 0.915914834 0.483642787 0.762533247 0.508215785 0.692402124 0.53855288 0.75622201 0.440085113 0.849932671 0.439420968 0.793346524 0.424314827 0.915914834 0.467929691 0.872593999 0.510417938 0.84160471 0.540123522 0.799585104 0.573667824 0.752567708 0.56484884 0.6578812 0.476801723 0.634328008 0.253769606 0.592712522 0.383941382 0.56918335 0.375284433 0.64402318 0.533584118 0.587474167 0.375284433 0.64402318 0.383941382 0.56918335 0.598130345 0.604373813 0.636663198 0.710242271 0.623592377 0.782432258 0.554562807 0.854676247 0.509391189 0.880027056 0.466414869 0.900697351 0.391719878 0.976407886 0.424314827 0.915914834 0.466414869 0.900697351 0.424314827 0.915914834 0.391719878 0.976407886 0.389158994 0.863002479 0.355319023 0.915833592 0.389158994 0.863002479 0.391719878 0.976407886 0.672968686 0.608277977 0.700402737 0.72340095 0.636663198 0.710242271 0.700402737 0.72340095 0.623592377 0.782432258 0.727482677 0.788153946 0.689370215 0.826557398 0.755129933 0.865073681 0.689370215 0.826557398 0.755129933 0.865073681 0.644634485 0.835246563 0.702450097 0.886202216 0.644634485 0.835246563 0.755129933 0.865073681 0.623162389 0.945263624 0.577549279 0.905471623 0.537308395 0.979322851 0.577549279 0.905471623 0.537308395 0.979322851 0.481393486 0.939742148 0.391719878 0.976407886 0.306442142 0.919959486 0.355319023 0.915833592 0.306442142 0.919959486 0.325123966 0.8862257 0.249724701 0.897325993 0.203265801 0.86044842 0.162075415 0.87854445 0.164704725 0.814240038 0.117532104 0.841756165 0.108789086 0.794099271 0.198489249 0.751457512 0.221146449 0.80214107 0.391719878 0.976407886 0.276255935 0.946554482 0.249475762 0.958397269 0.276255935 0.946554482 0.391719878 0.976407886 0.276255935 0.946554482 0.249475762 0.958397269 0.162075415 0.87854445 0.166497752 0.916540504 0.162075415 0.87854445 0.249475762 0.958397269 0.162075415 0.87854445 0.166497752 0.916540504 0.117532104 0.841756165 0.0717283562 0.881827116 0.108789086 0.794099271 0.0162362996 0.857910395 0.0546867289 0.78385514 0.0855200961 0.720493317 0.0546867289 0.78385514 0.138366848 0.735506773 0.158841506 0.690885305 0.218414351 0.673592806 0.178808421 0.627472639 0.271006316 0.663031101 0.113383792 0.616881132 0.389158994 0.863002479 0.345769465 0.869951606 0.302332491 0.769867063 0.24796769 0.750169396 0.227213174 0.702962637 0.310060501 0.725577831 0.386719167 0.684141994 0.386719167 0.684141994 0.43201673 0.695362091 0.452974379 0.74272418 0.380605787 0.789210081 0.409005672 0.751351833 0.439420968 0.793346524 0.409005672 0.751351833 0.389158994 0.863002479 0.380605787 0.789210081 0.424314827 0.915914834 0.439420968 0.793346524 0.424314827 0.915914834 0.380605787 0.789210081 0.245086566 0.469548523 0.483642787 0.762533247 0.508215785 0.692402124 0.53855288 0.75622201 0.440085113 0.849932671 0.439420968 0.793346524 0.424314827 0.915914834 0.467929691 0.872593999 0.510417938 0.84160471 0.540123522 0.799585104 0.573667824 0.752567708 0.56484884 0.6578812 0.476801723 0.634328008 0.253769606 0.592712522 0.383941382 0.56918335 0.375284433 0.64402318 0.533584118 0.587474167 0.375284433 0.64402318 0.383941382 0.56918335 0.598130345 0.604373813 0.636663198 0.710242271 0.623592377 0.782432258 0.554562807 0.854676247 0.509391189 0.880027056 0.466414869 0.900697351 0.391719878 0.976407886 0.424314827 0.915914834 0.466414869 0.900697351 0.424314827 0.915914834 0.391719878 0.976407886 0.389158994 0.863002479 0.355319023 0.915833592 0.389158994 0.863002479 0.391719878 0.976407886 0.672968686 0.608277977 0.700402737 0.72340095 0.727482677 0.788153946 0.689370215 0.826557398 0.755129933 0.865073681 0.644634485 0.835246563 0.702450097 0.886202216 0.644634485 0.835246563 0.755129933 0.865073681 0.623162389 0.945263624 0.577549279 0.905471623 0.537308395 0.979322851 0.577549279 0.905471623 0.537308395 0.979322851 0.481393486 0.939742148 0.391719878 0.976407886 0.306442142 0.919959486 0.355319023 0.915833592 0.306442142 0.919959486 0.325123966 0.8862257 0.249724701 0.897325993 0.203265801 0.86044842 0.162075415 0.87854445 0.164704725 0.814240038 0.117532104 0.841756165 0.108789086 0.794099271 0.198489249 0.751457512 0.221146449 0.80214107 0.391719878 0.976407886 0.276255935 0.946554482 0.249475762 0.958397269 0.166497752 0.916540504 0.162075415 0.87854445 0.249475762 0.958397269 0.117532104 0.841756165 0.0717283562 0.881827116 0.108789086 0.794099271 0.0162362996 0.857910395 0.0546867289 0.78385514 0.0855200961 0.720493317 0.0546867289 0.78385514 0.138366848 0.735506773 0.158841506 0.690885305 0.218414351 0.673592806 0.178808421 0.627472639 0.271006316 0.663031101 0.113383792 0.616881132 0.389158994 0.863002479 0.345769465 0.869951606 0.302332491 0.769867063 0.24796769 0.750169396 0.227213174 0.702962637 0.310060501 0.725577831 0.386719167 0.684141994 0.386719167 0.684141994 0.43201673 0.695362091 0.452974379 0.74272418 0.380605787 0.789210081 0.409005672 0.751351833 0.380605787 0.789210081 0.409005672 0.751351833 0.439420968 0.793346524 0.409005672 0.751351833 0.389158994 0.863002479 0.380605787 0.789210081 0.424314827 0.915914834 0.424314827 0.915914834 0.483642787 0.762533247 0.508215785 0.692402124 0.53855288 0.75622201 0.440085113 0.849932671 0.439420968 0.793346524 0.424314827 0.915914834 0.467929691 0.872593999 0.510417938 0.84160471 0.540123522 0.799585104 0.573667824 0.752567708 0.56484884 0.6578812 0.476801723 0.634328008 0.253769606 0.592712522 0.383941382 0.56918335 0.375284433 0.64402318 0.533584118 0.587474167 0.375284433 0.64402318 0.383941382 0.56918335 0.598130345 0.604373813 0.636663198 0.710242271 0.623592377 0.782432258 0.554562807 0.854676247 0.509391189 0.880027056 0.466414869 0.900697351 0.391719878 0.976407886 0.424314827 0.915914834 0.466414869 0.900697351 0.424314827 0.915914834 0.391719878 0.976407886 0.389158994 0.863002479 0.355319023 0.915833592 0.389158994 0.863002479 0.391719878 0.976407886 0.672968686 0.608277977 0.700402737 0.72340095 0.727482677 0.788153946 0.689370215 0.826557398 0.755129933 0.865073681 0.644634485 0.835246563 0.702450097 0.886202216 0.644634485 0.835246563 0.755129933 0.865073681 0.623162389 0.945263624 0.577549279 0.905471623 0.537308395 0.979322851 0.577549279 0.905471623 0.537308395 0.979322851 0.481393486 0.939742148 0.391719878 0.976407886 0.481393486 0.939742148 0.391719878 0.976407886 0.577549279 0.905471623 0.306442142 0.919959486 0.325123966 0.8862257 0.249724701 0.897325993 0.203265801 0.86044842 0.162075415 0.87854445 0.164704725 0.814240038 0.117532104 0.841756165 0.108789086 0.794099271 0.198489249 0.751457512 0.221146449 0.80214107 0.276255935 0.946554482 0.249475762 0.958397269 0.166497752 0.916540504 0.162075415 0.87854445 0.249475762 0.958397269 0.117532104 0.841756165 0.0717283562 0.881827116 0.108789086 0.794099271 0.0162362996 0.857910395 0.0546867289 0.78385514 0.0855200961 0.720493317 0.0546867289 0.78385514 0.138366848 0.735506773 0.158841506 0.690885305 0.218414351 0.673592806 0.178808421 0.627472639 0.271006316 0.663031101 0.113383792 0.616881132 0.345769465 0.869951606 0.302332491 0.769867063 0.24796769 0.750169396 0.227213174 0.702962637 0.310060501 0.725577831 0.386719167 0.684141994 0.386719167 0.684141994 0.43201673 0.695362091 0.452974379 0.74272418 0.380605787 0.789210081 0.409005672 0.751351833 0.380605787 0.789210081 0.409005672 0.751351833 0.439420968 0.793346524 0.409005672 0.751351833 0.389158994 0.863002479 0.380605787 0.789210081 0.424314827 0.915914834 0.424314827 0.915914834 0.483642787 0.762533247 0.508215785 0.692402124 0.53855288 0.75622201 0.440085113 0.849932671 0.439420968 0.793346524 0.424314827 0.915914834 0.467929691 0.872593999 0.510417938 0.84160471 0.540123522 0.799585104 0.573667824 0.752567708 0.56484884 0.6578812 0.476801723 0.634328008 0.253769606 0.592712522 0.383941382 0.56918335 0.375284433 0.64402318 0.533584118 0.587474167 0.375284433 0.64402318 0.383941382 0.56918335 0.598130345 0.604373813 0.636663198 0.710242271 0.623592377 0.782432258 0.554562807 0.854676247 0.540123522 0.799585104 0.623592377 0.782432258 0.510417938 0.84160471 0.509391189 0.880027056 0.509391189 0.880027056 0.466414869 0.900697351 0.467929691 0.872593999 0.466414869 0.900697351 0.424314827 0.915914834 0.391719878 0.976407886 0.424314827 0.915914834 0.466414869 0.900697351 0.424314827 0.915914834 0.391719878 0.976407886 0.389158994 0.863002479 0.355319023 0.915833592 0.389158994 0.863002479 0.391719878 0.976407886 0.672968686 0.608277977 0.700402737 0.72340095 0.636663198 0.710242271 0.700402737 0.72340095 0.623592377 0.782432258 0.727482677 0.788153946 0.689370215 0.826557398 0.755129933 0.865073681 0.689370215 0.826557398 0.727482677 0.788153946 0.702450097 0.886202216 0.644634485 0.835246563 0.623162389 0.945263624 0.577549279 0.905471623 0.537308395 0.979322851 0.577549279 0.905471623 0.537308395 0.979322851 0.481393486 0.939742148 0.391719878 0.976407886 0.554562807 0.854676247 0.644634485 0.835246563 0.391719878 0.976407886 0.306442142 0.919959486 0.355319023 0.915833592 0.355319023 0.915833592 0.306442142 0.919959486 0.325123966 0.8862257 0.249724701 0.897325993 0.203265801 0.86044842 0.162075415 0.87854445 0.164704725 0.814240038 0.117532104 0.841756165 0.108789086 0.794099271 0.198489249 0.751457512 0.221146449 0.80214107 0.391719878 0.976407886 0.276255935 0.946554482 0.249475762 0.958397269 0.166497752 0.916540504 0.162075415 0.87854445 0.249475762 0.958397269 0.117532104 0.841756165 0.0717283562 0.881827116 0.108789086 0.794099271 0.0162362996 0.857910395 0.0546867289 0.78385514 0.0855200961 0.720493317 0.0546867289 0.78385514 0.138366848 0.735506773 0.158841506 0.690885305 0.218414351 0.673592806 0.178808421 0.627472639 0.271006316 0.663031101 0.113383792 0.616881132 0.389158994 0.863002479 0.345769465 0.869951606 0.302332491 0.769867063 0.24796769 0.750169396 0.227213174 0.702962637 0.310060501 0.725577831 0.386719167 0.684141994 0.386719167 0.684141994 0.43201673 0.695362091 0.452974379 0.74272418 0.380605787 0.789210081 0.409005672 0.751351833 0.439420968 0.793346524 0.409005672 0.751351833 0.389158994 0.863002479 0.380605787 0.789210081 0.424314827 0.915914834 0.424314827 0.915914834 0.483642787 0.762533247 0.508215785 0.692402124 0.53855288 0.75622201 0.440085113 0.849932671 0.439420968 0.793346524 0.424314827 0.915914834 0.467929691 0.872593999 0.510417938 0.84160471 0.540123522 0.799585104 0.573667824 0.752567708 0.56484884 0.6578812 0.476801723 0.634328008 0.253769606 0.592712522 0.383941382 0.56918335 0.375284433 0.64402318 0.533584118 0.587474167 0.375284433 0.64402318 0.383941382 0.56918335 0.598130345 0.604373813 0.636663198 0.710242271 0.623592377 0.782432258 0.554562807 0.854676247 0.540123522 0.799585104 0.623592377 0.782432258 0.510417938 0.84160471 0.509391189 0.880027056 0.509391189 0.880027056 0.466414869 0.900697351 0.391719878 0.976407886 0.424314827 0.915914834 0.466414869 0.900697351 0.424314827 0.915914834 0.391719878 0.976407886 0.389158994 0.863002479 0.355319023 0.915833592 0.389158994 0.863002479 0.391719878 0.976407886 0.672968686 0.608277977 0.700402737 0.72340095 0.727482677 0.788153946 0.689370215 0.826557398 0.755129933 0.865073681 0.644634485 0.835246563 0.702450097 0.886202216 0.644634485 0.835246563 0.755129933 0.865073681 0.623162389 0.945263624 0.577549279 0.905471623 0.537308395 0.979322851 0.577549279 0.905471623 0.537308395 0.979322851 0.481393486 0.939742148 0.391719878 0.976407886 0.554562807 0.854676247 0.391719878 0.976407886 0.306442142 0.919959486 0.355319023 0.915833592 0.355319023 0.915833592 0.306442142 0.919959486 0.325123966 0.8862257 0.249724701 0.897325993 0.203265801 0.86044842 0.162075415 0.87854445 0.164704725 0.814240038 0.117532104 0.841756165 0.108789086 0.794099271 0.198489249 0.751457512 0.221146449 0.80214107 0.391719878 0.976407886 0.276255935 0.946554482 0.249475762 0.958397269 0.166497752 0.916540504 0.162075415 0.87854445 0.249475762 0.958397269 0.117532104 0.841756165 0.0717283562 0.881827116 0.108789086 0.794099271 0.0162362996 0.857910395 0.0546867289 0.78385514 0.0855200961 0.720493317 0.0546867289 0.78385514 0.138366848 0.735506773 0.158841506 0.690885305 0.218414351 0.673592806 0.178808421 0.627472639 0.271006316 0.663031101 0.113383792 0.616881132 0.389158994 0.863002479 0.345769465 0.869951606 0.302332491 0.769867063 0.24796769 0.750169396 0.227213174 0.702962637 0.310060501 0.725577831 0.386719167 0.684141994 0.386719167 0.684141994 0.43201673 0.695362091 0.452974379 0.74272418 0.380605787 0.789210081 0.409005672 0.751351833 0.380605787 0.789210081 0.409005672 0.751351833 0.439420968 0.793346524 0.409005672 0.751351833 0.389158994 0.863002479 0.380605787 0.789210081 0.424314827 0.915914834 0.424314827 0.915914834 0.483642787 0.762533247 0.508215785 0.692402124 0.53855288 0.75622201 0.440085113 0.849932671 0.439420968 0.793346524 0.424314827 0.915914834 0.467929691 0.872593999 0.510417938 0.84160471 0.540123522 0.799585104 0.573667824 0.752567708 0.56484884 0.6578812 0.476801723 0.634328008 0.253769606 0.592712522 0.383941382 0.56918335 0.375284433 0.64402318 0.533584118 0.587474167 0.375284433 0.64402318 0.383941382 0.56918335 0.598130345 0.604373813 0.636663198 0.710242271 0.623592377 0.782432258 0.554562807 0.854676247 0.509391189 0.880027056 0.466414869 0.900697351 0.391719878 0.976407886 0.424314827 0.915914834 0.466414869 0.900697351 0.424314827 0.915914834 0.391719878 0.976407886 0.389158994 0.863002479 0.355319023 0.915833592 0.389158994 0.863002479 0.391719878 0.976407886 0.672968686 0.608277977 0.700402737 0.72340095 0.636663198 0.710242271 0.700402737 0.72340095 0.623592377 0.782432258 0.727482677 0.788153946 0.689370215 0.826557398 0.755129933 0.865073681 0.689370215 0.826557398 0.755129933 0.865073681 0.644634485 0.835246563 0.702450097 0.886202216 0.644634485 0.835246563 0.755129933 0.865073681 0.623162389 0.945263624 0.577549279 0.905471623 0.537308395 0.979322851 0.577549279 0.905471623 0.537308395 0.979322851 0.481393486 0.939742148 0.391719878 0.976407886 0.481393486 0.939742148 0.391719878 0.976407886 0.577549279 0.905471623 0.306442142 0.919959486 0.355319023 0.915833592 0.306442142 0.919959486 0.325123966 0.8862257 0.249724701 0.897325993 0.203265801 0.86044842 0.162075415 0.87854445 0.164704725 0.814240038 0.117532104 0.841756165 0.108789086 0.794099271 0.198489249 0.751457512 0.221146449 0.80214107 0.391719878 0.976407886 0.276255935 0.946554482 0.249475762 0.958397269 0.166497752 0.916540504 0.162075415 0.87854445 0.249475762 0.958397269 0.117532104 0.841756165 0.0717283562 0.881827116 0.108789086 0.794099271 0.0162362996 0.857910395 0.0546867289 0.78385514 0.0855200961 0.720493317 0.0546867289 0.78385514 0.138366848 0.735506773 0.158841506 0.690885305 0.218414351 0.673592806 0.178808421 0.627472639 0.271006316 0.663031101 0.113383792 0.616881132 0.389158994 0.863002479 0.345769465 0.869951606 0.302332491 0.769867063 0.24796769 0.750169396 0.227213174 0.702962637 0.310060501 0.725577831 0.386719167 0.684141994 0.386719167 0.684141994 0.43201673 0.695362091 0.452974379 0.74272418 0.380605787 0.789210081 0.409005672 0.751351833 0.380605787 0.789210081 0.409005672 0.751351833 0.439420968 0.793346524 0.409005672 0.751351833 0.389158994 0.863002479 0.389158994 0.863002479 0.439420968 0.793346524 0.424314827 0.915914834 0.483642787 0.762533247 0.508215785 0.692402124 0.53855288 0.75622201 0.440085113 0.849932671 0.439420968 0.793346524 0.424314827 0.915914834 0.467929691 0.872593999 0.510417938 0.84160471 0.540123522 0.799585104 0.573667824 0.752567708 0.56484884 0.6578812 0.476801723 0.634328008 0.253769606 0.592712522 0.383941382 0.56918335 0.375284433 0.64402318 0.533584118 0.587474167 0.375284433 0.64402318 0.383941382 0.56918335 0.598130345 0.604373813 0.636663198 0.710242271 0.623592377 0.782432258 0.554562807 0.854676247 0.509391189 0.880027056 0.466414869 0.900697351 0.391719878 0.976407886 0.424314827 0.915914834 0.466414869 0.900697351 0.424314827 0.915914834 0.391719878 0.976407886 0.389158994 0.863002479 0.355319023 0.915833592 0.389158994 0.863002479 0.391719878 0.976407886 0.672968686 0.608277977 0.700402737 0.72340095 0.636663198 0.710242271 0.700402737 0.72340095 0.623592377 0.782432258 0.727482677 0.788153946 0.689370215 0.826557398 0.755129933 0.865073681 0.689370215 0.826557398 0.755129933 0.865073681 0.644634485 0.835246563 0.702450097 0.886202216 0.644634485 0.835246563 0.755129933 0.865073681 0.623162389 0.945263624 0.577549279 0.905471623 0.537308395 0.979322851 0.577549279 0.905471623 0.537308395 0.979322851 0.481393486 0.939742148 0.391719878 0.976407886 0.306442142 0.919959486 0.355319023 0.915833592 0.306442142 0.919959486 0.325123966 0.8862257 0.249724701 0.897325993 0.203265801 0.86044842 0.162075415 0.87854445 0.164704725 0.814240038 0.117532104 0.841756165 0.108789086 0.794099271 0.198489249 0.751457512 0.221146449 0.80214107 0.391719878 0.976407886 0.276255935 0.946554482 0.249475762 0.958397269 0.276255935 0.946554482 0.391719878 0.976407886 0.276255935 0.946554482 0.249475762 0.958397269 0.162075415 0.87854445 0.166497752 0.916540504 0.162075415 0.87854445 0.249475762 0.958397269 0.162075415 0.87854445 0.166497752 0.916540504 0.117532104 0.841756165 0.0717283562 0.881827116 0.108789086 0.794099271 0.0162362996 0.857910395 0.0546867289 0.78385514 0.0855200961 0.720493317 0.0546867289 0.78385514 0.138366848 0.735506773 0.158841506 0.690885305 0.218414351 0.673592806 0.178808421 0.627472639 0.271006316 0.663031101 0.113383792 0.616881132 0.389158994 0.863002479 0.345769465 0.869951606 0.302332491 0.769867063 0.24796769 0.750169396 0.227213174 0.702962637 0.310060501 0.725577831 0.386719167 0.684141994 0.386719167 0.684141994 0.43201673 0.695362091 0.452974379 0.74272418 0.380605787 0.789210081 0.409005672 0.751351833 0.439420968 0.793346524 0.409005672 0.751351833 0.389158994 0.863002479 0.380605787 0.789210081 0.424314827 0.915914834 0.439420968 0.793346524 0.424314827 0.915914834 0.380605787 0.789210081 0.245086566 0.469548523 0.483642787 0.762533247 0.508215785 0.692402124 0.53855288 0.75622201 0.440085113 0.849932671 0.439420968 0.793346524 0.424314827 0.915914834 0.467929691 0.872593999 0.510417938 0.84160471 0.540123522 0.799585104 0.573667824 0.752567708 0.56484884 0.6578812 0.476801723 0.634328008 0.253769606 0.592712522 0.383941382 0.56918335 0.375284433 0.64402318 0.533584118 0.587474167 0.375284433 0.64402318 0.383941382 0.56918335 0.598130345 0.604373813 0.636663198 0.710242271 0.623592377 0.782432258 0.554562807 0.854676247 0.509391189 0.880027056 0.466414869 0.900697351 0.391719878 0.976407886 0.424314827 0.915914834 0.466414869 0.900697351 0.424314827 0.915914834 0.391719878 0.976407886 0.389158994 0.863002479 0.355319023 0.915833592 0.389158994 0.863002479 0.391719878 0.976407886 0.672968686 0.608277977 0.700402737 0.72340095 0.727482677 0.788153946 0.689370215 0.826557398 0.755129933 0.865073681 0.644634485 0.835246563 0.702450097 0.886202216 0.644634485 0.835246563 0.755129933 0.865073681 0.623162389 0.945263624 0.577549279 0.905471623 0.537308395 0.979322851 0.577549279 0.905471623 0.537308395 0.979322851 0.481393486 0.939742148 0.391719878 0.976407886 0.306442142 0.919959486 0.355319023 0.915833592 0.306442142 0.919959486 0.325123966 0.8862257 0.249724701 0.897325993 0.203265801 0.86044842 0.162075415 0.87854445 0.164704725 0.814240038 0.117532104 0.841756165 0.108789086 0.794099271 0.198489249 0.751457512 0.221146449 0.80214107 0.391719878 0.976407886 0.276255935 0.946554482 0.249475762 0.958397269 0.166497752 0.916540504 0.162075415 0.87854445 0.249475762 0.958397269 0.117532104 0.841756165 0.0717283562 0.881827116 0.108789086 0.794099271 0.0162362996 0.857910395 0.0546867289 0.78385514 0.0855200961 0.720493317 0.0546867289 0.78385514 0.138366848 0.735506773 0.158841506 0.690885305 0.218414351 0.673592806 0.178808421 0.627472639 0.271006316 0.663031101 0.113383792 0.616881132 0.389158994 0.863002479 0.345769465 0.869951606 0.302332491 0.769867063 0.24796769 0.750169396 0.227213174 0.702962637 0.310060501 0.725577831 0.386719167 0.684141994 0.386719167 0.684141994 0.43201673 0.695362091 0.452974379 0.74272418 0.380605787 0.789210081 0.409005672 0.751351833 0.380605787 0.789210081 0.409005672 0.751351833 0.439420968 0.793346524 0.409005672 0.751351833 0.389158994 0.863002479 0.380605787 0.789210081 0.424314827 0.915914834 0.424314827 0.915914834</float_array>
        <technique_common><accessor source="#vfx_kurp_0719-mesh-uv0-array" count="2732" stride="2"><param name="S" type="float"/><param name="T" type="float"/></accessor></technique_common>
      </source>
      <vertices id="vfx_kurp_0719-mesh-vertices"><input semantic="POSITION" source="#vfx_kurp_0719-mesh-positions"/></vertices>
      <triangles material="PreviewMaterial" count="2712">
        <input semantic="VERTEX" source="#vfx_kurp_0719-mesh-vertices" offset="0"/>
        <input semantic="NORMAL" source="#vfx_kurp_0719-mesh-normals" offset="1"/>
        <input semantic="TEXCOORD" source="#vfx_kurp_0719-mesh-uv0" offset="2" set="0"/>
        <p>0 0 0 1 1 1 2 2 2 3 3 3 1 1 1 4 4 4 0 0 0 4 4 4 1 1 1 4 4 4 0 0 0 5 5 5 6 6 6 2 2 2 7 7 7 1 1 1 7 7 7 2 2 2 7 7 7 1 1 1 8 8 8 3 3 3 8 8 8 1 1 1 8 8 8 3 3 3 9 9 9 4 4 4 9 9 9 3 3 3 9 9 9 4 4 4 10 10 10 5 5 5 10 10 10 4 4 4 11 11 11 10 10 10 5 5 5 10 10 10 11 11 11 12 12 12 13 13 13 12 12 12 11 11 11 12 12 12 13 13 13 14 14 14 15 15 15 14 14 14 13 13 13 14 14 14 15 15 15 16 16 16 17 17 17 18 18 18 19 19 19 18 18 18 17 17 17 20 20 20 21 21 21 20 20 20 17 17 17 22 22 22 23 23 23 24 24 24 23 23 23 25 25 25 24 24 24 24 24 24 25 25 25 14 14 14 26 26 26 14 14 14 25 25 25 14 14 14 26 26 26 12 12 12 9 9 9 12 12 12 26 26 26 12 12 12 9 9 9 10 10 10 7 7 7 8 8 8 27 27 27 27 27 27 8 8 8 28 28 28 9 9 9 28 28 28 8 8 8 26 26 26 28 28 28 9 9 9 25 25 25 28 28 28 26 26 26 28 28 28 25 25 25 29 29 29 30 30 30 31 31 31 32 32 32 14 14 14 16 16 16 24 24 24 33 33 33 34 34 34 35 35 35 36 36 36 37 37 37 38 38 38 39 39 39 13 13 13 40 40 40 13 13 13 39 39 39 15 15 15 19 19 19 41 41 41 17 17 17 42 42 42 43 43 43 44 44 44 45 45 45 46 46 46 47 47 47 48 48 48 49 49 49 50 50 50 51 51 51 50 50 50 49 49 49 17 17 17 52 52 52 21 21 21 53 53 53 21 21 21 52 52 52 21 21 21 53 53 53 54 54 54 55 55 55 56 56 56 57 57 57 58 58 58 56 56 56 55 55 55 29 29 29 56 56 56 58 58 58 56 56 56 29 29 29 59 59 59 25 25 25 59 59 59 29 29 29 23 23 23 59 59 59 25 25 25 59 59 59 23 23 23 56 56 56 60 60 60 61 61 61 62 62 62 63 63 63 64 64 64 65 65 65 64 64 64 63 63 63 66 66 66 67 67 67 68 68 68 69 69 69 70 70 70 69 69 69 68 68 68 69 69 69 70 70 70 71 71 71 72 72 72 62 62 62 73 73 73 62 62 62 72 72 72 60 60 60 74 74 74 60 60 60 72 72 72 60 60 60 74 74 74 75 75 75 76 76 76 75 75 75 74 74 74 77 77 77 75 75 75 76 76 76 78 78 78 75 75 75 77 77 77 75 75 75 78 78 78 79 79 79 79 79 79 78 78 78 80 80 80 80 80 80 78 78 78 81 81 81 82 82 82 81 81 81 78 78 78 81 81 81 82 82 82 83 83 83 77 77 77 83 83 83 82 82 82 83 83 83 77 77 77 84 84 84 84 84 84 77 77 77 85 85 85 76 76 76 85 85 85 77 77 77 85 85 85 76 76 76 86 86 86 74 74 74 86 86 86 76 76 76 86 86 86 74 74 74 87 87 87 73 73 73 87 87 87 74 74 74 87 87 87 73 73 73 88 88 88 71 71 71 89 89 89 69 69 69 89 89 89 71 71 71 90 90 90 91 91 91 90 90 90 71 71 71 92 92 92 93 93 93 86 86 86 94 94 94 86 86 86 93 93 93 86 86 86 94 94 94 85 85 85 95 95 95 85 85 85 94 94 94 85 85 85 95 95 95 84 84 84 96 96 96 84 84 84 95 95 95 84 84 84 96 96 96 83 83 83 97 97 97 83 83 83 96 96 96 83 83 83 97 97 97 81 81 81 98 98 98 81 81 81 97 97 97 81 81 81 98 98 98 80 80 80 99 99 99 80 80 80 98 98 98 100 100 100 101 101 101 102 102 102 86 86 86 87 87 87 92 92 92 103 103 103 104 104 104 105 105 105 106 106 106 107 107 107 108 108 108 109 109 109 94 94 94 110 110 110 93 93 93 110 110 110 94 94 94 71 71 71 111 111 111 91 91 91 112 112 112 113 113 113 114 114 114 115 115 115 116 116 116 117 117 117 118 118 118 119 119 119 120 120 120 119 119 119 118 118 118 121 121 121 122 122 122 123 123 123 124 124 124 125 125 125 123 123 123 126 126 126 122 122 122 126 126 126 123 123 123 126 126 126 122 122 122 127 127 127 128 128 128 124 124 124 129 129 129 123 123 123 129 129 129 124 124 124 129 129 129 123 123 123 130 130 130 125 125 125 130 130 130 123 123 123 130 130 130 125 125 125 131 131 131 126 126 126 131 131 131 125 125 125 131 131 131 126 126 126 132 132 132 127 127 127 132 132 132 126 126 126 133 133 133 132 132 132 127 127 127 132 132 132 133 133 133 134 134 134 135 135 135 134 134 134 133 133 133 134 134 134 135 135 135 136 136 136 137 137 137 136 136 136 135 135 135 136 136 136 137 137 137 138 138 138 139 139 139 140 140 140 141 141 141 140 140 140 139 139 139 142 142 142 143 143 143 142 142 142 139 139 139 144 144 144 145 145 145 146 146 146 145 145 145 147 147 147 146 146 146 146 146 146 147 147 147 136 136 136 148 148 148 136 136 136 147 147 147 136 136 136 148 148 148 134 134 134 131 131 131 134 134 134 148 148 148 134 134 134 131 131 131 132 132 132 129 129 129 130 130 130 149 149 149 149 149 149 130 130 130 150 150 150 131 131 131 150 150 150 130 130 130 148 148 148 150 150 150 131 131 131 147 147 147 150 150 150 148 148 148 150 150 150 147 147 147 151 151 151 144 144 144 146 146 146 138 138 138 136 136 136 138 138 138 146 146 146 152 152 152 153 153 153 154 154 154 155 155 155 156 156 156 157 157 157 158 158 158 135 135 135 159 159 159 135 135 135 158 158 158 137 137 137 141 141 141 160 160 160 139 139 139 161 161 161 162 162 162 163 163 163 164 164 164 165 165 165 166 166 166 167 167 167 168 168 168 169 169 169 170 170 170 169 169 169 168 168 168 139 139 139 171 171 171 143 143 143 172 172 172 143 143 143 171 171 171 143 143 143 172 172 172 173 173 173 174 174 174 175 175 175 176 176 176 177 177 177 175 175 175 174 174 174 151 151 151 178 178 178 179 179 179 178 178 178 151 151 151 180 180 180 147 147 147 180 180 180 151 151 151 145 145 145 180 180 180 147 147 147 180 180 180 145 145 145 178 178 178 181 181 181 182 182 182 183 183 183 174 174 174 184 184 184 185 185 185 184 184 184 174 174 174 186 186 186 187 187 187 188 188 188 189 189 189 190 190 190 189 189 189 188 188 188 189 189 189 190 190 190 191 191 191 192 192 192 183 183 183 193 193 193 183 183 183 192 192 192 181 181 181 194 194 194 181 181 181 192 192 192 181 181 181 194 194 194 195 195 195 196 196 196 195 195 195 194 194 194 197 197 197 195 195 195 196 196 196 198 198 198 195 195 195 197 197 197 195 195 195 198 198 198 199 199 199 199 199 199 198 198 198 200 200 200 200 200 200 198 198 198 201 201 201 202 202 202 201 201 201 198 198 198 201 201 201 202 202 202 203 203 203 197 197 197 203 203 203 202 202 202 203 203 203 197 197 197 204 204 204 204 204 204 197 197 197 205 205 205 196 196 196 205 205 205 197 197 197 205 205 205 196 196 196 206 206 206 194 194 194 206 206 206 196 196 196 206 206 206 194 194 194 207 207 207 193 193 193 207 207 207 194 194 194 207 207 207 193 193 193 208 208 208 191 191 191 209 209 209 189 189 189 209 209 209 191 191 191 210 210 210 211 211 211 210 210 210 191 191 191 212 212 212 213 213 213 206 206 206 214 214 214 206 206 206 213 213 213 206 206 206 214 214 214 205 205 205 215 215 215 205 205 205 214 214 214 205 205 205 215 215 215 204 204 204 216 216 216 204 204 204 215 215 215 204 204 204 216 216 216 203 203 203 217 217 217 203 203 203 216 216 216 203 203 203 217 217 217 201 201 201 218 218 218 201 201 201 217 217 217 201 201 201 218 218 218 200 200 200 219 219 219 200 200 200 218 218 218 208 208 208 212 212 212 207 207 207 206 206 206 207 207 207 212 212 212 220 220 220 221 221 221 222 222 222 223 223 223 224 224 224 225 225 225 226 226 226 214 214 214 227 227 227 213 213 213 227 227 227 214 214 214 191 191 191 228 228 228 211 211 211 229 229 229 230 230 230 231 231 231 232 232 232 233 233 233 234 234 234 235 235 235 236 236 236 237 237 237 236 236 236 235 235 235 238 238 238 239 239 239 240 240 240 241 241 241 242 242 242 240 240 240 243 243 243 239 239 239 243 243 243 240 240 240 243 243 243 239 239 239 244 244 244 245 245 245 241 241 241 246 246 246 240 240 240 246 246 246 241 241 241 246 246 246 240 240 240 247 247 247 242 242 242 247 247 247 240 240 240 247 247 247 242 242 242 248 248 248 243 243 243 248 248 248 242 242 242 248 248 248 243 243 243 249 249 249 244 244 244 249 249 249 243 243 243 250 250 250 249 249 249 244 244 244 249 249 249 250 250 250 251 251 251 252 252 252 251 251 251 250 250 250 251 251 251 252 252 252 253 253 253 254 254 254 253 253 253 252 252 252 253 253 253 254 254 254 255 255 255 256 256 256 257 257 257 258 258 258 257 257 257 256 256 256 259 259 259 260 260 260 259 259 259 256 256 256 261 261 261 262 262 262 263 263 263 262 262 262 264 264 264 263 263 263 263 263 263 264 264 264 253 253 253 265 265 265 253 253 253 264 264 264 253 253 253 265 265 265 251 251 251 248 248 248 251 251 251 265 265 265 251 251 251 248 248 248 249 249 249 246 246 246 247 247 247 266 266 266 266 266 266 247 247 247 267 267 267 248 248 248 267 267 267 247 247 247 265 265 265 267 267 267 248 248 248 264 264 264 267 267 267 265 265 265 267 267 267 264 264 264 268 268 268 269 269 269 270 270 270 271 271 271 253 253 253 255 255 255 263 263 263 272 272 272 273 273 273 274 274 274 275 275 275 276 276 276 277 277 277 278 278 278 252 252 252 279 279 279 252 252 252 278 278 278 254 254 254 258 258 258 280 280 280 256 256 256 281 281 281 282 282 282 283 283 283 284 284 284 285 285 285 286 286 286 287 287 287 288 288 288 289 289 289 290 290 290 289 289 289 288 288 288 256 256 256 291 291 291 260 260 260 292 292 292 260 260 260 291 291 291 260 260 260 292 292 292 293 293 293 294 294 294 295 295 295 296 296 296 297 297 297 295 295 295 294 294 294 268 268 268 295 295 295 297 297 297 295 295 295 268 268 268 298 298 298 264 264 264 298 298 298 268 268 268 262 262 262 298 298 298 264 264 264 298 298 298 262 262 262 295 295 295 299 299 299 300 300 300 301 301 301 302 302 302 303 303 303 304 304 304 303 303 303 302 302 302 305 305 305 306 306 306 307 307 307 308 308 308 309 309 309 308 308 308 307 307 307 308 308 308 309 309 309 310 310 310 311 311 311 301 301 301 312 312 312 301 301 301 311 311 311 299 299 299 313 313 313 299 299 299 311 311 311 299 299 299 313 313 313 314 314 314 315 315 315 314 314 314 313 313 313 316 316 316 314 314 314 315 315 315 317 317 317 314 314 314 316 316 316 314 314 314 317 317 317 318 318 318 318 318 318 317 317 317 319 319 319 319 319 319 317 317 317 320 320 320 321 321 321 320 320 320 317 317 317 320 320 320 321 321 321 322 322 322 316 316 316 322 322 322 321 321 321 322 322 322 316 316 316 323 323 323 323 323 323 316 316 316 324 324 324 315 315 315 324 324 324 316 316 316 324 324 324 315 315 315 325 325 325 313 313 313 325 325 325 315 315 315 325 325 325 313 313 313 326 326 326 312 312 312 326 326 326 313 313 313 326 326 326 312 312 312 327 327 327 310 310 310 328 328 328 308 308 308 328 328 328 310 310 310 329 329 329 330 330 330 329 329 329 310 310 310 331 331 331 332 332 332 325 325 325 333 333 333 325 325 325 332 332 332 325 325 325 333 333 333 324 324 324 334 334 334 324 324 324 333 333 333 324 324 324 334 334 334 323 323 323 335 335 335 323 323 323 334 334 334 323 323 323 335 335 335 322 322 322 336 336 336 322 322 322 335 335 335 322 322 322 336 336 336 320 320 320 337 337 337 320 320 320 336 336 336 320 320 320 337 337 337 319 319 319 338 338 338 319 319 319 337 337 337 339 339 339 340 340 340 341 341 341 325 325 325 326 326 326 331 331 331 342 342 342 343 343 343 344 344 344 345 345 345 346 346 346 347 347 347 348 348 348 333 333 333 349 349 349 332 332 332 349 349 349 333 333 333 310 310 310 350 350 350 330 330 330 351 351 351 352 352 352 353 353 353 354 354 354 355 355 355 356 356 356 357 357 357 358 358 358 359 359 359 358 358 358 357 357 357 360 360 360 361 361 361 362 362 362 363 363 363 364 364 364 362 362 362 365 365 365 361 361 361 365 365 365 362 362 362 365 365 365 361 361 361 366 366 366 367 367 367 363 363 363 368 368 368 362 362 362 368 368 368 363 363 363 368 368 368 362 362 362 369 369 369 364 364 364 369 369 369 362 362 362 369 369 369 364 364 364 370 370 370 365 365 365 370 370 370 364 364 364 370 370 370 365 365 365 371 371 371 366 366 366 371 371 371 365 365 365 372 372 372 371 371 371 366 366 366 371 371 371 372 372 372 373 373 373 374 374 374 373 373 373 372 372 372 373 373 373 374 374 374 375 375 375 376 376 376 375 375 375 374 374 374 375 375 375 376 376 376 377 377 377 378 378 378 379 379 379 380 380 380 381 381 381 382 382 382 383 383 383 384 384 384 383 383 383 382 382 382 385 385 385 386 386 386 387 387 387 375 375 375 377 377 377 388 388 388 389 389 389 388 388 388 377 377 377 390 390 390 388 388 388 389 389 389 391 391 391 388 388 388 390 390 390 392 392 392 388 388 388 391 391 391 373 373 373 388 388 388 392 392 392 388 388 388 373 373 373 375 375 375 371 371 371 373 373 373 370 370 370 392 392 392 370 370 370 373 373 373 370 370 370 392 392 392 393 393 393 391 391 391 393 393 393 392 392 392 393 393 393 391 391 391 394 394 394 395 395 395 396 396 396 390 390 390 390 390 390 396 396 396 391 391 391 397 397 397 391 391 391 396 396 396 391 391 391 397 397 397 394 394 394 398 398 398 399 399 399 400 400 400 399 399 399 398 398 398 401 401 401 401 401 401 398 398 398 402 402 402 402 402 402 398 398 398 403 403 403 404 404 404 405 405 405 406 406 406 405 405 405 404 404 404 407 407 407 407 407 407 404 404 404 382 382 382 384 384 384 382 382 382 404 404 404 397 397 397 396 396 396 408 408 408 409 409 409 410 410 410 411 411 411 412 412 412 413 413 413 414 414 414 415 415 415 416 416 416 417 417 417 417 417 417 416 416 416 418 418 418 372 372 372 419 419 419 374 374 374 370 370 370 393 393 393 369 369 369 420 420 420 369 369 369 393 393 393 369 369 369 420 420 420 368 368 368 421 421 421 422 422 422 423 423 423 424 424 424 423 423 423 422 422 422 423 423 423 424 424 424 425 425 425 426 426 426 425 425 425 424 424 424 427 427 427 428 428 428 429 429 429 430 430 430 428 428 428 427 427 427 431 431 431 432 432 432 433 433 433 434 434 434 433 433 433 432 432 432 435 435 435 433 433 433 434 434 434 433 433 433 435 435 435 436 436 436 422 422 422 421 421 421 437 437 437 438 438 438 437 437 437 421 421 421 439 439 439 440 440 440 441 441 441 435 435 435 442 442 442 436 436 436 442 442 442 435 435 435 443 443 443 444 444 444 445 445 445 446 446 446 447 447 447 448 448 448 449 449 449 450 450 450 449 449 449 448 448 448 449 449 449 450 450 450 451 451 451 452 452 452 451 451 451 450 450 450 451 451 451 452 452 452 453 453 453 454 454 454 453 453 453 452 452 452 453 453 453 454 454 454 455 455 455 456 456 456 455 455 455 454 454 454 455 455 455 456 456 456 457 457 457 458 458 458 457 457 457 456 456 456 457 457 457 458 458 458 459 459 459 460 460 460 459 459 459 458 458 458 461 461 461 462 462 462 447 447 447 462 462 462 461 461 461 437 437 437 437 437 437 461 461 461 422 422 422 422 422 422 461 461 461 463 463 463 463 463 463 461 461 461 451 451 451 451 451 451 461 461 461 449 449 449 447 447 447 449 449 449 461 461 461 424 424 424 422 422 422 464 464 464 463 463 463 464 464 464 422 422 422 464 464 464 463 463 463 465 465 465 451 451 451 465 465 465 463 463 463 453 453 453 465 465 465 451 451 451 455 455 455 465 465 465 453 453 453 465 465 465 455 455 455 466 466 466 457 457 457 466 466 466 455 455 455 466 466 466 457 457 457 467 467 467 459 459 459 467 467 467 457 457 457 468 468 468 467 467 467 459 459 459 464 464 464 467 467 467 468 468 468 465 465 465 467 467 467 464 464 464 467 467 467 465 465 465 466 466 466 452 452 452 450 450 450 469 469 469 470 470 470 471 471 471 472 472 472 472 472 472 471 471 471 473 473 473 474 474 474 475 475 475 476 476 476 477 477 477 478 478 478 479 479 479 480 480 480 481 481 481 482 482 482 483 483 483 481 481 481 484 484 484 480 480 480 484 484 484 481 481 481 484 484 484 480 480 480 485 485 485 486 486 486 482 482 482 487 487 487 481 481 481 487 487 487 482 482 482 487 487 487 481 481 481 488 488 488 483 483 483 488 488 488 481 481 481 488 488 488 483 483 483 489 489 489 484 484 484 489 489 489 483 483 483 489 489 489 484 484 484 490 490 490 485 485 485 490 490 490 484 484 484 491 491 491 490 490 490 485 485 485 490 490 490 491 491 491 492 492 492 493 493 493 492 492 492 491 491 491 492 492 492 493 493 493 494 494 494 495 495 495 494 494 494 493 493 493 494 494 494 495 495 495 496 496 496 497 497 497 498 498 498 499 499 499 500 500 500 501 501 501 502 502 502 503 503 503 502 502 502 501 501 501 504 504 504 505 505 505 506 506 506 494 494 494 496 496 496 507 507 507 508 508 508 507 507 507 496 496 496 509 509 509 507 507 507 508 508 508 510 510 510 511 511 511 512 512 512 513 513 513 507 507 507 514 514 514 492 492 492 507 507 507 513 513 513 507 507 507 492 492 492 494 494 494 490 490 490 492 492 492 489 489 489 513 513 513 489 489 489 492 492 492 489 489 489 513 513 513 515 515 515 514 514 514 515 515 515 513 513 513 515 515 515 514 514 514 516 516 516 517 517 517 518 518 518 512 512 512 512 512 512 518 518 518 510 510 510 519 519 519 510 510 510 518 518 518 514 514 514 520 520 520 516 516 516 521 521 521 522 522 522 523 523 523 522 522 522 521 521 521 524 524 524 524 524 524 521 521 521 525 525 525 525 525 525 521 521 521 526 526 526 527 527 527 528 528 528 529 529 529 528 528 528 527 527 527 530 530 530 530 530 530 527 527 527 501 501 501 503 503 503 501 501 501 527 527 527 519 519 519 518 518 518 531 531 531 532 532 532 533 533 533 534 534 534 535 535 535 536 536 536 537 537 537 538 538 538 539 539 539 540 540 540 540 540 540 539 539 539 541 541 541 542 542 542 543 543 543 544 544 544 489 489 489 515 515 515 488 488 488 545 545 545 488 488 488 515 515 515 488 488 488 545 545 545 487 487 487 546 546 546 547 547 547 548 548 548 549 549 549 550 550 550 551 551 551 550 550 550 549 549 549 552 552 552 553 553 553 552 552 552 549 549 549 554 554 554 555 555 555 556 556 556 557 557 557 555 555 555 554 554 554 558 558 558 559 559 559 560 560 560 561 561 561 560 560 560 559 559 559 562 562 562 560 560 560 561 561 561 560 560 560 562 562 562 563 563 563 547 547 547 546 546 546 564 564 564 565 565 565 564 564 564 546 546 546 566 566 566 567 567 567 568 568 568 562 562 562 569 569 569 563 563 563 569 569 569 562 562 562 570 570 570 571 571 571 572 572 572 573 573 573 574 574 574 575 575 575 576 576 576 577 577 577 576 576 576 575 575 575 576 576 576 577 577 577 578 578 578 579 579 579 578 578 578 577 577 577 578 578 578 579 579 579 580 580 580 581 581 581 580 580 580 579 579 579 580 580 580 581 581 581 582 582 582 583 583 583 582 582 582 581 581 581 582 582 582 583 583 583 584 584 584 585 585 585 584 584 584 583 583 583 584 584 584 585 585 585 586 586 586 587 587 587 586 586 586 585 585 585 588 588 588 589 589 589 574 574 574 589 589 589 588 588 588 590 590 590 564 564 564 591 591 591 547 547 547 551 551 551 588 588 588 592 592 592 592 592 592 588 588 588 578 578 578 578 578 578 588 588 588 576 576 576 574 574 574 576 576 576 588 588 588 549 549 549 551 551 551 593 593 593 592 592 592 593 593 593 551 551 551 593 593 593 592 592 592 594 594 594 578 578 578 594 594 594 592 592 592 580 580 580 594 594 594 578 578 578 582 582 582 594 594 594 580 580 580 594 594 594 582 582 582 595 595 595 584 584 584 595 595 595 582 582 582 595 595 595 584 584 584 596 596 596 586 586 586 596 596 596 584 584 584 597 597 597 596 596 596 586 586 586 593 593 593 596 596 596 597 597 597 594 594 594 596 596 596 593 593 593 596 596 596 594 594 594 595 595 595 598 598 598 599 599 599 600 600 600 601 601 601 602 602 602 603 603 603 603 603 603 602 602 602 604 604 604 605 605 605 606 606 606 607 607 607 608 608 608 609 609 609 610 610 610 611 611 611 612 612 612 613 613 613 614 614 614 612 612 612 615 615 615 611 611 611 615 615 615 612 612 612 615 615 615 611 611 611 616 616 616 617 617 617 613 613 613 618 618 618 612 612 612 618 618 618 613 613 613 618 618 618 612 612 612 619 619 619 614 614 614 619 619 619 612 612 612 619 619 619 614 614 614 620 620 620 615 615 615 620 620 620 614 614 614 620 620 620 615 615 615 621 621 621 616 616 616 621 621 621 615 615 615 622 622 622 621 621 621 616 616 616 621 621 621 622 622 622 623 623 623 624 624 624 623 623 623 622 622 622 623 623 623 624 624 624 625 625 625 626 626 626 625 625 625 624 624 624 625 625 625 626 626 626 627 627 627 628 628 628 629 629 629 630 630 630 631 631 631 632 632 632 633 633 633 634 634 634 633 633 633 632 632 632 635 635 635 636 636 636 637 637 637 625 625 625 627 627 627 638 638 638 639 639 639 638 638 638 627 627 627 640 640 640 638 638 638 639 639 639 641 641 641 638 638 638 640 640 640 642 642 642 638 638 638 641 641 641 623 623 623 638 638 638 642 642 642 638 638 638 623 623 623 625 625 625 621 621 621 623 623 623 620 620 620 642 642 642 620 620 620 623 623 623 620 620 620 642 642 642 643 643 643 641 641 641 643 643 643 642 642 642 643 643 643 641 641 641 644 644 644 645 645 645 646 646 646 640 640 640 640 640 640 646 646 646 641 641 641 647 647 647 641 641 641 646 646 646 641 641 641 647 647 647 644 644 644 648 648 648 644 644 644 647 647 647 644 644 644 648 648 648 649 649 649 649 649 649 648 648 648 650 650 650 650 650 650 648 648 648 651 651 651 652 652 652 653 653 653 654 654 654 653 653 653 652 652 652 655 655 655 655 655 655 652 652 652 632 632 632 634 634 634 632 632 632 652 652 652 647 647 647 646 646 646 648 648 648 656 656 656 657 657 657 658 658 658 659 659 659 660 660 660 661 661 661 662 662 662 663 663 663 664 664 664 664 664 664 663 663 663 665 665 665 622 622 622 666 666 666 624 624 624 620 620 620 643 643 643 619 619 619 667 667 667 619 619 619 643 643 643 619 619 619 667 667 667 618 618 618 668 668 668 669 669 669 670 670 670 671 671 671 670 670 670 669 669 669 670 670 670 671 671 671 672 672 672 673 673 673 672 672 672 671 671 671 674 674 674 675 675 675 676 676 676 677 677 677 675 675 675 674 674 674 678 678 678 679 679 679 680 680 680 681 681 681 680 680 680 679 679 679 682 682 682 680 680 680 681 681 681 680 680 680 682 682 682 683 683 683 669 669 669 668 668 668 684 684 684 685 685 685 684 684 684 668 668 668 686 686 686 687 687 687 688 688 688 682 682 682 689 689 689 683 683 683 689 689 689 682 682 682 690 690 690 691 691 691 692 692 692 693 693 693 694 694 694 695 695 695 696 696 696 697 697 697 696 696 696 695 695 695 696 696 696 697 697 697 698 698 698 699 699 699 698 698 698 697 697 697 698 698 698 699 699 699 700 700 700 701 701 701 700 700 700 699 699 699 700 700 700 701 701 701 702 702 702 703 703 703 702 702 702 701 701 701 702 702 702 703 703 703 704 704 704 705 705 705 704 704 704 703 703 703 704 704 704 705 705 705 706 706 706 707 707 707 706 706 706 705 705 705 708 708 708 709 709 709 694 694 694 709 709 709 708 708 708 684 684 684 684 684 684 708 708 708 669 669 669 669 669 669 708 708 708 710 710 710 710 710 710 708 708 708 698 698 698 698 698 698 708 708 708 696 696 696 694 694 694 696 696 696 708 708 708 671 671 671 669 669 669 711 711 711 710 710 710 711 711 711 669 669 669 711 711 711 710 710 710 712 712 712 698 698 698 712 712 712 710 710 710 700 700 700 712 712 712 698 698 698 702 702 702 712 712 712 700 700 700 712 712 712 702 702 702 713 713 713 704 704 704 713 713 713 702 702 702 713 713 713 704 704 704 714 714 714 706 706 706 714 714 714 704 704 704 715 715 715 714 714 714 706 706 706 711 711 711 714 714 714 715 715 715 712 712 712 714 714 714 711 711 711 714 714 714 712 712 712 713 713 713 699 699 699 697 697 697 716 716 716 717 717 717 718 718 718 719 719 719 719 719 719 718 718 718 720 720 720 721 721 721 722 722 722 723 723 723 724 724 724 725 725 725 726 726 726 727 727 727 728 728 728 729 729 729 730 730 730 728 728 728 731 731 731 727 727 727 731 731 731 728 728 728 731 731 731 727 727 727 732 732 732 733 733 733 729 729 729 734 734 734 728 728 728 734 734 734 729 729 729 734 734 734 728 728 728 735 735 735 730 730 730 735 735 735 728 728 728 735 735 735 730 730 730 736 736 736 731 731 731 736 736 736 730 730 730 736 736 736 731 731 731 737 737 737 732 732 732 737 737 737 731 731 731 738 738 738 737 737 737 732 732 732 737 737 737 738 738 738 739 739 739 740 740 740 739 739 739 738 738 738 739 739 739 740 740 740 741 741 741 742 742 742 741 741 741 740 740 740 741 741 741 742 742 742 743 743 743 744 744 744 745 745 745 746 746 746 745 745 745 744 744 744 747 747 747 748 748 748 747 747 747 744 744 744 749 749 749 750 750 750 751 751 751 750 750 750 752 752 752 751 751 751 751 751 751 752 752 752 741 741 741 753 753 753 741 741 741 752 752 752 741 741 741 753 753 753 739 739 739 736 736 736 739 739 739 753 753 753 739 739 739 736 736 736 737 737 737 734 734 734 735 735 735 754 754 754 754 754 754 735 735 735 755 755 755 736 736 736 755 755 755 735 735 735 753 753 753 755 755 755 736 736 736 752 752 752 755 755 755 753 753 753 755 755 755 752 752 752 756 756 756 757 757 757 758 758 758 759 759 759 741 741 741 743 743 743 751 751 751 760 760 760 761 761 761 762 762 762 763 763 763 764 764 764 765 765 765 766 766 766 740 740 740 767 767 767 740 740 740 766 766 766 742 742 742 746 746 746 768 768 768 744 744 744 769 769 769 770 770 770 771 771 771 772 772 772 773 773 773 774 774 774 775 775 775 776 776 776 777 777 777 778 778 778 777 777 777 776 776 776 744 744 744 779 779 779 748 748 748 780 780 780 748 748 748 779 779 779 748 748 748 780 780 780 781 781 781 782 782 782 783 783 783 784 784 784 785 785 785 783 783 783 782 782 782 756 756 756 783 783 783 785 785 785 783 783 783 756 756 756 786 786 786 752 752 752 786 786 786 756 756 756 750 750 750 786 786 786 752 752 752 786 786 786 750 750 750 783 783 783 787 787 787 788 788 788 789 789 789 790 790 790 791 791 791 792 792 792 791 791 791 790 790 790 793 793 793 794 794 794 795 795 795 796 796 796 797 797 797 796 796 796 795 795 795 796 796 796 797 797 797 798 798 798 799 799 799 789 789 789 800 800 800 789 789 789 799 799 799 787 787 787 801 801 801 787 787 787 799 799 799 787 787 787 801 801 801 802 802 802 803 803 803 802 802 802 801 801 801 804 804 804 802 802 802 803 803 803 805 805 805 802 802 802 804 804 804 802 802 802 805 805 805 806 806 806 806 806 806 805 805 805 807 807 807 807 807 807 805 805 805 808 808 808 809 809 809 808 808 808 805 805 805 808 808 808 809 809 809 810 810 810 804 804 804 810 810 810 809 809 809 810 810 810 804 804 804 811 811 811 811 811 811 804 804 804 812 812 812 803 803 803 812 812 812 804 804 804 812 812 812 803 803 803 813 813 813 801 801 801 813 813 813 803 803 803 813 813 813 801 801 801 814 814 814 800 800 800 814 814 814 801 801 801 814 814 814 800 800 800 815 815 815 798 798 798 816 816 816 796 796 796 816 816 816 798 798 798 817 817 817 818 818 818 817 817 817 798 798 798 819 819 819 820 820 820 813 813 813 821 821 821 813 813 813 820 820 820 813 813 813 821 821 821 812 812 812 822 822 822 812 812 812 821 821 821 812 812 812 822 822 822 811 811 811 823 823 823 811 811 811 822 822 822 811 811 811 823 823 823 810 810 810 824 824 824 810 810 810 823 823 823 810 810 810 824 824 824 808 808 808 825 825 825 808 808 808 824 824 824 808 808 808 825 825 825 807 807 807 826 826 826 807 807 807 825 825 825 827 827 827 828 828 828 829 829 829 813 813 813 814 814 814 819 819 819 830 830 830 831 831 831 832 832 832 833 833 833 834 834 834 835 835 835 836 836 836 821 821 821 837 837 837 820 820 820 837 837 837 821 821 821 798 798 798 838 838 838 818 818 818 839 839 839 840 840 840 841 841 841 842 842 842 843 843 843 844 844 844 845 845 845 846 846 846 847 847 847 846 846 846 845 845 845 848 848 848 849 849 849 850 850 850 851 851 851 852 852 852 850 850 850 853 853 853 849 849 849 853 853 853 850 850 850 853 853 853 849 849 849 854 854 854 855 855 855 851 851 851 856 856 856 850 850 850 856 856 856 851 851 851 856 856 856 850 850 850 857 857 857 852 852 852 857 857 857 850 850 850 857 857 857 852 852 852 858 858 858 853 853 853 858 858 858 852 852 852 858 858 858 853 853 853 859 859 859 854 854 854 859 859 859 853 853 853 860 860 860 859 859 859 854 854 854 859 859 859 860 860 860 861 861 861 862 862 862 861 861 861 860 860 860 861 861 861 862 862 862 863 863 863 864 864 864 863 863 863 862 862 862 863 863 863 864 864 864 865 865 865 866 866 866 867 867 867 868 868 868 867 867 867 866 866 866 869 869 869 870 870 870 869 869 869 866 866 866 871 871 871 872 872 872 873 873 873 872 872 872 874 874 874 873 873 873 873 873 873 874 874 874 863 863 863 875 875 875 863 863 863 874 874 874 863 863 863 875 875 875 861 861 861 858 858 858 861 861 861 875 875 875 861 861 861 858 858 858 859 859 859 856 856 856 857 857 857 876 876 876 876 876 876 857 857 857 877 877 877 858 858 858 877 877 877 857 857 857 875 875 875 877 877 877 858 858 858 874 874 874 877 877 877 875 875 875 877 877 877 874 874 874 878 878 878 871 871 871 873 873 873 865 865 865 863 863 863 865 865 865 873 873 873 879 879 879 880 880 880 881 881 881 882 882 882 883 883 883 884 884 884 885 885 885 862 862 862 886 886 886 862 862 862 885 885 885 864 864 864 868 868 868 887 887 887 866 866 866 888 888 888 889 889 889 890 890 890 891 891 891 892 892 892 893 893 893 894 894 894 895 895 895 896 896 896 897 897 897 896 896 896 895 895 895 866 866 866 898 898 898 870 870 870 899 899 899 870 870 870 898 898 898 870 870 870 899 899 899 900 900 900 901 901 901 902 902 902 903 903 903 904 904 904 902 902 902 901 901 901 878 878 878 905 905 905 906 906 906 905 905 905 878 878 878 907 907 907 874 874 874 907 907 907 878 878 878 872 872 872 907 907 907 874 874 874 907 907 907 872 872 872 905 905 905 908 908 908 909 909 909 910 910 910 901 901 901 911 911 911 912 912 912 911 911 911 901 901 901 913 913 913 914 914 914 915 915 915 916 916 916 917 917 917 916 916 916 915 915 915 916 916 916 917 917 917 918 918 918 919 919 919 910 910 910 920 920 920 910 910 910 919 919 919 908 908 908 921 921 921 908 908 908 919 919 919 908 908 908 921 921 921 922 922 922 923 923 923 922 922 922 921 921 921 924 924 924 922 922 922 923 923 923 925 925 925 922 922 922 924 924 924 922 922 922 925 925 925 926 926 926 926 926 926 925 925 925 927 927 927 927 927 927 925 925 925 928 928 928 929 929 929 928 928 928 925 925 925 928 928 928 929 929 929 930 930 930 924 924 924 930 930 930 929 929 929 930 930 930 924 924 924 931 931 931 931 931 931 924 924 924 932 932 932 923 923 923 932 932 932 924 924 924 932 932 932 923 923 923 933 933 933 921 921 921 933 933 933 923 923 923 933 933 933 921 921 921 934 934 934 920 920 920 934 934 934 921 921 921 934 934 934 920 920 920 935 935 935 918 918 918 936 936 936 916 916 916 936 936 936 918 918 918 937 937 937 938 938 938 937 937 937 918 918 918 939 939 939 940 940 940 933 933 933 941 941 941 933 933 933 940 940 940 933 933 933 941 941 941 932 932 932 942 942 942 932 932 932 941 941 941 932 932 932 942 942 942 931 931 931 943 943 943 931 931 931 942 942 942 931 931 931 943 943 943 930 930 930 944 944 944 930 930 930 943 943 943 930 930 930 944 944 944 928 928 928 945 945 945 928 928 928 944 944 944 928 928 928 945 945 945 927 927 927 946 946 946 927 927 927 945 945 945 935 935 935 939 939 939 934 934 934 933 933 933 934 934 934 939 939 939 947 947 947 948 948 948 949 949 949 950 950 950 951 951 951 952 952 952 953 953 953 941 941 941 954 954 954 940 940 940 954 954 954 941 941 941 918 918 918 955 955 955 938 938 938 956 956 956 957 957 957 958 958 958 959 959 959 960 960 960 961 961 961 962 962 962 963 963 963 964 964 964 963 963 963 962 962 962 965 965 965 966 966 966 967 967 967 968 968 968 969 969 969 967 967 967 970 970 970 966 966 966 970 970 970 967 967 967 970 970 970 966 966 966 971 971 971 972 972 972 968 968 968 973 973 973 967 967 967 973 973 973 968 968 968 973 973 973 967 967 967 974 974 974 969 969 969 974 974 974 967 967 967 974 974 974 969 969 969 975 975 975 970 970 970 975 975 975 969 969 969 975 975 975 970 970 970 976 976 976 971 971 971 976 976 976 970 970 970 977 977 977 976 976 976 971 971 971 976 976 976 977 977 977 978 978 978 979 979 979 978 978 978 977 977 977 978 978 978 979 979 979 980 980 980 981 981 981 980 980 980 979 979 979 980 980 980 981 981 981 982 982 982 983 983 983 984 984 984 985 985 985 984 984 984 983 983 983 986 986 986 987 987 987 986 986 986 983 983 983 988 988 988 989 989 989 990 990 990 989 989 989 991 991 991 990 990 990 990 990 990 991 991 991 980 980 980 992 992 992 980 980 980 991 991 991 980 980 980 992 992 992 978 978 978 975 975 975 978 978 978 992 992 992 978 978 978 975 975 975 976 976 976 973 973 973 974 974 974 993 993 993 993 993 993 974 974 974 994 994 994 975 975 975 994 994 994 974 974 974 992 992 992 994 994 994 975 975 975 991 991 991 994 994 994 992 992 992 994 994 994 991 991 991 995 995 995 996 996 996 997 997 997 998 998 998 980 980 980 982 982 982 990 990 990 999 999 999 1000 1000 1000 1001 1001 1001 1002 1002 1002 1003 1003 1003 1004 1004 1004 1005 1005 1005 979 979 979 1006 1006 1006 979 979 979 1005 1005 1005 981 981 981 985 985 985 1007 1007 1007 983 983 983 1008 1008 1008 1009 1009 1009 1010 1010 1010 1011 1011 1011 1012 1012 1012 1013 1013 1013 1014 1014 1014 1015 1015 1015 1016 1016 1016 1017 1017 1017 1016 1016 1016 1015 1015 1015 983 983 983 1018 1018 1018 987 987 987 1019 1019 1019 987 987 987 1018 1018 1018 987 987 987 1019 1019 1019 1020 1020 1020 1021 1021 1021 1022 1022 1022 1023 1023 1023 1024 1024 1024 1022 1022 1022 1021 1021 1021 995 995 995 1022 1022 1022 1024 1024 1024 1022 1022 1022 995 995 995 1025 1025 1025 991 991 991 1025 1025 1025 995 995 995 989 989 989 1025 1025 1025 991 991 991 1025 1025 1025 989 989 989 1022 1022 1022 1026 1026 1026 1027 1027 1027 1028 1028 1028 1029 1029 1029 1030 1030 1030 1031 1031 1031 1030 1030 1030 1029 1029 1029 1032 1032 1032 1033 1033 1033 1034 1034 1034 1035 1035 1035 1036 1036 1036 1035 1035 1035 1034 1034 1034 1035 1035 1035 1036 1036 1036 1037 1037 1037 1038 1038 1038 1028 1028 1028 1039 1039 1039 1028 1028 1028 1038 1038 1038 1026 1026 1026 1040 1040 1040 1026 1026 1026 1038 1038 1038 1026 1026 1026 1040 1040 1040 1041 1041 1041 1042 1042 1042 1041 1041 1041 1040 1040 1040 1043 1043 1043 1041 1041 1041 1042 1042 1042 1044 1044 1044 1041 1041 1041 1043 1043 1043 1041 1041 1041 1044 1044 1044 1045 1045 1045 1045 1045 1045 1044 1044 1044 1046 1046 1046 1046 1046 1046 1044 1044 1044 1047 1047 1047 1048 1048 1048 1047 1047 1047 1044 1044 1044 1047 1047 1047 1048 1048 1048 1049 1049 1049 1043 1043 1043 1049 1049 1049 1048 1048 1048 1049 1049 1049 1043 1043 1043 1050 1050 1050 1050 1050 1050 1043 1043 1043 1051 1051 1051 1042 1042 1042 1051 1051 1051 1043 1043 1043 1051 1051 1051 1042 1042 1042 1052 1052 1052 1040 1040 1040 1052 1052 1052 1042 1042 1042 1052 1052 1052 1040 1040 1040 1053 1053 1053 1039 1039 1039 1053 1053 1053 1040 1040 1040 1053 1053 1053 1039 1039 1039 1054 1054 1054 1037 1037 1037 1055 1055 1055 1035 1035 1035 1055 1055 1055 1037 1037 1037 1056 1056 1056 1057 1057 1057 1056 1056 1056 1037 1037 1037 1058 1058 1058 1059 1059 1059 1052 1052 1052 1060 1060 1060 1052 1052 1052 1059 1059 1059 1052 1052 1052 1060 1060 1060 1051 1051 1051 1061 1061 1061 1051 1051 1051 1060 1060 1060 1051 1051 1051 1061 1061 1061 1050 1050 1050 1062 1062 1062 1050 1050 1050 1061 1061 1061 1050 1050 1050 1062 1062 1062 1049 1049 1049 1063 1063 1063 1049 1049 1049 1062 1062 1062 1049 1049 1049 1063 1063 1063 1047 1047 1047 1064 1064 1064 1047 1047 1047 1063 1063 1063 1047 1047 1047 1064 1064 1064 1046 1046 1046 1065 1065 1065 1046 1046 1046 1064 1064 1064 1066 1066 1066 1067 1067 1067 1068 1068 1068 1052 1052 1052 1053 1053 1053 1058 1058 1058 1069 1069 1069 1070 1070 1070 1071 1071 1071 1072 1072 1072 1073 1073 1073 1074 1074 1074 1075 1075 1075 1060 1060 1060 1076 1076 1076 1059 1059 1059 1076 1076 1076 1060 1060 1060 1037 1037 1037 1077 1077 1077 1057 1057 1057 1078 1078 1078 1079 1079 1079 1080 1080 1080 1081 1081 1081 1082 1082 1082 1083 1083 1083 1084 1084 1084 1085 1085 1085 1086 1086 1086 1085 1085 1085 1084 1084 1084 1087 1087 1087 1088 1088 1088 1089 1089 1089 1090 1090 1090 1091 1091 1091 1089 1089 1089 1092 1092 1092 1088 1088 1088 1092 1092 1092 1089 1089 1089 1092 1092 1092 1088 1088 1088 1093 1093 1093 1094 1094 1094 1090 1090 1090 1095 1095 1095 1089 1089 1089 1095 1095 1095 1090 1090 1090 1095 1095 1095 1089 1089 1089 1096 1096 1096 1091 1091 1091 1096 1096 1096 1089 1089 1089 1096 1096 1096 1091 1091 1091 1097 1097 1097 1092 1092 1092 1097 1097 1097 1091 1091 1091 1097 1097 1097 1092 1092 1092 1098 1098 1098 1093 1093 1093 1098 1098 1098 1092 1092 1092 1099 1099 1099 1098 1098 1098 1093 1093 1093 1098 1098 1098 1099 1099 1099 1100 1100 1100 1101 1101 1101 1100 1100 1100 1099 1099 1099 1100 1100 1100 1101 1101 1101 1102 1102 1102 1103 1103 1103 1102 1102 1102 1101 1101 1101 1102 1102 1102 1103 1103 1103 1104 1104 1104 1105 1105 1105 1106 1106 1106 1107 1107 1107 1108 1108 1108 1109 1109 1109 1110 1110 1110 1111 1111 1111 1110 1110 1110 1109 1109 1109 1112 1112 1112 1113 1113 1113 1114 1114 1114 1102 1102 1102 1104 1104 1104 1115 1115 1115 1116 1116 1116 1115 1115 1115 1104 1104 1104 1117 1117 1117 1115 1115 1115 1116 1116 1116 1118 1118 1118 1115 1115 1115 1117 1117 1117 1119 1119 1119 1115 1115 1115 1118 1118 1118 1100 1100 1100 1115 1115 1115 1119 1119 1119 1115 1115 1115 1100 1100 1100 1102 1102 1102 1098 1098 1098 1100 1100 1100 1097 1097 1097 1119 1119 1119 1097 1097 1097 1100 1100 1100 1097 1097 1097 1119 1119 1119 1120 1120 1120 1118 1118 1118 1120 1120 1120 1119 1119 1119 1120 1120 1120 1118 1118 1118 1121 1121 1121 1122 1122 1122 1123 1123 1123 1117 1117 1117 1117 1117 1117 1123 1123 1123 1118 1118 1118 1124 1124 1124 1118 1118 1118 1123 1123 1123 1118 1118 1118 1124 1124 1124 1121 1121 1121 1125 1125 1125 1126 1126 1126 1127 1127 1127 1126 1126 1126 1125 1125 1125 1128 1128 1128 1128 1128 1128 1125 1125 1125 1129 1129 1129 1129 1129 1129 1125 1125 1125 1130 1130 1130 1131 1131 1131 1132 1132 1132 1133 1133 1133 1132 1132 1132 1131 1131 1131 1134 1134 1134 1134 1134 1134 1131 1131 1131 1109 1109 1109 1111 1111 1111 1109 1109 1109 1131 1131 1131 1124 1124 1124 1123 1123 1123 1135 1135 1135 1136 1136 1136 1137 1137 1137 1138 1138 1138 1139 1139 1139 1140 1140 1140 1141 1141 1141 1142 1142 1142 1143 1143 1143 1144 1144 1144 1144 1144 1144 1143 1143 1143 1145 1145 1145 1099 1099 1099 1146 1146 1146 1101 1101 1101 1097 1097 1097 1120 1120 1120 1096 1096 1096 1147 1147 1147 1096 1096 1096 1120 1120 1120 1096 1096 1096 1147 1147 1147 1095 1095 1095 1148 1148 1148 1149 1149 1149 1150 1150 1150 1151 1151 1151 1150 1150 1150 1149 1149 1149 1150 1150 1150 1151 1151 1151 1152 1152 1152 1153 1153 1153 1152 1152 1152 1151 1151 1151 1154 1154 1154 1155 1155 1155 1156 1156 1156 1157 1157 1157 1155 1155 1155 1154 1154 1154 1158 1158 1158 1159 1159 1159 1160 1160 1160 1161 1161 1161 1160 1160 1160 1159 1159 1159 1162 1162 1162 1160 1160 1160 1161 1161 1161 1160 1160 1160 1162 1162 1162 1163 1163 1163 1149 1149 1149 1148 1148 1148 1164 1164 1164 1165 1165 1165 1164 1164 1164 1148 1148 1148 1166 1166 1166 1167 1167 1167 1168 1168 1168 1162 1162 1162 1169 1169 1169 1163 1163 1163 1169 1169 1169 1162 1162 1162 1170 1170 1170 1171 1171 1171 1172 1172 1172 1173 1173 1173 1174 1174 1174 1175 1175 1175 1176 1176 1176 1177 1177 1177 1176 1176 1176 1175 1175 1175 1176 1176 1176 1177 1177 1177 1178 1178 1178 1179 1179 1179 1178 1178 1178 1177 1177 1177 1178 1178 1178 1179 1179 1179 1180 1180 1180 1181 1181 1181 1180 1180 1180 1179 1179 1179 1180 1180 1180 1181 1181 1181 1182 1182 1182 1183 1183 1183 1182 1182 1182 1181 1181 1181 1182 1182 1182 1183 1183 1183 1184 1184 1184 1185 1185 1185 1184 1184 1184 1183 1183 1183 1184 1184 1184 1185 1185 1185 1186 1186 1186 1187 1187 1187 1186 1186 1186 1185 1185 1185 1188 1188 1188 1189 1189 1189 1174 1174 1174 1189 1189 1189 1188 1188 1188 1164 1164 1164 1164 1164 1164 1188 1188 1188 1149 1149 1149 1149 1149 1149 1188 1188 1188 1190 1190 1190 1190 1190 1190 1188 1188 1188 1178 1178 1178 1178 1178 1178 1188 1188 1188 1176 1176 1176 1174 1174 1174 1176 1176 1176 1188 1188 1188 1151 1151 1151 1149 1149 1149 1191 1191 1191 1190 1190 1190 1191 1191 1191 1149 1149 1149 1191 1191 1191 1190 1190 1190 1192 1192 1192 1178 1178 1178 1192 1192 1192 1190 1190 1190 1180 1180 1180 1192 1192 1192 1178 1178 1178 1182 1182 1182 1192 1192 1192 1180 1180 1180 1192 1192 1192 1182 1182 1182 1193 1193 1193 1184 1184 1184 1193 1193 1193 1182 1182 1182 1193 1193 1193 1184 1184 1184 1194 1194 1194 1186 1186 1186 1194 1194 1194 1184 1184 1184 1195 1195 1195 1194 1194 1194 1186 1186 1186 1191 1191 1191 1194 1194 1194 1195 1195 1195 1192 1192 1192 1194 1194 1194 1191 1191 1191 1194 1194 1194 1192 1192 1192 1193 1193 1193 1179 1179 1179 1177 1177 1177 1196 1196 1196 1197 1197 1197 1198 1198 1198 1199 1199 1199 1199 1199 1199 1198 1198 1198 1200 1200 1200 1201 1201 1201 1202 1202 1202 1203 1203 1203 1204 1204 1204 1205 1205 1205 1206 1206 1206 1207 1207 1207 1208 1208 1208 1209 1209 1209 1210 1210 1210 1208 1208 1208 1211 1211 1211 1207 1207 1207 1211 1211 1211 1208 1208 1208 1211 1211 1211 1207 1207 1207 1212 1212 1212 1213 1213 1213 1209 1209 1209 1214 1214 1214 1208 1208 1208 1214 1214 1214 1209 1209 1209 1214 1214 1214 1208 1208 1208 1215 1215 1215 1210 1210 1210 1215 1215 1215 1208 1208 1208 1215 1215 1215 1210 1210 1210 1216 1216 1216 1211 1211 1211 1216 1216 1216 1210 1210 1210 1216 1216 1216 1211 1211 1211 1217 1217 1217 1212 1212 1212 1217 1217 1217 1211 1211 1211 1218 1218 1218 1217 1217 1217 1212 1212 1212 1217 1217 1217 1218 1218 1218 1219 1219 1219 1220 1220 1220 1219 1219 1219 1218 1218 1218 1219 1219 1219 1220 1220 1220 1221 1221 1221 1222 1222 1222 1221 1221 1221 1220 1220 1220 1221 1221 1221 1222 1222 1222 1223 1223 1223 1224 1224 1224 1225 1225 1225 1226 1226 1226 1227 1227 1227 1228 1228 1228 1229 1229 1229 1230 1230 1230 1229 1229 1229 1228 1228 1228 1231 1231 1231 1232 1232 1232 1233 1233 1233 1221 1221 1221 1223 1223 1223 1234 1234 1234 1235 1235 1235 1234 1234 1234 1223 1223 1223 1236 1236 1236 1234 1234 1234 1235 1235 1235 1237 1237 1237 1238 1238 1238 1239 1239 1239 1240 1240 1240 1234 1234 1234 1241 1241 1241 1219 1219 1219 1234 1234 1234 1240 1240 1240 1234 1234 1234 1219 1219 1219 1221 1221 1221 1217 1217 1217 1219 1219 1219 1216 1216 1216 1240 1240 1240 1216 1216 1216 1219 1219 1219 1216 1216 1216 1240 1240 1240 1242 1242 1242 1241 1241 1241 1242 1242 1242 1240 1240 1240 1242 1242 1242 1241 1241 1241 1243 1243 1243 1244 1244 1244 1245 1245 1245 1239 1239 1239 1239 1239 1239 1245 1245 1245 1237 1237 1237 1246 1246 1246 1237 1237 1237 1245 1245 1245 1241 1241 1241 1247 1247 1247 1243 1243 1243 1248 1248 1248 1249 1249 1249 1250 1250 1250 1249 1249 1249 1248 1248 1248 1251 1251 1251 1251 1251 1251 1248 1248 1248 1252 1252 1252 1252 1252 1252 1248 1248 1248 1253 1253 1253 1254 1254 1254 1255 1255 1255 1256 1256 1256 1255 1255 1255 1254 1254 1254 1257 1257 1257 1257 1257 1257 1254 1254 1254 1228 1228 1228 1230 1230 1230 1228 1228 1228 1254 1254 1254 1246 1246 1246 1245 1245 1245 1258 1258 1258 1259 1259 1259 1260 1260 1260 1261 1261 1261 1262 1262 1262 1263 1263 1263 1264 1264 1264 1265 1265 1265 1266 1266 1266 1267 1267 1267 1267 1267 1267 1266 1266 1266 1268 1268 1268 1269 1269 1269 1270 1270 1270 1271 1271 1271 1216 1216 1216 1242 1242 1242 1215 1215 1215 1272 1272 1272 1215 1215 1215 1242 1242 1242 1215 1215 1215 1272 1272 1272 1214 1214 1214 1273 1273 1273 1274 1274 1274 1275 1275 1275 1276 1276 1276 1277 1277 1277 1278 1278 1278 1277 1277 1277 1276 1276 1276 1279 1279 1279 1280 1280 1280 1279 1279 1279 1276 1276 1276 1281 1281 1281 1282 1282 1282 1283 1283 1283 1284 1284 1284 1282 1282 1282 1281 1281 1281 1285 1285 1285 1286 1286 1286 1287 1287 1287 1288 1288 1288 1287 1287 1287 1286 1286 1286 1289 1289 1289 1287 1287 1287 1288 1288 1288 1287 1287 1287 1289 1289 1289 1290 1290 1290 1274 1274 1274 1273 1273 1273 1291 1291 1291 1292 1292 1292 1291 1291 1291 1273 1273 1273 1293 1293 1293 1294 1294 1294 1295 1295 1295 1289 1289 1289 1296 1296 1296 1290 1290 1290 1296 1296 1296 1289 1289 1289 1297 1297 1297 1298 1298 1298 1299 1299 1299 1300 1300 1300 1301 1301 1301 1302 1302 1302 1303 1303 1303 1304 1304 1304 1303 1303 1303 1302 1302 1302 1303 1303 1303 1304 1304 1304 1305 1305 1305 1306 1306 1306 1305 1305 1305 1304 1304 1304 1305 1305 1305 1306 1306 1306 1307 1307 1307 1308 1308 1308 1307 1307 1307 1306 1306 1306 1307 1307 1307 1308 1308 1308 1309 1309 1309 1310 1310 1310 1309 1309 1309 1308 1308 1308 1309 1309 1309 1310 1310 1310 1311 1311 1311 1312 1312 1312 1311 1311 1311 1310 1310 1310 1311 1311 1311 1312 1312 1312 1313 1313 1313 1314 1314 1314 1313 1313 1313 1312 1312 1312 1315 1315 1315 1316 1316 1316 1301 1301 1301 1316 1316 1316 1315 1315 1315 1317 1317 1317 1291 1291 1291 1318 1318 1318 1274 1274 1274 1278 1278 1278 1315 1315 1315 1319 1319 1319 1319 1319 1319 1315 1315 1315 1305 1305 1305 1305 1305 1305 1315 1315 1315 1303 1303 1303 1301 1301 1301 1303 1303 1303 1315 1315 1315 1276 1276 1276 1278 1278 1278 1320 1320 1320 1319 1319 1319 1320 1320 1320 1278 1278 1278 1320 1320 1320 1319 1319 1319 1321 1321 1321 1305 1305 1305 1321 1321 1321 1319 1319 1319 1307 1307 1307 1321 1321 1321 1305 1305 1305 1309 1309 1309 1321 1321 1321 1307 1307 1307 1321 1321 1321 1309 1309 1309 1322 1322 1322 1311 1311 1311 1322 1322 1322 1309 1309 1309 1322 1322 1322 1311 1311 1311 1323 1323 1323 1313 1313 1313 1323 1323 1323 1311 1311 1311 1324 1324 1324 1323 1323 1323 1313 1313 1313 1320 1320 1320 1323 1323 1323 1324 1324 1324 1321 1321 1321 1323 1323 1323 1320 1320 1320 1323 1323 1323 1321 1321 1321 1322 1322 1322 1325 1325 1325 1326 1326 1326 1327 1327 1327 1328 1328 1328 1329 1329 1329 1330 1330 1330 1330 1330 1330 1329 1329 1329 1331 1331 1331 1332 1332 1332 1333 1333 1333 1334 1334 1334 1335 1335 1335 1336 1336 1336 1337 1337 1337 1338 1338 1338 1339 1339 1339 1340 1340 1340 1341 1341 1341 1339 1339 1339 1342 1342 1342 1338 1338 1338 1342 1342 1342 1339 1339 1339 1342 1342 1342 1338 1338 1338 1343 1343 1343 1344 1344 1344 1340 1340 1340 1345 1345 1345 1339 1339 1339 1345 1345 1345 1340 1340 1340 1345 1345 1345 1339 1339 1339 1346 1346 1346 1341 1341 1341 1346 1346 1346 1339 1339 1339 1346 1346 1346 1341 1341 1341 1347 1347 1347 1342 1342 1342 1347 1347 1347 1341 1341 1341 1347 1347 1347 1342 1342 1342 1348 1348 1348 1343 1343 1343 1348 1348 1348 1342 1342 1342 1349 1349 1349 1348 1348 1348 1343 1343 1343 1348 1348 1348 1349 1349 1349 1350 1350 1350 1351 1351 1351 1350 1350 1350 1349 1349 1349 1350 1350 1350 1351 1351 1351 1352 1352 1352 1353 1353 1353 1352 1352 1352 1351 1351 1351 1352 1352 1352 1353 1353 1353 1354 1354 1354 1355 1355 1355 1356 1356 1356 1357 1357 1357 1358 1358 1358 1359 1359 1359 1360 1360 1360 1361 1361 1361 1360 1360 1360 1359 1359 1359 1362 1362 1362 1363 1363 1363 1364 1364 1364 1352 1352 1352 1354 1354 1354 1365 1365 1365 1366 1366 1366 1365 1365 1365 1354 1354 1354 1367 1367 1367 1365 1365 1365 1366 1366 1366 1368 1368 1368 1365 1365 1365 1367 1367 1367 1369 1369 1369 1365 1365 1365 1368 1368 1368 1350 1350 1350 1365 1365 1365 1369 1369 1369 1365 1365 1365 1350 1350 1350 1352 1352 1352 1348 1348 1348 1350 1350 1350 1347 1347 1347 1369 1369 1369 1347 1347 1347 1350 1350 1350 1347 1347 1347 1369 1369 1369 1370 1370 1370 1368 1368 1368 1370 1370 1370 1369 1369 1369 1370 1370 1370 1368 1368 1368 1371 1371 1371 1372 1372 1372 1373 1373 1373 1367 1367 1367 1367 1367 1367 1373 1373 1373 1368 1368 1368 1374 1374 1374 1368 1368 1368 1373 1373 1373 1368 1368 1368 1374 1374 1374 1371 1371 1371 1375 1375 1375 1371 1371 1371 1374 1374 1374 1371 1371 1371 1375 1375 1375 1376 1376 1376 1376 1376 1376 1375 1375 1375 1377 1377 1377 1377 1377 1377 1375 1375 1375 1378 1378 1378 1379 1379 1379 1380 1380 1380 1381 1381 1381 1380 1380 1380 1379 1379 1379 1382 1382 1382 1382 1382 1382 1379 1379 1379 1359 1359 1359 1361 1361 1361 1359 1359 1359 1379 1379 1379 1374 1374 1374 1373 1373 1373 1375 1375 1375 1383 1383 1383 1384 1384 1384 1385 1385 1385 1386 1386 1386 1387 1387 1387 1388 1388 1388 1389 1389 1389 1390 1390 1390 1391 1391 1391 1391 1391 1391 1390 1390 1390 1392 1392 1392 1349 1349 1349 1393 1393 1393 1351 1351 1351 1347 1347 1347 1370 1370 1370 1346 1346 1346 1394 1394 1394 1346 1346 1346 1370 1370 1370 1346 1346 1346 1394 1394 1394 1345 1345 1345 1395 1395 1395 1396 1396 1396 1397 1397 1397 1398 1398 1398 1397 1397 1397 1396 1396 1396 1397 1397 1397 1398 1398 1398 1399 1399 1399 1400 1400 1400 1399 1399 1399 1398 1398 1398 1401 1401 1401 1402 1402 1402 1403 1403 1403 1404 1404 1404 1402 1402 1402 1401 1401 1401 1405 1405 1405 1406 1406 1406 1407 1407 1407 1408 1408 1408 1407 1407 1407 1406 1406 1406 1409 1409 1409 1407 1407 1407 1408 1408 1408 1407 1407 1407 1409 1409 1409 1410 1410 1410 1396 1396 1396 1395 1395 1395 1411 1411 1411 1412 1412 1412 1411 1411 1411 1395 1395 1395 1413 1413 1413 1414 1414 1414 1415 1415 1415 1409 1409 1409 1416 1416 1416 1410 1410 1410 1416 1416 1416 1409 1409 1409 1417 1417 1417 1418 1418 1418 1419 1419 1419 1420 1420 1420 1421 1421 1421 1422 1422 1422 1423 1423 1423 1424 1424 1424 1423 1423 1423 1422 1422 1422 1423 1423 1423 1424 1424 1424 1425 1425 1425 1426 1426 1426 1425 1425 1425 1424 1424 1424 1425 1425 1425 1426 1426 1426 1427 1427 1427 1428 1428 1428 1427 1427 1427 1426 1426 1426 1427 1427 1427 1428 1428 1428 1429 1429 1429 1430 1430 1430 1429 1429 1429 1428 1428 1428 1429 1429 1429 1430 1430 1430 1431 1431 1431 1432 1432 1432 1431 1431 1431 1430 1430 1430 1431 1431 1431 1432 1432 1432 1433 1433 1433 1434 1434 1434 1433 1433 1433 1432 1432 1432 1435 1435 1435 1436 1436 1436 1421 1421 1421 1436 1436 1436 1435 1435 1435 1411 1411 1411 1411 1411 1411 1435 1435 1435 1396 1396 1396 1396 1396 1396 1435 1435 1435 1437 1437 1437 1437 1437 1437 1435 1435 1435 1425 1425 1425 1425 1425 1425 1435 1435 1435 1423 1423 1423 1421 1421 1421 1423 1423 1423 1435 1435 1435 1398 1398 1398 1396 1396 1396 1438 1438 1438 1437 1437 1437 1438 1438 1438 1396 1396 1396 1438 1438 1438 1437 1437 1437 1439 1439 1439 1425 1425 1425 1439 1439 1439 1437 1437 1437 1427 1427 1427 1439 1439 1439 1425 1425 1425 1429 1429 1429 1439 1439 1439 1427 1427 1427 1439 1439 1439 1429 1429 1429 1440 1440 1440 1431 1431 1431 1440 1440 1440 1429 1429 1429 1440 1440 1440 1431 1431 1431 1441 1441 1441 1433 1433 1433 1441 1441 1441 1431 1431 1431 1442 1442 1442 1441 1441 1441 1433 1433 1433 1438 1438 1438 1441 1441 1441 1442 1442 1442 1439 1439 1439 1441 1441 1441 1438 1438 1438 1441 1441 1441 1439 1439 1439 1440 1440 1440 1426 1426 1426 1424 1424 1424 1443 1443 1443 1444 1444 1444 1445 1445 1445 1446 1446 1446 1446 1446 1446 1445 1445 1445 1447 1447 1447 1448 1448 1448 1449 1449 1449 1450 1450 1450 1451 1451 1451 1452 1452 1452 1453 1453 1453 1454 1454 1454 1455 1455 1455 1456 1456 1456 1454 1454 1454 1457 1457 1457 1458 1458 1458 1458 1458 1458 1457 1457 1457 1459 1459 1459 1459 1459 1459 1457 1457 1457 1460 1460 1460 1454 1454 1454 1460 1460 1460 1457 1457 1457 1460 1460 1460 1454 1454 1454 1461 1461 1461 1461 1461 1461 1454 1454 1454 1462 1462 1462 1456 1456 1456 1462 1462 1462 1454 1454 1454 1462 1462 1462 1456 1456 1456 1463 1463 1463 1455 1455 1455 1463 1463 1463 1456 1456 1456 1463 1463 1463 1455 1455 1455 1464 1464 1464 1465 1465 1465 1464 1464 1464 1455 1455 1455 1466 1466 1466 1467 1467 1467 1468 1468 1468 1469 1469 1469 1470 1470 1470 1471 1471 1471 1470 1470 1470 1469 1469 1469 1465 1465 1465 1472 1472 1472 1465 1465 1465 1469 1469 1469 1465 1465 1465 1472 1472 1472 1464 1464 1464 1473 1473 1473 1464 1464 1464 1472 1472 1472 1464 1464 1464 1473 1473 1473 1463 1463 1463 1474 1474 1474 1463 1463 1463 1473 1473 1473 1463 1463 1463 1474 1474 1474 1462 1462 1462 1475 1475 1475 1462 1462 1462 1474 1474 1474 1462 1462 1462 1475 1475 1475 1461 1461 1461 1476 1476 1476 1461 1461 1461 1475 1475 1475 1461 1461 1461 1476 1476 1476 1460 1460 1460 1477 1477 1477 1460 1460 1460 1476 1476 1476 1460 1460 1460 1477 1477 1477 1459 1459 1459 1478 1478 1478 1479 1479 1479 1480 1480 1480 1481 1481 1481 1482 1482 1482 1483 1483 1483 1484 1484 1484 1485 1485 1485 1486 1486 1486 1472 1472 1472 1487 1487 1487 1473 1473 1473 1488 1488 1488 1473 1473 1473 1487 1487 1487 1473 1473 1473 1488 1488 1488 1474 1474 1474 1489 1489 1489 1474 1474 1474 1488 1488 1488 1474 1474 1474 1489 1489 1489 1490 1490 1490 1491 1491 1491 1490 1490 1490 1489 1489 1489 1490 1490 1490 1491 1491 1491 1492 1492 1492 1493 1493 1493 1494 1494 1494 1495 1495 1495 1496 1496 1496 1494 1494 1494 1493 1493 1493 1494 1494 1494 1496 1496 1496 1497 1497 1497 1498 1498 1498 1497 1497 1497 1496 1496 1496 1499 1499 1499 1500 1500 1500 1501 1501 1501 1502 1502 1502 1501 1501 1501 1500 1500 1500 1477 1477 1477 1503 1503 1503 1504 1504 1504 1476 1476 1476 1503 1503 1503 1477 1477 1477 1503 1503 1503 1476 1476 1476 1505 1505 1505 1475 1475 1475 1505 1505 1505 1476 1476 1476 1505 1505 1505 1475 1475 1475 1474 1474 1474 1505 1505 1505 1474 1474 1474 1492 1492 1492 1490 1490 1490 1492 1492 1492 1474 1474 1474 1486 1486 1486 1506 1506 1506 1484 1484 1484 1484 1484 1484 1506 1506 1506 1507 1507 1507 1508 1508 1508 1507 1507 1507 1506 1506 1506 1507 1507 1507 1508 1508 1508 1509 1509 1509 1510 1510 1510 1509 1509 1509 1508 1508 1508 1509 1509 1509 1510 1510 1510 1511 1511 1511 1512 1512 1512 1511 1511 1511 1510 1510 1510 1513 1513 1513 1511 1511 1511 1512 1512 1512 1514 1514 1514 1511 1511 1511 1513 1513 1513 1515 1515 1515 1511 1511 1511 1514 1514 1514 1511 1511 1511 1515 1515 1515 1509 1509 1509 1507 1507 1507 1509 1509 1509 1515 1515 1515 1506 1506 1506 1486 1486 1486 1516 1516 1516 1517 1517 1517 1516 1516 1516 1486 1486 1486 1516 1516 1516 1517 1517 1517 1510 1510 1510 1518 1518 1518 1519 1519 1519 1520 1520 1520 1519 1519 1519 1518 1518 1518 1521 1521 1521 1522 1522 1522 1521 1521 1521 1518 1518 1518 1521 1521 1521 1522 1522 1522 1523 1523 1523 1524 1524 1524 1523 1523 1523 1522 1522 1522 1525 1525 1525 1523 1523 1523 1524 1524 1524 1526 1526 1526 1513 1513 1513 1527 1527 1527 1528 1528 1528 1513 1513 1513 1526 1526 1526 1513 1513 1513 1528 1528 1528 1514 1514 1514 1529 1529 1529 1514 1514 1514 1528 1528 1528 1514 1514 1514 1529 1529 1529 1530 1530 1530 1531 1531 1531 1530 1530 1530 1529 1529 1529 1530 1530 1530 1531 1531 1531 1532 1532 1532 1466 1466 1466 1532 1532 1532 1531 1531 1531 1468 1468 1468 1532 1532 1532 1466 1466 1466 1528 1528 1528 1526 1526 1526 1529 1529 1529 1533 1533 1533 1529 1529 1529 1526 1526 1526 1529 1529 1529 1533 1533 1533 1531 1531 1531 1485 1485 1485 1484 1484 1484 1534 1534 1534 1507 1507 1507 1534 1534 1534 1484 1484 1484 1534 1534 1534 1507 1507 1507 1535 1535 1535 1515 1515 1515 1535 1535 1535 1507 1507 1507 1535 1535 1535 1515 1515 1515 1536 1536 1536 1514 1514 1514 1536 1536 1536 1515 1515 1515 1536 1536 1536 1514 1514 1514 1537 1537 1537 1530 1530 1530 1537 1537 1537 1514 1514 1514 1537 1537 1537 1530 1530 1530 1538 1538 1538 1532 1532 1532 1538 1538 1538 1530 1530 1530 1538 1538 1538 1532 1532 1532 1539 1539 1539 1468 1468 1468 1539 1539 1539 1532 1532 1532 1465 1465 1465 1540 1540 1540 1470 1470 1470 1540 1540 1540 1465 1465 1465 1541 1541 1541 1455 1455 1455 1541 1541 1541 1465 1465 1465 1541 1541 1541 1455 1455 1455 1542 1542 1542 1454 1454 1454 1542 1542 1542 1455 1455 1455 1542 1542 1542 1454 1454 1454 1458 1458 1458 1536 1536 1536 1537 1537 1537 1535 1535 1535 1538 1538 1538 1535 1535 1535 1537 1537 1537 1535 1535 1535 1538 1538 1538 1543 1543 1543 1544 1544 1544 1543 1543 1543 1538 1538 1538 1545 1545 1545 1546 1546 1546 1547 1547 1547 1458 1458 1458 1548 1548 1548 1542 1542 1542 1542 1542 1542 1548 1548 1548 1541 1541 1541 1541 1541 1541 1548 1548 1548 1540 1540 1540 1538 1538 1538 1539 1539 1539 1544 1544 1544 1534 1534 1534 1535 1535 1535 1485 1485 1485 1543 1543 1543 1485 1485 1485 1535 1535 1535 1549 1549 1549 1550 1550 1550 1551 1551 1551 1547 1547 1547 1552 1552 1552 1545 1545 1545 74 74 74 72 72 72 73 73 73 78 78 78 77 77 77 82 82 82 1553 1553 1553 1554 1554 1554 1555 1555 1555 1553 1553 1553 1556 1556 1556 1557 1557 1557 1557 1557 1557 1556 1556 1556 1558 1558 1558 1558 1558 1558 1556 1556 1556 1559 1559 1559 1553 1553 1553 1559 1559 1559 1556 1556 1556 1559 1559 1559 1553 1553 1553 1560 1560 1560 1560 1560 1560 1553 1553 1553 1561 1561 1561 1555 1555 1555 1561 1561 1561 1553 1553 1553 1561 1561 1561 1555 1555 1555 1562 1562 1562 1554 1554 1554 1562 1562 1562 1555 1555 1555 1562 1562 1562 1554 1554 1554 1563 1563 1563 1564 1564 1564 1563 1563 1563 1554 1554 1554 1565 1565 1565 1566 1566 1566 1567 1567 1567 1568 1568 1568 1569 1569 1569 1570 1570 1570 1569 1569 1569 1568 1568 1568 1564 1564 1564 1571 1571 1571 1564 1564 1564 1568 1568 1568 1564 1564 1564 1571 1571 1571 1563 1563 1563 1572 1572 1572 1563 1563 1563 1571 1571 1571 1563 1563 1563 1572 1572 1572 1562 1562 1562 1573 1573 1573 1562 1562 1562 1572 1572 1572 1562 1562 1562 1573 1573 1573 1561 1561 1561 1574 1574 1574 1575 1575 1575 1576 1576 1576 1575 1575 1575 1574 1574 1574 1577 1577 1577 1578 1578 1578 1577 1577 1577 1574 1574 1574 1560 1560 1560 1579 1579 1579 1559 1559 1559 1580 1580 1580 1559 1559 1559 1579 1579 1579 1581 1581 1581 1582 1582 1582 1583 1583 1583 1584 1584 1584 1585 1585 1585 1586 1586 1586 1587 1587 1587 1588 1588 1588 1589 1589 1589 1590 1590 1590 1591 1591 1591 1592 1592 1592 1571 1571 1571 1593 1593 1593 1572 1572 1572 1594 1594 1594 1572 1572 1572 1593 1593 1593 1595 1595 1595 1596 1596 1596 1597 1597 1597 1598 1598 1598 1573 1573 1573 1594 1594 1594 1573 1573 1573 1598 1598 1598 1599 1599 1599 1600 1600 1600 1601 1601 1601 1602 1602 1602 1603 1603 1603 1601 1601 1601 1600 1600 1600 1601 1601 1601 1603 1603 1603 1604 1604 1604 1605 1605 1605 1604 1604 1604 1603 1603 1603 1604 1604 1604 1605 1605 1605 1606 1606 1606 1607 1607 1607 1606 1606 1606 1605 1605 1605 1608 1608 1608 1609 1609 1609 1610 1610 1610 1611 1611 1611 1610 1610 1610 1609 1609 1609 1580 1580 1580 1610 1610 1610 1611 1611 1611 1579 1579 1579 1610 1610 1610 1580 1580 1580 1610 1610 1610 1579 1579 1579 1608 1608 1608 1612 1612 1612 1608 1608 1608 1579 1579 1579 1608 1608 1608 1612 1612 1612 1573 1573 1573 1608 1608 1608 1573 1573 1573 1613 1613 1613 1599 1599 1599 1613 1613 1613 1573 1573 1573 1614 1614 1614 1615 1615 1615 1616 1616 1616 1617 1617 1617 1618 1618 1618 1619 1619 1619 1620 1620 1620 1619 1619 1619 1618 1618 1618 1619 1619 1619 1620 1620 1620 1621 1621 1621 1622 1622 1622 1621 1621 1621 1620 1620 1620 1621 1621 1621 1622 1622 1622 1623 1623 1623 1624 1624 1624 1623 1623 1623 1622 1622 1622 1625 1625 1625 1623 1623 1623 1624 1624 1624 1626 1626 1626 1623 1623 1623 1625 1625 1625 1627 1627 1627 1623 1623 1623 1626 1626 1626 1623 1623 1623 1627 1627 1627 1621 1621 1621 1619 1619 1619 1621 1621 1621 1627 1627 1627 1618 1618 1618 1628 1628 1628 1629 1629 1629 1630 1630 1630 1629 1629 1629 1628 1628 1628 1629 1629 1629 1630 1630 1630 1622 1622 1622 1631 1631 1631 1632 1632 1632 1633 1633 1633 1632 1632 1632 1631 1631 1631 1634 1634 1634 1635 1635 1635 1634 1634 1634 1631 1631 1631 1634 1634 1634 1635 1635 1635 1636 1636 1636 1637 1637 1637 1636 1636 1636 1635 1635 1635 1638 1638 1638 1636 1636 1636 1637 1637 1637 1639 1639 1639 1625 1625 1625 1640 1640 1640 1641 1641 1641 1625 1625 1625 1639 1639 1639 1625 1625 1625 1641 1641 1641 1626 1626 1626 1642 1642 1642 1626 1626 1626 1641 1641 1641 1626 1626 1626 1642 1642 1642 1643 1643 1643 1644 1644 1644 1643 1643 1643 1642 1642 1642 1643 1643 1643 1644 1644 1644 1645 1645 1645 1565 1565 1565 1645 1645 1645 1644 1644 1644 1567 1567 1567 1645 1645 1645 1565 1565 1565 1641 1641 1641 1639 1639 1639 1642 1642 1642 1646 1646 1646 1642 1642 1642 1639 1639 1639 1642 1642 1642 1646 1646 1646 1644 1644 1644 1647 1647 1647 1617 1617 1617 1648 1648 1648 1619 1619 1619 1648 1648 1648 1617 1617 1617 1648 1648 1648 1619 1619 1619 1649 1649 1649 1627 1627 1627 1649 1649 1649 1619 1619 1619 1649 1649 1649 1627 1627 1627 1650 1650 1650 1626 1626 1626 1650 1650 1650 1627 1627 1627 1650 1650 1650 1626 1626 1626 1651 1651 1651 1643 1643 1643 1651 1651 1651 1626 1626 1626 1651 1651 1651 1643 1643 1643 1652 1652 1652 1645 1645 1645 1652 1652 1652 1643 1643 1643 1652 1652 1652 1645 1645 1645 1653 1653 1653 1567 1567 1567 1653 1653 1653 1645 1645 1645 1564 1564 1564 1654 1654 1654 1569 1569 1569 1654 1654 1654 1564 1564 1564 1655 1655 1655 1554 1554 1554 1655 1655 1655 1564 1564 1564 1655 1655 1655 1554 1554 1554 1656 1656 1656 1553 1553 1553 1656 1656 1656 1554 1554 1554 1656 1656 1656 1553 1553 1553 1557 1557 1557 1650 1650 1650 1651 1651 1651 1649 1649 1649 1652 1652 1652 1649 1649 1649 1651 1651 1651 1649 1649 1649 1652 1652 1652 1657 1657 1657 1658 1658 1658 1657 1657 1657 1652 1652 1652 1657 1657 1657 1658 1658 1658 1659 1659 1659 1557 1557 1557 1660 1660 1660 1656 1656 1656 1656 1656 1656 1660 1660 1660 1655 1655 1655 1655 1655 1655 1660 1660 1660 1654 1654 1654 1652 1652 1652 1653 1653 1653 1658 1658 1658 1648 1648 1648 1649 1649 1649 1647 1647 1647 1657 1657 1657 1647 1647 1647 1649 1649 1649 1661 1661 1661 1662 1662 1662 1663 1663 1663 1659 1659 1659 1664 1664 1664 1657 1657 1657 194 194 194 192 192 192 193 193 193 198 198 198 197 197 197 202 202 202 1665 1665 1665 1666 1666 1666 1667 1667 1667 1665 1665 1665 1668 1668 1668 1669 1669 1669 1669 1669 1669 1668 1668 1668 1670 1670 1670 1670 1670 1670 1668 1668 1668 1671 1671 1671 1665 1665 1665 1671 1671 1671 1668 1668 1668 1671 1671 1671 1665 1665 1665 1672 1672 1672 1672 1672 1672 1665 1665 1665 1673 1673 1673 1667 1667 1667 1673 1673 1673 1665 1665 1665 1673 1673 1673 1667 1667 1667 1674 1674 1674 1666 1666 1666 1674 1674 1674 1667 1667 1667 1674 1674 1674 1666 1666 1666 1675 1675 1675 1676 1676 1676 1675 1675 1675 1666 1666 1666 1677 1677 1677 1678 1678 1678 1679 1679 1679 1680 1680 1680 1681 1681 1681 1682 1682 1682 1681 1681 1681 1680 1680 1680 1676 1676 1676 1683 1683 1683 1676 1676 1676 1680 1680 1680 1676 1676 1676 1683 1683 1683 1675 1675 1675 1684 1684 1684 1675 1675 1675 1683 1683 1683 1675 1675 1675 1684 1684 1684 1674 1674 1674 1685 1685 1685 1674 1674 1674 1684 1684 1684 1674 1674 1674 1685 1685 1685 1673 1673 1673 1686 1686 1686 1687 1687 1687 1688 1688 1688 1687 1687 1687 1686 1686 1686 1689 1689 1689 1690 1690 1690 1689 1689 1689 1686 1686 1686 1672 1672 1672 1691 1691 1691 1671 1671 1671 1692 1692 1692 1671 1671 1671 1691 1691 1691 1671 1671 1671 1692 1692 1692 1670 1670 1670 1693 1693 1693 1694 1694 1694 1695 1695 1695 1696 1696 1696 1697 1697 1697 1698 1698 1698 1699 1699 1699 1700 1700 1700 1701 1701 1701 1683 1683 1683 1702 1702 1702 1684 1684 1684 1703 1703 1703 1684 1684 1684 1702 1702 1702 1684 1684 1684 1703 1703 1703 1685 1685 1685 1704 1704 1704 1685 1685 1685 1703 1703 1703 1685 1685 1685 1704 1704 1704 1705 1705 1705 1706 1706 1706 1705 1705 1705 1704 1704 1704 1705 1705 1705 1706 1706 1706 1707 1707 1707 1708 1708 1708 1709 1709 1709 1710 1710 1710 1711 1711 1711 1709 1709 1709 1708 1708 1708 1709 1709 1709 1711 1711 1711 1712 1712 1712 1713 1713 1713 1712 1712 1712 1711 1711 1711 1714 1714 1714 1715 1715 1715 1716 1716 1716 1717 1717 1717 1716 1716 1716 1715 1715 1715 1692 1692 1692 1716 1716 1716 1717 1717 1717 1691 1691 1691 1716 1716 1716 1692 1692 1692 1716 1716 1716 1691 1691 1691 1714 1714 1714 1718 1718 1718 1714 1714 1714 1691 1691 1691 1714 1714 1714 1718 1718 1718 1685 1685 1685 1714 1714 1714 1685 1685 1685 1707 1707 1707 1705 1705 1705 1707 1707 1707 1685 1685 1685 1719 1719 1719 1720 1720 1720 1721 1721 1721 1722 1722 1722 1723 1723 1723 1724 1724 1724 1725 1725 1725 1724 1724 1724 1723 1723 1723 1724 1724 1724 1725 1725 1725 1726 1726 1726 1727 1727 1727 1726 1726 1726 1725 1725 1725 1726 1726 1726 1727 1727 1727 1728 1728 1728 1729 1729 1729 1728 1728 1728 1727 1727 1727 1730 1730 1730 1728 1728 1728 1729 1729 1729 1731 1731 1731 1728 1728 1728 1730 1730 1730 1732 1732 1732 1728 1728 1728 1731 1731 1731 1728 1728 1728 1732 1732 1732 1726 1726 1726 1724 1724 1724 1726 1726 1726 1732 1732 1732 1723 1723 1723 1733 1733 1733 1734 1734 1734 1735 1735 1735 1734 1734 1734 1733 1733 1733 1734 1734 1734 1735 1735 1735 1727 1727 1727 1736 1736 1736 1737 1737 1737 1738 1738 1738 1737 1737 1737 1736 1736 1736 1739 1739 1739 1740 1740 1740 1739 1739 1739 1736 1736 1736 1739 1739 1739 1740 1740 1740 1741 1741 1741 1742 1742 1742 1741 1741 1741 1740 1740 1740 1743 1743 1743 1741 1741 1741 1742 1742 1742 1744 1744 1744 1730 1730 1730 1745 1745 1745 1746 1746 1746 1730 1730 1730 1744 1744 1744 1730 1730 1730 1746 1746 1746 1731 1731 1731 1747 1747 1747 1731 1731 1731 1746 1746 1746 1731 1731 1731 1747 1747 1747 1748 1748 1748 1749 1749 1749 1748 1748 1748 1747 1747 1747 1748 1748 1748 1749 1749 1749 1750 1750 1750 1677 1677 1677 1750 1750 1750 1749 1749 1749 1679 1679 1679 1750 1750 1750 1677 1677 1677 1746 1746 1746 1744 1744 1744 1747 1747 1747 1751 1751 1751 1747 1747 1747 1744 1744 1744 1747 1747 1747 1751 1751 1751 1749 1749 1749 1752 1752 1752 1722 1722 1722 1753 1753 1753 1724 1724 1724 1753 1753 1753 1722 1722 1722 1753 1753 1753 1724 1724 1724 1754 1754 1754 1732 1732 1732 1754 1754 1754 1724 1724 1724 1754 1754 1754 1732 1732 1732 1755 1755 1755 1731 1731 1731 1755 1755 1755 1732 1732 1732 1755 1755 1755 1731 1731 1731 1756 1756 1756 1748 1748 1748 1756 1756 1756 1731 1731 1731 1756 1756 1756 1748 1748 1748 1757 1757 1757 1750 1750 1750 1757 1757 1757 1748 1748 1748 1757 1757 1757 1750 1750 1750 1758 1758 1758 1679 1679 1679 1758 1758 1758 1750 1750 1750 1676 1676 1676 1759 1759 1759 1681 1681 1681 1759 1759 1759 1676 1676 1676 1760 1760 1760 1666 1666 1666 1760 1760 1760 1676 1676 1676 1760 1760 1760 1666 1666 1666 1761 1761 1761 1665 1665 1665 1761 1761 1761 1666 1666 1666 1761 1761 1761 1665 1665 1665 1669 1669 1669 1755 1755 1755 1756 1756 1756 1754 1754 1754 1757 1757 1757 1754 1754 1754 1756 1756 1756 1754 1754 1754 1757 1757 1757 1762 1762 1762 1763 1763 1763 1762 1762 1762 1757 1757 1757 1764 1764 1764 1765 1765 1765 1766 1766 1766 1669 1669 1669 1767 1767 1767 1761 1761 1761 1761 1761 1761 1767 1767 1767 1760 1760 1760 1760 1760 1760 1767 1767 1767 1759 1759 1759 1757 1757 1757 1758 1758 1758 1763 1763 1763 1753 1753 1753 1754 1754 1754 1752 1752 1752 1762 1762 1762 1752 1752 1752 1754 1754 1754 1768 1768 1768 1769 1769 1769 1770 1770 1770 1766 1766 1766 1771 1771 1771 1764 1764 1764 313 313 313 311 311 311 312 312 312 317 317 317 316 316 316 321 321 321 1772 1772 1772 1773 1773 1773 1774 1774 1774 1772 1772 1772 1775 1775 1775 1776 1776 1776 1776 1776 1776 1775 1775 1775 1777 1777 1777 1777 1777 1777 1775 1775 1775 1778 1778 1778 1772 1772 1772 1778 1778 1778 1775 1775 1775 1778 1778 1778 1772 1772 1772 1779 1779 1779 1779 1779 1779 1772 1772 1772 1780 1780 1780 1774 1774 1774 1780 1780 1780 1772 1772 1772 1780 1780 1780 1774 1774 1774 1781 1781 1781 1773 1773 1773 1781 1781 1781 1774 1774 1774 1781 1781 1781 1773 1773 1773 1782 1782 1782 1783 1783 1783 1782 1782 1782 1773 1773 1773 1784 1784 1784 1785 1785 1785 1786 1786 1786 1787 1787 1787 1788 1788 1788 1789 1789 1789 1788 1788 1788 1787 1787 1787 1783 1783 1783 1790 1790 1790 1783 1783 1783 1787 1787 1787 1783 1783 1783 1790 1790 1790 1782 1782 1782 1791 1791 1791 1782 1782 1782 1790 1790 1790 1782 1782 1782 1791 1791 1791 1781 1781 1781 1792 1792 1792 1781 1781 1781 1791 1791 1791 1781 1781 1781 1792 1792 1792 1780 1780 1780 1793 1793 1793 1780 1780 1780 1792 1792 1792 1780 1780 1780 1793 1793 1793 1779 1779 1779 1794 1794 1794 1779 1779 1779 1793 1793 1793 1779 1779 1779 1794 1794 1794 1778 1778 1778 1795 1795 1795 1778 1778 1778 1794 1794 1794 1778 1778 1778 1795 1795 1795 1777 1777 1777 1796 1796 1796 1797 1797 1797 1798 1798 1798 1799 1799 1799 1800 1800 1800 1801 1801 1801 1802 1802 1802 1803 1803 1803 1804 1804 1804 1790 1790 1790 1805 1805 1805 1791 1791 1791 1806 1806 1806 1791 1791 1791 1805 1805 1805 1807 1807 1807 1808 1808 1808 1809 1809 1809 1810 1810 1810 1809 1809 1809 1808 1808 1808 1809 1809 1809 1810 1810 1810 1811 1811 1811 1812 1812 1812 1811 1811 1811 1810 1810 1810 1813 1813 1813 1814 1814 1814 1815 1815 1815 1816 1816 1816 1817 1817 1817 1818 1818 1818 1819 1819 1819 1817 1817 1817 1816 1816 1816 1817 1817 1817 1819 1819 1819 1820 1820 1820 1821 1821 1821 1820 1820 1820 1819 1819 1819 1822 1822 1822 1823 1823 1823 1824 1824 1824 1825 1825 1825 1824 1824 1824 1823 1823 1823 1795 1795 1795 1826 1826 1826 1827 1827 1827 1794 1794 1794 1826 1826 1826 1795 1795 1795 1826 1826 1826 1794 1794 1794 1828 1828 1828 1793 1793 1793 1828 1828 1828 1794 1794 1794 1828 1828 1828 1793 1793 1793 1792 1792 1792 1828 1828 1828 1792 1792 1792 1815 1815 1815 1813 1813 1813 1815 1815 1815 1792 1792 1792 1804 1804 1804 1829 1829 1829 1802 1802 1802 1830 1830 1830 1831 1831 1831 1832 1832 1832 1833 1833 1833 1832 1832 1832 1831 1831 1831 1832 1832 1832 1833 1833 1833 1834 1834 1834 1835 1835 1835 1834 1834 1834 1833 1833 1833 1834 1834 1834 1835 1835 1835 1836 1836 1836 1837 1837 1837 1836 1836 1836 1835 1835 1835 1838 1838 1838 1836 1836 1836 1837 1837 1837 1839 1839 1839 1836 1836 1836 1838 1838 1838 1840 1840 1840 1836 1836 1836 1839 1839 1839 1836 1836 1836 1840 1840 1840 1834 1834 1834 1832 1832 1832 1834 1834 1834 1840 1840 1840 1831 1831 1831 1841 1841 1841 1842 1842 1842 1843 1843 1843 1842 1842 1842 1841 1841 1841 1842 1842 1842 1843 1843 1843 1835 1835 1835 1844 1844 1844 1845 1845 1845 1846 1846 1846 1845 1845 1845 1844 1844 1844 1847 1847 1847 1848 1848 1848 1847 1847 1847 1844 1844 1844 1847 1847 1847 1848 1848 1848 1849 1849 1849 1850 1850 1850 1849 1849 1849 1848 1848 1848 1851 1851 1851 1849 1849 1849 1850 1850 1850 1852 1852 1852 1838 1838 1838 1853 1853 1853 1854 1854 1854 1838 1838 1838 1852 1852 1852 1838 1838 1838 1854 1854 1854 1839 1839 1839 1855 1855 1855 1839 1839 1839 1854 1854 1854 1839 1839 1839 1855 1855 1855 1856 1856 1856 1857 1857 1857 1856 1856 1856 1855 1855 1855 1856 1856 1856 1857 1857 1857 1858 1858 1858 1784 1784 1784 1858 1858 1858 1857 1857 1857 1786 1786 1786 1858 1858 1858 1784 1784 1784 1854 1854 1854 1852 1852 1852 1855 1855 1855 1859 1859 1859 1855 1855 1855 1852 1852 1852 1855 1855 1855 1859 1859 1859 1857 1857 1857 1860 1860 1860 1830 1830 1830 1861 1861 1861 1832 1832 1832 1861 1861 1861 1830 1830 1830 1861 1861 1861 1832 1832 1832 1862 1862 1862 1840 1840 1840 1862 1862 1862 1832 1832 1832 1862 1862 1862 1840 1840 1840 1863 1863 1863 1839 1839 1839 1863 1863 1863 1840 1840 1840 1863 1863 1863 1839 1839 1839 1864 1864 1864 1856 1856 1856 1864 1864 1864 1839 1839 1839 1864 1864 1864 1856 1856 1856 1865 1865 1865 1858 1858 1858 1865 1865 1865 1856 1856 1856 1865 1865 1865 1858 1858 1858 1866 1866 1866 1786 1786 1786 1866 1866 1866 1858 1858 1858 1783 1783 1783 1867 1867 1867 1788 1788 1788 1867 1867 1867 1783 1783 1783 1868 1868 1868 1773 1773 1773 1868 1868 1868 1783 1783 1783 1868 1868 1868 1773 1773 1773 1869 1869 1869 1772 1772 1772 1869 1869 1869 1773 1773 1773 1869 1869 1869 1772 1772 1772 1776 1776 1776 1863 1863 1863 1864 1864 1864 1862 1862 1862 1865 1865 1865 1862 1862 1862 1864 1864 1864 1862 1862 1862 1865 1865 1865 1870 1870 1870 1871 1871 1871 1870 1870 1870 1865 1865 1865 1872 1872 1872 1873 1873 1873 1874 1874 1874 1776 1776 1776 1875 1875 1875 1869 1869 1869 1869 1869 1869 1875 1875 1875 1868 1868 1868 1868 1868 1868 1875 1875 1875 1867 1867 1867 1865 1865 1865 1866 1866 1866 1871 1871 1871 1861 1861 1861 1862 1862 1862 1860 1860 1860 1870 1870 1870 1860 1860 1860 1862 1862 1862 1874 1874 1874 1876 1876 1876 1872 1872 1872 1877 1877 1877 1878 1878 1878 1879 1879 1879 423 423 423 425 425 425 421 421 421 1880 1880 1880 1881 1881 1881 1882 1882 1882 1880 1880 1880 1883 1883 1883 1884 1884 1884 1884 1884 1884 1883 1883 1883 1885 1885 1885 1885 1885 1885 1883 1883 1883 1886 1886 1886 1880 1880 1880 1886 1886 1886 1883 1883 1883 1886 1886 1886 1880 1880 1880 1887 1887 1887 1887 1887 1887 1880 1880 1880 1888 1888 1888 1882 1882 1882 1888 1888 1888 1880 1880 1880 1888 1888 1888 1882 1882 1882 1889 1889 1889 1881 1881 1881 1889 1889 1889 1882 1882 1882 1889 1889 1889 1881 1881 1881 1890 1890 1890 1891 1891 1891 1890 1890 1890 1881 1881 1881 1892 1892 1892 1893 1893 1893 1894 1894 1894 1895 1895 1895 1896 1896 1896 1897 1897 1897 1896 1896 1896 1895 1895 1895 1891 1891 1891 1898 1898 1898 1891 1891 1891 1895 1895 1895 1891 1891 1891 1898 1898 1898 1890 1890 1890 1899 1899 1899 1890 1890 1890 1898 1898 1898 1890 1890 1890 1899 1899 1899 1889 1889 1889 1900 1900 1900 1889 1889 1889 1899 1899 1899 1889 1889 1889 1900 1900 1900 1888 1888 1888 1901 1901 1901 1888 1888 1888 1900 1900 1900 1888 1888 1888 1901 1901 1901 1887 1887 1887 1902 1902 1902 1887 1887 1887 1901 1901 1901 1887 1887 1887 1902 1902 1902 1886 1886 1886 1903 1903 1903 1886 1886 1886 1902 1902 1902 1886 1886 1886 1903 1903 1903 1885 1885 1885 1904 1904 1904 1905 1905 1905 1906 1906 1906 1907 1907 1907 1908 1908 1908 1909 1909 1909 1910 1910 1910 1911 1911 1911 1912 1912 1912 1898 1898 1898 1913 1913 1913 1899 1899 1899 1914 1914 1914 1899 1899 1899 1913 1913 1913 1915 1915 1915 1916 1916 1916 1917 1917 1917 1918 1918 1918 1917 1917 1917 1916 1916 1916 1917 1917 1917 1918 1918 1918 1919 1919 1919 1920 1920 1920 1919 1919 1919 1918 1918 1918 1921 1921 1921 1922 1922 1922 1923 1923 1923 1924 1924 1924 1925 1925 1925 1926 1926 1926 1927 1927 1927 1925 1925 1925 1924 1924 1924 1925 1925 1925 1927 1927 1927 1928 1928 1928 1929 1929 1929 1928 1928 1928 1927 1927 1927 1930 1930 1930 1931 1931 1931 1932 1932 1932 1933 1933 1933 1932 1932 1932 1931 1931 1931 1903 1903 1903 1932 1932 1932 1933 1933 1933 1902 1902 1902 1932 1932 1932 1903 1903 1903 1932 1932 1932 1902 1902 1902 1930 1930 1930 1901 1901 1901 1930 1930 1930 1902 1902 1902 1930 1930 1930 1901 1901 1901 1900 1900 1900 1930 1930 1930 1900 1900 1900 1923 1923 1923 1921 1921 1921 1923 1923 1923 1900 1900 1900 1912 1912 1912 1934 1934 1934 1910 1910 1910 1935 1935 1935 1936 1936 1936 1937 1937 1937 1938 1938 1938 1937 1937 1937 1936 1936 1936 1937 1937 1937 1938 1938 1938 1939 1939 1939 1940 1940 1940 1939 1939 1939 1938 1938 1938 1939 1939 1939 1940 1940 1940 1941 1941 1941 1942 1942 1942 1941 1941 1941 1940 1940 1940 1943 1943 1943 1941 1941 1941 1942 1942 1942 1944 1944 1944 1941 1941 1941 1943 1943 1943 1945 1945 1945 1941 1941 1941 1944 1944 1944 1941 1941 1941 1945 1945 1945 1939 1939 1939 1937 1937 1937 1939 1939 1939 1945 1945 1945 1936 1936 1936 1946 1946 1946 1947 1947 1947 1948 1948 1948 1949 1949 1949 1950 1950 1950 1951 1951 1951 1952 1952 1952 1953 1953 1953 1954 1954 1954 1955 1955 1955 1956 1956 1956 1957 1957 1957 1958 1958 1958 1959 1959 1959 1960 1960 1960 1959 1959 1959 1958 1958 1958 1959 1959 1959 1960 1960 1960 1961 1961 1961 1962 1962 1962 1961 1961 1961 1960 1960 1960 1963 1963 1963 1961 1961 1961 1962 1962 1962 1964 1964 1964 1943 1943 1943 1965 1965 1965 1966 1966 1966 1943 1943 1943 1964 1964 1964 1943 1943 1943 1966 1966 1966 1944 1944 1944 1967 1967 1967 1944 1944 1944 1966 1966 1966 1944 1944 1944 1967 1967 1967 1968 1968 1968 1969 1969 1969 1968 1968 1968 1967 1967 1967 1968 1968 1968 1969 1969 1969 1970 1970 1970 1892 1892 1892 1970 1970 1970 1969 1969 1969 1894 1894 1894 1970 1970 1970 1892 1892 1892 1966 1966 1966 1964 1964 1964 1967 1967 1967 1971 1971 1971 1967 1967 1967 1964 1964 1964 1967 1967 1967 1971 1971 1971 1969 1969 1969 1972 1972 1972 1935 1935 1935 1973 1973 1973 1937 1937 1937 1973 1973 1973 1935 1935 1935 1973 1973 1973 1937 1937 1937 1974 1974 1974 1945 1945 1945 1974 1974 1974 1937 1937 1937 1974 1974 1974 1945 1945 1945 1975 1975 1975 1944 1944 1944 1975 1975 1975 1945 1945 1945 1975 1975 1975 1944 1944 1944 1976 1976 1976 1968 1968 1968 1976 1976 1976 1944 1944 1944 1976 1976 1976 1968 1968 1968 1977 1977 1977 1970 1970 1970 1977 1977 1977 1968 1968 1968 1977 1977 1977 1970 1970 1970 1978 1978 1978 1894 1894 1894 1978 1978 1978 1970 1970 1970 1891 1891 1891 1979 1979 1979 1896 1896 1896 1979 1979 1979 1891 1891 1891 1980 1980 1980 1881 1881 1881 1980 1980 1980 1891 1891 1891 1980 1980 1980 1881 1881 1881 1981 1981 1981 1880 1880 1880 1981 1981 1981 1881 1881 1881 1981 1981 1981 1880 1880 1880 1884 1884 1884 1975 1975 1975 1976 1976 1976 1974 1974 1974 1977 1977 1977 1974 1974 1974 1976 1976 1976 1974 1974 1974 1977 1977 1977 1982 1982 1982 1983 1983 1983 1982 1982 1982 1977 1977 1977 1982 1982 1982 1983 1983 1983 1984 1984 1984 1884 1884 1884 1985 1985 1985 1981 1981 1981 1981 1981 1981 1985 1985 1985 1980 1980 1980 1980 1980 1980 1985 1985 1985 1979 1979 1979 1977 1977 1977 1978 1978 1978 1983 1983 1983 1973 1973 1973 1974 1974 1974 1972 1972 1972 1982 1982 1982 1972 1972 1972 1974 1974 1974 1986 1986 1986 1987 1987 1987 1988 1988 1988 1989 1989 1989 1990 1990 1990 1991 1991 1991 548 548 548 1992 1992 1992 546 546 546 1993 1993 1993 1994 1994 1994 1995 1995 1995 1993 1993 1993 1996 1996 1996 1997 1997 1997 1997 1997 1997 1996 1996 1996 1998 1998 1998 1998 1998 1998 1996 1996 1996 1999 1999 1999 1993 1993 1993 1999 1999 1999 1996 1996 1996 1999 1999 1999 1993 1993 1993 2000 2000 2000 2000 2000 2000 1993 1993 1993 2001 2001 2001 1995 1995 1995 2001 2001 2001 1993 1993 1993 2001 2001 2001 1995 1995 1995 2002 2002 2002 1994 1994 1994 2002 2002 2002 1995 1995 1995 2002 2002 2002 1994 1994 1994 2003 2003 2003 2004 2004 2004 2003 2003 2003 1994 1994 1994 2005 2005 2005 2006 2006 2006 2007 2007 2007 2008 2008 2008 2009 2009 2009 2010 2010 2010 2009 2009 2009 2008 2008 2008 2004 2004 2004 2011 2011 2011 2004 2004 2004 2008 2008 2008 2004 2004 2004 2011 2011 2011 2003 2003 2003 2012 2012 2012 2003 2003 2003 2011 2011 2011 2003 2003 2003 2012 2012 2012 2002 2002 2002 2013 2013 2013 2002 2002 2002 2012 2012 2012 2002 2002 2002 2013 2013 2013 2001 2001 2001 2014 2014 2014 2001 2001 2001 2013 2013 2013 2001 2001 2001 2014 2014 2014 2000 2000 2000 2015 2015 2015 2000 2000 2000 2014 2014 2014 2000 2000 2000 2015 2015 2015 1999 1999 1999 2016 2016 2016 1999 1999 1999 2015 2015 2015 1999 1999 1999 2016 2016 2016 1998 1998 1998 2017 2017 2017 2018 2018 2018 2019 2019 2019 2020 2020 2020 2021 2021 2021 2022 2022 2022 2023 2023 2023 2024 2024 2024 2025 2025 2025 2011 2011 2011 2026 2026 2026 2012 2012 2012 2027 2027 2027 2012 2012 2012 2026 2026 2026 2012 2012 2012 2027 2027 2027 2013 2013 2013 2028 2028 2028 2013 2013 2013 2027 2027 2027 2013 2013 2013 2028 2028 2028 2029 2029 2029 2030 2030 2030 2029 2029 2029 2028 2028 2028 2029 2029 2029 2030 2030 2030 2031 2031 2031 2032 2032 2032 2033 2033 2033 2034 2034 2034 2035 2035 2035 2033 2033 2033 2032 2032 2032 2033 2033 2033 2035 2035 2035 2036 2036 2036 2037 2037 2037 2036 2036 2036 2035 2035 2035 2038 2038 2038 2039 2039 2039 2040 2040 2040 2041 2041 2041 2040 2040 2040 2039 2039 2039 2016 2016 2016 2040 2040 2040 2041 2041 2041 2015 2015 2015 2040 2040 2040 2016 2016 2016 2040 2040 2040 2015 2015 2015 2038 2038 2038 2014 2014 2014 2038 2038 2038 2015 2015 2015 2038 2038 2038 2014 2014 2014 2013 2013 2013 2038 2038 2038 2013 2013 2013 2031 2031 2031 2029 2029 2029 2031 2031 2031 2013 2013 2013 2025 2025 2025 2042 2042 2042 2023 2023 2023 2043 2043 2043 2044 2044 2044 2045 2045 2045 2046 2046 2046 2045 2045 2045 2044 2044 2044 2045 2045 2045 2046 2046 2046 2047 2047 2047 2048 2048 2048 2047 2047 2047 2046 2046 2046 2047 2047 2047 2048 2048 2048 2049 2049 2049 2050 2050 2050 2049 2049 2049 2048 2048 2048 2051 2051 2051 2049 2049 2049 2050 2050 2050 2052 2052 2052 2049 2049 2049 2051 2051 2051 2053 2053 2053 2049 2049 2049 2052 2052 2052 2049 2049 2049 2053 2053 2053 2047 2047 2047 2045 2045 2045 2047 2047 2047 2053 2053 2053 2044 2044 2044 2054 2054 2054 2055 2055 2055 2056 2056 2056 2055 2055 2055 2054 2054 2054 2055 2055 2055 2056 2056 2056 2048 2048 2048 2057 2057 2057 2058 2058 2058 2059 2059 2059 2058 2058 2058 2057 2057 2057 2060 2060 2060 2061 2061 2061 2060 2060 2060 2057 2057 2057 2060 2060 2060 2061 2061 2061 2062 2062 2062 2063 2063 2063 2062 2062 2062 2061 2061 2061 2064 2064 2064 2062 2062 2062 2063 2063 2063 2065 2065 2065 2051 2051 2051 2066 2066 2066 2067 2067 2067 2051 2051 2051 2065 2065 2065 2051 2051 2051 2067 2067 2067 2052 2052 2052 2068 2068 2068 2052 2052 2052 2067 2067 2067 2052 2052 2052 2068 2068 2068 2069 2069 2069 2070 2070 2070 2069 2069 2069 2068 2068 2068 2069 2069 2069 2070 2070 2070 2071 2071 2071 2005 2005 2005 2071 2071 2071 2070 2070 2070 2007 2007 2007 2071 2071 2071 2005 2005 2005 2067 2067 2067 2065 2065 2065 2068 2068 2068 2072 2072 2072 2068 2068 2068 2065 2065 2065 2068 2068 2068 2072 2072 2072 2070 2070 2070 2073 2073 2073 2043 2043 2043 2074 2074 2074 2045 2045 2045 2074 2074 2074 2043 2043 2043 2074 2074 2074 2045 2045 2045 2075 2075 2075 2053 2053 2053 2075 2075 2075 2045 2045 2045 2075 2075 2075 2053 2053 2053 2076 2076 2076 2052 2052 2052 2076 2076 2076 2053 2053 2053 2076 2076 2076 2052 2052 2052 2077 2077 2077 2069 2069 2069 2077 2077 2077 2052 2052 2052 2077 2077 2077 2069 2069 2069 2078 2078 2078 2071 2071 2071 2078 2078 2078 2069 2069 2069 2078 2078 2078 2071 2071 2071 2079 2079 2079 2007 2007 2007 2079 2079 2079 2071 2071 2071 2004 2004 2004 2080 2080 2080 2009 2009 2009 2080 2080 2080 2004 2004 2004 2081 2081 2081 1994 1994 1994 2081 2081 2081 2004 2004 2004 2081 2081 2081 1994 1994 1994 2082 2082 2082 1993 1993 1993 2082 2082 2082 1994 1994 1994 2082 2082 2082 1993 1993 1993 1997 1997 1997 2076 2076 2076 2077 2077 2077 2075 2075 2075 2078 2078 2078 2075 2075 2075 2077 2077 2077 2075 2075 2075 2078 2078 2078 2083 2083 2083 2084 2084 2084 2083 2083 2083 2078 2078 2078 2085 2085 2085 2086 2086 2086 2087 2087 2087 1997 1997 1997 2088 2088 2088 2082 2082 2082 2082 2082 2082 2088 2088 2088 2081 2081 2081 2081 2081 2081 2088 2088 2088 2080 2080 2080 2078 2078 2078 2079 2079 2079 2084 2084 2084 2074 2074 2074 2075 2075 2075 2073 2073 2073 2083 2083 2083 2073 2073 2073 2075 2075 2075 2089 2089 2089 2090 2090 2090 2091 2091 2091 2087 2087 2087 2092 2092 2092 2085 2085 2085 670 670 670 672 672 672 668 668 668 2093 2093 2093 2094 2094 2094 2095 2095 2095 2093 2093 2093 2096 2096 2096 2097 2097 2097 2097 2097 2097 2096 2096 2096 2098 2098 2098 2098 2098 2098 2096 2096 2096 2099 2099 2099 2093 2093 2093 2099 2099 2099 2096 2096 2096 2099 2099 2099 2093 2093 2093 2100 2100 2100 2100 2100 2100 2093 2093 2093 2101 2101 2101 2095 2095 2095 2101 2101 2101 2093 2093 2093 2101 2101 2101 2095 2095 2095 2102 2102 2102 2094 2094 2094 2102 2102 2102 2095 2095 2095 2102 2102 2102 2094 2094 2094 2103 2103 2103 2104 2104 2104 2103 2103 2103 2094 2094 2094 2105 2105 2105 2106 2106 2106 2107 2107 2107 2108 2108 2108 2109 2109 2109 2110 2110 2110 2109 2109 2109 2108 2108 2108 2104 2104 2104 2111 2111 2111 2104 2104 2104 2108 2108 2108 2104 2104 2104 2111 2111 2111 2103 2103 2103 2112 2112 2112 2103 2103 2103 2111 2111 2111 2103 2103 2103 2112 2112 2112 2102 2102 2102 2113 2113 2113 2102 2102 2102 2112 2112 2112 2102 2102 2102 2113 2113 2113 2101 2101 2101 2114 2114 2114 2101 2101 2101 2113 2113 2113 2101 2101 2101 2114 2114 2114 2100 2100 2100 2115 2115 2115 2100 2100 2100 2114 2114 2114 2100 2100 2100 2115 2115 2115 2099 2099 2099 2116 2116 2116 2099 2099 2099 2115 2115 2115 2099 2099 2099 2116 2116 2116 2098 2098 2098 2117 2117 2117 2118 2118 2118 2119 2119 2119 2120 2120 2120 2121 2121 2121 2122 2122 2122 2123 2123 2123 2124 2124 2124 2125 2125 2125 2111 2111 2111 2126 2126 2126 2112 2112 2112 2127 2127 2127 2112 2112 2112 2126 2126 2126 2112 2112 2112 2127 2127 2127 2113 2113 2113 2128 2128 2128 2113 2113 2113 2127 2127 2127 2113 2113 2113 2128 2128 2128 2129 2129 2129 2130 2130 2130 2129 2129 2129 2128 2128 2128 2129 2129 2129 2130 2130 2130 2131 2131 2131 2132 2132 2132 2133 2133 2133 2134 2134 2134 2135 2135 2135 2133 2133 2133 2132 2132 2132 2133 2133 2133 2135 2135 2135 2136 2136 2136 2137 2137 2137 2136 2136 2136 2135 2135 2135 2138 2138 2138 2139 2139 2139 2140 2140 2140 2141 2141 2141 2140 2140 2140 2139 2139 2139 2116 2116 2116 2142 2142 2142 2143 2143 2143 2115 2115 2115 2142 2142 2142 2116 2116 2116 2142 2142 2142 2115 2115 2115 2144 2144 2144 2114 2114 2114 2144 2144 2144 2115 2115 2115 2144 2144 2144 2114 2114 2114 2113 2113 2113 2144 2144 2144 2113 2113 2113 2131 2131 2131 2129 2129 2129 2131 2131 2131 2113 2113 2113 2125 2125 2125 2145 2145 2145 2123 2123 2123 2123 2123 2123 2145 2145 2145 2146 2146 2146 2147 2147 2147 2146 2146 2146 2145 2145 2145 2146 2146 2146 2147 2147 2147 2148 2148 2148 2149 2149 2149 2148 2148 2148 2147 2147 2147 2148 2148 2148 2149 2149 2149 2150 2150 2150 2151 2151 2151 2150 2150 2150 2149 2149 2149 2152 2152 2152 2150 2150 2150 2151 2151 2151 2153 2153 2153 2150 2150 2150 2152 2152 2152 2154 2154 2154 2150 2150 2150 2153 2153 2153 2150 2150 2150 2154 2154 2154 2148 2148 2148 2146 2146 2146 2148 2148 2148 2154 2154 2154 2145 2145 2145 2125 2125 2125 2155 2155 2155 2156 2156 2156 2155 2155 2155 2125 2125 2125 2155 2155 2155 2156 2156 2156 2149 2149 2149 2157 2157 2157 2158 2158 2158 2159 2159 2159 2158 2158 2158 2157 2157 2157 2160 2160 2160 2161 2161 2161 2160 2160 2160 2157 2157 2157 2160 2160 2160 2161 2161 2161 2162 2162 2162 2163 2163 2163 2162 2162 2162 2161 2161 2161 2164 2164 2164 2162 2162 2162 2163 2163 2163 2165 2165 2165 2152 2152 2152 2166 2166 2166 2167 2167 2167 2152 2152 2152 2165 2165 2165 2152 2152 2152 2167 2167 2167 2153 2153 2153 2168 2168 2168 2153 2153 2153 2167 2167 2167 2153 2153 2153 2168 2168 2168 2169 2169 2169 2170 2170 2170 2169 2169 2169 2168 2168 2168 2169 2169 2169 2170 2170 2170 2171 2171 2171 2105 2105 2105 2171 2171 2171 2170 2170 2170 2107 2107 2107 2171 2171 2171 2105 2105 2105 2167 2167 2167 2165 2165 2165 2168 2168 2168 2172 2172 2172 2168 2168 2168 2165 2165 2165 2168 2168 2168 2172 2172 2172 2170 2170 2170 2124 2124 2124 2123 2123 2123 2173 2173 2173 2146 2146 2146 2173 2173 2173 2123 2123 2123 2173 2173 2173 2146 2146 2146 2174 2174 2174 2154 2154 2154 2174 2174 2174 2146 2146 2146 2174 2174 2174 2154 2154 2154 2175 2175 2175 2153 2153 2153 2175 2175 2175 2154 2154 2154 2175 2175 2175 2153 2153 2153 2176 2176 2176 2169 2169 2169 2176 2176 2176 2153 2153 2153 2176 2176 2176 2169 2169 2169 2177 2177 2177 2171 2171 2171 2177 2177 2177 2169 2169 2169 2177 2177 2177 2171 2171 2171 2178 2178 2178 2107 2107 2107 2178 2178 2178 2171 2171 2171 2104 2104 2104 2179 2179 2179 2109 2109 2109 2179 2179 2179 2104 2104 2104 2180 2180 2180 2094 2094 2094 2180 2180 2180 2104 2104 2104 2180 2180 2180 2094 2094 2094 2181 2181 2181 2093 2093 2093 2181 2181 2181 2094 2094 2094 2181 2181 2181 2093 2093 2093 2097 2097 2097 2175 2175 2175 2176 2176 2176 2174 2174 2174 2177 2177 2177 2174 2174 2174 2176 2176 2176 2174 2174 2174 2177 2177 2177 2182 2182 2182 2183 2183 2183 2182 2182 2182 2177 2177 2177 2184 2184 2184 2185 2185 2185 2186 2186 2186 2097 2097 2097 2187 2187 2187 2181 2181 2181 2181 2181 2181 2187 2187 2187 2180 2180 2180 2180 2180 2180 2187 2187 2187 2179 2179 2179 2177 2177 2177 2178 2178 2178 2183 2183 2183 2173 2173 2173 2174 2174 2174 2124 2124 2124 2182 2182 2182 2124 2124 2124 2174 2174 2174 2188 2188 2188 2189 2189 2189 2190 2190 2190 2186 2186 2186 2191 2191 2191 2184 2184 2184 801 801 801 799 799 799 800 800 800 805 805 805 804 804 804 809 809 809 2192 2192 2192 2193 2193 2193 2194 2194 2194 2192 2192 2192 2195 2195 2195 2196 2196 2196 2196 2196 2196 2195 2195 2195 2197 2197 2197 2197 2197 2197 2195 2195 2195 2198 2198 2198 2192 2192 2192 2198 2198 2198 2195 2195 2195 2198 2198 2198 2192 2192 2192 2199 2199 2199 2199 2199 2199 2192 2192 2192 2200 2200 2200 2194 2194 2194 2200 2200 2200 2192 2192 2192 2200 2200 2200 2194 2194 2194 2201 2201 2201 2193 2193 2193 2201 2201 2201 2194 2194 2194 2201 2201 2201 2193 2193 2193 2202 2202 2202 2203 2203 2203 2202 2202 2202 2193 2193 2193 2204 2204 2204 2205 2205 2205 2206 2206 2206 2207 2207 2207 2208 2208 2208 2209 2209 2209 2208 2208 2208 2207 2207 2207 2203 2203 2203 2210 2210 2210 2203 2203 2203 2207 2207 2207 2203 2203 2203 2210 2210 2210 2202 2202 2202 2211 2211 2211 2202 2202 2202 2210 2210 2210 2202 2202 2202 2211 2211 2211 2201 2201 2201 2212 2212 2212 2201 2201 2201 2211 2211 2211 2201 2201 2201 2212 2212 2212 2200 2200 2200 2213 2213 2213 2214 2214 2214 2215 2215 2215 2214 2214 2214 2213 2213 2213 2216 2216 2216 2217 2217 2217 2216 2216 2216 2213 2213 2213 2199 2199 2199 2218 2218 2218 2198 2198 2198 2219 2219 2219 2198 2198 2198 2218 2218 2218 2220 2220 2220 2221 2221 2221 2222 2222 2222 2223 2223 2223 2224 2224 2224 2225 2225 2225 2226 2226 2226 2227 2227 2227 2228 2228 2228 2229 2229 2229 2230 2230 2230 2231 2231 2231 2210 2210 2210 2232 2232 2232 2211 2211 2211 2233 2233 2233 2211 2211 2211 2232 2232 2232 2234 2234 2234 2235 2235 2235 2236 2236 2236 2237 2237 2237 2212 2212 2212 2233 2233 2233 2212 2212 2212 2237 2237 2237 2238 2238 2238 2239 2239 2239 2240 2240 2240 2241 2241 2241 2242 2242 2242 2240 2240 2240 2239 2239 2239 2240 2240 2240 2242 2242 2242 2243 2243 2243 2244 2244 2244 2243 2243 2243 2242 2242 2242 2243 2243 2243 2244 2244 2244 2245 2245 2245 2246 2246 2246 2245 2245 2245 2244 2244 2244 2247 2247 2247 2248 2248 2248 2249 2249 2249 2250 2250 2250 2249 2249 2249 2248 2248 2248 2219 2219 2219 2249 2249 2249 2250 2250 2250 2218 2218 2218 2249 2249 2249 2219 2219 2219 2249 2249 2249 2218 2218 2218 2247 2247 2247 2251 2251 2251 2247 2247 2247 2218 2218 2218 2247 2247 2247 2251 2251 2251 2212 2212 2212 2247 2247 2247 2212 2212 2212 2252 2252 2252 2238 2238 2238 2252 2252 2252 2212 2212 2212 2253 2253 2253 2254 2254 2254 2255 2255 2255 2256 2256 2256 2257 2257 2257 2258 2258 2258 2259 2259 2259 2258 2258 2258 2257 2257 2257 2258 2258 2258 2259 2259 2259 2260 2260 2260 2261 2261 2261 2260 2260 2260 2259 2259 2259 2260 2260 2260 2261 2261 2261 2262 2262 2262 2263 2263 2263 2262 2262 2262 2261 2261 2261 2264 2264 2264 2262 2262 2262 2263 2263 2263 2265 2265 2265 2262 2262 2262 2264 2264 2264 2266 2266 2266 2262 2262 2262 2265 2265 2265 2262 2262 2262 2266 2266 2266 2260 2260 2260 2258 2258 2258 2260 2260 2260 2266 2266 2266 2257 2257 2257 2267 2267 2267 2268 2268 2268 2269 2269 2269 2268 2268 2268 2267 2267 2267 2268 2268 2268 2269 2269 2269 2261 2261 2261 2270 2270 2270 2271 2271 2271 2272 2272 2272 2271 2271 2271 2270 2270 2270 2273 2273 2273 2274 2274 2274 2273 2273 2273 2270 2270 2270 2273 2273 2273 2274 2274 2274 2275 2275 2275 2276 2276 2276 2275 2275 2275 2274 2274 2274 2277 2277 2277 2275 2275 2275 2276 2276 2276 2278 2278 2278 2264 2264 2264 2279 2279 2279 2280 2280 2280 2264 2264 2264 2278 2278 2278 2264 2264 2264 2280 2280 2280 2265 2265 2265 2281 2281 2281 2265 2265 2265 2280 2280 2280 2265 2265 2265 2281 2281 2281 2282 2282 2282 2283 2283 2283 2282 2282 2282 2281 2281 2281 2282 2282 2282 2283 2283 2283 2284 2284 2284 2204 2204 2204 2284 2284 2284 2283 2283 2283 2206 2206 2206 2284 2284 2284 2204 2204 2204 2280 2280 2280 2278 2278 2278 2281 2281 2281 2285 2285 2285 2281 2281 2281 2278 2278 2278 2281 2281 2281 2285 2285 2285 2283 2283 2283 2286 2286 2286 2256 2256 2256 2287 2287 2287 2258 2258 2258 2287 2287 2287 2256 2256 2256 2287 2287 2287 2258 2258 2258 2288 2288 2288 2266 2266 2266 2288 2288 2288 2258 2258 2258 2288 2288 2288 2266 2266 2266 2289 2289 2289 2265 2265 2265 2289 2289 2289 2266 2266 2266 2289 2289 2289 2265 2265 2265 2290 2290 2290 2282 2282 2282 2290 2290 2290 2265 2265 2265 2290 2290 2290 2282 2282 2282 2291 2291 2291 2284 2284 2284 2291 2291 2291 2282 2282 2282 2291 2291 2291 2284 2284 2284 2292 2292 2292 2206 2206 2206 2292 2292 2292 2284 2284 2284 2203 2203 2203 2293 2293 2293 2208 2208 2208 2293 2293 2293 2203 2203 2203 2294 2294 2294 2193 2193 2193 2294 2294 2294 2203 2203 2203 2294 2294 2294 2193 2193 2193 2295 2295 2295 2192 2192 2192 2295 2295 2295 2193 2193 2193 2295 2295 2295 2192 2192 2192 2196 2196 2196 2289 2289 2289 2290 2290 2290 2288 2288 2288 2291 2291 2291 2288 2288 2288 2290 2290 2290 2288 2288 2288 2291 2291 2291 2296 2296 2296 2297 2297 2297 2296 2296 2296 2291 2291 2291 2296 2296 2296 2297 2297 2297 2298 2298 2298 2196 2196 2196 2299 2299 2299 2295 2295 2295 2295 2295 2295 2299 2299 2299 2294 2294 2294 2294 2294 2294 2299 2299 2299 2293 2293 2293 2291 2291 2291 2292 2292 2292 2297 2297 2297 2287 2287 2287 2288 2288 2288 2286 2286 2286 2296 2296 2296 2286 2286 2286 2288 2288 2288 2300 2300 2300 2301 2301 2301 2302 2302 2302 2298 2298 2298 2303 2303 2303 2296 2296 2296 921 921 921 919 919 919 920 920 920 925 925 925 924 924 924 929 929 929 2304 2304 2304 2305 2305 2305 2306 2306 2306 2304 2304 2304 2307 2307 2307 2308 2308 2308 2308 2308 2308 2307 2307 2307 2309 2309 2309 2309 2309 2309 2307 2307 2307 2310 2310 2310 2304 2304 2304 2310 2310 2310 2307 2307 2307 2310 2310 2310 2304 2304 2304 2311 2311 2311 2311 2311 2311 2304 2304 2304 2312 2312 2312 2306 2306 2306 2312 2312 2312 2304 2304 2304 2312 2312 2312 2306 2306 2306 2313 2313 2313 2305 2305 2305 2313 2313 2313 2306 2306 2306 2313 2313 2313 2305 2305 2305 2314 2314 2314 2315 2315 2315 2314 2314 2314 2305 2305 2305 2316 2316 2316 2317 2317 2317 2318 2318 2318 2319 2319 2319 2320 2320 2320 2321 2321 2321 2320 2320 2320 2319 2319 2319 2315 2315 2315 2322 2322 2322 2315 2315 2315 2319 2319 2319 2315 2315 2315 2322 2322 2322 2314 2314 2314 2323 2323 2323 2314 2314 2314 2322 2322 2322 2314 2314 2314 2323 2323 2323 2313 2313 2313 2324 2324 2324 2313 2313 2313 2323 2323 2323 2313 2313 2313 2324 2324 2324 2312 2312 2312 2325 2325 2325 2326 2326 2326 2327 2327 2327 2326 2326 2326 2325 2325 2325 2328 2328 2328 2329 2329 2329 2328 2328 2328 2325 2325 2325 2311 2311 2311 2330 2330 2330 2310 2310 2310 2331 2331 2331 2310 2310 2310 2330 2330 2330 2310 2310 2310 2331 2331 2331 2309 2309 2309 2332 2332 2332 2333 2333 2333 2334 2334 2334 2335 2335 2335 2336 2336 2336 2337 2337 2337 2338 2338 2338 2339 2339 2339 2340 2340 2340 2322 2322 2322 2341 2341 2341 2323 2323 2323 2342 2342 2342 2323 2323 2323 2341 2341 2341 2323 2323 2323 2342 2342 2342 2324 2324 2324 2343 2343 2343 2324 2324 2324 2342 2342 2342 2324 2324 2324 2343 2343 2343 2344 2344 2344 2345 2345 2345 2344 2344 2344 2343 2343 2343 2344 2344 2344 2345 2345 2345 2346 2346 2346 2347 2347 2347 2348 2348 2348 2349 2349 2349 2350 2350 2350 2348 2348 2348 2347 2347 2347 2348 2348 2348 2350 2350 2350 2351 2351 2351 2352 2352 2352 2351 2351 2351 2350 2350 2350 2353 2353 2353 2354 2354 2354 2355 2355 2355 2356 2356 2356 2355 2355 2355 2354 2354 2354 2331 2331 2331 2355 2355 2355 2356 2356 2356 2330 2330 2330 2355 2355 2355 2331 2331 2331 2355 2355 2355 2330 2330 2330 2353 2353 2353 2357 2357 2357 2353 2353 2353 2330 2330 2330 2353 2353 2353 2357 2357 2357 2324 2324 2324 2353 2353 2353 2324 2324 2324 2346 2346 2346 2344 2344 2344 2346 2346 2346 2324 2324 2324 2358 2358 2358 2359 2359 2359 2360 2360 2360 2361 2361 2361 2362 2362 2362 2363 2363 2363 2364 2364 2364 2363 2363 2363 2362 2362 2362 2363 2363 2363 2364 2364 2364 2365 2365 2365 2366 2366 2366 2365 2365 2365 2364 2364 2364 2365 2365 2365 2366 2366 2366 2367 2367 2367 2368 2368 2368 2367 2367 2367 2366 2366 2366 2369 2369 2369 2367 2367 2367 2368 2368 2368 2370 2370 2370 2367 2367 2367 2369 2369 2369 2371 2371 2371 2367 2367 2367 2370 2370 2370 2367 2367 2367 2371 2371 2371 2365 2365 2365 2363 2363 2363 2365 2365 2365 2371 2371 2371 2362 2362 2362 2372 2372 2372 2373 2373 2373 2374 2374 2374 2373 2373 2373 2372 2372 2372 2373 2373 2373 2374 2374 2374 2366 2366 2366 2375 2375 2375 2376 2376 2376 2377 2377 2377 2376 2376 2376 2375 2375 2375 2378 2378 2378 2379 2379 2379 2378 2378 2378 2375 2375 2375 2378 2378 2378 2379 2379 2379 2380 2380 2380 2381 2381 2381 2380 2380 2380 2379 2379 2379 2382 2382 2382 2380 2380 2380 2381 2381 2381 2383 2383 2383 2369 2369 2369 2384 2384 2384 2385 2385 2385 2369 2369 2369 2383 2383 2383 2369 2369 2369 2385 2385 2385 2370 2370 2370 2386 2386 2386 2370 2370 2370 2385 2385 2385 2370 2370 2370 2386 2386 2386 2387 2387 2387 2388 2388 2388 2387 2387 2387 2386 2386 2386 2387 2387 2387 2388 2388 2388 2389 2389 2389 2316 2316 2316 2389 2389 2389 2388 2388 2388 2318 2318 2318 2389 2389 2389 2316 2316 2316 2385 2385 2385 2383 2383 2383 2386 2386 2386 2390 2390 2390 2386 2386 2386 2383 2383 2383 2386 2386 2386 2390 2390 2390 2388 2388 2388 2391 2391 2391 2361 2361 2361 2392 2392 2392 2363 2363 2363 2392 2392 2392 2361 2361 2361 2392 2392 2392 2363 2363 2363 2393 2393 2393 2371 2371 2371 2393 2393 2393 2363 2363 2363 2393 2393 2393 2371 2371 2371 2394 2394 2394 2370 2370 2370 2394 2394 2394 2371 2371 2371 2394 2394 2394 2370 2370 2370 2395 2395 2395 2387 2387 2387 2395 2395 2395 2370 2370 2370 2395 2395 2395 2387 2387 2387 2396 2396 2396 2389 2389 2389 2396 2396 2396 2387 2387 2387 2396 2396 2396 2389 2389 2389 2397 2397 2397 2318 2318 2318 2397 2397 2397 2389 2389 2389 2315 2315 2315 2398 2398 2398 2320 2320 2320 2398 2398 2398 2315 2315 2315 2399 2399 2399 2305 2305 2305 2399 2399 2399 2315 2315 2315 2399 2399 2399 2305 2305 2305 2400 2400 2400 2304 2304 2304 2400 2400 2400 2305 2305 2305 2400 2400 2400 2304 2304 2304 2308 2308 2308 2394 2394 2394 2395 2395 2395 2393 2393 2393 2396 2396 2396 2393 2393 2393 2395 2395 2395 2393 2393 2393 2396 2396 2396 2401 2401 2401 2402 2402 2402 2401 2401 2401 2396 2396 2396 2403 2403 2403 2404 2404 2404 2405 2405 2405 2308 2308 2308 2406 2406 2406 2400 2400 2400 2400 2400 2400 2406 2406 2406 2399 2399 2399 2399 2399 2399 2406 2406 2406 2398 2398 2398 2396 2396 2396 2397 2397 2397 2402 2402 2402 2392 2392 2392 2393 2393 2393 2391 2391 2391 2401 2401 2401 2391 2391 2391 2393 2393 2393 2407 2407 2407 2408 2408 2408 2409 2409 2409 2405 2405 2405 2410 2410 2410 2403 2403 2403 1040 1040 1040 1038 1038 1038 1039 1039 1039 1044 1044 1044 1043 1043 1043 1048 1048 1048 2411 2411 2411 2412 2412 2412 2413 2413 2413 2411 2411 2411 2414 2414 2414 2415 2415 2415 2415 2415 2415 2414 2414 2414 2416 2416 2416 2416 2416 2416 2414 2414 2414 2417 2417 2417 2411 2411 2411 2417 2417 2417 2414 2414 2414 2417 2417 2417 2411 2411 2411 2418 2418 2418 2418 2418 2418 2411 2411 2411 2419 2419 2419 2413 2413 2413 2419 2419 2419 2411 2411 2411 2419 2419 2419 2413 2413 2413 2420 2420 2420 2412 2412 2412 2420 2420 2420 2413 2413 2413 2420 2420 2420 2412 2412 2412 2421 2421 2421 2422 2422 2422 2421 2421 2421 2412 2412 2412 2423 2423 2423 2424 2424 2424 2425 2425 2425 2426 2426 2426 2427 2427 2427 2428 2428 2428 2427 2427 2427 2426 2426 2426 2422 2422 2422 2429 2429 2429 2422 2422 2422 2426 2426 2426 2422 2422 2422 2429 2429 2429 2421 2421 2421 2430 2430 2430 2421 2421 2421 2429 2429 2429 2421 2421 2421 2430 2430 2430 2420 2420 2420 2431 2431 2431 2420 2420 2420 2430 2430 2430 2420 2420 2420 2431 2431 2431 2419 2419 2419 2432 2432 2432 2419 2419 2419 2431 2431 2431 2419 2419 2419 2432 2432 2432 2418 2418 2418 2433 2433 2433 2418 2418 2418 2432 2432 2432 2418 2418 2418 2433 2433 2433 2417 2417 2417 2434 2434 2434 2417 2417 2417 2433 2433 2433 2417 2417 2417 2434 2434 2434 2416 2416 2416 2435 2435 2435 2436 2436 2436 2437 2437 2437 2438 2438 2438 2439 2439 2439 2440 2440 2440 2441 2441 2441 2442 2442 2442 2443 2443 2443 2429 2429 2429 2444 2444 2444 2430 2430 2430 2445 2445 2445 2430 2430 2430 2444 2444 2444 2446 2446 2446 2447 2447 2447 2448 2448 2448 2449 2449 2449 2448 2448 2448 2447 2447 2447 2448 2448 2448 2449 2449 2449 2450 2450 2450 2451 2451 2451 2450 2450 2450 2449 2449 2449 2452 2452 2452 2453 2453 2453 2454 2454 2454 2455 2455 2455 2456 2456 2456 2457 2457 2457 2458 2458 2458 2456 2456 2456 2455 2455 2455 2456 2456 2456 2458 2458 2458 2459 2459 2459 2460 2460 2460 2459 2459 2459 2458 2458 2458 2461 2461 2461 2462 2462 2462 2463 2463 2463 2464 2464 2464 2463 2463 2463 2462 2462 2462 2434 2434 2434 2465 2465 2465 2466 2466 2466 2433 2433 2433 2465 2465 2465 2434 2434 2434 2465 2465 2465 2433 2433 2433 2467 2467 2467 2432 2432 2432 2467 2467 2467 2433 2433 2433 2467 2467 2467 2432 2432 2432 2431 2431 2431 2467 2467 2467 2431 2431 2431 2454 2454 2454 2452 2452 2452 2454 2454 2454 2431 2431 2431 2443 2443 2443 2468 2468 2468 2441 2441 2441 2469 2469 2469 2470 2470 2470 2471 2471 2471 2472 2472 2472 2471 2471 2471 2470 2470 2470 2471 2471 2471 2472 2472 2472 2473 2473 2473 2474 2474 2474 2473 2473 2473 2472 2472 2472 2473 2473 2473 2474 2474 2474 2475 2475 2475 2476 2476 2476 2475 2475 2475 2474 2474 2474 2477 2477 2477 2475 2475 2475 2476 2476 2476 2478 2478 2478 2475 2475 2475 2477 2477 2477 2479 2479 2479 2475 2475 2475 2478 2478 2478 2475 2475 2475 2479 2479 2479 2473 2473 2473 2471 2471 2471 2473 2473 2473 2479 2479 2479 2470 2470 2470 2480 2480 2480 2481 2481 2481 2482 2482 2482 2481 2481 2481 2480 2480 2480 2481 2481 2481 2482 2482 2482 2474 2474 2474 2483 2483 2483 2484 2484 2484 2485 2485 2485 2484 2484 2484 2483 2483 2483 2486 2486 2486 2487 2487 2487 2486 2486 2486 2483 2483 2483 2486 2486 2486 2487 2487 2487 2488 2488 2488 2489 2489 2489 2488 2488 2488 2487 2487 2487 2490 2490 2490 2488 2488 2488 2489 2489 2489 2491 2491 2491 2477 2477 2477 2492 2492 2492 2493 2493 2493 2477 2477 2477 2491 2491 2491 2477 2477 2477 2493 2493 2493 2478 2478 2478 2494 2494 2494 2478 2478 2478 2493 2493 2493 2478 2478 2478 2494 2494 2494 2495 2495 2495 2496 2496 2496 2495 2495 2495 2494 2494 2494 2495 2495 2495 2496 2496 2496 2497 2497 2497 2423 2423 2423 2497 2497 2497 2496 2496 2496 2425 2425 2425 2497 2497 2497 2423 2423 2423 2493 2493 2493 2491 2491 2491 2494 2494 2494 2498 2498 2498 2494 2494 2494 2491 2491 2491 2494 2494 2494 2498 2498 2498 2496 2496 2496 2499 2499 2499 2469 2469 2469 2500 2500 2500 2471 2471 2471 2500 2500 2500 2469 2469 2469 2500 2500 2500 2471 2471 2471 2501 2501 2501 2479 2479 2479 2501 2501 2501 2471 2471 2471 2501 2501 2501 2479 2479 2479 2502 2502 2502 2478 2478 2478 2502 2502 2502 2479 2479 2479 2502 2502 2502 2478 2478 2478 2503 2503 2503 2495 2495 2495 2503 2503 2503 2478 2478 2478 2503 2503 2503 2495 2495 2495 2504 2504 2504 2497 2497 2497 2504 2504 2504 2495 2495 2495 2504 2504 2504 2497 2497 2497 2505 2505 2505 2425 2425 2425 2505 2505 2505 2497 2497 2497 2422 2422 2422 2506 2506 2506 2427 2427 2427 2506 2506 2506 2422 2422 2422 2507 2507 2507 2412 2412 2412 2507 2507 2507 2422 2422 2422 2507 2507 2507 2412 2412 2412 2508 2508 2508 2411 2411 2411 2508 2508 2508 2412 2412 2412 2508 2508 2508 2411 2411 2411 2415 2415 2415 2502 2502 2502 2503 2503 2503 2501 2501 2501 2504 2504 2504 2501 2501 2501 2503 2503 2503 2501 2501 2501 2504 2504 2504 2509 2509 2509 2510 2510 2510 2509 2509 2509 2504 2504 2504 2511 2511 2511 2512 2512 2512 2513 2513 2513 2415 2415 2415 2514 2514 2514 2508 2508 2508 2508 2508 2508 2514 2514 2514 2507 2507 2507 2507 2507 2507 2514 2514 2514 2506 2506 2506 2504 2504 2504 2505 2505 2505 2510 2510 2510 2500 2500 2500 2501 2501 2501 2499 2499 2499 2509 2509 2509 2499 2499 2499 2501 2501 2501 2513 2513 2513 2515 2515 2515 2511 2511 2511 2516 2516 2516 2517 2517 2517 2518 2518 2518 1150 1150 1150 1152 1152 1152 1148 1148 1148 2519 2519 2519 2520 2520 2520 2521 2521 2521 2519 2519 2519 2522 2522 2522 2523 2523 2523 2523 2523 2523 2522 2522 2522 2524 2524 2524 2524 2524 2524 2522 2522 2522 2525 2525 2525 2519 2519 2519 2525 2525 2525 2522 2522 2522 2525 2525 2525 2519 2519 2519 2526 2526 2526 2526 2526 2526 2519 2519 2519 2527 2527 2527 2521 2521 2521 2527 2527 2527 2519 2519 2519 2527 2527 2527 2521 2521 2521 2528 2528 2528 2520 2520 2520 2528 2528 2528 2521 2521 2521 2528 2528 2528 2520 2520 2520 2529 2529 2529 2530 2530 2530 2529 2529 2529 2520 2520 2520 2531 2531 2531 2532 2532 2532 2533 2533 2533 2534 2534 2534 2535 2535 2535 2536 2536 2536 2535 2535 2535 2534 2534 2534 2530 2530 2530 2537 2537 2537 2530 2530 2530 2534 2534 2534 2530 2530 2530 2537 2537 2537 2529 2529 2529 2538 2538 2538 2529 2529 2529 2537 2537 2537 2529 2529 2529 2538 2538 2538 2528 2528 2528 2539 2539 2539 2528 2528 2528 2538 2538 2538 2528 2528 2528 2539 2539 2539 2527 2527 2527 2540 2540 2540 2527 2527 2527 2539 2539 2539 2527 2527 2527 2540 2540 2540 2526 2526 2526 2541 2541 2541 2526 2526 2526 2540 2540 2540 2526 2526 2526 2541 2541 2541 2525 2525 2525 2542 2542 2542 2525 2525 2525 2541 2541 2541 2525 2525 2525 2542 2542 2542 2524 2524 2524 2543 2543 2543 2544 2544 2544 2545 2545 2545 2546 2546 2546 2547 2547 2547 2548 2548 2548 2549 2549 2549 2550 2550 2550 2551 2551 2551 2537 2537 2537 2552 2552 2552 2538 2538 2538 2553 2553 2553 2538 2538 2538 2552 2552 2552 2554 2554 2554 2555 2555 2555 2556 2556 2556 2557 2557 2557 2556 2556 2556 2555 2555 2555 2556 2556 2556 2557 2557 2557 2558 2558 2558 2559 2559 2559 2558 2558 2558 2557 2557 2557 2560 2560 2560 2561 2561 2561 2562 2562 2562 2563 2563 2563 2564 2564 2564 2565 2565 2565 2566 2566 2566 2564 2564 2564 2563 2563 2563 2564 2564 2564 2566 2566 2566 2567 2567 2567 2568 2568 2568 2567 2567 2567 2566 2566 2566 2569 2569 2569 2570 2570 2570 2571 2571 2571 2572 2572 2572 2571 2571 2571 2570 2570 2570 2542 2542 2542 2571 2571 2571 2572 2572 2572 2541 2541 2541 2571 2571 2571 2542 2542 2542 2571 2571 2571 2541 2541 2541 2569 2569 2569 2540 2540 2540 2569 2569 2569 2541 2541 2541 2569 2569 2569 2540 2540 2540 2539 2539 2539 2569 2569 2569 2539 2539 2539 2562 2562 2562 2560 2560 2560 2562 2562 2562 2539 2539 2539 2551 2551 2551 2573 2573 2573 2549 2549 2549 2574 2574 2574 2575 2575 2575 2576 2576 2576 2577 2577 2577 2576 2576 2576 2575 2575 2575 2576 2576 2576 2577 2577 2577 2578 2578 2578 2579 2579 2579 2578 2578 2578 2577 2577 2577 2578 2578 2578 2579 2579 2579 2580 2580 2580 2581 2581 2581 2580 2580 2580 2579 2579 2579 2582 2582 2582 2580 2580 2580 2581 2581 2581 2583 2583 2583 2580 2580 2580 2582 2582 2582 2584 2584 2584 2580 2580 2580 2583 2583 2583 2580 2580 2580 2584 2584 2584 2578 2578 2578 2576 2576 2576 2578 2578 2578 2584 2584 2584 2575 2575 2575 2585 2585 2585 2586 2586 2586 2587 2587 2587 2588 2588 2588 2589 2589 2589 2590 2590 2590 2591 2591 2591 2592 2592 2592 2593 2593 2593 2594 2594 2594 2595 2595 2595 2596 2596 2596 2597 2597 2597 2598 2598 2598 2599 2599 2599 2598 2598 2598 2597 2597 2597 2598 2598 2598 2599 2599 2599 2600 2600 2600 2601 2601 2601 2600 2600 2600 2599 2599 2599 2602 2602 2602 2600 2600 2600 2601 2601 2601 2603 2603 2603 2582 2582 2582 2604 2604 2604 2605 2605 2605 2582 2582 2582 2603 2603 2603 2582 2582 2582 2605 2605 2605 2583 2583 2583 2606 2606 2606 2583 2583 2583 2605 2605 2605 2583 2583 2583 2606 2606 2606 2607 2607 2607 2608 2608 2608 2607 2607 2607 2606 2606 2606 2607 2607 2607 2608 2608 2608 2609 2609 2609 2531 2531 2531 2609 2609 2609 2608 2608 2608 2533 2533 2533 2609 2609 2609 2531 2531 2531 2605 2605 2605 2603 2603 2603 2606 2606 2606 2610 2610 2610 2606 2606 2606 2603 2603 2603 2606 2606 2606 2610 2610 2610 2608 2608 2608 2611 2611 2611 2574 2574 2574 2612 2612 2612 2576 2576 2576 2612 2612 2612 2574 2574 2574 2612 2612 2612 2576 2576 2576 2613 2613 2613 2584 2584 2584 2613 2613 2613 2576 2576 2576 2613 2613 2613 2584 2584 2584 2614 2614 2614 2583 2583 2583 2614 2614 2614 2584 2584 2584 2614 2614 2614 2583 2583 2583 2615 2615 2615 2607 2607 2607 2615 2615 2615 2583 2583 2583 2615 2615 2615 2607 2607 2607 2616 2616 2616 2609 2609 2609 2616 2616 2616 2607 2607 2607 2616 2616 2616 2609 2609 2609 2617 2617 2617 2533 2533 2533 2617 2617 2617 2609 2609 2609 2530 2530 2530 2618 2618 2618 2535 2535 2535 2618 2618 2618 2530 2530 2530 2619 2619 2619 2520 2520 2520 2619 2619 2619 2530 2530 2530 2619 2619 2619 2520 2520 2520 2620 2620 2620 2519 2519 2519 2620 2620 2620 2520 2520 2520 2620 2620 2620 2519 2519 2519 2523 2523 2523 2614 2614 2614 2615 2615 2615 2613 2613 2613 2616 2616 2616 2613 2613 2613 2615 2615 2615 2613 2613 2613 2616 2616 2616 2621 2621 2621 2622 2622 2622 2621 2621 2621 2616 2616 2616 2621 2621 2621 2622 2622 2622 2623 2623 2623 2523 2523 2523 2624 2624 2624 2620 2620 2620 2620 2620 2620 2624 2624 2624 2619 2619 2619 2619 2619 2619 2624 2624 2624 2618 2618 2618 2616 2616 2616 2617 2617 2617 2622 2622 2622 2612 2612 2612 2613 2613 2613 2611 2611 2611 2621 2621 2621 2611 2611 2611 2613 2613 2613 2625 2625 2625 2626 2626 2626 2627 2627 2627 2628 2628 2628 2629 2629 2629 2630 2630 2630 1275 1275 1275 2631 2631 2631 1273 1273 1273 2632 2632 2632 2633 2633 2633 2634 2634 2634 2632 2632 2632 2635 2635 2635 2636 2636 2636 2636 2636 2636 2635 2635 2635 2637 2637 2637 2637 2637 2637 2635 2635 2635 2638 2638 2638 2632 2632 2632 2638 2638 2638 2635 2635 2635 2638 2638 2638 2632 2632 2632 2639 2639 2639 2639 2639 2639 2632 2632 2632 2640 2640 2640 2634 2634 2634 2640 2640 2640 2632 2632 2632 2640 2640 2640 2634 2634 2634 2641 2641 2641 2633 2633 2633 2641 2641 2641 2634 2634 2634 2641 2641 2641 2633 2633 2633 2642 2642 2642 2643 2643 2643 2642 2642 2642 2633 2633 2633 2644 2644 2644 2645 2645 2645 2646 2646 2646 2647 2647 2647 2648 2648 2648 2649 2649 2649 2648 2648 2648 2647 2647 2647 2643 2643 2643 2650 2650 2650 2643 2643 2643 2647 2647 2647 2643 2643 2643 2650 2650 2650 2642 2642 2642 2651 2651 2651 2642 2642 2642 2650 2650 2650 2642 2642 2642 2651 2651 2651 2641 2641 2641 2652 2652 2652 2641 2641 2641 2651 2651 2651 2641 2641 2641 2652 2652 2652 2640 2640 2640 2653 2653 2653 2640 2640 2640 2652 2652 2652 2640 2640 2640 2653 2653 2653 2639 2639 2639 2654 2654 2654 2639 2639 2639 2653 2653 2653 2639 2639 2639 2654 2654 2654 2638 2638 2638 2655 2655 2655 2638 2638 2638 2654 2654 2654 2638 2638 2638 2655 2655 2655 2637 2637 2637 2656 2656 2656 2657 2657 2657 2658 2658 2658 2659 2659 2659 2660 2660 2660 2661 2661 2661 2662 2662 2662 2663 2663 2663 2664 2664 2664 2650 2650 2650 2665 2665 2665 2651 2651 2651 2666 2666 2666 2651 2651 2651 2665 2665 2665 2651 2651 2651 2666 2666 2666 2652 2652 2652 2667 2667 2667 2652 2652 2652 2666 2666 2666 2652 2652 2652 2667 2667 2667 2668 2668 2668 2669 2669 2669 2668 2668 2668 2667 2667 2667 2668 2668 2668 2669 2669 2669 2670 2670 2670 2671 2671 2671 2672 2672 2672 2673 2673 2673 2674 2674 2674 2672 2672 2672 2671 2671 2671 2672 2672 2672 2674 2674 2674 2675 2675 2675 2676 2676 2676 2675 2675 2675 2674 2674 2674 2677 2677 2677 2678 2678 2678 2679 2679 2679 2680 2680 2680 2679 2679 2679 2678 2678 2678 2655 2655 2655 2679 2679 2679 2680 2680 2680 2654 2654 2654 2679 2679 2679 2655 2655 2655 2679 2679 2679 2654 2654 2654 2677 2677 2677 2653 2653 2653 2677 2677 2677 2654 2654 2654 2677 2677 2677 2653 2653 2653 2652 2652 2652 2677 2677 2677 2652 2652 2652 2670 2670 2670 2668 2668 2668 2670 2670 2670 2652 2652 2652 2664 2664 2664 2681 2681 2681 2662 2662 2662 2682 2682 2682 2683 2683 2683 2684 2684 2684 2685 2685 2685 2684 2684 2684 2683 2683 2683 2684 2684 2684 2685 2685 2685 2686 2686 2686 2687 2687 2687 2686 2686 2686 2685 2685 2685 2686 2686 2686 2687 2687 2687 2688 2688 2688 2689 2689 2689 2688 2688 2688 2687 2687 2687 2690 2690 2690 2688 2688 2688 2689 2689 2689 2691 2691 2691 2688 2688 2688 2690 2690 2690 2692 2692 2692 2688 2688 2688 2691 2691 2691 2688 2688 2688 2692 2692 2692 2686 2686 2686 2684 2684 2684 2686 2686 2686 2692 2692 2692 2683 2683 2683 2693 2693 2693 2694 2694 2694 2695 2695 2695 2694 2694 2694 2693 2693 2693 2694 2694 2694 2695 2695 2695 2687 2687 2687 2696 2696 2696 2697 2697 2697 2698 2698 2698 2697 2697 2697 2696 2696 2696 2699 2699 2699 2700 2700 2700 2699 2699 2699 2696 2696 2696 2699 2699 2699 2700 2700 2700 2701 2701 2701 2702 2702 2702 2701 2701 2701 2700 2700 2700 2703 2703 2703 2701 2701 2701 2702 2702 2702 2704 2704 2704 2690 2690 2690 2705 2705 2705 2706 2706 2706 2690 2690 2690 2704 2704 2704 2690 2690 2690 2706 2706 2706 2691 2691 2691 2707 2707 2707 2691 2691 2691 2706 2706 2706 2691 2691 2691 2707 2707 2707 2708 2708 2708 2709 2709 2709 2708 2708 2708 2707 2707 2707 2708 2708 2708 2709 2709 2709 2710 2710 2710 2644 2644 2644 2710 2710 2710 2709 2709 2709 2646 2646 2646 2710 2710 2710 2644 2644 2644 2706 2706 2706 2704 2704 2704 2707 2707 2707 2711 2711 2711 2707 2707 2707 2704 2704 2704 2707 2707 2707 2711 2711 2711 2709 2709 2709 2712 2712 2712 2682 2682 2682 2713 2713 2713 2684 2684 2684 2713 2713 2713 2682 2682 2682 2713 2713 2713 2684 2684 2684 2714 2714 2714 2692 2692 2692 2714 2714 2714 2684 2684 2684 2714 2714 2714 2692 2692 2692 2715 2715 2715 2691 2691 2691 2715 2715 2715 2692 2692 2692 2715 2715 2715 2691 2691 2691 2716 2716 2716 2708 2708 2708 2716 2716 2716 2691 2691 2691 2716 2716 2716 2708 2708 2708 2717 2717 2717 2710 2710 2710 2717 2717 2717 2708 2708 2708 2717 2717 2717 2710 2710 2710 2718 2718 2718 2646 2646 2646 2718 2718 2718 2710 2710 2710 2643 2643 2643 2719 2719 2719 2648 2648 2648 2719 2719 2719 2643 2643 2643 2720 2720 2720 2633 2633 2633 2720 2720 2720 2643 2643 2643 2720 2720 2720 2633 2633 2633 2721 2721 2721 2632 2632 2632 2721 2721 2721 2633 2633 2633 2721 2721 2721 2632 2632 2632 2636 2636 2636 2715 2715 2715 2716 2716 2716 2714 2714 2714 2717 2717 2717 2714 2714 2714 2716 2716 2716 2714 2714 2714 2717 2717 2717 2722 2722 2722 2723 2723 2723 2722 2722 2722 2717 2717 2717 2724 2724 2724 2725 2725 2725 2726 2726 2726 2636 2636 2636 2727 2727 2727 2721 2721 2721 2721 2721 2721 2727 2727 2727 2720 2720 2720 2720 2720 2720 2727 2727 2727 2719 2719 2719 2717 2717 2717 2718 2718 2718 2723 2723 2723 2713 2713 2713 2714 2714 2714 2712 2712 2712 2722 2722 2722 2712 2712 2712 2714 2714 2714 2728 2728 2728 2729 2729 2729 2730 2730 2730 2726 2726 2726 2731 2731 2731 2724 2724 2724 1397 1397 1397 1399 1399 1399 1395 1395 1395 2575 2575 2575 2586 2586 2586 2577 2577 2577 2579 2579 2579 2577 2577 2577 2586 2586 2586 2145 2145 2145 2155 2155 2155 2147 2147 2147 2149 2149 2149 2147 2147 2147 2155 2155 2155 1506 1506 1506 1516 1516 1516 1508 1508 1508 1510 1510 1510 1508 1508 1508 1516 1516 1516 2362 2362 2362 2373 2373 2373 2364 2364 2364 2366 2366 2366 2364 2364 2364 2373 2373 2373 2683 2683 2683 2694 2694 2694 2685 2685 2685 2687 2687 2687 2685 2685 2685 2694 2694 2694 2470 2470 2470 2481 2481 2481 2472 2472 2472 2474 2474 2474 2472 2472 2472 2481 2481 2481 1831 1831 1831 1842 1842 1842 1833 1833 1833 1835 1835 1835 1833 1833 1833 1842 1842 1842 1618 1618 1618 1629 1629 1629 1620 1620 1620 1622 1622 1622 1620 1620 1620 1629 1629 1629 2044 2044 2044 2055 2055 2055 2046 2046 2046 2048 2048 2048 2046 2046 2046 2055 2055 2055 1936 1936 1936 1947 1947 1947 1938 1938 1938 1940 1940 1940 1938 1938 1938 1947 1947 1947 1723 1723 1723 1734 1734 1734 1725 1725 1725 1727 1727 1727 1725 1725 1725 1734 1734 1734 2257 2257 2257 2268 2268 2268 2259 2259 2259 2261 2261 2261 2259 2259 2259 2268 2268 2268</p>
      </triangles>
    </mesh></geometry>
  </library_geometries>
  <library_visual_scenes>
    <visual_scene id="Scene" name="Scene">
      <node id="vfx_kurp_0719" name="vfx_kurp_0719" type="NODE">
        <instance_geometry url="#vfx_kurp_0719-mesh"><bind_material><technique_common><instance_material symbol="PreviewMaterial" target="#PreviewMaterial"><bind_vertex_input semantic="UVSET0" input_semantic="TEXCOORD" input_set="0"/></instance_material></technique_common></bind_material></instance_geometry>
      </node>
    </visual_scene>
  </library_visual_scenes>
  <scene><instance_visual_scene url="#Scene"/></scene>
</COLLADA>
