<?xml version="1.0" encoding="utf-8"?>
<COLLADA xmlns="http://www.collada.org/2005/11/COLLADASchema" version="1.4.1">
  <asset>
    <contributor><authoring_tool>Morrobroom Kurpulio VFX preview converter</authoring_tool></contributor>
    <unit name="unit" meter="1"/>
    <up_axis>Z_UP</up_axis>
  </asset>
  <library_images>
    <image id="VFXTexture" name="darkmap_newgen-1.dds">
      <init_from>../../../Textures/Kurp/darkmap_newgen-1.dds</init_from>
    </image>
  </library_images>
  <library_effects>
    <effect id="PreviewEffect">
      <profile_COMMON>
        <newparam sid="VFXTexture-surface">
          <surface type="2D"><init_from>VFXTexture</init_from></surface>
        </newparam>
        <newparam sid="VFXTexture-sampler">
          <sampler2D><source>VFXTexture-surface</source></sampler2D>
        </newparam>
        <technique sid="common"><phong>
          <emission><color>0.08 0.08 0.08 1</color></emission>
          <ambient><color>0.2 0.2 0.2 1</color></ambient>
          <diffuse><texture texture="VFXTexture-sampler" texcoord="UVSET0"/></diffuse>
          <specular><color>0.15 0.15 0.15 1</color></specular>
          <shininess><float>8</float></shininess>
          <transparent opaque="A_ONE"><texture texture="VFXTexture-sampler" texcoord="UVSET0"/></transparent>
          <transparency><float>1</float></transparency>
        </phong></technique>
      </profile_COMMON>
      <extra><technique profile="GOOGLEEARTH"><double_sided>1</double_sided></technique></extra>
    </effect>
  </library_effects>
  <library_materials><material id="PreviewMaterial" name="PreviewMaterial"><instance_effect url="#PreviewEffect"/></material></library_materials>
  <library_geometries>
    <geometry id="vfx_kurp_0042-mesh" name="vfx_kurp_0042"><mesh>
      <source id="vfx_kurp_0042-mesh-positions">
        <float_array id="vfx_kurp_0042-mesh-positions-array" count="3444">2.80901343 -2.97595297 1.4728382 2.87070427 -3.21307924 1.04256612 3.28882582 -2.6359726 1.35370212 3.36435895 -2.90459894 0.897153615 2.89287086 -3.46941076 0.57303163 3.39597243 -3.17292945 0.435236001 2.91595563 -3.72621554 0.103834943 3.42758594 -3.44125996 -0.0266816522 3.08498712 -2.10628885 2.25986451 3.20842848 -2.36784931 1.80962325 3.53605807 -1.72319937 2.16098373 3.66985814 -1.99505928 1.71956596 3.76863852 -2.29599205 1.23456623 3.85801374 -2.59611828 0.751741257 3.89907394 -2.87644778 0.297440462 3.93921658 -3.156304 -0.157198131 2.74699883 -2.74063917 1.89968051 2.63391589 -2.48937852 2.35874508 2.94971069 -1.84851606 2.70837855 2.52240874 -2.26422051 2.77622319 2.78005404 -1.60174608 3.15187536 2.36361274 -2.02674213 3.22904476 2.58734999 -1.36664189 3.59155494 2.20047188 -1.82310272 3.63592689 2.3729402 -1.14252541 4.02763871 1.99732562 -1.60726216 4.08180168 2.12301691 -0.944191674 4.45683879 1.7829902 -1.43814418 4.47666415 1.85729274 -0.759939747 4.88258745 1.55889859 -1.28022693 4.86639211 1.56312824 -0.60427417 5.30163827 1.27630781 -1.13124934 5.29605253 3.37701233 -1.43281162 2.64053373 3.19649505 -1.17674962 3.07470645 2.9742285 -0.910181226 3.54718302 2.74855456 -0.677788666 3.97347542 2.4630434 -0.45023917 4.43701309 2.1556878 -0.239652954 4.89878122 1.84994904 -0.0772992205 5.30722339 1.48522379 0.0677385526 5.75631398 1.24587152 -0.480803004 5.71373917 1.09970589 0.18173986 6.20094777 0.913138654 -0.38280874 6.1204629 1.00651938 -1.02934455 5.67116485 0.72657019 -0.947356986 6.03997941 0.561259852 -0.323372452 6.51923358 0.386477933 -0.893151516 6.44992859 0.194777593 -0.311370762 6.90837351 0.0773010073 -0.889847722 6.80083914 -0.178527244 -0.338054024 7.28960079 -0.235333569 -0.917274813 7.14373712 -0.555667501 -0.407861168 7.66189744 -0.549868904 -0.978975361 7.47806392 -0.931374643 -0.528073772 8.02350848 -0.913428188 -1.10251608 7.85118901 -1.29517928 -0.70902237 8.37148505 -1.21413905 -1.26536629 8.16192905 -1.64053149 -0.94038886 8.7072292 -1.49785303 -1.46888091 8.46158862 0.73604195 0.246406621 6.58853826 0.31225431 0.267106162 7.01590838 -0.12172056 0.241166812 7.43546384 -0.561466868 0.163252984 7.84573298 -0.949321099 0.046368537 8.19582794 -1.37621885 -0.152678354 8.58104061 -1.78321219 -0.411898211 8.95287087 -2.16008113 -0.732035951 9.309621 -1.95908653 -1.22305735 9.02944414 -2.49545494 -1.11169176 9.64958901 -2.2413039 -1.55616481 9.33677723 -1.75809193 -1.71407875 8.74926728 -1.98715287 -2.00063778 9.02396545 -2.47689241 -1.93664828 9.62786916 -2.17645242 -2.32641976 9.28462827 -2.65537979 -2.3588846 9.90138665 -2.31701142 -2.68706875 9.53016987 -2.76681409 -2.81451253 10.1560771 -2.40008501 -3.07577008 9.75952414 -2.80253395 -3.29244372 10.3908218 -2.41788268 -3.48318454 9.9717016 -2.75593914 -3.77910677 10.6046884 -2.36431387 -3.89760231 10.1658396 -2.62320464 -4.258927 10.7969867 -2.23569794 -4.30534543 10.3412636 -2.40385455 -4.71498989 10.9673129 -2.03135927 -4.69134981 10.4975385 -2.7773324 -1.54687681 9.97111005 -2.99374815 -2.03070063 10.2726034 -3.13354347 -2.55325498 10.5526299 -3.18718487 -3.10170269 10.8099414 -3.14756425 -3.66061122 11.0435374 -3.01071138 -4.21250895 11.2527106 -2.77635018 -4.73863001 11.4370878 -2.40037703 -5.26538302 11.6128144 -2.09673528 -5.1264346 11.1143217 -1.97007452 -5.66336562 11.7421891 -1.70830695 -5.47130268 11.2376204 -1.79309286 -4.98748612 10.6158287 -1.44653907 -5.27923974 10.7330519 -1.25783645 -5.73810598 11.3398207 -1.04516651 -5.50063071 10.8315125 -0.760988866 -5.91439501 11.4220646 -0.603359918 -5.64016898 10.9122095 -0.235370756 -5.98124423 11.4842811 -0.19873004 -5.67687405 10.9685133 0.294034015 -5.93209899 11.528591 0.268524848 -5.62015317 11.0166937 0.803792107 -5.77765544 11.5590015 0.716027898 -5.46821467 11.0525005 1.26516339 -5.51089762 11.5769048 1.06775302 -5.24699517 11.075523 1.65616318 -5.14815974 11.5863418 1.40680624 -4.91377931 11.0935063 -1.47050639 -5.97558125 11.8481289 -0.918621361 -6.18862124 11.9319201 -0.272011491 -6.28561405 12.0000488 0.319546388 -6.24404502 12.0404886 0.891551864 -6.08709789 12.065503 1.46257714 -5.77479852 12.0782878 1.90552075 -5.38254015 12.0791777 2.25923561 -4.90867148 12.07573 1.96425087 -4.71220534 11.5915978 1.66926583 -4.51573846 11.1074646 3.69918811 -2.97938952 1.62512021 3.76706923 -3.2766681 1.14085231 3.28882582 -2.6359726 1.35370212 3.36435895 -2.90459894 0.897153615 3.78690455 -3.55437426 0.683574833 3.39597243 -3.17292945 0.435236001 3.80717339 -3.83129813 0.22587271 3.42758594 -3.44125996 -0.0266816522 3.08498712 -2.10628885 2.25986451 3.20842848 -2.36784931 1.80962325 2.65946769 -1.80175011 1.966284 2.79354949 -2.05223857 1.51252818 3.28882582 -2.6359726 1.35370212 2.8784637 -2.29255568 1.08228411 3.36435895 -2.90459894 0.897153615 2.96164881 -2.53252942 0.65345502 3.39597243 -3.17292945 0.435236001 3.00504042 -2.79148446 0.186897342 3.42758594 -3.44125996 -0.0266816522 3.04799864 -3.05122178 -0.279235924 3.20842848 -2.36784931 1.80962325 3.62330746 -2.68345989 2.10671831 3.08498712 -2.10628885 2.25986451 3.51050627 -2.41082778 2.5534448 2.94971069 -1.84851606 2.70837855 3.37646864 -2.12597606 3.02601595 2.78005404 -1.60174608 3.15187536 3.21654719 -1.86718149 3.46654657 2.58734999 -1.36664189 3.59155494 3.02216809 -1.60624985 3.92848408 2.3729402 -1.14252541 4.02763871 2.81643867 -1.36920426 4.36219151 2.12301691 -0.944191674 4.45683879 2.56240525 -1.14670593 4.81169917 1.85729274 -0.759939747 4.88258745 2.29175811 -0.940831737 5.25476753 1.56312824 -0.60427417 5.30163827 2.00400456 -0.770800864 5.67298339 2.52295243 -1.57105607 2.39074097 2.94971069 -1.84851606 2.70837855 2.3435606 -1.33631025 2.83720463 2.78005404 -1.60174608 3.15187536 2.15253207 -1.12703401 3.2546255 2.58734999 -1.36664189 3.59155494 1.92944141 -0.915846483 3.69308574 2.3729402 -1.14252541 4.02763871 1.68362866 -0.741677448 4.10197825 2.12301691 -0.944191674 4.45683879 1.42282859 -0.579048179 4.51040598 1.85729274 -0.759939747 4.88258745 1.12225241 -0.437747492 4.93029302 1.56312824 -0.60427417 5.30163827 0.811037355 -0.333970205 5.32726845 1.24587152 -0.480803004 5.71373917 0.483519083 -0.253483411 5.72208823 0.913138654 -0.38280874 6.1204629 1.24587152 -0.480803004 5.71373917 1.68070599 -0.627635805 6.10021007 0.913138654 -0.38280874 6.1204629 1.34275669 -0.512133712 6.51883877 0.561259852 -0.323372452 6.51923358 0.994422189 -0.437371544 6.91845097 0.194777593 -0.311370762 6.90837351 0.622848111 -0.409243182 7.31724597 -0.178527244 -0.338054024 7.28960079 0.246536914 -0.420700676 7.70491995 -0.555667501 -0.407861168 7.66189744 -0.131179332 -0.475153293 8.08056459 -0.931374643 -0.528073772 8.02350848 -0.508307595 -0.580095802 8.4457735 -1.29517928 -0.70902237 8.37148505 -0.871870275 -0.744934065 8.79518298 -1.64053149 -0.94038886 8.7072292 -1.21483165 -0.958012288 9.12968469 0.128097692 -0.209373315 6.12001589 0.561259852 -0.323372452 6.51923358 -0.233293234 -0.213498351 6.49950087 0.194777593 -0.311370762 6.90837351 -0.6035914 -0.255407408 6.87428162 -0.178527244 -0.338054024 7.28960079 -0.980156291 -0.340568987 7.24323241 -0.555667501 -0.407861168 7.66189744 -1.35444169 -0.476051743 7.60124345 -0.931374643 -0.528073772 8.02350848 -1.71848813 -0.673110671 7.94778721 -1.29517928 -0.70902237 8.37148505 -2.06623307 -0.922766794 8.28477427 -1.64053149 -0.94038886 8.7072292 -2.38867161 -1.22697986 8.61058713 -1.95908653 -1.22305735 9.02944414 -2.67525721 -1.58577203 8.92348798 -2.2413039 -1.55616481 9.33677723 -1.95908653 -1.22305735 9.02944414 -1.52950146 -1.21913484 9.44830115 -2.2413039 -1.55616481 9.33677723 -1.80735009 -1.52655738 9.75006595 -2.47689241 -1.93664828 9.62786916 -2.03938501 -1.87663237 10.0340531 -2.65537979 -2.3588846 9.90138665 -2.21663526 -2.26353996 10.299398 -2.76681409 -2.81451253 10.1560771 -2.33073747 -2.67917208 10.5453333 -2.80253395 -3.29244372 10.3908218 -2.37456873 -3.11316197 10.7712215 -2.75593914 -3.77910677 10.6046884 -2.34288516 -3.55311287 10.9765928 -2.62320464 -4.258927 10.7969867 -2.23290461 -3.98501017 11.1611787 -2.40385455 -4.71498989 10.9673129 -2.0447792 -4.39379068 11.3249383 -2.91439945 -1.99666415 9.22168464 -2.47689241 -1.93664828 9.62786916 -3.09412416 -2.45422942 9.50337538 -2.65537979 -2.3588846 9.90138665 -3.20289087 -2.9498528 9.76682087 -2.76681409 -2.81451253 10.1560771 -3.23049867 -3.47172526 10.0104216 -2.80253395 -3.29244372 10.3908218 -3.1689926 -4.00510062 10.2327836 -2.75593914 -3.77910677 10.6046884 -3.01350459 -4.5328435 10.4327956 -2.62320464 -4.258927 10.7969867 -2.76293004 -5.0361891 10.6096874 -2.40385455 -4.71498989 10.9673129 -2.37650208 -5.53676849 10.7776373 -2.09673528 -5.1264346 11.1143217 -1.93136013 -5.91640388 10.9027591 -1.70830695 -5.47130268 11.2376204 -2.09673528 -5.1264346 11.1143217 -1.81696811 -4.71610067 11.4510056 -1.70830695 -5.47130268 11.2376204 -1.48525346 -5.02620148 11.5724819 -1.25783645 -5.73810598 11.3398207 -1.09777022 -5.2667601 11.6748013 -0.760988866 -5.91439501 11.4220646 -0.6684839 -5.42669219 11.759094 -0.235370756 -5.98124423 11.4842811 -0.282861161 -5.48482862 11.8179218 0.294034015 -5.93209899 11.528591 0.175691658 -5.45273069 11.8694736 0.803792107 -5.77765544 11.5590015 0.618253123 -5.32661069 11.9084783 1.26516339 -5.51089762 11.5769048 0.9579434 -5.13934048 11.934062 1.65616318 -5.14815974 11.5863418 1.30188054 -4.83392538 11.9547721 -1.41790298 -6.20945223 11.0048399 -1.25783645 -5.73810598 11.3398207 -0.85349707 -6.40209802 11.0850358 -0.760988866 -5.91439501 11.4220646 -0.18788066 -6.47765985 11.1506402 -0.235370756 -5.98124423 11.4842811 0.41237922 -6.41146754 11.1877093 0.294034015 -5.93209899 11.528591 0.989326639 -6.22870187 11.2095252 0.803792107 -5.77765544 11.5590015 1.57238674 -5.88245285 11.2197487 1.26516339 -5.51089762 11.5769048 2.01044583 -5.4623941 11.2179116 1.65616318 -5.14815974 11.5863418 2.35608693 -4.96249497 11.2123615 1.96425087 -4.71220534 11.5915978 1.96425087 -4.71220534 11.5915978 1.57241452 -4.46191533 11.9708331 0.449807165 -6.23477347 1.47283838 0.212680754 -6.29646397 1.04256624 0.789787646 -6.7145857 1.35370234 0.521161392 -6.79011936 0.89715383 -0.0436506532 -6.31863131 0.573031794 0.252830843 -6.82173257 0.435236244 -0.300455649 -6.34171569 0.103835122 -0.0154997456 -6.85334648 -0.0266814649 1.31947135 -6.51074679 2.25986453 1.05791091 -6.63418806 1.80962336 1.70256096 -6.96181741 2.16098387 1.43070097 -7.09561792 1.71956609 1.12976816 -7.19439865 1.23456627 0.829642039 -7.28377403 0.751741376 0.549312364 -7.32483453 0.297440661 0.269456118 -7.36497656 -0.157197988 0.685120996 -6.17275891 1.89968058 0.936381608 -6.05967547 2.35874537 1.57724399 -6.37546993 2.70837863 1.16153953 -5.94816845 2.77622329 1.82401415 -6.20581364 3.15187546 1.39901797 -5.78937246 3.22904494 2.05911814 -6.01310949 3.59155489 1.60265749 -5.62623121 3.63592685 2.28323461 -5.79869954 4.02763872 1.8184978 -5.42308515 4.08180171 2.48156822 -5.54877605 4.45683874 1.98761581 -5.20874977 4.47666456 2.66582016 -5.28305199 4.88258746 2.14553296 -4.98465808 4.8663922 2.82148572 -4.98888753 5.30163831 2.29451046 -4.70206663 5.29605279 1.99294861 -6.80277177 2.64053405 2.24901047 -6.62225484 3.07470647 2.51557911 -6.39998776 3.54718311 2.74797151 -6.17431391 3.97347557 2.97552093 -5.88880233 4.43701311 3.18610724 -5.58144693 4.89878154 3.34846067 -5.27570809 5.30722366 3.49349856 -4.91098278 5.75631391 2.94495675 -4.67163057 5.71373945 3.60749982 -4.5254645 6.20094763 3.042951 -4.33889739 6.12046269 2.39641513 -4.43227834 5.67116468 2.47840284 -4.15232924 6.03997945 3.10238729 -3.98701884 6.51923353 2.53260813 -3.81223663 6.44992879 3.11438882 -3.62053613 6.90837348 2.53591184 -3.50305962 6.80083899 3.08770575 -3.24723169 7.28960069 2.50848479 -3.19042498 7.14373754 3.01789851 -2.87009122 7.66189763 2.44678426 -2.87588994 7.4780641 2.89768603 -2.49438397 8.02350839 2.32324366 -2.51233076 7.85118904 2.71673687 -2.13057972 8.37148467 2.16039331 -2.21161979 8.16192878 2.48537069 -1.78522719 8.70722947 1.95687832 -1.9279057 8.46158885 3.67216643 -4.1618007 6.58853828 3.69286593 -3.73801266 7.01590846 3.6669267 -3.30403805 7.43546385 3.58901232 -2.86429186 7.8457326 3.47212791 -2.47643738 8.19582787 3.27308074 -2.04953947 8.58104075 3.0138613 -1.64254655 8.95287086 2.69372334 -1.26567726 9.30962103 2.20270201 -1.46667209 9.02944425 2.31406763 -0.930303698 9.64958901 1.86959424 -1.18445488 9.33677738 1.71168067 -1.66766693 8.74926748 1.42512151 -1.43860601 9.02396531 1.48911103 -0.948866335 9.6278689 1.09933941 -1.24930636 9.28462856 1.06687457 -0.770379077 9.90138672 0.738690967 -1.10874746 9.53016968 0.611246655 -0.658944924 10.1560772 0.349989473 -1.02567415 9.75952399 0.133315655 -0.62322527 10.3908216 -0.0574249617 -1.00787653 9.97170164 -0.353347358 -0.66982021 10.6046886 -0.471842644 -1.0614454 10.1658392 -0.833167329 -0.802554534 10.7969869 -0.8795859 -1.19006132 10.3412634 -1.28923008 -1.02190462 10.9673132 -1.26558953 -1.39440021 10.4975382 1.8788826 -0.648426324 9.97111003 1.39505884 -0.432010641 10.2726033 0.872504487 -0.292215304 10.5526299 0.324056582 -0.238574036 10.8099418 -0.234851716 -0.278194937 11.0435374 -0.786749426 -0.41504779 11.2527107 -1.31287063 -0.649409042 11.4370881 -1.8396233 -1.02538245 11.6128145 -1.70067483 -1.3290244 11.1143218 -2.23760582 -1.4556851 11.7421894 -2.04554266 -1.71745263 11.2376208 -1.56172636 -1.63266635 10.6158291 -1.85347949 -1.97922026 10.7330521 -2.3123457 -2.16792298 11.3398209 -2.07487068 -2.38059286 10.8315126 -2.48863475 -2.66477062 11.422065 -2.21440876 -2.82239983 10.9122098 -2.5554838 -3.19038872 11.4842814 -2.25111355 -3.22702936 10.9685135 -2.50633861 -3.71979353 11.5285914 -2.19439277 -3.69428467 11.0166941 -2.35189507 -4.22955153 11.5590017 -2.04245432 -4.14178731 11.0525003 -2.08513683 -4.6909229 11.5769049 -1.82123436 -4.49351293 11.0755234 -1.72239899 -5.08192275 11.5863423 -1.4880187 -4.83256565 11.0935065 -2.54982103 -1.9552532 11.8481289 -2.76286089 -2.50713854 11.9319203 -2.85985374 -3.15374807 12.0000494 -2.81828396 -3.74530595 12.0404887 -2.66133733 -4.31731155 12.0655034 -2.34903725 -4.88833675 12.0782874 -1.95677957 -5.33128022 12.0791779 -1.48291021 -5.68499537 12.0757299 -1.2864444 -5.39001017 11.5915979 -1.08997756 -5.09502487 11.1074649 -3.69918807 -3.87213133 1.62512021 -3.76706916 -3.57485268 1.14085213 -3.28882597 -4.21554798 1.35370234 -3.36435896 -3.9469218 0.897153635 -3.78690454 -3.29714678 0.683574844 -3.39597263 -3.67859148 0.435236248 -3.80717366 -3.02022261 0.225872777 -3.42758614 -3.41026079 -0.0266814332 -3.08498645 -4.74523144 2.25986437 -3.20842816 -4.4836713 1.80962335 -2.65946713 -5.04977001 1.96628403 -2.79354917 -4.79928149 1.51252813 -2.87846345 -4.5589646 1.08228409 -2.96164875 -4.31899092 0.65345514 -3.00504064 -4.06003581 0.186897513 -3.04799893 -3.80029898 -0.279235823 -3.62330713 -4.16806074 2.10671819 -3.51050596 -4.44069289 2.55344501 -2.94970985 -5.00300448 2.70837819 -3.37646823 -4.72554417 3.02601596 -2.78005332 -5.24977444 3.15187524 -3.21654645 -4.98433881 3.46654637 -2.58734916 -5.48487803 3.59155481 -3.0221673 -5.24527061 3.9284841 -2.37293919 -5.70899502 4.0276387 -2.81643787 -5.48231587 4.36219128 -2.12301563 -5.90732862 4.45683853 -2.56240395 -5.7048144 4.81169883 -1.85729139 -6.09158039 4.88258718 -2.2917569 -5.91068849 5.25476765 -1.56312696 -6.2472456 5.301638 -2.00400294 -6.08071877 5.67298279 -2.52295177 -5.28046411 2.39074071 -2.34356 -5.51520973 2.83720466 -2.15253117 -5.72448582 3.2546254 -1.92944031 -5.93567341 3.69308546 -1.68362728 -6.10984246 4.10197785 -1.42282723 -6.27247123 4.51040558 -1.12225098 -6.41377205 4.93029281 -0.811035935 -6.51754909 5.3272681 -1.2458702 -6.37071616 5.71373901 -0.483517788 -6.59803579 5.72208761 -0.913136872 -6.46871102 6.12046217 -1.6807044 -6.22388392 6.10020949 -1.34275527 -6.33938554 6.51883801 -0.561258081 -6.52814691 6.51923266 -0.994420358 -6.4141478 6.91845014 -0.194775987 -6.54014904 6.90837313 -0.622846401 -6.442276 7.31724553 0.178528981 -6.51346493 7.28960055 -0.246535201 -6.43081851 7.70491874 0.555669475 -6.4436578 7.66189669 0.131181014 -6.37636568 8.08056372 0.931376317 -6.32344558 8.02350779 0.5083096 -6.27142317 8.44577314 1.29518054 -6.1424966 8.37148485 0.871871947 -6.10658504 8.79518188 1.64053391 -5.91113003 8.70722833 1.21483381 -5.89350667 9.12968402 -0.128095959 -6.64214602 6.1200151 0.233294869 -6.6380206 6.49950026 0.603593264 -6.59611127 6.87428077 0.980158145 -6.51094998 7.24323144 1.35444367 -6.37546723 7.60124203 1.71848989 -6.17840804 7.94778579 2.06623516 -5.92875158 8.28477344 2.38867347 -5.62453877 8.61058599 1.95908831 -5.62846126 9.02944363 2.67525904 -5.26574637 8.92348735 2.24130584 -5.29535396 9.3367769 1.52950321 -5.63238406 9.44830046 1.80735236 -5.32496117 9.75006549 2.47689355 -4.91487043 9.62786858 2.03938711 -4.97488661 10.0340522 2.65538129 -4.49263426 9.90138577 2.21663733 -4.58797904 10.299397 2.76681515 -4.03700621 10.1560767 2.33073936 -4.17234668 10.5453319 2.80253492 -3.559075 10.3908201 2.37457021 -3.73835686 10.7712206 2.75593953 -3.07241224 10.6046876 2.34288685 -3.29840604 10.9765919 2.62320568 -2.59259179 10.7969866 2.23290548 -2.86650883 11.1611775 2.40385632 -2.13652942 10.9673123 2.04478019 -2.45772816 11.3249374 2.91440133 -4.85485414 9.2216841 3.0941256 -4.39728908 9.50337393 3.20289204 -3.90166596 9.76681963 3.23049991 -3.37979353 10.0104207 3.16899353 -2.84641816 10.2327823 3.01350564 -2.31867508 10.4327947 2.76293119 -1.81533017 10.6096865 2.37650268 -1.31475094 10.7776363 2.09673577 -1.72508465 11.1143206 1.93136037 -0.93511575 10.9027574 1.70830753 -1.38021692 11.2376199 1.81696887 -2.1354188 11.4510048 1.4852548 -1.82531833 11.5724809 1.2578369 -1.11341376 11.3398206 1.09777116 -1.58475997 11.6748009 0.760989568 -0.937124932 11.4220636 0.668484348 -1.42482784 11.7590931 0.235371106 -0.870276009 11.4842811 0.282861959 -1.36669161 11.8179207 -0.294033564 -0.919421181 11.5285913 -0.175691159 -1.39878951 11.8694724 -0.803791086 -1.07386483 11.5590008 -0.618252459 -1.52490988 11.9084772 -1.26516304 -1.34062284 11.5769046 -0.95794251 -1.71217995 11.9340606 -1.65616263 -1.70336092 11.5863422 -1.3018795 -2.01759514 11.9547713 1.41790337 -0.642067803 11.004839 0.853497632 -0.449422194 11.0850349 0.187880724 -0.373860558 11.1506393 -0.412379047 -0.440053149 11.1877084 -0.989326212 -0.622818663 11.2095241 -1.57238629 -0.969068117 11.2197478 -2.0104453 -1.38912678 11.2179108 -2.35608627 -1.88902594 11.2123607 -1.96425 -2.13931545 11.5915967 -1.57241336 -2.38960527 11.9708321 -2.80901341 -3.87556751 1.47283825 -2.8707042 -3.63844121 1.04256621 -3.28882597 -4.21554798 1.35370234 -3.36435896 -3.9469218 0.897153635 -2.89287103 -3.38210964 0.573031764 -3.39597263 -3.67859148 0.435236248 -2.91595592 -3.12530479 0.103834983 -3.42758614 -3.41026079 -0.0266814332 -3.08498645 -4.74523144 2.25986437 -3.20842816 -4.4836713 1.80962335 -3.5360575 -5.12832109 2.16098386 -3.66985763 -4.85646139 1.71956604 -3.28882597 -4.21554798 1.35370234 -3.7686382 -4.55552843 1.2345662 -3.36435896 -3.9469218 0.897153635 -3.8580135 -4.25540239 0.751741399 -3.39597263 -3.67859148 0.435236248 -3.89907415 -3.97507296 0.297440592 -3.42758614 -3.41026079 -0.0266814332 -3.93921652 -3.69521661 -0.157197932 -3.20842816 -4.4836713 1.80962335 -2.74699853 -4.11088121 1.89968075 -3.08498645 -4.74523144 2.25986437 -2.63391559 -4.3621418 2.35874519 -2.94970985 -5.00300448 2.70837819 -2.52240819 -4.58729971 2.7762232 -2.78005332 -5.24977444 3.15187524 -2.36361221 -4.82477817 3.22904496 -2.58734916 -5.48487803 3.59155481 -2.200471 -5.0284176 3.63592685 -2.37293919 -5.70899502 4.0276387 -1.99732468 -5.24425808 4.08180162 -2.12301563 -5.90732862 4.45683853 -1.78298937 -5.41337602 4.47666441 -1.85729139 -6.09158039 4.88258718 -1.55889757 -5.57129301 4.8663921 -1.56312696 -6.2472456 5.301638 -1.2763064 -5.72027075 5.29605264 -3.37701167 -5.41870894 2.64053394 -2.94970985 -5.00300448 2.70837819 -3.1964942 -5.67477075 3.07470648 -2.78005332 -5.24977444 3.15187524 -2.9742273 -5.9413392 3.54718313 -2.58734916 -5.48487803 3.59155481 -2.74855342 -6.17373157 3.97347556 -2.37293919 -5.70899502 4.0276387 -2.46304192 -6.40128123 4.43701304 -2.12301563 -5.90732862 4.45683853 -2.15568643 -6.61186744 4.89878157 -1.85729139 -6.09158039 4.88258718 -1.84994761 -6.77422082 5.30722369 -1.56312696 -6.2472456 5.301638 -1.48522213 -6.9192582 5.75631376 -1.2458702 -6.37071616 5.71373901 -1.09970416 -7.03325933 6.20094781 -0.913136872 -6.46871102 6.12046217 -1.2458702 -6.37071616 5.71373901 -1.00651801 -5.82217519 5.67116476 -0.913136872 -6.46871102 6.12046217 -0.726568783 -5.90416276 6.03997907 -0.561258081 -6.52814691 6.51923266 -0.386476139 -5.958368 6.4499285 -0.194775987 -6.54014904 6.90837313 -0.0772995812 -5.96167172 6.80083911 0.178528981 -6.51346493 7.28960055 0.235335151 -5.93424479 7.14373732 0.555669475 -6.4436578 7.66189669 0.54987046 -5.87254412 7.47806356 0.931376317 -6.32344558 8.02350779 0.913429434 -5.7490031 7.85118905 1.29518054 -6.1424966 8.37148485 1.21414089 -5.58615299 8.1619286 1.64053391 -5.91113003 8.70722833 1.49785504 -5.38263821 8.46158841 -0.736040259 -7.09792625 6.58853832 -0.561258081 -6.52814691 6.51923266 -0.312252152 -7.11862603 7.01590814 -0.194775987 -6.54014904 6.90837313 0.121722556 -7.09268614 7.43546356 0.178528981 -6.51346493 7.28960055 0.561468976 -7.01477192 7.84573256 0.555669475 -6.4436578 7.66189669 0.949323424 -6.89788738 8.19582753 0.931376317 -6.32344558 8.02350779 1.37622118 -6.69884051 8.58104083 1.29518054 -6.1424966 8.37148485 1.78321384 -6.43962046 8.95287063 1.64053391 -5.91113003 8.70722833 2.16008321 -6.11948292 9.30962079 1.95908831 -5.62846126 9.02944363 2.49545679 -5.73982717 9.64958912 2.24130584 -5.29535396 9.3367769 1.95908831 -5.62846126 9.02944363 1.75809339 -5.13744033 8.74926724 2.24130584 -5.29535396 9.3367769 1.98715455 -4.85088115 9.02396529 2.47689355 -4.91487043 9.62786858 2.17645423 -4.52509918 9.28462803 2.65538129 -4.49263426 9.90138577 2.31701275 -4.16445021 9.5301692 2.76681515 -4.03700621 10.1560767 2.40008657 -3.77574884 9.75952361 2.80253492 -3.559075 10.3908201 2.41788413 -3.36833427 9.97170139 2.75593953 -3.07241224 10.6046876 2.36431514 -2.95391688 10.1658393 2.62320568 -2.59259179 10.7969866 2.23569908 -2.54617353 10.3412637 2.40385632 -2.13652942 10.9673123 2.03135992 -2.16016971 10.4975379 2.77733413 -5.304642 9.97110982 2.47689355 -4.91487043 9.62786858 2.99375007 -4.82081797 10.2726033 2.65538129 -4.49263426 9.90138577 3.13354535 -4.29826385 10.5526299 2.76681515 -4.03700621 10.1560767 3.18718625 -3.74981615 10.8099408 2.80253492 -3.559075 10.3908201 3.14756576 -3.19090755 11.043537 2.75593953 -3.07241224 10.6046876 3.01071254 -2.63901006 11.2527104 2.62320568 -2.59259179 10.7969866 2.77635137 -2.11288888 11.4370876 2.40385632 -2.13652942 10.9673123 2.40037784 -1.58613607 11.6128142 2.09673577 -1.72508465 11.1143206 1.97007467 -1.1881537 11.7421889 1.70830753 -1.38021692 11.2376199 2.09673577 -1.72508465 11.1143206 1.79309421 -1.86403311 10.6158288 1.70830753 -1.38021692 11.2376199 1.44653966 -1.57227995 10.7330522 1.2578369 -1.11341376 11.3398206 1.04516694 -1.35088894 10.8315125 0.760989568 -0.937124932 11.4220636 0.60336046 -1.21135085 10.9122098 0.235371106 -0.870276009 11.4842811 0.198730906 -1.17464581 10.9685134 -0.294033564 -0.919421181 11.5285913 -0.268524582 -1.23136701 11.0166939 -0.803791086 -1.07386483 11.5590008 -0.716026986 -1.38330539 11.0524999 -1.26516304 -1.34062284 11.5769046 -1.0677526 -1.60452536 11.0755232 -1.65616263 -1.70336092 11.5863422 -1.40680524 -1.93774107 11.0935068 1.47050683 -0.875938312 11.8481287 1.2578369 -1.11341376 11.3398206 0.9186217 -0.662898674 11.9319199 0.760989568 -0.937124932 11.4220636 0.272012577 -0.565905834 12.0000487 0.235371106 -0.870276009 11.4842811 -0.319545749 -0.607475198 12.0404885 -0.294033564 -0.919421181 11.5285913 -0.891551509 -0.76442253 12.0655032 -0.803791086 -1.07386483 11.5590008 -1.46257637 -1.07672223 12.0782876 -1.26516304 -1.34062284 11.5769046 -1.90552004 -1.46898033 12.0791775 -1.65616263 -1.70336092 11.5863422 -2.25923503 -1.9428492 12.0757302 -1.96425 -2.13931545 11.5915967 -1.96425 -2.13931545 11.5915967 -1.66926475 -2.33578221 11.107465 0.446371003 -7.12494803 1.62512047 0.149092159 -7.1928293 1.14085242 0.789787646 -6.7145857 1.35370234 0.521161392 -6.79011936 0.89715383 -0.128613889 -7.21266445 0.683574964 0.252830843 -6.82173257 0.435236244 -0.405537916 -7.23293339 0.225872864 -0.0154997456 -6.85334648 -0.0266814649 1.31947135 -6.51074679 2.25986453 1.05791091 -6.63418806 1.80962336 1.62400988 -6.08522743 1.96628408 1.37352142 -6.21930947 1.51252826 0.789787646 -6.7145857 1.35370234 1.13320434 -6.30422337 1.08228429 0.521161392 -6.79011936 0.89715383 0.893230635 -6.3874087 0.653455196 0.252830843 -6.82173257 0.435236244 0.634275575 -6.43080068 0.1868975 -0.0154997456 -6.85334648 -0.0266814649 0.374538394 -6.47375887 -0.27923574 1.05791091 -6.63418806 1.80962336 0.742300581 -7.04906736 2.10671853 1.31947135 -6.51074679 2.25986453 1.01493256 -6.93626617 2.55344504 1.57724399 -6.37546993 2.70837863 1.29978426 -6.80222826 3.02601613 1.82401415 -6.20581364 3.15187546 1.55857894 -6.64230686 3.46654662 2.05911814 -6.01310949 3.59155489 1.8195103 -6.44792777 3.92848424 2.28323461 -5.79869954 4.02763872 2.05655613 -6.24219784 4.36219169 2.48156822 -5.54877605 4.45683874 2.2790542 -5.98816444 4.81169918 2.66582016 -5.28305199 4.88258746 2.4849285 -5.71751731 5.25476797 2.82148572 -4.98888753 5.30163831 2.65495927 -5.42976359 5.6729837 1.85470393 -5.94871196 2.39074113 1.57724399 -6.37546993 2.70837863 2.08944963 -5.76932008 2.83720489 1.82401415 -6.20581364 3.15187546 2.29872591 -5.57829157 3.25462568 2.05911814 -6.01310949 3.59155489 2.50991345 -5.3552005 3.69308581 2.28323461 -5.79869954 4.02763872 2.68408232 -5.10938766 4.10197815 2.48156822 -5.54877605 4.45683874 2.84671161 -4.84858771 4.51040592 2.66582016 -5.28305199 4.88258746 2.98801249 -4.54801146 4.93029309 2.82148572 -4.98888753 5.30163831 3.09178961 -4.23679632 5.32726859 2.94495675 -4.67163057 5.71373945 3.17227624 -3.90927803 5.72208829 3.042951 -4.33889739 6.12046269 2.94495675 -4.67163057 5.71373945 2.79812439 -5.1064648 6.10021018 3.042951 -4.33889739 6.12046269 2.91362642 -4.76851571 6.51883878 3.10238729 -3.98701884 6.51923353 2.98838845 -4.42018087 6.91845097 3.11438882 -3.62053613 6.90837348 3.01651693 -4.04860688 7.31724629 3.08770575 -3.24723169 7.28960069 3.00505892 -3.67229587 7.70491962 3.01789851 -2.87009122 7.66189763 2.95060657 -3.29457928 8.08056469 2.89768603 -2.49438397 8.02350839 2.84566422 -2.91745105 8.4457737 2.71673687 -2.13057972 8.37148467 2.68082542 -2.55388857 8.79518278 2.48537069 -1.78522719 8.70722947 2.46774775 -2.21092673 9.12968473 3.21638628 -3.55385644 6.12001579 3.10238729 -3.98701884 6.51923353 3.21226134 -3.19246536 6.49950104 3.11438882 -3.62053613 6.90837348 3.17035196 -2.82216735 6.87428139 3.08770575 -3.24723169 7.28960069 3.08519031 -2.44560233 7.2432322 3.01789851 -2.87009122 7.66189763 2.94970784 -2.07131706 7.60124307 2.89768603 -2.49438397 8.02350839 2.75264894 -1.70727069 7.94778693 2.71673687 -2.13057972 8.37148467 2.50299254 -1.35952538 8.28477455 2.48537069 -1.78522719 8.70722947 2.19877962 -1.03708701 8.61058745 2.20270201 -1.46667209 9.02944425 1.83998758 -0.750501311 8.92348811 1.86959424 -1.18445488 9.33677738 2.20270201 -1.46667209 9.02944425 2.20662439 -1.89625709 9.44830106 1.86959424 -1.18445488 9.33677738 1.89920186 -1.61840839 9.75006639 1.48911103 -0.948866335 9.6278689 1.5491272 -1.38637349 10.0340535 1.06687457 -0.770379077 9.90138672 1.16221963 -1.20912341 10.2993977 0.611246655 -0.658944924 10.1560772 0.746587525 -1.09502138 10.545333 0.133315655 -0.62322527 10.3908216 0.312597543 -1.05119017 10.7712216 -0.353347358 -0.66982021 10.6046886 -0.127353468 -1.08287381 10.9765933 -0.833167329 -0.802554534 10.7969869 -0.559250329 -1.19285462 11.1611784 -1.28923008 -1.02190462 10.9673132 -0.968031002 -1.38097993 11.3249386 1.42909481 -0.511359234 9.22168513 1.48911103 -0.948866335 9.6278689 0.971529866 -0.331634756 9.50337514 1.06687457 -0.770379077 9.90138672 0.475906435 -0.222868068 9.76682087 0.611246655 -0.658944924 10.1560772 -0.0459659232 -0.195260386 10.0104218 0.133315655 -0.62322527 10.3908216 -0.57934125 -0.256766574 10.2327838 -0.353347358 -0.66982021 10.6046886 -1.107084 -0.412254815 10.4327955 -0.833167329 -0.802554534 10.7969869 -1.61042946 -0.662829284 10.6096876 -1.28923008 -1.02190462 10.9673132 -2.11100897 -1.0492576 10.7776373 -1.70067483 -1.3290244 11.1143218 -2.49064398 -1.49439962 10.9027588 -2.04554266 -1.71745263 11.2376208 -1.70067483 -1.3290244 11.1143218 -1.290341 -1.6087912 11.4510061 -2.04554266 -1.71745263 11.2376208 -1.60044128 -1.9405057 11.572482 -2.3123457 -2.16792298 11.3398209 -1.84099951 -2.32798916 11.6748015 -2.48863475 -2.66477062 11.422065 -2.00093188 -2.7572756 11.759094 -2.5554838 -3.19038872 11.4842814 -2.05906786 -3.14289829 11.8179222 -2.50633861 -3.71979353 11.5285914 -2.02697028 -3.60145144 11.8694735 -2.35189507 -4.22955153 11.5590017 -1.90085023 -4.04401267 11.9084784 -2.08513683 -4.6909229 11.5769049 -1.71357992 -4.38370284 11.9340618 -1.72239899 -5.08192275 11.5863423 -1.40816462 -4.7276399 11.9547722 -2.7836919 -2.00785689 11.0048402 -2.3123457 -2.16792298 11.3398209 -2.97633741 -2.57226274 11.0850355 -2.48863475 -2.66477062 11.422065 -3.05189941 -3.23787931 11.1506407 -2.5554838 -3.19038872 11.4842814 -2.98570661 -3.83813918 11.1877093 -2.50633861 -3.71979353 11.5285914 -2.8029414 -4.41508654 11.2095253 -2.35189507 -4.22955153 11.5590017 -2.45669169 -4.99814684 11.219749 -2.08513683 -4.6909229 11.5769049 -2.03663335 -5.43620596 11.2179124 -1.72239899 -5.08192275 11.5863423 -1.53673404 -5.78184673 11.2123623 -1.2864444 -5.39001017 11.5915979 -1.2864444 -5.39001017 11.5915979 -1.03615474 -4.99817396 11.9708336 -0.449807386 -0.616746813 1.47283847 -0.212681006 -0.555056046 1.04256618 -0.789787882 -0.136934376 1.35370244 -0.521161607 -0.0614012554 0.897153772 0.043650334 -0.532889322 0.573031756 -0.252831127 -0.0297876912 0.435236206 0.300455282 -0.509804565 0.103835025 0.0154994389 0.00182588308 -0.0266815061 -1.31947134 -0.340773494 2.25986459 -1.05791113 -0.217331957 1.80962352 -1.70256092 0.11029739 2.16098391 -1.43070105 0.244097658 1.71956615 -1.12976825 0.342878017 1.23456628 -0.829642181 0.432253425 0.751741368 -0.549312552 0.473313823 0.297440617 -0.269456408 0.513456204 -0.157198042 -0.685121044 -0.678761663 1.89968057 -0.936381746 -0.79184449 2.35874528 -1.5772442 -0.476049981 2.70837889 -1.16153963 -0.903351822 2.77622355 -1.82401421 -0.645706538 3.15187575 -1.39901797 -1.06214778 3.22904489 -2.0591181 -0.83841062 3.59155501 -1.60265734 -1.22528888 3.63592689 -2.2832346 -1.05282059 4.02763876 -1.81849782 -1.42843505 4.08180186 -2.48156823 -1.30274396 4.45683887 -1.98761568 -1.64277048 4.47666442 -2.66582012 -1.56846806 4.88258766 -2.14553287 -1.86686218 4.86639228 -2.82148578 -1.86263274 5.30163881 -2.29451045 -2.14945337 5.29605282 -1.99294856 -0.048748197 2.64053393 -2.24901046 -0.229265629 3.07470658 -2.51557881 -0.451532471 3.54718316 -2.74797134 -0.677206301 3.97347566 -2.97552072 -0.96271761 4.43701335 -3.18610688 -1.27007314 4.89878172 -3.34846037 -1.57581193 5.30722359 -3.49349808 -1.94053727 5.75631395 -2.9449569 -2.17988936 5.7137399 -3.60749931 -2.3260554 6.20094762 -3.04295112 -2.51262259 6.12046334 -2.39641529 -2.41924176 5.67116525 -2.47840247 -2.69919084 6.03997924 -3.10238698 -2.86450125 6.51923348 -2.53260786 -3.03928328 6.44992863 -3.11438894 -3.23098354 6.90837424 -2.53591166 -3.34846023 6.80083892 -3.08770526 -3.60428819 7.28960069 -2.50848452 -3.66109471 7.14373738 -3.01789838 -3.98142852 7.66189828 -2.44678385 -3.97562984 7.47806394 -2.8976857 -4.35713575 8.02350914 -2.32324318 -4.33918904 7.85118895 -2.71673704 -4.72094014 8.37148558 -2.16039288 -4.63990001 8.16192885 -2.48537008 -5.06629261 8.70722944 -1.95687823 -4.92361417 8.46158866 -3.672166 -2.68971922 6.58853838 -3.69286548 -3.11350712 7.01590831 -3.66692604 -3.54748168 7.43546399 -3.58901218 -3.98722789 7.84573299 -3.47212765 -4.37508239 8.195828 -3.27308071 -4.80198019 8.58104095 -3.01386089 -5.20897318 8.95287067 -2.69372303 -5.58584244 9.30962134 -2.20270187 -5.38484773 9.02944497 -2.31406718 -5.92121602 9.64958907 -1.86959441 -5.66706494 9.33677794 -1.71168031 -5.18385293 8.74926718 -1.42512139 -5.4129138 9.0239653 -1.48911117 -5.9026535 9.62786967 -1.09933935 -5.60221349 9.28462831 -1.06687472 -6.08114077 9.90138717 -0.738690419 -5.74277235 9.5301697 -0.611246563 -6.19257497 10.1560777 -0.349988997 -5.82584573 9.7595239 -0.133315705 -6.22829465 10.3908221 0.0574254836 -5.8436434 9.97170156 0.353347386 -6.18169979 10.6046888 0.471843178 -5.79007453 10.1658392 0.833167397 -6.04896548 10.7969874 0.87958617 -5.6614587 10.3412633 1.28923081 -5.82961544 10.9673138 1.2655902 -5.45711984 10.4975381 -1.87888226 -6.20309343 9.9711098 -1.3950583 -6.41950911 10.2726034 -0.872504011 -6.5593045 10.5526298 -0.324056177 -6.61294582 10.8099414 0.234852003 -6.57332497 11.043537 0.786749651 -6.43647217 11.2527105 1.31287089 -6.20211098 11.4370875 1.83962385 -5.82613763 11.6128139 1.70067495 -5.52249573 11.1143219 2.23760631 -5.39583502 11.7421888 2.04554321 -5.13406745 11.2376204 1.56172678 -5.21885374 10.6158286 1.8534801 -4.87229988 10.733052 2.31234612 -4.68359715 11.3398212 2.07487113 -4.47092723 10.8315123 2.48863563 -4.18674964 11.4220657 2.21440932 -4.02912035 10.9122095 2.5554841 -3.66113151 11.4842816 2.25111443 -3.62449082 10.9685132 2.50633999 -3.13172671 11.5285915 2.19439336 -3.15723578 11.0166936 2.35189573 -2.62196873 11.5590012 2.04245493 -2.70973294 11.0524999 2.08513743 -2.1605974 11.5769055 1.82123508 -2.35800749 11.075523 1.72240008 -1.76959739 11.5863428 1.48801938 -2.01895483 11.0935064 2.54982182 -4.89626698 11.8481288 2.76286155 -4.34438174 11.9319199 2.85985448 -3.69777211 12.0000488 2.81828523 -3.10621446 12.0404888 2.66133799 -2.53420877 12.065503 2.34903837 -1.96318378 12.0782874 1.95678028 -1.52024017 12.0791774 1.48291145 -1.16652489 12.0757298 1.28644544 -1.46150996 11.5915983 1.0899783 -1.75649527 11.1074645 -0.446371109 0.27342794 1.62512053 -0.149092295 0.341308947 1.14085245 -0.789787882 -0.136934376 1.35370244 -0.521161607 -0.0614012554 0.897153772 0.128613684 0.361144373 0.683574916 -0.252831127 -0.0297876912 0.435236206 0.405537695 0.381413275 0.22587278 0.0154994389 0.00182588308 -0.0266815061 -1.31947134 -0.340773494 2.25986459 -1.05791113 -0.217331957 1.80962352 -1.62401018 -0.766292831 1.96628428 -1.37352167 -0.632210901 1.51252843 -0.789787882 -0.136934376 1.35370244 -1.13320468 -0.547296592 1.08228435 -0.521161607 -0.0614012554 0.897153772 -0.893231009 -0.464111401 0.653455248 -0.252831127 -0.0297876912 0.435236206 -0.634275933 -0.420719695 0.186897503 0.0154994389 0.00182588308 -0.0266815061 -0.374538808 -0.377761412 -0.279235787 -1.05791113 -0.217331957 1.80962352 -0.742300625 0.197547075 2.10671859 -1.31947134 -0.340773494 2.25986459 -1.01493271 0.0847459103 2.5534452 -1.5772442 -0.476049981 2.70837889 -1.29978426 -0.0492917718 3.02601638 -1.82401421 -0.645706538 3.15187575 -1.55857888 -0.209213461 3.46654696 -2.0591181 -0.83841062 3.59155501 -1.81951045 -0.403592539 3.92848465 -2.2832346 -1.05282059 4.02763876 -2.05655597 -0.609321872 4.36219201 -2.48156823 -1.30274396 4.45683887 -2.27905428 -0.863355644 4.81169969 -2.66582012 -1.56846806 4.88258766 -2.4849284 -1.13400284 5.25476822 -2.82148578 -1.86263274 5.30163881 -2.65495918 -1.42175653 5.67298405 -1.85470418 -0.902808035 2.39074138 -1.5772442 -0.476049981 2.70837889 -2.08944995 -1.08219988 2.83720511 -1.82401421 -0.645706538 3.15187575 -2.29872615 -1.27322861 3.25462599 -2.0591181 -0.83841062 3.59155501 -2.50991362 -1.49631939 3.69308611 -2.2832346 -1.05282059 4.02763876 -2.68408258 -1.74213231 4.10197865 -2.48156823 -1.30274396 4.45683887 -2.84671181 -2.00293235 4.51040634 -2.66582012 -1.56846806 4.88258766 -2.98801243 -2.30350859 4.93029357 -2.82148578 -1.86263274 5.30163881 -3.09178965 -2.61472358 5.32726915 -2.9449569 -2.17988936 5.7137399 -3.1722764 -2.94224175 5.72208874 -3.04295112 -2.51262259 6.12046334 -2.9449569 -2.17988936 5.7137399 -2.79812419 -1.74505513 6.10021062 -3.04295112 -2.51262259 6.12046334 -2.91362622 -2.08300422 6.51883932 -3.10238698 -2.86450125 6.51923348 -2.9883883 -2.43133888 6.91845162 -3.11438894 -3.23098354 6.90837424 -3.01651657 -2.80291298 7.31724687 -3.08770526 -3.60428819 7.28960069 -3.00505902 -3.17922412 7.70492044 -3.01789838 -3.98142852 7.66189828 -2.95060632 -3.55694043 8.08056523 -2.8976857 -4.35713575 8.02350914 -2.84566371 -3.93406882 8.4457745 -2.71673704 -4.72094014 8.37148558 -2.68082541 -4.29763124 8.79518355 -2.48537008 -5.06629261 8.70722944 -2.46774709 -4.64059303 9.12968553 -3.2163864 -3.29766335 6.12001657 -3.10238698 -2.86450125 6.51923348 -3.21226129 -3.65905428 6.49950161 -3.11438894 -3.23098354 6.90837424 -3.17035216 -4.02935252 6.8742822 -3.08770526 -3.60428819 7.28960069 -3.08519051 -4.40591739 7.24323289 -3.01789838 -3.98142852 7.66189828 -2.94970769 -4.78020269 7.60124378 -2.8976857 -4.35713575 8.02350914 -2.75264867 -5.14424903 7.94778761 -2.71673704 -4.72094014 8.37148558 -2.50299244 -5.49199439 8.28477522 -2.48537008 -5.06629261 8.70722944 -2.1987793 -5.81443278 8.61058802 -2.20270187 -5.38484773 9.02944497 -1.83998708 -6.10101847 8.92348884 -1.86959441 -5.66706494 9.33677794 -2.20270187 -5.38484773 9.02944497 -2.20662445 -4.95526267 9.44830192 -1.86959441 -5.66706494 9.33677794 -1.8992019 -5.23311142 9.75006695 -1.48911117 -5.9026535 9.62786967 -1.54912681 -5.46514638 10.034054 -1.06687472 -6.08114077 9.90138717 -1.16221923 -5.64239645 10.2993988 -0.611246563 -6.19257497 10.1560777 -0.746586968 -5.75649849 10.5453338 -0.133315705 -6.22829465 10.3908221 -0.312597094 -5.80032977 10.7712222 0.353347386 -6.18169979 10.6046888 0.12735377 -5.76864615 10.9765938 0.833167397 -6.04896548 10.7969874 0.559251142 -5.65866538 11.1611794 1.28923081 -5.82961544 10.9673138 0.968031582 -5.47054009 11.3249393 -1.42909491 -6.34016061 9.22168567 -1.48911117 -5.9026535 9.62786967 -0.971529596 -6.51988508 9.50337588 -1.06687472 -6.08114077 9.90138717 -0.47590614 -6.62865181 9.76682153 -0.611246563 -6.19257497 10.1560777 0.0459663013 -6.65625952 10.0104224 -0.133315705 -6.22829465 10.3908221 0.57934162 -6.59475341 10.2327842 0.353347386 -6.18169979 10.6046888 1.10708456 -6.4392652 10.4327961 0.833167397 -6.04896548 10.7969874 1.61043003 -6.18869079 10.6096883 1.28923081 -5.82961544 10.9673138 2.1110095 -5.80226252 10.7776378 1.70067495 -5.52249573 11.1143219 2.49064476 -5.35712055 10.9027597 2.04554321 -5.13406745 11.2376204 1.70067495 -5.52249573 11.1143219 1.29034164 -5.24272891 11.4510067 2.04554321 -5.13406745 11.2376204 1.60044217 -4.9110144 11.572483 2.31234612 -4.68359715 11.3398212 1.84100066 -4.52353096 11.6748024 2.48863563 -4.18674964 11.4220657 2.00093285 -4.09424457 11.7590949 2.5554841 -3.66113151 11.4842816 2.05906913 -3.70862193 11.817923 2.50633999 -3.13172671 11.5285915 2.02697129 -3.25006882 11.8694744 2.35189573 -2.62196873 11.5590012 1.90085108 -2.80750751 11.9084789 2.08513743 -2.1605974 11.5769055 1.71358101 -2.46781738 11.9340626 1.72240008 -1.76959739 11.5863428 1.40816585 -2.12388032 11.9547729 2.78369281 -4.8436633 11.0048407 2.31234612 -4.68359715 11.3398212 2.97633854 -4.27925757 11.0850364 2.48863563 -4.18674964 11.4220657 3.0519003 -3.61364105 11.150641 2.5554841 -3.66113151 11.4842816 2.9857078 -3.01338112 11.1877099 2.50633999 -3.13172671 11.5285915 2.80294234 -2.43643389 11.2095259 2.35189573 -2.62196873 11.5590012 2.45669295 -1.85337358 11.2197497 2.08513743 -2.1605974 11.5769055 2.03663432 -1.41531455 11.2179127 1.72240008 -1.76959739 11.5863428 1.53673514 -1.06967373 11.2123627 1.28644544 -1.46150996 11.5915983 1.28644544 -1.46150996 11.5915983 1.03615573 -1.85334629 11.970834</float_array>
        <technique_common><accessor source="#vfx_kurp_0042-mesh-positions-array" count="1148" stride="3"><param name="X" type="float"/><param name="Y" type="float"/><param name="Z" type="float"/></accessor></technique_common>
      </source>
      <source id="vfx_kurp_0042-mesh-normals">
        <float_array id="vfx_kurp_0042-mesh-normals-array" count="3444">0.593322962 -0.660817023 0.459661532 0.571693508 -0.690655849 0.442900701 0.582825171 -0.652789606 0.48392205 0.563410881 -0.682849506 0.465064223 0.54930537 -0.71804308 0.427408172 0.541857967 -0.709996109 0.449772686 0.532104862 -0.724284379 0.438493504 0.524711934 -0.716256278 0.460059052 0.6163964 -0.591733984 0.519525139 0.601078549 -0.6235971 0.499831206 0.604978501 -0.584916714 0.540253136 0.589965474 -0.615754591 0.522290172 0.573962184 -0.645032977 0.504479802 0.555442445 -0.675213194 0.485356398 0.534073931 -0.701509547 0.471857385 0.517013093 -0.707813347 0.481349902 0.612755934 -0.631745851 0.474791896 0.628700445 -0.598508109 0.496511625 0.631486885 -0.562194971 0.534004802 0.64504381 -0.568994962 0.510061974 0.642995523 -0.529782028 0.553071207 0.656860234 -0.535103073 0.531224373 0.654798528 -0.500029374 0.566753486 0.66994587 -0.505026584 0.544169717 0.662912698 -0.467913789 0.584468512 0.677981734 -0.47139659 0.564026615 0.669932666 -0.437249474 0.6000026 0.687606164 -0.43944003 0.578005384 0.676978509 -0.407511895 0.612890002 0.695494639 -0.408687508 0.590983695 0.680751831 -0.377332078 0.627851453 0.698489661 -0.376719333 0.608436305 0.618767622 -0.555602556 0.555366932 0.630168737 -0.524435514 0.572586024 0.640740645 -0.495019737 0.586861896 0.649010908 -0.464407568 0.602586468 0.65551537 -0.434539759 0.61763646 0.660091602 -0.406167862 0.631907228 0.664633057 -0.377463274 0.644813443 0.669464803 -0.350300309 0.655062265 0.685591978 -0.349037143 0.638855784 0.671558835 -0.324056558 0.666330307 0.689709662 -0.320609158 0.649238285 0.705680409 -0.346285619 0.618143535 0.709899909 -0.316415174 0.629224568 0.692936448 -0.292795571 0.658870118 0.711803388 -0.286920507 0.641102612 0.697735117 -0.265728448 0.665247396 0.7181955 -0.256826005 0.646711394 0.703157986 -0.238127626 0.669973194 0.723546661 -0.226307664 0.652123509 0.708817894 -0.209599121 0.673532034 0.727830598 -0.196344748 0.657047457 0.717689371 -0.179311653 0.67288134 0.735271658 -0.16431063 0.65755426 0.729137641 -0.146077537 0.668595283 0.74685999 -0.126862379 0.652768023 0.740722954 -0.108658818 0.662965132 0.756320112 -0.0867117545 0.648429611 0.675955408 -0.297621224 0.674170522 0.681469728 -0.271742783 0.679525474 0.687076002 -0.246426036 0.683520867 0.691962627 -0.220945504 0.687292374 0.701987689 -0.192048964 0.685806444 0.71493582 -0.159918933 0.680656086 0.728181409 -0.124612826 0.673961037 0.742620354 -0.0835321775 0.664482795 0.753023638 -0.0658428002 0.654690864 0.757254329 -0.0350157718 0.652180785 0.765174705 -0.0159765272 0.643624441 0.765843154 -0.0416627898 0.641676301 0.774727454 0.00990903408 0.632217671 0.775505919 0.0425140089 0.629907238 0.781445507 0.0696271128 0.620076596 0.781529915 0.110770529 0.613955114 0.783592174 0.138720349 0.605590596 0.780070388 0.189143951 0.596418272 0.777997273 0.217618603 0.589374573 0.7675318 0.27689572 0.578120832 0.761006351 0.305604003 0.572254774 0.74028753 0.372004224 0.559988598 0.728907375 0.400578524 0.555185451 0.695140041 0.471129275 0.542971021 0.678443859 0.499023208 0.539156534 0.628136723 0.573778646 0.525568571 0.605796718 0.599050241 0.523592538 0.770305462 0.0224613899 0.637279359 0.779232019 0.0899636537 0.620245114 0.780866518 0.167774689 0.601746737 0.771675858 0.255135068 0.582599749 0.748119844 0.350079269 0.563703117 0.707070577 0.449406578 0.545971543 0.642759302 0.555247864 0.52778811 0.548189677 0.661733389 0.511465541 0.533635792 0.673288054 0.511777333 0.435163124 0.746779123 0.502945322 0.416895768 0.756226428 0.50430101 0.510367082 0.690621642 0.512413104 0.392941114 0.767779122 0.506075587 0.285455116 0.816872007 0.501233978 0.256592546 0.824871651 0.503733088 0.132757786 0.855581789 0.500355046 0.0999912678 0.857777657 0.504201585 -0.0361589856 0.862098696 0.505448678 -0.0648431413 0.857379032 0.51058453 -0.199293751 0.83222566 0.517380375 -0.22569173 0.822021684 0.522822718 -0.359083337 0.767707205 0.530739865 -0.386528403 0.749528923 0.537403188 -0.507709922 0.66420685 0.548689252 -0.528193683 0.641957667 0.555789337 -0.622896719 0.53574714 0.570065504 -0.63764717 0.510818065 0.576602976 0.30776602 0.809922881 0.499304521 0.156386856 0.852809198 0.498256584 -0.0168120531 0.864671514 0.5020563 -0.178182553 0.839670441 0.513034627 -0.338291506 0.780034376 0.526407855 -0.493120692 0.679034081 0.543824145 -0.610498672 0.555320857 0.564721274 -0.65989563 0.479270565 0.578651435 -0.670786407 0.457305703 0.583881058 -0.683071639 0.429692763 0.590573675 0.71370737 0.641687186 -0.280819062 0.733994712 0.610128881 -0.298319479 0.720894461 0.641421988 -0.262467158 0.742035415 0.610202695 -0.277553802 0.752800321 0.580272867 -0.310765307 0.760968951 0.579392962 -0.291941863 0.764518515 0.57200606 -0.297187663 0.772184922 0.570954101 -0.278822276 0.657438491 0.720847057 -0.219440542 0.684791713 0.688200651 -0.239666799 0.663295298 0.721523036 -0.198604774 0.691624693 0.687699808 -0.220735718 0.70932554 0.656276756 -0.257212165 0.716811957 0.656225052 -0.235688987 0.731259036 0.625256729 -0.272606392 0.739266975 0.625328741 -0.24989659 0.751272594 0.594729313 -0.286158231 0.759110267 0.593591603 -0.267208929 0.762900417 0.585929101 -0.273258198 0.770250344 0.584636267 -0.254783913 0.697306272 0.673526264 -0.245206719 0.690481708 0.6739424 -0.262748269 0.670519023 0.707332838 -0.223795656 0.664522427 0.706594332 -0.243175644 0.642571304 0.737965644 -0.206176693 0.636760973 0.737597788 -0.224688598 0.608977118 0.77255429 -0.179740756 0.604213409 0.77127377 -0.20015726 0.5759589 0.801451534 -0.161080057 0.571382423 0.800538306 -0.180722294 0.534002357 0.835539974 -0.129284315 0.530767917 0.833948825 -0.151045608 0.49016886 0.865793112 -0.100681561 0.487266938 0.864864506 -0.120748985 0.444177995 0.89289752 -0.0737558578 0.441595743 0.892355247 -0.0932486584 0.386237428 0.921776559 -0.0338913705 0.385215221 0.921160065 -0.0554379624 0.634160757 0.751550305 -0.1816928 0.628451744 0.751273149 -0.201586362 0.598810386 0.785864409 -0.154412604 0.594293279 0.784700572 -0.176239923 0.564680611 0.813949382 -0.136463222 0.560318835 0.813171767 -0.157462632 0.520789302 0.847355187 -0.10376748 0.517911382 0.845971275 -0.12688736 0.475731975 0.876321139 -0.0757650959 0.473219146 0.875466036 -0.0980961782 0.428852011 0.901952921 -0.0506644002 0.426530093 0.901671515 -0.0711376003 0.368990394 0.929379329 -0.0100075508 0.368312381 0.929135126 -0.0324639502 0.312293824 0.949750301 0.0211407691 0.311835652 0.95013579 -0.000711516186 0.250917264 0.966508207 0.0538740424 0.250569569 0.967529598 0.0331868719 0.330408413 0.943835587 -0.00215974145 0.329516621 0.943881753 -0.0224951584 0.269659862 0.962428749 0.0318506318 0.26907489 0.963047234 0.0117783359 0.193998881 0.977794017 0.0792672335 0.194759503 0.979153164 0.0576872327 0.118178096 0.985391522 0.122627427 0.118947481 0.987680579 0.10167876 0.0445037801 0.985985635 0.160784766 0.0454040845 0.989083147 0.140189149 -0.0372403554 0.978045103 0.205038855 -0.0361283125 0.98218891 0.184390047 -0.130981053 0.956909572 0.259167967 -0.130216408 0.96223825 0.239042333 -0.224745226 0.922890114 0.312671426 -0.224474604 0.929374795 0.293042051 -0.311842086 0.878943038 0.360851285 -0.312210103 0.886555714 0.341385145 0.173855276 0.979514724 0.101613225 0.17483542 0.981375368 0.0795924791 0.0974826026 0.984695459 0.144471434 0.0985021125 0.987523114 0.122863472 0.0238008719 0.983088827 0.18157609 0.0247957554 0.986678967 0.160778691 -0.0579591224 0.972589456 0.225189899 -0.0568599995 0.977191601 0.204605755 -0.151145952 0.948516931 0.278335288 -0.150493935 0.954214855 0.258506452 -0.243859559 0.911692454 0.330680184 -0.243836849 0.91834329 0.311751814 -0.329721054 0.865105415 0.377990274 -0.330445701 0.872614044 0.359653124 -0.414378211 0.803638563 0.427148404 -0.416023576 0.812082729 0.409201694 -0.494585389 0.72647497 0.477094762 -0.497416899 0.735817685 0.459509263 -0.398096163 0.820240688 0.410761073 -0.399327216 0.829129273 0.391257489 -0.480410131 0.745823205 0.461469233 -0.482851974 0.756021161 0.441911729 -0.555151059 0.655525195 0.51195119 -0.559230604 0.666861158 0.492501094 -0.618417448 0.550160171 0.561144943 -0.624545217 0.562191186 0.542111006 -0.666361184 0.431616441 0.608004951 -0.674797509 0.443614825 0.589791666 -0.695529612 0.302835485 0.651559074 -0.706245319 0.31385285 0.634597461 -0.703184655 0.167675563 0.690953144 -0.715755724 0.176680719 0.67563131 -0.687550032 0.0306829953 0.725488461 -0.701121309 0.0367516342 0.712094255 -0.646209337 -0.106319548 0.755717968 -0.662614823 -0.103182716 0.74181866 -0.566617389 0.633664317 0.526701308 -0.570943313 0.643684121 0.509602282 -0.626573698 0.526276498 0.574837759 -0.632656421 0.536529049 0.558464352 -0.670717794 0.406455245 0.620428703 -0.678662951 0.416285812 0.605080756 -0.695813905 0.277346218 0.66251195 -0.705467588 0.285964908 0.648490211 -0.699414782 0.142917504 0.700281051 -0.710301702 0.149526961 0.687832232 -0.680067496 0.00770890205 0.733108978 -0.691392754 0.0116588575 0.722385029 -0.634902911 -0.127783952 0.76195115 -0.64606016 -0.127818819 0.752508219 -0.554892577 -0.261276585 0.789828319 -0.573581746 -0.257523736 0.777615269 -0.458114687 -0.369291887 0.808550824 -0.476264209 -0.370337851 0.79751005 -0.573304546 -0.240075603 0.783380879 -0.599121822 -0.232899534 0.766035802 -0.480914878 -0.351851055 0.803070181 -0.504446179 -0.351575777 0.788624452 -0.373685535 -0.442488385 0.815207428 -0.393319301 -0.446996315 0.803426551 -0.246339367 -0.512755893 0.822434381 -0.263215783 -0.522601524 0.810928541 -0.0978389059 -0.554885576 0.826153464 -0.123248616 -0.568680693 0.813272432 0.0442247102 -0.564852039 0.82400628 0.0284983907 -0.581004757 0.813401078 0.187273564 -0.545895778 0.816655626 0.179209811 -0.563586942 0.806383037 0.329904259 -0.490319777 0.806690583 0.318321064 -0.515093947 0.795832851 0.445166471 -0.413992028 0.79400089 0.442907855 -0.433675894 0.784702396 -0.35028007 -0.454753503 0.818842551 -0.364888374 -0.459371481 0.809835982 -0.222652784 -0.520243629 0.824483053 -0.231696801 -0.528234012 0.816875401 -0.0704164433 -0.556516208 0.82784735 -0.0867225453 -0.567061747 0.819097171 0.0711863053 -0.560732295 0.824931393 0.060417895 -0.57365138 0.816868271 0.210356551 -0.537965943 0.816298209 0.207665948 -0.549409368 0.809335653 0.351654393 -0.475886132 0.806146126 0.345343542 -0.492773734 0.798693862 0.462754374 -0.395995968 0.793123939 0.462315563 -0.410554464 0.785944879 0.512118994 -0.357383905 0.781031933 0.51227328 -0.371358038 0.77438317 0.4976932 -0.375486788 0.781863895 0.496463664 -0.394424329 0.773274388 -0.660816877 -0.593323213 0.459661419 -0.690655864 -0.571693222 0.442901047 -0.652789526 -0.582825043 0.483922311 -0.682849466 -0.563410825 0.46506435 -0.718042962 -0.549305514 0.427408186 -0.709996176 -0.541857812 0.449772768 -0.724284215 -0.532105011 0.438493596 -0.716256225 -0.524711847 0.460059233 -0.591733856 -0.616396504 0.519525161 -0.623596905 -0.601078659 0.499831318 -0.584916656 -0.604978592 0.540253097 -0.615754496 -0.589965223 0.522290566 -0.645032858 -0.573962051 0.504480105 -0.675213182 -0.55544238 0.485356489 -0.701509627 -0.534073629 0.471857609 -0.707813531 -0.517013433 0.481349266 -0.631745604 -0.612756183 0.474791904 -0.598507889 -0.628700544 0.496511765 -0.562194956 -0.631486975 0.534004711 -0.568994743 -0.645044129 0.510061814 -0.529781963 -0.642995557 0.55307123 -0.535102916 -0.656860217 0.531224552 -0.50002936 -0.654798441 0.566753599 -0.505026599 -0.669945617 0.544170014 -0.467913713 -0.662912663 0.584468612 -0.471396424 -0.677982094 0.564026321 -0.437249155 -0.669932946 0.60000252 -0.43943952 -0.68760662 0.578005228 -0.407511739 -0.676978647 0.612889953 -0.408687291 -0.695494549 0.590983951 -0.377332049 -0.680751792 0.627851513 -0.376719577 -0.698489259 0.608436616 -0.555602726 -0.618767568 0.555366823 -0.52443564 -0.63016842 0.572586257 -0.495019593 -0.640740726 0.58686193 -0.464407485 -0.64901082 0.602586628 -0.434539632 -0.655515479 0.617636434 -0.406167869 -0.66009174 0.631907079 -0.377463203 -0.664632935 0.644813611 -0.350299845 -0.669464752 0.655062566 -0.349037014 -0.685591768 0.63885608 -0.324056284 -0.671558812 0.666330464 -0.320608964 -0.689709613 0.649238433 -0.346285808 -0.705680134 0.618143744 -0.316414835 -0.709900134 0.629224484 -0.292795413 -0.692936472 0.658870164 -0.286920547 -0.711803074 0.641102943 -0.265728358 -0.697735016 0.665247539 -0.256825982 -0.718195448 0.646711461 -0.238127382 -0.703158169 0.669973088 -0.226307482 -0.723546894 0.652123314 -0.209598892 -0.708817772 0.673532234 -0.196344532 -0.727830494 0.657047637 -0.179311427 -0.717689293 0.672881483 -0.164310302 -0.735271564 0.657554448 -0.146077338 -0.729137748 0.668595211 -0.126862468 -0.746859962 0.652768038 -0.108658695 -0.74072291 0.662965202 -0.0867114835 -0.756320202 0.648429542 -0.297621035 -0.675955494 0.67417052 -0.271742613 -0.681469625 0.679525645 -0.246425804 -0.687076027 0.683520926 -0.220945042 -0.691962664 0.687292485 -0.192048802 -0.701987627 0.685806554 -0.159918708 -0.714935935 0.680656019 -0.124612635 -0.728181321 0.673961167 -0.0835319062 -0.742620187 0.664483016 -0.0658424675 -0.75302348 0.654691078 -0.0350153556 -0.757254243 0.652180908 -0.015976486 -0.765174616 0.643624548 -0.0416625504 -0.76584309 0.641676393 0.00990893087 -0.774727282 0.632217883 0.042514143 -0.775505812 0.629907361 0.0696276159 -0.781445417 0.620076653 0.110770906 -0.781529857 0.613955119 0.138720374 -0.783592152 0.605590618 0.189144302 -0.780070334 0.596418231 0.21761903 -0.777997191 0.589374524 0.276896146 -0.767531644 0.578120835 0.305604294 -0.761006262 0.572254737 0.37200448 -0.740287441 0.559988546 0.400578372 -0.728907623 0.555185235 0.471129487 -0.695139948 0.542970956 0.499023637 -0.678443724 0.539156307 0.573778986 -0.628136353 0.525568642 0.599050692 -0.605796302 0.523592503 0.0224612999 -0.770305455 0.63727937 0.0899638702 -0.779231944 0.620245177 0.167775162 -0.78086638 0.601746783 0.255135341 -0.771675846 0.582599645 0.350079547 -0.748119629 0.563703229 0.44940668 -0.707070435 0.545971644 0.555248108 -0.642758937 0.527788298 0.661733646 -0.548189275 0.51146564 0.673288309 -0.533635429 0.511777375 0.746779316 -0.435162605 0.502945484 0.756226655 -0.416895338 0.504301025 0.690621814 -0.510366967 0.512412988 0.767779313 -0.392940961 0.506075417 0.816872159 -0.285454953 0.501233823 0.824871812 -0.256592622 0.503732786 0.855581902 -0.132757595 0.500354904 0.8577778 -0.0999907474 0.504201444 0.862098794 0.0361591513 0.505448499 0.857379038 0.0648432963 0.5105845 0.832225861 0.199293625 0.517380099 0.822021814 0.225691575 0.52282258 0.767707352 0.359083369 0.530739631 0.749529052 0.386528473 0.537402958 0.664206731 0.507710133 0.548689201 0.641957336 0.528194177 0.55578925 0.535747026 0.622896708 0.570065623 0.510817847 0.637647326 0.576602996 0.809922986 -0.307765629 0.49930459 0.852809307 -0.156386549 0.498256493 0.864671555 0.0168124478 0.502056215 0.839670756 0.178182507 0.513034127 0.780034591 0.338291475 0.526407556 0.679034054 0.493120749 0.543824127 0.555320754 0.610498519 0.564721541 0.479270392 0.659895444 0.57865179 0.457305399 0.670786417 0.583881285 0.429691927 0.683071903 0.590573978 -0.71370727 -0.641687332 -0.280818982 -0.733994655 -0.610128984 -0.298319408 -0.715155289 -0.648866018 -0.259857275 -0.736782945 -0.617615653 -0.275139596 -0.752800349 -0.580272902 -0.310765174 -0.756154884 -0.587087924 -0.289063247 -0.764518445 -0.572006119 -0.29718773 -0.76757523 -0.578466524 -0.276052073 -0.664037897 -0.714094018 -0.221638004 -0.691191949 -0.680770934 -0.242496648 -0.663295065 -0.721523252 -0.198604768 -0.691624182 -0.687700307 -0.220735767 -0.716811449 -0.656225562 -0.235689114 -0.739266581 -0.625329195 -0.249896619 -0.759110009 -0.593591971 -0.267208844 -0.770250427 -0.584636429 -0.254783291 -0.690481452 -0.673942744 -0.26274806 -0.664522061 -0.706594619 -0.243175809 -0.635635541 -0.744569211 -0.20392192 -0.636761059 -0.737597788 -0.224688355 -0.601722656 -0.778615026 -0.178012601 -0.604213323 -0.771273889 -0.200157056 -0.568228794 -0.807305119 -0.159293697 -0.571382123 -0.800538441 -0.180722643 -0.526078612 -0.84073183 -0.128106538 -0.530767852 -0.833948913 -0.151045348 -0.481761597 -0.870646495 -0.0994004226 -0.487266788 -0.864864598 -0.12074893 -0.435459771 -0.89728697 -0.0724629652 -0.441595442 -0.892355439 -0.093248253 -0.377358057 -0.925472707 -0.0331838166 -0.385214899 -0.921160242 -0.0554372548 -0.63416058 -0.751550424 -0.181692926 -0.598809862 -0.785864808 -0.154412604 -0.564680256 -0.813949642 -0.136463142 -0.520788868 -0.847355404 -0.103767891 -0.475731179 -0.876321575 -0.0757650402 -0.428851181 -0.901953291 -0.0506648348 -0.368989814 -0.929379558 -0.0100077112 -0.31229353 -0.949750391 0.0211410991 -0.321183963 -0.947015728 -0.00143941194 -0.250917041 -0.966508289 0.0538736105 -0.260188057 -0.965010301 0.032516054 -0.329516397 -0.943881824 -0.0224954773 -0.269074908 -0.963047221 0.011779014 -0.184471171 -0.979622796 0.07943277 -0.194759814 -0.979153098 0.0576873166 -0.108368125 -0.986503155 0.122751269 -0.11894763 -0.987680475 0.101679596 -0.0346682628 -0.9863796 0.160789912 -0.0454038955 -0.989083149 0.140189194 0.0470478432 -0.977665745 0.204832104 0.0361281703 -0.982188901 0.184390122 0.140768136 -0.95560539 0.258848739 0.130216253 -0.962238198 0.239042626 0.234344832 -0.920651019 0.312224601 0.2244746 -0.929374777 0.29304211 0.32122077 -0.875800184 0.360265533 0.312210301 -0.886555644 0.341385145 -0.17385479 -0.979514787 0.10161345 -0.0974816718 -0.984695631 0.144470891 -0.0238000541 -0.983088919 0.181575699 0.0579592901 -0.972589482 0.225189742 0.15114655 -0.948516926 0.278334981 0.243860338 -0.911692406 0.330679742 0.329721677 -0.865105454 0.377989642 0.414378641 -0.803638485 0.427148133 0.40716177 -0.816164267 0.409994125 0.494585851 -0.726475003 0.477094233 0.489040176 -0.740796509 0.460499989 0.39932732 -0.829129284 0.391257359 0.482852167 -0.756021028 0.441911745 0.563195707 -0.649546196 0.510784039 0.559231226 -0.66686106 0.49250052 0.625701053 -0.543244457 0.559806799 0.624545623 -0.562190816 0.542110921 0.6726814 -0.423801996 0.606540685 0.674797915 -0.443613958 0.589791853 0.700660089 -0.294198334 0.650017523 0.706246357 -0.313852539 0.63459646 0.706881307 -0.158346775 0.689380241 0.715756228 -0.17668061 0.675630805 0.689566721 -0.0208667043 0.723921486 0.701120267 -0.0367517571 0.712095275 0.64616962 0.117477102 0.754098105 0.662614219 0.10318269 0.741819202 0.566617698 -0.633663662 0.526701764 0.626574181 -0.526276215 0.574837491 0.670718294 -0.406455395 0.620428063 0.695813387 -0.277345826 0.662512659 0.699414503 -0.142917727 0.700281284 0.680068141 -0.00770911855 0.733108378 0.634903424 0.127784691 0.761950599 0.554891706 0.261277573 0.789828604 0.57347265 0.249175927 0.780410454 0.458115533 0.369292691 0.808549978 0.478517872 0.361494434 0.800213984 0.59912212 0.232899801 0.766035488 0.504446374 0.351575474 0.788624462 0.369114706 0.451317132 0.812445186 0.393318947 0.446996304 0.80342673 0.23867305 0.520906525 0.819567915 0.26321536 0.522601233 0.810928866 0.0920003981 0.561308172 0.822477393 0.123248568 0.568679368 0.813273366 -0.052711699 0.569489914 0.820306476 -0.0284985041 0.58100327 0.813402136 -0.198043549 0.547782124 0.812842849 -0.179209526 0.56358605 0.806383724 -0.338053569 0.491632251 0.802507018 -0.31832015 0.515092732 0.795834003 -0.454196333 0.412204617 0.789805701 -0.442907245 0.433675003 0.784703233 0.35028076 0.454754498 0.818841703 0.222652443 0.520244142 0.824482821 0.070416522 0.556517083 0.827846755 -0.0711867578 0.560733764 0.824930356 -0.210357395 0.537966536 0.816297601 -0.351654804 0.475887266 0.806145278 -0.462755213 0.395996807 0.793123031 -0.51212 0.357383231 0.781031582 -0.505141063 0.373394414 0.778080406 -0.496463849 0.394423983 0.773274446 -0.593322971 0.660816916 0.459661675 -0.571693635 0.69065578 0.442900645 -0.577779987 0.660781944 0.479100729 -0.557759464 0.690929328 0.459914171 -0.549305766 0.718042775 0.427408176 -0.536044718 0.717220502 0.445253649 -0.532105287 0.724284049 0.438493535 -0.519021708 0.723198478 0.4556319 -0.620274456 0.583185407 0.524551599 -0.605520931 0.615649365 0.504301756 -0.604978419 0.584916788 0.540253147 -0.589965757 0.61575429 0.522290207 -0.587781232 0.644762465 0.48866613 -0.573962538 0.6450327 0.504479753 -0.568768564 0.675016961 0.469951511 -0.555442407 0.675213167 0.48535648 -0.547613786 0.702695893 0.454244013 -0.534073831 0.701509518 0.471857541 -0.530349595 0.709242373 0.464440053 -0.517013152 0.707813338 0.481349852 -0.596373904 0.631827241 0.495108578 -0.612756264 0.631745522 0.474791909 -0.612395765 0.600326696 0.51437271 -0.628700843 0.598507603 0.496511731 -0.627952208 0.570858337 0.528958206 -0.64504445 0.568994342 0.510061855 -0.640185291 0.538789571 0.547602585 -0.656860477 0.535102773 0.531224374 -0.65254791 0.508948768 0.56138434 -0.669945555 0.505026548 0.544170139 -0.661436632 0.477264764 0.578549848 -0.677982012 0.471396268 0.564026551 -0.66913932 0.446258671 0.594227035 -0.687606803 0.439439298 0.57800518 -0.676811379 0.416423447 0.607056727 -0.695494815 0.408687015 0.590983829 -0.681481375 0.386395477 0.621515624 -0.698489594 0.376719348 0.608436373 -0.618767127 0.555602816 0.555367224 -0.634823852 0.553790785 0.538808355 -0.630168459 0.524435701 0.572586159 -0.645654692 0.520965345 0.558323497 -0.640740936 0.49501954 0.586861745 -0.656919385 0.491286909 0.571921406 -0.649010754 0.46440742 0.602586748 -0.66424022 0.458960426 0.590034116 -0.655515377 0.434539748 0.617636461 -0.670632958 0.428407638 0.605572729 -0.660091557 0.406168185 0.631907067 -0.67706676 0.398962937 0.618392414 -0.664632784 0.377463575 0.644813549 -0.679978161 0.368641139 0.633824432 -0.669465078 0.350299887 0.655062209 -0.684140516 0.340696731 0.644885642 -0.67155841 0.324057094 0.666330475 -0.687596581 0.312750385 0.655284777 -0.687017402 0.357639496 0.632535438 -0.705680128 0.346285603 0.618143866 -0.691856946 0.32884912 0.642800297 -0.709900026 0.316414351 0.62922485 -0.695966384 0.301065394 0.651912894 -0.711803774 0.286919774 0.641102512 -0.701500958 0.273356444 0.658158538 -0.718195939 0.256825394 0.646711149 -0.707548777 0.244762112 0.662922497 -0.723546449 0.226307274 0.65212388 -0.713977111 0.215444459 0.666198446 -0.727830599 0.196343889 0.657047712 -0.72347316 0.185171352 0.665055003 -0.735271856 0.164309932 0.657554214 -0.735680375 0.151059905 0.660269105 -0.746859186 0.126863287 0.652768767 -0.747608405 0.112278535 0.654580174 -0.756320256 0.0867104562 0.648429616 -0.675954804 0.297622169 0.674170711 -0.690003652 0.284974573 0.665345363 -0.68146978 0.271742724 0.679525446 -0.694066164 0.258424586 0.671929233 -0.687076131 0.246425576 0.683520903 -0.698918771 0.231807964 0.676592654 -0.691962386 0.220945648 0.68729257 -0.703890238 0.204078384 0.6803606 -0.701987909 0.192048747 0.68580628 -0.712238901 0.173850058 0.680067574 -0.714936201 0.15991814 0.680655872 -0.722908337 0.141385812 0.676323583 -0.72818122 0.124614054 0.673961014 -0.734203043 0.105265715 0.670719779 -0.742620762 0.0835322126 0.664482335 -0.746387012 0.063803285 0.662446654 -0.75725454 0.0350160345 0.652180526 -0.758594179 0.0153048821 0.65138363 -0.760066019 0.068025244 0.646275648 -0.765843156 0.0416619476 0.641676353 -0.772182852 0.0166985175 0.635180921 -0.774727292 -0.00990910038 0.632217868 -0.78228704 -0.0432284173 0.621416359 -0.781445534 -0.0696267528 0.620076602 -0.787893692 -0.11285296 0.605382309 -0.78359219 -0.138720716 0.605590491 -0.785839058 -0.192480354 0.587714462 -0.777997434 -0.217618238 0.589374495 -0.772547375 -0.281343121 0.569224561 -0.761006023 -0.30560496 0.572254699 -0.744420427 -0.377395388 0.550827513 -0.72890749 -0.400578704 0.555185169 -0.698287649 -0.477290825 0.533467738 -0.678443424 -0.499023382 0.53915692 -0.630155768 -0.579502131 0.516798788 -0.605795938 -0.599050413 0.523593243 -0.77030545 -0.0224615243 0.637279369 -0.769155169 -0.0418490406 0.637690351 -0.779232013 -0.0899635315 0.620245139 -0.775578592 -0.108838598 0.621797401 -0.780866315 -0.167775217 0.601746853 -0.774676431 -0.186052125 0.604368293 -0.771676032 -0.255134753 0.582599656 -0.762835194 -0.272775925 0.586238656 -0.748119287 -0.350080111 0.563703333 -0.736403608 -0.367008442 0.568343673 -0.707070384 -0.449406596 0.545971779 -0.692163314 -0.465409518 0.551637497 -0.642759462 -0.555248 0.527787772 -0.626226644 -0.568485326 0.533539713 -0.548189448 -0.661734002 0.511464994 -0.535636334 -0.665927363 0.519263387 -0.435162804 -0.746779524 0.502945003 -0.419663858 -0.74993799 0.511346515 -0.531373284 -0.681263743 0.503509827 -0.510366514 -0.690621847 0.512413394 -0.413839313 -0.762979896 0.496587053 -0.39294009 -0.767779472 0.506075852 -0.281437202 -0.823296277 0.492926305 -0.256592573 -0.824871514 0.5037333 -0.128739503 -0.86086813 0.492272488 -0.0999904679 -0.857777532 0.504201956 0.0447672068 -0.866030272 0.497983398 0.0648431539 -0.857379215 0.510584222 0.207204067 -0.834798605 0.510076234 0.225691745 -0.822021775 0.522822568 0.366230115 -0.76952565 0.523168976 0.386528517 -0.749528863 0.537403191 0.517665184 -0.662293352 0.541655125 0.528194388 -0.641956788 0.555789682 0.631165159 -0.533320829 0.563204612 0.637646978 -0.510817638 0.576603566 -0.307765522 -0.809923024 0.499304596 -0.28912187 -0.810866508 0.50882615 -0.156386959 -0.852809401 0.498256203 -0.136419917 -0.85066444 0.507700322 0.0168125498 -0.864671378 0.502056517 0.0282810809 -0.858392134 0.512213945 0.178182905 -0.839670268 0.513034788 0.19197491 -0.829761739 0.524062106 0.338291758 -0.780034481 0.526407537 0.352519105 -0.765971526 0.537603853 0.493120819 -0.679034385 0.54382365 0.498513515 -0.665872132 0.555066284 0.610498821 -0.555320499 0.564721465 0.615193044 -0.53792983 0.576341059 0.65989558 -0.479270797 0.5786513 0.662335553 -0.460951196 0.590623069 0.679409594 -0.453484954 0.576848333 0.683070991 -0.429692077 0.590574923 0.641687464 -0.713707057 -0.280819221 0.610128826 -0.733994847 -0.298319259 0.641422322 -0.720894253 -0.262466913 0.610202687 -0.742035561 -0.27755343 0.580272703 -0.752800442 -0.310765323 0.579392753 -0.760969112 -0.291941857 0.572006032 -0.764518691 -0.297187264 0.570953982 -0.772185284 -0.278821515 0.720847241 -0.657438317 -0.219440459 0.68820077 -0.684791671 -0.239666577 0.7215232 -0.66329515 -0.198604673 0.687699876 -0.691624648 -0.220735649 0.656277204 -0.709325213 -0.257211924 0.656225465 -0.716811508 -0.235689205 0.6252573 -0.731258426 -0.272606719 0.625329307 -0.739266448 -0.249896732 0.594729669 -0.751272325 -0.286158199 0.593591969 -0.759110083 -0.267208637 0.585929417 -0.762900241 -0.273258012 0.584636629 -0.770250025 -0.254784049 0.673526643 -0.697305839 -0.245206907 0.673942762 -0.690481267 -0.262748499 0.707333305 -0.670518574 -0.223795526 0.706594804 -0.664521932 -0.243175624 0.73796592 -0.642570878 -0.206177032 0.737598003 -0.636760582 -0.224689001 0.772554468 -0.608976793 -0.179741092 0.771273985 -0.60421308 -0.200157424 0.801451817 -0.575958526 -0.161079986 0.800538573 -0.571382074 -0.180722213 0.835540208 -0.534002007 -0.129284247 0.833949098 -0.530767502 -0.151045563 0.865793318 -0.490168474 -0.100681661 0.864864727 -0.487266534 -0.120749034 0.89289765 -0.444177694 -0.0737561059 0.8923554 -0.441595416 -0.0932487474 0.92177671 -0.386237076 -0.0338912634 0.921160212 -0.385214884 -0.0554378619 0.751550504 -0.634160634 -0.181692407 0.751273335 -0.628451599 -0.201586121 0.785864611 -0.59881004 -0.154412918 0.784700718 -0.594292951 -0.176240381 0.813949659 -0.564680214 -0.136463212 0.813172012 -0.560318523 -0.157462479 0.847355459 -0.520788879 -0.103767384 0.84597154 -0.51791097 -0.126887276 0.876321302 -0.475731666 -0.0757651437 0.875466208 -0.473218819 -0.0980962224 0.901952946 -0.42885192 -0.0506647192 0.90167154 -0.426530006 -0.0711378141 0.929379379 -0.36899027 -0.0100074801 0.929135197 -0.368312216 -0.0324637937 0.949750373 -0.312293582 0.0211411163 0.95013586 -0.311835439 -0.000711224469 0.966508247 -0.25091707 0.0538742234 0.967529651 -0.25056936 0.0331869102 0.943835753 -0.330407939 -0.00215988649 0.943881923 -0.329516113 -0.0224954905 0.962428916 -0.269659313 0.0318502194 0.963047395 -0.269074328 0.011778012 0.977794126 -0.193998378 0.0792671249 0.979153273 -0.194758994 0.057687102 0.985391661 -0.118177606 0.122626779 0.987680677 -0.118947002 0.101678372 0.985985614 -0.0445036621 0.16078493 0.989083097 -0.0454039662 0.140189542 0.978045149 0.0372402871 0.20503865 0.982189015 0.0361282323 0.184389503 0.956909466 0.130981677 0.259168044 0.962238183 0.130217018 0.239042272 0.922890131 0.224745565 0.312671134 0.929374834 0.224474955 0.293041656 0.878943282 0.311842249 0.360850548 0.886555837 0.312210232 0.341384708 0.979514768 -0.17385513 0.101613056 0.981375399 -0.174835275 0.0795924152 0.984695425 -0.0974823824 0.144471816 0.987523116 -0.098501916 0.122863617 0.983088882 -0.0238004359 0.181575849 0.986679074 -0.0247953445 0.160778094 0.972589577 0.0579595065 0.225189278 0.977191696 0.0568603808 0.204605197 0.94851704 0.151146197 0.278334783 0.954214793 0.150494211 0.258506519 0.91169236 0.24385938 0.330680576 0.918343156 0.243836679 0.31175234 0.865105615 0.329720718 0.377990109 0.872614323 0.330445331 0.359652786 0.803638589 0.414378007 0.427148553 0.812082593 0.41602335 0.409202193 0.726474802 0.494584947 0.477095475 0.735817504 0.497416504 0.45950998 0.820240308 0.398096519 0.410761486 0.82912889 0.399327586 0.391257923 0.745823223 0.480410369 0.461468956 0.75602138 0.482852283 0.441911015 0.655525255 0.55515165 0.511950472 0.666861088 0.559231154 0.492500565 0.550159923 0.618417794 0.561144805 0.562190778 0.624545484 0.542111121 0.431616207 0.666361263 0.608005031 0.443614688 0.674797751 0.589791491 0.302835472 0.69553 0.651558667 0.313852885 0.706245865 0.634596836 0.167675537 0.703185248 0.690952546 0.1766804 0.715755989 0.675631113 0.0306829763 0.687549841 0.725488643 0.0367514694 0.701120907 0.712094659 -0.106319544 0.646209186 0.755718097 -0.103182681 0.66261508 0.741818435 0.633664028 0.566617149 0.526701914 0.643684178 0.570943093 0.509602456 0.526276457 0.62657372 0.574837772 0.536529023 0.63265652 0.558464265 0.406455391 0.67071774 0.620428665 0.416285798 0.678662726 0.605081018 0.277346297 0.695813531 0.66251231 0.285964941 0.70546721 0.648490607 0.142917345 0.699414418 0.700281447 0.149526959 0.710301627 0.68783231 0.00770883612 0.680067711 0.73310878 0.0116588786 0.691393162 0.722384638 -0.127784133 0.634903076 0.761950982 -0.127819072 0.646060101 0.752508226 -0.261277128 0.554892011 0.789828537 -0.257524308 0.573581375 0.777615353 -0.369292364 0.458115051 0.8085504 -0.37033834 0.476264653 0.797509558 -0.240076143 0.573304832 0.783380505 -0.232900028 0.599122093 0.766035439 -0.351851296 0.480914711 0.803070175 -0.351576019 0.504445694 0.788624654 -0.442488304 0.37368552 0.815207479 -0.446996194 0.393319205 0.803426665 -0.512755607 0.246339242 0.822434596 -0.522601259 0.26321563 0.810928762 -0.554885435 0.0978389293 0.826153556 -0.568680493 0.12324861 0.813272573 -0.564851625 -0.0442246726 0.824006565 -0.581004284 -0.0284984598 0.813401413 -0.545895428 -0.187273601 0.816655851 -0.563586561 -0.179209939 0.806383275 -0.490319544 -0.32990404 0.806690814 -0.515093552 -0.318321001 0.795833131 -0.41399161 -0.445166121 0.794001305 -0.433675923 -0.442907534 0.784702562 -0.454753964 0.350279788 0.818842416 -0.459372024 0.364888185 0.809835759 -0.520244484 0.222653249 0.824482388 -0.528234798 0.231697333 0.816874742 -0.556516314 0.0704160745 0.82784731 -0.567061874 0.0867221299 0.819097127 -0.560732877 -0.0711864366 0.824930986 -0.573652133 -0.0604177543 0.816867753 -0.537966214 -0.210356646 0.816298006 -0.549409358 -0.207666089 0.809335624 -0.475886303 -0.351654072 0.806146165 -0.49277367 -0.345343199 0.798694049 -0.395995694 -0.462753772 0.793124427 -0.410553962 -0.462314916 0.785945521 -0.357382898 -0.512118637 0.781032628 -0.371356812 -0.512272921 0.774383995 -0.375486693 -0.49769322 0.781863928 -0.394425466 -0.496463559 0.773273876 0.660816951 0.593322998 0.45966159 0.690655901 0.571693586 0.442900519 0.652789562 0.582825265 0.483921996 0.682849535 0.563410886 0.465064174 0.718043046 0.549305367 0.427408233 0.709996187 0.54185779 0.449772777 0.724284317 0.532104848 0.438493624 0.716256296 0.524711927 0.460059031 0.591734021 0.616396421 0.519525072 0.623597041 0.601078469 0.499831376 0.584916754 0.604978506 0.540253087 0.61575453 0.589965447 0.522290274 0.645032905 0.573962342 0.504479713 0.675213197 0.555442326 0.485356531 0.701509613 0.534073754 0.471857488 0.707813514 0.517013226 0.481349513 0.631745813 0.612755928 0.474791955 0.598508073 0.628700602 0.49651147 0.562194966 0.631486952 0.534004728 0.568994916 0.645043866 0.510061953 0.529781962 0.642995564 0.553071222 0.535103121 0.656860044 0.53122456 0.500029387 0.654798441 0.566753574 0.505026651 0.669945666 0.544169906 0.467913835 0.662912608 0.584468577 0.471396487 0.677981982 0.564026404 0.43724944 0.669932834 0.600002438 0.439439825 0.687606388 0.578005274 0.407511971 0.676978512 0.612889947 0.408687638 0.695494452 0.590983825 0.377332123 0.680751848 0.627851408 0.376719769 0.698489404 0.60843633 0.555602651 0.618767548 0.55536692 0.524435458 0.630168663 0.572586157 0.495019616 0.640740795 0.586861835 0.464407634 0.649010838 0.602586493 0.434539949 0.655515374 0.617636322 0.406168008 0.660091517 0.631907223 0.377463227 0.664632913 0.644813619 0.350299751 0.669464942 0.655062421 0.349037081 0.68559185 0.638855955 0.324056056 0.671559007 0.666330379 0.320609208 0.689709333 0.649238609 0.346286103 0.70568006 0.618143663 0.31641528 0.709899714 0.629224734 0.292795586 0.692936552 0.658870002 0.286920799 0.711803321 0.641102556 0.265728459 0.697735183 0.665247322 0.256826714 0.718195284 0.646711352 0.238127686 0.703158108 0.669973045 0.22630771 0.723547079 0.652123029 0.209598956 0.708818023 0.67353195 0.196345404 0.727830481 0.657047391 0.179311585 0.71768928 0.672881455 0.164311178 0.735271628 0.657554157 0.146077651 0.729137472 0.668595443 0.126863127 0.746859891 0.652767991 0.108658831 0.740722865 0.662965229 0.0867120263 0.756320312 0.648429341 0.297621258 0.675955275 0.674170641 0.271742112 0.681470123 0.679525346 0.246425907 0.687075959 0.683520958 0.220944929 0.691962688 0.687292497 0.192048266 0.701987582 0.68580675 0.159918283 0.714935717 0.680656348 0.124612524 0.72818117 0.67396135 0.0835316258 0.742620242 0.664482989 0.0658426166 0.753023774 0.654690725 0.0350153459 0.757253916 0.652181288 0.0159766065 0.765174601 0.643624563 0.0416633814 0.765843399 0.64167597 -0.00990847631 0.774727705 0.632217372 -0.0425140669 0.775505841 0.62990733 -0.0696268289 0.781445746 0.620076326 -0.110770629 0.781529928 0.613955079 -0.138720098 0.783592516 0.60559021 -0.189144181 0.780070327 0.596418279 -0.217618551 0.777997637 0.589374111 -0.27689593 0.767531638 0.578120946 -0.305603965 0.76100674 0.572254277 -0.372004445 0.740287395 0.559988631 -0.400578391 0.728907964 0.555184773 -0.471129277 0.695140057 0.542970999 -0.499023261 0.678444378 0.539155832 -0.573778734 0.628136498 0.525568743 -0.599050484 0.605796939 0.523592004 -0.0224618981 0.770305057 0.63727983 -0.0899640764 0.779231619 0.620245555 -0.167775159 0.780866029 0.60174724 -0.255135462 0.77167536 0.582600236 -0.350079625 0.748119194 0.563703758 -0.449406627 0.707069988 0.545972267 -0.555247695 0.642758808 0.52778889 -0.661733436 0.548188883 0.511466331 -0.67328806 0.53363567 0.511777452 -0.746779064 0.435162641 0.502945828 -0.756226523 0.416895428 0.504301147 -0.690621746 0.510367535 0.512412512 -0.767779501 0.392940731 0.506075311 -0.81687214 0.285454707 0.501233995 -0.824871978 0.256592855 0.503732395 -0.855581767 0.132757582 0.500355138 -0.857778092 0.0999910945 0.504200879 -0.862098814 -0.0361586213 0.505448503 -0.857379444 -0.0648425748 0.51058391 -0.832225957 -0.199293125 0.517380137 -0.822021478 -0.225691822 0.522823002 -0.767706968 -0.359083906 0.530739823 -0.749528959 -0.386528823 0.537402837 -0.664206544 -0.5077103 0.548689272 -0.641957693 -0.528194294 0.555788726 -0.535747187 -0.622896544 0.570065651 -0.510817871 -0.63764742 0.576602871 -0.809922762 0.307765276 0.499305172 -0.852808918 0.156386653 0.498257127 -0.864670962 -0.0168125677 0.502057232 -0.839670707 -0.178182222 0.513034307 -0.780034599 -0.338291665 0.526407422 -0.679033694 -0.493120684 0.543824634 -0.555320707 -0.610498148 0.564721988 -0.47927032 -0.659895174 0.578652158 -0.457305545 -0.670786252 0.58388136 -0.429692784 -0.683071741 0.590573542 -0.641687362 0.713707153 -0.280819211 -0.610128893 0.733994767 -0.29831932 -0.641422128 0.720894346 -0.262467135 -0.610202661 0.742035537 -0.277553552 -0.580272939 0.752800306 -0.31076521 -0.579393025 0.760968913 -0.291941836 -0.572006097 0.764518503 -0.297187625 -0.570954118 0.772184939 -0.278822193 -0.720847135 0.657438479 -0.219440323 -0.688200896 0.684791533 -0.239666608 -0.721523079 0.663295293 -0.198604636 -0.687700038 0.691624486 -0.220735652 -0.656277064 0.709325276 -0.257212108 -0.656225354 0.716811692 -0.235688954 -0.62525692 0.731258869 -0.272606402 -0.625329012 0.739266754 -0.249896564 -0.594729518 0.751272417 -0.286158271 -0.593591795 0.759110153 -0.267208825 -0.585929249 0.762900338 -0.2732581 -0.584636412 0.770250318 -0.25478366 -0.673526661 0.697305981 -0.245206455 -0.673942736 0.690481425 -0.262748151 -0.707333188 0.670518624 -0.223795746 -0.706594702 0.664521972 -0.243175814 -0.737965891 0.642570963 -0.206176871 -0.737597965 0.636760752 -0.224688645 -0.772554474 0.608976898 -0.17974071 -0.771273932 0.604213226 -0.200157185 -0.801451743 0.575958607 -0.161080059 -0.80053848 0.571382156 -0.180722367 -0.835540205 0.534001967 -0.129284433 -0.833949046 0.530767531 -0.151045744 -0.865793306 0.490168495 -0.100681663 -0.864864724 0.487266543 -0.120749014 -0.892897651 0.444177702 -0.0737560482 -0.892355384 0.441595466 -0.0932486587 -0.921776619 0.386237279 -0.0338914119 -0.92116013 0.38521508 -0.0554378588 -0.751550295 0.634160801 -0.181692685 -0.751273124 0.628451802 -0.201586275 -0.785864531 0.598810254 -0.154412495 -0.784700665 0.594293176 -0.176239857 -0.813949503 0.564680471 -0.136463078 -0.813171879 0.560318729 -0.157462429 -0.847355281 0.520789183 -0.103767309 -0.845971362 0.517911287 -0.126887167 -0.876321203 0.475731877 -0.0757649756 -0.875466114 0.473219027 -0.0980960522 -0.901952937 0.428851991 -0.0506642811 -0.901671535 0.426530055 -0.0711375736 -0.929379355 0.36899033 -0.0100075653 -0.929135183 0.368312231 -0.0324639991 -0.949750351 0.312293678 0.0211407003 -0.950135818 0.311835567 -0.00071146999 -0.966508229 0.250917145 0.0538741944 -0.967529623 0.250569421 0.0331872456 -0.943835649 0.330408239 -0.00215968683 -0.943881818 0.329516436 -0.0224951578 -0.962428882 0.269659367 0.0318507984 -0.963047368 0.269074414 0.0117782275 -0.977794146 0.193998468 0.0792666491 -0.97915328 0.194759044 0.0576868182 -0.985391588 0.118177594 0.12262738 -0.987680632 0.118947023 0.101678786 -0.985985738 0.0445034328 0.160784234 -0.989083227 0.0454036875 0.14018871 -0.978045163 -0.037240449 0.205038552 -0.982188909 -0.0361284361 0.184390033 -0.956909551 -0.130981278 0.259167931 -0.96223825 -0.130216632 0.239042211 -0.92288993 -0.224745708 0.312671624 -0.92937471 -0.224475063 0.293041966 -0.878943253 -0.311842457 0.36085044 -0.886555864 -0.312210497 0.341384395 -0.979514646 0.173855399 0.101613774 -0.981375316 0.174835543 0.0795928558 -0.984695444 0.0974826975 0.144471469 -0.9875231 0.098502195 0.122863522 -0.983088734 0.0238009328 0.181576585 -0.986678895 0.0247958644 0.160779115 -0.972589473 -0.0579590419 0.225189843 -0.977191687 -0.0568599178 0.204605368 -0.948516914 -0.151146212 0.278335206 -0.954214834 -0.150494203 0.258506373 -0.911692518 -0.243859574 0.330679998 -0.918343196 -0.243836888 0.311752058 -0.865105304 -0.329720696 0.377990841 -0.872613964 -0.330445289 0.359653695 -0.803638664 -0.41437794 0.427148477 -0.812083011 -0.416023323 0.409201391 -0.726474988 -0.494585294 0.477094831 -0.735817754 -0.497416779 0.459509282 -0.820240764 -0.398096318 0.410760771 -0.829129265 -0.399327336 0.391257384 -0.745823291 -0.480410337 0.461468879 -0.756021251 -0.482852186 0.441911343 -0.655525157 -0.555151321 0.511950955 -0.666860965 -0.559230883 0.492501039 -0.550159927 -0.618417751 0.561144847 -0.562190791 -0.624545506 0.542111082 -0.431616102 -0.666361346 0.608005014 -0.443614459 -0.674797717 0.589791703 -0.302835369 -0.695529948 0.65155877 -0.313852794 -0.706245789 0.634596966 -0.167675648 -0.703185309 0.690952457 -0.17668052 -0.715756169 0.67563089 -0.0306831383 -0.68755018 0.725488315 -0.0367514606 -0.701121116 0.712094453 0.106320092 -0.646208993 0.755718185 0.103183141 -0.662615032 0.741818414 -0.633664069 -0.566617385 0.52670161 -0.643684094 -0.570943317 0.509602311 -0.526276273 -0.626573874 0.574837773 -0.53652891 -0.632656617 0.558464264 -0.406455289 -0.670717783 0.620428686 -0.416285709 -0.678662813 0.605080982 -0.277346114 -0.695813576 0.66251234 -0.285964887 -0.705467245 0.648490594 -0.142917331 -0.699414446 0.700281422 -0.149527017 -0.710301672 0.687832252 -0.00770906724 -0.680067833 0.733108664 -0.011659209 -0.691393265 0.722384535 0.127784155 -0.634902964 0.761951072 0.127819146 -0.64605985 0.752508429 0.261276708 -0.55489182 0.78982881 0.257523943 -0.573580695 0.777615976 0.369291237 -0.45811425 0.808551368 0.37033725 -0.476263941 0.797510489 0.240076988 -0.573304813 0.783380259 0.232900812 -0.599122653 0.766034763 0.351852328 -0.480915889 0.803069018 0.351577003 -0.504446921 0.78862343 0.442489146 -0.373686708 0.815206477 0.446996923 -0.393319601 0.803426066 0.512756204 -0.246339043 0.822434284 0.522601927 -0.26321538 0.810928412 0.554886544 -0.0978388948 0.826152815 0.568681683 -0.123248848 0.813271704 0.564852352 0.0442255107 0.824006022 0.581004996 0.0284993596 0.813400873 0.545896615 0.187274038 0.816654958 0.563587798 0.179210266 0.806382338 0.490320798 0.329903763 0.806690165 0.515094433 0.31832085 0.795832622 0.413991923 0.445166371 0.794001001 0.433675873 0.44290783 0.784702422 0.454752996 -0.35027987 0.818842919 0.459371236 -0.36488886 0.809835902 0.520244053 -0.222653155 0.824482685 0.528234331 -0.231697247 0.816875068 0.55651591 -0.0704159763 0.82784759 0.567061403 -0.086721915 0.819097476 0.560732419 0.0711860611 0.82493133 0.573651387 0.0604175794 0.81686829 0.537965056 0.210356386 0.816298836 0.549408133 0.207666044 0.809336468 0.475885832 0.35165352 0.806146685 0.492773881 0.345342498 0.798694223 0.395995952 0.462753895 0.793124226 0.410554515 0.462315048 0.785945155 0.357383176 0.512118875 0.781032344 0.371356765 0.512273188 0.774383841 0.375486386 0.497693537 0.781863874 0.394424815 0.496463965 0.773273947</float_array>
        <technique_common><accessor source="#vfx_kurp_0042-mesh-normals-array" count="1148" stride="3"><param name="X" type="float"/><param name="Y" type="float"/><param name="Z" type="float"/></accessor></technique_common>
      </source>
      <source id="vfx_kurp_0042-mesh-uv0">
        <float_array id="vfx_kurp_0042-mesh-uv0-array" count="2296">0 0.925000012 0 0.949999988 0.5 0.925000012 0.5 0.949999988 0 0.975000024 0.5 0.975000024 0 1 0.5 1 0.5 0.875 0.5 0.899999976 1 0.875 1 0.899999976 1 0.925000012 1 0.949999988 1 0.975000024 1 1 0 0.899999976 0 0.875 0.5 0.850000024 0 0.850000024 0.5 0.824999988 0 0.824999988 0.5 0.800000012 0 0.800000012 0.5 0.774999976 0 0.774999976 0.5 0.75 0 0.75 0.5 0.725000024 0 0.725000024 0.5 0.699999988 0 0.699999988 1 0.850000024 1 0.824999988 1 0.800000012 1 0.774999976 1 0.75 1 0.725000024 1 0.699999988 1 0.674999952 0.5 0.674999952 1 0.649999976 0.5 0.649999976 0 0.674999952 0 0.649999976 0.5 0.625 0 0.625 0.5 0.600000024 0 0.600000024 0.5 0.574999988 0 0.574999988 0.5 0.549999952 0 0.549999952 0.5 0.524999976 0 0.524999976 0.5 0.5 0 0.5 0.5 0.474999964 0 0.474999964 1 0.625 1 0.600000024 1 0.574999988 1 0.549999952 1 0.524999976 1 0.5 1 0.474999964 1 0.449999988 0.5 0.449999988 1 0.425000012 0.5 0.425000012 0 0.449999988 0 0.425000012 0.5 0.399999976 0 0.399999976 0.5 0.375 0 0.375 0.5 0.349999964 0 0.349999964 0.5 0.324999988 0 0.324999988 0.5 0.300000012 0 0.300000012 0.5 0.274999976 0 0.274999976 0.5 0.25 0 0.25 1 0.399999976 1 0.375 1 0.349999964 1 0.324999988 1 0.300000012 1 0.274999976 1 0.25 1 0.224999964 0.5 0.224999964 1 0.199999988 0.5 0.199999988 0 0.224999964 0 0.199999988 0.5 0.175000012 0 0.175000012 0.5 0.149999976 0 0.149999976 0.5 0.125 0 0.125 0.5 0.0999999642 0 0.0999999642 0.5 0.0749999881 0 0.0749999881 0.5 0.0500000119 0 0.0500000119 0.5 0.0249999762 0 0.0249999762 1 0.175000012 1 0.149999976 1 0.125 1 0.0999999642 1 0.0749999881 1 0.0500000119 1 0.0249999762 1 0 0.5 0 0 0 0 0.925000012 0 0.949999988 0.5 0.925000012 0.5 0.949999988 0 0.975000024 0.5 0.975000024 0 1 0.5 1 0.5 0.875 0.5 0.899999976 1 0.875 1 0.899999976 0.5 0.925000012 1 0.925000012 0.5 0.949999988 1 0.949999988 0.5 0.975000024 1 0.975000024 0.5 1 1 1 0.5 0.899999976 0 0.899999976 0.5 0.875 0 0.875 0.5 0.850000024 0 0.850000024 0.5 0.824999988 0 0.824999988 0.5 0.800000012 0 0.800000012 0.5 0.774999976 0 0.774999976 0.5 0.75 0 0.75 0.5 0.725000024 0 0.725000024 0.5 0.699999988 0 0.699999988 1 0.850000024 0.5 0.850000024 1 0.824999988 0.5 0.824999988 1 0.800000012 0.5 0.800000012 1 0.774999976 0.5 0.774999976 1 0.75 0.5 0.75 1 0.725000024 0.5 0.725000024 1 0.699999988 0.5 0.699999988 1 0.674999952 0.5 0.674999952 1 0.649999976 0.5 0.649999976 0.5 0.674999952 0 0.674999952 0.5 0.649999976 0 0.649999976 0.5 0.625 0 0.625 0.5 0.600000024 0 0.600000024 0.5 0.574999988 0 0.574999988 0.5 0.549999952 0 0.549999952 0.5 0.524999976 0 0.524999976 0.5 0.5 0 0.5 0.5 0.474999964 0 0.474999964 1 0.625 0.5 0.625 1 0.600000024 0.5 0.600000024 1 0.574999988 0.5 0.574999988 1 0.549999952 0.5 0.549999952 1 0.524999976 0.5 0.524999976 1 0.5 0.5 0.5 1 0.474999964 0.5 0.474999964 1 0.449999988 0.5 0.449999988 1 0.425000012 0.5 0.425000012 0.5 0.449999988 0 0.449999988 0.5 0.425000012 0 0.425000012 0.5 0.399999976 0 0.399999976 0.5 0.375 0 0.375 0.5 0.349999964 0 0.349999964 0.5 0.324999988 0 0.324999988 0.5 0.300000012 0 0.300000012 0.5 0.274999976 0 0.274999976 0.5 0.25 0 0.25 1 0.399999976 0.5 0.399999976 1 0.375 0.5 0.375 1 0.349999964 0.5 0.349999964 1 0.324999988 0.5 0.324999988 1 0.300000012 0.5 0.300000012 1 0.274999976 0.5 0.274999976 1 0.25 0.5 0.25 1 0.224999964 0.5 0.224999964 1 0.199999988 0.5 0.199999988 0.5 0.224999964 0 0.224999964 0.5 0.199999988 0 0.199999988 0.5 0.175000012 0 0.175000012 0.5 0.149999976 0 0.149999976 0.5 0.125 0 0.125 0.5 0.0999999642 0 0.0999999642 0.5 0.0749999881 0 0.0749999881 0.5 0.0500000119 0 0.0500000119 0.5 0.0249999762 0 0.0249999762 1 0.175000012 0.5 0.175000012 1 0.149999976 0.5 0.149999976 1 0.125 0.5 0.125 1 0.0999999642 0.5 0.0999999642 1 0.0749999881 0.5 0.0749999881 1 0.0500000119 0.5 0.0500000119 1 0.0249999762 0.5 0.0249999762 1 0 0.5 0 0.5 0 0 0 0 0.925000012 0 0.949999988 0.5 0.925000012 0.5 0.949999988 0 0.975000024 0.5 0.975000024 0 1 0.5 1 0.5 0.875 0.5 0.899999976 1 0.875 1 0.899999976 1 0.925000012 1 0.949999988 1 0.975000024 1 1 0 0.899999976 0 0.875 0.5 0.850000024 0 0.850000024 0.5 0.824999988 0 0.824999988 0.5 0.800000012 0 0.800000012 0.5 0.774999976 0 0.774999976 0.5 0.75 0 0.75 0.5 0.725000024 0 0.725000024 0.5 0.699999988 0 0.699999988 1 0.850000024 1 0.824999988 1 0.800000012 1 0.774999976 1 0.75 1 0.725000024 1 0.699999988 1 0.674999952 0.5 0.674999952 1 0.649999976 0.5 0.649999976 0 0.674999952 0 0.649999976 0.5 0.625 0 0.625 0.5 0.600000024 0 0.600000024 0.5 0.574999988 0 0.574999988 0.5 0.549999952 0 0.549999952 0.5 0.524999976 0 0.524999976 0.5 0.5 0 0.5 0.5 0.474999964 0 0.474999964 1 0.625 1 0.600000024 1 0.574999988 1 0.549999952 1 0.524999976 1 0.5 1 0.474999964 1 0.449999988 0.5 0.449999988 1 0.425000012 0.5 0.425000012 0 0.449999988 0 0.425000012 0.5 0.399999976 0 0.399999976 0.5 0.375 0 0.375 0.5 0.349999964 0 0.349999964 0.5 0.324999988 0 0.324999988 0.5 0.300000012 0 0.300000012 0.5 0.274999976 0 0.274999976 0.5 0.25 0 0.25 1 0.399999976 1 0.375 1 0.349999964 1 0.324999988 1 0.300000012 1 0.274999976 1 0.25 1 0.224999964 0.5 0.224999964 1 0.199999988 0.5 0.199999988 0 0.224999964 0 0.199999988 0.5 0.175000012 0 0.175000012 0.5 0.149999976 0 0.149999976 0.5 0.125 0 0.125 0.5 0.0999999642 0 0.0999999642 0.5 0.0749999881 0 0.0749999881 0.5 0.0500000119 0 0.0500000119 0.5 0.0249999762 0 0.0249999762 1 0.175000012 1 0.149999976 1 0.125 1 0.0999999642 1 0.0749999881 1 0.0500000119 1 0.0249999762 1 0 0.5 0 0 0 0 0.925000012 0 0.949999988 0.5 0.925000012 0.5 0.949999988 0 0.975000024 0.5 0.975000024 0 1 0.5 1 0.5 0.875 0.5 0.899999976 1 0.875 1 0.899999976 1 0.925000012 1 0.949999988 1 0.975000024 1 1 0 0.899999976 0 0.875 0.5 0.850000024 0 0.850000024 0.5 0.824999988 0 0.824999988 0.5 0.800000012 0 0.800000012 0.5 0.774999976 0 0.774999976 0.5 0.75 0 0.75 0.5 0.725000024 0 0.725000024 0.5 0.699999988 0 0.699999988 1 0.850000024 1 0.824999988 1 0.800000012 1 0.774999976 1 0.75 1 0.725000024 1 0.699999988 1 0.674999952 0.5 0.674999952 1 0.649999976 0.5 0.649999976 0 0.674999952 0 0.649999976 0.5 0.625 0 0.625 0.5 0.600000024 0 0.600000024 0.5 0.574999988 0 0.574999988 0.5 0.549999952 0 0.549999952 0.5 0.524999976 0 0.524999976 0.5 0.5 0 0.5 0.5 0.474999964 0 0.474999964 1 0.625 1 0.600000024 1 0.574999988 1 0.549999952 1 0.524999976 1 0.5 1 0.474999964 1 0.449999988 0.5 0.449999988 1 0.425000012 0.5 0.425000012 0 0.449999988 0 0.425000012 0.5 0.399999976 0 0.399999976 0.5 0.375 0 0.375 0.5 0.349999964 0 0.349999964 0.5 0.324999988 0 0.324999988 0.5 0.300000012 0 0.300000012 0.5 0.274999976 0 0.274999976 0.5 0.25 0 0.25 1 0.399999976 1 0.375 1 0.349999964 1 0.324999988 1 0.300000012 1 0.274999976 1 0.25 1 0.224999964 0.5 0.224999964 1 0.199999988 0.5 0.199999988 0 0.224999964 0 0.199999988 0.5 0.175000012 0 0.175000012 0.5 0.149999976 0 0.149999976 0.5 0.125 0 0.125 0.5 0.0999999642 0 0.0999999642 0.5 0.0749999881 0 0.0749999881 0.5 0.0500000119 0 0.0500000119 0.5 0.0249999762 0 0.0249999762 1 0.175000012 1 0.149999976 1 0.125 1 0.0999999642 1 0.0749999881 1 0.0500000119 1 0.0249999762 1 0 0.5 0 0 0 0 0.925000012 0 0.949999988 0.5 0.925000012 0.5 0.949999988 0 0.975000024 0.5 0.975000024 0 1 0.5 1 0.5 0.875 0.5 0.899999976 1 0.875 1 0.899999976 0.5 0.925000012 1 0.925000012 0.5 0.949999988 1 0.949999988 0.5 0.975000024 1 0.975000024 0.5 1 1 1 0.5 0.899999976 0 0.899999976 0.5 0.875 0 0.875 0.5 0.850000024 0 0.850000024 0.5 0.824999988 0 0.824999988 0.5 0.800000012 0 0.800000012 0.5 0.774999976 0 0.774999976 0.5 0.75 0 0.75 0.5 0.725000024 0 0.725000024 0.5 0.699999988 0 0.699999988 1 0.850000024 0.5 0.850000024 1 0.824999988 0.5 0.824999988 1 0.800000012 0.5 0.800000012 1 0.774999976 0.5 0.774999976 1 0.75 0.5 0.75 1 0.725000024 0.5 0.725000024 1 0.699999988 0.5 0.699999988 1 0.674999952 0.5 0.674999952 1 0.649999976 0.5 0.649999976 0.5 0.674999952 0 0.674999952 0.5 0.649999976 0 0.649999976 0.5 0.625 0 0.625 0.5 0.600000024 0 0.600000024 0.5 0.574999988 0 0.574999988 0.5 0.549999952 0 0.549999952 0.5 0.524999976 0 0.524999976 0.5 0.5 0 0.5 0.5 0.474999964 0 0.474999964 1 0.625 0.5 0.625 1 0.600000024 0.5 0.600000024 1 0.574999988 0.5 0.574999988 1 0.549999952 0.5 0.549999952 1 0.524999976 0.5 0.524999976 1 0.5 0.5 0.5 1 0.474999964 0.5 0.474999964 1 0.449999988 0.5 0.449999988 1 0.425000012 0.5 0.425000012 0.5 0.449999988 0 0.449999988 0.5 0.425000012 0 0.425000012 0.5 0.399999976 0 0.399999976 0.5 0.375 0 0.375 0.5 0.349999964 0 0.349999964 0.5 0.324999988 0 0.324999988 0.5 0.300000012 0 0.300000012 0.5 0.274999976 0 0.274999976 0.5 0.25 0 0.25 1 0.399999976 0.5 0.399999976 1 0.375 0.5 0.375 1 0.349999964 0.5 0.349999964 1 0.324999988 0.5 0.324999988 1 0.300000012 0.5 0.300000012 1 0.274999976 0.5 0.274999976 1 0.25 0.5 0.25 1 0.224999964 0.5 0.224999964 1 0.199999988 0.5 0.199999988 0.5 0.224999964 0 0.224999964 0.5 0.199999988 0 0.199999988 0.5 0.175000012 0 0.175000012 0.5 0.149999976 0 0.149999976 0.5 0.125 0 0.125 0.5 0.0999999642 0 0.0999999642 0.5 0.0749999881 0 0.0749999881 0.5 0.0500000119 0 0.0500000119 0.5 0.0249999762 0 0.0249999762 1 0.175000012 0.5 0.175000012 1 0.149999976 0.5 0.149999976 1 0.125 0.5 0.125 1 0.0999999642 0.5 0.0999999642 1 0.0749999881 0.5 0.0749999881 1 0.0500000119 0.5 0.0500000119 1 0.0249999762 0.5 0.0249999762 1 0 0.5 0 0.5 0 0 0 0 0.925000012 0 0.949999988 0.5 0.925000012 0.5 0.949999988 0 0.975000024 0.5 0.975000024 0 1 0.5 1 0.5 0.875 0.5 0.899999976 1 0.875 1 0.899999976 0.5 0.925000012 1 0.925000012 0.5 0.949999988 1 0.949999988 0.5 0.975000024 1 0.975000024 0.5 1 1 1 0.5 0.899999976 0 0.899999976 0.5 0.875 0 0.875 0.5 0.850000024 0 0.850000024 0.5 0.824999988 0 0.824999988 0.5 0.800000012 0 0.800000012 0.5 0.774999976 0 0.774999976 0.5 0.75 0 0.75 0.5 0.725000024 0 0.725000024 0.5 0.699999988 0 0.699999988 1 0.850000024 0.5 0.850000024 1 0.824999988 0.5 0.824999988 1 0.800000012 0.5 0.800000012 1 0.774999976 0.5 0.774999976 1 0.75 0.5 0.75 1 0.725000024 0.5 0.725000024 1 0.699999988 0.5 0.699999988 1 0.674999952 0.5 0.674999952 1 0.649999976 0.5 0.649999976 0.5 0.674999952 0 0.674999952 0.5 0.649999976 0 0.649999976 0.5 0.625 0 0.625 0.5 0.600000024 0 0.600000024 0.5 0.574999988 0 0.574999988 0.5 0.549999952 0 0.549999952 0.5 0.524999976 0 0.524999976 0.5 0.5 0 0.5 0.5 0.474999964 0 0.474999964 1 0.625 0.5 0.625 1 0.600000024 0.5 0.600000024 1 0.574999988 0.5 0.574999988 1 0.549999952 0.5 0.549999952 1 0.524999976 0.5 0.524999976 1 0.5 0.5 0.5 1 0.474999964 0.5 0.474999964 1 0.449999988 0.5 0.449999988 1 0.425000012 0.5 0.425000012 0.5 0.449999988 0 0.449999988 0.5 0.425000012 0 0.425000012 0.5 0.399999976 0 0.399999976 0.5 0.375 0 0.375 0.5 0.349999964 0 0.349999964 0.5 0.324999988 0 0.324999988 0.5 0.300000012 0 0.300000012 0.5 0.274999976 0 0.274999976 0.5 0.25 0 0.25 1 0.399999976 0.5 0.399999976 1 0.375 0.5 0.375 1 0.349999964 0.5 0.349999964 1 0.324999988 0.5 0.324999988 1 0.300000012 0.5 0.300000012 1 0.274999976 0.5 0.274999976 1 0.25 0.5 0.25 1 0.224999964 0.5 0.224999964 1 0.199999988 0.5 0.199999988 0.5 0.224999964 0 0.224999964 0.5 0.199999988 0 0.199999988 0.5 0.175000012 0 0.175000012 0.5 0.149999976 0 0.149999976 0.5 0.125 0 0.125 0.5 0.0999999642 0 0.0999999642 0.5 0.0749999881 0 0.0749999881 0.5 0.0500000119 0 0.0500000119 0.5 0.0249999762 0 0.0249999762 1 0.175000012 0.5 0.175000012 1 0.149999976 0.5 0.149999976 1 0.125 0.5 0.125 1 0.0999999642 0.5 0.0999999642 1 0.0749999881 0.5 0.0749999881 1 0.0500000119 0.5 0.0500000119 1 0.0249999762 0.5 0.0249999762 1 0 0.5 0 0.5 0 0 0 0 0.925000012 0 0.949999988 0.5 0.925000012 0.5 0.949999988 0 0.975000024 0.5 0.975000024 0 1 0.5 1 0.5 0.875 0.5 0.899999976 1 0.875 1 0.899999976 1 0.925000012 1 0.949999988 1 0.975000024 1 1 0 0.899999976 0 0.875 0.5 0.850000024 0 0.850000024 0.5 0.824999988 0 0.824999988 0.5 0.800000012 0 0.800000012 0.5 0.774999976 0 0.774999976 0.5 0.75 0 0.75 0.5 0.725000024 0 0.725000024 0.5 0.699999988 0 0.699999988 1 0.850000024 1 0.824999988 1 0.800000012 1 0.774999976 1 0.75 1 0.725000024 1 0.699999988 1 0.674999952 0.5 0.674999952 1 0.649999976 0.5 0.649999976 0 0.674999952 0 0.649999976 0.5 0.625 0 0.625 0.5 0.600000024 0 0.600000024 0.5 0.574999988 0 0.574999988 0.5 0.549999952 0 0.549999952 0.5 0.524999976 0 0.524999976 0.5 0.5 0 0.5 0.5 0.474999964 0 0.474999964 1 0.625 1 0.600000024 1 0.574999988 1 0.549999952 1 0.524999976 1 0.5 1 0.474999964 1 0.449999988 0.5 0.449999988 1 0.425000012 0.5 0.425000012 0 0.449999988 0 0.425000012 0.5 0.399999976 0 0.399999976 0.5 0.375 0 0.375 0.5 0.349999964 0 0.349999964 0.5 0.324999988 0 0.324999988 0.5 0.300000012 0 0.300000012 0.5 0.274999976 0 0.274999976 0.5 0.25 0 0.25 1 0.399999976 1 0.375 1 0.349999964 1 0.324999988 1 0.300000012 1 0.274999976 1 0.25 1 0.224999964 0.5 0.224999964 1 0.199999988 0.5 0.199999988 0 0.224999964 0 0.199999988 0.5 0.175000012 0 0.175000012 0.5 0.149999976 0 0.149999976 0.5 0.125 0 0.125 0.5 0.0999999642 0 0.0999999642 0.5 0.0749999881 0 0.0749999881 0.5 0.0500000119 0 0.0500000119 0.5 0.0249999762 0 0.0249999762 1 0.175000012 1 0.149999976 1 0.125 1 0.0999999642 1 0.0749999881 1 0.0500000119 1 0.0249999762 1 0 0.5 0 0 0 0 0.925000012 0 0.949999988 0.5 0.925000012 0.5 0.949999988 0 0.975000024 0.5 0.975000024 0 1 0.5 1 0.5 0.875 0.5 0.899999976 1 0.875 1 0.899999976 0.5 0.925000012 1 0.925000012 0.5 0.949999988 1 0.949999988 0.5 0.975000024 1 0.975000024 0.5 1 1 1 0.5 0.899999976 0 0.899999976 0.5 0.875 0 0.875 0.5 0.850000024 0 0.850000024 0.5 0.824999988 0 0.824999988 0.5 0.800000012 0 0.800000012 0.5 0.774999976 0 0.774999976 0.5 0.75 0 0.75 0.5 0.725000024 0 0.725000024 0.5 0.699999988 0 0.699999988 1 0.850000024 0.5 0.850000024 1 0.824999988 0.5 0.824999988 1 0.800000012 0.5 0.800000012 1 0.774999976 0.5 0.774999976 1 0.75 0.5 0.75 1 0.725000024 0.5 0.725000024 1 0.699999988 0.5 0.699999988 1 0.674999952 0.5 0.674999952 1 0.649999976 0.5 0.649999976 0.5 0.674999952 0 0.674999952 0.5 0.649999976 0 0.649999976 0.5 0.625 0 0.625 0.5 0.600000024 0 0.600000024 0.5 0.574999988 0 0.574999988 0.5 0.549999952 0 0.549999952 0.5 0.524999976 0 0.524999976 0.5 0.5 0 0.5 0.5 0.474999964 0 0.474999964 1 0.625 0.5 0.625 1 0.600000024 0.5 0.600000024 1 0.574999988 0.5 0.574999988 1 0.549999952 0.5 0.549999952 1 0.524999976 0.5 0.524999976 1 0.5 0.5 0.5 1 0.474999964 0.5 0.474999964 1 0.449999988 0.5 0.449999988 1 0.425000012 0.5 0.425000012 0.5 0.449999988 0 0.449999988 0.5 0.425000012 0 0.425000012 0.5 0.399999976 0 0.399999976 0.5 0.375 0 0.375 0.5 0.349999964 0 0.349999964 0.5 0.324999988 0 0.324999988 0.5 0.300000012 0 0.300000012 0.5 0.274999976 0 0.274999976 0.5 0.25 0 0.25 1 0.399999976 0.5 0.399999976 1 0.375 0.5 0.375 1 0.349999964 0.5 0.349999964 1 0.324999988 0.5 0.324999988 1 0.300000012 0.5 0.300000012 1 0.274999976 0.5 0.274999976 1 0.25 0.5 0.25 1 0.224999964 0.5 0.224999964 1 0.199999988 0.5 0.199999988 0.5 0.224999964 0 0.224999964 0.5 0.199999988 0 0.199999988 0.5 0.175000012 0 0.175000012 0.5 0.149999976 0 0.149999976 0.5 0.125 0 0.125 0.5 0.0999999642 0 0.0999999642 0.5 0.0749999881 0 0.0749999881 0.5 0.0500000119 0 0.0500000119 0.5 0.0249999762 0 0.0249999762 1 0.175000012 0.5 0.175000012 1 0.149999976 0.5 0.149999976 1 0.125 0.5 0.125 1 0.0999999642 0.5 0.0999999642 1 0.0749999881 0.5 0.0749999881 1 0.0500000119 0.5 0.0500000119 1 0.0249999762 0.5 0.0249999762 1 0 0.5 0 0.5 0 0 0</float_array>
        <technique_common><accessor source="#vfx_kurp_0042-mesh-uv0-array" count="1148" stride="2"><param name="S" type="float"/><param name="T" type="float"/></accessor></technique_common>
      </source>
      <source id="vfx_kurp_0042-mesh-colors">
        <float_array id="vfx_kurp_0042-mesh-colors-array" count="4592">0.490196109 0.490196109 0.490196109 1 0.490196109 0.490196109 0.490196109 1 0.490196109 0.490196109 0.490196109 1 0.490196109 0.490196109 0.490196109 1 0.490196109 0.490196109 0.490196109 0.299999982 0.490196109 0.490196109 0.490196109 0.299999982 0.490196109 0.490196109 0.490196109 0 0.490196109 0.490196109 0.490196109 0 0.490196109 0.490196109 0.490196109 1 0.490196109 0.490196109 0.490196109 1 0.490196109 0.490196109 0.490196109 1 0.490196109 0.490196109 0.490196109 1 0.490196109 0.490196109 0.490196109 1 0.490196109 0.490196109 0.490196109 1 0.490196109 0.490196109 0.490196109 0.299999982 0.490196109 0.490196109 0.490196109 0 0.490196109 0.490196109 0.490196109 1 0.490196109 0.490196109 0.490196109 1 0.490196109 0.490196109 0.490196109 1 0.490196109 0.490196109 0.490196109 1 0.490196109 0.490196109 0.490196109 1 0.490196109 0.490196109 0.490196109 1 0.490196109 0.490196109 0.490196109 1 0.490196109 0.490196109 0.490196109 1 0.490196109 0.490196109 0.490196109 1 0.490196109 0.490196109 0.490196109 1 0.490196109 0.490196109 0.490196109 1 0.490196109 0.490196109 0.490196109 1 0.490196109 0.490196109 0.490196109 1 0.490196109 0.490196109 0.490196109 1 0.490196109 0.490196109 0.490196109 1 0.490196109 0.490196109 0.490196109 1 0.490196109 0.490196109 0.490196109 1 0.490196109 0.490196109 0.490196109 1 0.490196109 0.490196109 0.490196109 1 0.490196109 0.490196109 0.490196109 1 0.490196109 0.490196109 0.490196109 1 0.490196109 0.490196109 0.490196109 1 0.490196109 0.490196109 0.490196109 1 0.490196109 0.490196109 0.490196109 1 0.490196109 0.490196109 0.490196109 1 0.490196109 0.490196109 0.490196109 1 0.490196109 0.490196109 0.490196109 1 0.490196109 0.490196109 0.490196109 1 0.490196109 0.490196109 0.490196109 1 0.490196109 0.490196109 0.490196109 1 0.490196109 0.490196109 0.490196109 1 0.490196109 0.490196109 0.490196109 1 0.490196109 0.490196109 0.490196109 1 0.490196109 0.490196109 0.490196109 1 0.490196109 0.490196109 0.490196109 1 0.490196109 0.490196109 0.490196109 1 0.490196109 0.490196109 0.490196109 1 0.490196109 0.490196109 0.490196109 1 0.490196109 0.490196109 0.490196109 1 0.490196109 0.490196109 0.490196109 1 0.490196109 0.490196109 0.490196109 1 0.490196109 0.490196109 0.490196109 1 0.490196109 0.490196109 0.490196109 1 0.490196109 0.490196109 0.490196109 1 0.490196109 0.490196109 0.490196109 1 0.490196109 0.490196109 0.490196109 1 0.490196109 0.490196109 0.490196109 1 0.490196109 0.490196109 0.490196109 1 0.490196109 0.490196109 0.490196109 1 0.490196109 0.490196109 0.490196109 1 0.490196109 0.490196109 0.490196109 1 0.490196109 0.490196109 0.490196109 1 0.490196109 0.490196109 0.490196109 1 0.490196109 0.490196109 0.490196109 1 0.490196109 0.490196109 0.490196109 1 0.490196109 0.490196109 0.490196109 1 0.490196109 0.490196109 0.490196109 1 0.490196109 0.490196109 0.490196109 1 0.490196109 0.490196109 0.490196109 1 0.490196109 0.490196109 0.490196109 1 0.490196109 0.490196109 0.490196109 1 0.490196109 0.490196109 0.490196109 1 0.490196109 0.490196109 0.490196109 1 0.490196109 0.490196109 0.490196109 1 0.490196109 0.490196109 0.490196109 1 0.490196109 0.490196109 0.490196109 1 0.490196109 0.490196109 0.490196109 1 0.490196109 0.490196109 0.490196109 1 0.490196109 0.490196109 0.490196109 1 0.490196109 0.490196109 0.490196109 1 0.490196109 0.490196109 0.490196109 1 0.490196109 0.490196109 0.490196109 1 0.490196109 0.490196109 0.490196109 1 0.490196109 0.490196109 0.490196109 1 0.490196109 0.490196109 0.490196109 1 0.490196109 0.490196109 0.490196109 1 0.490196109 0.490196109 0.490196109 1 0.490196109 0.490196109 0.490196109 1 0.490196109 0.490196109 0.490196109 1 0.490196109 0.490196109 0.490196109 1 0.490196109 0.490196109 0.490196109 1 0.490196109 0.490196109 0.490196109 1 0.490196109 0.490196109 0.490196109 1 0.490196109 0.490196109 0.490196109 1 0.490196109 0.490196109 0.490196109 1 0.490196109 0.490196109 0.490196109 1 0.490196109 0.490196109 0.490196109 1 0.490196109 0.490196109 0.490196109 1 0.490196109 0.490196109 0.490196109 1 0.490196109 0.490196109 0.490196109 1 0.490196109 0.490196109 0.490196109 1 0.490196109 0.490196109 0.490196109 1 0.490196109 0.490196109 0.490196109 1 0.490196109 0.490196109 0.490196109 1 0.490196109 0.490196109 0.490196109 1 0.490196109 0.490196109 0.490196109 0.299999982 0.490196109 0.490196109 0.490196109 0.299999982 0.490196109 0.490196109 0.490196109 1 0.490196109 0.490196109 0.490196109 1 0.490196109 0.490196109 0.490196109 1 0.490196109 0.490196109 0.490196109 1 0.490196109 0.490196109 0.490196109 1 0.490196109 0.490196109 0.490196109 1 0.490196109 0.490196109 0.490196109 0.299999982 0.490196109 0.490196109 0.490196109 0 0.490196109 0.490196109 0.490196109 1 0.490196109 0.490196109 0.490196109 0 0.490196109 0.490196109 0.490196109 1 0.490196109 0.490196109 0.490196109 1 0.490196109 0.490196109 0.490196109 1 0.490196109 0.490196109 0.490196109 1 0.490196109 0.490196109 0.490196109 0.299999982 0.490196109 0.490196109 0.490196109 0.299999982 0.490196109 0.490196109 0.490196109 0 0.490196109 0.490196109 0.490196109 0 0.490196109 0.490196109 0.490196109 1 0.490196109 0.490196109 0.490196109 1 0.490196109 0.490196109 0.490196109 1 0.490196109 0.490196109 0.490196109 1 0.490196109 0.490196109 0.490196109 1 0.490196109 0.490196109 0.490196109 1 0.490196109 0.490196109 0.490196109 1 0.490196109 0.490196109 0.490196109 1 0.490196109 0.490196109 0.490196109 0.299999982 0.490196109 0.490196109 0.490196109 0.299999982 0.490196109 0.490196109 0.490196109 0 0.490196109 0.490196109 0.490196109 0 0.490196109 0.490196109 0.490196109 1 0.490196109 0.490196109 0.490196109 1 0.490196109 0.490196109 0.490196109 1 0.490196109 0.490196109 0.490196109 1 0.490196109 0.490196109 0.490196109 1 0.490196109 0.490196109 0.490196109 1 0.490196109 0.490196109 0.490196109 1 0.490196109 0.490196109 0.490196109 1 0.490196109 0.490196109 0.490196109 1 0.490196109 0.490196109 0.490196109 1 0.490196109 0.490196109 0.490196109 1 0.490196109 0.490196109 0.490196109 1 0.490196109 0.490196109 0.490196109 1 0.490196109 0.490196109 0.490196109 1 0.490196109 0.490196109 0.490196109 1 0.490196109 0.490196109 0.490196109 1 0.490196109 0.490196109 0.490196109 1 0.490196109 0.490196109 0.490196109 1 0.490196109 0.490196109 0.490196109 1 0.490196109 0.490196109 0.490196109 1 0.490196109 0.490196109 0.490196109 1 0.490196109 0.490196109 0.490196109 1 0.490196109 0.490196109 0.490196109 1 0.490196109 0.490196109 0.490196109 1 0.490196109 0.490196109 0.490196109 1 0.490196109 0.490196109 0.490196109 1 0.490196109 0.490196109 0.490196109 1 0.490196109 0.490196109 0.490196109 1 0.490196109 0.490196109 0.490196109 1 0.490196109 0.490196109 0.490196109 1 0.490196109 0.490196109 0.490196109 1 0.490196109 0.490196109 0.490196109 1 0.490196109 0.490196109 0.490196109 1 0.490196109 0.490196109 0.490196109 1 0.490196109 0.490196109 0.490196109 1 0.490196109 0.490196109 0.490196109 1 0.490196109 0.490196109 0.490196109 1 0.490196109 0.490196109 0.490196109 1 0.490196109 0.490196109 0.490196109 1 0.490196109 0.490196109 0.490196109 1 0.490196109 0.490196109 0.490196109 1 0.490196109 0.490196109 0.490196109 1 0.490196109 0.490196109 0.490196109 1 0.490196109 0.490196109 0.490196109 1 0.490196109 0.490196109 0.490196109 1 0.490196109 0.490196109 0.490196109 1 0.490196109 0.490196109 0.490196109 1 0.490196109 0.490196109 0.490196109 1 0.490196109 0.490196109 0.490196109 1 0.490196109 0.490196109 0.490196109 1 0.490196109 0.490196109 0.490196109 1 0.490196109 0.490196109 0.490196109 1 0.490196109 0.490196109 0.490196109 1 0.490196109 0.490196109 0.490196109 1 0.490196109 0.490196109 0.490196109 1 0.490196109 0.490196109 0.490196109 1 0.490196109 0.490196109 0.490196109 1 0.490196109 0.490196109 0.490196109 1 0.490196109 0.490196109 0.490196109 1 0.490196109 0.490196109 0.490196109 1 0.490196109 0.490196109 0.490196109 1 0.490196109 0.490196109 0.490196109 1 0.490196109 0.490196109 0.490196109 1 0.490196109 0.490196109 0.490196109 1 0.490196109 0.490196109 0.490196109 1 0.490196109 0.490196109 0.490196109 1 0.490196109 0.490196109 0.490196109 1 0.490196109 0.490196109 0.490196109 1 0.490196109 0.490196109 0.490196109 1 0.490196109 0.490196109 0.490196109 1 0.490196109 0.490196109 0.490196109 1 0.490196109 0.490196109 0.490196109 1 0.490196109 0.490196109 0.490196109 1 0.490196109 0.490196109 0.490196109 1 0.490196109 0.490196109 0.490196109 1 0.490196109 0.490196109 0.490196109 1 0.490196109 0.490196109 0.490196109 1 0.490196109 0.490196109 0.490196109 1 0.490196109 0.490196109 0.490196109 1 0.490196109 0.490196109 0.490196109 1 0.490196109 0.490196109 0.490196109 1 0.490196109 0.490196109 0.490196109 1 0.490196109 0.490196109 0.490196109 1 0.490196109 0.490196109 0.490196109 1 0.490196109 0.490196109 0.490196109 1 0.490196109 0.490196109 0.490196109 1 0.490196109 0.490196109 0.490196109 1 0.490196109 0.490196109 0.490196109 1 0.490196109 0.490196109 0.490196109 1 0.490196109 0.490196109 0.490196109 1 0.490196109 0.490196109 0.490196109 1 0.490196109 0.490196109 0.490196109 1 0.490196109 0.490196109 0.490196109 1 0.490196109 0.490196109 0.490196109 1 0.490196109 0.490196109 0.490196109 1 0.490196109 0.490196109 0.490196109 1 0.490196109 0.490196109 0.490196109 1 0.490196109 0.490196109 0.490196109 1 0.490196109 0.490196109 0.490196109 1 0.490196109 0.490196109 0.490196109 1 0.490196109 0.490196109 0.490196109 1 0.490196109 0.490196109 0.490196109 1 0.490196109 0.490196109 0.490196109 1 0.490196109 0.490196109 0.490196109 1 0.490196109 0.490196109 0.490196109 1 0.490196109 0.490196109 0.490196109 1 0.490196109 0.490196109 0.490196109 1 0.490196109 0.490196109 0.490196109 1 0.490196109 0.490196109 0.490196109 1 0.490196109 0.490196109 0.490196109 1 0.490196109 0.490196109 0.490196109 1 0.490196109 0.490196109 0.490196109 1 0.490196109 0.490196109 0.490196109 1 0.490196109 0.490196109 0.490196109 1 0.490196109 0.490196109 0.490196109 1 0.490196109 0.490196109 0.490196109 1 0.490196109 0.490196109 0.490196109 1 0.490196109 0.490196109 0.490196109 1 0.490196109 0.490196109 0.490196109 1 0.490196109 0.490196109 0.490196109 1 0.490196109 0.490196109 0.490196109 1 0.490196109 0.490196109 0.490196109 1 0.490196109 0.490196109 0.490196109 1 0.490196109 0.490196109 0.490196109 1 0.490196109 0.490196109 0.490196109 0.299999982 0.490196109 0.490196109 0.490196109 0.299999982 0.490196109 0.490196109 0.490196109 1 0.490196109 0.490196109 0.490196109 1 0.490196109 0.490196109 0.490196109 1 0.490196109 0.490196109 0.490196109 1 0.490196109 0.490196109 0.490196109 1 0.490196109 0.490196109 0.490196109 1 0.490196109 0.490196109 0.490196109 1 0.490196109 0.490196109 0.490196109 1 0.490196109 0.490196109 0.490196109 1 0.490196109 0.490196109 0.490196109 1 0.490196109 0.490196109 0.490196109 1 0.490196109 0.490196109 0.490196109 1 0.490196109 0.490196109 0.490196109 0.299999982 0.490196109 0.490196109 0.490196109 0.299999982 0.490196109 0.490196109 0.490196109 0 0.490196109 0.490196109 0.490196109 1 0.490196109 0.490196109 0.490196109 1 0.490196109 0.490196109 0.490196109 0 0.490196109 0.490196109 0.490196109 1 0.490196109 0.490196109 0.490196109 1 0.490196109 0.490196109 0.490196109 1 0.490196109 0.490196109 0.490196109 1 0.490196109 0.490196109 0.490196109 0.299999982 0.490196109 0.490196109 0.490196109 0.299999982 0.490196109 0.490196109 0.490196109 0 0.490196109 0.490196109 0.490196109 0 0.490196109 0.490196109 0.490196109 1 0.490196109 0.490196109 0.490196109 1 0.490196109 0.490196109 0.490196109 1 0.490196109 0.490196109 0.490196109 1 0.490196109 0.490196109 0.490196109 1 0.490196109 0.490196109 0.490196109 1 0.490196109 0.490196109 0.490196109 0.299999982 0.490196109 0.490196109 0.490196109 0 0.490196109 0.490196109 0.490196109 1 0.490196109 0.490196109 0.490196109 1 0.490196109 0.490196109 0.490196109 1 0.490196109 0.490196109 0.490196109 1 0.490196109 0.490196109 0.490196109 1 0.490196109 0.490196109 0.490196109 1 0.490196109 0.490196109 0.490196109 1 0.490196109 0.490196109 0.490196109 1 0.490196109 0.490196109 0.490196109 1 0.490196109 0.490196109 0.490196109 1 0.490196109 0.490196109 0.490196109 1 0.490196109 0.490196109 0.490196109 1 0.490196109 0.490196109 0.490196109 1 0.490196109 0.490196109 0.490196109 1 0.490196109 0.490196109 0.490196109 1 0.490196109 0.490196109 0.490196109 1 0.490196109 0.490196109 0.490196109 1 0.490196109 0.490196109 0.490196109 1 0.490196109 0.490196109 0.490196109 1 0.490196109 0.490196109 0.490196109 1 0.490196109 0.490196109 0.490196109 1 0.490196109 0.490196109 0.490196109 1 0.490196109 0.490196109 0.490196109 1 0.490196109 0.490196109 0.490196109 1 0.490196109 0.490196109 0.490196109 1 0.490196109 0.490196109 0.490196109 1 0.490196109 0.490196109 0.490196109 1 0.490196109 0.490196109 0.490196109 1 0.490196109 0.490196109 0.490196109 1 0.490196109 0.490196109 0.490196109 1 0.490196109 0.490196109 0.490196109 1 0.490196109 0.490196109 0.490196109 1 0.490196109 0.490196109 0.490196109 1 0.490196109 0.490196109 0.490196109 1 0.490196109 0.490196109 0.490196109 1 0.490196109 0.490196109 0.490196109 1 0.490196109 0.490196109 0.490196109 1 0.490196109 0.490196109 0.490196109 1 0.490196109 0.490196109 0.490196109 1 0.490196109 0.490196109 0.490196109 1 0.490196109 0.490196109 0.490196109 1 0.490196109 0.490196109 0.490196109 1 0.490196109 0.490196109 0.490196109 1 0.490196109 0.490196109 0.490196109 1 0.490196109 0.490196109 0.490196109 1 0.490196109 0.490196109 0.490196109 1 0.490196109 0.490196109 0.490196109 1 0.490196109 0.490196109 0.490196109 1 0.490196109 0.490196109 0.490196109 1 0.490196109 0.490196109 0.490196109 1 0.490196109 0.490196109 0.490196109 1 0.490196109 0.490196109 0.490196109 1 0.490196109 0.490196109 0.490196109 1 0.490196109 0.490196109 0.490196109 1 0.490196109 0.490196109 0.490196109 1 0.490196109 0.490196109 0.490196109 1 0.490196109 0.490196109 0.490196109 1 0.490196109 0.490196109 0.490196109 1 0.490196109 0.490196109 0.490196109 1 0.490196109 0.490196109 0.490196109 1 0.490196109 0.490196109 0.490196109 1 0.490196109 0.490196109 0.490196109 1 0.490196109 0.490196109 0.490196109 1 0.490196109 0.490196109 0.490196109 1 0.490196109 0.490196109 0.490196109 1 0.490196109 0.490196109 0.490196109 1 0.490196109 0.490196109 0.490196109 1 0.490196109 0.490196109 0.490196109 1 0.490196109 0.490196109 0.490196109 1 0.490196109 0.490196109 0.490196109 1 0.490196109 0.490196109 0.490196109 1 0.490196109 0.490196109 0.490196109 1 0.490196109 0.490196109 0.490196109 1 0.490196109 0.490196109 0.490196109 1 0.490196109 0.490196109 0.490196109 1 0.490196109 0.490196109 0.490196109 1 0.490196109 0.490196109 0.490196109 1 0.490196109 0.490196109 0.490196109 1 0.490196109 0.490196109 0.490196109 1 0.490196109 0.490196109 0.490196109 1 0.490196109 0.490196109 0.490196109 1 0.490196109 0.490196109 0.490196109 1 0.490196109 0.490196109 0.490196109 1 0.490196109 0.490196109 0.490196109 1 0.490196109 0.490196109 0.490196109 1 0.490196109 0.490196109 0.490196109 1 0.490196109 0.490196109 0.490196109 1 0.490196109 0.490196109 0.490196109 1 0.490196109 0.490196109 0.490196109 1 0.490196109 0.490196109 0.490196109 1 0.490196109 0.490196109 0.490196109 1 0.490196109 0.490196109 0.490196109 1 0.490196109 0.490196109 0.490196109 1 0.490196109 0.490196109 0.490196109 1 0.490196109 0.490196109 0.490196109 1 0.490196109 0.490196109 0.490196109 0.299999982 0.490196109 0.490196109 0.490196109 0.299999982 0.490196109 0.490196109 0.490196109 1 0.490196109 0.490196109 0.490196109 1 0.490196109 0.490196109 0.490196109 1 0.490196109 0.490196109 0.490196109 1 0.490196109 0.490196109 0.490196109 1 0.490196109 0.490196109 0.490196109 1 0.490196109 0.490196109 0.490196109 0.299999982 0.490196109 0.490196109 0.490196109 0 0.490196109 0.490196109 0.490196109 1 0.490196109 0.490196109 0.490196109 0 0.490196109 0.490196109 0.490196109 1 0.490196109 0.490196109 0.490196109 1 0.490196109 0.490196109 0.490196109 1 0.490196109 0.490196109 0.490196109 1 0.490196109 0.490196109 0.490196109 0.299999982 0.490196109 0.490196109 0.490196109 0.299999982 0.490196109 0.490196109 0.490196109 0 0.490196109 0.490196109 0.490196109 0 0.490196109 0.490196109 0.490196109 1 0.490196109 0.490196109 0.490196109 1 0.490196109 0.490196109 0.490196109 1 0.490196109 0.490196109 0.490196109 1 0.490196109 0.490196109 0.490196109 1 0.490196109 0.490196109 0.490196109 1 0.490196109 0.490196109 0.490196109 0.299999982 0.490196109 0.490196109 0.490196109 0 0.490196109 0.490196109 0.490196109 1 0.490196109 0.490196109 0.490196109 1 0.490196109 0.490196109 0.490196109 1 0.490196109 0.490196109 0.490196109 1 0.490196109 0.490196109 0.490196109 1 0.490196109 0.490196109 0.490196109 1 0.490196109 0.490196109 0.490196109 1 0.490196109 0.490196109 0.490196109 1 0.490196109 0.490196109 0.490196109 1 0.490196109 0.490196109 0.490196109 1 0.490196109 0.490196109 0.490196109 1 0.490196109 0.490196109 0.490196109 1 0.490196109 0.490196109 0.490196109 1 0.490196109 0.490196109 0.490196109 1 0.490196109 0.490196109 0.490196109 1 0.490196109 0.490196109 0.490196109 1 0.490196109 0.490196109 0.490196109 1 0.490196109 0.490196109 0.490196109 1 0.490196109 0.490196109 0.490196109 1 0.490196109 0.490196109 0.490196109 1 0.490196109 0.490196109 0.490196109 1 0.490196109 0.490196109 0.490196109 1 0.490196109 0.490196109 0.490196109 1 0.490196109 0.490196109 0.490196109 1 0.490196109 0.490196109 0.490196109 1 0.490196109 0.490196109 0.490196109 1 0.490196109 0.490196109 0.490196109 1 0.490196109 0.490196109 0.490196109 1 0.490196109 0.490196109 0.490196109 1 0.490196109 0.490196109 0.490196109 1 0.490196109 0.490196109 0.490196109 1 0.490196109 0.490196109 0.490196109 1 0.490196109 0.490196109 0.490196109 1 0.490196109 0.490196109 0.490196109 1 0.490196109 0.490196109 0.490196109 1 0.490196109 0.490196109 0.490196109 1 0.490196109 0.490196109 0.490196109 1 0.490196109 0.490196109 0.490196109 1 0.490196109 0.490196109 0.490196109 1 0.490196109 0.490196109 0.490196109 1 0.490196109 0.490196109 0.490196109 1 0.490196109 0.490196109 0.490196109 1 0.490196109 0.490196109 0.490196109 1 0.490196109 0.490196109 0.490196109 1 0.490196109 0.490196109 0.490196109 1 0.490196109 0.490196109 0.490196109 1 0.490196109 0.490196109 0.490196109 1 0.490196109 0.490196109 0.490196109 1 0.490196109 0.490196109 0.490196109 1 0.490196109 0.490196109 0.490196109 1 0.490196109 0.490196109 0.490196109 1 0.490196109 0.490196109 0.490196109 1 0.490196109 0.490196109 0.490196109 1 0.490196109 0.490196109 0.490196109 1 0.490196109 0.490196109 0.490196109 1 0.490196109 0.490196109 0.490196109 1 0.490196109 0.490196109 0.490196109 1 0.490196109 0.490196109 0.490196109 1 0.490196109 0.490196109 0.490196109 1 0.490196109 0.490196109 0.490196109 1 0.490196109 0.490196109 0.490196109 1 0.490196109 0.490196109 0.490196109 1 0.490196109 0.490196109 0.490196109 1 0.490196109 0.490196109 0.490196109 1 0.490196109 0.490196109 0.490196109 1 0.490196109 0.490196109 0.490196109 1 0.490196109 0.490196109 0.490196109 1 0.490196109 0.490196109 0.490196109 1 0.490196109 0.490196109 0.490196109 1 0.490196109 0.490196109 0.490196109 1 0.490196109 0.490196109 0.490196109 1 0.490196109 0.490196109 0.490196109 1 0.490196109 0.490196109 0.490196109 1 0.490196109 0.490196109 0.490196109 1 0.490196109 0.490196109 0.490196109 1 0.490196109 0.490196109 0.490196109 1 0.490196109 0.490196109 0.490196109 1 0.490196109 0.490196109 0.490196109 1 0.490196109 0.490196109 0.490196109 1 0.490196109 0.490196109 0.490196109 1 0.490196109 0.490196109 0.490196109 1 0.490196109 0.490196109 0.490196109 1 0.490196109 0.490196109 0.490196109 1 0.490196109 0.490196109 0.490196109 1 0.490196109 0.490196109 0.490196109 1 0.490196109 0.490196109 0.490196109 1 0.490196109 0.490196109 0.490196109 1 0.490196109 0.490196109 0.490196109 1 0.490196109 0.490196109 0.490196109 1 0.490196109 0.490196109 0.490196109 1 0.490196109 0.490196109 0.490196109 1 0.490196109 0.490196109 0.490196109 1 0.490196109 0.490196109 0.490196109 1 0.490196109 0.490196109 0.490196109 1 0.490196109 0.490196109 0.490196109 1 0.490196109 0.490196109 0.490196109 0.299999982 0.490196109 0.490196109 0.490196109 0.299999982 0.490196109 0.490196109 0.490196109 1 0.490196109 0.490196109 0.490196109 1 0.490196109 0.490196109 0.490196109 1 0.490196109 0.490196109 0.490196109 1 0.490196109 0.490196109 0.490196109 1 0.490196109 0.490196109 0.490196109 1 0.490196109 0.490196109 0.490196109 0.299999982 0.490196109 0.490196109 0.490196109 0 0.490196109 0.490196109 0.490196109 1 0.490196109 0.490196109 0.490196109 0 0.490196109 0.490196109 0.490196109 1 0.490196109 0.490196109 0.490196109 1 0.490196109 0.490196109 0.490196109 1 0.490196109 0.490196109 0.490196109 1 0.490196109 0.490196109 0.490196109 0.299999982 0.490196109 0.490196109 0.490196109 0.299999982 0.490196109 0.490196109 0.490196109 0 0.490196109 0.490196109 0.490196109 0 0.490196109 0.490196109 0.490196109 1 0.490196109 0.490196109 0.490196109 1 0.490196109 0.490196109 0.490196109 1 0.490196109 0.490196109 0.490196109 1 0.490196109 0.490196109 0.490196109 1 0.490196109 0.490196109 0.490196109 1 0.490196109 0.490196109 0.490196109 1 0.490196109 0.490196109 0.490196109 1 0.490196109 0.490196109 0.490196109 0.299999982 0.490196109 0.490196109 0.490196109 0.299999982 0.490196109 0.490196109 0.490196109 0 0.490196109 0.490196109 0.490196109 0 0.490196109 0.490196109 0.490196109 1 0.490196109 0.490196109 0.490196109 1 0.490196109 0.490196109 0.490196109 1 0.490196109 0.490196109 0.490196109 1 0.490196109 0.490196109 0.490196109 1 0.490196109 0.490196109 0.490196109 1 0.490196109 0.490196109 0.490196109 1 0.490196109 0.490196109 0.490196109 1 0.490196109 0.490196109 0.490196109 1 0.490196109 0.490196109 0.490196109 1 0.490196109 0.490196109 0.490196109 1 0.490196109 0.490196109 0.490196109 1 0.490196109 0.490196109 0.490196109 1 0.490196109 0.490196109 0.490196109 1 0.490196109 0.490196109 0.490196109 1 0.490196109 0.490196109 0.490196109 1 0.490196109 0.490196109 0.490196109 1 0.490196109 0.490196109 0.490196109 1 0.490196109 0.490196109 0.490196109 1 0.490196109 0.490196109 0.490196109 1 0.490196109 0.490196109 0.490196109 1 0.490196109 0.490196109 0.490196109 1 0.490196109 0.490196109 0.490196109 1 0.490196109 0.490196109 0.490196109 1 0.490196109 0.490196109 0.490196109 1 0.490196109 0.490196109 0.490196109 1 0.490196109 0.490196109 0.490196109 1 0.490196109 0.490196109 0.490196109 1 0.490196109 0.490196109 0.490196109 1 0.490196109 0.490196109 0.490196109 1 0.490196109 0.490196109 0.490196109 1 0.490196109 0.490196109 0.490196109 1 0.490196109 0.490196109 0.490196109 1 0.490196109 0.490196109 0.490196109 1 0.490196109 0.490196109 0.490196109 1 0.490196109 0.490196109 0.490196109 1 0.490196109 0.490196109 0.490196109 1 0.490196109 0.490196109 0.490196109 1 0.490196109 0.490196109 0.490196109 1 0.490196109 0.490196109 0.490196109 1 0.490196109 0.490196109 0.490196109 1 0.490196109 0.490196109 0.490196109 1 0.490196109 0.490196109 0.490196109 1 0.490196109 0.490196109 0.490196109 1 0.490196109 0.490196109 0.490196109 1 0.490196109 0.490196109 0.490196109 1 0.490196109 0.490196109 0.490196109 1 0.490196109 0.490196109 0.490196109 1 0.490196109 0.490196109 0.490196109 1 0.490196109 0.490196109 0.490196109 1 0.490196109 0.490196109 0.490196109 1 0.490196109 0.490196109 0.490196109 1 0.490196109 0.490196109 0.490196109 1 0.490196109 0.490196109 0.490196109 1 0.490196109 0.490196109 0.490196109 1 0.490196109 0.490196109 0.490196109 1 0.490196109 0.490196109 0.490196109 1 0.490196109 0.490196109 0.490196109 1 0.490196109 0.490196109 0.490196109 1 0.490196109 0.490196109 0.490196109 1 0.490196109 0.490196109 0.490196109 1 0.490196109 0.490196109 0.490196109 1 0.490196109 0.490196109 0.490196109 1 0.490196109 0.490196109 0.490196109 1 0.490196109 0.490196109 0.490196109 1 0.490196109 0.490196109 0.490196109 1 0.490196109 0.490196109 0.490196109 1 0.490196109 0.490196109 0.490196109 1 0.490196109 0.490196109 0.490196109 1 0.490196109 0.490196109 0.490196109 1 0.490196109 0.490196109 0.490196109 1 0.490196109 0.490196109 0.490196109 1 0.490196109 0.490196109 0.490196109 1 0.490196109 0.490196109 0.490196109 1 0.490196109 0.490196109 0.490196109 1 0.490196109 0.490196109 0.490196109 1 0.490196109 0.490196109 0.490196109 1 0.490196109 0.490196109 0.490196109 1 0.490196109 0.490196109 0.490196109 1 0.490196109 0.490196109 0.490196109 1 0.490196109 0.490196109 0.490196109 1 0.490196109 0.490196109 0.490196109 1 0.490196109 0.490196109 0.490196109 1 0.490196109 0.490196109 0.490196109 1 0.490196109 0.490196109 0.490196109 1 0.490196109 0.490196109 0.490196109 1 0.490196109 0.490196109 0.490196109 1 0.490196109 0.490196109 0.490196109 1 0.490196109 0.490196109 0.490196109 1 0.490196109 0.490196109 0.490196109 1 0.490196109 0.490196109 0.490196109 1 0.490196109 0.490196109 0.490196109 1 0.490196109 0.490196109 0.490196109 1 0.490196109 0.490196109 0.490196109 1 0.490196109 0.490196109 0.490196109 1 0.490196109 0.490196109 0.490196109 1 0.490196109 0.490196109 0.490196109 1 0.490196109 0.490196109 0.490196109 1 0.490196109 0.490196109 0.490196109 1 0.490196109 0.490196109 0.490196109 1 0.490196109 0.490196109 0.490196109 1 0.490196109 0.490196109 0.490196109 1 0.490196109 0.490196109 0.490196109 1 0.490196109 0.490196109 0.490196109 1 0.490196109 0.490196109 0.490196109 1 0.490196109 0.490196109 0.490196109 1 0.490196109 0.490196109 0.490196109 1 0.490196109 0.490196109 0.490196109 1 0.490196109 0.490196109 0.490196109 1 0.490196109 0.490196109 0.490196109 1 0.490196109 0.490196109 0.490196109 1 0.490196109 0.490196109 0.490196109 1 0.490196109 0.490196109 0.490196109 1 0.490196109 0.490196109 0.490196109 1 0.490196109 0.490196109 0.490196109 1 0.490196109 0.490196109 0.490196109 1 0.490196109 0.490196109 0.490196109 1 0.490196109 0.490196109 0.490196109 1 0.490196109 0.490196109 0.490196109 1 0.490196109 0.490196109 0.490196109 1 0.490196109 0.490196109 0.490196109 1 0.490196109 0.490196109 0.490196109 1 0.490196109 0.490196109 0.490196109 1 0.490196109 0.490196109 0.490196109 1 0.490196109 0.490196109 0.490196109 0.299999982 0.490196109 0.490196109 0.490196109 0.299999982 0.490196109 0.490196109 0.490196109 1 0.490196109 0.490196109 0.490196109 1 0.490196109 0.490196109 0.490196109 1 0.490196109 0.490196109 0.490196109 1 0.490196109 0.490196109 0.490196109 1 0.490196109 0.490196109 0.490196109 1 0.490196109 0.490196109 0.490196109 1 0.490196109 0.490196109 0.490196109 1 0.490196109 0.490196109 0.490196109 1 0.490196109 0.490196109 0.490196109 1 0.490196109 0.490196109 0.490196109 1 0.490196109 0.490196109 0.490196109 1 0.490196109 0.490196109 0.490196109 0.299999982 0.490196109 0.490196109 0.490196109 0.299999982 0.490196109 0.490196109 0.490196109 0 0.490196109 0.490196109 0.490196109 1 0.490196109 0.490196109 0.490196109 1 0.490196109 0.490196109 0.490196109 0 0.490196109 0.490196109 0.490196109 1 0.490196109 0.490196109 0.490196109 1 0.490196109 0.490196109 0.490196109 1 0.490196109 0.490196109 0.490196109 1 0.490196109 0.490196109 0.490196109 0.299999982 0.490196109 0.490196109 0.490196109 0.299999982 0.490196109 0.490196109 0.490196109 0 0.490196109 0.490196109 0.490196109 0 0.490196109 0.490196109 0.490196109 1 0.490196109 0.490196109 0.490196109 1 0.490196109 0.490196109 0.490196109 1 0.490196109 0.490196109 0.490196109 1 0.490196109 0.490196109 0.490196109 1 0.490196109 0.490196109 0.490196109 1 0.490196109 0.490196109 0.490196109 1 0.490196109 0.490196109 0.490196109 1 0.490196109 0.490196109 0.490196109 0.299999982 0.490196109 0.490196109 0.490196109 0.299999982 0.490196109 0.490196109 0.490196109 0 0.490196109 0.490196109 0.490196109 0 0.490196109 0.490196109 0.490196109 1 0.490196109 0.490196109 0.490196109 1 0.490196109 0.490196109 0.490196109 1 0.490196109 0.490196109 0.490196109 1 0.490196109 0.490196109 0.490196109 1 0.490196109 0.490196109 0.490196109 1 0.490196109 0.490196109 0.490196109 1 0.490196109 0.490196109 0.490196109 1 0.490196109 0.490196109 0.490196109 1 0.490196109 0.490196109 0.490196109 1 0.490196109 0.490196109 0.490196109 1 0.490196109 0.490196109 0.490196109 1 0.490196109 0.490196109 0.490196109 1 0.490196109 0.490196109 0.490196109 1 0.490196109 0.490196109 0.490196109 1 0.490196109 0.490196109 0.490196109 1 0.490196109 0.490196109 0.490196109 1 0.490196109 0.490196109 0.490196109 1 0.490196109 0.490196109 0.490196109 1 0.490196109 0.490196109 0.490196109 1 0.490196109 0.490196109 0.490196109 1 0.490196109 0.490196109 0.490196109 1 0.490196109 0.490196109 0.490196109 1 0.490196109 0.490196109 0.490196109 1 0.490196109 0.490196109 0.490196109 1 0.490196109 0.490196109 0.490196109 1 0.490196109 0.490196109 0.490196109 1 0.490196109 0.490196109 0.490196109 1 0.490196109 0.490196109 0.490196109 1 0.490196109 0.490196109 0.490196109 1 0.490196109 0.490196109 0.490196109 1 0.490196109 0.490196109 0.490196109 1 0.490196109 0.490196109 0.490196109 1 0.490196109 0.490196109 0.490196109 1 0.490196109 0.490196109 0.490196109 1 0.490196109 0.490196109 0.490196109 1 0.490196109 0.490196109 0.490196109 1 0.490196109 0.490196109 0.490196109 1 0.490196109 0.490196109 0.490196109 1 0.490196109 0.490196109 0.490196109 1 0.490196109 0.490196109 0.490196109 1 0.490196109 0.490196109 0.490196109 1 0.490196109 0.490196109 0.490196109 1 0.490196109 0.490196109 0.490196109 1 0.490196109 0.490196109 0.490196109 1 0.490196109 0.490196109 0.490196109 1 0.490196109 0.490196109 0.490196109 1 0.490196109 0.490196109 0.490196109 1 0.490196109 0.490196109 0.490196109 1 0.490196109 0.490196109 0.490196109 1 0.490196109 0.490196109 0.490196109 1 0.490196109 0.490196109 0.490196109 1 0.490196109 0.490196109 0.490196109 1 0.490196109 0.490196109 0.490196109 1 0.490196109 0.490196109 0.490196109 1 0.490196109 0.490196109 0.490196109 1 0.490196109 0.490196109 0.490196109 1 0.490196109 0.490196109 0.490196109 1 0.490196109 0.490196109 0.490196109 1 0.490196109 0.490196109 0.490196109 1 0.490196109 0.490196109 0.490196109 1 0.490196109 0.490196109 0.490196109 1 0.490196109 0.490196109 0.490196109 1 0.490196109 0.490196109 0.490196109 1 0.490196109 0.490196109 0.490196109 1 0.490196109 0.490196109 0.490196109 1 0.490196109 0.490196109 0.490196109 1 0.490196109 0.490196109 0.490196109 1 0.490196109 0.490196109 0.490196109 1 0.490196109 0.490196109 0.490196109 1 0.490196109 0.490196109 0.490196109 1 0.490196109 0.490196109 0.490196109 1 0.490196109 0.490196109 0.490196109 1 0.490196109 0.490196109 0.490196109 1 0.490196109 0.490196109 0.490196109 1 0.490196109 0.490196109 0.490196109 1 0.490196109 0.490196109 0.490196109 1 0.490196109 0.490196109 0.490196109 1 0.490196109 0.490196109 0.490196109 1 0.490196109 0.490196109 0.490196109 1 0.490196109 0.490196109 0.490196109 1 0.490196109 0.490196109 0.490196109 1 0.490196109 0.490196109 0.490196109 1 0.490196109 0.490196109 0.490196109 1 0.490196109 0.490196109 0.490196109 1 0.490196109 0.490196109 0.490196109 1 0.490196109 0.490196109 0.490196109 1 0.490196109 0.490196109 0.490196109 1 0.490196109 0.490196109 0.490196109 1 0.490196109 0.490196109 0.490196109 1 0.490196109 0.490196109 0.490196109 1 0.490196109 0.490196109 0.490196109 1 0.490196109 0.490196109 0.490196109 1 0.490196109 0.490196109 0.490196109 1 0.490196109 0.490196109 0.490196109 1 0.490196109 0.490196109 0.490196109 1 0.490196109 0.490196109 0.490196109 1 0.490196109 0.490196109 0.490196109 1 0.490196109 0.490196109 0.490196109 1 0.490196109 0.490196109 0.490196109 1 0.490196109 0.490196109 0.490196109 1 0.490196109 0.490196109 0.490196109 1 0.490196109 0.490196109 0.490196109 1 0.490196109 0.490196109 0.490196109 1 0.490196109 0.490196109 0.490196109 1 0.490196109 0.490196109 0.490196109 1 0.490196109 0.490196109 0.490196109 1 0.490196109 0.490196109 0.490196109 1 0.490196109 0.490196109 0.490196109 1 0.490196109 0.490196109 0.490196109 1 0.490196109 0.490196109 0.490196109 1 0.490196109 0.490196109 0.490196109 1 0.490196109 0.490196109 0.490196109 1 0.490196109 0.490196109 0.490196109 1 0.490196109 0.490196109 0.490196109 1 0.490196109 0.490196109 0.490196109 1 0.490196109 0.490196109 0.490196109 1 0.490196109 0.490196109 0.490196109 1 0.490196109 0.490196109 0.490196109 1 0.490196109 0.490196109 0.490196109 1 0.490196109 0.490196109 0.490196109 1 0.490196109 0.490196109 0.490196109 1 0.490196109 0.490196109 0.490196109 1 0.490196109 0.490196109 0.490196109 1 0.490196109 0.490196109 0.490196109 0.299999982 0.490196109 0.490196109 0.490196109 0.299999982 0.490196109 0.490196109 0.490196109 1 0.490196109 0.490196109 0.490196109 1 0.490196109 0.490196109 0.490196109 1 0.490196109 0.490196109 0.490196109 1 0.490196109 0.490196109 0.490196109 1 0.490196109 0.490196109 0.490196109 1 0.490196109 0.490196109 0.490196109 1 0.490196109 0.490196109 0.490196109 1 0.490196109 0.490196109 0.490196109 1 0.490196109 0.490196109 0.490196109 1 0.490196109 0.490196109 0.490196109 1 0.490196109 0.490196109 0.490196109 1 0.490196109 0.490196109 0.490196109 0.299999982 0.490196109 0.490196109 0.490196109 0.299999982 0.490196109 0.490196109 0.490196109 0 0.490196109 0.490196109 0.490196109 1 0.490196109 0.490196109 0.490196109 1 0.490196109 0.490196109 0.490196109 0 0.490196109 0.490196109 0.490196109 1 0.490196109 0.490196109 0.490196109 1 0.490196109 0.490196109 0.490196109 1 0.490196109 0.490196109 0.490196109 1 0.490196109 0.490196109 0.490196109 0.299999982 0.490196109 0.490196109 0.490196109 0.299999982 0.490196109 0.490196109 0.490196109 0 0.490196109 0.490196109 0.490196109 0 0.490196109 0.490196109 0.490196109 1 0.490196109 0.490196109 0.490196109 1 0.490196109 0.490196109 0.490196109 1 0.490196109 0.490196109 0.490196109 1 0.490196109 0.490196109 0.490196109 1 0.490196109 0.490196109 0.490196109 1 0.490196109 0.490196109 0.490196109 0.299999982 0.490196109 0.490196109 0.490196109 0 0.490196109 0.490196109 0.490196109 1 0.490196109 0.490196109 0.490196109 1 0.490196109 0.490196109 0.490196109 1 0.490196109 0.490196109 0.490196109 1 0.490196109 0.490196109 0.490196109 1 0.490196109 0.490196109 0.490196109 1 0.490196109 0.490196109 0.490196109 1 0.490196109 0.490196109 0.490196109 1 0.490196109 0.490196109 0.490196109 1 0.490196109 0.490196109 0.490196109 1 0.490196109 0.490196109 0.490196109 1 0.490196109 0.490196109 0.490196109 1 0.490196109 0.490196109 0.490196109 1 0.490196109 0.490196109 0.490196109 1 0.490196109 0.490196109 0.490196109 1 0.490196109 0.490196109 0.490196109 1 0.490196109 0.490196109 0.490196109 1 0.490196109 0.490196109 0.490196109 1 0.490196109 0.490196109 0.490196109 1 0.490196109 0.490196109 0.490196109 1 0.490196109 0.490196109 0.490196109 1 0.490196109 0.490196109 0.490196109 1 0.490196109 0.490196109 0.490196109 1 0.490196109 0.490196109 0.490196109 1 0.490196109 0.490196109 0.490196109 1 0.490196109 0.490196109 0.490196109 1 0.490196109 0.490196109 0.490196109 1 0.490196109 0.490196109 0.490196109 1 0.490196109 0.490196109 0.490196109 1 0.490196109 0.490196109 0.490196109 1 0.490196109 0.490196109 0.490196109 1 0.490196109 0.490196109 0.490196109 1 0.490196109 0.490196109 0.490196109 1 0.490196109 0.490196109 0.490196109 1 0.490196109 0.490196109 0.490196109 1 0.490196109 0.490196109 0.490196109 1 0.490196109 0.490196109 0.490196109 1 0.490196109 0.490196109 0.490196109 1 0.490196109 0.490196109 0.490196109 1 0.490196109 0.490196109 0.490196109 1 0.490196109 0.490196109 0.490196109 1 0.490196109 0.490196109 0.490196109 1 0.490196109 0.490196109 0.490196109 1 0.490196109 0.490196109 0.490196109 1 0.490196109 0.490196109 0.490196109 1 0.490196109 0.490196109 0.490196109 1 0.490196109 0.490196109 0.490196109 1 0.490196109 0.490196109 0.490196109 1 0.490196109 0.490196109 0.490196109 1 0.490196109 0.490196109 0.490196109 1 0.490196109 0.490196109 0.490196109 1 0.490196109 0.490196109 0.490196109 1 0.490196109 0.490196109 0.490196109 1 0.490196109 0.490196109 0.490196109 1 0.490196109 0.490196109 0.490196109 1 0.490196109 0.490196109 0.490196109 1 0.490196109 0.490196109 0.490196109 1 0.490196109 0.490196109 0.490196109 1 0.490196109 0.490196109 0.490196109 1 0.490196109 0.490196109 0.490196109 1 0.490196109 0.490196109 0.490196109 1 0.490196109 0.490196109 0.490196109 1 0.490196109 0.490196109 0.490196109 1 0.490196109 0.490196109 0.490196109 1 0.490196109 0.490196109 0.490196109 1 0.490196109 0.490196109 0.490196109 1 0.490196109 0.490196109 0.490196109 1 0.490196109 0.490196109 0.490196109 1 0.490196109 0.490196109 0.490196109 1 0.490196109 0.490196109 0.490196109 1 0.490196109 0.490196109 0.490196109 1 0.490196109 0.490196109 0.490196109 1 0.490196109 0.490196109 0.490196109 1 0.490196109 0.490196109 0.490196109 1 0.490196109 0.490196109 0.490196109 1 0.490196109 0.490196109 0.490196109 1 0.490196109 0.490196109 0.490196109 1 0.490196109 0.490196109 0.490196109 1 0.490196109 0.490196109 0.490196109 1 0.490196109 0.490196109 0.490196109 1 0.490196109 0.490196109 0.490196109 1 0.490196109 0.490196109 0.490196109 1 0.490196109 0.490196109 0.490196109 1 0.490196109 0.490196109 0.490196109 1 0.490196109 0.490196109 0.490196109 1 0.490196109 0.490196109 0.490196109 1 0.490196109 0.490196109 0.490196109 1 0.490196109 0.490196109 0.490196109 1 0.490196109 0.490196109 0.490196109 1 0.490196109 0.490196109 0.490196109 1 0.490196109 0.490196109 0.490196109 1 0.490196109 0.490196109 0.490196109 1 0.490196109 0.490196109 0.490196109 1 0.490196109 0.490196109 0.490196109 1 0.490196109 0.490196109 0.490196109 1 0.490196109 0.490196109 0.490196109 0.299999982 0.490196109 0.490196109 0.490196109 0.299999982 0.490196109 0.490196109 0.490196109 1 0.490196109 0.490196109 0.490196109 1 0.490196109 0.490196109 0.490196109 1 0.490196109 0.490196109 0.490196109 1 0.490196109 0.490196109 0.490196109 1 0.490196109 0.490196109 0.490196109 1 0.490196109 0.490196109 0.490196109 0.299999982 0.490196109 0.490196109 0.490196109 0 0.490196109 0.490196109 0.490196109 1 0.490196109 0.490196109 0.490196109 0 0.490196109 0.490196109 0.490196109 1 0.490196109 0.490196109 0.490196109 1 0.490196109 0.490196109 0.490196109 1 0.490196109 0.490196109 0.490196109 1 0.490196109 0.490196109 0.490196109 0.299999982 0.490196109 0.490196109 0.490196109 0.299999982 0.490196109 0.490196109 0.490196109 0 0.490196109 0.490196109 0.490196109 0 0.490196109 0.490196109 0.490196109 1 0.490196109 0.490196109 0.490196109 1 0.490196109 0.490196109 0.490196109 1 0.490196109 0.490196109 0.490196109 1 0.490196109 0.490196109 0.490196109 1 0.490196109 0.490196109 0.490196109 1 0.490196109 0.490196109 0.490196109 1 0.490196109 0.490196109 0.490196109 1 0.490196109 0.490196109 0.490196109 0.299999982 0.490196109 0.490196109 0.490196109 0.299999982 0.490196109 0.490196109 0.490196109 0 0.490196109 0.490196109 0.490196109 0 0.490196109 0.490196109 0.490196109 1 0.490196109 0.490196109 0.490196109 1 0.490196109 0.490196109 0.490196109 1 0.490196109 0.490196109 0.490196109 1 0.490196109 0.490196109 0.490196109 1 0.490196109 0.490196109 0.490196109 1 0.490196109 0.490196109 0.490196109 1 0.490196109 0.490196109 0.490196109 1 0.490196109 0.490196109 0.490196109 1 0.490196109 0.490196109 0.490196109 1 0.490196109 0.490196109 0.490196109 1 0.490196109 0.490196109 0.490196109 1 0.490196109 0.490196109 0.490196109 1 0.490196109 0.490196109 0.490196109 1 0.490196109 0.490196109 0.490196109 1 0.490196109 0.490196109 0.490196109 1 0.490196109 0.490196109 0.490196109 1 0.490196109 0.490196109 0.490196109 1 0.490196109 0.490196109 0.490196109 1 0.490196109 0.490196109 0.490196109 1 0.490196109 0.490196109 0.490196109 1 0.490196109 0.490196109 0.490196109 1 0.490196109 0.490196109 0.490196109 1 0.490196109 0.490196109 0.490196109 1 0.490196109 0.490196109 0.490196109 1 0.490196109 0.490196109 0.490196109 1 0.490196109 0.490196109 0.490196109 1 0.490196109 0.490196109 0.490196109 1 0.490196109 0.490196109 0.490196109 1 0.490196109 0.490196109 0.490196109 1 0.490196109 0.490196109 0.490196109 1 0.490196109 0.490196109 0.490196109 1 0.490196109 0.490196109 0.490196109 1 0.490196109 0.490196109 0.490196109 1 0.490196109 0.490196109 0.490196109 1 0.490196109 0.490196109 0.490196109 1 0.490196109 0.490196109 0.490196109 1 0.490196109 0.490196109 0.490196109 1 0.490196109 0.490196109 0.490196109 1 0.490196109 0.490196109 0.490196109 1 0.490196109 0.490196109 0.490196109 1 0.490196109 0.490196109 0.490196109 1 0.490196109 0.490196109 0.490196109 1 0.490196109 0.490196109 0.490196109 1 0.490196109 0.490196109 0.490196109 1 0.490196109 0.490196109 0.490196109 1 0.490196109 0.490196109 0.490196109 1 0.490196109 0.490196109 0.490196109 1 0.490196109 0.490196109 0.490196109 1 0.490196109 0.490196109 0.490196109 1 0.490196109 0.490196109 0.490196109 1 0.490196109 0.490196109 0.490196109 1 0.490196109 0.490196109 0.490196109 1 0.490196109 0.490196109 0.490196109 1 0.490196109 0.490196109 0.490196109 1 0.490196109 0.490196109 0.490196109 1 0.490196109 0.490196109 0.490196109 1 0.490196109 0.490196109 0.490196109 1 0.490196109 0.490196109 0.490196109 1 0.490196109 0.490196109 0.490196109 1 0.490196109 0.490196109 0.490196109 1 0.490196109 0.490196109 0.490196109 1 0.490196109 0.490196109 0.490196109 1 0.490196109 0.490196109 0.490196109 1 0.490196109 0.490196109 0.490196109 1 0.490196109 0.490196109 0.490196109 1 0.490196109 0.490196109 0.490196109 1 0.490196109 0.490196109 0.490196109 1 0.490196109 0.490196109 0.490196109 1 0.490196109 0.490196109 0.490196109 1 0.490196109 0.490196109 0.490196109 1 0.490196109 0.490196109 0.490196109 1 0.490196109 0.490196109 0.490196109 1 0.490196109 0.490196109 0.490196109 1 0.490196109 0.490196109 0.490196109 1 0.490196109 0.490196109 0.490196109 1 0.490196109 0.490196109 0.490196109 1 0.490196109 0.490196109 0.490196109 1 0.490196109 0.490196109 0.490196109 1 0.490196109 0.490196109 0.490196109 1 0.490196109 0.490196109 0.490196109 1 0.490196109 0.490196109 0.490196109 1 0.490196109 0.490196109 0.490196109 1 0.490196109 0.490196109 0.490196109 1 0.490196109 0.490196109 0.490196109 1 0.490196109 0.490196109 0.490196109 1 0.490196109 0.490196109 0.490196109 1 0.490196109 0.490196109 0.490196109 1 0.490196109 0.490196109 0.490196109 1 0.490196109 0.490196109 0.490196109 1 0.490196109 0.490196109 0.490196109 1 0.490196109 0.490196109 0.490196109 1 0.490196109 0.490196109 0.490196109 1 0.490196109 0.490196109 0.490196109 1 0.490196109 0.490196109 0.490196109 1 0.490196109 0.490196109 0.490196109 1 0.490196109 0.490196109 0.490196109 1 0.490196109 0.490196109 0.490196109 1 0.490196109 0.490196109 0.490196109 1 0.490196109 0.490196109 0.490196109 1 0.490196109 0.490196109 0.490196109 1 0.490196109 0.490196109 0.490196109 1 0.490196109 0.490196109 0.490196109 1 0.490196109 0.490196109 0.490196109 1 0.490196109 0.490196109 0.490196109 1 0.490196109 0.490196109 0.490196109 1 0.490196109 0.490196109 0.490196109 1 0.490196109 0.490196109 0.490196109 1 0.490196109 0.490196109 0.490196109 1 0.490196109 0.490196109 0.490196109 1 0.490196109 0.490196109 0.490196109 1 0.490196109 0.490196109 0.490196109 1 0.490196109 0.490196109 0.490196109 1 0.490196109 0.490196109 0.490196109 1 0.490196109 0.490196109 0.490196109 1 0.490196109 0.490196109 0.490196109 1 0.490196109 0.490196109 0.490196109 1 0.490196109 0.490196109 0.490196109 1 0.490196109 0.490196109 0.490196109 1 0.490196109 0.490196109 0.490196109 1 0.490196109 0.490196109 0.490196109 1 0.490196109 0.490196109 0.490196109 1 0.490196109 0.490196109 0.490196109 1 0.490196109 0.490196109 0.490196109 1 0.490196109 0.490196109 0.490196109 0.299999982 0.490196109 0.490196109 0.490196109 0.299999982 0.490196109 0.490196109 0.490196109 1 0.490196109 0.490196109 0.490196109 1 0.490196109 0.490196109 0.490196109 1 0.490196109 0.490196109 0.490196109 1 0.490196109 0.490196109 0.490196109 1 0.490196109 0.490196109 0.490196109 1 0.490196109 0.490196109 0.490196109 1 0.490196109 0.490196109 0.490196109 1 0.490196109 0.490196109 0.490196109 1 0.490196109 0.490196109 0.490196109 1 0.490196109 0.490196109 0.490196109 1 0.490196109 0.490196109 0.490196109 1 0.490196109 0.490196109 0.490196109 0.299999982 0.490196109 0.490196109 0.490196109 0.299999982 0.490196109 0.490196109 0.490196109 0 0.490196109 0.490196109 0.490196109 1 0.490196109 0.490196109 0.490196109 1 0.490196109 0.490196109 0.490196109 0</float_array>
        <technique_common><accessor source="#vfx_kurp_0042-mesh-colors-array" count="1148" stride="4"><param name="R" type="float"/><param name="G" type="float"/><param name="B" type="float"/><param name="A" type="float"/></accessor></technique_common>
      </source>
      <vertices id="vfx_kurp_0042-mesh-vertices"><input semantic="POSITION" source="#vfx_kurp_0042-mesh-positions"/></vertices>
      <triangles material="PreviewMaterial" count="1280">
        <input semantic="VERTEX" source="#vfx_kurp_0042-mesh-vertices" offset="0"/>
        <input semantic="NORMAL" source="#vfx_kurp_0042-mesh-normals" offset="1"/>
        <input semantic="TEXCOORD" source="#vfx_kurp_0042-mesh-uv0" offset="2" set="0"/>
        <input semantic="COLOR" source="#vfx_kurp_0042-mesh-colors" offset="3" set="0"/>
        <p>0 0 0 0 1 1 1 1 2 2 2 2 2 2 2 2 1 1 1 1 3 3 3 3 4 4 4 4 3 3 3 3 1 1 1 1 3 3 3 3 4 4 4 4 5 5 5 5 6 6 6 6 5 5 5 5 4 4 4 4 5 5 5 5 6 6 6 6 7 7 7 7 8 8 8 8 9 9 9 9 10 10 10 10 10 10 10 10 9 9 9 9 11 11 11 11 2 2 2 2 11 11 11 11 9 9 9 9 11 11 11 11 2 2 2 2 12 12 12 12 3 3 3 3 12 12 12 12 2 2 2 2 12 12 12 12 3 3 3 3 13 13 13 13 5 5 5 5 13 13 13 13 3 3 3 3 13 13 13 13 5 5 5 5 14 14 14 14 7 7 7 7 14 14 14 14 5 5 5 5 14 14 14 14 7 7 7 7 15 15 15 15 9 9 9 9 0 0 0 0 2 2 2 2 0 0 0 0 9 9 9 9 16 16 16 16 8 8 8 8 16 16 16 16 9 9 9 9 16 16 16 16 8 8 8 8 17 17 17 17 18 18 18 18 17 17 17 17 8 8 8 8 17 17 17 17 18 18 18 18 19 19 19 19 20 20 20 20 19 19 19 19 18 18 18 18 19 19 19 19 20 20 20 20 21 21 21 21 22 22 22 22 21 21 21 21 20 20 20 20 21 21 21 21 22 22 22 22 23 23 23 23 24 24 24 24 23 23 23 23 22 22 22 22 23 23 23 23 24 24 24 24 25 25 25 25 26 26 26 26 25 25 25 25 24 24 24 24 25 25 25 25 26 26 26 26 27 27 27 27 28 28 28 28 27 27 27 27 26 26 26 26 27 27 27 27 28 28 28 28 29 29 29 29 30 30 30 30 29 29 29 29 28 28 28 28 31 31 31 31 29 29 29 29 30 30 30 30 32 32 32 32 8 8 8 8 10 10 10 10 8 8 8 8 32 32 32 32 18 18 18 18 33 33 33 33 18 18 18 18 32 32 32 32 18 18 18 18 33 33 33 33 20 20 20 20 34 34 34 34 20 20 20 20 33 33 33 33 20 20 20 20 34 34 34 34 22 22 22 22 35 35 35 35 22 22 22 22 34 34 34 34 22 22 22 22 35 35 35 35 24 24 24 24 36 36 36 36 24 24 24 24 35 35 35 35 24 24 24 24 36 36 36 36 26 26 26 26 37 37 37 37 26 26 26 26 36 36 36 36 26 26 26 26 37 37 37 37 28 28 28 28 38 38 38 38 28 28 28 28 37 37 37 37 28 28 28 28 38 38 38 38 30 30 30 30 39 39 39 39 30 30 30 30 38 38 38 38 30 30 30 30 39 39 39 39 40 40 40 40 41 41 41 41 40 40 40 40 39 39 39 39 42 42 42 42 40 40 40 40 41 41 41 41 40 40 40 40 31 31 31 31 30 30 30 30 31 31 31 31 40 40 40 40 43 43 43 43 42 42 42 42 43 43 43 43 40 40 40 40 43 43 43 43 42 42 42 42 44 44 44 44 45 45 45 45 44 44 44 44 42 42 42 42 44 44 44 44 45 45 45 45 46 46 46 46 47 47 47 47 46 46 46 46 45 45 45 45 46 46 46 46 47 47 47 47 48 48 48 48 49 49 49 49 48 48 48 48 47 47 47 47 48 48 48 48 49 49 49 49 50 50 50 50 51 51 51 51 50 50 50 50 49 49 49 49 50 50 50 50 51 51 51 51 52 52 52 52 53 53 53 53 52 52 52 52 51 51 51 51 52 52 52 52 53 53 53 53 54 54 54 54 55 55 55 55 54 54 54 54 53 53 53 53 54 54 54 54 55 55 55 55 56 56 56 56 57 57 57 57 56 56 56 56 55 55 55 55 58 58 58 58 56 56 56 56 57 57 57 57 59 59 59 59 42 42 42 42 41 41 41 41 42 42 42 42 59 59 59 59 45 45 45 45 60 60 60 60 45 45 45 45 59 59 59 59 45 45 45 45 60 60 60 60 47 47 47 47 61 61 61 61 47 47 47 47 60 60 60 60 47 47 47 47 61 61 61 61 49 49 49 49 62 62 62 62 49 49 49 49 61 61 61 61 49 49 49 49 62 62 62 62 51 51 51 51 63 63 63 63 51 51 51 51 62 62 62 62 51 51 51 51 63 63 63 63 53 53 53 53 64 64 64 64 53 53 53 53 63 63 63 63 53 53 53 53 64 64 64 64 55 55 55 55 65 65 65 65 55 55 55 55 64 64 64 64 55 55 55 55 65 65 65 65 57 57 57 57 66 66 66 66 57 57 57 57 65 65 65 65 57 57 57 57 66 66 66 66 67 67 67 67 68 68 68 68 67 67 67 67 66 66 66 66 69 69 69 69 67 67 67 67 68 68 68 68 67 67 67 67 58 58 58 58 57 57 57 57 58 58 58 58 67 67 67 67 70 70 70 70 69 69 69 69 70 70 70 70 67 67 67 67 70 70 70 70 69 69 69 69 71 71 71 71 72 72 72 72 71 71 71 71 69 69 69 69 71 71 71 71 72 72 72 72 73 73 73 73 74 74 74 74 73 73 73 73 72 72 72 72 73 73 73 73 74 74 74 74 75 75 75 75 76 76 76 76 75 75 75 75 74 74 74 74 75 75 75 75 76 76 76 76 77 77 77 77 78 78 78 78 77 77 77 77 76 76 76 76 77 77 77 77 78 78 78 78 79 79 79 79 80 80 80 80 79 79 79 79 78 78 78 78 79 79 79 79 80 80 80 80 81 81 81 81 82 82 82 82 81 81 81 81 80 80 80 80 81 81 81 81 82 82 82 82 83 83 83 83 84 84 84 84 83 83 83 83 82 82 82 82 85 85 85 85 83 83 83 83 84 84 84 84 86 86 86 86 69 69 69 69 68 68 68 68 69 69 69 69 86 86 86 86 72 72 72 72 87 87 87 87 72 72 72 72 86 86 86 86 72 72 72 72 87 87 87 87 74 74 74 74 88 88 88 88 74 74 74 74 87 87 87 87 74 74 74 74 88 88 88 88 76 76 76 76 89 89 89 89 76 76 76 76 88 88 88 88 76 76 76 76 89 89 89 89 78 78 78 78 90 90 90 90 78 78 78 78 89 89 89 89 78 78 78 78 90 90 90 90 80 80 80 80 91 91 91 91 80 80 80 80 90 90 90 90 80 80 80 80 91 91 91 91 82 82 82 82 92 92 92 92 82 82 82 82 91 91 91 91 82 82 82 82 92 92 92 92 84 84 84 84 93 93 93 93 84 84 84 84 92 92 92 92 84 84 84 84 93 93 93 93 94 94 94 94 95 95 95 95 94 94 94 94 93 93 93 93 96 96 96 96 94 94 94 94 95 95 95 95 94 94 94 94 85 85 85 85 84 84 84 84 85 85 85 85 94 94 94 94 97 97 97 97 96 96 96 96 97 97 97 97 94 94 94 94 97 97 97 97 96 96 96 96 98 98 98 98 99 99 99 99 98 98 98 98 96 96 96 96 98 98 98 98 99 99 99 99 100 100 100 100 101 101 101 101 100 100 100 100 99 99 99 99 100 100 100 100 101 101 101 101 102 102 102 102 103 103 103 103 102 102 102 102 101 101 101 101 102 102 102 102 103 103 103 103 104 104 104 104 105 105 105 105 104 104 104 104 103 103 103 103 104 104 104 104 105 105 105 105 106 106 106 106 107 107 107 107 106 106 106 106 105 105 105 105 106 106 106 106 107 107 107 107 108 108 108 108 109 109 109 109 108 108 108 108 107 107 107 107 108 108 108 108 109 109 109 109 110 110 110 110 111 111 111 111 110 110 110 110 109 109 109 109 112 112 112 112 110 110 110 110 111 111 111 111 113 113 113 113 96 96 96 96 95 95 95 95 96 96 96 96 113 113 113 113 99 99 99 99 114 114 114 114 99 99 99 99 113 113 113 113 99 99 99 99 114 114 114 114 101 101 101 101 115 115 115 115 101 101 101 101 114 114 114 114 101 101 101 101 115 115 115 115 103 103 103 103 116 116 116 116 103 103 103 103 115 115 115 115 103 103 103 103 116 116 116 116 105 105 105 105 117 117 117 117 105 105 105 105 116 116 116 116 105 105 105 105 117 117 117 117 107 107 107 107 118 118 118 118 107 107 107 107 117 117 117 117 107 107 107 107 118 118 118 118 109 109 109 109 119 119 119 119 109 109 109 109 118 118 118 118 109 109 109 109 119 119 119 119 111 111 111 111 120 120 120 120 111 111 111 111 119 119 119 119 121 121 121 121 111 111 111 111 120 120 120 120 111 111 111 111 121 121 121 121 112 112 112 112 122 122 122 122 112 112 112 112 121 121 121 121 123 123 123 123 124 124 124 124 125 125 125 125 125 125 125 125 124 124 124 124 126 126 126 126 127 127 127 127 126 126 126 126 124 124 124 124 126 126 126 126 127 127 127 127 128 128 128 128 129 129 129 129 128 128 128 128 127 127 127 127 128 128 128 128 129 129 129 129 130 130 130 130 131 131 131 131 132 132 132 132 133 133 133 133 133 133 133 133 132 132 132 132 134 134 134 134 135 135 135 135 134 134 134 134 132 132 132 132 134 134 134 134 135 135 135 135 136 136 136 136 137 137 137 137 136 136 136 136 135 135 135 135 136 136 136 136 137 137 137 137 138 138 138 138 139 139 139 139 138 138 138 138 137 137 137 137 138 138 138 138 139 139 139 139 140 140 140 140 141 141 141 141 140 140 140 140 139 139 139 139 140 140 140 140 141 141 141 141 142 142 142 142 143 143 143 143 123 123 123 123 125 125 125 125 123 123 123 123 143 143 143 143 144 144 144 144 145 145 145 145 144 144 144 144 143 143 143 143 144 144 144 144 145 145 145 145 146 146 146 146 147 147 147 147 146 146 146 146 145 145 145 145 146 146 146 146 147 147 147 147 148 148 148 148 149 149 149 149 148 148 148 148 147 147 147 147 148 148 148 148 149 149 149 149 150 150 150 150 151 151 151 151 150 150 150 150 149 149 149 149 150 150 150 150 151 151 151 151 152 152 152 152 153 153 153 153 152 152 152 152 151 151 151 151 152 152 152 152 153 153 153 153 154 154 154 154 155 155 155 155 154 154 154 154 153 153 153 153 154 154 154 154 155 155 155 155 156 156 156 156 157 157 157 157 156 156 156 156 155 155 155 155 156 156 156 156 157 157 157 157 158 158 158 158 159 159 159 159 158 158 158 158 157 157 157 157 160 160 160 160 158 158 158 158 159 159 159 159 161 161 161 161 131 131 131 131 133 133 133 133 131 131 131 131 161 161 161 161 162 162 162 162 163 163 163 163 162 162 162 162 161 161 161 161 162 162 162 162 163 163 163 163 164 164 164 164 165 165 165 165 164 164 164 164 163 163 163 163 164 164 164 164 165 165 165 165 166 166 166 166 167 167 167 167 166 166 166 166 165 165 165 165 166 166 166 166 167 167 167 167 168 168 168 168 169 169 169 169 168 168 168 168 167 167 167 167 168 168 168 168 169 169 169 169 170 170 170 170 171 171 171 171 170 170 170 170 169 169 169 169 170 170 170 170 171 171 171 171 172 172 172 172 173 173 173 173 172 172 172 172 171 171 171 171 172 172 172 172 173 173 173 173 174 174 174 174 175 175 175 175 174 174 174 174 173 173 173 173 174 174 174 174 175 175 175 175 176 176 176 176 177 177 177 177 176 176 176 176 175 175 175 175 178 178 178 178 176 176 176 176 177 177 177 177 179 179 179 179 160 160 160 160 159 159 159 159 160 160 160 160 179 179 179 179 180 180 180 180 181 181 181 181 180 180 180 180 179 179 179 179 180 180 180 180 181 181 181 181 182 182 182 182 183 183 183 183 182 182 182 182 181 181 181 181 182 182 182 182 183 183 183 183 184 184 184 184 185 185 185 185 184 184 184 184 183 183 183 183 184 184 184 184 185 185 185 185 186 186 186 186 187 187 187 187 186 186 186 186 185 185 185 185 186 186 186 186 187 187 187 187 188 188 188 188 189 189 189 189 188 188 188 188 187 187 187 187 188 188 188 188 189 189 189 189 190 190 190 190 191 191 191 191 190 190 190 190 189 189 189 189 190 190 190 190 191 191 191 191 192 192 192 192 193 193 193 193 192 192 192 192 191 191 191 191 192 192 192 192 193 193 193 193 194 194 194 194 195 195 195 195 194 194 194 194 193 193 193 193 196 196 196 196 194 194 194 194 195 195 195 195 197 197 197 197 178 178 178 178 177 177 177 177 178 178 178 178 197 197 197 197 198 198 198 198 199 199 199 199 198 198 198 198 197 197 197 197 198 198 198 198 199 199 199 199 200 200 200 200 201 201 201 201 200 200 200 200 199 199 199 199 200 200 200 200 201 201 201 201 202 202 202 202 203 203 203 203 202 202 202 202 201 201 201 201 202 202 202 202 203 203 203 203 204 204 204 204 205 205 205 205 204 204 204 204 203 203 203 203 204 204 204 204 205 205 205 205 206 206 206 206 207 207 207 207 206 206 206 206 205 205 205 205 206 206 206 206 207 207 207 207 208 208 208 208 209 209 209 209 208 208 208 208 207 207 207 207 208 208 208 208 209 209 209 209 210 210 210 210 211 211 211 211 210 210 210 210 209 209 209 209 210 210 210 210 211 211 211 211 212 212 212 212 213 213 213 213 212 212 212 212 211 211 211 211 214 214 214 214 212 212 212 212 213 213 213 213 215 215 215 215 196 196 196 196 195 195 195 195 196 196 196 196 215 215 215 215 216 216 216 216 217 217 217 217 216 216 216 216 215 215 215 215 216 216 216 216 217 217 217 217 218 218 218 218 219 219 219 219 218 218 218 218 217 217 217 217 218 218 218 218 219 219 219 219 220 220 220 220 221 221 221 221 220 220 220 220 219 219 219 219 220 220 220 220 221 221 221 221 222 222 222 222 223 223 223 223 222 222 222 222 221 221 221 221 222 222 222 222 223 223 223 223 224 224 224 224 225 225 225 225 224 224 224 224 223 223 223 223 224 224 224 224 225 225 225 225 226 226 226 226 227 227 227 227 226 226 226 226 225 225 225 225 226 226 226 226 227 227 227 227 228 228 228 228 229 229 229 229 228 228 228 228 227 227 227 227 228 228 228 228 229 229 229 229 230 230 230 230 231 231 231 231 230 230 230 230 229 229 229 229 232 232 232 232 230 230 230 230 231 231 231 231 233 233 233 233 214 214 214 214 213 213 213 213 214 214 214 214 233 233 233 233 234 234 234 234 235 235 235 235 234 234 234 234 233 233 233 233 234 234 234 234 235 235 235 235 236 236 236 236 237 237 237 237 236 236 236 236 235 235 235 235 236 236 236 236 237 237 237 237 238 238 238 238 239 239 239 239 238 238 238 238 237 237 237 237 238 238 238 238 239 239 239 239 240 240 240 240 241 241 241 241 240 240 240 240 239 239 239 239 240 240 240 240 241 241 241 241 242 242 242 242 243 243 243 243 242 242 242 242 241 241 241 241 242 242 242 242 243 243 243 243 244 244 244 244 245 245 245 245 244 244 244 244 243 243 243 243 244 244 244 244 245 245 245 245 246 246 246 246 247 247 247 247 246 246 246 246 245 245 245 245 246 246 246 246 247 247 247 247 248 248 248 248 249 249 249 249 248 248 248 248 247 247 247 247 250 250 250 250 248 248 248 248 249 249 249 249 251 251 251 251 232 232 232 232 231 231 231 231 232 232 232 232 251 251 251 251 252 252 252 252 253 253 253 253 252 252 252 252 251 251 251 251 252 252 252 252 253 253 253 253 254 254 254 254 255 255 255 255 254 254 254 254 253 253 253 253 254 254 254 254 255 255 255 255 256 256 256 256 257 257 257 257 256 256 256 256 255 255 255 255 256 256 256 256 257 257 257 257 258 258 258 258 259 259 259 259 258 258 258 258 257 257 257 257 258 258 258 258 259 259 259 259 260 260 260 260 261 261 261 261 260 260 260 260 259 259 259 259 260 260 260 260 261 261 261 261 262 262 262 262 263 263 263 263 262 262 262 262 261 261 261 261 262 262 262 262 263 263 263 263 264 264 264 264 265 265 265 265 264 264 264 264 263 263 263 263 264 264 264 264 265 265 265 265 266 266 266 266 267 267 267 267 266 266 266 266 265 265 265 265 268 268 268 268 266 266 266 266 267 267 267 267 269 269 269 269 250 250 250 250 249 249 249 249 250 250 250 250 269 269 269 269 270 270 270 270 271 271 271 271 270 270 270 270 269 269 269 269 270 270 270 270 271 271 271 271 272 272 272 272 273 273 273 273 272 272 272 272 271 271 271 271 272 272 272 272 273 273 273 273 274 274 274 274 275 275 275 275 274 274 274 274 273 273 273 273 274 274 274 274 275 275 275 275 276 276 276 276 277 277 277 277 276 276 276 276 275 275 275 275 276 276 276 276 277 277 277 277 278 278 278 278 279 279 279 279 278 278 278 278 277 277 277 277 278 278 278 278 279 279 279 279 280 280 280 280 281 281 281 281 280 280 280 280 279 279 279 279 280 280 280 280 281 281 281 281 282 282 282 282 283 283 283 283 282 282 282 282 281 281 281 281 284 284 284 284 282 282 282 282 283 283 283 283 267 267 267 267 285 285 285 285 268 268 268 268 286 286 286 286 268 268 268 268 285 285 285 285 287 287 287 287 288 288 288 288 289 289 289 289 289 289 289 289 288 288 288 288 290 290 290 290 291 291 291 291 290 290 290 290 288 288 288 288 290 290 290 290 291 291 291 291 292 292 292 292 293 293 293 293 292 292 292 292 291 291 291 291 292 292 292 292 293 293 293 293 294 294 294 294 295 295 295 295 296 296 296 296 297 297 297 297 297 297 297 297 296 296 296 296 298 298 298 298 289 289 289 289 298 298 298 298 296 296 296 296 298 298 298 298 289 289 289 289 299 299 299 299 290 290 290 290 299 299 299 299 289 289 289 289 299 299 299 299 290 290 290 290 300 300 300 300 292 292 292 292 300 300 300 300 290 290 290 290 300 300 300 300 292 292 292 292 301 301 301 301 294 294 294 294 301 301 301 301 292 292 292 292 301 301 301 301 294 294 294 294 302 302 302 302 296 296 296 296 287 287 287 287 289 289 289 289 287 287 287 287 296 296 296 296 303 303 303 303 295 295 295 295 303 303 303 303 296 296 296 296 303 303 303 303 295 295 295 295 304 304 304 304 305 305 305 305 304 304 304 304 295 295 295 295 304 304 304 304 305 305 305 305 306 306 306 306 307 307 307 307 306 306 306 306 305 305 305 305 306 306 306 306 307 307 307 307 308 308 308 308 309 309 309 309 308 308 308 308 307 307 307 307 308 308 308 308 309 309 309 309 310 310 310 310 311 311 311 311 310 310 310 310 309 309 309 309 310 310 310 310 311 311 311 311 312 312 312 312 313 313 313 313 312 312 312 312 311 311 311 311 312 312 312 312 313 313 313 313 314 314 314 314 315 315 315 315 314 314 314 314 313 313 313 313 314 314 314 314 315 315 315 315 316 316 316 316 317 317 317 317 316 316 316 316 315 315 315 315 318 318 318 318 316 316 316 316 317 317 317 317 319 319 319 319 295 295 295 295 297 297 297 297 295 295 295 295 319 319 319 319 305 305 305 305 320 320 320 320 305 305 305 305 319 319 319 319 305 305 305 305 320 320 320 320 307 307 307 307 321 321 321 321 307 307 307 307 320 320 320 320 307 307 307 307 321 321 321 321 309 309 309 309 322 322 322 322 309 309 309 309 321 321 321 321 309 309 309 309 322 322 322 322 311 311 311 311 323 323 323 323 311 311 311 311 322 322 322 322 311 311 311 311 323 323 323 323 313 313 313 313 324 324 324 324 313 313 313 313 323 323 323 323 313 313 313 313 324 324 324 324 315 315 315 315 325 325 325 325 315 315 315 315 324 324 324 324 315 315 315 315 325 325 325 325 317 317 317 317 326 326 326 326 317 317 317 317 325 325 325 325 317 317 317 317 326 326 326 326 327 327 327 327 328 328 328 328 327 327 327 327 326 326 326 326 329 329 329 329 327 327 327 327 328 328 328 328 327 327 327 327 318 318 318 318 317 317 317 317 318 318 318 318 327 327 327 327 330 330 330 330 329 329 329 329 330 330 330 330 327 327 327 327 330 330 330 330 329 329 329 329 331 331 331 331 332 332 332 332 331 331 331 331 329 329 329 329 331 331 331 331 332 332 332 332 333 333 333 333 334 334 334 334 333 333 333 333 332 332 332 332 333 333 333 333 334 334 334 334 335 335 335 335 336 336 336 336 335 335 335 335 334 334 334 334 335 335 335 335 336 336 336 336 337 337 337 337 338 338 338 338 337 337 337 337 336 336 336 336 337 337 337 337 338 338 338 338 339 339 339 339 340 340 340 340 339 339 339 339 338 338 338 338 339 339 339 339 340 340 340 340 341 341 341 341 342 342 342 342 341 341 341 341 340 340 340 340 341 341 341 341 342 342 342 342 343 343 343 343 344 344 344 344 343 343 343 343 342 342 342 342 345 345 345 345 343 343 343 343 344 344 344 344 346 346 346 346 329 329 329 329 328 328 328 328 329 329 329 329 346 346 346 346 332 332 332 332 347 347 347 347 332 332 332 332 346 346 346 346 332 332 332 332 347 347 347 347 334 334 334 334 348 348 348 348 334 334 334 334 347 347 347 347 334 334 334 334 348 348 348 348 336 336 336 336 349 349 349 349 336 336 336 336 348 348 348 348 336 336 336 336 349 349 349 349 338 338 338 338 350 350 350 350 338 338 338 338 349 349 349 349 338 338 338 338 350 350 350 350 340 340 340 340 351 351 351 351 340 340 340 340 350 350 350 350 340 340 340 340 351 351 351 351 342 342 342 342 352 352 352 352 342 342 342 342 351 351 351 351 342 342 342 342 352 352 352 352 344 344 344 344 353 353 353 353 344 344 344 344 352 352 352 352 344 344 344 344 353 353 353 353 354 354 354 354 355 355 355 355 354 354 354 354 353 353 353 353 356 356 356 356 354 354 354 354 355 355 355 355 354 354 354 354 345 345 345 345 344 344 344 344 345 345 345 345 354 354 354 354 357 357 357 357 356 356 356 356 357 357 357 357 354 354 354 354 357 357 357 357 356 356 356 356 358 358 358 358 359 359 359 359 358 358 358 358 356 356 356 356 358 358 358 358 359 359 359 359 360 360 360 360 361 361 361 361 360 360 360 360 359 359 359 359 360 360 360 360 361 361 361 361 362 362 362 362 363 363 363 363 362 362 362 362 361 361 361 361 362 362 362 362 363 363 363 363 364 364 364 364 365 365 365 365 364 364 364 364 363 363 363 363 364 364 364 364 365 365 365 365 366 366 366 366 367 367 367 367 366 366 366 366 365 365 365 365 366 366 366 366 367 367 367 367 368 368 368 368 369 369 369 369 368 368 368 368 367 367 367 367 368 368 368 368 369 369 369 369 370 370 370 370 371 371 371 371 370 370 370 370 369 369 369 369 372 372 372 372 370 370 370 370 371 371 371 371 373 373 373 373 356 356 356 356 355 355 355 355 356 356 356 356 373 373 373 373 359 359 359 359 374 374 374 374 359 359 359 359 373 373 373 373 359 359 359 359 374 374 374 374 361 361 361 361 375 375 375 375 361 361 361 361 374 374 374 374 361 361 361 361 375 375 375 375 363 363 363 363 376 376 376 376 363 363 363 363 375 375 375 375 363 363 363 363 376 376 376 376 365 365 365 365 377 377 377 377 365 365 365 365 376 376 376 376 365 365 365 365 377 377 377 377 367 367 367 367 378 378 378 378 367 367 367 367 377 377 377 377 367 367 367 367 378 378 378 378 369 369 369 369 379 379 379 379 369 369 369 369 378 378 378 378 369 369 369 369 379 379 379 379 371 371 371 371 380 380 380 380 371 371 371 371 379 379 379 379 371 371 371 371 380 380 380 380 381 381 381 381 382 382 382 382 381 381 381 381 380 380 380 380 383 383 383 383 381 381 381 381 382 382 382 382 381 381 381 381 372 372 372 372 371 371 371 371 372 372 372 372 381 381 381 381 384 384 384 384 383 383 383 383 384 384 384 384 381 381 381 381 384 384 384 384 383 383 383 383 385 385 385 385 386 386 386 386 385 385 385 385 383 383 383 383 385 385 385 385 386 386 386 386 387 387 387 387 388 388 388 388 387 387 387 387 386 386 386 386 387 387 387 387 388 388 388 388 389 389 389 389 390 390 390 390 389 389 389 389 388 388 388 388 389 389 389 389 390 390 390 390 391 391 391 391 392 392 392 392 391 391 391 391 390 390 390 390 391 391 391 391 392 392 392 392 393 393 393 393 394 394 394 394 393 393 393 393 392 392 392 392 393 393 393 393 394 394 394 394 395 395 395 395 396 396 396 396 395 395 395 395 394 394 394 394 395 395 395 395 396 396 396 396 397 397 397 397 398 398 398 398 397 397 397 397 396 396 396 396 399 399 399 399 397 397 397 397 398 398 398 398 400 400 400 400 383 383 383 383 382 382 382 382 383 383 383 383 400 400 400 400 386 386 386 386 401 401 401 401 386 386 386 386 400 400 400 400 386 386 386 386 401 401 401 401 388 388 388 388 402 402 402 402 388 388 388 388 401 401 401 401 388 388 388 388 402 402 402 402 390 390 390 390 403 403 403 403 390 390 390 390 402 402 402 402 390 390 390 390 403 403 403 403 392 392 392 392 404 404 404 404 392 392 392 392 403 403 403 403 392 392 392 392 404 404 404 404 394 394 394 394 405 405 405 405 394 394 394 394 404 404 404 404 394 394 394 394 405 405 405 405 396 396 396 396 406 406 406 406 396 396 396 396 405 405 405 405 396 396 396 396 406 406 406 406 398 398 398 398 407 407 407 407 398 398 398 398 406 406 406 406 408 408 408 408 398 398 398 398 407 407 407 407 398 398 398 398 408 408 408 408 399 399 399 399 409 409 409 409 399 399 399 399 408 408 408 408 410 410 410 410 411 411 411 411 412 412 412 412 412 412 412 412 411 411 411 411 413 413 413 413 414 414 414 414 413 413 413 413 411 411 411 411 413 413 413 413 414 414 414 414 415 415 415 415 416 416 416 416 415 415 415 415 414 414 414 414 415 415 415 415 416 416 416 416 417 417 417 417 418 418 418 418 419 419 419 419 420 420 420 420 420 420 420 420 419 419 419 419 421 421 421 421 412 412 412 412 421 421 421 421 419 419 419 419 421 421 421 421 412 412 412 412 422 422 422 422 413 413 413 413 422 422 422 422 412 412 412 412 422 422 422 422 413 413 413 413 423 423 423 423 415 415 415 415 423 423 423 423 413 413 413 413 423 423 423 423 415 415 415 415 424 424 424 424 417 417 417 417 424 424 424 424 415 415 415 415 424 424 424 424 417 417 417 417 425 425 425 425 419 419 419 419 410 410 410 410 412 412 412 412 410 410 410 410 419 419 419 419 426 426 426 426 418 418 418 418 426 426 426 426 419 419 419 419 426 426 426 426 418 418 418 418 427 427 427 427 428 428 428 428 427 427 427 427 418 418 418 418 427 427 427 427 428 428 428 428 429 429 429 429 430 430 430 430 429 429 429 429 428 428 428 428 429 429 429 429 430 430 430 430 431 431 431 431 432 432 432 432 431 431 431 431 430 430 430 430 431 431 431 431 432 432 432 432 433 433 433 433 434 434 434 434 433 433 433 433 432 432 432 432 433 433 433 433 434 434 434 434 435 435 435 435 436 436 436 436 435 435 435 435 434 434 434 434 435 435 435 435 436 436 436 436 437 437 437 437 438 438 438 438 437 437 437 437 436 436 436 436 437 437 437 437 438 438 438 438 439 439 439 439 440 440 440 440 439 439 439 439 438 438 438 438 441 441 441 441 439 439 439 439 440 440 440 440 442 442 442 442 418 418 418 418 420 420 420 420 418 418 418 418 442 442 442 442 428 428 428 428 443 443 443 443 428 428 428 428 442 442 442 442 428 428 428 428 443 443 443 443 430 430 430 430 444 444 444 444 430 430 430 430 443 443 443 443 430 430 430 430 444 444 444 444 432 432 432 432 445 445 445 445 432 432 432 432 444 444 444 444 432 432 432 432 445 445 445 445 434 434 434 434 446 446 446 446 434 434 434 434 445 445 445 445 434 434 434 434 446 446 446 446 436 436 436 436 447 447 447 447 436 436 436 436 446 446 446 446 436 436 436 436 447 447 447 447 438 438 438 438 448 448 448 448 438 438 438 438 447 447 447 447 438 438 438 438 448 448 448 448 440 440 440 440 449 449 449 449 440 440 440 440 448 448 448 448 440 440 440 440 449 449 449 449 450 450 450 450 451 451 451 451 450 450 450 450 449 449 449 449 452 452 452 452 450 450 450 450 451 451 451 451 450 450 450 450 441 441 441 441 440 440 440 440 441 441 441 441 450 450 450 450 453 453 453 453 452 452 452 452 453 453 453 453 450 450 450 450 453 453 453 453 452 452 452 452 454 454 454 454 455 455 455 455 454 454 454 454 452 452 452 452 454 454 454 454 455 455 455 455 456 456 456 456 457 457 457 457 456 456 456 456 455 455 455 455 456 456 456 456 457 457 457 457 458 458 458 458 459 459 459 459 458 458 458 458 457 457 457 457 458 458 458 458 459 459 459 459 460 460 460 460 461 461 461 461 460 460 460 460 459 459 459 459 460 460 460 460 461 461 461 461 462 462 462 462 463 463 463 463 462 462 462 462 461 461 461 461 462 462 462 462 463 463 463 463 464 464 464 464 465 465 465 465 464 464 464 464 463 463 463 463 464 464 464 464 465 465 465 465 466 466 466 466 467 467 467 467 466 466 466 466 465 465 465 465 468 468 468 468 466 466 466 466 467 467 467 467 469 469 469 469 452 452 452 452 451 451 451 451 452 452 452 452 469 469 469 469 455 455 455 455 470 470 470 470 455 455 455 455 469 469 469 469 455 455 455 455 470 470 470 470 457 457 457 457 471 471 471 471 457 457 457 457 470 470 470 470 457 457 457 457 471 471 471 471 459 459 459 459 472 472 472 472 459 459 459 459 471 471 471 471 459 459 459 459 472 472 472 472 461 461 461 461 473 473 473 473 461 461 461 461 472 472 472 472 461 461 461 461 473 473 473 473 463 463 463 463 474 474 474 474 463 463 463 463 473 473 473 473 463 463 463 463 474 474 474 474 465 465 465 465 475 475 475 475 465 465 465 465 474 474 474 474 465 465 465 465 475 475 475 475 467 467 467 467 476 476 476 476 467 467 467 467 475 475 475 475 467 467 467 467 476 476 476 476 477 477 477 477 478 478 478 478 477 477 477 477 476 476 476 476 479 479 479 479 477 477 477 477 478 478 478 478 477 477 477 477 468 468 468 468 467 467 467 467 468 468 468 468 477 477 477 477 480 480 480 480 479 479 479 479 480 480 480 480 477 477 477 477 480 480 480 480 479 479 479 479 481 481 481 481 482 482 482 482 481 481 481 481 479 479 479 479 481 481 481 481 482 482 482 482 483 483 483 483 484 484 484 484 483 483 483 483 482 482 482 482 483 483 483 483 484 484 484 484 485 485 485 485 486 486 486 486 485 485 485 485 484 484 484 484 485 485 485 485 486 486 486 486 487 487 487 487 488 488 488 488 487 487 487 487 486 486 486 486 487 487 487 487 488 488 488 488 489 489 489 489 490 490 490 490 489 489 489 489 488 488 488 488 489 489 489 489 490 490 490 490 491 491 491 491 492 492 492 492 491 491 491 491 490 490 490 490 491 491 491 491 492 492 492 492 493 493 493 493 494 494 494 494 493 493 493 493 492 492 492 492 495 495 495 495 493 493 493 493 494 494 494 494 496 496 496 496 479 479 479 479 478 478 478 478 479 479 479 479 496 496 496 496 482 482 482 482 497 497 497 497 482 482 482 482 496 496 496 496 482 482 482 482 497 497 497 497 484 484 484 484 498 498 498 498 484 484 484 484 497 497 497 497 484 484 484 484 498 498 498 498 486 486 486 486 499 499 499 499 486 486 486 486 498 498 498 498 486 486 486 486 499 499 499 499 488 488 488 488 500 500 500 500 488 488 488 488 499 499 499 499 488 488 488 488 500 500 500 500 490 490 490 490 501 501 501 501 490 490 490 490 500 500 500 500 490 490 490 490 501 501 501 501 492 492 492 492 502 502 502 502 492 492 492 492 501 501 501 501 492 492 492 492 502 502 502 502 494 494 494 494 503 503 503 503 494 494 494 494 502 502 502 502 494 494 494 494 503 503 503 503 504 504 504 504 505 505 505 505 504 504 504 504 503 503 503 503 506 506 506 506 504 504 504 504 505 505 505 505 504 504 504 504 495 495 495 495 494 494 494 494 495 495 495 495 504 504 504 504 507 507 507 507 506 506 506 506 507 507 507 507 504 504 504 504 507 507 507 507 506 506 506 506 508 508 508 508 509 509 509 509 508 508 508 508 506 506 506 506 508 508 508 508 509 509 509 509 510 510 510 510 511 511 511 511 510 510 510 510 509 509 509 509 510 510 510 510 511 511 511 511 512 512 512 512 513 513 513 513 512 512 512 512 511 511 511 511 512 512 512 512 513 513 513 513 514 514 514 514 515 515 515 515 514 514 514 514 513 513 513 513 514 514 514 514 515 515 515 515 516 516 516 516 517 517 517 517 516 516 516 516 515 515 515 515 516 516 516 516 517 517 517 517 518 518 518 518 519 519 519 519 518 518 518 518 517 517 517 517 518 518 518 518 519 519 519 519 520 520 520 520 521 521 521 521 520 520 520 520 519 519 519 519 522 522 522 522 520 520 520 520 521 521 521 521 523 523 523 523 506 506 506 506 505 505 505 505 506 506 506 506 523 523 523 523 509 509 509 509 524 524 524 524 509 509 509 509 523 523 523 523 509 509 509 509 524 524 524 524 511 511 511 511 525 525 525 525 511 511 511 511 524 524 524 524 511 511 511 511 525 525 525 525 513 513 513 513 526 526 526 526 513 513 513 513 525 525 525 525 513 513 513 513 526 526 526 526 515 515 515 515 527 527 527 527 515 515 515 515 526 526 526 526 515 515 515 515 527 527 527 527 517 517 517 517 528 528 528 528 517 517 517 517 527 527 527 527 517 517 517 517 528 528 528 528 519 519 519 519 529 529 529 529 519 519 519 519 528 528 528 528 519 519 519 519 529 529 529 529 521 521 521 521 530 530 530 530 521 521 521 521 529 529 529 529 531 531 531 531 521 521 521 521 530 530 530 530 521 521 521 521 531 531 531 531 522 522 522 522 532 532 532 532 522 522 522 522 531 531 531 531 533 533 533 533 534 534 534 534 535 535 535 535 535 535 535 535 534 534 534 534 536 536 536 536 537 537 537 537 536 536 536 536 534 534 534 534 536 536 536 536 537 537 537 537 538 538 538 538 539 539 539 539 538 538 538 538 537 537 537 537 538 538 538 538 539 539 539 539 540 540 540 540 541 541 541 541 542 542 542 542 543 543 543 543 543 543 543 543 542 542 542 542 544 544 544 544 545 545 545 545 544 544 544 544 542 542 542 542 544 544 544 544 545 545 545 545 546 546 546 546 547 547 547 547 546 546 546 546 545 545 545 545 546 546 546 546 547 547 547 547 548 548 548 548 549 549 549 549 548 548 548 548 547 547 547 547 548 548 548 548 549 549 549 549 550 550 550 550 551 551 551 551 550 550 550 550 549 549 549 549 550 550 550 550 551 551 551 551 552 552 552 552 553 553 553 553 533 533 533 533 535 535 535 535 533 533 533 533 553 553 553 553 554 554 554 554 555 555 555 555 554 554 554 554 553 553 553 553 554 554 554 554 555 555 555 555 556 556 556 556 557 557 557 557 556 556 556 556 555 555 555 555 556 556 556 556 557 557 557 557 558 558 558 558 559 559 559 559 558 558 558 558 557 557 557 557 558 558 558 558 559 559 559 559 560 560 560 560 561 561 561 561 560 560 560 560 559 559 559 559 560 560 560 560 561 561 561 561 562 562 562 562 563 563 563 563 562 562 562 562 561 561 561 561 562 562 562 562 563 563 563 563 564 564 564 564 565 565 565 565 564 564 564 564 563 563 563 563 564 564 564 564 565 565 565 565 566 566 566 566 567 567 567 567 566 566 566 566 565 565 565 565 566 566 566 566 567 567 567 567 568 568 568 568 569 569 569 569 568 568 568 568 567 567 567 567 570 570 570 570 568 568 568 568 569 569 569 569 571 571 571 571 541 541 541 541 543 543 543 543 541 541 541 541 571 571 571 571 572 572 572 572 573 573 573 573 572 572 572 572 571 571 571 571 572 572 572 572 573 573 573 573 574 574 574 574 575 575 575 575 574 574 574 574 573 573 573 573 574 574 574 574 575 575 575 575 576 576 576 576 577 577 577 577 576 576 576 576 575 575 575 575 576 576 576 576 577 577 577 577 578 578 578 578 579 579 579 579 578 578 578 578 577 577 577 577 578 578 578 578 579 579 579 579 580 580 580 580 581 581 581 581 580 580 580 580 579 579 579 579 580 580 580 580 581 581 581 581 582 582 582 582 583 583 583 583 582 582 582 582 581 581 581 581 582 582 582 582 583 583 583 583 584 584 584 584 585 585 585 585 584 584 584 584 583 583 583 583 584 584 584 584 585 585 585 585 586 586 586 586 587 587 587 587 586 586 586 586 585 585 585 585 588 588 588 588 586 586 586 586 587 587 587 587 589 589 589 589 570 570 570 570 569 569 569 569 570 570 570 570 589 589 589 589 590 590 590 590 591 591 591 591 590 590 590 590 589 589 589 589 590 590 590 590 591 591 591 591 592 592 592 592 593 593 593 593 592 592 592 592 591 591 591 591 592 592 592 592 593 593 593 593 594 594 594 594 595 595 595 595 594 594 594 594 593 593 593 593 594 594 594 594 595 595 595 595 596 596 596 596 597 597 597 597 596 596 596 596 595 595 595 595 596 596 596 596 597 597 597 597 598 598 598 598 599 599 599 599 598 598 598 598 597 597 597 597 598 598 598 598 599 599 599 599 600 600 600 600 601 601 601 601 600 600 600 600 599 599 599 599 600 600 600 600 601 601 601 601 602 602 602 602 603 603 603 603 602 602 602 602 601 601 601 601 602 602 602 602 603 603 603 603 604 604 604 604 605 605 605 605 604 604 604 604 603 603 603 603 606 606 606 606 604 604 604 604 605 605 605 605 607 607 607 607 588 588 588 588 587 587 587 587 588 588 588 588 607 607 607 607 608 608 608 608 609 609 609 609 608 608 608 608 607 607 607 607 608 608 608 608 609 609 609 609 610 610 610 610 611 611 611 611 610 610 610 610 609 609 609 609 610 610 610 610 611 611 611 611 612 612 612 612 613 613 613 613 612 612 612 612 611 611 611 611 612 612 612 612 613 613 613 613 614 614 614 614 615 615 615 615 614 614 614 614 613 613 613 613 614 614 614 614 615 615 615 615 616 616 616 616 617 617 617 617 616 616 616 616 615 615 615 615 616 616 616 616 617 617 617 617 618 618 618 618 619 619 619 619 618 618 618 618 617 617 617 617 618 618 618 618 619 619 619 619 620 620 620 620 621 621 621 621 620 620 620 620 619 619 619 619 620 620 620 620 621 621 621 621 622 622 622 622 623 623 623 623 622 622 622 622 621 621 621 621 624 624 624 624 622 622 622 622 623 623 623 623 625 625 625 625 606 606 606 606 605 605 605 605 606 606 606 606 625 625 625 625 626 626 626 626 627 627 627 627 626 626 626 626 625 625 625 625 626 626 626 626 627 627 627 627 628 628 628 628 629 629 629 629 628 628 628 628 627 627 627 627 628 628 628 628 629 629 629 629 630 630 630 630 631 631 631 631 630 630 630 630 629 629 629 629 630 630 630 630 631 631 631 631 632 632 632 632 633 633 633 633 632 632 632 632 631 631 631 631 632 632 632 632 633 633 633 633 634 634 634 634 635 635 635 635 634 634 634 634 633 633 633 633 634 634 634 634 635 635 635 635 636 636 636 636 637 637 637 637 636 636 636 636 635 635 635 635 636 636 636 636 637 637 637 637 638 638 638 638 639 639 639 639 638 638 638 638 637 637 637 637 638 638 638 638 639 639 639 639 640 640 640 640 641 641 641 641 640 640 640 640 639 639 639 639 642 642 642 642 640 640 640 640 641 641 641 641 643 643 643 643 624 624 624 624 623 623 623 623 624 624 624 624 643 643 643 643 644 644 644 644 645 645 645 645 644 644 644 644 643 643 643 643 644 644 644 644 645 645 645 645 646 646 646 646 647 647 647 647 646 646 646 646 645 645 645 645 646 646 646 646 647 647 647 647 648 648 648 648 649 649 649 649 648 648 648 648 647 647 647 647 648 648 648 648 649 649 649 649 650 650 650 650 651 651 651 651 650 650 650 650 649 649 649 649 650 650 650 650 651 651 651 651 652 652 652 652 653 653 653 653 652 652 652 652 651 651 651 651 652 652 652 652 653 653 653 653 654 654 654 654 655 655 655 655 654 654 654 654 653 653 653 653 654 654 654 654 655 655 655 655 656 656 656 656 657 657 657 657 656 656 656 656 655 655 655 655 656 656 656 656 657 657 657 657 658 658 658 658 659 659 659 659 658 658 658 658 657 657 657 657 660 660 660 660 658 658 658 658 659 659 659 659 661 661 661 661 642 642 642 642 641 641 641 641 642 642 642 642 661 661 661 661 662 662 662 662 663 663 663 663 662 662 662 662 661 661 661 661 662 662 662 662 663 663 663 663 664 664 664 664 665 665 665 665 664 664 664 664 663 663 663 663 664 664 664 664 665 665 665 665 666 666 666 666 667 667 667 667 666 666 666 666 665 665 665 665 666 666 666 666 667 667 667 667 668 668 668 668 669 669 669 669 668 668 668 668 667 667 667 667 668 668 668 668 669 669 669 669 670 670 670 670 671 671 671 671 670 670 670 670 669 669 669 669 670 670 670 670 671 671 671 671 672 672 672 672 673 673 673 673 672 672 672 672 671 671 671 671 672 672 672 672 673 673 673 673 674 674 674 674 675 675 675 675 674 674 674 674 673 673 673 673 674 674 674 674 675 675 675 675 676 676 676 676 677 677 677 677 676 676 676 676 675 675 675 675 678 678 678 678 676 676 676 676 677 677 677 677 679 679 679 679 660 660 660 660 659 659 659 659 660 660 660 660 679 679 679 679 680 680 680 680 681 681 681 681 680 680 680 680 679 679 679 679 680 680 680 680 681 681 681 681 682 682 682 682 683 683 683 683 682 682 682 682 681 681 681 681 682 682 682 682 683 683 683 683 684 684 684 684 685 685 685 685 684 684 684 684 683 683 683 683 684 684 684 684 685 685 685 685 686 686 686 686 687 687 687 687 686 686 686 686 685 685 685 685 686 686 686 686 687 687 687 687 688 688 688 688 689 689 689 689 688 688 688 688 687 687 687 687 688 688 688 688 689 689 689 689 690 690 690 690 691 691 691 691 690 690 690 690 689 689 689 689 690 690 690 690 691 691 691 691 692 692 692 692 693 693 693 693 692 692 692 692 691 691 691 691 694 694 694 694 692 692 692 692 693 693 693 693 677 677 677 677 695 695 695 695 678 678 678 678 696 696 696 696 678 678 678 678 695 695 695 695 697 697 697 697 698 698 698 698 699 699 699 699 699 699 699 699 698 698 698 698 700 700 700 700 701 701 701 701 700 700 700 700 698 698 698 698 700 700 700 700 701 701 701 701 702 702 702 702 703 703 703 703 702 702 702 702 701 701 701 701 702 702 702 702 703 703 703 703 704 704 704 704 705 705 705 705 706 706 706 706 707 707 707 707 707 707 707 707 706 706 706 706 708 708 708 708 709 709 709 709 708 708 708 708 706 706 706 706 708 708 708 708 709 709 709 709 710 710 710 710 711 711 711 711 710 710 710 710 709 709 709 709 710 710 710 710 711 711 711 711 712 712 712 712 713 713 713 713 712 712 712 712 711 711 711 711 712 712 712 712 713 713 713 713 714 714 714 714 715 715 715 715 714 714 714 714 713 713 713 713 714 714 714 714 715 715 715 715 716 716 716 716 717 717 717 717 697 697 697 697 699 699 699 699 697 697 697 697 717 717 717 717 718 718 718 718 719 719 719 719 718 718 718 718 717 717 717 717 718 718 718 718 719 719 719 719 720 720 720 720 721 721 721 721 720 720 720 720 719 719 719 719 720 720 720 720 721 721 721 721 722 722 722 722 723 723 723 723 722 722 722 722 721 721 721 721 722 722 722 722 723 723 723 723 724 724 724 724 725 725 725 725 724 724 724 724 723 723 723 723 724 724 724 724 725 725 725 725 726 726 726 726 727 727 727 727 726 726 726 726 725 725 725 725 726 726 726 726 727 727 727 727 728 728 728 728 729 729 729 729 728 728 728 728 727 727 727 727 728 728 728 728 729 729 729 729 730 730 730 730 731 731 731 731 730 730 730 730 729 729 729 729 730 730 730 730 731 731 731 731 732 732 732 732 733 733 733 733 732 732 732 732 731 731 731 731 734 734 734 734 732 732 732 732 733 733 733 733 735 735 735 735 705 705 705 705 707 707 707 707 705 705 705 705 735 735 735 735 736 736 736 736 737 737 737 737 736 736 736 736 735 735 735 735 736 736 736 736 737 737 737 737 738 738 738 738 739 739 739 739 738 738 738 738 737 737 737 737 738 738 738 738 739 739 739 739 740 740 740 740 741 741 741 741 740 740 740 740 739 739 739 739 740 740 740 740 741 741 741 741 742 742 742 742 743 743 743 743 742 742 742 742 741 741 741 741 742 742 742 742 743 743 743 743 744 744 744 744 745 745 745 745 744 744 744 744 743 743 743 743 744 744 744 744 745 745 745 745 746 746 746 746 747 747 747 747 746 746 746 746 745 745 745 745 746 746 746 746 747 747 747 747 748 748 748 748 749 749 749 749 748 748 748 748 747 747 747 747 748 748 748 748 749 749 749 749 750 750 750 750 751 751 751 751 750 750 750 750 749 749 749 749 752 752 752 752 750 750 750 750 751 751 751 751 753 753 753 753 734 734 734 734 733 733 733 733 734 734 734 734 753 753 753 753 754 754 754 754 755 755 755 755 754 754 754 754 753 753 753 753 754 754 754 754 755 755 755 755 756 756 756 756 757 757 757 757 756 756 756 756 755 755 755 755 756 756 756 756 757 757 757 757 758 758 758 758 759 759 759 759 758 758 758 758 757 757 757 757 758 758 758 758 759 759 759 759 760 760 760 760 761 761 761 761 760 760 760 760 759 759 759 759 760 760 760 760 761 761 761 761 762 762 762 762 763 763 763 763 762 762 762 762 761 761 761 761 762 762 762 762 763 763 763 763 764 764 764 764 765 765 765 765 764 764 764 764 763 763 763 763 764 764 764 764 765 765 765 765 766 766 766 766 767 767 767 767 766 766 766 766 765 765 765 765 766 766 766 766 767 767 767 767 768 768 768 768 769 769 769 769 768 768 768 768 767 767 767 767 770 770 770 770 768 768 768 768 769 769 769 769 771 771 771 771 752 752 752 752 751 751 751 751 752 752 752 752 771 771 771 771 772 772 772 772 773 773 773 773 772 772 772 772 771 771 771 771 772 772 772 772 773 773 773 773 774 774 774 774 775 775 775 775 774 774 774 774 773 773 773 773 774 774 774 774 775 775 775 775 776 776 776 776 777 777 777 777 776 776 776 776 775 775 775 775 776 776 776 776 777 777 777 777 778 778 778 778 779 779 779 779 778 778 778 778 777 777 777 777 778 778 778 778 779 779 779 779 780 780 780 780 781 781 781 781 780 780 780 780 779 779 779 779 780 780 780 780 781 781 781 781 782 782 782 782 783 783 783 783 782 782 782 782 781 781 781 781 782 782 782 782 783 783 783 783 784 784 784 784 785 785 785 785 784 784 784 784 783 783 783 783 784 784 784 784 785 785 785 785 786 786 786 786 787 787 787 787 786 786 786 786 785 785 785 785 788 788 788 788 786 786 786 786 787 787 787 787 789 789 789 789 770 770 770 770 769 769 769 769 770 770 770 770 789 789 789 789 790 790 790 790 791 791 791 791 790 790 790 790 789 789 789 789 790 790 790 790 791 791 791 791 792 792 792 792 793 793 793 793 792 792 792 792 791 791 791 791 792 792 792 792 793 793 793 793 794 794 794 794 795 795 795 795 794 794 794 794 793 793 793 793 794 794 794 794 795 795 795 795 796 796 796 796 797 797 797 797 796 796 796 796 795 795 795 795 796 796 796 796 797 797 797 797 798 798 798 798 799 799 799 799 798 798 798 798 797 797 797 797 798 798 798 798 799 799 799 799 800 800 800 800 801 801 801 801 800 800 800 800 799 799 799 799 800 800 800 800 801 801 801 801 802 802 802 802 803 803 803 803 802 802 802 802 801 801 801 801 802 802 802 802 803 803 803 803 804 804 804 804 805 805 805 805 804 804 804 804 803 803 803 803 806 806 806 806 804 804 804 804 805 805 805 805 807 807 807 807 788 788 788 788 787 787 787 787 788 788 788 788 807 807 807 807 808 808 808 808 809 809 809 809 808 808 808 808 807 807 807 807 808 808 808 808 809 809 809 809 810 810 810 810 811 811 811 811 810 810 810 810 809 809 809 809 810 810 810 810 811 811 811 811 812 812 812 812 813 813 813 813 812 812 812 812 811 811 811 811 812 812 812 812 813 813 813 813 814 814 814 814 815 815 815 815 814 814 814 814 813 813 813 813 814 814 814 814 815 815 815 815 816 816 816 816 817 817 817 817 816 816 816 816 815 815 815 815 816 816 816 816 817 817 817 817 818 818 818 818 819 819 819 819 818 818 818 818 817 817 817 817 818 818 818 818 819 819 819 819 820 820 820 820 821 821 821 821 820 820 820 820 819 819 819 819 820 820 820 820 821 821 821 821 822 822 822 822 823 823 823 823 822 822 822 822 821 821 821 821 824 824 824 824 822 822 822 822 823 823 823 823 825 825 825 825 806 806 806 806 805 805 805 805 806 806 806 806 825 825 825 825 826 826 826 826 827 827 827 827 826 826 826 826 825 825 825 825 826 826 826 826 827 827 827 827 828 828 828 828 829 829 829 829 828 828 828 828 827 827 827 827 828 828 828 828 829 829 829 829 830 830 830 830 831 831 831 831 830 830 830 830 829 829 829 829 830 830 830 830 831 831 831 831 832 832 832 832 833 833 833 833 832 832 832 832 831 831 831 831 832 832 832 832 833 833 833 833 834 834 834 834 835 835 835 835 834 834 834 834 833 833 833 833 834 834 834 834 835 835 835 835 836 836 836 836 837 837 837 837 836 836 836 836 835 835 835 835 836 836 836 836 837 837 837 837 838 838 838 838 839 839 839 839 838 838 838 838 837 837 837 837 838 838 838 838 839 839 839 839 840 840 840 840 841 841 841 841 840 840 840 840 839 839 839 839 842 842 842 842 840 840 840 840 841 841 841 841 843 843 843 843 824 824 824 824 823 823 823 823 824 824 824 824 843 843 843 843 844 844 844 844 845 845 845 845 844 844 844 844 843 843 843 843 844 844 844 844 845 845 845 845 846 846 846 846 847 847 847 847 846 846 846 846 845 845 845 845 846 846 846 846 847 847 847 847 848 848 848 848 849 849 849 849 848 848 848 848 847 847 847 847 848 848 848 848 849 849 849 849 850 850 850 850 851 851 851 851 850 850 850 850 849 849 849 849 850 850 850 850 851 851 851 851 852 852 852 852 853 853 853 853 852 852 852 852 851 851 851 851 852 852 852 852 853 853 853 853 854 854 854 854 855 855 855 855 854 854 854 854 853 853 853 853 854 854 854 854 855 855 855 855 856 856 856 856 857 857 857 857 856 856 856 856 855 855 855 855 858 858 858 858 856 856 856 856 857 857 857 857 841 841 841 841 859 859 859 859 842 842 842 842 860 860 860 860 842 842 842 842 859 859 859 859 861 861 861 861 862 862 862 862 863 863 863 863 863 863 863 863 862 862 862 862 864 864 864 864 865 865 865 865 864 864 864 864 862 862 862 862 864 864 864 864 865 865 865 865 866 866 866 866 867 867 867 867 866 866 866 866 865 865 865 865 866 866 866 866 867 867 867 867 868 868 868 868 869 869 869 869 870 870 870 870 871 871 871 871 871 871 871 871 870 870 870 870 872 872 872 872 863 863 863 863 872 872 872 872 870 870 870 870 872 872 872 872 863 863 863 863 873 873 873 873 864 864 864 864 873 873 873 873 863 863 863 863 873 873 873 873 864 864 864 864 874 874 874 874 866 866 866 866 874 874 874 874 864 864 864 864 874 874 874 874 866 866 866 866 875 875 875 875 868 868 868 868 875 875 875 875 866 866 866 866 875 875 875 875 868 868 868 868 876 876 876 876 870 870 870 870 861 861 861 861 863 863 863 863 861 861 861 861 870 870 870 870 877 877 877 877 869 869 869 869 877 877 877 877 870 870 870 870 877 877 877 877 869 869 869 869 878 878 878 878 879 879 879 879 878 878 878 878 869 869 869 869 878 878 878 878 879 879 879 879 880 880 880 880 881 881 881 881 880 880 880 880 879 879 879 879 880 880 880 880 881 881 881 881 882 882 882 882 883 883 883 883 882 882 882 882 881 881 881 881 882 882 882 882 883 883 883 883 884 884 884 884 885 885 885 885 884 884 884 884 883 883 883 883 884 884 884 884 885 885 885 885 886 886 886 886 887 887 887 887 886 886 886 886 885 885 885 885 886 886 886 886 887 887 887 887 888 888 888 888 889 889 889 889 888 888 888 888 887 887 887 887 888 888 888 888 889 889 889 889 890 890 890 890 891 891 891 891 890 890 890 890 889 889 889 889 892 892 892 892 890 890 890 890 891 891 891 891 893 893 893 893 869 869 869 869 871 871 871 871 869 869 869 869 893 893 893 893 879 879 879 879 894 894 894 894 879 879 879 879 893 893 893 893 879 879 879 879 894 894 894 894 881 881 881 881 895 895 895 895 881 881 881 881 894 894 894 894 881 881 881 881 895 895 895 895 883 883 883 883 896 896 896 896 883 883 883 883 895 895 895 895 883 883 883 883 896 896 896 896 885 885 885 885 897 897 897 897 885 885 885 885 896 896 896 896 885 885 885 885 897 897 897 897 887 887 887 887 898 898 898 898 887 887 887 887 897 897 897 897 887 887 887 887 898 898 898 898 889 889 889 889 899 899 899 899 889 889 889 889 898 898 898 898 889 889 889 889 899 899 899 899 891 891 891 891 900 900 900 900 891 891 891 891 899 899 899 899 891 891 891 891 900 900 900 900 901 901 901 901 902 902 902 902 901 901 901 901 900 900 900 900 903 903 903 903 901 901 901 901 902 902 902 902 901 901 901 901 892 892 892 892 891 891 891 891 892 892 892 892 901 901 901 901 904 904 904 904 903 903 903 903 904 904 904 904 901 901 901 901 904 904 904 904 903 903 903 903 905 905 905 905 906 906 906 906 905 905 905 905 903 903 903 903 905 905 905 905 906 906 906 906 907 907 907 907 908 908 908 908 907 907 907 907 906 906 906 906 907 907 907 907 908 908 908 908 909 909 909 909 910 910 910 910 909 909 909 909 908 908 908 908 909 909 909 909 910 910 910 910 911 911 911 911 912 912 912 912 911 911 911 911 910 910 910 910 911 911 911 911 912 912 912 912 913 913 913 913 914 914 914 914 913 913 913 913 912 912 912 912 913 913 913 913 914 914 914 914 915 915 915 915 916 916 916 916 915 915 915 915 914 914 914 914 915 915 915 915 916 916 916 916 917 917 917 917 918 918 918 918 917 917 917 917 916 916 916 916 919 919 919 919 917 917 917 917 918 918 918 918 920 920 920 920 903 903 903 903 902 902 902 902 903 903 903 903 920 920 920 920 906 906 906 906 921 921 921 921 906 906 906 906 920 920 920 920 906 906 906 906 921 921 921 921 908 908 908 908 922 922 922 922 908 908 908 908 921 921 921 921 908 908 908 908 922 922 922 922 910 910 910 910 923 923 923 923 910 910 910 910 922 922 922 922 910 910 910 910 923 923 923 923 912 912 912 912 924 924 924 924 912 912 912 912 923 923 923 923 912 912 912 912 924 924 924 924 914 914 914 914 925 925 925 925 914 914 914 914 924 924 924 924 914 914 914 914 925 925 925 925 916 916 916 916 926 926 926 926 916 916 916 916 925 925 925 925 916 916 916 916 926 926 926 926 918 918 918 918 927 927 927 927 918 918 918 918 926 926 926 926 918 918 918 918 927 927 927 927 928 928 928 928 929 929 929 929 928 928 928 928 927 927 927 927 930 930 930 930 928 928 928 928 929 929 929 929 928 928 928 928 919 919 919 919 918 918 918 918 919 919 919 919 928 928 928 928 931 931 931 931 930 930 930 930 931 931 931 931 928 928 928 928 931 931 931 931 930 930 930 930 932 932 932 932 933 933 933 933 932 932 932 932 930 930 930 930 932 932 932 932 933 933 933 933 934 934 934 934 935 935 935 935 934 934 934 934 933 933 933 933 934 934 934 934 935 935 935 935 936 936 936 936 937 937 937 937 936 936 936 936 935 935 935 935 936 936 936 936 937 937 937 937 938 938 938 938 939 939 939 939 938 938 938 938 937 937 937 937 938 938 938 938 939 939 939 939 940 940 940 940 941 941 941 941 940 940 940 940 939 939 939 939 940 940 940 940 941 941 941 941 942 942 942 942 943 943 943 943 942 942 942 942 941 941 941 941 942 942 942 942 943 943 943 943 944 944 944 944 945 945 945 945 944 944 944 944 943 943 943 943 946 946 946 946 944 944 944 944 945 945 945 945 947 947 947 947 930 930 930 930 929 929 929 929 930 930 930 930 947 947 947 947 933 933 933 933 948 948 948 948 933 933 933 933 947 947 947 947 933 933 933 933 948 948 948 948 935 935 935 935 949 949 949 949 935 935 935 935 948 948 948 948 935 935 935 935 949 949 949 949 937 937 937 937 950 950 950 950 937 937 937 937 949 949 949 949 937 937 937 937 950 950 950 950 939 939 939 939 951 951 951 951 939 939 939 939 950 950 950 950 939 939 939 939 951 951 951 951 941 941 941 941 952 952 952 952 941 941 941 941 951 951 951 951 941 941 941 941 952 952 952 952 943 943 943 943 953 953 953 953 943 943 943 943 952 952 952 952 943 943 943 943 953 953 953 953 945 945 945 945 954 954 954 954 945 945 945 945 953 953 953 953 945 945 945 945 954 954 954 954 955 955 955 955 956 956 956 956 955 955 955 955 954 954 954 954 957 957 957 957 955 955 955 955 956 956 956 956 955 955 955 955 946 946 946 946 945 945 945 945 946 946 946 946 955 955 955 955 958 958 958 958 957 957 957 957 958 958 958 958 955 955 955 955 958 958 958 958 957 957 957 957 959 959 959 959 960 960 960 960 959 959 959 959 957 957 957 957 959 959 959 959 960 960 960 960 961 961 961 961 962 962 962 962 961 961 961 961 960 960 960 960 961 961 961 961 962 962 962 962 963 963 963 963 964 964 964 964 963 963 963 963 962 962 962 962 963 963 963 963 964 964 964 964 965 965 965 965 966 966 966 966 965 965 965 965 964 964 964 964 965 965 965 965 966 966 966 966 967 967 967 967 968 968 968 968 967 967 967 967 966 966 966 966 967 967 967 967 968 968 968 968 969 969 969 969 970 970 970 970 969 969 969 969 968 968 968 968 969 969 969 969 970 970 970 970 971 971 971 971 972 972 972 972 971 971 971 971 970 970 970 970 973 973 973 973 971 971 971 971 972 972 972 972 974 974 974 974 957 957 957 957 956 956 956 956 957 957 957 957 974 974 974 974 960 960 960 960 975 975 975 975 960 960 960 960 974 974 974 974 960 960 960 960 975 975 975 975 962 962 962 962 976 976 976 976 962 962 962 962 975 975 975 975 962 962 962 962 976 976 976 976 964 964 964 964 977 977 977 977 964 964 964 964 976 976 976 976 964 964 964 964 977 977 977 977 966 966 966 966 978 978 978 978 966 966 966 966 977 977 977 977 966 966 966 966 978 978 978 978 968 968 968 968 979 979 979 979 968 968 968 968 978 978 978 978 968 968 968 968 979 979 979 979 970 970 970 970 980 980 980 980 970 970 970 970 979 979 979 979 970 970 970 970 980 980 980 980 972 972 972 972 981 981 981 981 972 972 972 972 980 980 980 980 982 982 982 982 972 972 972 972 981 981 981 981 972 972 972 972 982 982 982 982 973 973 973 973 983 983 983 983 973 973 973 973 982 982 982 982 984 984 984 984 985 985 985 985 986 986 986 986 986 986 986 986 985 985 985 985 987 987 987 987 988 988 988 988 987 987 987 987 985 985 985 985 987 987 987 987 988 988 988 988 989 989 989 989 990 990 990 990 989 989 989 989 988 988 988 988 989 989 989 989 990 990 990 990 991 991 991 991 992 992 992 992 993 993 993 993 994 994 994 994 994 994 994 994 993 993 993 993 995 995 995 995 996 996 996 996 995 995 995 995 993 993 993 993 995 995 995 995 996 996 996 996 997 997 997 997 998 998 998 998 997 997 997 997 996 996 996 996 997 997 997 997 998 998 998 998 999 999 999 999 1000 1000 1000 1000 999 999 999 999 998 998 998 998 999 999 999 999 1000 1000 1000 1000 1001 1001 1001 1001 1002 1002 1002 1002 1001 1001 1001 1001 1000 1000 1000 1000 1001 1001 1001 1001 1002 1002 1002 1002 1003 1003 1003 1003 1004 1004 1004 1004 984 984 984 984 986 986 986 986 984 984 984 984 1004 1004 1004 1004 1005 1005 1005 1005 1006 1006 1006 1006 1005 1005 1005 1005 1004 1004 1004 1004 1005 1005 1005 1005 1006 1006 1006 1006 1007 1007 1007 1007 1008 1008 1008 1008 1007 1007 1007 1007 1006 1006 1006 1006 1007 1007 1007 1007 1008 1008 1008 1008 1009 1009 1009 1009 1010 1010 1010 1010 1009 1009 1009 1009 1008 1008 1008 1008 1009 1009 1009 1009 1010 1010 1010 1010 1011 1011 1011 1011 1012 1012 1012 1012 1011 1011 1011 1011 1010 1010 1010 1010 1011 1011 1011 1011 1012 1012 1012 1012 1013 1013 1013 1013 1014 1014 1014 1014 1013 1013 1013 1013 1012 1012 1012 1012 1013 1013 1013 1013 1014 1014 1014 1014 1015 1015 1015 1015 1016 1016 1016 1016 1015 1015 1015 1015 1014 1014 1014 1014 1015 1015 1015 1015 1016 1016 1016 1016 1017 1017 1017 1017 1018 1018 1018 1018 1017 1017 1017 1017 1016 1016 1016 1016 1017 1017 1017 1017 1018 1018 1018 1018 1019 1019 1019 1019 1020 1020 1020 1020 1019 1019 1019 1019 1018 1018 1018 1018 1021 1021 1021 1021 1019 1019 1019 1019 1020 1020 1020 1020 1022 1022 1022 1022 992 992 992 992 994 994 994 994 992 992 992 992 1022 1022 1022 1022 1023 1023 1023 1023 1024 1024 1024 1024 1023 1023 1023 1023 1022 1022 1022 1022 1023 1023 1023 1023 1024 1024 1024 1024 1025 1025 1025 1025 1026 1026 1026 1026 1025 1025 1025 1025 1024 1024 1024 1024 1025 1025 1025 1025 1026 1026 1026 1026 1027 1027 1027 1027 1028 1028 1028 1028 1027 1027 1027 1027 1026 1026 1026 1026 1027 1027 1027 1027 1028 1028 1028 1028 1029 1029 1029 1029 1030 1030 1030 1030 1029 1029 1029 1029 1028 1028 1028 1028 1029 1029 1029 1029 1030 1030 1030 1030 1031 1031 1031 1031 1032 1032 1032 1032 1031 1031 1031 1031 1030 1030 1030 1030 1031 1031 1031 1031 1032 1032 1032 1032 1033 1033 1033 1033 1034 1034 1034 1034 1033 1033 1033 1033 1032 1032 1032 1032 1033 1033 1033 1033 1034 1034 1034 1034 1035 1035 1035 1035 1036 1036 1036 1036 1035 1035 1035 1035 1034 1034 1034 1034 1035 1035 1035 1035 1036 1036 1036 1036 1037 1037 1037 1037 1038 1038 1038 1038 1037 1037 1037 1037 1036 1036 1036 1036 1039 1039 1039 1039 1037 1037 1037 1037 1038 1038 1038 1038 1040 1040 1040 1040 1021 1021 1021 1021 1020 1020 1020 1020 1021 1021 1021 1021 1040 1040 1040 1040 1041 1041 1041 1041 1042 1042 1042 1042 1041 1041 1041 1041 1040 1040 1040 1040 1041 1041 1041 1041 1042 1042 1042 1042 1043 1043 1043 1043 1044 1044 1044 1044 1043 1043 1043 1043 1042 1042 1042 1042 1043 1043 1043 1043 1044 1044 1044 1044 1045 1045 1045 1045 1046 1046 1046 1046 1045 1045 1045 1045 1044 1044 1044 1044 1045 1045 1045 1045 1046 1046 1046 1046 1047 1047 1047 1047 1048 1048 1048 1048 1047 1047 1047 1047 1046 1046 1046 1046 1047 1047 1047 1047 1048 1048 1048 1048 1049 1049 1049 1049 1050 1050 1050 1050 1049 1049 1049 1049 1048 1048 1048 1048 1049 1049 1049 1049 1050 1050 1050 1050 1051 1051 1051 1051 1052 1052 1052 1052 1051 1051 1051 1051 1050 1050 1050 1050 1051 1051 1051 1051 1052 1052 1052 1052 1053 1053 1053 1053 1054 1054 1054 1054 1053 1053 1053 1053 1052 1052 1052 1052 1053 1053 1053 1053 1054 1054 1054 1054 1055 1055 1055 1055 1056 1056 1056 1056 1055 1055 1055 1055 1054 1054 1054 1054 1057 1057 1057 1057 1055 1055 1055 1055 1056 1056 1056 1056 1058 1058 1058 1058 1039 1039 1039 1039 1038 1038 1038 1038 1039 1039 1039 1039 1058 1058 1058 1058 1059 1059 1059 1059 1060 1060 1060 1060 1059 1059 1059 1059 1058 1058 1058 1058 1059 1059 1059 1059 1060 1060 1060 1060 1061 1061 1061 1061 1062 1062 1062 1062 1061 1061 1061 1061 1060 1060 1060 1060 1061 1061 1061 1061 1062 1062 1062 1062 1063 1063 1063 1063 1064 1064 1064 1064 1063 1063 1063 1063 1062 1062 1062 1062 1063 1063 1063 1063 1064 1064 1064 1064 1065 1065 1065 1065 1066 1066 1066 1066 1065 1065 1065 1065 1064 1064 1064 1064 1065 1065 1065 1065 1066 1066 1066 1066 1067 1067 1067 1067 1068 1068 1068 1068 1067 1067 1067 1067 1066 1066 1066 1066 1067 1067 1067 1067 1068 1068 1068 1068 1069 1069 1069 1069 1070 1070 1070 1070 1069 1069 1069 1069 1068 1068 1068 1068 1069 1069 1069 1069 1070 1070 1070 1070 1071 1071 1071 1071 1072 1072 1072 1072 1071 1071 1071 1071 1070 1070 1070 1070 1071 1071 1071 1071 1072 1072 1072 1072 1073 1073 1073 1073 1074 1074 1074 1074 1073 1073 1073 1073 1072 1072 1072 1072 1075 1075 1075 1075 1073 1073 1073 1073 1074 1074 1074 1074 1076 1076 1076 1076 1057 1057 1057 1057 1056 1056 1056 1056 1057 1057 1057 1057 1076 1076 1076 1076 1077 1077 1077 1077 1078 1078 1078 1078 1077 1077 1077 1077 1076 1076 1076 1076 1077 1077 1077 1077 1078 1078 1078 1078 1079 1079 1079 1079 1080 1080 1080 1080 1079 1079 1079 1079 1078 1078 1078 1078 1079 1079 1079 1079 1080 1080 1080 1080 1081 1081 1081 1081 1082 1082 1082 1082 1081 1081 1081 1081 1080 1080 1080 1080 1081 1081 1081 1081 1082 1082 1082 1082 1083 1083 1083 1083 1084 1084 1084 1084 1083 1083 1083 1083 1082 1082 1082 1082 1083 1083 1083 1083 1084 1084 1084 1084 1085 1085 1085 1085 1086 1086 1086 1086 1085 1085 1085 1085 1084 1084 1084 1084 1085 1085 1085 1085 1086 1086 1086 1086 1087 1087 1087 1087 1088 1088 1088 1088 1087 1087 1087 1087 1086 1086 1086 1086 1087 1087 1087 1087 1088 1088 1088 1088 1089 1089 1089 1089 1090 1090 1090 1090 1089 1089 1089 1089 1088 1088 1088 1088 1089 1089 1089 1089 1090 1090 1090 1090 1091 1091 1091 1091 1092 1092 1092 1092 1091 1091 1091 1091 1090 1090 1090 1090 1093 1093 1093 1093 1091 1091 1091 1091 1092 1092 1092 1092 1094 1094 1094 1094 1075 1075 1075 1075 1074 1074 1074 1074 1075 1075 1075 1075 1094 1094 1094 1094 1095 1095 1095 1095 1096 1096 1096 1096 1095 1095 1095 1095 1094 1094 1094 1094 1095 1095 1095 1095 1096 1096 1096 1096 1097 1097 1097 1097 1098 1098 1098 1098 1097 1097 1097 1097 1096 1096 1096 1096 1097 1097 1097 1097 1098 1098 1098 1098 1099 1099 1099 1099 1100 1100 1100 1100 1099 1099 1099 1099 1098 1098 1098 1098 1099 1099 1099 1099 1100 1100 1100 1100 1101 1101 1101 1101 1102 1102 1102 1102 1101 1101 1101 1101 1100 1100 1100 1100 1101 1101 1101 1101 1102 1102 1102 1102 1103 1103 1103 1103 1104 1104 1104 1104 1103 1103 1103 1103 1102 1102 1102 1102 1103 1103 1103 1103 1104 1104 1104 1104 1105 1105 1105 1105 1106 1106 1106 1106 1105 1105 1105 1105 1104 1104 1104 1104 1105 1105 1105 1105 1106 1106 1106 1106 1107 1107 1107 1107 1108 1108 1108 1108 1107 1107 1107 1107 1106 1106 1106 1106 1107 1107 1107 1107 1108 1108 1108 1108 1109 1109 1109 1109 1110 1110 1110 1110 1109 1109 1109 1109 1108 1108 1108 1108 1111 1111 1111 1111 1109 1109 1109 1109 1110 1110 1110 1110 1112 1112 1112 1112 1093 1093 1093 1093 1092 1092 1092 1092 1093 1093 1093 1093 1112 1112 1112 1112 1113 1113 1113 1113 1114 1114 1114 1114 1113 1113 1113 1113 1112 1112 1112 1112 1113 1113 1113 1113 1114 1114 1114 1114 1115 1115 1115 1115 1116 1116 1116 1116 1115 1115 1115 1115 1114 1114 1114 1114 1115 1115 1115 1115 1116 1116 1116 1116 1117 1117 1117 1117 1118 1118 1118 1118 1117 1117 1117 1117 1116 1116 1116 1116 1117 1117 1117 1117 1118 1118 1118 1118 1119 1119 1119 1119 1120 1120 1120 1120 1119 1119 1119 1119 1118 1118 1118 1118 1119 1119 1119 1119 1120 1120 1120 1120 1121 1121 1121 1121 1122 1122 1122 1122 1121 1121 1121 1121 1120 1120 1120 1120 1121 1121 1121 1121 1122 1122 1122 1122 1123 1123 1123 1123 1124 1124 1124 1124 1123 1123 1123 1123 1122 1122 1122 1122 1123 1123 1123 1123 1124 1124 1124 1124 1125 1125 1125 1125 1126 1126 1126 1126 1125 1125 1125 1125 1124 1124 1124 1124 1125 1125 1125 1125 1126 1126 1126 1126 1127 1127 1127 1127 1128 1128 1128 1128 1127 1127 1127 1127 1126 1126 1126 1126 1129 1129 1129 1129 1127 1127 1127 1127 1128 1128 1128 1128 1130 1130 1130 1130 1111 1111 1111 1111 1110 1110 1110 1110 1111 1111 1111 1111 1130 1130 1130 1130 1131 1131 1131 1131 1132 1132 1132 1132 1131 1131 1131 1131 1130 1130 1130 1130 1131 1131 1131 1131 1132 1132 1132 1132 1133 1133 1133 1133 1134 1134 1134 1134 1133 1133 1133 1133 1132 1132 1132 1132 1133 1133 1133 1133 1134 1134 1134 1134 1135 1135 1135 1135 1136 1136 1136 1136 1135 1135 1135 1135 1134 1134 1134 1134 1135 1135 1135 1135 1136 1136 1136 1136 1137 1137 1137 1137 1138 1138 1138 1138 1137 1137 1137 1137 1136 1136 1136 1136 1137 1137 1137 1137 1138 1138 1138 1138 1139 1139 1139 1139 1140 1140 1140 1140 1139 1139 1139 1139 1138 1138 1138 1138 1139 1139 1139 1139 1140 1140 1140 1140 1141 1141 1141 1141 1142 1142 1142 1142 1141 1141 1141 1141 1140 1140 1140 1140 1141 1141 1141 1141 1142 1142 1142 1142 1143 1143 1143 1143 1144 1144 1144 1144 1143 1143 1143 1143 1142 1142 1142 1142 1145 1145 1145 1145 1143 1143 1143 1143 1144 1144 1144 1144 1128 1128 1128 1128 1146 1146 1146 1146 1129 1129 1129 1129 1147 1147 1147 1147 1129 1129 1129 1129 1146 1146 1146 1146</p>
      </triangles>
    </mesh></geometry>
  </library_geometries>
  <library_visual_scenes>
    <visual_scene id="Scene" name="Scene">
      <node id="vfx_kurp_0042" name="vfx_kurp_0042" type="NODE">
        <instance_geometry url="#vfx_kurp_0042-mesh"><bind_material><technique_common><instance_material symbol="PreviewMaterial" target="#PreviewMaterial"><bind_vertex_input semantic="UVSET0" input_semantic="TEXCOORD" input_set="0"/></instance_material></technique_common></bind_material></instance_geometry>
      </node>
    </visual_scene>
  </library_visual_scenes>
  <scene><instance_visual_scene url="#Scene"/></scene>
</COLLADA>
