<?xml version="1.0" encoding="utf-8"?>
<COLLADA xmlns="http://www.collada.org/2005/11/COLLADASchema" version="1.4.1">
  <asset>
    <contributor><authoring_tool>Morrobroom Kurpulio VFX preview converter</authoring_tool></contributor>
    <unit name="unit" meter="1"/>
    <up_axis>Z_UP</up_axis>
  </asset>
  <library_images>
    <image id="VFXTexture" name="darkmap_newgen-1.dds">
      <init_from>../../../Textures/Kurp/darkmap_newgen-1.dds</init_from>
    </image>
  </library_images>
  <library_effects>
    <effect id="PreviewEffect">
      <profile_COMMON>
        <newparam sid="VFXTexture-surface">
          <surface type="2D"><init_from>VFXTexture</init_from></surface>
        </newparam>
        <newparam sid="VFXTexture-sampler">
          <sampler2D><source>VFXTexture-surface</source></sampler2D>
        </newparam>
        <technique sid="common"><phong>
          <emission><color>0.08 0.08 0.08 1</color></emission>
          <ambient><color>0.2 0.2 0.2 1</color></ambient>
          <diffuse><texture texture="VFXTexture-sampler" texcoord="UVSET0"/></diffuse>
          <specular><color>0.15 0.15 0.15 1</color></specular>
          <shininess><float>8</float></shininess>
          <transparent opaque="A_ONE"><texture texture="VFXTexture-sampler" texcoord="UVSET0"/></transparent>
          <transparency><float>1</float></transparency>
        </phong></technique>
      </profile_COMMON>
      <extra><technique profile="GOOGLEEARTH"><double_sided>1</double_sided></technique></extra>
    </effect>
  </library_effects>
  <library_materials><material id="PreviewMaterial" name="PreviewMaterial"><instance_effect url="#PreviewEffect"/></material></library_materials>
  <library_geometries>
    <geometry id="vfx_kurp_1193-mesh" name="vfx_kurp_1193"><mesh>
      <source id="vfx_kurp_1193-mesh-positions">
        <float_array id="vfx_kurp_1193-mesh-positions-array" count="4608">0.725991881 4.98338185 0.459773626 0.691947387 4.85467122 0.269045461 0.77119467 4.94740925 0.475980786 0.737150252 4.81869862 0.285252622 0.565377032 4.79156758 0.506529072 0.55999335 4.84549916 0.298501351 0.544027087 4.73715718 0.492975682 0.538643443 4.79108876 0.284947942 0.665585617 4.59757528 0.326790459 0.690640014 4.7901479 0.296434968 0.707533554 4.58562307 0.285589612 0.732588027 4.77819569 0.255234121 0.578383662 4.33920584 0.327547028 0.5531375 4.79352406 0.276703485 0.571071002 4.3321816 0.268410066 0.545824878 4.78649983 0.217566523 0.547515857 5.07422291 -0.062226542 0.684782013 4.80732259 0.237908873 0.604241052 5.08521412 -0.0783955175 0.741507323 4.8183138 0.22173984 0.615351511 4.92724904 -0.162006375 0.567140376 4.81903432 0.238361468 0.585310503 4.97818531 -0.151856343 0.537099368 4.86997059 0.248511519 1.13738447 4.90242024 0.708251403 1.17736005 4.79414418 0.273316301 1.18931234 4.87471974 0.719920257 1.22928792 4.76644337 0.284985097 1.20212072 4.95003895 0.663854737 1.06115934 4.79455373 0.279168333 1.15770238 4.92101246 0.691863159 1.01674108 4.76552693 0.307176774 1.24146703 4.51086172 0.449358129 1.17269986 4.71267262 0.268754495 1.28984281 4.54222188 0.465981092 1.22107556 4.74403279 0.285377496 0.856927929 4.47774862 0.242837214 1.0318572 4.74930806 0.276281198 0.861034527 4.4824526 0.183163028 1.0359638 4.75401204 0.216607013 1.30641583 4.91822377 -0.0965128686 1.18183423 4.7414214 0.213237948 1.3471922 4.94733204 -0.0634978662 1.22261068 4.77052968 0.246252894 0.893890056 5.03532276 0.098645723 1.03591344 4.78965169 0.220740142 0.905078868 5.06661732 0.148600146 1.04710226 4.82094655 0.270694574 1.79046642 5.01726399 0.495124691 1.66124233 4.69310414 0.270218996 1.84043285 4.98734028 0.509544895 1.71120846 4.66318044 0.284639257 1.52338391 4.74564198 0.747152083 1.52440365 4.72094411 0.292149957 1.51465023 4.68636739 0.750349944 1.51566983 4.66166951 0.295347837 1.47926205 4.44047964 0.40107379 1.6565292 4.64638692 0.29168506 1.50936139 4.3984139 0.370668174 1.68662853 4.60432119 0.261279463 1.45235486 4.33001211 0.513243015 1.5044125 4.68073323 0.271142229 1.4730119 4.29596609 0.468363713 1.52506955 4.64668721 0.226262927 1.49846188 4.62581197 0.0571220385 1.65590664 4.64907827 0.249781145 1.5446455 4.62920491 0.018970203 1.70209011 4.65247121 0.211629291 1.54127987 4.66727132 -0.0123226926 1.51840908 4.68630879 0.245903067 1.55944088 4.72439748 -0.0149257466 1.53657025 4.74343495 0.243299994 2.18528071 4.81726155 0.505250614 2.12538295 4.53369619 0.277060598 2.24384837 4.80425374 0.506041401 2.18395076 4.52068838 0.277851442 2.11820811 4.69835134 0.324504654 2.00288234 4.56139699 0.262686323 2.09709605 4.6909969 0.380184012 1.98177028 4.55404256 0.318365681 2.11990565 4.03981467 0.363824684 2.1078445 4.47251821 0.271834997 2.1791183 4.04338065 0.372833778 2.16705699 4.47608388 0.28084411 2.08249553 4.32801748 0.329451515 1.9938319 4.54158132 0.273740438 2.06453334 4.30670034 0.276320241 1.97586955 4.52026418 0.220609202 2.23403163 4.59017598 0.0711372169 2.12445811 4.50062643 0.212331958 2.28074946 4.59228048 0.108727186 2.17117595 4.50273092 0.249921908 1.95852657 4.40012228 -0.168590656 2.00785182 4.55080404 0.252312082 1.94391063 4.45543233 -0.186678615 1.99323573 4.60611409 0.234224123 2.53316691 4.42706442 0.454127073 2.57693689 4.33184866 0.269205888 2.59090448 4.42293813 0.469917859 2.63467432 4.32772238 0.284996675 2.41603007 4.44410207 0.501446293 2.46829722 4.3978652 0.292465413 2.37310496 4.40220602 0.49998 2.42537211 4.35596914 0.290999158 2.47127466 4.03943808 0.367354232 2.55759439 4.29338125 0.284177965 2.52429575 4.01623313 0.35153289 2.61061518 4.2701766 0.268356603 2.44738993 4.21553824 0.424790106 2.4407963 4.37318044 0.269169153 2.44129771 4.17347525 0.382439109 2.43470408 4.33111746 0.226818175 2.45282282 4.46861501 -0.132588803 2.56881952 4.31439047 0.240548872 2.50647654 4.45417867 -0.155234944 2.6224737 4.29995413 0.217902732 2.54128153 4.42573476 0.0524376095 2.43687815 4.388066 0.229375853 2.58733301 4.44739217 0.0842212849 2.48292978 4.40972341 0.261159529 2.91050256 4.25924795 0.475538625 3.01784692 4.10547293 0.258237795 2.94660577 4.23038778 0.513796299 3.05395043 4.07661307 0.296495469 3.00349694 4.42709646 0.541421993 2.88298761 4.17696005 0.272142938 3.0061007 4.38260122 0.581588999 2.88559137 4.13246481 0.312309945 2.89840203 3.87378257 0.415816565 3.00078332 4.06388388 0.298184655 2.91736566 3.83679465 0.37254676 3.01974694 4.02689597 0.254914831 2.85402856 3.90909293 0.380748969 2.85299676 4.1389855 0.268883566 2.89108545 3.88858024 0.338251717 2.89005334 4.11847281 0.226386313 3.14692101 4.14893362 0.0441273107 3.01133843 4.09410605 0.227614741 3.17645409 4.09709036 0.0504583729 3.04087121 4.04226279 0.233945765 2.98684014 4.33162435 -0.0892922572 2.90362542 4.14876517 0.230626864 2.97533502 4.38398824 -0.0623546586 2.8921203 4.20112906 0.257564444 3.30871575 3.91381339 0.492661656 3.42248802 3.82791953 0.26179603 3.34561669 3.87839225 0.524025142 3.45938866 3.79249839 0.293159516 3.38886437 3.95078513 0.618674608 3.29404351 3.91722953 0.290249494 3.39292381 3.8911254 0.623598085 3.29810295 3.8575698 0.295172971 3.12982018 3.53973381 0.255046019 3.38930962 3.78901054 0.273724855 3.17119134 3.49641228 0.258460955 3.43068047 3.7456887 0.27713981 2.98708856 3.81588706 0.288904947 3.27455223 3.88925406 0.264988493 2.99608544 3.76885184 0.252755999 3.28354912 3.84221885 0.228839526 3.47662529 4.19131888 0.0538547504 3.41240807 3.80551414 0.251989111 3.50882469 4.16405173 0.0111969373 3.44460808 3.77824699 0.209331298 3.53027244 4.04643515 0.17551519 3.31875542 3.89223502 0.221322474 3.51854057 4.07739279 0.225555091 3.30702385 3.92319266 0.271362375 3.86859794 3.80016502 0.463637075 3.79284141 3.50620079 0.267602037 3.91923728 3.77432395 0.482817601 3.84348075 3.48036003 0.286782525 3.82164023 3.65662895 0.324684746 3.69283592 3.58395927 0.263265356 3.79663871 3.65486869 0.379199172 3.66783439 3.58219902 0.317779801 3.70079887 3.28606285 0.446596098 3.76844901 3.47187736 0.293968194 3.73079734 3.2469973 0.412332678 3.79844718 3.43281181 0.259704794 3.42062279 3.33955376 0.583039728 3.68352592 3.56323845 0.269308962 3.37610039 3.33572563 0.543000896 3.63900352 3.55941032 0.229270148 3.95904746 3.5690435 0.080246895 3.78445182 3.49208641 0.218683658 3.9963674 3.52922325 0.10517843 3.82177146 3.45226616 0.243615183 3.57597129 3.73232475 -0.126568982 3.6859542 3.57456504 0.23509624 3.59617393 3.78610252 -0.109254491 3.70615714 3.62834312 0.252410711 4.01307669 3.13201226 0.480783414 4.13304251 3.14047936 0.263101915 4.06536307 3.12481164 0.509318874 4.18532919 3.13327874 0.291637357 4.29522299 3.24905571 0.478690785 4.04981711 3.25861138 0.273096288 4.26271902 3.21501976 0.515906933 4.01731314 3.22457543 0.310312436 4.00769095 3.03226861 0.371385337 4.10081717 3.12346368 0.275195631 4.05086295 2.99066796 0.373741714 4.14398886 3.08186303 0.277551988 3.91616874 3.06589593 0.160513664 4.00213706 3.21033226 0.270765089 3.93823752 3.09085168 0.11061198 4.02420584 3.23528801 0.220863395 4.26767385 3.18397667 -0.0358730499 4.13085989 3.14658715 0.227334304 4.29318106 3.1299566 -0.0302881997 4.15636709 3.09256707 0.232919135 4.0801351 3.22385979 -0.00573505389 4.03005728 3.23648186 0.241459936 4.1225994 3.2657528 0.000728530868 4.07252158 3.27837456 0.247923483 4.79935719 2.71004724 0.461733388 4.4704128 2.77920068 0.285930665 4.79684132 2.65280634 0.443924932 4.46789632 2.72195978 0.26812219 4.61965413 2.85122369 0.691730713 4.35999716 2.89604699 0.290567849 4.60136983 2.79434076 0.697209686 4.34171285 2.83916406 0.296046899 4.10906973 2.43849085 0.338618843 4.40545828 2.73917718 0.288225435 4.14598593 2.39800394 0.314164822 4.44237478 2.69869013 0.263771433 4.12477835 2.61359461 0.384599601 4.33151663 2.85939691 0.275876039 4.11715872 2.5949972 0.32806575 4.323897 2.8407995 0.219342189 4.28576864 2.84749597 -0.152533833 4.43447042 2.76185449 0.23907617 4.30865713 2.79576623 -0.172537723 4.4573583 2.71012445 0.219072261 4.21931387 3.07786492 0.0032717704 4.34048513 2.87582513 0.252084517 4.27538382 3.09325127 -0.0115402791 4.39655508 2.89121148 0.237272448 4.5623409 2.44348185 0.593870836 4.71248494 2.35581004 0.26451795 4.60182332 2.40766291 0.621404787 4.75196736 2.3199911 0.292051938 4.76785024 2.59379694 0.295542672 4.64471822 2.45674219 0.266647066 4.73591908 2.61252924 0.342760345 4.61278737 2.47547449 0.313864739 4.45123617 2.12581752 0.204981933 4.66848928 2.33180491 0.273459142 4.4919399 2.08184703 0.208111758 4.70919332 2.28783442 0.276588968 4.45080923 2.04252284 0.299288438 4.59742604 2.4523762 0.275358861 4.46746603 2.03324275 0.242398829 4.61408284 2.44309595 0.218469272 4.83123585 2.22849726 -0.192519641 4.6897762 2.33587824 0.217089648 4.87934254 2.20156627 -0.168845745 4.73788319 2.30894709 0.240763563 4.91574757 2.30533152 -0.0239271349 4.63080068 2.46862833 0.224707026 4.95839985 2.31893748 0.0160185047 4.67345296 2.48223429 0.264652647 5.00546009 1.84089779 0.631068864 4.95987446 1.92744579 0.285591501 5.00364796 1.78266689 0.616720186 4.95806202 1.86921489 0.271242803 5.00365467 1.89948635 0.49322173 4.89100178 2.02882716 0.275334581 4.95533009 1.91288921 0.526162632 4.8426775 2.04222987 0.30827554 4.60183187 1.83317333 0.580452906 4.90312764 1.90603221 0.277222436 4.61753682 1.77529003 0.582149645 4.91883229 1.84814891 0.278919157 4.55886373 2.01818141 0.213491302 4.83600911 2.00805919 0.270450224 4.57003988 2.05183681 0.165092903 4.84718526 2.04171458 0.222051825 4.9650005 2.05836497 0.157228504 4.90989674 1.90045482 0.236511607 5.01920216 2.03455333 0.147473828 4.96409901 1.87664318 0.22675693 5.00575764 1.97299312 -0.106451871 4.87233967 2.02183238 0.240409045 5.04129261 2.02083919 -0.0995205285 4.90787465 2.06967845 0.24734033 5.42519885 1.71786541 0.47647231 5.13627125 1.46577054 0.258711523 5.43679797 1.67233669 0.5137897 5.14787037 1.42024182 0.296028932 5.4584032 1.3782475 0.469347333 5.07935841 1.5879681 0.266029123 5.42780628 1.37269467 0.520660274 5.04876179 1.58241528 0.317342064 4.78401051 1.53620724 -0.0352772514 5.10067249 1.45266919 0.26972814 4.76283955 1.48046948 -0.0285629648 5.07950123 1.39693143 0.27644235 4.84843037 1.55185177 0.24503528 5.03089527 1.58048107 0.275770544 4.85936116 1.54510754 0.186426082 5.04182606 1.57373684 0.217161364 5.04036488 1.72842937 -0.111661832 5.10614552 1.45524411 0.247604765 5.06020649 1.68516506 -0.148192784 5.12598743 1.4119798 0.211073794 5.47760852 1.57021389 0.125885264 5.0822237 1.5757333 0.222963271 5.48939624 1.60699215 0.171802746 5.09401142 1.61251156 0.268880762 5.3948888 1.11183156 0.321015236 5.27727527 0.981928384 0.249446692 5.39233997 1.08469205 0.374465629 5.27472583 0.95478895 0.302897103 5.32704639 1.00219831 0.474260968 5.23809803 1.13319417 0.288760961 5.27425892 0.974223916 0.479818181 5.18531055 1.10521978 0.294318193 5.04638752 0.838177395 0.190487896 5.20818836 0.977682626 0.26800712 5.08054585 0.790844327 0.204373412 5.24234668 0.930349558 0.281892637 4.85572346 1.09473142 0.271232217 5.18405872 1.10900815 0.276419462 4.85632405 1.1025282 0.211744018 5.18465992 1.11680501 0.216931262 5.31572864 0.84011076 0.0374005882 5.2384856 0.976857812 0.210806766 5.34225086 0.804227201 0.0775123388 5.26500721 0.940974176 0.250918516 5.13557484 1.00551786 -0.1532571 5.20824634 1.11292875 0.251205038 5.18887867 1.02821523 -0.168862072 5.26155018 1.1356262 0.235600047 5.4019707 0.682898544 0.651739793 5.37022083 0.510569904 0.266348413 5.38863819 0.629911561 0.676531357 5.35688892 0.457582883 0.291140016 5.30529773 0.790646192 0.523356998 5.34101428 0.655388703 0.288479055 5.25175403 0.76447241 0.530287387 5.2874712 0.629214883 0.295409482 5.18464222 0.33923484 0.302622598 5.29654529 0.487352551 0.296960366 5.21750782 0.312773869 0.259965338 5.32941089 0.460891561 0.254303106 5.15058887 0.553952319 0.218052573 5.27136341 0.647105698 0.267631239 5.18591541 0.530845478 0.175412956 5.30668933 0.623998819 0.224991641 5.41140064 0.341842873 0.00123313901 5.35032886 0.500338772 0.216069007 5.38929309 0.29414018 0.0301412957 5.32822071 0.452636022 0.244977164 5.25944873 0.666476883 0.0152202031 5.31030323 0.649541535 0.251374392 5.31683765 0.654958558 0.00203571315 5.36769275 0.638023171 0.238189845 5.40989856 -0.0683431419 0.500836094 5.41637378 0.0161126753 0.287660993 5.38429309 -0.118519561 0.480179471 5.39076831 -0.0340637581 0.267004331 5.46007495 0.315066979 0.437592306 5.39863757 0.143881308 0.293476003 5.40508472 0.338634102 0.433040914 5.34364734 0.16744846 0.288924649 5.03864613 -0.040788826 0.378926154 5.35024707 0.0155262109 0.289918931 5.04053272 -0.0942318514 0.351718017 5.35213428 -0.0379168168 0.262710813 4.98935231 0.32194442 0.13295984 5.32846851 0.144766661 0.270435156 5.01837422 0.338938286 0.0832715588 5.35749072 0.161760555 0.220746875 5.71949023 0.0369838182 0.0840428143 5.37636951 0.017591507 0.222221427 5.7298662 -0.019348702 0.101902864 5.38674549 -0.038741006 0.240081457 5.32394702 0.195014587 -0.161074063 5.36609851 0.148127276 0.245658011 5.38233692 0.208052173 -0.165622212 5.42448779 0.161164852 0.241109862 5.28895069 -0.629104982 0.665141892 5.40055835 -0.475512074 0.291306279 5.27728199 -0.682237686 0.639828401 5.38888965 -0.528644703 0.265992807 5.36148792 -0.404129744 0.635766931 5.4078313 -0.341006157 0.295956586 5.3025542 -0.394800101 0.629462495 5.3488982 -0.331676552 0.289652227 5.06345265 -0.485080556 0.423128996 5.34871753 -0.472413014 0.290558484 5.0528603 -0.537200153 0.395355902 5.33812488 -0.524532612 0.26278541 5.1483379 -0.333570893 0.472706288 5.36994678 -0.348181793 0.268873399 5.1123 -0.308615735 0.431736669 5.33390918 -0.323226616 0.227903819 5.46168811 -0.359594947 0.166998535 5.35636707 -0.477595967 0.244897036 5.49195727 -0.404107428 0.140495631 5.38663684 -0.522108486 0.218394141 5.42855274 -0.512612904 0.106267374 5.37738635 -0.352467186 0.250385031 5.48186694 -0.486852635 0.096570318 5.43069995 -0.326706917 0.240687937 5.55613513 -1.09065366 0.478337849 5.34810291 -0.964005716 0.287616418 5.54216907 -1.14512075 0.457402257 5.33413745 -1.0184728 0.266680864 5.37956897 -0.703278869 0.41499095 5.36751148 -0.830694104 0.296010449 5.32229175 -0.688490585 0.40495864 5.31023487 -0.815905743 0.285978139 5.11831867 -1.01448591 0.364469329 5.2924303 -0.965507028 0.299979108 5.11063587 -1.05002172 0.316738999 5.2847472 -1.00104276 0.252248777 5.19780689 -0.578409182 0.403706313 5.33418079 -0.819567929 0.268841718 5.1550005 -0.5791075 0.36166938 5.29137378 -0.820266248 0.226804805 5.55799182 -1.22654126 0.0523604191 5.33198291 -0.967855508 0.217808108 5.52680347 -1.27057241 0.0786000711 5.30079395 -1.01188665 0.244047713 5.39222583 -0.969675195 0.081151846 5.33677356 -0.827310086 0.232714285 5.44617664 -0.97583204 0.106674106 5.39072498 -0.833466931 0.258236574 5.23946094 -1.60236645 0.548916537 5.26193714 -1.46175671 0.285958093 5.18620655 -1.62458904 0.532481792 5.20868274 -1.48397931 0.269523386 5.45169605 -1.36016064 0.45735465 5.27348133 -1.29138791 0.276863683 5.40988025 -1.39170102 0.486624287 5.23166614 -1.32292844 0.306133282 4.96972981 -1.42973858 0.239056811 5.18191517 -1.43444134 0.291232274 4.97652272 -1.47994107 0.206907592 5.18870777 -1.48464367 0.259083055 4.89226613 -1.08188497 0.280304483 5.22852588 -1.29316648 0.275592569 4.88288899 -1.09552267 0.222632289 5.21914905 -1.30680417 0.217920375 5.421151 -1.5077055 -0.123291318 5.2169939 -1.43791669 0.226068644 5.41245899 -1.56669278 -0.116587636 5.20830066 -1.49690396 0.23277225 5.16532764 -1.46403287 0.0455056371 5.24605701 -1.30622998 0.249360193 5.22196399 -1.48186291 0.0368790046 5.30269336 -1.32406003 0.240733542 5.13702442 -1.73351925 0.532071559 5.07817097 -1.91435741 0.262659868 5.15140125 -1.78329052 0.562338969 5.0925481 -1.96412868 0.292927297 5.3171648 -1.80775463 0.599259859 5.14417225 -1.77234295 0.279161676 5.26486927 -1.81950939 0.626222101 5.09187611 -1.78409771 0.306123917 4.72536427 -1.72522076 0.439643926 5.05244129 -1.90220012 0.29065635 4.69083241 -1.76572109 0.411944266 5.01790943 -1.94270046 0.262956709 4.90615864 -1.61179211 0.400561286 5.09483387 -1.78419277 0.27351457 4.89876301 -1.58192639 0.349050667 5.08743794 -1.75432705 0.222003951 5.32466297 -1.98814021 0.044872817 5.07732227 -1.9090295 0.238754706 5.29598011 -2.03831401 0.0287532418 5.0486388 -1.95920329 0.222635112 5.28534107 -1.79792446 0.00788001997 5.12175465 -1.77146053 0.22866796 5.32391956 -1.83043163 0.04036024 5.16033314 -1.8039677 0.261148142 5.01678028 -2.54772669 0.508418949 4.89277485 -2.37044154 0.295485337 5.01129078 -2.59517664 0.472109822 4.88728505 -2.41789149 0.25917621 5.13015247 -2.20729762 0.426493444 4.9514629 -2.2591363 0.283703531 5.10324848 -2.15579966 0.441465292 4.92455922 -2.20763835 0.298675397 4.50387533 -2.37602076 0.0732898696 4.84128285 -2.34213526 0.268554262 4.50351583 -2.43502833 0.0841509037 4.84092366 -2.40114298 0.279415258 4.56187734 -2.2858552 0.208272338 4.90606862 -2.23131541 0.275072645 4.57099691 -2.27260905 0.150467774 4.91518818 -2.21806926 0.217268062 4.91486104 -2.38726084 0.0400115958 4.88642232 -2.36124598 0.230727362 4.87431599 -2.43148844 0.0399986067 4.84587727 -2.40547373 0.230714335 5.03885884 -2.16652003 0.0602522646 4.94545033 -2.21859385 0.245654806 5.06667805 -2.21967295 0.0593389498 4.97326985 -2.27174693 0.244741511 4.59157796 -2.77965845 0.489250248 4.67674581 -2.81902612 0.288166555 4.5362737 -2.7876159 0.467384366 4.62144185 -2.82698358 0.266300691 4.69641896 -2.48756907 0.715819991 4.74019612 -2.67695947 0.300310719 4.64064931 -2.47024637 0.7020484 4.68442647 -2.65963678 0.286539167 4.40803793 -2.45835612 0.257408937 4.62896169 -2.77805963 0.282069353 4.36040548 -2.49230265 0.244036688 4.58132985 -2.81200616 0.268697103 4.34672293 -2.70421716 0.103642423 4.6737737 -2.64942926 0.27018659 4.37505911 -2.72238794 0.0539747989 4.70210988 -2.66760004 0.220518927 4.67912557 -2.8184176 0.0693988975 4.61865407 -2.785086 0.221361251 4.6982961 -2.87187707 0.0887533549 4.6378243 -2.83854547 0.240715708 4.86611928 -2.88114648 0.10067457 4.71132741 -2.69285639 0.228489966 4.91291615 -2.86599969 0.135034854 4.75812398 -2.6777096 0.262850241 4.61922078 -3.38644615 0.495920781 4.3876647 -3.2049453 0.28091554 4.58671407 -3.43637016 0.488785161 4.35515798 -3.25486931 0.273779996 4.31977407 -3.39580071 0.613175188 4.44776113 -3.10734215 0.273773035 4.31641958 -3.34953545 0.651231293 4.44440694 -3.0610769 0.31182914 3.91975241 -3.18410332 0.530880191 4.3292217 -3.16978142 0.284571317 3.91339957 -3.24211602 0.516946133 4.32286886 -3.22779442 0.270637296 4.27513479 -3.11351067 0.299396794 4.43221975 -3.08216851 0.27251079 4.26081198 -3.08559899 0.24825189 4.41789693 -3.05425683 0.221365886 4.25689779 -3.24648095 0.0123987767 4.34079611 -3.1863839 0.225309233 4.27138327 -3.30375878 0.0228582568 4.35528158 -3.24366173 0.235768675 4.77129872 -3.30581719 0.141446654 4.47372488 -3.08401696 0.220842929 4.76164327 -3.33682915 0.191894908 4.46407003 -3.11502892 0.271291155 4.13829916 -3.74340171 0.438399915 4.08035696 -3.59974052 0.271635812 4.08029227 -3.75445426 0.449032926 4.02235068 -3.61079307 0.282268842 4.17860769 -3.59643974 0.659315781 4.16980459 -3.47857048 0.288665498 4.12412711 -3.5728878 0.66809935 4.115324 -3.45501854 0.297449086 4.01447714 -3.24897087 0.212728076 4.03946341 -3.5624395 0.289243158 3.96289359 -3.26005638 0.184158283 3.98787985 -3.57352501 0.260673384 4.02253104 -3.12766717 0.189421115 4.13175345 -3.43697441 0.272507566 4.00356619 -3.14858513 0.136479813 4.11278891 -3.45789238 0.219566264 4.26057669 -3.88572959 0.116559274 4.05702536 -3.57336631 0.225925231 4.2129711 -3.92057669 0.1274843 4.00941947 -3.60821373 0.236850256 4.20966818 -3.76398124 -0.00284561151 4.13305838 -3.48388298 0.233516001 4.26514547 -3.76781852 0.0196833606 4.18853598 -3.48772026 0.256044897 3.75855277 -3.79643119 0.628002801 3.72697349 -3.94911734 0.277369035 3.69903861 -3.78913047 0.630183625 3.66745902 -3.94181632 0.279549898 3.92194083 -3.93687278 0.711743148 3.81265678 -3.84584495 0.28517238 3.90178 -3.88288108 0.728429625 3.79249595 -3.79185325 0.301858914 3.70900413 -3.71679679 0.280078062 3.69073173 -3.90959311 0.263072161 3.65467948 -3.71388053 0.305383313 3.63640739 -3.90667655 0.288377412 3.62450035 -3.74766807 0.286012491 3.78250388 -3.8054708 0.276284898 3.62490776 -3.73662956 0.227038092 3.78291129 -3.79443198 0.217310519 3.79424522 -4.32421255 0.0256773752 3.70866264 -3.92432944 0.226958766 3.73688102 -4.34018972 0.0330285446 3.65129844 -3.94030692 0.234309916 3.83260367 -4.01502677 0.0340185158 3.79507163 -3.82725516 0.229492221 3.87815543 -4.03845023 0.0652654061 3.84062339 -3.85067862 0.260739092 3.41204826 -4.35907522 0.444087438 3.33976372 -4.25264914 0.266382974 3.35601738 -4.36153585 0.465405606 3.28373253 -4.25510977 0.287701143 3.56951744 -4.09358725 0.591934954 3.43738975 -4.16336539 0.295484899 3.55286705 -4.03626456 0.585863405 3.42073936 -4.10604239 0.28941335 3.18522454 -3.80602531 0.344865105 3.30120323 -4.20614126 0.297363656 3.1437304 -3.81297446 0.302087472 3.25970909 -4.21309042 0.254586042 3.42744102 -3.81400168 0.205216403 3.41579033 -4.10676504 0.275148004 3.42029472 -3.82757316 0.147209965 3.40864403 -4.12033652 0.217141585 3.43749901 -4.53053609 0.137955863 3.31192009 -4.2245043 0.20889421 3.40630913 -4.55390889 0.18357288 3.28073052 -4.2478768 0.254511198 3.32420647 -4.29915274 0.128436048 3.41465874 -4.14333456 0.24752231 3.37714745 -4.32716329 0.124875094 3.46759971 -4.17134512 0.243961348 2.94088464 -4.49584829 0.467437886 2.92418756 -4.5330602 0.277399133 2.88716424 -4.46912984 0.466926068 2.87046716 -4.50634176 0.276887296 3.1450512 -4.37078298 0.490593556 3.03661218 -4.44143087 0.295693944 3.12359185 -4.31534841 0.482439259 3.01515252 -4.3859963 0.287539666 2.75655206 -4.30831655 0.420467444 2.89499109 -4.46081167 0.284826902 2.70733362 -4.33853597 0.404208289 2.84577295 -4.49103078 0.268567747 2.67485925 -4.20813772 0.381021339 3.00713891 -4.4077059 0.273052648 2.67734277 -4.17646597 0.330122139 3.00962213 -4.37603414 0.22215343 3.09521722 -4.63723043 0.151065146 2.90546777 -4.48057516 0.240386328 3.05399499 -4.67708699 0.133396766 2.86424554 -4.52043203 0.222717967 2.94745385 -4.46187948 -0.212751384 3.01326623 -4.4174642 0.244408678 2.9933999 -4.50035909 -0.215627093 3.05921197 -4.45594411 0.241532854 2.53133844 -4.71035024 0.569119479 2.48688303 -4.75660054 0.275694421 2.4763975 -4.68667745 0.573711955 2.43194208 -4.73292775 0.280286897 2.90627862 -4.72091786 0.432599897 2.61097467 -4.66423451 0.266297506 2.88236505 -4.69830983 0.482769612 2.58706079 -4.64162618 0.316467221 2.44510569 -4.48468648 0.432864675 2.46709727 -4.69871449 0.281796506 2.38594325 -4.48374563 0.422919264 2.40793467 -4.69777364 0.271851095 2.53696528 -4.32650259 0.0630969415 2.56706385 -4.61529958 0.26581941 2.57196924 -4.35200399 0.0215710254 2.60206781 -4.64080068 0.224293475 2.62050257 -4.783214 -0.16859243 2.45576227 -4.694894 0.225559916 2.60620508 -4.84106526 -0.161605164 2.44146479 -4.75274495 0.232547183 2.57584467 -4.62880391 0.0894122867 2.60298822 -4.64579335 0.249064669 2.58175226 -4.68806325 0.0821017628 2.60889582 -4.70505269 0.241754164 2.31606501 -4.86693989 0.638916001 2.02510722 -4.91583516 0.260643095 2.27251582 -4.88697133 0.675002121 1.98155803 -4.93586659 0.296729215 2.32395869 -4.84317311 0.605661569 2.17105739 -4.86409688 0.282909978 2.27818812 -4.8096407 0.62517119 2.12528682 -4.83056477 0.302419618 1.68857525 -4.69719625 0.131611888 1.99565578 -4.85151051 0.272787355 1.6604768 -4.75010854 0.134894015 1.96755733 -4.9044228 0.276069444 2.0490826 -4.63401174 0.304132016 2.15431575 -4.81696645 0.270381445 2.01342937 -4.6458904 0.257358602 2.11866252 -4.82884511 0.223608012 2.01713649 -4.79922932 -0.193954692 2.000713 -4.87447651 0.234062266 1.99874095 -4.85535267 -0.204527202 1.98231746 -4.93059987 0.223489718 2.27869639 -5.07001515 0.0549809253 2.16747249 -4.85262379 0.227335238 2.25392634 -5.11118275 0.0909210185 2.14270259 -4.89379109 0.26327535 1.56679516 -5.43349719 0.523832119 1.55228375 -5.05521473 0.291352132 1.51706982 -5.45244189 0.496110333 1.50255841 -5.07415913 0.263630384 1.49992733 -5.09875233 0.540319354 1.69655224 -5.02115986 0.299170449 1.4641766 -5.05275227 0.525970524 1.66080181 -4.9751598 0.284821618 1.37330319 -4.73282124 0.481939534 1.54017834 -4.9971941 0.281007017 1.32054624 -4.76038442 0.47439063 1.48742138 -5.02475758 0.27345815 1.5064645 -4.83661885 0.233538813 1.675621 -4.95866749 0.272666811 1.49851254 -4.86448353 0.181000038 1.66766918 -4.98653218 0.220128054 1.42644665 -5.04218525 0.0368775359 1.54179852 -5.02610096 0.215074687 1.38104886 -5.06557179 0.0683755669 1.49640072 -5.04948719 0.246572718 1.68874462 -5.31202564 0.160510632 1.66617199 -5.02098805 0.223392005 1.72710262 -5.31890735 0.206131854 1.70452999 -5.02786976 0.269013227 0.995059106 -5.29263538 0.37026374 1.0619901 -5.14909717 0.29856994 0.955325143 -5.2964812 0.325470688 1.02225614 -5.15294239 0.253776869 1.15529813 -5.08075092 0.511243961 1.20010503 -5.12993641 0.298370297 1.15675573 -5.02224171 0.498031948 1.2015627 -5.07142719 0.285158323 0.89368513 -4.88332112 0.249977831 1.0571343 -5.07989033 0.272912229 0.847425366 -4.92120686 0.254948706 1.01087446 -5.11777576 0.277883104 1.11768712 -4.72470815 -0.0670709786 1.17875325 -5.05812397 0.263035463 1.15182721 -4.75612386 -0.105117109 1.21289334 -5.08953968 0.224989333 0.957932718 -5.20217579 0.0540663326 1.06007078 -5.1432262 0.223003688 0.91170576 -5.16733753 0.0698583587 1.01384382 -5.10838825 0.238795714 1.39705899 -5.34561084 -0.0707185539 1.21489072 -5.1032613 0.230270362 1.37756726 -5.3949895 -0.042757205 1.19539891 -5.15263966 0.258231729 0.744361556 -5.09083851 0.681472687 0.580169474 -5.18441944 0.267117494 0.690163177 -5.10081165 0.705201705 0.525971096 -5.19439258 0.290846551 0.640742402 -5.19246326 0.562443148 0.716046355 -5.18713611 0.292311319 0.635954309 -5.13265491 0.56228789 0.7112583 -5.12732777 0.29215606 0.655713944 -4.92850392 0.268778318 0.568922755 -5.14306995 0.298166307 0.617839304 -4.91943531 0.223135485 0.531048114 -5.13400074 0.252523455 0.633354783 -4.688066 0.313295815 0.716950744 -5.13003834 0.276420091 0.62172133 -4.68536061 0.254496664 0.705317214 -5.12733265 0.217620921 0.676281494 -5.30631397 0.19486877 0.572482478 -5.15749744 0.249691233 0.631566224 -5.3243468 0.159156586 0.52776717 -5.17553028 0.213979049 0.64074141 -5.53030322 0.082622202 0.728215011 -5.17877613 0.220185695 0.611416536 -5.54288928 0.133432013 0.698890136 -5.19136219 0.270995477 0.24045772 -5.30413745 0.426067724 0.0771576769 -5.19366443 0.25437324 0.207195621 -5.28299427 0.471307363 0.0438955917 -5.17252186 0.29961284 0.353578483 -5.32519886 0.503412922 0.24388122 -5.18116382 0.27371343 0.315981762 -5.29581958 0.539790561 0.206284518 -5.15178455 0.310091069 0.423863783 -4.86879414 0.399938422 0.0769531137 -5.1515868 0.293136571 0.398921576 -4.82560139 0.366587669 0.0520110023 -5.10839405 0.259785818 0.379580337 -4.8633199 0.137981049 0.226976599 -5.12516285 0.272615274 0.376496192 -4.88928853 0.0839800244 0.223892455 -5.15113148 0.218614249 0.161564003 -5.37914356 -0.110825269 0.0868330173 -5.16667469 0.239863047 0.107499292 -5.36365344 -0.131731183 0.032768306 -5.15118458 0.218957057 0.264532961 -5.30745533 0.0874734573 0.237814745 -5.17146778 0.229567809 0.23280807 -5.34709583 0.119444921 0.206089854 -5.21110828 0.261539244 -0.438597936 -5.37752612 0.297867272 -0.416756087 -5.13429005 0.250007357 -0.465831517 -5.36486072 0.349808685 -0.443989668 -5.12162464 0.301948789 -0.382508842 -5.1728368 0.589044024 -0.266819891 -5.15533558 0.290126928 -0.379439231 -5.11309895 0.593729578 -0.26375028 -5.09559803 0.294812482 -0.326050408 -4.95233052 0.382309409 -0.406169844 -5.0947356 0.292714017 -0.35812957 -4.91365345 0.34952182 -0.438249006 -5.05605885 0.259926409 -0.333258774 -4.88137562 0.270092996 -0.267495607 -5.09935444 0.276228288 -0.32311847 -4.87998036 0.210972552 -0.257355303 -5.09795918 0.217107844 -0.549305637 -5.23644642 0.0729113658 -0.405062857 -5.11415424 0.217500682 -0.597031389 -5.21231067 0.100108764 -0.452788648 -5.0900182 0.244698061 -0.48063464 -5.45537708 -0.0558194339 -0.252720064 -5.14554066 0.221727137 -0.517358921 -5.46906055 -0.0103870962 -0.289444364 -5.15922352 0.267159418 -0.805734922 -5.11405445 0.447079839 -0.883121929 -5.01560963 0.268905901 -0.86163908 -5.12853382 0.463360585 -0.939026011 -5.0300893 0.285186685 -1.04768354 -5.26120655 0.545938213 -0.744824889 -5.06532398 0.277966684 -1.056173 -5.20909351 0.574436938 -0.753314421 -5.01321125 0.306465428 -0.790668546 -4.59088887 0.0542180431 -0.873182888 -4.96680775 0.288663839 -0.842097836 -4.59830953 0.0242187113 -0.924612177 -4.9742284 0.258664488 -0.653555512 -4.71311849 0.0217585559 -0.737205947 -4.99182759 0.267578806 -0.661192078 -4.75117848 -0.0239920992 -0.744842436 -5.02988728 0.221828151 -1.0160491 -5.19421741 0.0602933298 -0.883651714 -5.01661396 0.230417361 -1.06457807 -5.15894642 0.0612389742 -0.932180765 -4.98134327 0.231362967 -0.909789256 -5.04492695 0.145283705 -0.76171385 -5.03306477 0.251904158 -0.896477489 -5.10216267 0.133164155 -0.748402083 -5.09030018 0.239784617 -1.52941159 -4.84995106 0.704945129 -1.36880429 -4.89676198 0.286976293 -1.55587216 -4.79851094 0.689016327 -1.39526486 -4.84532155 0.271047491 -1.10629537 -4.96740284 0.521211536 -1.22906613 -4.93079884 0.294041646 -1.08199644 -4.91271351 0.516891544 -1.2047672 -4.87610982 0.289721711 -1.11811513 -4.50521047 0.142320143 -1.33663281 -4.83726918 0.277367567 -1.16905523 -4.47403799 0.136542851 -1.38757291 -4.80609669 0.271590284 -1.3441647 -4.49505514 0.422909536 -1.21788518 -4.88808613 0.274689554 -1.33179623 -4.47090078 0.369397117 -1.20551671 -4.86393178 0.221177153 -1.35542981 -4.98296833 0.107823999 -1.34862225 -4.86150746 0.241723074 -1.40521863 -4.95694813 0.0867521457 -1.39841107 -4.83548726 0.220651183 -1.13694448 -5.01229756 0.0799138623 -1.23707494 -4.90816853 0.224719195 -1.11613325 -5.05016987 0.121538274 -1.21626378 -4.94604054 0.266343588 -1.96105495 -4.80275166 0.387678061 -1.81312069 -4.6890392 0.293963044 -2.00265086 -4.77766194 0.352460281 -1.85471645 -4.66394948 0.258745245 -1.70438351 -4.99697163 0.34692382 -1.66560635 -4.73509419 0.263676065 -1.72141674 -4.97726704 0.400975676 -1.68263943 -4.7153896 0.317727883 -1.68830105 -4.51100118 0.282350858 -1.79360699 -4.64047353 0.297626756 -1.72206921 -4.48876638 0.238018794 -1.82737514 -4.61823873 0.253294691 -1.47214184 -4.38782247 0.155932909 -1.64178692 -4.70139943 0.26680221 -1.51426266 -4.37987936 0.113947828 -1.68390774 -4.69345662 0.224817118 -1.76440761 -4.62289296 0.0220956988 -1.8062936 -4.67687581 0.227433982 -1.79741146 -4.57318746 0.0284308236 -1.83929744 -4.62717061 0.233769087 -1.71531475 -4.79741597 0.0403823462 -1.69308712 -4.71854543 0.23491384 -1.70068508 -4.85190449 0.0608023821 -1.6784573 -4.77303395 0.255333876 -2.322214 -4.67236989 0.642553163 -2.24295161 -4.45827138 0.271475862 -2.36424998 -4.6320165 0.656856675 -2.28498759 -4.4179183 0.285779355 -2.21493815 -4.68565969 0.404960013 -2.11732783 -4.51671132 0.266742529 -2.20156825 -4.65344411 0.453780164 -2.10395793 -4.48449575 0.315562661 -1.97751644 -4.26721579 0.344639503 -2.21859217 -4.41311544 0.263008798 -2.01167125 -4.22560324 0.371131965 -2.25274699 -4.37150289 0.289501241 -2.00549602 -4.3716448 0.158933655 -2.07903987 -4.46622732 0.267219652 -2.04232631 -4.39198232 0.116156137 -2.11587001 -4.48656454 0.224442115 -2.14860225 -4.66347249 -0.0571980845 -2.22180079 -4.4162087 0.237028613 -2.20687007 -4.66369252 -0.0715092452 -2.28006861 -4.41642873 0.222717471 -2.30509699 -4.59689779 -0.0882208232 -2.11056758 -4.49978292 0.228617224 -2.33461497 -4.63893544 -0.0572125041 -2.14008555 -4.54182058 0.259625524 -2.75396204 -4.53924978 0.411637907 -2.64093714 -4.16853293 0.274616884 -2.81076532 -4.52038503 0.415822478 -2.69774042 -4.14966818 0.278801435 -2.46836695 -4.36346639 0.561346652 -2.54478128 -4.25312307 0.291327947 -2.42122691 -4.32639181 0.563156688 -2.49764109 -4.21604849 0.293138021 -2.51786951 -3.8536666 0.373490554 -2.61149927 -4.11736227 0.262693857 -2.57066278 -3.84651847 0.401090994 -2.66429224 -4.11021414 0.290294336 -2.15975612 -3.98879111 0.461908483 -2.51681788 -4.21492056 0.275555395 -2.13616359 -3.98103263 0.407289725 -2.4932255 -4.20716208 0.220936675 -2.74562341 -4.27842703 0.0840108471 -2.63025751 -4.1436434 0.216650252 -2.79604608 -4.26390005 0.113105428 -2.68068018 -4.12911642 0.245744814 -2.55101236 -4.1147045 -0.0174962421 -2.50981501 -4.24179678 0.245060286 -2.60745264 -4.1350405 -0.018484058 -2.56625483 -4.26213278 0.24407247 -3.02741815 -4.0351055 0.360990249 -3.02050713 -3.84838492 0.260514788 -3.07468224 -4.01624991 0.392779876 -3.06777123 -3.82952933 0.292304433 -3.00660577 -3.90749686 0.634875474 -2.92169122 -3.9545333 0.292617162 -2.97625878 -3.85573905 0.635291505 -2.89134423 -3.90277549 0.293033231 -2.88378473 -3.61922721 0.278333829 -2.98586541 -3.81077567 0.28925834 -2.93147058 -3.59538414 0.25081016 -3.03355126 -3.78693259 0.261734671 -2.81288049 -3.46717583 0.150388638 -2.89571893 -3.89698142 0.27352569 -2.80000787 -3.48559532 0.0947557905 -2.882846 -3.91540091 0.217892833 -3.21563469 -4.22079489 0.0567615496 -3.00337579 -3.83502494 0.228930583 -3.26880761 -4.19327231 0.0606475054 -3.056549 -3.80750205 0.232816577 -3.01819177 -4.15513632 -0.0621586786 -2.8987539 -3.94303946 0.229870162 -3.06963982 -4.16596853 -0.0332493202 -2.95020196 -3.95387168 0.258779482 -3.6063253 -3.35198998 0.492946537 -3.37672142 -3.49558006 0.301311028 -3.63006889 -3.32548424 0.44463828 -3.40046501 -3.46907432 0.253002771 -3.35303276 -3.88414756 0.452453679 -3.25408196 -3.60813285 0.267754186 -3.36268334 -3.84886283 0.500012692 -3.26373253 -3.57284813 0.315313218 -3.079385 -3.30244469 0.408518172 -3.3360836 -3.47381981 0.287946218 -3.10242699 -3.25192955 0.385774451 -3.3591256 -3.42330437 0.265202497 -3.22230767 -3.36914818 0.219963355 -3.2432824 -3.56044151 0.274866422 -3.21623558 -3.38622978 0.162767636 -3.23721032 -3.57752281 0.217670703 -3.56806266 -3.82479209 0.0171290203 -3.35236534 -3.48874138 0.242831549 -3.60493583 -3.78447257 -0.00766437513 -3.38923821 -3.44842186 0.218038134 -3.4140023 -3.81423667 0.148403718 -3.25957482 -3.61203971 0.22384933 -3.4522271 -3.80164725 0.192905269 -3.297799 -3.5994506 0.2683509 -3.64648216 -3.11215478 0.653861375 -3.701343 -3.12617242 0.281010545 -3.62889823 -3.05498528 0.649124741 -3.68375877 -3.06900292 0.276273912 -3.76452384 -3.21897088 0.542011325 -3.602192 -3.2139074 0.276557458 -3.71333762 -3.22029595 0.573287722 -3.55100609 -3.21523247 0.307833836 -3.38145317 -2.88153558 0.205464053 -3.63101493 -3.08757195 0.28222854 -3.42110863 -2.83892175 0.190920673 -3.67067008 -3.04495812 0.267685159 -3.39326958 -2.77125391 0.398848715 -3.53702415 -3.2071978 0.268732465 -3.42875145 -2.7470495 0.356953956 -3.57250602 -3.18299309 0.226837725 -3.67214317 -3.12663415 0.0540295207 -3.64825492 -3.09766808 0.229931025 -3.72337577 -3.0954583 0.05585348 -3.69948692 -3.06649255 0.231754965 -3.68617942 -3.38000084 -0.0246390146 -3.5797509 -3.21328301 0.226421485 -3.72053306 -3.41300316 0.0118393514 -3.61410453 -3.24628533 0.262899851 -4.01760581 -2.97355187 0.503040112 -3.94273246 -2.70457971 0.2622969 -4.05336508 -2.93627618 0.533565128 -3.97849204 -2.66730402 0.292821916 -4.09473105 -2.90419091 0.674736923 -3.88256736 -2.80725274 0.280227903 -4.04164572 -2.9143551 0.700788253 -3.82948203 -2.81741662 0.306279118 -3.54803093 -2.47065012 0.295957501 -3.90259543 -2.67659204 0.294447034 -3.57135551 -2.43021647 0.258260397 -3.92591971 -2.63615839 0.256749929 -3.4872747 -2.70311853 0.47760703 -3.83989371 -2.81204889 0.272482599 -3.46870354 -2.67253717 0.429441748 -3.82132255 -2.78146753 0.224317355 -4.15187094 -2.82501886 0.191271186 -3.9308721 -2.68410608 0.20714952 -4.17217367 -2.7988125 0.241281428 -3.95117514 -2.65790003 0.2571598 -3.83979819 -2.97442376 -0.100422208 -3.87041282 -2.79853784 0.230592856 -3.85113761 -3.02688165 -0.0735972579 -3.88175223 -2.85099572 0.257417807 -4.05596976 -2.4963418 0.668344788 -4.16568197 -2.26544352 0.26362924 -4.09307883 -2.46042948 0.698893188 -4.20279104 -2.2295312 0.294177659 -4.34162039 -2.30925288 0.49427779 -4.11560904 -2.39488856 0.274747289 -4.29902334 -2.28435954 0.528421772 -4.0730123 -2.36999537 0.308891309 -3.69638389 -2.16536357 0.11459049 -4.12562552 -2.24660426 0.290025209 -3.71807884 -2.11930903 0.0828364163 -4.14732016 -2.20054972 0.258271116 -3.76187553 -2.41268214 0.363017074 -4.07622336 -2.38625788 0.272242578 -3.74509574 -2.38331782 0.313457253 -4.05944357 -2.35689356 0.222682776 -4.25318838 -2.34487864 -0.0779473287 -4.13886526 -2.25026576 0.225205664 -4.3035079 -2.31351786 -0.0687586769 -4.18918509 -2.21890498 0.234394316 -4.35278341 -2.35462122 -0.0916498545 -4.0962139 -2.40173106 0.225367045 -4.3956719 -2.33580897 -0.0541438281 -4.13910208 -2.3829188 0.262873072 -4.34372946 -1.90256282 0.404410506 -4.34560659 -1.80610576 0.264199728 -4.38497427 -1.86692165 0.429481802 -4.3868514 -1.77046459 0.289271062 -4.4592037 -1.97831645 0.431631575 -4.3038442 -1.95246944 0.273439993 -4.42905172 -1.94073223 0.467384595 -4.27369192 -1.91488521 0.309193032 -4.0950527 -1.55438443 0.46201743 -4.31123098 -1.78918499 0.29799083 -4.10749411 -1.51350552 0.419897032 -4.32367239 -1.74830608 0.255870451 -3.94145682 -1.97379588 0.232356982 -4.25834982 -1.92846721 0.275865892 -3.94835776 -1.96540126 0.1733493 -4.26525076 -1.92007259 0.21685823 -4.3200585 -1.65317028 -0.0859688549 -4.34214987 -1.80357097 0.21650125 -4.32169027 -1.59941799 -0.0593601595 -4.34378195 -1.74981869 0.243109946 -4.40773367 -2.17120356 0.0735369094 -4.28510641 -1.95115261 0.236474394 -4.46236745 -2.15395076 0.0913543299 -4.3397405 -1.9338998 0.254291777 -4.730649 -1.38321011 0.375693084 -4.4931542 -1.33638272 0.29363189 -4.75138966 -1.33890958 0.340946991 -4.51389486 -1.29208219 0.258885817 -4.62829122 -1.26725621 0.668125443 -4.46252004 -1.48352475 0.293287118 -4.58099965 -1.23033216 0.667735886 -4.41522909 -1.44660061 0.292897618 -4.15738638 -1.27080045 0.597950006 -4.46522909 -1.32031949 0.296085828 -4.12815207 -1.23277806 0.561899325 -4.43599477 -1.28229718 0.260035147 -4.0476052 -1.40809338 0.293315995 -4.4131484 -1.4490498 0.27496879 -4.04250052 -1.42847897 0.237116637 -4.40804342 -1.46943524 0.218769431 -4.6748348 -1.28285291 0.08853092 -4.46864645 -1.32160062 0.207841144 -4.69623097 -1.2521996 0.135462472 -4.49004293 -1.29094724 0.254772696 -4.39042135 -1.39490445 0.00298879617 -4.43351186 -1.46355221 0.251659273 -4.44676199 -1.41009976 -0.0109690092 -4.4898525 -1.47874768 0.237701487 -4.69118947 -0.729861052 0.415518942 -4.59972829 -0.851607342 0.293004907 -4.67290212 -0.683086838 0.382689925 -4.58144063 -0.804833127 0.260175947 -4.78906178 -1.08882543 0.486875371 -4.56482534 -0.978876626 0.273754743 -4.74524068 -1.10836957 0.522899387 -4.52100393 -0.998420769 0.309778741 -4.3311083 -0.954601801 0.392749396 -4.55523702 -0.839284802 0.295163148 -4.29783041 -0.921703776 0.355195228 -4.52195943 -0.806386701 0.25760898 -4.34553762 -0.904954661 0.483154591 -4.53232808 -0.995306756 0.269136919 -4.31093313 -0.878600749 0.44182662 -4.49772359 -0.968952844 0.227808947 -4.5825887 -0.879465389 0.0761501677 -4.53923604 -0.838325711 0.227176566 -4.63545705 -0.852170391 0.0838910084 -4.59210439 -0.811030713 0.234917407 -4.42840078 -1.20174535 -0.0310525696 -4.53638814 -0.987546899 0.252006334 -4.4857662 -1.2105589 -0.0462681188 -4.59375386 -0.996360451 0.236790728 -4.83277302 -0.276662477 0.390709525 -4.6292101 -0.35695243 0.299120591 -4.838019 -0.237982974 0.345142242 -4.63445607 -0.318272946 0.253553328 -4.5885259 -0.630204759 0.524650028 -4.62548757 -0.510816143 0.291844209 -4.531303 -0.612161623 0.524817875 -4.56826528 -0.492773045 0.292012056 -4.39990591 -0.401625434 0.0732688697 -4.5588091 -0.349470512 0.291634439 -4.44025289 -0.375180236 0.0375926391 -4.59915578 -0.323025353 0.255958208 -4.43351583 -0.458512372 0.415049734 -4.58857778 -0.507959087 0.270089296 -4.39841818 -0.438514852 0.370684882 -4.55347982 -0.487961567 0.225724482 -4.56485616 -0.446316709 0.0940228918 -4.59038991 -0.358015167 0.245983385 -4.5942278 -0.403374854 0.0641348443 -4.61976155 -0.315073292 0.216095347 -4.98223317 -0.49997588 -0.0172906681 -4.61036336 -0.48994769 0.22111835 -5.01196186 -0.521876819 0.0300014489 -4.64009206 -0.511848629 0.268410486 -4.54868154 0.215642848 0.662339463 -4.61645742 0.126051003 0.28462169 -4.55901388 0.273540491 0.650460419 -4.62678945 0.183948627 0.272742723 -4.58009176 0.0583820521 0.565489337 -4.62920522 0.00721643313 0.293344873 -4.53144582 0.0233278603 0.563300769 -4.58055928 -0.0278377574 0.291156343 -4.11483023 0.0716316875 0.189985576 -4.56829732 0.125524365 0.289989885 -4.1154006 0.123329484 0.159538695 -4.5688677 0.177222153 0.259543032 -4.35042684 -0.20132236 0.319453366 -4.56991872 0.00257465953 0.271652769 -4.36756124 -0.231274371 0.270368856 -4.58705312 -0.0273773521 0.222568278 -4.64586721 0.0295916169 0.104883783 -4.58147695 0.130098741 0.240747771 -4.67832662 0.0762773592 0.085730875 -4.61393636 0.176784473 0.221594844 -4.65651052 -0.155625178 0.0250006289 -4.60160512 -0.00927245954 0.237334475 -4.7145287 -0.156038805 0.0402881041 -4.65962361 -0.00968608715 0.25262195 -4.48198202 0.666898331 0.69470198 -4.5804482 0.619091592 0.285536912 -4.45138113 0.716793426 0.681508087 -4.54984762 0.668986725 0.272343057 -4.85267903 0.578312785 0.374422294 -4.57401784 0.491258877 0.264536775 -4.83984059 0.552802875 0.427189856 -4.5611791 0.465748967 0.317304299 -4.31715322 0.66227179 0.1087977 -4.50813772 0.607612634 0.272504305 -4.33085867 0.720581802 0.112277658 -4.52184286 0.665922608 0.275984243 -4.21938833 0.452011976 0.224236293 -4.5321343 0.492669056 0.269905618 -4.23086172 0.416687308 0.177113834 -4.54360769 0.457344388 0.222783141 -4.6386733 0.857626552 -0.12340204 -4.55569112 0.619895349 0.216643863 -4.61080129 0.904126872 -0.0976944139 -4.52781942 0.666395707 0.242351393 -4.52236745 0.474959477 0.0531892574 -4.56200307 0.471984548 0.250466475 -4.57737905 0.49637431 0.0424596014 -4.61701467 0.49339938 0.239736781 -4.57521596 1.02172079 0.34990554 -4.45447561 1.09819356 0.264748205 -4.59231099 1.07440336 0.372977439 -4.47157064 1.15087613 0.287820142 -4.55098256 0.965430581 0.574843279 -4.50457204 0.946629694 0.288947194 -4.49790426 0.992560708 0.581675478 -4.45149404 0.97375982 0.295779431 -4.25805319 1.01289152 0.241714739 -4.41747366 1.08917478 0.293425668 -4.24767263 1.05934621 0.205187984 -4.4070931 1.13562948 0.256898912 -4.20238089 0.728469527 -0.0657903847 -4.44103658 0.933388651 0.26385013 -4.22266165 0.768659498 -0.105457208 -4.46131734 0.973578698 0.224183306 -4.50498708 1.00488187 0.119396379 -4.41752279 1.09788686 0.233120703 -4.54640157 1.04815252 0.115860469 -4.45893758 1.14115751 0.229584784 -4.6628542 1.03816419 0.0883290843 -4.4853893 0.966578805 0.221398291 -4.6981371 1.04077573 0.136788222 -4.52067251 0.969190271 0.269857439 -4.46411245 1.55690091 0.468709325 -4.33530294 1.58236798 0.261653684 -4.4184493 1.58009045 0.499968518 -4.2896401 1.60555752 0.292912877 -4.56373983 1.45259854 0.451087408 -4.36501028 1.42572781 0.2701481 -4.5232662 1.46433636 0.493797177 -4.32453665 1.43746564 0.31285785 -4.08554526 1.58629757 0.275860418 -4.25660574 1.55092938 0.263607839 -4.09831992 1.63971325 0.30001777 -4.2693804 1.60434506 0.287765191 -4.09869803 1.23847959 0.315563138 -4.31523886 1.43096265 0.27575414 -4.10311301 1.2216377 0.258144869 -4.31965353 1.41412076 0.218335872 -4.42816793 1.7416122 0.0966465356 -4.2904476 1.57102917 0.206927829 -4.42451528 1.77617885 0.14555267 -4.28679495 1.60559582 0.255833963 -4.34172445 1.6384161 0.00355224601 -4.35845053 1.42170529 0.224908995 -4.35703176 1.68044521 0.0435426702 -4.37375784 1.4637344 0.264899401 -4.14750784 1.98019008 0.511559208 -4.13047324 2.02027538 0.272215875 -4.11794546 2.03130122 0.522223346 -4.10091116 2.07138652 0.282880014 -4.21810812 2.10317226 0.439106054 -4.19223959 1.8910548 0.283669408 -4.16022421 2.09905711 0.454355153 -4.13435599 1.88693966 0.298918527 -3.7013137 2.10966975 0.430265951 -4.06216666 1.99750499 0.285468515 -3.7118798 2.16611354 0.412874937 -4.07273306 2.05394878 0.268077463 -3.79193809 1.94912685 0.274299711 -4.13850699 1.88628521 0.275568079 -3.78921958 1.93296947 0.216580138 -4.13578879 1.87012783 0.217848525 -4.16121451 2.03829051 0.0826691514 -4.09673117 2.00744228 0.226479106 -4.15372 2.09709697 0.0919231013 -4.08923727 2.06624873 0.235733046 -4.54124715 1.72757641 0.0542436778 -4.17509268 1.89556575 0.2184378 -4.56733144 1.73177761 0.108113525 -4.20117697 1.89976696 0.272307638 -4.22005728 2.75323785 0.353936264 -3.89160697 2.46102244 0.296364148 -4.1948876 2.78952997 0.313324139 -3.86643699 2.49731486 0.255752043 -4.25687796 2.57090174 0.485239285 -3.94162711 2.34599192 0.270214685 -4.25720907 2.52919764 0.528374546 -3.94195884 2.30428782 0.313349946 -3.73296348 2.21633632 0.382095977 -3.85407371 2.43142435 0.265869135 -3.68982047 2.25215983 0.403435126 -3.8109307 2.46724787 0.287208303 -3.78693992 2.25256678 0.365516654 -3.91678763 2.33355097 0.267123445 -3.78555717 2.20716075 0.326320031 -3.91540488 2.28814479 0.22792686 -4.1625524 2.53336695 -0.0553418147 -3.87538627 2.4457284 0.242064852 -4.12505087 2.57332422 -0.079777258 -3.83788505 2.48568552 0.217629428 -3.9433013 2.57267389 -0.153444325 -3.93028128 2.33684138 0.241139197 -4.00294394 2.57722834 -0.148754193 -3.98992392 2.34139582 0.245829367 -3.75520133 3.08867455 0.592830568 -3.62530235 2.88172723 0.268140444 -3.69882835 3.0923446 0.613044611 -3.56892936 2.88539727 0.288354486 -3.67174613 2.94240869 0.652201066 -3.70299247 2.74194727 0.292741826 -3.61259147 2.93238336 0.652649979 -3.64383781 2.73192194 0.293190644 -3.27683037 2.83188196 0.404206496 -3.56152122 2.83225885 0.29751159 -3.26099907 2.87159082 0.362104637 -3.54568992 2.87196801 0.255409731 -3.35631706 2.62848139 0.298394883 -3.65469779 2.71343805 0.275697702 -3.34779808 2.6430166 0.240808806 -3.64617881 2.72797296 0.218111625 -3.55597526 3.14621911 -0.0438503256 -3.6030883 2.86618066 0.220763354 -3.49955589 3.15440178 -0.0251453394 -3.54666862 2.87436334 0.23946834 -3.68960441 2.86310907 0.0235113711 -3.66391197 2.74850824 0.239563822 -3.74819389 2.87027368 0.0342790024 -3.72250144 2.75567255 0.250331434 -3.40178337 3.05104943 0.684637131 -3.28233361 3.22913506 0.266417345 -3.39390739 3.10493127 0.709830612 -3.27445732 3.28301689 0.291610768 -3.62085105 3.19042656 0.668352265 -3.39517754 3.12830102 0.277824625 -3.57225395 3.17339287 0.699144653 -3.34658043 3.11126733 0.308617051 -3.01842828 3.14723107 0.190867038 -3.24735375 3.1963955 0.265892175 -3.00079431 3.20163079 0.209024749 -3.22972039 3.25079522 0.284049905 -3.03387689 2.93146356 0.0398332587 -3.33681145 3.08727746 0.268734068 -3.05469598 2.96118432 -0.0079501341 -3.35763024 3.11699792 0.220950656 -3.3080053 3.17481072 -0.0843364697 -3.2826162 3.22430657 0.234246859 -3.25937096 3.20873772 -0.0934832743 -3.23398156 3.25823326 0.225100016 -3.47617943 3.19400475 0.0942085054 -3.36467125 3.1375335 0.226314769 -3.52207908 3.19376854 0.132850272 -3.4105706 3.13729729 0.264956564 -3.0093084 3.81597434 0.616126657 -2.93781518 3.57921348 0.291931756 -2.98183892 3.8617559 0.588749949 -2.91034539 3.62499473 0.264555086 -3.05398064 3.68188194 0.422207174 -3.05345147 3.48265404 0.278020795 -3.00352105 3.66293724 0.448568868 -3.00299218 3.46370933 0.30438247 -2.65099298 3.36293785 0.545390041 -2.9029226 3.53590385 0.275273202 -2.62093042 3.41461693 0.550443713 -2.87286065 3.58758293 0.280326894 -2.68372736 3.36580315 0.408202734 -3.02014764 3.44479088 0.273819612 -2.65899652 3.3826693 0.356203567 -2.9954165 3.46165703 0.221820464 -3.10278558 3.48549797 0.018229198 -2.92611352 3.56849418 0.249559683 -3.06508843 3.5121215 -0.0201128764 -2.88841638 3.59511772 0.211217608 -3.0077636 3.83840842 -0.0638724885 -3.03422692 3.47581016 0.222419295 -3.02702966 3.87447989 -0.0199674602 -3.05349328 3.51188194 0.266324323 -2.57156153 3.85115622 0.641628022 -2.5468519 3.87772757 0.275907453 -2.55364954 3.90816947 0.6469805 -2.52893976 3.93474082 0.281259931 -2.74454156 3.8734246 0.416121359 -2.66412317 3.81332603 0.275725015 -2.72665155 3.82519919 0.447012319 -2.64623316 3.76510062 0.306615975 -2.49204004 3.70775626 0.235995173 -2.53419916 3.85996695 0.262479376 -2.43883875 3.71800651 0.261774114 -2.48099802 3.8702172 0.288258317 -2.54589777 3.35934868 0.448968114 -2.65649164 3.77089103 0.271092371 -2.50841944 3.34961113 0.403136435 -2.61901331 3.76115318 0.225260691 -2.36951502 3.75316093 -0.148846547 -2.51947748 3.85744224 0.237341513 -2.3717689 3.81081931 -0.16529102 -2.52173105 3.91510062 0.220897021 -2.84765893 3.70977775 -0.111764619 -2.64636652 3.79341788 0.233814215 -2.89504205 3.74058524 -0.0916213015 -2.69374963 3.82422538 0.253957552 -2.24554377 4.0663494 0.471212758 -2.14023265 4.15280081 0.261251711 -2.2142628 4.10622946 0.503323124 -2.10895152 4.19268088 0.293362134 -2.578901 4.20783041 0.580037905 -2.26267695 4.09146536 0.274966711 -2.56179377 4.16227988 0.615144945 -2.24556987 4.04591513 0.310073769 -1.83651455 3.98964194 0.384228469 -2.10476482 4.10179129 0.270044378 -1.8186964 4.04545126 0.397183371 -2.08694667 4.15760062 0.28299928 -2.01364147 3.9449639 0.310953381 -2.24179927 4.04245017 0.276158041 -2.00158672 3.95236533 0.252644724 -2.22974452 4.04985159 0.217849383 -2.10724803 4.30354177 -0.190087009 -2.12876002 4.13307516 0.219185729 -2.06905498 4.34551168 -0.170598446 -2.09056697 4.17504507 0.238674235 -2.39424631 4.05027518 -0.115849912 -2.23947886 4.07665091 0.233712286 -2.44445811 4.07611014 -0.0955681207 -2.28969065 4.10248557 0.25399404 -2.01586421 4.58876729 0.436026983 -1.70524242 4.37569387 0.276489728 -1.98164562 4.63804677 0.43683486 -1.67102398 4.42497305 0.277297567 -2.08294292 4.40129598 0.417989645 -1.83351864 4.32401358 0.268328241 -2.06626659 4.36635427 0.463825864 -1.81684231 4.28907156 0.31416446 -1.83409816 4.00888449 0.114125306 -1.69294582 4.35683248 0.284282029 -1.7789909 3.99639853 0.0939436319 -1.63783871 4.34434683 0.264100336 -1.67441158 3.99384879 0.55543677 -1.83199917 4.2884487 0.26829738 -1.63053219 3.97984397 0.516986072 -1.78811977 4.27444387 0.22984672 -1.56812954 4.4645281 -0.109261815 -1.70043652 4.37637045 0.218160262 -1.51269268 4.46631002 -0.0863806324 -1.64499935 4.37815237 0.241041445 -1.88687664 4.2155834 0.0460690297 -1.81426403 4.30532461 0.24840608 -1.92494518 4.26147482 0.039376773 -1.85233242 4.35121603 0.241713805 -0.983262155 4.76871663 0.632802034 -1.24834615 4.5795696 0.297486032 -0.937200754 4.77206593 0.59449885 -1.20228482 4.58291921 0.259182829 -1.33867062 4.76597218 0.454671926 -1.37415646 4.5212383 0.26779035 -1.33669339 4.72939687 0.50219405 -1.37217923 4.48466329 0.315312455 -1.07019605 4.36549978 0.393713141 -1.220902 4.50714834 0.263434938 -1.0472495 4.41422872 0.420150595 -1.19795545 4.55587728 0.289872373 -1.24954045 4.2610903 0.124022719 -1.35097318 4.4643749 0.270308336 -1.27371449 4.2847051 0.0744448645 -1.37514722 4.4879894 0.220730471 -1.35228101 4.62910054 0.166934563 -1.24037801 4.54500631 0.248504862 -1.30920163 4.6536617 0.133156955 -1.19729879 4.56956746 0.214727244 -1.44979886 4.73735494 0.00447921743 -1.36084378 4.51596486 0.225910983 -1.49100125 4.7587917 0.0424639502 -1.40204617 4.53740163 0.263895677 -0.874207057 4.79268758 0.673468384 -0.781814405 4.72543324 0.270991014 -0.819779721 4.77297932 0.68925589 -0.727387069 4.70572499 0.286778596 -0.920771464 4.91594319 0.630472322 -0.899582881 4.67721669 0.276956533 -0.935612467 4.86735554 0.662393631 -0.91442396 4.62862905 0.308877919 -0.53957957 4.37496267 0.48839507 -0.760114653 4.64301046 0.2714969 -0.499153012 4.4177181 0.50012862 -0.719688094 4.68576589 0.283230413 -0.991793038 4.2760671 0.405715857 -0.897931804 4.63373799 0.276091646 -0.996613518 4.25681173 0.349094345 -0.902752284 4.61448293 0.219470134 -0.670310272 4.70121907 -0.240690989 -0.773546278 4.68212392 0.221910243 -0.614698015 4.71949361 -0.227526011 -0.71793402 4.70039845 0.235075259 -1.06489477 4.85730183 -0.0660906968 -0.905601023 4.65531026 0.225135455 -1.07971822 4.90096364 -0.0276991647 -0.920424479 4.69897206 0.263526968 -0.347724068 4.94709278 0.308900998 -0.297214482 4.79798024 0.266118215 -0.292551797 4.96014759 0.32853759 -0.242042231 4.81103505 0.285754808 -0.311068833 4.84135182 0.409382468 -0.428725424 4.78290578 0.280225881 -0.307175744 4.78555104 0.431087103 -0.424832296 4.727105 0.301930554 0.00520854938 4.48594503 0.199693694 -0.278796037 4.73310536 0.261728586 0.0436832037 4.52345449 0.226391005 -0.240321364 4.77061482 0.288425897 -0.400326834 4.38356527 0.317786248 -0.431778631 4.72980885 0.275506662 -0.381986037 4.37828542 0.260902723 -0.413437796 4.72452901 0.218623137 -0.450124196 4.70565053 -0.185215526 -0.283415082 4.75613026 0.238429579 -0.414701147 4.75009419 -0.204450526 -0.247992033 4.80057362 0.21919456 -0.373561546 4.72812062 -0.0563810908 -0.410668097 4.75657246 0.24866403 -0.412004423 4.77332082 -0.0652732835 -0.449110975 4.80177296 0.239771819 0.0750391276 5.00711293 0.578365466 0.192553001 4.83710744 0.271668085 0.131473081 5.02291645 0.591228586 0.248986925 4.85291066 0.284531225 -0.120377528 4.84771321 0.477370213 0.0628262601 4.83998738 0.295442937 -0.130657803 4.78912587 0.469505757 0.0525459564 4.78140004 0.287578481 0.0384953204 4.54206289 -0.0532552707 0.199314895 4.80980824 0.269521211 0.0855964737 4.50552877 -0.0464176549 0.246416048 4.77327443 0.276358808 -0.123606641 4.59697835 0.225734381 0.0446234026 4.79201924 0.270713915 -0.0923349551 4.58124288 0.177005783 0.0758950979 4.77628407 0.221985316 0.312454446 4.89284443 0.102501266 0.20290525 4.83436635 0.217971969 0.356807129 4.86254201 0.129233357 0.247257933 4.80406392 0.24470405 0.211684852 4.9691631 -0.0183618541 0.0429498186 4.82345509 0.22446073 0.246926798 4.99590199 0.0221724124 0.0781917841 4.85019429 0.264994997</float_array>
        <technique_common><accessor source="#vfx_kurp_1193-mesh-positions-array" count="1536" stride="3"><param name="X" type="float"/><param name="Y" type="float"/><param name="Z" type="float"/></accessor></technique_common>
      </source>
      <source id="vfx_kurp_1193-mesh-normals">
        <float_array id="vfx_kurp_1193-mesh-normals-array" count="4608">-0.641088944 -0.578224046 0.504640386 -0.641088464 -0.57822458 0.504640383 -0.641088829 -0.57822417 0.504640389 -0.641088372 -0.578224664 0.504640405 -0.934214274 0.338679873 0.11198051 -0.934214464 0.33867943 0.111980266 -0.934214307 0.338679795 0.111980462 -0.934214498 0.338679353 0.11198021 -0.703537392 -0.0204429194 -0.71036415 -0.703536854 -0.0204428467 -0.710364685 -0.703537272 -0.0204429027 -0.710364269 -0.703536734 -0.0204428281 -0.710364804 -0.991012304 -0.0408131604 0.127392698 -0.991012378 -0.0408131436 0.127392126 -0.991012311 -0.0408131545 0.127392647 -0.991012385 -0.0408131477 0.127392067 0.0399203295 0.755670179 0.653734615 0.0399208218 0.755670249 0.653734505 0.0399203778 0.755670178 0.653734614 0.0399208738 0.755670247 0.653734503 -0.857894188 -0.460573587 -0.227792741 -0.857894242 -0.460573495 -0.227792725 -0.8578942 -0.460573564 -0.227792745 -0.857894239 -0.460573493 -0.227792739 -0.49302691 -0.853789921 0.167234077 -0.493030283 -0.853788023 0.167233826 -0.493027214 -0.853789754 0.167234035 -0.493030586 -0.853787853 0.167233798 -0.590315996 0.800041316 -0.107055671 -0.590319444 0.800038979 -0.107054127 -0.590316284 0.800041123 -0.107055528 -0.590319759 0.800038764 -0.107053996 0.537931677 -0.45294967 -0.710961397 0.537932405 -0.452948965 -0.710961294 0.537931798 -0.452949522 -0.710961399 0.537932512 -0.452948865 -0.710961278 -0.839740972 0.54277991 -0.0150023462 -0.839740972 0.54277991 -0.0150023462 -0.839740972 0.54277991 -0.0150023462 -0.839740972 0.54277991 -0.0150023462 -0.65527844 0.738663967 0.158068686 -0.655277835 0.738664374 0.158069294 -0.655278371 0.738664016 0.158068743 -0.655277795 0.738664396 0.158069359 -0.868253455 -0.30906632 0.388090127 -0.868253069 -0.309065855 0.388091363 -0.868253396 -0.309066261 0.388090306 -0.868253043 -0.309065756 0.3880915 -0.457828858 -0.376328445 0.805462375 -0.457831076 -0.376326703 0.805461928 -0.457829082 -0.376328225 0.805462351 -0.457831318 -0.376326527 0.805461874 -0.989346663 0.145227966 -0.0101004008 -0.989346325 0.145230278 -0.0101002213 -0.98934663 0.145228193 -0.0101003843 -0.989346294 0.145230491 -0.0101002057 -0.618097905 0.119348303 -0.776988392 -0.618097783 0.119348191 -0.776988507 -0.618097907 0.119348289 -0.776988394 -0.618097785 0.119348161 -0.77698851 -0.931002891 -0.103446027 -0.350046477 -0.931002891 -0.103446027 -0.350046477 -0.931002891 -0.103446027 -0.350046477 -0.931002891 -0.103446027 -0.350046477 -0.102798561 0.99404921 -0.0360364399 -0.102798775 0.994049191 -0.0360363349 -0.102798612 0.994049205 -0.0360364211 -0.102798812 0.994049188 -0.0360363162 -0.949021034 0.296876458 -0.105940766 -0.949020458 0.296878431 -0.105940396 -0.949020936 0.296876792 -0.105940709 -0.949020366 0.296878749 -0.105940325 -0.144245116 -0.601705184 0.785585271 -0.144245461 -0.601705078 0.785585289 -0.144245159 -0.60170518 0.785585266 -0.144245491 -0.601705075 0.785585286 -0.710976083 0.679845947 -0.179784586 -0.710976114 0.67984592 -0.179784564 -0.710976114 0.67984592 -0.179784564 -0.710976083 0.679845947 -0.179784586 0.159168612 -0.201047862 -0.966563557 0.159168319 -0.201047929 -0.966563591 0.159168583 -0.201047863 -0.966563562 0.159168319 -0.201047929 -0.966563591 -0.878307515 -0.259972094 0.401236114 -0.878306682 -0.259971826 0.401238111 -0.878307351 -0.259972039 0.401236508 -0.878306522 -0.259971802 0.401238478 -0.305423346 0.893363407 0.329573062 -0.305423326 0.893363377 0.329573162 -0.305423346 0.893363407 0.329573062 -0.305423283 0.893363397 0.329573147 -0.963655957 -0.194901111 0.182704003 -0.963655449 -0.194903265 0.182704385 -0.963655906 -0.194901306 0.182704065 -0.963655398 -0.194903475 0.182704431 -0.177727803 -0.891400812 0.416914164 -0.177728176 -0.891400752 0.416914134 -0.177727873 -0.891400789 0.416914183 -0.177728262 -0.891400738 0.416914127 -0.65718974 0.684383645 -0.315785802 -0.657189849 0.684383515 -0.315785856 -0.657189801 0.684383586 -0.315785802 -0.657189849 0.684383515 -0.315785856 -0.353009824 -0.180688592 -0.918006371 -0.353010743 -0.180688381 -0.918006059 -0.353009975 -0.180688578 -0.918006316 -0.353010919 -0.180688365 -0.918005994 -0.994386759 0.0503000519 0.0930853287 -0.994386756 0.0503000629 0.0930853582 -0.994386758 0.0503000518 0.0930853361 -0.994386755 0.0503000703 0.0930853582 0.352283598 0.898513558 0.261858077 0.352281304 0.898514275 0.261858703 0.352283365 0.898513631 0.26185814 0.352281097 0.898514339 0.261858764 -0.401311615 0.914977928 -0.0420045042 -0.401311092 0.914978188 -0.0420038505 -0.401311521 0.914977976 -0.0420043621 -0.401310972 0.914978247 -0.042003709 -0.7057445 -0.693991597 0.142479344 -0.705740297 -0.693995261 0.142482315 -0.705743864 -0.693992152 0.142479795 -0.705739661 -0.693995818 0.142482754 -0.949232606 0.178366726 0.25911922 -0.949232612 0.178366716 0.259119206 -0.949232612 0.178366716 0.259119206 -0.949232606 0.178366726 0.25911922 -0.852484181 0.149075272 -0.501046189 -0.852484217 0.149075313 -0.501046116 -0.852484179 0.149075287 -0.501046188 -0.852484241 0.149075332 -0.50104607 -0.786470412 -0.273091882 -0.553972124 -0.786472547 -0.273091431 -0.553969315 -0.786470769 -0.273091822 -0.553971647 -0.786472911 -0.273091344 -0.553968843 0.651027399 0.445881647 0.614290552 0.651028509 0.445878741 0.614291485 0.651027621 0.445881099 0.614290715 0.651028731 0.445878193 0.614291648 -0.956403866 -0.0634913752 -0.285062258 -0.956403854 -0.0634914414 -0.285062284 -0.956403865 -0.06349139 -0.285062257 -0.956403853 -0.0634914489 -0.285062284 -0.667783679 -0.742476882 -0.0528491886 -0.667785713 -0.742474983 -0.0528501689 -0.667783957 -0.742476621 -0.0528493472 -0.667786054 -0.742474666 -0.052850324 -0.958756845 -0.0420388571 0.281101489 -0.958756845 -0.0420388608 0.281101489 -0.958756845 -0.0420388571 0.281101489 -0.958756845 -0.0420388571 0.281101489 0.0768073347 -0.00524433979 -0.997032161 0.0768078279 -0.0052447101 -0.997032121 0.0768073939 -0.00524438354 -0.997032156 0.0768078946 -0.00524475384 -0.997032116 -0.211499536 0.569832906 -0.794077078 -0.211499645 0.569833095 -0.794076913 -0.211499558 0.569832864 -0.794077102 -0.211499645 0.569833095 -0.794076913 0.830990483 0.138387559 0.538798385 0.830986495 0.138392001 0.538803396 0.830990111 0.138387974 0.538798853 0.830986105 0.138392422 0.53880389 -0.572890088 0.630129976 -0.524149941 -0.572891006 0.630130957 -0.524147758 -0.572890269 0.630130157 -0.524149525 -0.572891191 0.630131082 -0.524147405 -0.493692237 -0.39083608 0.776862364 -0.493690455 -0.390837366 0.77686285 -0.493692005 -0.390836235 0.776862434 -0.493690223 -0.390837521 0.77686292 -0.423561032 0.890621652 -0.165496601 -0.423561061 0.89062165 -0.165496541 -0.423561011 0.89062167 -0.165496559 -0.423561037 0.890621663 -0.165496528 -0.82260729 -0.150833862 -0.548239358 -0.822609227 -0.150832247 -0.548236894 -0.822607629 -0.150833575 -0.548238928 -0.822609545 -0.150831983 -0.54823649 -0.362917249 0.875196229 0.319879089 -0.362917183 0.875196215 0.319879203 -0.362917223 0.875196238 0.319879092 -0.362917187 0.875196223 0.319879176 0.254093879 0.673029228 0.694599135 0.254094401 0.673028313 0.694599831 0.254093972 0.673028999 0.694599323 0.254094484 0.673028177 0.694599933 -0.90251457 0.21981114 0.370338377 -0.902513339 0.219813872 0.370339757 -0.902514442 0.219811421 0.370338523 -0.902513211 0.219814153 0.370339902 -0.0888529663 -0.992188654 -0.0875604097 -0.088852607 -0.992188695 -0.0875603112 -0.0888529072 -0.992188661 -0.0875603954 -0.0888525479 -0.992188701 -0.0875603043 -0.345625455 0.822993923 0.45080378 -0.345625434 0.822993942 0.450803761 -0.345625434 0.822993942 0.450803761 -0.345625455 0.822993923 0.45080378 -0.389593772 -0.449831118 -0.803659541 -0.389595395 -0.4498303 -0.803659212 -0.38959423 -0.449830893 -0.803659445 -0.38959584 -0.449830029 -0.803659148 -0.825720488 0.557422518 -0.0864049344 -0.825720489 0.557422519 -0.0864049196 -0.825720488 0.557422518 -0.0864049344 -0.825720489 0.557422519 -0.0864049122 0.780950359 0.416838284 0.465147699 0.780950367 0.416838198 0.465147763 0.78095037 0.41683829 0.465147676 0.780950376 0.416838174 0.465147769 -0.678074242 0.714141251 -0.173832089 -0.678072262 0.714143383 -0.173831057 -0.678073897 0.714141622 -0.173831913 -0.678071916 0.714143753 -0.173830882 -0.496250367 -0.237948703 0.834934721 -0.496249567 -0.237944697 0.834936338 -0.496250302 -0.237948239 0.834934891 -0.496249476 -0.237944265 0.834936515 -0.78387368 0.304109217 0.54134983 -0.783873446 0.304109814 0.541349833 -0.783873666 0.304109271 0.54134982 -0.783873439 0.304109842 0.541349828 -0.368187341 0.211175905 -0.905451721 -0.368185574 0.21117447 -0.905452774 -0.368187182 0.211175766 -0.905451818 -0.368185409 0.211174359 -0.905452867 -0.782400445 0.615187717 -0.096920671 -0.782400416 0.615187754 -0.0969206675 -0.782400416 0.615187754 -0.0969206675 -0.782400445 0.615187717 -0.096920671 0.856456031 0.465355749 -0.223443714 0.856460376 0.465346774 -0.223445754 0.856456465 0.465354863 -0.223443897 0.856460806 0.465345887 -0.223445951 -0.0406486434 0.765877614 0.641700216 -0.0406484575 0.76587762 0.641700221 -0.0406486211 0.765877615 0.641700217 -0.0406484389 0.765877621 0.641700222 -0.635964269 -0.766937786 -0.0857664265 -0.635964206 -0.766937841 -0.0857664037 -0.63596427 -0.766937787 -0.0857664192 -0.635964206 -0.766937841 -0.0857664037 -0.52996188 0.602041597 -0.597232218 -0.529963446 0.602041795 -0.597230627 -0.529962231 0.60204165 -0.597231853 -0.529963841 0.602041829 -0.597230244 0.198389282 0.114361319 -0.97342857 0.198388545 0.114361837 -0.97342866 0.198389183 0.11436138 -0.973428583 0.198388443 0.114361913 -0.973428671 -0.899900375 0.30364573 -0.313015311 -0.899900137 0.30364567 -0.313016056 -0.899900367 0.303645697 -0.313015368 -0.899900111 0.303645661 -0.313016137 0.506709054 0.860629464 -0.0506246961 0.506708794 0.860629607 -0.0506248691 0.506709027 0.860629479 -0.0506247121 0.506708794 0.860629606 -0.0506248877 0.127050534 0.889619651 -0.438674183 0.127050461 0.8896196 -0.438674307 0.12705052 0.889619652 -0.438674184 0.127050461 0.8896196 -0.438674307 -0.99144809 -0.00130165995 0.130495174 -0.991447858 -0.001297498 0.130496978 -0.991448063 -0.00130116942 0.130495387 -0.991447831 -0.0012970077 0.130497191 0.431599049 0.85588735 0.28491947 0.431599256 0.855887286 0.284919349 0.431599077 0.855887347 0.284919438 0.431599323 0.855887241 0.284919383 -0.669860459 -0.20268517 -0.714286839 -0.669861622 -0.20268205 -0.714286633 -0.669860534 -0.202684862 -0.714286855 -0.669861757 -0.202681757 -0.71428659 -0.0840092304 0.827095213 0.555748107 -0.0840092304 0.827095213 0.555748107 -0.0840092276 0.827095185 0.555748148 -0.0840092304 0.827095213 0.555748107 0.308702229 0.338555841 0.888866062 0.308700201 0.338557539 0.88886612 0.308701724 0.33855629 0.888866067 0.3086997 0.338557961 0.888866133 -0.722875306 0.589173145 -0.361007337 -0.722875441 0.58917292 -0.361007434 -0.722875298 0.589173139 -0.361007363 -0.722875477 0.589172901 -0.361007393 -0.730287919 0.312049989 0.607704171 -0.730287966 0.312050133 0.607704041 -0.730287913 0.312050016 0.607704165 -0.730287959 0.31205016 0.607704035 0.335480666 0.894073144 0.296792751 0.335481619 0.894073202 0.296791498 0.335480728 0.894073149 0.296792663 0.335481734 0.89407319 0.296791405 0.6122309 -0.319660456 -0.723180834 0.612230349 -0.319662356 -0.72318046 0.612230854 -0.319660642 -0.72318079 0.612230303 -0.319662542 -0.723180416 -0.130908322 0.981827712 -0.137394887 -0.130908292 0.98182771 -0.137394931 -0.130908307 0.981827714 -0.137394887 -0.130908292 0.98182771 -0.137394931 0.932652947 0.348293422 0.094075359 0.932651421 0.348296918 0.0940775445 0.932652817 0.348293716 0.0940755591 0.9326513 0.348297186 0.0940777455 -0.135772795 0.789989472 -0.597898305 -0.135772793 0.789989522 -0.597898238 -0.135772795 0.789989472 -0.597898305 -0.135772793 0.789989522 -0.597898238 -0.782382124 0.56958359 0.251898287 -0.782380397 0.56958836 0.251892863 -0.782381716 0.569584729 0.251896978 -0.782379989 0.569589499 0.251891555 -0.304871889 0.702943926 0.642590825 -0.304871741 0.702943988 0.642590827 -0.304871862 0.702943932 0.642590831 -0.304871741 0.702943988 0.642590827 0.411139152 0.0294247823 -0.911097569 0.411139224 0.029424785 -0.911097536 0.411139249 0.0294247828 -0.911097525 0.411139152 0.0294247823 -0.911097569 -0.0451160195 0.990569136 0.129372838 -0.0451161519 0.990569039 0.129373533 -0.0451160338 0.990569124 0.129372926 -0.04511617 0.990569027 0.129373621 0.834025794 0.548352476 -0.0609141733 0.834028546 0.548349026 -0.0609075505 0.834026321 0.548351814 -0.0609129209 0.834029073 0.548348364 -0.0609062981 -0.425997101 0.890475317 -0.159938049 -0.425998118 0.890474849 -0.159937947 -0.425997221 0.89047526 -0.15993805 -0.425998216 0.890474807 -0.15993792 -0.972110595 0.233268818 -0.0242208472 -0.972112727 0.233260202 -0.0242182466 -0.972110803 0.233267977 -0.0242205876 -0.972112942 0.233259332 -0.024217989 -0.431935132 0.751612903 -0.498507858 -0.431939031 0.75161045 -0.49850818 -0.431935758 0.751612485 -0.498507947 -0.431939638 0.751610052 -0.498508253 -0.580446121 0.41166964 -0.70257413 -0.580446025 0.411669626 -0.702574218 -0.580446128 0.411669615 -0.702574139 -0.580446001 0.411669609 -0.702574248 -0.293717888 0.717166595 -0.631982498 -0.293719467 0.717166893 -0.631981426 -0.293718366 0.717166658 -0.631982204 -0.293719946 0.717166956 -0.631981131 0.902501995 -0.181596189 0.390529094 0.902498762 -0.181601371 0.390534154 0.902501486 -0.181597029 0.39052988 0.902498235 -0.181602193 0.390534992 0.202578234 0.97890539 0.0265762399 0.202577029 0.97890564 0.026576216 0.202578008 0.978905437 0.0265762358 0.202576832 0.978905681 0.0265762099 -0.903925542 0.406314881 0.133517162 -0.903925618 0.40631474 0.133517075 -0.903925576 0.40631481 0.133517143 -0.903925653 0.406314669 0.133517056 0.299896337 0.549106611 -0.780092377 0.29989615 0.549106657 -0.780092417 0.299896269 0.549106595 -0.780092414 0.299896096 0.549106666 -0.780092431 -0.318670746 0.421082343 -0.849198808 -0.318670101 0.421079645 -0.849200388 -0.318670688 0.421082017 -0.849198992 -0.318670001 0.421079303 -0.849200596 0.265128081 0.854319171 0.447041222 0.265127086 0.854318836 0.447042454 0.26512798 0.854319135 0.447041352 0.265127009 0.854318817 0.447042535 0.334659371 0.340251836 0.878767201 0.33465936 0.340251616 0.87876729 0.334659374 0.34025181 0.87876721 0.33465936 0.340251616 0.87876729 -0.206092062 0.96943642 0.133113073 -0.206093793 0.96943607 0.13311294 -0.20609222 0.969436389 0.133113054 -0.206093964 0.969436034 0.133112935 -0.944099447 0.285698092 -0.164477456 -0.944099392 0.285698362 -0.164477308 -0.944099439 0.28569812 -0.164477455 -0.944099386 0.28569839 -0.164477292 0.132503045 0.971109907 0.198465343 0.132503881 0.971109743 0.198465585 0.13250314 0.971109889 0.198465367 0.132503983 0.971109724 0.198465611 -0.384418072 0.49377078 -0.780008438 -0.384418067 0.493772115 -0.780007595 -0.384418073 0.493770961 -0.780008322 -0.384418069 0.493772297 -0.780007479 0.314330399 0.908108949 0.27664876 0.314331199 0.90810822 0.276650246 0.314330495 0.908108851 0.276648975 0.314331322 0.908108113 0.276650458 0.623415811 -0.0409689088 0.780816415 0.62341423 -0.0409639262 0.78081794 0.623415416 -0.0409675952 0.7808168 0.62341387 -0.0409626147 0.780818295 -0.396306794 0.54095985 -0.74182435 -0.396309913 0.540957511 -0.741824389 -0.396307406 0.540959355 -0.741824384 -0.3963105 0.540957022 -0.741824432 -0.70254029 -0.0911425442 0.705783379 -0.702542484 -0.0911474153 0.705780566 -0.702540635 -0.0911432205 0.705782948 -0.702542798 -0.0911480955 0.705780165 0.289731648 0.638437562 -0.71305894 0.289734543 0.63843757 -0.713057757 0.289732432 0.638437581 -0.713058604 0.289735341 0.638437556 -0.713057444 -0.401817414 0.764307147 -0.504358355 -0.401817815 0.764308367 -0.504356188 -0.401817531 0.764307441 -0.504357816 -0.401817907 0.76430867 -0.504355655 0.543246815 0.622348618 -0.563529144 0.543243646 0.622347831 -0.563533067 0.543246397 0.622348497 -0.563529679 0.543243228 0.622347711 -0.563533603 0.615159379 0.0336745113 0.787683291 0.615155586 0.033670627 0.787686418 0.615158918 0.0336740801 0.787683669 0.615155162 0.0336701983 0.787686768 0.35366279 0.742867532 -0.568392875 0.353660512 0.742867265 -0.568394641 0.353662317 0.74286748 -0.568393238 0.353660024 0.742867246 -0.56839497 -0.454487714 0.801077549 0.389506968 -0.454487529 0.801077598 0.389507082 -0.454487732 0.801077529 0.389506988 -0.454487524 0.801077589 0.389507108 -0.233363568 0.809438523 0.53884202 -0.233367024 0.809436614 0.53884339 -0.233364141 0.809438189 0.538842274 -0.233367614 0.809436295 0.538843614 0.211274404 0.547227331 -0.809879852 0.211274297 0.547227563 -0.809879723 0.211274368 0.547227377 -0.80987983 0.211274261 0.547227608 -0.809879702 0.508650548 0.815675926 -0.275585566 0.508650609 0.815676643 -0.275583331 0.508650557 0.815675999 -0.275585332 0.508650593 0.815676736 -0.275583084 0.855455523 -0.0677053262 0.513431433 0.855451953 -0.0677210251 0.513435311 0.855455177 -0.067706929 0.513431798 0.855451581 -0.0677226258 0.51343572 0.140262233 0.755286644 -0.640209803 0.140262072 0.755286661 -0.640209817 0.140262204 0.755286647 -0.640209805 0.140262038 0.755286636 -0.640209855 -0.954323944 -0.105727352 0.279441475 -0.954323072 -0.105731266 0.279442971 -0.954323826 -0.105727859 0.279441684 -0.954322954 -0.10573178 0.27944318 -0.128014507 0.97582521 0.177136797 -0.128013401 0.975825419 0.177136449 -0.128014383 0.975825233 0.177136761 -0.12801327 0.975825443 0.177136409 -0.0470841738 0.590944752 -0.805336812 -0.0470842806 0.590944604 -0.805336914 -0.0470841813 0.590944751 -0.805336812 -0.0470842895 0.590944575 -0.805336935 0.740141336 0.622392062 0.254595609 0.740141404 0.62239326 0.254592482 0.740141344 0.622392247 0.254595135 0.740141438 0.622393418 0.254591997 0.434701296 -0.491043869 0.754924302 0.434698739 -0.491047124 0.754923657 0.434700937 -0.491044284 0.754924239 0.434698404 -0.491047533 0.754923584 0.485209573 0.835030536 0.2594141 0.485209655 0.835030456 0.259414202 0.48520955 0.835030548 0.259414104 0.485209629 0.835030462 0.259414234 -0.908158998 -0.183030631 0.376493058 -0.908158296 -0.183027907 0.376496074 -0.908158901 -0.183030233 0.376493485 -0.90815819 -0.183027507 0.376496526 0.467398528 0.463110868 -0.753038472 0.467399683 0.46310943 -0.753038639 0.467398772 0.463110606 -0.753038482 0.467399904 0.463109174 -0.753038659 0.506429721 -0.159074199 -0.847481172 0.506429371 -0.159071117 -0.84748196 0.506429678 -0.159073861 -0.847481261 0.506429302 -0.159070786 -0.847482063 -0.189644631 0.963138086 0.190787684 -0.189644619 0.963138097 0.190787642 -0.189644632 0.963138092 0.190787656 -0.189644619 0.9631381 0.190787628 0.722492577 -0.662393333 0.198089749 0.722493461 -0.662392489 0.198089344 0.722492789 -0.66239313 0.198089652 0.722493702 -0.662392253 0.198089255 0.771079901 0.39498687 0.499420824 0.771079001 0.39498931 0.499420283 0.771079664 0.394987407 0.499420765 0.771078831 0.394989822 0.49942014 -0.0555293784 0.975158871 -0.214433357 -0.0555296172 0.975158818 -0.214433537 -0.0555294226 0.975158862 -0.214433385 -0.0555296612 0.975158806 -0.21443358 0.356272278 0.86382472 -0.356197862 0.35627207 0.863824781 -0.356197922 0.356272248 0.86382472 -0.356197892 0.356272066 0.863824772 -0.356197948 0.21881431 0.0761702571 -0.972788975 0.218815724 0.0761716496 -0.972788548 0.218814448 0.0761704074 -0.972788932 0.218815876 0.0761717997 -0.972788502 0.0137010759 0.941533401 -0.336640959 0.0137009574 0.941533447 -0.336640835 0.0137010629 0.941533401 -0.336640959 0.0137009455 0.941533457 -0.336640809 0.875591354 0.407752492 0.258993601 0.875592005 0.407749658 0.258995864 0.875591524 0.407751713 0.258994254 0.875592192 0.407748857 0.258996492 0.274542507 0.684284203 -0.675560169 0.274543223 0.68428468 -0.675559395 0.274542601 0.684284273 -0.67556006 0.274543344 0.684284744 -0.67555928 -0.550173682 0.244090549 0.79857919 -0.550173096 0.244091239 0.798579383 -0.550173589 0.244090635 0.798579228 -0.550173042 0.244091331 0.798579392 0.95948322 -0.13421789 0.247744847 0.959483312 -0.134221701 0.247742426 0.959483231 -0.134218219 0.247744626 0.959483317 -0.134222044 0.247742219 -0.505122197 0.253468579 -0.824988027 -0.505122179 0.253466961 -0.824988535 -0.505122191 0.253468427 -0.824988078 -0.505122243 0.253466814 -0.824988542 -0.0874838445 0.863919962 0.495972657 -0.0874838445 0.863919962 0.495972657 -0.0874838445 0.863919962 0.495972657 -0.0874838445 0.863919962 0.495972657 0.903314576 0.155434278 -0.399828666 0.903314492 0.155434493 -0.399828771 0.90331455 0.155434314 -0.399828711 0.903314467 0.155434518 -0.399828819 0.599486111 0.625561951 0.499288141 0.59948766 0.625564155 0.49928352 0.599486288 0.625562188 0.499287632 0.599487798 0.625564414 0.49928303 -0.0231109891 0.753449665 0.657099295 -0.0231110151 0.753449665 0.657099295 -0.0231109956 0.753449695 0.657099261 -0.0231110179 0.753449694 0.657099261 0.418331802 0.868403197 0.266222447 0.418331897 0.86840315 0.266222451 0.418331802 0.868403197 0.266222447 0.418331897 0.86840315 0.266222451 0.504883455 -0.166496511 -0.846977927 0.504883219 -0.166496601 -0.84697805 0.504883408 -0.166496545 -0.846977948 0.504883218 -0.166496616 -0.846978048 0.892137172 0.207193003 -0.401450278 0.892138225 0.207195069 -0.401446871 0.892137322 0.207193249 -0.401449817 0.89213836 0.207195341 -0.401446431 0.309863338 -0.127941567 0.942133572 0.309862579 -0.127941949 0.94213377 0.309863264 -0.127941606 0.942133591 0.309862523 -0.127941995 0.942133782 0.321265232 0.660514616 -0.678608203 0.32126322 0.660514525 -0.678609244 0.321265006 0.660514641 -0.678608286 0.321263006 0.660514456 -0.678609412 0.0967197931 0.909327141 -0.404684361 0.0967233056 0.909326934 -0.404683987 0.0967201759 0.909327108 -0.404684343 0.0967236906 0.909326911 -0.404683947 0.909960039 0.3863529 -0.150679008 0.909959981 0.386353049 -0.150678979 0.909960029 0.386352925 -0.150679007 0.909959981 0.386353049 -0.150678979 -0.414009821 0.118842829 -0.902481163 -0.414010953 0.118842515 -0.902480685 -0.414010045 0.118842742 -0.902481072 -0.414011201 0.118842428 -0.902480583 0.347747412 0.921146325 0.174817575 0.347746188 0.921146081 0.1748213 0.347747081 0.921146256 0.174818602 0.34774583 0.921146021 0.174822328 0.225086908 -0.399206422 0.888802631 0.225088489 -0.399206186 0.888802337 0.225087036 -0.399206408 0.888802605 0.225088617 -0.399206171 0.888802311 0.63624399 0.613767675 -0.467421465 0.636243878 0.613767741 -0.46742153 0.636243999 0.613767683 -0.467421442 0.636243869 0.613767733 -0.467421554 0.139141737 0.873492294 0.466530588 0.139141127 0.873492358 0.46653065 0.139141604 0.873492298 0.46653062 0.139141008 0.87349236 0.466530681 0.87440551 0.207533644 -0.438571307 0.874405853 0.207532777 -0.438571032 0.874405559 0.207533508 -0.438571272 0.874405872 0.207532677 -0.438571042 0.66724507 0.275561891 -0.691989639 0.667244894 0.275561862 -0.691989821 0.667245015 0.275561863 -0.691989704 0.667244861 0.275561873 -0.691989848 0.992128034 -0.0650436891 -0.107010665 0.99212803 -0.0650437037 -0.107010694 0.992128033 -0.0650436891 -0.107010672 0.992128029 -0.0650437037 -0.107010701 0.769411946 0.173209479 0.614820083 0.769414294 0.173210365 0.614816895 0.769412275 0.173209577 0.614819643 0.769414597 0.173210485 0.614816481 0.214599383 0.511387698 -0.832123625 0.214599269 0.511387711 -0.832123646 0.214599354 0.511387701 -0.83212363 0.214599255 0.511387713 -0.832123649 0.437024808 0.874670398 -0.209668818 0.437024859 0.87467038 -0.209668784 0.43702481 0.874670403 -0.209668789 0.437024859 0.87467038 -0.209668784 0.810709248 0.234956059 -0.536233313 0.810707504 0.234959109 -0.536234613 0.810708934 0.234956621 -0.536233541 0.81070717 0.234959682 -0.536234867 -0.109451095 0.603296473 -0.789970774 -0.10944963 0.603297877 -0.789969905 -0.109450836 0.603296736 -0.789970609 -0.10944938 0.60329813 -0.789969746 0.562406311 0.689456713 0.456452169 0.562406723 0.689457958 0.45644978 0.562406303 0.689456882 0.456451924 0.562406827 0.689458059 0.4564495 0.0504379913 -0.447884893 0.892667425 0.0504398644 -0.447883755 0.89266789 0.0504383058 -0.447884696 0.892667506 0.0504401759 -0.447883534 0.892667984 0.627281185 0.761272367 -0.164264112 0.627286079 0.76126844 -0.164263622 0.627281648 0.761271992 -0.164264078 0.627286507 0.761268096 -0.16426358 0.373656007 0.905881708 -0.199397893 0.373656007 0.905881708 -0.199397893 0.373656031 0.905881695 -0.199397905 0.373656007 0.905881708 -0.199397893 0.32029546 0.911486944 -0.258074349 0.320296916 0.911485859 -0.258076372 0.320295636 0.911486815 -0.258074585 0.320297119 0.911485722 -0.258076605 0.143957483 0.580480523 -0.801447818 0.143957184 0.58048052 -0.801447874 0.143957434 0.580480566 -0.801447796 0.14395714 0.580480524 -0.801447879 0.807726149 0.392794939 0.439648273 0.807725174 0.392795823 0.439649275 0.807726037 0.392795032 0.439648396 0.807725032 0.39279596 0.439649414 0.894762884 -0.171328085 0.412366425 0.894762656 -0.171328832 0.412366609 0.894762853 -0.171328138 0.41236647 0.894762634 -0.171328902 0.412366628 0.981079977 0.116847632 -0.154365507 0.981079983 0.116847596 -0.154365493 0.981079979 0.116847632 -0.154365492 0.981079987 0.116847581 -0.154365479 -0.324552595 0.93709713 0.128509074 -0.324552568 0.937097139 0.128509075 -0.324552595 0.93709713 0.128509074 -0.324552595 0.93709713 0.128509074 0.485181875 0.82718743 -0.283477519 0.485178643 0.827189553 -0.283476855 0.485181518 0.82718767 -0.28347743 0.485178263 0.827189805 -0.283476771 0.312368152 -0.223156197 -0.923378281 0.312368304 -0.223155693 -0.923378351 0.312368157 -0.223156126 -0.923378296 0.312368335 -0.223155634 -0.923378355 0.636008608 0.477634302 -0.606101084 0.636008672 0.477634364 -0.606100969 0.636008622 0.477634342 -0.606101038 0.636008685 0.477634404 -0.606100922 0.951091552 -0.308400281 -0.0177236222 0.951091552 -0.308400281 -0.0177236222 0.951091552 -0.308400281 -0.0177236222 0.951091543 -0.308400308 -0.0177236221 0.831320282 -0.0151575207 0.555586931 0.831321223 -0.0151564765 0.555585552 0.831320403 -0.0151573699 0.555586754 0.831321372 -0.0151563271 0.555585333 -0.558657711 0.418605629 0.716010398 -0.558655738 0.418606132 0.716011643 -0.558657533 0.41860566 0.716010518 -0.558655561 0.418606163 0.716011763 0.518665258 0.594706242 0.614256327 0.51866639 0.594704333 0.61425722 0.518665425 0.594705989 0.614256432 0.518666556 0.594704081 0.614257324 -0.158873887 0.531893972 -0.831773942 -0.15887623 0.531892314 -0.831774555 -0.158874138 0.531893727 -0.831774051 -0.15887649 0.53189211 -0.831774635 0.589191255 0.673499521 -0.44637659 0.589191129 0.673500228 -0.44637569 0.589191263 0.673499649 -0.446376387 0.589191136 0.673500356 -0.446375487 0.365931593 -0.917805652 -0.154035237 0.365929284 -0.917807064 -0.154032308 0.365931114 -0.917805946 -0.154034625 0.365928761 -0.917807379 -0.154031675 0.765231871 0.192102751 -0.61442389 0.765231843 0.192102744 -0.614423927 0.765231896 0.192102742 -0.614423862 0.765231871 0.192102751 -0.61442389 -0.642827572 0.560522259 0.522099138 -0.642825251 0.560521309 0.522103016 -0.642826913 0.560522018 0.522100208 -0.642824592 0.560521068 0.522104086 0.979310197 0.0210514326 0.201266926 0.979310108 0.0210503864 0.201267469 0.979310178 0.021051223 0.201267039 0.979310092 0.0210501756 0.20126757 -0.00702801608 -0.121647861 -0.99254844 -0.00702834068 -0.121648287 -0.992548385 -0.00702807138 -0.121647935 -0.99254843 -0.00702839598 -0.12164836 -0.992548376 0.812145176 0.478824885 0.333387078 0.812145207 0.478824839 0.333387066 0.812145207 0.478824839 0.333387066 0.812145176 0.478824885 0.333387078 -0.400799895 -0.762230385 0.508295469 -0.400797959 -0.762232475 0.508293862 -0.400799515 -0.762230817 0.508295121 -0.400797511 -0.76223295 0.508293503 0.844180123 -0.0301613012 0.535210441 0.844179733 -0.0301620153 0.535211016 0.844180094 -0.030161371 0.535210482 0.844179714 -0.0301620857 0.535211042 -0.232496867 0.964441753 -0.125687358 -0.232496966 0.964441732 -0.125687333 -0.232496908 0.964441742 -0.125687364 -0.23249698 0.964441729 -0.125687333 0.959973979 0.0775515651 0.269138839 0.959973987 0.0775510368 0.269138961 0.959973985 0.0775514762 0.269138841 0.959973993 0.0775509553 0.269138963 0.680552118 -0.362492885 -0.636747771 0.680549995 -0.362493166 -0.636749879 0.680551705 -0.362492918 -0.636748193 0.680549583 -0.362493199 -0.636750301 0.963378084 0.197361576 -0.181524309 0.963378061 0.197361557 -0.181524454 0.963378079 0.197361575 -0.181524338 0.963378059 0.197361556 -0.181524468 -0.380387445 -0.541506931 0.749717037 -0.38038727 -0.541506878 0.749717164 -0.380387394 -0.541506944 0.749717054 -0.380387245 -0.541506884 0.749717172 0.842711845 -0.364680788 0.396036198 0.84271177 -0.364680777 0.396036367 0.842711844 -0.364680758 0.396036227 0.84271175 -0.364680798 0.396036388 0.550026779 0.835027225 0.014144824 0.550021775 0.835030448 0.0141491501 0.550025945 0.835027762 0.0141455495 0.550020914 0.835031003 0.014149873 0.683140562 0.719520792 0.124935192 0.683140691 0.719520684 0.124935112 0.683140563 0.719520794 0.124935178 0.683140692 0.719520684 0.124935105 0.508704951 -0.322580481 -0.798223719 0.508705332 -0.322580972 -0.798223278 0.508705005 -0.322580566 -0.798223651 0.508705371 -0.322580989 -0.798223247 0.886342684 -0.435027738 0.158579674 0.886342658 -0.435027785 0.158579695 0.886342682 -0.435027737 0.158579688 0.886342684 -0.435027738 0.158579674 -0.394850137 -0.820654217 0.41306177 -0.394850591 -0.820654054 0.413061659 -0.394850167 -0.820654218 0.41306174 -0.394850637 -0.820654025 0.413061673 0.838037309 -0.306795238 0.45118749 0.838037198 -0.30679536 0.451187613 0.838037272 -0.306795276 0.451187532 0.838037186 -0.306795356 0.451187637 0.886723048 0.0113116084 0.462162617 0.88672311 0.0113115517 0.462162499 0.88672306 0.0113115993 0.462162594 0.88672311 0.0113115414 0.462162499 0.931393627 -0.0757852423 0.356037231 0.931393585 -0.0757855864 0.356037267 0.931393613 -0.0757852933 0.356037255 0.931393581 -0.0757856309 0.356037266 0.727525946 0.0221110618 -0.685723778 0.727526004 0.0221110264 -0.685723717 0.727525946 0.0221110525 -0.685723778 0.727526004 0.022111019 -0.685723717 0.942375344 0.289051587 0.168457386 0.942375344 0.289051587 0.168457386 0.942375344 0.289051587 0.168457386 0.942375344 0.289051587 0.168457386 -0.0114641477 -0.757804981 0.652380399 -0.011466343 -0.757803143 0.652382494 -0.0114645574 -0.757804618 0.652380812 -0.0114667526 -0.757802836 0.652382844 0.628075362 -0.721999825 0.290237129 0.628071366 -0.722000895 0.290243118 0.628074994 -0.721999932 0.290237661 0.62807103 -0.722000979 0.290243635 -0.0747783405 0.858729002 0.506944476 -0.0747818746 0.858728613 0.506944612 -0.074779072 0.858728898 0.506944544 -0.0747826022 0.858728525 0.506944655 0.725040373 -0.235760852 0.647096035 0.72504036 -0.23576125 0.647095904 0.725040365 -0.235760894 0.647096028 0.72504038 -0.235761301 0.647095863 0.481414379 -0.537470044 -0.692362728 0.481414529 -0.537469986 -0.692362669 0.481414364 -0.537470087 -0.692362706 0.481414552 -0.537469978 -0.692362659 0.967252549 -0.249580382 0.0461750886 0.967252547 -0.249580397 0.0461750661 0.96725255 -0.249580383 0.0461750811 0.967252543 -0.249580411 0.0461750622 -0.348029616 -0.500109675 0.792947476 -0.348028098 -0.500111289 0.792947124 -0.348029371 -0.500109964 0.792947401 -0.348027847 -0.500111509 0.792947095 0.543127115 0.292942074 -0.786891275 0.543126601 0.2929431 -0.786891248 0.543126988 0.292942339 -0.786891264 0.543126474 0.292943364 -0.786891237 0.823555293 0.504142345 0.259994567 0.823556206 0.50414039 0.259995467 0.823555367 0.504142176 0.259994661 0.823556299 0.504140195 0.259995548 0.783832892 -0.386646531 -0.485911985 0.783832506 -0.386647739 -0.485911647 0.783832837 -0.386646713 -0.485911929 0.783832442 -0.386647945 -0.485911585 -0.0909656872 -0.32322308 -0.941940595 -0.0909657998 -0.323223024 -0.941940603 -0.090965702 -0.32322308 -0.941940593 -0.0909658145 -0.323223023 -0.941940602 0.935210816 0.187111659 0.300615964 0.935210788 0.187111636 0.300616063 0.935210816 0.187111659 0.300615964 0.935210777 0.187111648 0.30061609 -0.556770551 -0.60096793 0.573449301 -0.556770754 -0.600967718 0.573449326 -0.556770571 -0.600967892 0.573449321 -0.556770855 -0.600967699 0.573449248 0.800030762 0.585163231 0.13241893 0.80003042 0.585164018 0.132417517 0.80003069 0.585163401 0.132418615 0.800030348 0.585164188 0.132417202 -0.13197739 0.727015951 0.673817317 -0.131977619 0.727016217 0.673816985 -0.131977454 0.727016031 0.673817217 -0.131977677 0.727016326 0.673816856 0.948621891 -0.040718683 0.313780971 0.948622384 -0.0407196945 0.313779347 0.948621967 -0.0407188414 0.313780718 0.948622455 -0.0407198551 0.313779112 0.537042263 -0.515575829 -0.667657975 0.537042263 -0.515575829 -0.667657975 0.537042263 -0.515575829 -0.667657975 0.537042263 -0.515575829 -0.667657975 0.5483855 -0.526403545 -0.649748145 0.548387407 -0.526403545 -0.649746535 0.548385688 -0.526403555 -0.649747978 0.548387637 -0.526403537 -0.649746347 -0.812385119 -0.501489387 -0.297554723 -0.812383778 -0.501491074 -0.297555539 -0.812384829 -0.501489749 -0.297554905 -0.812383488 -0.501491437 -0.29755572 0.964084855 0.188868133 -0.186733021 0.964084292 0.188869794 -0.186734249 0.96408473 0.188868505 -0.186733288 0.964084172 0.188870122 -0.186734532 0.689973823 0.553340786 0.46663701 0.689971988 0.553342764 0.466637376 0.689973651 0.55334097 0.466637044 0.689971827 0.553342956 0.466637388 0.88527118 -0.46095913 0.0617383077 0.885271204 -0.460959083 0.0617383168 0.88527118 -0.46095913 0.0617383077 0.885271191 -0.460959106 0.0617383197 -0.0266088338 0.521222645 -0.853005817 -0.0266086591 0.521222534 -0.85300589 -0.0266088077 0.521222646 -0.853005818 -0.026608633 0.521222535 -0.853005891 0.644839409 -0.736272338 -0.205146731 0.644838158 -0.736273234 -0.205147446 0.644839061 -0.736272588 -0.205146928 0.644837843 -0.736273453 -0.20514765 -0.147987443 -0.77495618 0.614444982 -0.147987277 -0.774956171 0.614445034 -0.147987437 -0.774956152 0.614445019 -0.147987262 -0.774956172 0.614445035 0.708301656 -0.667268627 -0.230350477 0.708301649 -0.66726862 -0.23035052 0.708301656 -0.667268627 -0.230350477 0.708301673 -0.667268583 -0.230350557 0.167697878 0.296390804 0.940228649 0.167697641 0.296390925 0.940228654 0.167697851 0.296390779 0.940228662 0.167697612 0.296390926 0.940228658 0.564361883 -0.695900456 -0.444092582 0.564361152 -0.695901151 -0.44409242 0.564361755 -0.695900564 -0.444092575 0.56436104 -0.69590122 -0.444092456 -0.359188648 0.467032614 -0.808000033 -0.359190585 0.467032465 -0.807999258 -0.359188968 0.467032604 -0.807999896 -0.359190874 0.467032483 -0.807999118 0.497820404 -0.862328821 0.0925410682 0.497820725 -0.86232875 0.0925400015 0.497820408 -0.862328829 0.0925409721 0.497820752 -0.862328745 0.0925399041 0.150074588 -0.755747802 0.637434607 0.150074466 -0.755747732 0.637434718 0.150074573 -0.755747803 0.637434609 0.150074437 -0.755747736 0.637434721 0.309175139 -0.836065962 -0.453215666 0.309177003 -0.83606509 -0.453216004 0.309175404 -0.836065834 -0.453215721 0.30917731 -0.836064937 -0.453216077 0.615153569 0.3558156 0.703549107 0.615153725 0.355815497 0.703549022 0.615153549 0.355815559 0.703549145 0.615153732 0.355815471 0.703549029 0.828982045 -0.488246793 0.27277067 0.828981941 -0.48824695 0.272770704 0.828982014 -0.488246839 0.272770679 0.828981941 -0.48824695 0.272770704 0.384342038 -0.255421605 -0.887153313 0.384342041 -0.255421577 -0.88715332 0.384342038 -0.255421605 -0.887153313 0.384342038 -0.255421605 -0.887153313 0.959573557 -0.110820389 0.25872269 0.95957271 -0.11081848 0.25872665 0.959573478 -0.110820215 0.258723058 0.95957263 -0.110818306 0.258727019 -0.114201117 -0.351811569 0.929078428 -0.114201579 -0.351811269 0.929078484 -0.114201147 -0.351811548 0.929078432 -0.114201619 -0.351811196 0.929078507 0.40748647 -0.810035828 0.421659501 0.40748629 -0.810035826 0.421659679 0.407486415 -0.810035837 0.421659536 0.407486265 -0.810035835 0.421659684 0.603662903 0.785818869 0.134461163 0.603662866 0.785818897 0.134461168 0.603662866 0.785818897 0.134461168 0.603662903 0.785818869 0.134461163 0.944773096 -0.140606794 0.296029603 0.94477312 -0.140606848 0.296029503 0.944773103 -0.140606809 0.296029575 0.944773118 -0.140606862 0.296029502 0.502391746 -0.153913346 -0.850830897 0.502391393 -0.153912811 -0.850831202 0.502391637 -0.153913275 -0.850830974 0.502391329 -0.153912735 -0.850831254 0.98932947 -0.0721479664 0.126577528 0.989329491 -0.0721481349 0.12657727 0.989329473 -0.0721480038 0.126577484 0.989329496 -0.0721481725 0.126577211 -0.633398655 -0.108079233 0.766240839 -0.633400378 -0.108076795 0.766239759 -0.633398835 -0.10807901 0.766240721 -0.633400558 -0.108076572 0.766239641 0.505464981 -0.612727952 0.607510996 0.505468677 -0.612730694 0.607505155 0.50546557 -0.61272842 0.607510034 0.505469266 -0.612731162 0.607504193 0.944960538 -0.301228048 -0.127715484 0.944959364 -0.301232166 -0.127714458 0.944960412 -0.301228493 -0.127715364 0.944959238 -0.301232611 -0.127714338 -0.0103567361 -0.999623692 -0.0254010198 -0.0103567873 -0.999623691 -0.0254010384 -0.0103567426 -0.999623692 -0.0254010235 -0.0103567929 -0.999623691 -0.0254010403 -0.0137683233 -0.334412506 -0.942326222 -0.0137683737 -0.334412479 -0.942326231 -0.0137683317 -0.334412506 -0.942326222 -0.0137683803 -0.334412479 -0.942326231 0.748002825 -0.0491071454 -0.661876319 0.748002551 -0.0491070277 -0.661876638 0.748002826 -0.0491071342 -0.661876319 0.748002551 -0.0491070166 -0.661876638 -0.503252265 -0.839098688 0.206520094 -0.503252856 -0.839098261 0.20652039 -0.503252395 -0.839098587 0.206520188 -0.50325299 -0.839098168 0.206520441 0.749193803 -0.652202262 0.115502621 0.74919383 -0.652202233 0.115502608 0.749193802 -0.652202261 0.115502628 0.749193803 -0.652202262 0.115502621 0.776883497 0.285870021 0.561008345 0.776881512 0.285872637 0.561009762 0.776883282 0.285870306 0.561008497 0.776881266 0.285872962 0.561009935 -0.0539841293 -0.962582672 -0.26555661 -0.053980328 -0.962583241 -0.265555321 -0.0539837895 -0.962582717 -0.265556517 -0.0539799811 -0.962583294 -0.2655552 0.318040433 -0.541855398 -0.777973657 0.318041211 -0.541856298 -0.777972712 0.31804048 -0.541855497 -0.777973568 0.318041296 -0.54185635 -0.777972641 0.454709391 -0.82076766 -0.345803149 0.454709479 -0.820767537 -0.345803327 0.454709415 -0.820767649 -0.345803145 0.454709479 -0.820767537 -0.345803327 0.420883383 -0.721971624 0.549194092 0.420883629 -0.721972471 0.549192791 0.420883409 -0.721971795 0.549193848 0.420883654 -0.721972642 0.549192546 0.978599133 -0.129945919 0.159554989 0.978599133 -0.129945919 0.159554989 0.978599133 -0.129945919 0.159554989 0.978599133 -0.129945919 0.159554989 0.751628996 0.639597655 0.161148042 0.751629 0.639597658 0.161148013 0.751628996 0.639597655 0.161148042 0.751629 0.639597658 0.161148013 0.129700556 -0.871250807 0.473391801 0.12969917 -0.871251402 0.473391085 0.129700365 -0.87125088 0.473391718 0.129698991 -0.871251461 0.473391025 -0.194709906 -0.617291314 -0.762259461 -0.194710233 -0.617290774 -0.762259815 -0.194709942 -0.617291273 -0.762259485 -0.194710269 -0.617290733 -0.762259839 0.0688458968 -0.868333147 -0.491179995 0.0688459048 -0.868333094 -0.491180088 0.0688458979 -0.86833316 -0.491179972 0.0688459038 -0.868333081 -0.491180111 -0.42652488 -0.805126851 0.412125322 -0.426523377 -0.805127959 0.412124713 -0.426524757 -0.805126963 0.412125229 -0.4265232 -0.805128082 0.412124655 -0.31383825 -0.942617437 0.113920676 -0.313839169 -0.942617003 0.11392174 -0.313838353 -0.942617389 0.11392079 -0.313839262 -0.942616957 0.11392186 0.726182243 0.570914761 0.383034836 0.72618241 0.570914573 0.3830348 0.726182332 0.570914678 0.383034791 0.726182463 0.570914508 0.383034796 0.51290815 -0.770850583 0.37777587 0.512906554 -0.770852093 0.377774956 0.512907853 -0.770850883 0.377775662 0.512906251 -0.770852384 0.377774774 0.770767319 -0.32812729 -0.5461229 0.770767267 -0.328127204 -0.546123025 0.770767334 -0.328127236 -0.546122911 0.770767267 -0.328127204 -0.546123025 -0.156831805 -0.980172598 -0.121101047 -0.156831804 -0.980172592 -0.121101091 -0.156831804 -0.980172596 -0.121101062 -0.156831804 -0.980172592 -0.121101098 -0.997497717 0.0046407477 -0.0705462084 -0.997497543 0.00463706527 -0.0705489207 -0.997497696 0.00464028454 -0.0705465463 -0.997497521 0.00463660258 -0.0705492586 0.0616424273 -0.615906421 0.785404031 0.0616418364 -0.615906077 0.785404347 0.0616423414 -0.615906358 0.785404087 0.0616417519 -0.615906052 0.785404374 0.130953075 0.64906562 0.749376483 0.130953108 0.649065519 0.749376564 0.13095307 0.649065654 0.749376454 0.130953102 0.64906549 0.74937659 0.500798879 -0.635209558 0.587970493 0.500802989 -0.635206872 0.587969894 0.50079924 -0.635209324 0.587970438 0.500803288 -0.635206635 0.587969895 0.509343808 -0.765111991 -0.393919442 0.509343443 -0.765112575 -0.39391878 0.509343791 -0.765112024 -0.393919399 0.509343449 -0.765112584 -0.393918755 0.0872373374 -0.933914441 0.34668929 0.087237194 -0.933915077 0.346687614 0.0872373109 -0.933914516 0.346689095 0.0872371797 -0.933915143 0.346687438 -0.378132886 -0.844521953 0.379207319 -0.378132785 -0.844522285 0.379206682 -0.378132858 -0.844522018 0.379207202 -0.378132783 -0.84452234 0.37920656 0.301846675 -0.931112921 -0.204737181 0.301848596 -0.931112306 -0.204737145 0.301847008 -0.931112816 -0.204737169 0.30184891 -0.931112203 -0.204737151 0.829520123 0.0649919225 0.554682266 0.829518389 0.0649896645 0.554685123 0.829519692 0.0649913924 0.554682972 0.829518004 0.0649891334 0.554685761 -0.0103793804 -0.884164378 -0.467060618 -0.0103794523 -0.88416434 -0.467060689 -0.0103793889 -0.88416439 -0.467060594 -0.0103794616 -0.88416434 -0.467060689 -0.0690771431 -0.719262199 -0.691296056 -0.0690769629 -0.719261886 -0.6912964 -0.069077118 -0.71926217 -0.691296089 -0.0690769334 -0.719261829 -0.691296462 0.524129505 -0.845697276 -0.100421011 0.524129505 -0.845697276 -0.100421011 0.524129505 -0.845697277 -0.100421003 0.524129505 -0.845697276 -0.100421011 -0.390321761 -0.853753744 0.34460625 -0.390321731 -0.853753745 0.34460628 -0.390321731 -0.853753745 0.34460628 -0.390321761 -0.853753744 0.34460625 -0.0343364246 -0.803207082 0.594709503 -0.0343367793 -0.803207101 0.594709457 -0.0343364668 -0.80320711 0.594709464 -0.0343368203 -0.8032071 0.594709456 0.505946471 0.685462136 0.523602739 0.505946451 0.685462168 0.523602717 0.505946471 0.685462136 0.523602739 0.505946451 0.685462168 0.523602717 0.266215983 -0.83989061 -0.472982889 0.266217677 -0.839889877 -0.472983237 0.266216279 -0.839890484 -0.472982946 0.266217973 -0.839889752 -0.472983293 -0.462662553 -0.877372871 -0.127122806 -0.462663767 -0.87737214 -0.12712343 -0.462662689 -0.877372787 -0.127122892 -0.46266395 -0.877372029 -0.127123535 0.389426283 -0.915120463 -0.104411242 0.389425688 -0.915120884 -0.104409775 0.389426173 -0.915120545 -0.104410939 0.389425578 -0.915120965 -0.104409479 -0.86005337 -0.490478789 0.140494691 -0.860053439 -0.490478676 0.140494663 -0.860053384 -0.490478768 0.140494678 -0.860053467 -0.490478628 0.140494658 0.214843407 -0.930724501 -0.295963198 0.214843372 -0.930724539 -0.295963102 0.214843381 -0.930724515 -0.295963172 0.214843372 -0.930724539 -0.295963102 0.969930413 0.13100861 -0.205113963 0.969931241 0.13100472 -0.205112531 0.969930503 0.131008189 -0.205113808 0.96993133 0.131004307 -0.205112373 -0.558716354 -0.790929552 0.24953252 -0.558716415 -0.790929495 0.249532565 -0.558716354 -0.790929552 0.24953252 -0.558716415 -0.790929495 0.249532565 -0.242821944 -0.494270469 -0.83470606 -0.242821977 -0.494270236 -0.834706189 -0.242821948 -0.494270446 -0.834706072 -0.242822009 -0.49427021 -0.834706195 -0.62848293 -0.546884292 0.55310648 -0.628482837 -0.546884255 0.553106622 -0.62848293 -0.546884292 0.55310648 -0.628482816 -0.546884237 0.553106664 -0.761947938 -0.292765412 0.577688283 -0.761947983 -0.292765317 0.577688272 -0.761947945 -0.292765385 0.577688288 -0.76194799 -0.29276529 0.577688277 0.146978931 -0.831775016 0.535301332 0.146978346 -0.831774936 0.535301617 0.146978839 -0.831775001 0.535301382 0.146978247 -0.831774904 0.535301694 0.82815482 -0.543810021 -0.135758075 0.828156817 -0.543806605 -0.135759575 0.828155012 -0.543809693 -0.135758216 0.828157018 -0.543806262 -0.135759728 -0.395206597 -0.86101734 -0.320095119 -0.395206013 -0.861018081 -0.320093848 -0.395206521 -0.861017427 -0.320094981 -0.39520592 -0.861018192 -0.320093666 -0.630365429 -0.102237731 -0.769536791 -0.630366447 -0.102235444 -0.76953626 -0.63036562 -0.102237338 -0.769536686 -0.630366573 -0.102235058 -0.769536209 -0.0158267544 -0.798186545 0.602202419 -0.0158268162 -0.798186623 0.602202314 -0.0158267618 -0.798186545 0.602202419 -0.0158268274 -0.798186623 0.602202313 -0.86356674 0.289296115 0.4129894 -0.863568485 0.289293617 0.4129875 -0.863566919 0.289295877 0.412989191 -0.863568664 0.289293379 0.412987292 -0.347239648 -0.934020234 -0.0838500348 -0.34723955 -0.93402027 -0.0838500401 -0.347239622 -0.934020244 -0.0838500356 -0.34723955 -0.934020271 -0.0838500327 0.6261921 -0.13323337 0.768200705 0.626192097 -0.133233757 0.768200641 0.626192092 -0.133233472 0.768200694 0.626192088 -0.133233859 0.76820063 0.4380111 -0.889578083 0.129603666 0.438012784 -0.88957728 0.129603492 0.438011388 -0.889577945 0.129603642 0.438013096 -0.889577129 0.129603472 -0.469620766 -0.478466245 -0.741974655 -0.469620766 -0.478466245 -0.741974655 -0.469620766 -0.478466245 -0.741974655 -0.469620766 -0.478466245 -0.741974655 -0.781924183 -0.590815123 -0.198826714 -0.781924433 -0.590814655 -0.198827119 -0.781924229 -0.590815053 -0.19882674 -0.781924482 -0.590814587 -0.198827131 -0.511742525 -0.428962255 0.744386305 -0.511741528 -0.428964026 0.74438597 -0.511742246 -0.428962747 0.744386214 -0.511741286 -0.42896453 0.744385846 -0.272904038 -0.950671792 -0.147467047 -0.272903199 -0.950671714 -0.147469101 -0.272903885 -0.950671776 -0.147467432 -0.272903018 -0.950671706 -0.147469487 0.380511491 -0.916425166 0.123999677 0.380512944 -0.916424493 0.124000196 0.380511758 -0.916425042 0.123999774 0.380513186 -0.916424381 0.124000279 0.0602360632 -0.975618667 0.211044626 0.0602361109 -0.975618655 0.211044668 0.0602360707 -0.975618666 0.211044626 0.0602361183 -0.975618654 0.211044668 -0.0190284735 0.408214208 -0.912687831 -0.0190284735 0.408214208 -0.912687831 -0.0190284735 0.408214208 -0.912687831 -0.0190284735 0.408214208 -0.912687831 -0.668073293 -0.69857132 0.256273656 -0.668073966 -0.698571756 0.256270712 -0.668073435 -0.698571345 0.256273217 -0.668074076 -0.698571806 0.256270291 -0.825453052 -0.430060898 0.365615759 -0.825453052 -0.430060898 0.365615759 -0.82545305 -0.430060927 0.365615729 -0.825453052 -0.430060898 0.365615759 -0.965404528 -0.146101463 -0.215982545 -0.965404511 -0.14610149 -0.215982601 -0.965404523 -0.146101477 -0.215982559 -0.965404511 -0.14610149 -0.215982601 0.867374108 -0.497190437 -0.0215366293 0.867376028 -0.497187077 -0.0215368699 0.867374465 -0.497189812 -0.0215366703 0.867376373 -0.497186474 -0.0215369143 -0.244362056 -0.59237051 0.767713725 -0.244363324 -0.592370215 0.76771355 -0.244362275 -0.592370439 0.767713711 -0.244363529 -0.592370146 0.767713538 0.416942804 -0.195451364 -0.887669681 0.416942385 -0.195450111 -0.887670154 0.416942769 -0.195451227 -0.887669728 0.416942326 -0.195449962 -0.887670214 0.172603312 -0.946388556 0.273050908 0.172603218 -0.946388772 0.273050216 0.17260329 -0.94638858 0.273050838 0.172603222 -0.946388795 0.273050134 -0.907289992 0.0499243965 0.417531346 -0.907291929 0.0499179651 0.417527905 -0.907290567 0.0499224955 0.417530323 -0.907292494 0.0499160742 0.417526905 0.320276325 -0.919771389 0.226811964 0.320276324 -0.919771386 0.226811978 0.320276325 -0.919771389 0.226811964 0.320276297 -0.919771392 0.226811995 0.524644605 0.446948819 0.724558342 0.524642168 0.446946351 0.724561629 0.524644375 0.446948588 0.724558652 0.524641931 0.446946144 0.724561929 -0.702451249 -0.508985176 -0.497490033 -0.70245182 -0.508980211 -0.497494307 -0.702451345 -0.508984682 -0.497490403 -0.702451885 -0.508979738 -0.497494698 0.534720609 -0.14844017 -0.831889047 0.534720777 -0.148439988 -0.831888971 0.534720653 -0.148440136 -0.831889024 0.534720779 -0.148439959 -0.831888975 -0.700065598 -0.478712072 0.529851783 -0.700065382 -0.478711312 0.529852754 -0.700065539 -0.478711893 0.529852022 -0.700065311 -0.478711096 0.529853043 -0.384204415 0.716591294 0.582137342 -0.384204629 0.716591124 0.58213741 -0.384204415 0.716591294 0.582137342 -0.384204654 0.716591116 0.582137403 -0.105217589 -0.855132745 -0.507619194 -0.105217872 -0.855132746 -0.507619135 -0.105217615 -0.855132769 -0.507619149 -0.105217909 -0.855132743 -0.507619133 -0.122701289 -0.858426285 0.498044885 -0.122701296 -0.858426284 0.498044885 -0.122701294 -0.858426271 0.498044907 -0.122701289 -0.858426285 0.498044885 -0.14914571 -0.858030337 0.491466681 -0.149145007 -0.858030498 0.491466612 -0.149145635 -0.858030333 0.491466709 -0.149144937 -0.858030521 0.491466595 0.231386326 -0.749665952 -0.620049457 0.231386619 -0.749663719 -0.620052047 0.231386379 -0.749665621 -0.620049837 0.231386648 -0.749663417 -0.620052401 -0.244448084 -0.930979622 -0.271149549 -0.244447858 -0.930980863 -0.271145493 -0.244448037 -0.930979791 -0.27114901 -0.244447838 -0.930981025 -0.271144952 -0.317890762 0.678885934 0.661860523 -0.317889419 0.678885929 0.661861174 -0.317890616 0.678885939 0.661860588 -0.317889272 0.678885934 0.661861238 -0.188544753 -0.876676097 -0.442594506 -0.18854105 -0.876676121 -0.442596037 -0.188544082 -0.876676092 -0.442594801 -0.188540381 -0.876676127 -0.442596309 0.958214401 -0.223524257 0.17849949 0.958213689 -0.223528356 0.178498179 0.958214331 -0.223524642 0.178499384 0.958213625 -0.223528727 0.178498059 -0.313532703 -0.949097135 -0.0301972267 -0.313532703 -0.949097135 -0.0301972174 -0.313532703 -0.949097135 -0.030197223 -0.313532703 -0.949097135 -0.0301972174 -0.216145328 0.371451686 -0.902942325 -0.216145412 0.371450098 -0.902942958 -0.216145305 0.371451345 -0.902942471 -0.216145424 0.371449825 -0.902943067 -0.578613478 -0.781346524 -0.233888976 -0.57861303 -0.781347078 -0.233888233 -0.578613459 -0.781346558 -0.233888909 -0.578612971 -0.781347139 -0.233888174 -0.580353497 0.810458778 -0.0796642153 -0.580348368 0.810462469 -0.0796640286 -0.5803528 0.81045928 -0.079664188 -0.58034771 0.810462943 -0.0796640059 -0.197117826 -0.950561728 -0.239952004 -0.197118328 -0.950561825 -0.239951209 -0.197117938 -0.950561755 -0.239951803 -0.197118466 -0.950561847 -0.239951006 0.871582457 -0.283998194 0.399611119 0.871579754 -0.284001972 0.399614329 0.871582157 -0.283998611 0.399611476 0.871579473 -0.284002365 0.399614664 -0.541043398 -0.494010088 0.680607137 -0.541045185 -0.494008955 0.680606539 -0.541043758 -0.494009853 0.680607021 -0.541045537 -0.494008741 0.680606413 0.60615134 -0.279803096 -0.744507072 0.606153726 -0.279797763 -0.744507134 0.606151582 -0.279802561 -0.744507076 0.606153973 -0.2797972 -0.744507144 -0.0827436128 -0.935734427 -0.342862329 -0.0827434882 -0.935734271 -0.342862785 -0.0827436018 -0.935734411 -0.342862375 -0.0827434725 -0.935734263 -0.342862811 -0.514353982 0.853182004 0.0867205174 -0.514353982 0.853182004 0.0867205174 -0.514353982 0.853182004 0.0867205174 -0.514353982 0.853182004 0.0867205174 -0.945316616 -0.156809539 -0.285984726 -0.945315402 -0.156811383 -0.285987729 -0.945316507 -0.156809705 -0.285984997 -0.945315292 -0.156811549 -0.285988 0.952028104 -0.303072455 0.0423033726 0.952027434 -0.303074537 0.0423035358 0.95202802 -0.303072716 0.0423033938 0.95202736 -0.30307477 0.0423035463 -0.833070455 -0.482421278 -0.270671993 -0.833070462 -0.482421282 -0.270671965 -0.833070443 -0.482421301 -0.270671989 -0.833070455 -0.482421278 -0.270671993 0.380106271 0.259742559 -0.887723508 0.380106864 0.259742944 -0.887723141 0.380106453 0.25974268 -0.887723394 0.38010707 0.259743062 -0.887723018 -0.743280472 -0.423552633 -0.517819763 -0.743281662 -0.423552513 -0.517818153 -0.74328058 -0.423552597 -0.517819637 -0.743281784 -0.423552515 -0.517817976 -0.935609978 -0.130166781 -0.328162425 -0.935610344 -0.130162566 -0.328163054 -0.935610011 -0.130166369 -0.328162496 -0.935610377 -0.130162153 -0.328163125 -0.365557614 -0.833340294 0.414622221 -0.365557518 -0.833340339 0.414622214 -0.365557609 -0.833340283 0.414622245 -0.365557523 -0.833340349 0.414622189 0.742405663 -0.66250796 0.0995843052 0.742404608 -0.662509228 0.0995837339 0.742405503 -0.662508156 0.0995841959 0.742404418 -0.662509456 0.0995836355 -0.65932381 -0.598428248 -0.455165624 -0.659323332 -0.59842932 -0.455164908 -0.659323747 -0.598428364 -0.455165562 -0.65932326 -0.598429428 -0.455164869 0.417532501 0.0768649276 -0.905405099 0.417532501 0.0768649276 -0.905405099 0.417532501 0.0768649276 -0.905405099 0.417532501 0.0768649276 -0.905405099 -0.361004294 -0.912896874 -0.190512985 -0.361004295 -0.912896876 -0.190512971 -0.361004295 -0.912896876 -0.190512971 -0.361004294 -0.912896874 -0.190512985 -0.769709409 0.602670074 0.210561648 -0.769709291 0.602670194 0.210561738 -0.769709407 0.602670072 0.210561662 -0.769709291 0.602670194 0.210561738 -0.369517694 -0.899923349 0.231505162 -0.369514588 -0.89992512 0.231503235 -0.369517349 -0.899923547 0.231504943 -0.369514264 -0.89992531 0.231503014 0.313301744 -0.232643933 0.92071647 0.313301836 -0.232643772 0.920716479 0.313301746 -0.232643905 0.920716476 0.313301863 -0.23264377 0.92071647 -0.485748829 -0.77130914 -0.411254527 -0.485750381 -0.771306938 -0.411256823 -0.485749086 -0.771308824 -0.411254815 -0.485750547 -0.77130668 -0.411257111 -0.198005537 0.494268197 -0.846458951 -0.198008439 0.494268491 -0.846458101 -0.198005827 0.494268242 -0.846458858 -0.198008746 0.494268508 -0.846458019 -0.580691235 -0.70591559 -0.405562412 -0.580691049 -0.705915642 -0.405562587 -0.580691203 -0.705915611 -0.40556242 -0.580691042 -0.705915633 -0.405562611 -0.11908146 0.969770672 0.212989316 -0.119080991 0.969770674 0.21298957 -0.119081401 0.969770679 0.212989317 -0.119080939 0.969770671 0.212989614 -0.707305911 -0.516324582 0.482832553 -0.707306809 -0.516323154 0.482832764 -0.707306089 -0.516324283 0.482832612 -0.707307027 -0.516322841 0.48283278 0.298374596 -0.912761636 0.278996052 0.298377845 -0.912761639 0.278992567 0.298374894 -0.912761638 0.278995725 0.298378141 -0.912761634 0.278992267 -0.992878458 0.070806311 0.0958062356 -0.992878459 0.0708065421 0.0958060494 -0.992878457 0.0708063483 0.0958062132 -0.992878461 0.0708065646 0.0958060124 0.688193259 0.0678328199 -0.722349463 0.688193207 0.0678326344 -0.72234953 0.6881932 0.0678327827 -0.722349523 0.688193209 0.0678326047 -0.722349531 -0.834719672 -0.528303036 0.155367213 -0.83471854 -0.528304348 0.155368837 -0.834719478 -0.528303265 0.155367479 -0.834718392 -0.528304508 0.155369085 0.0861089441 0.750336458 0.65542387 0.0861091984 0.750336526 0.655423759 0.0861090107 0.750336453 0.655423867 0.086109265 0.750336522 0.655423755 -0.673614135 -0.640140286 -0.369410897 -0.673613975 -0.640140363 -0.369411056 -0.673614095 -0.640140305 -0.369410938 -0.673613967 -0.640140356 -0.369411082 -0.358277176 -0.930734884 0.0732805663 -0.3582773 -0.930734836 0.0732805672 -0.358277202 -0.930734874 0.0732805655 -0.358277326 -0.930734827 0.073280559 -0.967655134 0.178342032 -0.178431111 -0.967654919 0.17834283 -0.178431477 -0.967655116 0.178342103 -0.178431137 -0.967654893 0.178342925 -0.178431527 0.505683472 -0.251678104 -0.825192316 0.505683179 -0.251678465 -0.825192385 0.505683424 -0.25167814 -0.825192335 0.505683128 -0.251678528 -0.825192398 -0.967557178 0.252627369 -0.00353829674 -0.967557127 0.25262758 -0.00353714263 -0.967557178 0.252627369 -0.00353817264 -0.96755712 0.252627608 -0.00353701897 -0.305854888 0.951637154 -0.0289743675 -0.305854862 0.951637163 -0.0289743621 -0.305854888 0.951637154 -0.0289743675 -0.305854889 0.951637154 -0.0289743637 -0.878012364 -0.447472932 0.169888974 -0.878012369 -0.447472905 0.16988902 -0.878012364 -0.447472932 0.169888974 -0.878012369 -0.447472905 0.16988902 -0.242069638 -0.342463025 0.907811306 -0.24206971 -0.342462992 0.907811299 -0.242069641 -0.342462979 0.907811322 -0.242069724 -0.342462991 0.907811296 -0.7667635 0.185537128 0.614532106 -0.766763513 0.185537041 0.614532116 -0.766763504 0.185537099 0.61453211 -0.766763515 0.185537027 0.614532118 0.186581123 0.435435184 -0.880672292 0.186581087 0.435435139 -0.880672321 0.186581121 0.435435208 -0.88067228 0.186581089 0.435435115 -0.880672333 -0.94788974 -0.122040174 -0.294297872 -0.947889585 -0.122040133 -0.294298386 -0.947889709 -0.122040178 -0.29429797 -0.947889569 -0.12204013 -0.294298441 -0.720409441 0.662706722 0.204523932 -0.720407424 0.662709115 0.20452328 -0.720409221 0.662706977 0.204523878 -0.720407259 0.662709307 0.204523239 -0.758304407 -0.651138655 -0.0315099764 -0.758306255 -0.651136509 -0.0315098498 -0.758304656 -0.651138366 -0.0315099619 -0.758306559 -0.651136156 -0.0315098314 0.119879138 -0.848124125 0.516056644 0.119875218 -0.848124882 0.516056312 0.119878696 -0.848124214 0.516056602 0.11987475 -0.848124962 0.516056288 -0.683811134 0.213640945 -0.69768179 -0.683811183 0.21364121 -0.697681661 -0.683811129 0.213640973 -0.697681786 -0.683811143 0.213641275 -0.69768168 0.505513659 0.523340931 -0.685981202 0.505511453 0.523342361 -0.685981737 0.50551343 0.52334106 -0.685981274 0.505511223 0.523342489 -0.685981809 -0.56069952 0.612197575 -0.55752146 -0.560701256 0.612197822 -0.557519441 -0.560699815 0.612197632 -0.5575211 -0.560701552 0.612197879 -0.557519081 0.190264911 0.791205469 0.581199767 0.190264957 0.791205412 0.581199829 0.190264928 0.791205417 0.581199833 0.19026495 0.791205385 0.581199869 -0.626887988 0.778471901 0.0315111136 -0.626889636 0.778470683 0.0315084154 -0.626888263 0.778471693 0.0315107623 -0.626889875 0.778470504 0.031508069</float_array>
        <technique_common><accessor source="#vfx_kurp_1193-mesh-normals-array" count="1536" stride="3"><param name="X" type="float"/><param name="Y" type="float"/><param name="Z" type="float"/></accessor></technique_common>
      </source>
      <source id="vfx_kurp_1193-mesh-uv0">
        <float_array id="vfx_kurp_1193-mesh-uv0-array" count="3072">0 0 0 1 1 0 1 1 0 0 0 1 1 0 1 1 0 0 0 1 1 0 1 1 0 0 0 1 1 0 1 1 0 0 0 1 1 0 1 1 0 0 0 1 1 0 1 1 0 0 0 1 1 0 1 1 0 0 0 1 1 0 1 1 0 0 0 1 1 0 1 1 0 0 0 1 1 0 1 1 0 0 0 1 1 0 1 1 0 0 0 1 1 0 1 1 0 0 0 1 1 0 1 1 0 0 0 1 1 0 1 1 0 0 0 1 1 0 1 1 0 0 0 1 1 0 1 1 0 0 0 1 1 0 1 1 0 0 0 1 1 0 1 1 0 0 0 1 1 0 1 1 0 0 0 1 1 0 1 1 0 0 0 1 1 0 1 1 0 0 0 1 1 0 1 1 0 0 0 1 1 0 1 1 0 0 0 1 1 0 1 1 0 0 0 1 1 0 1 1 0 0 0 1 1 0 1 1 0 0 0 1 1 0 1 1 0 0 0 1 1 0 1 1 0 0 0 1 1 0 1 1 0 0 0 1 1 0 1 1 0 0 0 1 1 0 1 1 0 0 0 1 1 0 1 1 0 0 0 1 1 0 1 1 0 0 0 1 1 0 1 1 0 0 0 1 1 0 1 1 0 0 0 1 1 0 1 1 0 0 0 1 1 0 1 1 0 0 0 1 1 0 1 1 0 0 0 1 1 0 1 1 0 0 0 1 1 0 1 1 0 0 0 1 1 0 1 1 0 0 0 1 1 0 1 1 0 0 0 1 1 0 1 1 0 0 0 1 1 0 1 1 0 0 0 1 1 0 1 1 0 0 0 1 1 0 1 1 0 0 0 1 1 0 1 1 0 0 0 1 1 0 1 1 0 0 0 1 1 0 1 1 0 0 0 1 1 0 1 1 0 0 0 1 1 0 1 1 0 0 0 1 1 0 1 1 0 0 0 1 1 0 1 1 0 0 0 1 1 0 1 1 0 0 0 1 1 0 1 1 0 0 0 1 1 0 1 1 0 0 0 1 1 0 1 1 0 0 0 1 1 0 1 1 0 0 0 1 1 0 1 1 0 0 0 1 1 0 1 1 0 0 0 1 1 0 1 1 0 0 0 1 1 0 1 1 0 0 0 1 1 0 1 1 0 0 0 1 1 0 1 1 0 0 0 1 1 0 1 1 0 0 0 1 1 0 1 1 0 0 0 1 1 0 1 1 0 0 0 1 1 0 1 1 0 0 0 1 1 0 1 1 0 0 0 1 1 0 1 1 0 0 0 1 1 0 1 1 0 0 0 1 1 0 1 1 0 0 0 1 1 0 1 1 0 0 0 1 1 0 1 1 0 0 0 1 1 0 1 1 0 0 0 1 1 0 1 1 0 0 0 1 1 0 1 1 0 0 0 1 1 0 1 1 0 0 0 1 1 0 1 1 0 0 0 1 1 0 1 1 0 0 0 1 1 0 1 1 0 0 0 1 1 0 1 1 0 0 0 1 1 0 1 1 0 0 0 1 1 0 1 1 0 0 0 1 1 0 1 1 0 0 0 1 1 0 1 1 0 0 0 1 1 0 1 1 0 0 0 1 1 0 1 1 0 0 0 1 1 0 1 1 0 0 0 1 1 0 1 1 0 0 0 1 1 0 1 1 0 0 0 1 1 0 1 1 0 0 0 1 1 0 1 1 0 0 0 1 1 0 1 1 0 0 0 1 1 0 1 1 0 0 0 1 1 0 1 1 0 0 0 1 1 0 1 1 0 0 0 1 1 0 1 1 0 0 0 1 1 0 1 1 0 0 0 1 1 0 1 1 0 0 0 1 1 0 1 1 0 0 0 1 1 0 1 1 0 0 0 1 1 0 1 1 0 0 0 1 1 0 1 1 0 0 0 1 1 0 1 1 0 0 0 1 1 0 1 1 0 0 0 1 1 0 1 1 0 0 0 1 1 0 1 1 0 0 0 1 1 0 1 1 0 0 0 1 1 0 1 1 0 0 0 1 1 0 1 1 0 0 0 1 1 0 1 1 0 0 0 1 1 0 1 1 0 0 0 1 1 0 1 1 0 0 0 1 1 0 1 1 0 0 0 1 1 0 1 1 0 0 0 1 1 0 1 1 0 0 0 1 1 0 1 1 0 0 0 1 1 0 1 1 0 0 0 1 1 0 1 1 0 0 0 1 1 0 1 1 0 0 0 1 1 0 1 1 0 0 0 1 1 0 1 1 0 0 0 1 1 0 1 1 0 0 0 1 1 0 1 1 0 0 0 1 1 0 1 1 0 0 0 1 1 0 1 1 0 0 0 1 1 0 1 1 0 0 0 1 1 0 1 1 0 0 0 1 1 0 1 1 0 0 0 1 1 0 1 1 0 0 0 1 1 0 1 1 0 0 0 1 1 0 1 1 0 0 0 1 1 0 1 1 0 0 0 1 1 0 1 1 0 0 0 1 1 0 1 1 0 0 0 1 1 0 1 1 0 0 0 1 1 0 1 1 0 0 0 1 1 0 1 1 0 0 0 1 1 0 1 1 0 0 0 1 1 0 1 1 0 0 0 1 1 0 1 1 0 0 0 1 1 0 1 1 0 0 0 1 1 0 1 1 0 0 0 1 1 0 1 1 0 0 0 1 1 0 1 1 0 0 0 1 1 0 1 1 0 0 0 1 1 0 1 1 0 0 0 1 1 0 1 1 0 0 0 1 1 0 1 1 0 0 0 1 1 0 1 1 0 0 0 1 1 0 1 1 0 0 0 1 1 0 1 1 0 0 0 1 1 0 1 1 0 0 0 1 1 0 1 1 0 0 0 1 1 0 1 1 0 0 0 1 1 0 1 1 0 0 0 1 1 0 1 1 0 0 0 1 1 0 1 1 0 0 0 1 1 0 1 1 0 0 0 1 1 0 1 1 0 0 0 1 1 0 1 1 0 0 0 1 1 0 1 1 0 0 0 1 1 0 1 1 0 0 0 1 1 0 1 1 0 0 0 1 1 0 1 1 0 0 0 1 1 0 1 1 0 0 0 1 1 0 1 1 0 0 0 1 1 0 1 1 0 0 0 1 1 0 1 1 0 0 0 1 1 0 1 1 0 0 0 1 1 0 1 1 0 0 0 1 1 0 1 1 0 0 0 1 1 0 1 1 0 0 0 1 1 0 1 1 0 0 0 1 1 0 1 1 0 0 0 1 1 0 1 1 0 0 0 1 1 0 1 1 0 0 0 1 1 0 1 1 0 0 0 1 1 0 1 1 0 0 0 1 1 0 1 1 0 0 0 1 1 0 1 1 0 0 0 1 1 0 1 1 0 0 0 1 1 0 1 1 0 0 0 1 1 0 1 1 0 0 0 1 1 0 1 1 0 0 0 1 1 0 1 1 0 0 0 1 1 0 1 1 0 0 0 1 1 0 1 1 0 0 0 1 1 0 1 1 0 0 0 1 1 0 1 1 0 0 0 1 1 0 1 1 0 0 0 1 1 0 1 1 0 0 0 1 1 0 1 1 0 0 0 1 1 0 1 1 0 0 0 1 1 0 1 1 0 0 0 1 1 0 1 1 0 0 0 1 1 0 1 1 0 0 0 1 1 0 1 1 0 0 0 1 1 0 1 1 0 0 0 1 1 0 1 1 0 0 0 1 1 0 1 1 0 0 0 1 1 0 1 1 0 0 0 1 1 0 1 1 0 0 0 1 1 0 1 1 0 0 0 1 1 0 1 1 0 0 0 1 1 0 1 1 0 0 0 1 1 0 1 1 0 0 0 1 1 0 1 1 0 0 0 1 1 0 1 1 0 0 0 1 1 0 1 1 0 0 0 1 1 0 1 1 0 0 0 1 1 0 1 1 0 0 0 1 1 0 1 1 0 0 0 1 1 0 1 1 0 0 0 1 1 0 1 1 0 0 0 1 1 0 1 1 0 0 0 1 1 0 1 1 0 0 0 1 1 0 1 1 0 0 0 1 1 0 1 1 0 0 0 1 1 0 1 1 0 0 0 1 1 0 1 1 0 0 0 1 1 0 1 1 0 0 0 1 1 0 1 1 0 0 0 1 1 0 1 1 0 0 0 1 1 0 1 1 0 0 0 1 1 0 1 1 0 0 0 1 1 0 1 1 0 0 0 1 1 0 1 1 0 0 0 1 1 0 1 1 0 0 0 1 1 0 1 1 0 0 0 1 1 0 1 1 0 0 0 1 1 0 1 1 0 0 0 1 1 0 1 1 0 0 0 1 1 0 1 1 0 0 0 1 1 0 1 1 0 0 0 1 1 0 1 1 0 0 0 1 1 0 1 1 0 0 0 1 1 0 1 1 0 0 0 1 1 0 1 1 0 0 0 1 1 0 1 1 0 0 0 1 1 0 1 1 0 0 0 1 1 0 1 1 0 0 0 1 1 0 1 1 0 0 0 1 1 0 1 1 0 0 0 1 1 0 1 1 0 0 0 1 1 0 1 1 0 0 0 1 1 0 1 1 0 0 0 1 1 0 1 1 0 0 0 1 1 0 1 1 0 0 0 1 1 0 1 1 0 0 0 1 1 0 1 1 0 0 0 1 1 0 1 1 0 0 0 1 1 0 1 1 0 0 0 1 1 0 1 1 0 0 0 1 1 0 1 1 0 0 0 1 1 0 1 1 0 0 0 1 1 0 1 1 0 0 0 1 1 0 1 1 0 0 0 1 1 0 1 1 0 0 0 1 1 0 1 1 0 0 0 1 1 0 1 1 0 0 0 1 1 0 1 1 0 0 0 1 1 0 1 1 0 0 0 1 1 0 1 1 0 0 0 1 1 0 1 1 0 0 0 1 1 0 1 1 0 0 0 1 1 0 1 1 0 0 0 1 1 0 1 1 0 0 0 1 1 0 1 1 0 0 0 1 1 0 1 1 0 0 0 1 1 0 1 1 0 0 0 1 1 0 1 1 0 0 0 1 1 0 1 1 0 0 0 1 1 0 1 1 0 0 0 1 1 0 1 1 0 0 0 1 1 0 1 1 0 0 0 1 1 0 1 1 0 0 0 1 1 0 1 1 0 0 0 1 1 0 1 1 0 0 0 1 1 0 1 1 0 0 0 1 1 0 1 1 0 0 0 1 1 0 1 1 0 0 0 1 1 0 1 1 0 0 0 1 1 0 1 1 0 0 0 1 1 0 1 1 0 0 0 1 1 0 1 1 0 0 0 1 1 0 1 1 0 0 0 1 1 0 1 1 0 0 0 1 1 0 1 1 0 0 0 1 1 0 1 1 0 0 0 1 1 0 1 1 0 0 0 1 1 0 1 1 0 0 0 1 1 0 1 1 0 0 0 1 1 0 1 1 0 0 0 1 1 0 1 1 0 0 0 1 1 0 1 1 0 0 0 1 1 0 1 1 0 0 0 1 1 0 1 1 0 0 0 1 1 0 1 1 0 0 0 1 1 0 1 1 0 0 0 1 1 0 1 1 0 0 0 1 1 0 1 1 0 0 0 1 1 0 1 1 0 0 0 1 1 0 1 1 0 0 0 1 1 0 1 1 0 0 0 1 1 0 1 1 0 0 0 1 1 0 1 1 0 0 0 1 1 0 1 1 0 0 0 1 1 0 1 1 0 0 0 1 1 0 1 1 0 0 0 1 1 0 1 1 0 0 0 1 1 0 1 1 0 0 0 1 1 0 1 1 0 0 0 1 1 0 1 1 0 0 0 1 1 0 1 1 0 0 0 1 1 0 1 1 0 0 0 1 1 0 1 1 0 0 0 1 1 0 1 1 0 0 0 1 1 0 1 1 0 0 0 1 1 0 1 1 0 0 0 1 1 0 1 1 0 0 0 1 1 0 1 1 0 0 0 1 1 0 1 1 0 0 0 1 1 0 1 1 0 0 0 1 1 0 1 1 0 0 0 1 1 0 1 1 0 0 0 1 1 0 1 1 0 0 0 1 1 0 1 1 0 0 0 1 1 0 1 1 0 0 0 1 1 0 1 1 0 0 0 1 1 0 1 1 0 0 0 1 1 0 1 1 0 0 0 1 1 0 1 1 0 0 0 1 1 0 1 1 0 0 0 1 1 0 1 1 0 0 0 1 1 0 1 1 0 0 0 1 1 0 1 1 0 0 0 1 1 0 1 1 0 0 0 1 1 0 1 1 0 0 0 1 1 0 1 1 0 0 0 1 1 0 1 1 0 0 0 1 1 0 1 1 0 0 0 1 1 0 1 1 0 0 0 1 1 0 1 1 0 0 0 1 1 0 1 1 0 0 0 1 1 0 1 1 0 0 0 1 1 0 1 1 0 0 0 1 1 0 1 1 0 0 0 1 1 0 1 1 0 0 0 1 1 0 1 1 0 0 0 1 1 0 1 1 0 0 0 1 1 0 1 1 0 0 0 1 1 0 1 1 0 0 0 1 1 0 1 1 0 0 0 1 1 0 1 1 0 0 0 1 1 0 1 1 0 0 0 1 1 0 1 1 0 0 0 1 1 0 1 1 0 0 0 1 1 0 1 1 0 0 0 1 1 0 1 1 0 0 0 1 1 0 1 1 0 0 0 1 1 0 1 1 0 0 0 1 1 0 1 1 0 0 0 1 1 0 1 1 0 0 0 1 1 0 1 1 0 0 0 1 1 0 1 1 0 0 0 1 1 0 1 1 0 0 0 1 1 0 1 1 0 0 0 1 1 0 1 1 0 0 0 1 1 0 1 1 0 0 0 1 1 0 1 1 0 0 0 1 1 0 1 1 0 0 0 1 1 0 1 1 0 0 0 1 1 0 1 1 0 0 0 1 1 0 1 1 0 0 0 1 1 0 1 1 0 0 0 1 1 0 1 1 0 0 0 1 1 0 1 1 0 0 0 1 1 0 1 1 0 0 0 1 1 0 1 1 0 0 0 1 1 0 1 1 0 0 0 1 1 0 1 1 0 0 0 1 1 0 1 1</float_array>
        <technique_common><accessor source="#vfx_kurp_1193-mesh-uv0-array" count="1536" stride="2"><param name="S" type="float"/><param name="T" type="float"/></accessor></technique_common>
      </source>
      <vertices id="vfx_kurp_1193-mesh-vertices"><input semantic="POSITION" source="#vfx_kurp_1193-mesh-positions"/></vertices>
      <triangles material="PreviewMaterial" count="768">
        <input semantic="VERTEX" source="#vfx_kurp_1193-mesh-vertices" offset="0"/>
        <input semantic="NORMAL" source="#vfx_kurp_1193-mesh-normals" offset="1"/>
        <input semantic="TEXCOORD" source="#vfx_kurp_1193-mesh-uv0" offset="2" set="0"/>
        <p>0 0 0 1 1 1 2 2 2 3 3 3 2 2 2 1 1 1 4 4 4 5 5 5 6 6 6 7 7 7 6 6 6 5 5 5 8 8 8 9 9 9 10 10 10 11 11 11 10 10 10 9 9 9 12 12 12 13 13 13 14 14 14 15 15 15 14 14 14 13 13 13 16 16 16 17 17 17 18 18 18 19 19 19 18 18 18 17 17 17 20 20 20 21 21 21 22 22 22 23 23 23 22 22 22 21 21 21 24 24 24 25 25 25 26 26 26 27 27 27 26 26 26 25 25 25 28 28 28 29 29 29 30 30 30 31 31 31 30 30 30 29 29 29 32 32 32 33 33 33 34 34 34 35 35 35 34 34 34 33 33 33 36 36 36 37 37 37 38 38 38 39 39 39 38 38 38 37 37 37 40 40 40 41 41 41 42 42 42 43 43 43 42 42 42 41 41 41 44 44 44 45 45 45 46 46 46 47 47 47 46 46 46 45 45 45 48 48 48 49 49 49 50 50 50 51 51 51 50 50 50 49 49 49 52 52 52 53 53 53 54 54 54 55 55 55 54 54 54 53 53 53 56 56 56 57 57 57 58 58 58 59 59 59 58 58 58 57 57 57 60 60 60 61 61 61 62 62 62 63 63 63 62 62 62 61 61 61 64 64 64 65 65 65 66 66 66 67 67 67 66 66 66 65 65 65 68 68 68 69 69 69 70 70 70 71 71 71 70 70 70 69 69 69 72 72 72 73 73 73 74 74 74 75 75 75 74 74 74 73 73 73 76 76 76 77 77 77 78 78 78 79 79 79 78 78 78 77 77 77 80 80 80 81 81 81 82 82 82 83 83 83 82 82 82 81 81 81 84 84 84 85 85 85 86 86 86 87 87 87 86 86 86 85 85 85 88 88 88 89 89 89 90 90 90 91 91 91 90 90 90 89 89 89 92 92 92 93 93 93 94 94 94 95 95 95 94 94 94 93 93 93 96 96 96 97 97 97 98 98 98 99 99 99 98 98 98 97 97 97 100 100 100 101 101 101 102 102 102 103 103 103 102 102 102 101 101 101 104 104 104 105 105 105 106 106 106 107 107 107 106 106 106 105 105 105 108 108 108 109 109 109 110 110 110 111 111 111 110 110 110 109 109 109 112 112 112 113 113 113 114 114 114 115 115 115 114 114 114 113 113 113 116 116 116 117 117 117 118 118 118 119 119 119 118 118 118 117 117 117 120 120 120 121 121 121 122 122 122 123 123 123 122 122 122 121 121 121 124 124 124 125 125 125 126 126 126 127 127 127 126 126 126 125 125 125 128 128 128 129 129 129 130 130 130 131 131 131 130 130 130 129 129 129 132 132 132 133 133 133 134 134 134 135 135 135 134 134 134 133 133 133 136 136 136 137 137 137 138 138 138 139 139 139 138 138 138 137 137 137 140 140 140 141 141 141 142 142 142 143 143 143 142 142 142 141 141 141 144 144 144 145 145 145 146 146 146 147 147 147 146 146 146 145 145 145 148 148 148 149 149 149 150 150 150 151 151 151 150 150 150 149 149 149 152 152 152 153 153 153 154 154 154 155 155 155 154 154 154 153 153 153 156 156 156 157 157 157 158 158 158 159 159 159 158 158 158 157 157 157 160 160 160 161 161 161 162 162 162 163 163 163 162 162 162 161 161 161 164 164 164 165 165 165 166 166 166 167 167 167 166 166 166 165 165 165 168 168 168 169 169 169 170 170 170 171 171 171 170 170 170 169 169 169 172 172 172 173 173 173 174 174 174 175 175 175 174 174 174 173 173 173 176 176 176 177 177 177 178 178 178 179 179 179 178 178 178 177 177 177 180 180 180 181 181 181 182 182 182 183 183 183 182 182 182 181 181 181 184 184 184 185 185 185 186 186 186 187 187 187 186 186 186 185 185 185 188 188 188 189 189 189 190 190 190 191 191 191 190 190 190 189 189 189 192 192 192 193 193 193 194 194 194 195 195 195 194 194 194 193 193 193 196 196 196 197 197 197 198 198 198 199 199 199 198 198 198 197 197 197 200 200 200 201 201 201 202 202 202 203 203 203 202 202 202 201 201 201 204 204 204 205 205 205 206 206 206 207 207 207 206 206 206 205 205 205 208 208 208 209 209 209 210 210 210 211 211 211 210 210 210 209 209 209 212 212 212 213 213 213 214 214 214 215 215 215 214 214 214 213 213 213 216 216 216 217 217 217 218 218 218 219 219 219 218 218 218 217 217 217 220 220 220 221 221 221 222 222 222 223 223 223 222 222 222 221 221 221 224 224 224 225 225 225 226 226 226 227 227 227 226 226 226 225 225 225 228 228 228 229 229 229 230 230 230 231 231 231 230 230 230 229 229 229 232 232 232 233 233 233 234 234 234 235 235 235 234 234 234 233 233 233 236 236 236 237 237 237 238 238 238 239 239 239 238 238 238 237 237 237 240 240 240 241 241 241 242 242 242 243 243 243 242 242 242 241 241 241 244 244 244 245 245 245 246 246 246 247 247 247 246 246 246 245 245 245 248 248 248 249 249 249 250 250 250 251 251 251 250 250 250 249 249 249 252 252 252 253 253 253 254 254 254 255 255 255 254 254 254 253 253 253 256 256 256 257 257 257 258 258 258 259 259 259 258 258 258 257 257 257 260 260 260 261 261 261 262 262 262 263 263 263 262 262 262 261 261 261 264 264 264 265 265 265 266 266 266 267 267 267 266 266 266 265 265 265 268 268 268 269 269 269 270 270 270 271 271 271 270 270 270 269 269 269 272 272 272 273 273 273 274 274 274 275 275 275 274 274 274 273 273 273 276 276 276 277 277 277 278 278 278 279 279 279 278 278 278 277 277 277 280 280 280 281 281 281 282 282 282 283 283 283 282 282 282 281 281 281 284 284 284 285 285 285 286 286 286 287 287 287 286 286 286 285 285 285 288 288 288 289 289 289 290 290 290 291 291 291 290 290 290 289 289 289 292 292 292 293 293 293 294 294 294 295 295 295 294 294 294 293 293 293 296 296 296 297 297 297 298 298 298 299 299 299 298 298 298 297 297 297 300 300 300 301 301 301 302 302 302 303 303 303 302 302 302 301 301 301 304 304 304 305 305 305 306 306 306 307 307 307 306 306 306 305 305 305 308 308 308 309 309 309 310 310 310 311 311 311 310 310 310 309 309 309 312 312 312 313 313 313 314 314 314 315 315 315 314 314 314 313 313 313 316 316 316 317 317 317 318 318 318 319 319 319 318 318 318 317 317 317 320 320 320 321 321 321 322 322 322 323 323 323 322 322 322 321 321 321 324 324 324 325 325 325 326 326 326 327 327 327 326 326 326 325 325 325 328 328 328 329 329 329 330 330 330 331 331 331 330 330 330 329 329 329 332 332 332 333 333 333 334 334 334 335 335 335 334 334 334 333 333 333 336 336 336 337 337 337 338 338 338 339 339 339 338 338 338 337 337 337 340 340 340 341 341 341 342 342 342 343 343 343 342 342 342 341 341 341 344 344 344 345 345 345 346 346 346 347 347 347 346 346 346 345 345 345 348 348 348 349 349 349 350 350 350 351 351 351 350 350 350 349 349 349 352 352 352 353 353 353 354 354 354 355 355 355 354 354 354 353 353 353 356 356 356 357 357 357 358 358 358 359 359 359 358 358 358 357 357 357 360 360 360 361 361 361 362 362 362 363 363 363 362 362 362 361 361 361 364 364 364 365 365 365 366 366 366 367 367 367 366 366 366 365 365 365 368 368 368 369 369 369 370 370 370 371 371 371 370 370 370 369 369 369 372 372 372 373 373 373 374 374 374 375 375 375 374 374 374 373 373 373 376 376 376 377 377 377 378 378 378 379 379 379 378 378 378 377 377 377 380 380 380 381 381 381 382 382 382 383 383 383 382 382 382 381 381 381 384 384 384 385 385 385 386 386 386 387 387 387 386 386 386 385 385 385 388 388 388 389 389 389 390 390 390 391 391 391 390 390 390 389 389 389 392 392 392 393 393 393 394 394 394 395 395 395 394 394 394 393 393 393 396 396 396 397 397 397 398 398 398 399 399 399 398 398 398 397 397 397 400 400 400 401 401 401 402 402 402 403 403 403 402 402 402 401 401 401 404 404 404 405 405 405 406 406 406 407 407 407 406 406 406 405 405 405 408 408 408 409 409 409 410 410 410 411 411 411 410 410 410 409 409 409 412 412 412 413 413 413 414 414 414 415 415 415 414 414 414 413 413 413 416 416 416 417 417 417 418 418 418 419 419 419 418 418 418 417 417 417 420 420 420 421 421 421 422 422 422 423 423 423 422 422 422 421 421 421 424 424 424 425 425 425 426 426 426 427 427 427 426 426 426 425 425 425 428 428 428 429 429 429 430 430 430 431 431 431 430 430 430 429 429 429 432 432 432 433 433 433 434 434 434 435 435 435 434 434 434 433 433 433 436 436 436 437 437 437 438 438 438 439 439 439 438 438 438 437 437 437 440 440 440 441 441 441 442 442 442 443 443 443 442 442 442 441 441 441 444 444 444 445 445 445 446 446 446 447 447 447 446 446 446 445 445 445 448 448 448 449 449 449 450 450 450 451 451 451 450 450 450 449 449 449 452 452 452 453 453 453 454 454 454 455 455 455 454 454 454 453 453 453 456 456 456 457 457 457 458 458 458 459 459 459 458 458 458 457 457 457 460 460 460 461 461 461 462 462 462 463 463 463 462 462 462 461 461 461 464 464 464 465 465 465 466 466 466 467 467 467 466 466 466 465 465 465 468 468 468 469 469 469 470 470 470 471 471 471 470 470 470 469 469 469 472 472 472 473 473 473 474 474 474 475 475 475 474 474 474 473 473 473 476 476 476 477 477 477 478 478 478 479 479 479 478 478 478 477 477 477 480 480 480 481 481 481 482 482 482 483 483 483 482 482 482 481 481 481 484 484 484 485 485 485 486 486 486 487 487 487 486 486 486 485 485 485 488 488 488 489 489 489 490 490 490 491 491 491 490 490 490 489 489 489 492 492 492 493 493 493 494 494 494 495 495 495 494 494 494 493 493 493 496 496 496 497 497 497 498 498 498 499 499 499 498 498 498 497 497 497 500 500 500 501 501 501 502 502 502 503 503 503 502 502 502 501 501 501 504 504 504 505 505 505 506 506 506 507 507 507 506 506 506 505 505 505 508 508 508 509 509 509 510 510 510 511 511 511 510 510 510 509 509 509 512 512 512 513 513 513 514 514 514 515 515 515 514 514 514 513 513 513 516 516 516 517 517 517 518 518 518 519 519 519 518 518 518 517 517 517 520 520 520 521 521 521 522 522 522 523 523 523 522 522 522 521 521 521 524 524 524 525 525 525 526 526 526 527 527 527 526 526 526 525 525 525 528 528 528 529 529 529 530 530 530 531 531 531 530 530 530 529 529 529 532 532 532 533 533 533 534 534 534 535 535 535 534 534 534 533 533 533 536 536 536 537 537 537 538 538 538 539 539 539 538 538 538 537 537 537 540 540 540 541 541 541 542 542 542 543 543 543 542 542 542 541 541 541 544 544 544 545 545 545 546 546 546 547 547 547 546 546 546 545 545 545 548 548 548 549 549 549 550 550 550 551 551 551 550 550 550 549 549 549 552 552 552 553 553 553 554 554 554 555 555 555 554 554 554 553 553 553 556 556 556 557 557 557 558 558 558 559 559 559 558 558 558 557 557 557 560 560 560 561 561 561 562 562 562 563 563 563 562 562 562 561 561 561 564 564 564 565 565 565 566 566 566 567 567 567 566 566 566 565 565 565 568 568 568 569 569 569 570 570 570 571 571 571 570 570 570 569 569 569 572 572 572 573 573 573 574 574 574 575 575 575 574 574 574 573 573 573 576 576 576 577 577 577 578 578 578 579 579 579 578 578 578 577 577 577 580 580 580 581 581 581 582 582 582 583 583 583 582 582 582 581 581 581 584 584 584 585 585 585 586 586 586 587 587 587 586 586 586 585 585 585 588 588 588 589 589 589 590 590 590 591 591 591 590 590 590 589 589 589 592 592 592 593 593 593 594 594 594 595 595 595 594 594 594 593 593 593 596 596 596 597 597 597 598 598 598 599 599 599 598 598 598 597 597 597 600 600 600 601 601 601 602 602 602 603 603 603 602 602 602 601 601 601 604 604 604 605 605 605 606 606 606 607 607 607 606 606 606 605 605 605 608 608 608 609 609 609 610 610 610 611 611 611 610 610 610 609 609 609 612 612 612 613 613 613 614 614 614 615 615 615 614 614 614 613 613 613 616 616 616 617 617 617 618 618 618 619 619 619 618 618 618 617 617 617 620 620 620 621 621 621 622 622 622 623 623 623 622 622 622 621 621 621 624 624 624 625 625 625 626 626 626 627 627 627 626 626 626 625 625 625 628 628 628 629 629 629 630 630 630 631 631 631 630 630 630 629 629 629 632 632 632 633 633 633 634 634 634 635 635 635 634 634 634 633 633 633 636 636 636 637 637 637 638 638 638 639 639 639 638 638 638 637 637 637 640 640 640 641 641 641 642 642 642 643 643 643 642 642 642 641 641 641 644 644 644 645 645 645 646 646 646 647 647 647 646 646 646 645 645 645 648 648 648 649 649 649 650 650 650 651 651 651 650 650 650 649 649 649 652 652 652 653 653 653 654 654 654 655 655 655 654 654 654 653 653 653 656 656 656 657 657 657 658 658 658 659 659 659 658 658 658 657 657 657 660 660 660 661 661 661 662 662 662 663 663 663 662 662 662 661 661 661 664 664 664 665 665 665 666 666 666 667 667 667 666 666 666 665 665 665 668 668 668 669 669 669 670 670 670 671 671 671 670 670 670 669 669 669 672 672 672 673 673 673 674 674 674 675 675 675 674 674 674 673 673 673 676 676 676 677 677 677 678 678 678 679 679 679 678 678 678 677 677 677 680 680 680 681 681 681 682 682 682 683 683 683 682 682 682 681 681 681 684 684 684 685 685 685 686 686 686 687 687 687 686 686 686 685 685 685 688 688 688 689 689 689 690 690 690 691 691 691 690 690 690 689 689 689 692 692 692 693 693 693 694 694 694 695 695 695 694 694 694 693 693 693 696 696 696 697 697 697 698 698 698 699 699 699 698 698 698 697 697 697 700 700 700 701 701 701 702 702 702 703 703 703 702 702 702 701 701 701 704 704 704 705 705 705 706 706 706 707 707 707 706 706 706 705 705 705 708 708 708 709 709 709 710 710 710 711 711 711 710 710 710 709 709 709 712 712 712 713 713 713 714 714 714 715 715 715 714 714 714 713 713 713 716 716 716 717 717 717 718 718 718 719 719 719 718 718 718 717 717 717 720 720 720 721 721 721 722 722 722 723 723 723 722 722 722 721 721 721 724 724 724 725 725 725 726 726 726 727 727 727 726 726 726 725 725 725 728 728 728 729 729 729 730 730 730 731 731 731 730 730 730 729 729 729 732 732 732 733 733 733 734 734 734 735 735 735 734 734 734 733 733 733 736 736 736 737 737 737 738 738 738 739 739 739 738 738 738 737 737 737 740 740 740 741 741 741 742 742 742 743 743 743 742 742 742 741 741 741 744 744 744 745 745 745 746 746 746 747 747 747 746 746 746 745 745 745 748 748 748 749 749 749 750 750 750 751 751 751 750 750 750 749 749 749 752 752 752 753 753 753 754 754 754 755 755 755 754 754 754 753 753 753 756 756 756 757 757 757 758 758 758 759 759 759 758 758 758 757 757 757 760 760 760 761 761 761 762 762 762 763 763 763 762 762 762 761 761 761 764 764 764 765 765 765 766 766 766 767 767 767 766 766 766 765 765 765 768 768 768 769 769 769 770 770 770 771 771 771 770 770 770 769 769 769 772 772 772 773 773 773 774 774 774 775 775 775 774 774 774 773 773 773 776 776 776 777 777 777 778 778 778 779 779 779 778 778 778 777 777 777 780 780 780 781 781 781 782 782 782 783 783 783 782 782 782 781 781 781 784 784 784 785 785 785 786 786 786 787 787 787 786 786 786 785 785 785 788 788 788 789 789 789 790 790 790 791 791 791 790 790 790 789 789 789 792 792 792 793 793 793 794 794 794 795 795 795 794 794 794 793 793 793 796 796 796 797 797 797 798 798 798 799 799 799 798 798 798 797 797 797 800 800 800 801 801 801 802 802 802 803 803 803 802 802 802 801 801 801 804 804 804 805 805 805 806 806 806 807 807 807 806 806 806 805 805 805 808 808 808 809 809 809 810 810 810 811 811 811 810 810 810 809 809 809 812 812 812 813 813 813 814 814 814 815 815 815 814 814 814 813 813 813 816 816 816 817 817 817 818 818 818 819 819 819 818 818 818 817 817 817 820 820 820 821 821 821 822 822 822 823 823 823 822 822 822 821 821 821 824 824 824 825 825 825 826 826 826 827 827 827 826 826 826 825 825 825 828 828 828 829 829 829 830 830 830 831 831 831 830 830 830 829 829 829 832 832 832 833 833 833 834 834 834 835 835 835 834 834 834 833 833 833 836 836 836 837 837 837 838 838 838 839 839 839 838 838 838 837 837 837 840 840 840 841 841 841 842 842 842 843 843 843 842 842 842 841 841 841 844 844 844 845 845 845 846 846 846 847 847 847 846 846 846 845 845 845 848 848 848 849 849 849 850 850 850 851 851 851 850 850 850 849 849 849 852 852 852 853 853 853 854 854 854 855 855 855 854 854 854 853 853 853 856 856 856 857 857 857 858 858 858 859 859 859 858 858 858 857 857 857 860 860 860 861 861 861 862 862 862 863 863 863 862 862 862 861 861 861 864 864 864 865 865 865 866 866 866 867 867 867 866 866 866 865 865 865 868 868 868 869 869 869 870 870 870 871 871 871 870 870 870 869 869 869 872 872 872 873 873 873 874 874 874 875 875 875 874 874 874 873 873 873 876 876 876 877 877 877 878 878 878 879 879 879 878 878 878 877 877 877 880 880 880 881 881 881 882 882 882 883 883 883 882 882 882 881 881 881 884 884 884 885 885 885 886 886 886 887 887 887 886 886 886 885 885 885 888 888 888 889 889 889 890 890 890 891 891 891 890 890 890 889 889 889 892 892 892 893 893 893 894 894 894 895 895 895 894 894 894 893 893 893 896 896 896 897 897 897 898 898 898 899 899 899 898 898 898 897 897 897 900 900 900 901 901 901 902 902 902 903 903 903 902 902 902 901 901 901 904 904 904 905 905 905 906 906 906 907 907 907 906 906 906 905 905 905 908 908 908 909 909 909 910 910 910 911 911 911 910 910 910 909 909 909 912 912 912 913 913 913 914 914 914 915 915 915 914 914 914 913 913 913 916 916 916 917 917 917 918 918 918 919 919 919 918 918 918 917 917 917 920 920 920 921 921 921 922 922 922 923 923 923 922 922 922 921 921 921 924 924 924 925 925 925 926 926 926 927 927 927 926 926 926 925 925 925 928 928 928 929 929 929 930 930 930 931 931 931 930 930 930 929 929 929 932 932 932 933 933 933 934 934 934 935 935 935 934 934 934 933 933 933 936 936 936 937 937 937 938 938 938 939 939 939 938 938 938 937 937 937 940 940 940 941 941 941 942 942 942 943 943 943 942 942 942 941 941 941 944 944 944 945 945 945 946 946 946 947 947 947 946 946 946 945 945 945 948 948 948 949 949 949 950 950 950 951 951 951 950 950 950 949 949 949 952 952 952 953 953 953 954 954 954 955 955 955 954 954 954 953 953 953 956 956 956 957 957 957 958 958 958 959 959 959 958 958 958 957 957 957 960 960 960 961 961 961 962 962 962 963 963 963 962 962 962 961 961 961 964 964 964 965 965 965 966 966 966 967 967 967 966 966 966 965 965 965 968 968 968 969 969 969 970 970 970 971 971 971 970 970 970 969 969 969 972 972 972 973 973 973 974 974 974 975 975 975 974 974 974 973 973 973 976 976 976 977 977 977 978 978 978 979 979 979 978 978 978 977 977 977 980 980 980 981 981 981 982 982 982 983 983 983 982 982 982 981 981 981 984 984 984 985 985 985 986 986 986 987 987 987 986 986 986 985 985 985 988 988 988 989 989 989 990 990 990 991 991 991 990 990 990 989 989 989 992 992 992 993 993 993 994 994 994 995 995 995 994 994 994 993 993 993 996 996 996 997 997 997 998 998 998 999 999 999 998 998 998 997 997 997 1000 1000 1000 1001 1001 1001 1002 1002 1002 1003 1003 1003 1002 1002 1002 1001 1001 1001 1004 1004 1004 1005 1005 1005 1006 1006 1006 1007 1007 1007 1006 1006 1006 1005 1005 1005 1008 1008 1008 1009 1009 1009 1010 1010 1010 1011 1011 1011 1010 1010 1010 1009 1009 1009 1012 1012 1012 1013 1013 1013 1014 1014 1014 1015 1015 1015 1014 1014 1014 1013 1013 1013 1016 1016 1016 1017 1017 1017 1018 1018 1018 1019 1019 1019 1018 1018 1018 1017 1017 1017 1020 1020 1020 1021 1021 1021 1022 1022 1022 1023 1023 1023 1022 1022 1022 1021 1021 1021 1024 1024 1024 1025 1025 1025 1026 1026 1026 1027 1027 1027 1026 1026 1026 1025 1025 1025 1028 1028 1028 1029 1029 1029 1030 1030 1030 1031 1031 1031 1030 1030 1030 1029 1029 1029 1032 1032 1032 1033 1033 1033 1034 1034 1034 1035 1035 1035 1034 1034 1034 1033 1033 1033 1036 1036 1036 1037 1037 1037 1038 1038 1038 1039 1039 1039 1038 1038 1038 1037 1037 1037 1040 1040 1040 1041 1041 1041 1042 1042 1042 1043 1043 1043 1042 1042 1042 1041 1041 1041 1044 1044 1044 1045 1045 1045 1046 1046 1046 1047 1047 1047 1046 1046 1046 1045 1045 1045 1048 1048 1048 1049 1049 1049 1050 1050 1050 1051 1051 1051 1050 1050 1050 1049 1049 1049 1052 1052 1052 1053 1053 1053 1054 1054 1054 1055 1055 1055 1054 1054 1054 1053 1053 1053 1056 1056 1056 1057 1057 1057 1058 1058 1058 1059 1059 1059 1058 1058 1058 1057 1057 1057 1060 1060 1060 1061 1061 1061 1062 1062 1062 1063 1063 1063 1062 1062 1062 1061 1061 1061 1064 1064 1064 1065 1065 1065 1066 1066 1066 1067 1067 1067 1066 1066 1066 1065 1065 1065 1068 1068 1068 1069 1069 1069 1070 1070 1070 1071 1071 1071 1070 1070 1070 1069 1069 1069 1072 1072 1072 1073 1073 1073 1074 1074 1074 1075 1075 1075 1074 1074 1074 1073 1073 1073 1076 1076 1076 1077 1077 1077 1078 1078 1078 1079 1079 1079 1078 1078 1078 1077 1077 1077 1080 1080 1080 1081 1081 1081 1082 1082 1082 1083 1083 1083 1082 1082 1082 1081 1081 1081 1084 1084 1084 1085 1085 1085 1086 1086 1086 1087 1087 1087 1086 1086 1086 1085 1085 1085 1088 1088 1088 1089 1089 1089 1090 1090 1090 1091 1091 1091 1090 1090 1090 1089 1089 1089 1092 1092 1092 1093 1093 1093 1094 1094 1094 1095 1095 1095 1094 1094 1094 1093 1093 1093 1096 1096 1096 1097 1097 1097 1098 1098 1098 1099 1099 1099 1098 1098 1098 1097 1097 1097 1100 1100 1100 1101 1101 1101 1102 1102 1102 1103 1103 1103 1102 1102 1102 1101 1101 1101 1104 1104 1104 1105 1105 1105 1106 1106 1106 1107 1107 1107 1106 1106 1106 1105 1105 1105 1108 1108 1108 1109 1109 1109 1110 1110 1110 1111 1111 1111 1110 1110 1110 1109 1109 1109 1112 1112 1112 1113 1113 1113 1114 1114 1114 1115 1115 1115 1114 1114 1114 1113 1113 1113 1116 1116 1116 1117 1117 1117 1118 1118 1118 1119 1119 1119 1118 1118 1118 1117 1117 1117 1120 1120 1120 1121 1121 1121 1122 1122 1122 1123 1123 1123 1122 1122 1122 1121 1121 1121 1124 1124 1124 1125 1125 1125 1126 1126 1126 1127 1127 1127 1126 1126 1126 1125 1125 1125 1128 1128 1128 1129 1129 1129 1130 1130 1130 1131 1131 1131 1130 1130 1130 1129 1129 1129 1132 1132 1132 1133 1133 1133 1134 1134 1134 1135 1135 1135 1134 1134 1134 1133 1133 1133 1136 1136 1136 1137 1137 1137 1138 1138 1138 1139 1139 1139 1138 1138 1138 1137 1137 1137 1140 1140 1140 1141 1141 1141 1142 1142 1142 1143 1143 1143 1142 1142 1142 1141 1141 1141 1144 1144 1144 1145 1145 1145 1146 1146 1146 1147 1147 1147 1146 1146 1146 1145 1145 1145 1148 1148 1148 1149 1149 1149 1150 1150 1150 1151 1151 1151 1150 1150 1150 1149 1149 1149 1152 1152 1152 1153 1153 1153 1154 1154 1154 1155 1155 1155 1154 1154 1154 1153 1153 1153 1156 1156 1156 1157 1157 1157 1158 1158 1158 1159 1159 1159 1158 1158 1158 1157 1157 1157 1160 1160 1160 1161 1161 1161 1162 1162 1162 1163 1163 1163 1162 1162 1162 1161 1161 1161 1164 1164 1164 1165 1165 1165 1166 1166 1166 1167 1167 1167 1166 1166 1166 1165 1165 1165 1168 1168 1168 1169 1169 1169 1170 1170 1170 1171 1171 1171 1170 1170 1170 1169 1169 1169 1172 1172 1172 1173 1173 1173 1174 1174 1174 1175 1175 1175 1174 1174 1174 1173 1173 1173 1176 1176 1176 1177 1177 1177 1178 1178 1178 1179 1179 1179 1178 1178 1178 1177 1177 1177 1180 1180 1180 1181 1181 1181 1182 1182 1182 1183 1183 1183 1182 1182 1182 1181 1181 1181 1184 1184 1184 1185 1185 1185 1186 1186 1186 1187 1187 1187 1186 1186 1186 1185 1185 1185 1188 1188 1188 1189 1189 1189 1190 1190 1190 1191 1191 1191 1190 1190 1190 1189 1189 1189 1192 1192 1192 1193 1193 1193 1194 1194 1194 1195 1195 1195 1194 1194 1194 1193 1193 1193 1196 1196 1196 1197 1197 1197 1198 1198 1198 1199 1199 1199 1198 1198 1198 1197 1197 1197 1200 1200 1200 1201 1201 1201 1202 1202 1202 1203 1203 1203 1202 1202 1202 1201 1201 1201 1204 1204 1204 1205 1205 1205 1206 1206 1206 1207 1207 1207 1206 1206 1206 1205 1205 1205 1208 1208 1208 1209 1209 1209 1210 1210 1210 1211 1211 1211 1210 1210 1210 1209 1209 1209 1212 1212 1212 1213 1213 1213 1214 1214 1214 1215 1215 1215 1214 1214 1214 1213 1213 1213 1216 1216 1216 1217 1217 1217 1218 1218 1218 1219 1219 1219 1218 1218 1218 1217 1217 1217 1220 1220 1220 1221 1221 1221 1222 1222 1222 1223 1223 1223 1222 1222 1222 1221 1221 1221 1224 1224 1224 1225 1225 1225 1226 1226 1226 1227 1227 1227 1226 1226 1226 1225 1225 1225 1228 1228 1228 1229 1229 1229 1230 1230 1230 1231 1231 1231 1230 1230 1230 1229 1229 1229 1232 1232 1232 1233 1233 1233 1234 1234 1234 1235 1235 1235 1234 1234 1234 1233 1233 1233 1236 1236 1236 1237 1237 1237 1238 1238 1238 1239 1239 1239 1238 1238 1238 1237 1237 1237 1240 1240 1240 1241 1241 1241 1242 1242 1242 1243 1243 1243 1242 1242 1242 1241 1241 1241 1244 1244 1244 1245 1245 1245 1246 1246 1246 1247 1247 1247 1246 1246 1246 1245 1245 1245 1248 1248 1248 1249 1249 1249 1250 1250 1250 1251 1251 1251 1250 1250 1250 1249 1249 1249 1252 1252 1252 1253 1253 1253 1254 1254 1254 1255 1255 1255 1254 1254 1254 1253 1253 1253 1256 1256 1256 1257 1257 1257 1258 1258 1258 1259 1259 1259 1258 1258 1258 1257 1257 1257 1260 1260 1260 1261 1261 1261 1262 1262 1262 1263 1263 1263 1262 1262 1262 1261 1261 1261 1264 1264 1264 1265 1265 1265 1266 1266 1266 1267 1267 1267 1266 1266 1266 1265 1265 1265 1268 1268 1268 1269 1269 1269 1270 1270 1270 1271 1271 1271 1270 1270 1270 1269 1269 1269 1272 1272 1272 1273 1273 1273 1274 1274 1274 1275 1275 1275 1274 1274 1274 1273 1273 1273 1276 1276 1276 1277 1277 1277 1278 1278 1278 1279 1279 1279 1278 1278 1278 1277 1277 1277 1280 1280 1280 1281 1281 1281 1282 1282 1282 1283 1283 1283 1282 1282 1282 1281 1281 1281 1284 1284 1284 1285 1285 1285 1286 1286 1286 1287 1287 1287 1286 1286 1286 1285 1285 1285 1288 1288 1288 1289 1289 1289 1290 1290 1290 1291 1291 1291 1290 1290 1290 1289 1289 1289 1292 1292 1292 1293 1293 1293 1294 1294 1294 1295 1295 1295 1294 1294 1294 1293 1293 1293 1296 1296 1296 1297 1297 1297 1298 1298 1298 1299 1299 1299 1298 1298 1298 1297 1297 1297 1300 1300 1300 1301 1301 1301 1302 1302 1302 1303 1303 1303 1302 1302 1302 1301 1301 1301 1304 1304 1304 1305 1305 1305 1306 1306 1306 1307 1307 1307 1306 1306 1306 1305 1305 1305 1308 1308 1308 1309 1309 1309 1310 1310 1310 1311 1311 1311 1310 1310 1310 1309 1309 1309 1312 1312 1312 1313 1313 1313 1314 1314 1314 1315 1315 1315 1314 1314 1314 1313 1313 1313 1316 1316 1316 1317 1317 1317 1318 1318 1318 1319 1319 1319 1318 1318 1318 1317 1317 1317 1320 1320 1320 1321 1321 1321 1322 1322 1322 1323 1323 1323 1322 1322 1322 1321 1321 1321 1324 1324 1324 1325 1325 1325 1326 1326 1326 1327 1327 1327 1326 1326 1326 1325 1325 1325 1328 1328 1328 1329 1329 1329 1330 1330 1330 1331 1331 1331 1330 1330 1330 1329 1329 1329 1332 1332 1332 1333 1333 1333 1334 1334 1334 1335 1335 1335 1334 1334 1334 1333 1333 1333 1336 1336 1336 1337 1337 1337 1338 1338 1338 1339 1339 1339 1338 1338 1338 1337 1337 1337 1340 1340 1340 1341 1341 1341 1342 1342 1342 1343 1343 1343 1342 1342 1342 1341 1341 1341 1344 1344 1344 1345 1345 1345 1346 1346 1346 1347 1347 1347 1346 1346 1346 1345 1345 1345 1348 1348 1348 1349 1349 1349 1350 1350 1350 1351 1351 1351 1350 1350 1350 1349 1349 1349 1352 1352 1352 1353 1353 1353 1354 1354 1354 1355 1355 1355 1354 1354 1354 1353 1353 1353 1356 1356 1356 1357 1357 1357 1358 1358 1358 1359 1359 1359 1358 1358 1358 1357 1357 1357 1360 1360 1360 1361 1361 1361 1362 1362 1362 1363 1363 1363 1362 1362 1362 1361 1361 1361 1364 1364 1364 1365 1365 1365 1366 1366 1366 1367 1367 1367 1366 1366 1366 1365 1365 1365 1368 1368 1368 1369 1369 1369 1370 1370 1370 1371 1371 1371 1370 1370 1370 1369 1369 1369 1372 1372 1372 1373 1373 1373 1374 1374 1374 1375 1375 1375 1374 1374 1374 1373 1373 1373 1376 1376 1376 1377 1377 1377 1378 1378 1378 1379 1379 1379 1378 1378 1378 1377 1377 1377 1380 1380 1380 1381 1381 1381 1382 1382 1382 1383 1383 1383 1382 1382 1382 1381 1381 1381 1384 1384 1384 1385 1385 1385 1386 1386 1386 1387 1387 1387 1386 1386 1386 1385 1385 1385 1388 1388 1388 1389 1389 1389 1390 1390 1390 1391 1391 1391 1390 1390 1390 1389 1389 1389 1392 1392 1392 1393 1393 1393 1394 1394 1394 1395 1395 1395 1394 1394 1394 1393 1393 1393 1396 1396 1396 1397 1397 1397 1398 1398 1398 1399 1399 1399 1398 1398 1398 1397 1397 1397 1400 1400 1400 1401 1401 1401 1402 1402 1402 1403 1403 1403 1402 1402 1402 1401 1401 1401 1404 1404 1404 1405 1405 1405 1406 1406 1406 1407 1407 1407 1406 1406 1406 1405 1405 1405 1408 1408 1408 1409 1409 1409 1410 1410 1410 1411 1411 1411 1410 1410 1410 1409 1409 1409 1412 1412 1412 1413 1413 1413 1414 1414 1414 1415 1415 1415 1414 1414 1414 1413 1413 1413 1416 1416 1416 1417 1417 1417 1418 1418 1418 1419 1419 1419 1418 1418 1418 1417 1417 1417 1420 1420 1420 1421 1421 1421 1422 1422 1422 1423 1423 1423 1422 1422 1422 1421 1421 1421 1424 1424 1424 1425 1425 1425 1426 1426 1426 1427 1427 1427 1426 1426 1426 1425 1425 1425 1428 1428 1428 1429 1429 1429 1430 1430 1430 1431 1431 1431 1430 1430 1430 1429 1429 1429 1432 1432 1432 1433 1433 1433 1434 1434 1434 1435 1435 1435 1434 1434 1434 1433 1433 1433 1436 1436 1436 1437 1437 1437 1438 1438 1438 1439 1439 1439 1438 1438 1438 1437 1437 1437 1440 1440 1440 1441 1441 1441 1442 1442 1442 1443 1443 1443 1442 1442 1442 1441 1441 1441 1444 1444 1444 1445 1445 1445 1446 1446 1446 1447 1447 1447 1446 1446 1446 1445 1445 1445 1448 1448 1448 1449 1449 1449 1450 1450 1450 1451 1451 1451 1450 1450 1450 1449 1449 1449 1452 1452 1452 1453 1453 1453 1454 1454 1454 1455 1455 1455 1454 1454 1454 1453 1453 1453 1456 1456 1456 1457 1457 1457 1458 1458 1458 1459 1459 1459 1458 1458 1458 1457 1457 1457 1460 1460 1460 1461 1461 1461 1462 1462 1462 1463 1463 1463 1462 1462 1462 1461 1461 1461 1464 1464 1464 1465 1465 1465 1466 1466 1466 1467 1467 1467 1466 1466 1466 1465 1465 1465 1468 1468 1468 1469 1469 1469 1470 1470 1470 1471 1471 1471 1470 1470 1470 1469 1469 1469 1472 1472 1472 1473 1473 1473 1474 1474 1474 1475 1475 1475 1474 1474 1474 1473 1473 1473 1476 1476 1476 1477 1477 1477 1478 1478 1478 1479 1479 1479 1478 1478 1478 1477 1477 1477 1480 1480 1480 1481 1481 1481 1482 1482 1482 1483 1483 1483 1482 1482 1482 1481 1481 1481 1484 1484 1484 1485 1485 1485 1486 1486 1486 1487 1487 1487 1486 1486 1486 1485 1485 1485 1488 1488 1488 1489 1489 1489 1490 1490 1490 1491 1491 1491 1490 1490 1490 1489 1489 1489 1492 1492 1492 1493 1493 1493 1494 1494 1494 1495 1495 1495 1494 1494 1494 1493 1493 1493 1496 1496 1496 1497 1497 1497 1498 1498 1498 1499 1499 1499 1498 1498 1498 1497 1497 1497 1500 1500 1500 1501 1501 1501 1502 1502 1502 1503 1503 1503 1502 1502 1502 1501 1501 1501 1504 1504 1504 1505 1505 1505 1506 1506 1506 1507 1507 1507 1506 1506 1506 1505 1505 1505 1508 1508 1508 1509 1509 1509 1510 1510 1510 1511 1511 1511 1510 1510 1510 1509 1509 1509 1512 1512 1512 1513 1513 1513 1514 1514 1514 1515 1515 1515 1514 1514 1514 1513 1513 1513 1516 1516 1516 1517 1517 1517 1518 1518 1518 1519 1519 1519 1518 1518 1518 1517 1517 1517 1520 1520 1520 1521 1521 1521 1522 1522 1522 1523 1523 1523 1522 1522 1522 1521 1521 1521 1524 1524 1524 1525 1525 1525 1526 1526 1526 1527 1527 1527 1526 1526 1526 1525 1525 1525 1528 1528 1528 1529 1529 1529 1530 1530 1530 1531 1531 1531 1530 1530 1530 1529 1529 1529 1532 1532 1532 1533 1533 1533 1534 1534 1534 1535 1535 1535 1534 1534 1534 1533 1533 1533</p>
      </triangles>
    </mesh></geometry>
  </library_geometries>
  <library_visual_scenes>
    <visual_scene id="Scene" name="Scene">
      <node id="vfx_kurp_1193" name="vfx_kurp_1193" type="NODE">
        <instance_geometry url="#vfx_kurp_1193-mesh"><bind_material><technique_common><instance_material symbol="PreviewMaterial" target="#PreviewMaterial"><bind_vertex_input semantic="UVSET0" input_semantic="TEXCOORD" input_set="0"/></instance_material></technique_common></bind_material></instance_geometry>
      </node>
    </visual_scene>
  </library_visual_scenes>
  <scene><instance_visual_scene url="#Scene"/></scene>
</COLLADA>
