<?xml version="1.0" encoding="utf-8"?>
<COLLADA xmlns="http://www.collada.org/2005/11/COLLADASchema" version="1.4.1">
  <asset>
    <contributor><authoring_tool>Morrobroom Kurpulio VFX preview converter</authoring_tool></contributor>
    <unit name="unit" meter="1"/>
    <up_axis>Z_UP</up_axis>
  </asset>
  <library_images>
    <image id="VFXTexture" name="darkmap_newgen-1.dds">
      <init_from>../../../Textures/Kurp/darkmap_newgen-1.dds</init_from>
    </image>
  </library_images>
  <library_effects>
    <effect id="PreviewEffect">
      <profile_COMMON>
        <newparam sid="VFXTexture-surface">
          <surface type="2D"><init_from>VFXTexture</init_from></surface>
        </newparam>
        <newparam sid="VFXTexture-sampler">
          <sampler2D><source>VFXTexture-surface</source></sampler2D>
        </newparam>
        <technique sid="common"><phong>
          <emission><color>0.08 0.08 0.08 1</color></emission>
          <ambient><color>0.2 0.2 0.2 1</color></ambient>
          <diffuse><texture texture="VFXTexture-sampler" texcoord="UVSET0"/></diffuse>
          <specular><color>0.15 0.15 0.15 1</color></specular>
          <shininess><float>8</float></shininess>
          <transparent opaque="A_ONE"><texture texture="VFXTexture-sampler" texcoord="UVSET0"/></transparent>
          <transparency><float>1</float></transparency>
        </phong></technique>
      </profile_COMMON>
      <extra><technique profile="GOOGLEEARTH"><double_sided>1</double_sided></technique></extra>
    </effect>
  </library_effects>
  <library_materials><material id="PreviewMaterial" name="PreviewMaterial"><instance_effect url="#PreviewEffect"/></material></library_materials>
  <library_geometries>
    <geometry id="vfx_kurp_0322-mesh" name="vfx_kurp_0322"><mesh>
      <source id="vfx_kurp_0322-mesh-positions">
        <float_array id="vfx_kurp_0322-mesh-positions-array" count="1800">0.346761499 -1.13837144 1.38054966 -6.14680067e-08 3.2508752e-07 1.5624712 3.04084433e-08 -1.19695443 1.38054967 0.588759512 -1.93281798 1.03587234 0.346761499 -1.13837144 1.38054966 1.03092246e-07 -2.03228496 1.03587225 3.04084433e-08 -1.19695443 1.38054967 1.03092246e-07 -2.03228496 1.03587225 3.04084433e-08 -1.19695443 1.38054967 -0.346761473 -1.13837144 1.38054966 -6.14680067e-08 3.2508752e-07 1.5624712 -0.346761473 -1.13837144 1.38054966 3.04084433e-08 -1.19695443 1.38054967 -6.14680067e-08 3.2508752e-07 1.5624712 -0.659579985 -0.968356697 1.38054953 -0.346761473 -1.13837144 1.38054966 -0.588759303 -1.93281798 1.03587224 -0.346761473 -1.13837144 1.38054966 -0.659579985 -0.968356697 1.38054953 -0.588759303 -1.93281798 1.03587224 1.59971817e-07 -2.6107101 0.630712823 1.03092246e-07 -2.03228496 1.03587225 -0.588759303 -1.93281798 1.03587224 1.03092246e-07 -2.03228496 1.03587225 1.59971817e-07 -2.6107101 0.630712823 0.588759512 -1.93281798 1.03587234 0.756331146 -2.48293285 0.630712854 0.588759512 -1.93281798 1.03587234 0.756331146 -2.48293285 0.630712854 1.11988764 -1.64415316 1.0358723 1.43862782 -2.1121089 0.630712846 1.11988764 -1.64415316 1.0358723 1.43862782 -2.1121089 0.630712846 1.54139334 -1.19454737 1.03587222 1.98010185 -1.53453717 0.630712804 1.54139334 -1.19454737 1.03587222 1.98010185 -1.53453717 0.630712804 1.81201661 -0.628010752 1.03587213 2.32774937 -0.806754114 0.630712737 1.81201661 -0.628010752 1.03587213 2.32774937 -0.806754114 0.630712737 1.90526703 -8.753391e-08 1.03587203 2.44754079 -2.54529065e-07 0.630712554 1.90526703 -8.753391e-08 1.03587203 2.44754079 -2.54529065e-07 0.630712554 1.81201702 0.628010516 1.03587192 2.32774979 0.806753537 0.630712422 1.81201702 0.628010516 1.03587192 2.32774979 0.806753537 0.630712422 1.54139376 1.19454718 1.03587173 1.98010206 1.53453654 0.630712252 -6.14680067e-08 3.2508752e-07 1.5624712 -0.907834217 -0.703552364 1.38054949 -0.659579985 -0.968356697 1.38054953 -1.11988753 -1.64415326 1.03587219 -0.659579985 -0.968356697 1.38054953 -0.907834217 -0.703552364 1.38054949 -1.11988753 -1.64415326 1.03587219 -0.756330833 -2.48293306 0.630712802 -0.588759303 -1.93281798 1.03587224 -1.11988753 -1.64415326 1.03587219 -0.756330833 -2.48293306 0.630712802 2.17203546e-07 -3.0690735 0.000592800786 1.59971817e-07 -2.6107101 0.630712823 -0.756330833 -2.48293306 0.630712802 1.59971817e-07 -2.6107101 0.630712823 2.17203546e-07 -3.0690735 0.000592800786 0.756331146 -2.48293285 0.630712854 0.889120713 -2.91886291 0.000592852456 0.756331146 -2.48293285 0.630712854 0.889120713 -2.91886291 0.000592852456 1.43862782 -2.1121089 0.630712846 1.6912086 -2.48293316 0.000592845761 1.43862782 -2.1121089 0.630712846 1.6912086 -2.48293316 0.000592845761 1.98010185 -1.53453717 0.630712804 2.32774916 -1.80395693 0.000592778739 1.98010185 -1.53453717 0.630712804 2.32774916 -1.80395693 0.000592778739 2.32774937 -0.806754114 0.630712737 2.73643383 -0.948396414 0.000592664256 2.32774937 -0.806754114 0.630712737 2.73643383 -0.948396414 0.000592664256 2.44754079 -2.54529065e-07 0.630712554 2.87725669 -4.46856919e-07 0.000592506483 2.44754079 -2.54529065e-07 0.630712554 2.87725669 -4.46856919e-07 0.000592506483 2.32774979 0.806753537 0.630712422 2.73643383 0.94839558 0.000592324824 -6.14680067e-08 3.2508752e-07 1.5624712 -1.0672233 -0.369879449 1.38054943 -0.907834217 -0.703552364 1.38054949 -1.54139324 -1.19454757 1.03587212 -0.907834217 -0.703552364 1.38054949 -1.0672233 -0.369879449 1.38054943 -1.54139324 -1.19454757 1.03587212 -1.43862762 -2.11210911 0.630712689 -1.11988753 -1.64415326 1.03587219 -1.54139324 -1.19454757 1.03587212 -1.43862762 -2.11210911 0.630712689 -0.889120191 -2.91886291 0.000592766127 -0.756330833 -2.48293306 0.630712802 -1.43862762 -2.11210911 0.630712689 -0.889120191 -2.91886291 0.000592766127 -6.14680067e-08 3.2508752e-07 1.5624712 -1.12214507 -7.37770269e-08 1.38054937 -1.0672233 -0.369879449 1.38054943 -1.81201661 -0.628011013 1.03587203 -1.0672233 -0.369879449 1.38054943 -1.12214507 -7.37770269e-08 1.38054937 -1.81201661 -0.628011013 1.03587203 -1.98010164 -1.53453748 0.630712647 -1.54139324 -1.19454757 1.03587212 -1.81201661 -0.628011013 1.03587203 -1.98010164 -1.53453748 0.630712647 -1.69120829 -2.48293337 0.000592681506 -1.43862762 -2.11210911 0.630712689 -1.98010164 -1.53453748 0.630712647 -1.43862762 -2.11210911 0.630712689 -1.69120829 -2.48293337 0.000592681506 -6.14680067e-08 3.2508752e-07 1.5624712 -1.0672235 0.369879351 1.38054931 -1.12214507 -7.37770269e-08 1.38054937 -1.90526724 -3.9440049e-07 1.03587182 -1.12214507 -7.37770269e-08 1.38054937 -1.0672235 0.369879351 1.38054931 -1.90526724 -3.9440049e-07 1.03587182 -2.32774937 -0.806754427 0.630712477 -1.81201661 -0.628011013 1.03587203 -1.90526724 -3.9440049e-07 1.03587182 -2.32774937 -0.806754427 0.630712477 -2.32774895 -1.80395713 0.000592552653 -1.98010164 -1.53453748 0.630712647 -2.32774937 -0.806754427 0.630712477 -2.32774895 -1.80395713 0.000592552653 -6.14680067e-08 3.2508752e-07 1.5624712 -0.90783453 0.703552292 1.38054926 -1.0672235 0.369879351 1.38054931 -1.81201702 0.628010255 1.03587182 -1.0672235 0.369879351 1.38054931 -0.90783453 0.703552292 1.38054926 -1.81201702 0.628010255 1.03587182 -2.44754079 -6.48735393e-07 0.630712293 -1.90526724 -3.9440049e-07 1.03587182 -1.81201702 0.628010255 1.03587182 -2.44754079 -6.48735393e-07 0.630712293 -2.73643363 -0.948396832 0.000592398495 -2.32774937 -0.806754427 0.630712477 -2.44754079 -6.48735393e-07 0.630712293 -2.73643363 -0.948396832 0.000592398495 -6.14680067e-08 3.2508752e-07 1.5624712 -0.659580506 0.968356834 1.38054921 -0.90783453 0.703552292 1.38054926 -1.54139397 1.19454708 1.03587162 -0.90783453 0.703552292 1.38054926 -0.659580506 0.968356834 1.38054921 -0.90783453 0.703552292 1.38054926 -1.54139397 1.19454708 1.03587162 -2.32775 0.806753224 0.630712214 -1.81201702 0.628010255 1.03587182 -1.54139397 1.19454708 1.03587162 -2.32775 0.806753224 0.630712214 -2.87725669 -9.10274187e-07 0.00059222697 -2.44754079 -6.48735393e-07 0.630712293 -2.32775 0.806753224 0.630712214 -2.87725669 -9.10274187e-07 0.00059222697 -6.14680067e-08 3.2508752e-07 1.5624712 -0.346762124 1.13837178 1.38054929 -0.659580506 0.968356834 1.38054921 -1.11988837 1.64415308 1.03587155 -0.659580506 0.968356834 1.38054921 -0.346762124 1.13837178 1.38054929 -1.11988837 1.64415308 1.03587155 -1.98010227 1.53453643 0.630712043 -1.54139397 1.19454708 1.03587162 -1.11988837 1.64415308 1.03587155 -1.98010227 1.53453643 0.630712043 -2.73643383 0.948395163 0.000592059011 -2.32775 0.806753224 0.630712214 -1.98010227 1.53453643 0.630712043 -2.73643383 0.948395163 0.000592059011 -2.32775 1.80395567 0.000591911575 -1.43862887 2.11210848 0.630712001 -2.32775 1.80395567 0.000591911575 -1.98010227 1.53453643 0.630712043 -1.69120975 2.48293233 0.000591796372 -0.756332293 2.48293285 0.630711889 -1.69120975 2.48293233 0.000591796372 -1.43862887 2.11210848 0.630712001 -1.98010227 1.53453643 0.630712043 -1.43862887 2.11210848 0.630712001 -0.588760398 1.9328181 1.0358715 -1.43862887 2.11210848 0.630712001 -1.11988837 1.64415308 1.03587155 -1.43862887 2.11210848 0.630712001 -0.756332293 2.48293285 0.630711889 -1.84595145e-07 2.03228529 1.03587159 -0.756332293 2.48293285 0.630711889 -0.588760398 1.9328181 1.0358715 -0.588760398 1.9328181 1.0358715 -1.3903078e-07 1.19695519 1.38054928 -0.588760398 1.9328181 1.0358715 -0.346762124 1.13837178 1.38054929 -0.588760398 1.9328181 1.0358715 -1.84595145e-07 2.03228529 1.03587159 0.588760033 1.9328181 1.03587161 -1.84595145e-07 2.03228529 1.03587159 -1.3903078e-07 1.19695519 1.38054928 1.54139376 1.19454718 1.03587173 1.98010206 1.53453654 0.630712252 1.11988805 1.64415329 1.03587166 1.43862855 2.1121089 0.630712105 1.11988805 1.64415329 1.03587166 1.43862855 2.1121089 0.630712105 0.588760033 1.9328181 1.03587161 0.756331876 2.48293285 0.630711993 0.588760033 1.9328181 1.03587161 0.756331876 2.48293285 0.630711993 -1.84595145e-07 2.03228529 1.03587159 -2.09596568e-07 2.61071031 0.630711868 -1.84595145e-07 2.03228529 1.03587159 -2.09596568e-07 2.61071031 0.630711868 -0.889121965 2.91886228 0.00059172372 -0.756332293 2.48293285 0.630711889 -2.09596568e-07 2.61071031 0.630711868 -0.756332293 2.48293285 0.630711889 -0.889121965 2.91886228 0.00059172372 2.32774979 0.806753537 0.630712422 2.73643383 0.94839558 0.000592324824 1.98010206 1.53453654 0.630712252 2.32774979 1.80395609 0.000592137661 1.98010206 1.53453654 0.630712252 2.32774979 1.80395609 0.000592137661 1.43862855 2.1121089 0.630712105 1.69120933 2.48293275 0.000591960627 1.43862855 2.1121089 0.630712105 1.69120933 2.48293275 0.000591960627 0.756331876 2.48293285 0.630711993 0.889121547 2.91886249 0.0005918101 0.756331876 2.48293285 0.630711993 0.889121547 2.91886249 0.0005918101 -2.09596568e-07 2.61071031 0.630711868 -2.1725015e-07 3.0690735 0.000591704392 -2.1725015e-07 3.0690735 0.000591704392 -0.346762124 1.13837178 1.38054929 -6.14680067e-08 3.2508752e-07 1.5624712 -1.3903078e-07 1.19695519 1.38054928 0.346761838 1.13837178 1.38054929 -1.3903078e-07 1.19695519 1.38054928 -6.14680067e-08 3.2508752e-07 1.5624712 -1.3903078e-07 1.19695519 1.38054928 0.346761838 1.13837178 1.38054929 1.11988805 1.64415329 1.03587166 0.346761838 1.13837178 1.38054929 -6.14680067e-08 3.2508752e-07 1.5624712 0.659580246 0.968356939 1.38054932 0.346761838 1.13837178 1.38054929 0.659580246 0.968356939 1.38054932 0.659580246 0.968356939 1.38054932 1.54139376 1.19454718 1.03587173 1.11988805 1.64415329 1.03587166 0.907834321 0.703552449 1.38054936 -6.14680067e-08 3.2508752e-07 1.5624712 0.907834321 0.703552449 1.38054936 0.659580246 0.968356939 1.38054932 -6.14680067e-08 3.2508752e-07 1.5624712 1.0672233 0.369879508 1.38054942 0.907834321 0.703552449 1.38054936 1.81201702 0.628010516 1.03587192 0.907834321 0.703552449 1.38054936 1.0672233 0.369879508 1.38054942 0.907834321 0.703552449 1.38054936 1.81201702 0.628010516 1.03587192 1.54139376 1.19454718 1.03587173 -6.14680067e-08 3.2508752e-07 1.5624712 1.12214497 1.06958143e-07 1.38054948 1.0672233 0.369879508 1.38054942 1.90526703 -8.753391e-08 1.03587203 1.0672233 0.369879508 1.38054942 1.12214497 1.06958143e-07 1.38054948 1.0672233 0.369879508 1.38054942 1.90526703 -8.753391e-08 1.03587203 1.81201702 0.628010516 1.03587192 -6.14680067e-08 3.2508752e-07 1.5624712 1.06722319 -0.369879267 1.38054954 1.12214497 1.06958143e-07 1.38054948 1.81201661 -0.628010752 1.03587213 1.12214497 1.06958143e-07 1.38054948 1.06722319 -0.369879267 1.38054954 1.12214497 1.06958143e-07 1.38054948 1.81201661 -0.628010752 1.03587213 -6.14680067e-08 3.2508752e-07 1.5624712 0.907834217 -0.70355226 1.38054959 1.06722319 -0.369879267 1.38054954 1.54139334 -1.19454737 1.03587222 1.06722319 -0.369879267 1.38054954 0.907834217 -0.70355226 1.38054959 1.06722319 -0.369879267 1.38054954 -6.14680067e-08 3.2508752e-07 1.5624712 0.659580037 -0.968356593 1.38054963 0.907834217 -0.70355226 1.38054959 1.11988764 -1.64415316 1.0358723 0.907834217 -0.70355226 1.38054959 0.659580037 -0.968356593 1.38054963 0.907834217 -0.70355226 1.38054959 1.11988764 -1.64415316 1.0358723 1.54139334 -1.19454737 1.03587222 -6.14680067e-08 3.2508752e-07 1.5624712 0.346761499 -1.13837144 1.38054966 0.659580037 -0.968356593 1.38054963 0.588759512 -1.93281798 1.03587234 0.659580037 -0.968356593 1.38054963 0.346761499 -1.13837144 1.38054966 0.659580037 -0.968356593 1.38054963 1.11988764 -1.64415316 1.0358723 -0.346761473 -1.13837144 1.38054966 -6.14680067e-08 3.2508752e-07 1.5624712 3.04084433e-08 -1.19695443 1.38054967 -0.588759303 -1.93281798 1.03587224 -0.346761473 -1.13837144 1.38054966 1.03092246e-07 -2.03228496 1.03587225 3.04084433e-08 -1.19695443 1.38054967 1.03092246e-07 -2.03228496 1.03587225 -0.346761473 -1.13837144 1.38054966 3.04084433e-08 -1.19695443 1.38054967 0.346761499 -1.13837144 1.38054966 -6.14680067e-08 3.2508752e-07 1.5624712 0.346761499 -1.13837144 1.38054966 3.04084433e-08 -1.19695443 1.38054967 -0.756330833 -2.48293306 0.630712802 1.59971817e-07 -2.6107101 0.630712823 1.03092246e-07 -2.03228496 1.03587225 1.59971817e-07 -2.6107101 0.630712823 -0.588759303 -1.93281798 1.03587224 1.59971817e-07 -2.6107101 0.630712823 1.03092246e-07 -2.03228496 1.03587225 0.588759512 -1.93281798 1.03587234 0.588759512 -1.93281798 1.03587234 1.03092246e-07 -2.03228496 1.03587225 0.346761499 -1.13837144 1.38054966 -6.14680067e-08 3.2508752e-07 1.5624712 0.659580037 -0.968356593 1.38054963 0.346761499 -1.13837144 1.38054966 -0.659579985 -0.968356697 1.38054953 -0.659579985 -0.968356697 1.38054953 -0.588759303 -1.93281798 1.03587224 -1.11988753 -1.64415326 1.03587219 -0.756330833 -2.48293306 0.630712802 -1.11988753 -1.64415326 1.03587219 -0.588759303 -1.93281798 1.03587224 -1.43862762 -2.11210911 0.630712689 -0.889120191 -2.91886291 0.000592766127 -1.43862762 -2.11210911 0.630712689 -0.756330833 -2.48293306 0.630712802 -1.69120829 -2.48293337 0.000592681506 -0.889120191 -2.91886291 0.000592766127 -0.756330833 -2.48293306 0.630712802 2.17203546e-07 -3.0690735 0.000592800786 1.59971817e-07 -2.6107101 0.630712823 2.17203546e-07 -3.0690735 0.000592800786 0.756331146 -2.48293285 0.630712854 0.756331146 -2.48293285 0.630712854 0.756331146 -2.48293285 0.630712854 0.588759512 -1.93281798 1.03587234 1.11988764 -1.64415316 1.0358723 0.659580037 -0.968356593 1.38054963 1.11988764 -1.64415316 1.0358723 0.588759512 -1.93281798 1.03587234 0.907834217 -0.70355226 1.38054959 -6.14680067e-08 3.2508752e-07 1.5624712 0.907834217 -0.70355226 1.38054959 0.659580037 -0.968356593 1.38054963 -6.14680067e-08 3.2508752e-07 1.5624712 -0.659579985 -0.968356697 1.38054953 -0.907834217 -0.703552364 1.38054949 -1.11988753 -1.64415326 1.03587219 -0.907834217 -0.703552364 1.38054949 -0.659579985 -0.968356697 1.38054953 -1.54139324 -1.19454757 1.03587212 -1.43862762 -2.11210911 0.630712689 -1.54139324 -1.19454757 1.03587212 -1.11988753 -1.64415326 1.03587219 -1.98010164 -1.53453748 0.630712647 -1.69120829 -2.48293337 0.000592681506 -1.98010164 -1.53453748 0.630712647 -1.43862762 -2.11210911 0.630712689 -2.32774895 -1.80395713 0.000592552653 -6.14680067e-08 3.2508752e-07 1.5624712 -0.907834217 -0.703552364 1.38054949 -1.0672233 -0.369879449 1.38054943 -1.54139324 -1.19454757 1.03587212 -1.0672233 -0.369879449 1.38054943 -0.907834217 -0.703552364 1.38054949 -1.81201661 -0.628011013 1.03587203 -1.98010164 -1.53453748 0.630712647 -1.81201661 -0.628011013 1.03587203 -1.54139324 -1.19454757 1.03587212 -2.32774937 -0.806754427 0.630712477 -2.32774895 -1.80395713 0.000592552653 -2.32774937 -0.806754427 0.630712477 -1.98010164 -1.53453748 0.630712647 -2.73643363 -0.948396832 0.000592398495 -6.14680067e-08 3.2508752e-07 1.5624712 1.06722319 -0.369879267 1.38054954 0.907834217 -0.70355226 1.38054959 1.43862782 -2.1121089 0.630712846 1.54139334 -1.19454737 1.03587222 1.11988764 -1.64415316 1.0358723 1.43862782 -2.1121089 0.630712846 0.889120713 -2.91886291 0.000592852456 1.43862782 -2.1121089 0.630712846 0.756331146 -2.48293285 0.630712854 0.889120713 -2.91886291 0.000592852456 -6.14680067e-08 3.2508752e-07 1.5624712 1.12214497 1.06958143e-07 1.38054948 1.06722319 -0.369879267 1.38054954 1.81201661 -0.628010752 1.03587213 1.06722319 -0.369879267 1.38054954 1.12214497 1.06958143e-07 1.38054948 1.81201661 -0.628010752 1.03587213 1.54139334 -1.19454737 1.03587222 1.98010185 -1.53453717 0.630712804 1.54139334 -1.19454737 1.03587222 1.81201661 -0.628010752 1.03587213 1.98010185 -1.53453717 0.630712804 1.43862782 -2.1121089 0.630712846 1.6912086 -2.48293316 0.000592845761 1.98010185 -1.53453717 0.630712804 1.6912086 -2.48293316 0.000592845761 -6.14680067e-08 3.2508752e-07 1.5624712 -1.0672233 -0.369879449 1.38054943 -1.12214507 -7.37770269e-08 1.38054937 -1.81201661 -0.628011013 1.03587203 -1.12214507 -7.37770269e-08 1.38054937 -1.0672233 -0.369879449 1.38054943 -1.90526724 -3.9440049e-07 1.03587182 -2.32774937 -0.806754427 0.630712477 -1.90526724 -3.9440049e-07 1.03587182 -2.44754079 -6.48735393e-07 0.630712293 -2.73643363 -0.948396832 0.000592398495 -2.44754079 -6.48735393e-07 0.630712293 -2.32774937 -0.806754427 0.630712477 -2.87725669 -9.10274187e-07 0.00059222697 -6.14680067e-08 3.2508752e-07 1.5624712 1.0672233 0.369879508 1.38054942 1.12214497 1.06958143e-07 1.38054948 1.90526703 -8.753391e-08 1.03587203 2.32774937 -0.806754114 0.630712737 1.98010185 -1.53453717 0.630712804 2.32774916 -1.80395693 0.000592778739 1.98010185 -1.53453717 0.630712804 2.32774937 -0.806754114 0.630712737 2.32774916 -1.80395693 0.000592778739 -6.14680067e-08 3.2508752e-07 1.5624712 -1.12214507 -7.37770269e-08 1.38054937 -1.0672235 0.369879351 1.38054931 -1.90526724 -3.9440049e-07 1.03587182 -1.0672235 0.369879351 1.38054931 -1.12214507 -7.37770269e-08 1.38054937 -1.81201702 0.628010255 1.03587182 -2.44754079 -6.48735393e-07 0.630712293 -1.81201702 0.628010255 1.03587182 -1.90526724 -3.9440049e-07 1.03587182 -2.32775 0.806753224 0.630712214 -2.87725669 -9.10274187e-07 0.00059222697 -2.32775 0.806753224 0.630712214 -2.73643383 0.948395163 0.000592059011 -6.14680067e-08 3.2508752e-07 1.5624712 0.907834321 0.703552449 1.38054936 1.0672233 0.369879508 1.38054942 1.0672233 0.369879508 1.38054942 1.81201702 0.628010516 1.03587192 1.90526703 -8.753391e-08 1.03587203 2.44754079 -2.54529065e-07 0.630712554 1.90526703 -8.753391e-08 1.03587203 1.90526703 -8.753391e-08 1.03587203 2.44754079 -2.54529065e-07 0.630712554 2.32774937 -0.806754114 0.630712737 2.73643383 -0.948396414 0.000592664256 2.32774937 -0.806754114 0.630712737 2.73643383 -0.948396414 0.000592664256 -6.14680067e-08 3.2508752e-07 1.5624712 -1.0672235 0.369879351 1.38054931 -0.90783453 0.703552292 1.38054926 -1.81201702 0.628010255 1.03587182 -0.90783453 0.703552292 1.38054926 -1.0672235 0.369879351 1.38054931 -1.54139397 1.19454708 1.03587162 -2.32775 0.806753224 0.630712214 -1.54139397 1.19454708 1.03587162 -1.81201702 0.628010255 1.03587182 -1.98010227 1.53453643 0.630712043 -2.73643383 0.948395163 0.000592059011 -1.98010227 1.53453643 0.630712043 -2.32775 0.806753224 0.630712214 -2.32775 1.80395567 0.000591911575 -6.14680067e-08 3.2508752e-07 1.5624712 0.907834321 0.703552449 1.38054936 1.54139376 1.19454718 1.03587173 0.907834321 0.703552449 1.38054936 0.659580246 0.968356939 1.38054932 1.54139376 1.19454718 1.03587173 1.81201702 0.628010516 1.03587192 2.32774979 0.806753537 0.630712422 1.81201702 0.628010516 1.03587192 1.54139376 1.19454718 1.03587173 1.81201702 0.628010516 1.03587192 2.32774979 0.806753537 0.630712422 2.44754079 -2.54529065e-07 0.630712554 2.87725669 -4.46856919e-07 0.000592506483 2.44754079 -2.54529065e-07 0.630712554 2.32774979 0.806753537 0.630712422 2.44754079 -2.54529065e-07 0.630712554 2.87725669 -4.46856919e-07 0.000592506483 -6.14680067e-08 3.2508752e-07 1.5624712 -0.659580506 0.968356834 1.38054921 -1.54139397 1.19454708 1.03587162 -0.659580506 0.968356834 1.38054921 -0.90783453 0.703552292 1.38054926 -1.11988837 1.64415308 1.03587155 -1.98010227 1.53453643 0.630712043 -1.11988837 1.64415308 1.03587155 -1.54139397 1.19454708 1.03587162 -1.43862887 2.11210848 0.630712001 -2.32775 1.80395567 0.000591911575 -1.43862887 2.11210848 0.630712001 -1.69120975 2.48293233 0.000591796372 -6.14680067e-08 3.2508752e-07 1.5624712 -0.659580506 0.968356834 1.38054921 -0.346762124 1.13837178 1.38054929 -1.11988837 1.64415308 1.03587155 -0.346762124 1.13837178 1.38054929 -0.659580506 0.968356834 1.38054921 -0.588760398 1.9328181 1.0358715 -1.43862887 2.11210848 0.630712001 -0.588760398 1.9328181 1.0358715 -1.69120975 2.48293233 0.000591796372 -0.756332293 2.48293285 0.630711889 -0.889121965 2.91886228 0.00059172372 -6.14680067e-08 3.2508752e-07 1.5624712 0.346761838 1.13837178 1.38054929 1.11988805 1.64415329 1.03587166 0.659580246 0.968356939 1.38054932 0.346761838 1.13837178 1.38054929 1.11988805 1.64415329 1.03587166 1.98010206 1.53453654 0.630712252 1.98010206 1.53453654 0.630712252 2.73643383 0.94839558 0.000592324824 2.32774979 0.806753537 0.630712422 2.73643383 0.94839558 0.000592324824 -0.889121965 2.91886228 0.00059172372 -2.09596568e-07 2.61071031 0.630711868 -0.756332293 2.48293285 0.630711889 -1.84595145e-07 2.03228529 1.03587159 -0.756332293 2.48293285 0.630711889 -2.09596568e-07 2.61071031 0.630711868 -1.84595145e-07 2.03228529 1.03587159 -0.588760398 1.9328181 1.0358715 -1.3903078e-07 1.19695519 1.38054928 -0.588760398 1.9328181 1.0358715 -1.84595145e-07 2.03228529 1.03587159 -6.14680067e-08 3.2508752e-07 1.5624712 -0.346762124 1.13837178 1.38054929 -1.3903078e-07 1.19695519 1.38054928 -6.14680067e-08 3.2508752e-07 1.5624712 -1.3903078e-07 1.19695519 1.38054928 0.346761838 1.13837178 1.38054929 0.588760033 1.9328181 1.03587161 0.346761838 1.13837178 1.38054929 0.588760033 1.9328181 1.03587161 1.11988805 1.64415329 1.03587166 1.43862855 2.1121089 0.630712105 1.11988805 1.64415329 1.03587166 1.11988805 1.64415329 1.03587166 1.43862855 2.1121089 0.630712105 1.98010206 1.53453654 0.630712252 1.98010206 1.53453654 0.630712252 2.32774979 1.80395609 0.000592137661 1.43862855 2.1121089 0.630712105 2.32774979 1.80395609 0.000592137661 1.98010206 1.53453654 0.630712252 1.69120933 2.48293275 0.000591960627 0.756331876 2.48293285 0.630711993 1.69120933 2.48293275 0.000591960627 0.756331876 2.48293285 0.630711993 0.889121547 2.91886249 0.0005918101 -2.09596568e-07 2.61071031 0.630711868 0.889121547 2.91886249 0.0005918101 -2.09596568e-07 2.61071031 0.630711868 -2.1725015e-07 3.0690735 0.000591704392 -2.1725015e-07 3.0690735 0.000591704392 -1.3903078e-07 1.19695519 1.38054928 0.588760033 1.9328181 1.03587161 0.756331876 2.48293285 0.630711993 0.588760033 1.9328181 1.03587161 0.588760033 1.9328181 1.03587161 0.756331876 2.48293285 0.630711993 1.43862855 2.1121089 0.630712105 -1.84595145e-07 2.03228529 1.03587159 -2.09596568e-07 2.61071031 0.630711868</float_array>
        <technique_common><accessor source="#vfx_kurp_0322-mesh-positions-array" count="600" stride="3"><param name="X" type="float"/><param name="Y" type="float"/><param name="Z" type="float"/></accessor></technique_common>
      </source>
      <source id="vfx_kurp_0322-mesh-normals">
        <float_array id="vfx_kurp_0322-mesh-normals-array" count="1800">0.0253774882 -0.150212979 0.988327903 0.0253774864 -0.150212964 0.988327905 0.0253774846 -0.150212964 0.988327905 0.0643063423 -0.38063935 0.922484894 0.064306349 -0.380639375 0.922484883 0.0643063416 -0.380639376 0.922484883 0.0643064603 -0.380639373 0.922484876 -0.0643064521 -0.380639398 0.922484866 -0.0643064521 -0.380639398 0.922484866 -0.0643064447 -0.380639399 0.922484867 -0.0253774846 -0.150212964 0.988327905 -0.0253774864 -0.150212964 0.988327905 -0.0253774864 -0.150212979 0.988327903 -0.0736273391 -0.1354698 0.988041977 -0.0736273465 -0.1354698 0.988041976 -0.0736273391 -0.1354698 0.988041977 -0.186279106 -0.342743402 0.920775247 -0.186279106 -0.342743402 0.920775247 -0.186279106 -0.342743402 0.920775247 -0.0643065196 -0.380639371 0.922484873 -0.0964726075 -0.571035142 0.815237329 -0.0964726075 -0.571035142 0.815237329 -0.0964726075 -0.571035142 0.815237329 0.0964724746 -0.571035149 0.81523734 0.0964724626 -0.571035122 0.81523736 0.096472464 -0.57103519 0.815237313 0.096472703 -0.571035312 0.815237198 0.278810854 -0.512997249 0.811848711 0.278810868 -0.512997273 0.811848691 0.278810854 -0.512997249 0.811848711 0.278810767 -0.512997193 0.811848777 0.431372528 -0.404411904 0.806454434 0.431372533 -0.404411879 0.806454444 0.431372528 -0.404411904 0.806454434 0.431372346 -0.404411871 0.806454548 0.539996806 -0.257945617 0.801166342 0.539996806 -0.257945617 0.801166342 0.539996806 -0.257945617 0.801166342 0.539996734 -0.257945641 0.801166383 0.596187649 -0.0885250458 0.797949624 0.596187649 -0.0885250458 0.797949624 0.596187649 -0.0885250458 0.797949624 0.596187539 -0.0885251514 0.797949695 0.596187642 0.0885249024 0.797949646 0.596187604 0.0885249056 0.797949674 0.596187604 0.0885249056 0.797949674 0.596187761 0.0885251928 0.797949525 0.539996857 0.257945993 0.801166187 0.539996789 0.257945989 0.801166234 0.539996811 0.25794603 0.801166206 0.539996862 0.257946145 0.801166135 2.07200586e-07 -1 2.25613501e-06 -0.114623305 -0.107459262 0.987579873 -0.114623312 -0.107459269 0.987579871 -0.289270877 -0.271191447 0.918029171 -0.289270847 -0.271191477 0.918029172 -0.289270875 -0.271191474 0.918029164 -0.186278866 -0.342743398 0.920775297 -0.278810652 -0.512997141 0.811848849 -0.278810685 -0.512997205 0.811848797 -0.278810671 -0.512997181 0.811848817 -0.0964725706 -0.571035144 0.815237332 -0.135363371 -0.801235467 0.582836584 -0.135363371 -0.801235467 0.582836584 -0.135363371 -0.801235467 0.582836584 0.135363551 -0.801235476 0.58283653 0.135363547 -0.801235448 0.58283657 0.135363547 -0.801235448 0.58283657 0.135362956 -0.801235183 0.582837071 0.389644385 -0.716925349 0.578096269 0.389644385 -0.716925349 0.578096269 0.38964441 -0.716925341 0.578096263 0.389644436 -0.716925333 0.578096256 0.59908348 -0.56164124 0.570664614 0.59908348 -0.56164124 0.570664614 0.59908348 -0.56164124 0.570664614 0.599083714 -0.561641176 0.570664431 0.74542856 -0.356076386 0.563512084 0.74542856 -0.356076386 0.563512084 0.74542856 -0.356076386 0.563512084 0.745428255 -0.356076562 0.563512377 0.917765065 -0.13627499 0.373009936 0.820025752 -0.12176197 0.559224274 0.820025751 -0.121761977 0.559224274 0.820025992 -0.121761717 0.559223977 0.820026019 0.12176182 0.559223916 0.82002602 0.121761812 0.559223916 0.82002602 0.121761812 0.559223916 0.820026065 0.121761916 0.559223828 -0.144366336 -0.0689608323 0.987118415 -0.144366336 -0.0689608323 0.987118415 -0.144366336 -0.0689608323 0.987118415 -0.363421951 -0.173599468 0.91530744 -0.363421951 -0.173599468 0.91530744 -0.36342195 -0.173599483 0.915307438 -0.289270845 -0.271191504 0.918029164 -0.431372493 -0.404411959 0.806454425 -0.431372517 -0.404411954 0.806454415 -0.431372493 -0.404411959 0.806454425 -0.278810835 -0.512997209 0.811848743 -0.389644557 -0.716925456 0.578096021 -0.389644571 -0.716925481 0.578095981 -0.389644557 -0.716925456 0.578096021 -0.135363058 -0.801235347 0.582836822 -0.475640946 -0.748403225 0.462231871 -0.159985158 -0.023755338 0.986833539 -0.159985158 -0.023755338 0.986833539 -0.402121395 -0.0597091058 0.91363735 -0.402121395 -0.0597091058 0.91363735 -0.40212142 -0.0597091088 0.913637338 -0.363422032 -0.173599405 0.91530742 -0.539996857 -0.257945732 0.801166271 -0.539996857 -0.257945732 0.801166271 -0.539996857 -0.257945732 0.801166271 -0.431372346 -0.40441199 0.806454488 -0.599083422 -0.561641361 0.570664556 -0.599083422 -0.561641361 0.570664556 -0.599083461 -0.56164134 0.570664535 -0.0818305521 -0.96999188 -0.22895308 -0.389644264 -0.716925465 0.578096207 -0.159985173 0.0237555701 0.986833531 -0.159985173 0.0237555664 0.986833531 -0.159985173 0.0237555701 0.986833531 -0.402121522 0.0597091923 0.913637288 -0.402121522 0.0597091886 0.913637288 -0.402121522 0.0597091923 0.913637288 -0.402121519 -0.0597090171 0.913637301 -0.596187816 -0.0885251409 0.797949489 -0.596187778 -0.0885251366 0.797949518 -0.596187817 -0.0885251335 0.79794949 -0.539996857 -0.257945732 0.801166271 -0.745428554 -0.356076502 0.563512019 -0.745428562 -0.356076476 0.563512025 -0.745428554 -0.356076502 0.563512019 -0.599083715 -0.561641296 0.570664312 -0.144366366 0.0689611166 0.987118391 -0.144366366 0.0689611166 0.987118391 -0.144366366 0.0689611166 0.987118391 -0.363422059 0.173599687 0.915307356 -0.363422059 0.173599687 0.915307356 -0.363422059 0.173599687 0.915307356 -0.402121478 0.0597090413 0.913637317 -0.596187771 0.0885249932 0.797949539 -0.596187733 0.0885249964 0.797949568 -0.596187771 0.0885249932 0.797949539 -0.596187709 -0.0885251873 0.797949564 -0.820025869 -0.121762007 0.559224094 -0.82002587 -0.121762 0.559224095 -0.820025868 -0.121762014 0.559224094 -0.745428333 -0.35607666 0.563512212 -0.114623423 0.107459523 0.987579831 -0.114623423 0.107459523 0.987579831 -0.114623416 0.107459508 0.987579833 -0.28927111 0.271191561 0.918029064 -0.289271082 0.271191564 0.918029072 -0.289271085 0.271191536 0.918029079 -0.0962016729 -0.0472978445 -0.994237473 -0.363422064 0.1735996 0.91530737 -0.539996933 0.257945763 0.80116621 -0.539996907 0.25794575 0.801166232 -0.539996907 0.25794575 0.801166232 -0.596187772 0.0885249785 0.79794954 -0.820026044 0.12176157 0.559223933 -0.820026044 0.12176157 0.559223933 -0.820026044 0.12176157 0.559223933 -0.820025975 -0.121761878 0.559223966 -0.0736274359 0.135470077 0.988041932 -0.0736274359 0.135470077 0.988041932 -0.0736274359 0.135470077 0.988041932 -0.186279295 0.342743513 0.920775167 -0.186279321 0.342743537 0.920775153 -0.186279293 0.342743539 0.920775158 -0.289271057 0.271191747 0.918029026 -0.431372817 0.404412128 0.806454167 -0.431372817 0.404412128 0.806454167 -0.431372793 0.404412134 0.806454177 -0.539996977 0.257946113 0.801166068 -0.745428691 0.356076754 0.563511678 -0.745428699 0.356076728 0.563511684 -0.745428683 0.35607678 0.563511673 -0.820026231 0.121761929 0.559223581 -0.74542864 0.356076192 0.563512102 -0.599084025 0.561640957 0.57066432 -0.599084025 0.561640957 0.57066432 -0.599084025 0.561640957 0.57066432 -0.599084006 0.561641058 0.570664241 -0.389644863 0.716925421 0.578095859 -0.389644863 0.716925421 0.578095859 -0.389644863 0.716925421 0.578095859 0.964607418 -0.0529989478 0.258309194 -0.431372793 0.404411776 0.806454356 -0.27881104 0.512997287 0.811848623 -0.278811067 0.512997283 0.811848617 -0.27881104 0.512997287 0.811848623 0.902184982 -0.313487398 0.296290246 -0.278811067 0.512997283 0.811848617 -0.096472823 0.571035463 0.815237078 -0.096472823 0.571035463 0.815237078 -0.096472823 0.571035463 0.815237078 -0.186279176 0.342743723 0.920775113 -0.06430684 0.380639761 0.92248469 -0.0643068326 0.380639762 0.92248469 -0.0643068333 0.380639736 0.9224847 0.575980921 -0.176627378 0.798153336 -0.0643067428 0.380639789 0.922484685 0.0643065789 0.380639819 0.922484684 0.0643065863 0.380639818 0.922484684 0.0643065789 0.380639819 0.922484684 0.431372739 0.40441205 0.806454248 0.431372763 0.404412045 0.806454238 0.431372763 0.404412045 0.806454238 0.431372758 0.404411712 0.806454407 0.278810826 0.512997336 0.811848666 0.278810798 0.51299734 0.811848673 0.278810807 0.512997296 0.811848698 0.27881074 0.512997461 0.811848616 0.138328196 0.471945014 0.870708455 0.0964726942 0.57103551 0.815237061 0.0964726975 0.57103547 0.815237088 0.0964726573 0.571035512 0.815237064 -0.297020137 -0.0408099059 -0.953998737 -0.0964727606 0.571035507 0.815237055 -0.135363596 0.801235486 0.582836507 -0.135363581 0.801235487 0.582836508 -0.135363577 0.801235459 0.582836547 0.0463264592 -0.0852377336 -0.995283069 -0.389644739 0.71692559 0.578095732 0.745428503 0.35607678 0.56351191 0.745428496 0.356076806 0.563511904 0.745428503 0.35607678 0.56351191 0.745428453 0.356076307 0.563512275 0.599084004 0.561640758 0.570664538 0.599084004 0.561640758 0.570664538 0.599084004 0.561640758 0.570664538 0.59908391 0.561641199 0.570664204 0.389644468 0.716925645 0.578095847 0.389644468 0.716925645 0.578095847 0.389644443 0.716925653 0.578095854 0.389644493 0.716925637 0.57809584 0.135363486 0.801235392 0.582836661 0.135363486 0.801235392 0.582836661 0.135363471 0.801235394 0.582836662 0.135363191 0.801235649 0.582836376 -0.13536343 0.801235651 0.582836318 -0.0253776242 0.150213271 0.988327855 -0.0253776242 0.150213271 0.988327855 -0.0253776242 0.150213271 0.988327855 0.0253776279 0.150213271 0.988327855 0.0253776261 0.150213271 0.988327855 0.0253776279 0.150213271 0.988327855 1 -5.77411428e-07 6.07538519e-07 0.0643068171 0.380639639 0.922484742 0.18627901 0.342743689 0.92077516 0.186279012 0.342743662 0.920775169 -0.722573415 0.384202991 -0.574696199 -0.340740862 0.392578982 0.854270102 0.0736271235 0.135470197 0.988041939 0.186278979 0.342743717 0.920775155 0.289271029 0.271191749 0.918029034 0.289271027 0.271191777 0.918029026 0.289271032 0.271191721 0.918029041 0.289271093 0.271191634 0.918029048 0.0738035222 -0.180171383 -0.980862535 0.114623321 0.107459466 0.987579849 0.340740735 -0.392579003 -0.854270143 0.144366278 0.0689610804 0.987118406 0.144366278 0.0689610804 0.987118406 0.144366278 0.0689610804 0.987118406 0.363422009 0.173599662 0.915307381 0.363421983 0.173599664 0.91530739 0.363421984 0.173599649 0.915307393 -0.36342195 -0.173599454 -0.915307443 -0.956149574 0.255120926 0.143844726 -0.437614265 -0.887476414 -0.144496953 0.159985062 0.0237556008 0.986833548 0.159985077 0.0237556007 0.986833546 0.159985077 0.0237556007 0.986833546 0.402121447 0.0597092944 0.913637314 0.402121447 0.0597092944 0.913637314 0.402121447 0.0597092944 0.913637314 -0.402121654 -0.0597097896 -0.913637191 0.290089749 0.0138471248 0.95689926 0.402121356 0.0597090446 0.91363737 0.159985062 -0.023755322 0.986833555 0.159985062 -0.023755322 0.986833555 0.159985062 -0.0237553239 0.986833555 0.40212137 -0.0597091065 0.913637361 0.40212137 -0.0597091065 0.913637361 0.40212137 -0.0597091065 0.913637361 -0.398944843 -0.138729582 -0.906419944 -0.088268848 -0.177352421 0.980180968 0.144366278 -0.0689607513 0.987118429 0.144366278 -0.0689607513 0.987118429 0.144366293 -0.0689607512 0.987118427 0.363422009 -0.173599363 0.915307437 0.363422036 -0.173599347 0.91530743 0.363422009 -0.173599363 0.915307437 -0.363421981 0.173599394 -0.915307442 0.114623262 -0.107459204 0.987579884 0.114623262 -0.107459196 0.987579885 0.114623262 -0.107459196 0.987579885 0.289270904 -0.271191444 0.918029163 0.289270904 -0.271191444 0.918029163 0.289270904 -0.271191444 0.918029163 -0.590345427 0.340635142 0.731751308 -0.211355967 0.0707334843 -0.974846362 -0.25062552 -0.0281915633 0.967673542 0.173273352 0.147988382 -0.973691832 0.0736270864 -0.135469875 0.988041985 0.0736270937 -0.13546989 0.988041983 0.186278845 -0.342743328 0.920775327 0.186278845 -0.342743328 0.920775327 0.186278833 -0.342743302 0.920775339 -0.270250534 0.284973148 -0.919649365 0.153280377 -0.364134042 0.918646573 0.0488926699 0.143077944 -0.988503014 0.173273352 0.147988382 -0.973691832 0.0253774864 0.150212979 -0.988327903 0.0912970957 0.44137835 -0.892664546 0.154670955 0.353195938 -0.9226752 0.032750689 0.381224279 -0.92390229 0.0643064521 0.380639398 -0.922484866 0.0643064521 0.380639398 -0.922484866 0.0643064447 0.380639399 -0.922484867 -0.0643064603 0.380639373 -0.922484876 -0.0643064603 0.380639373 -0.922484876 -0.0253774864 0.150212964 -0.988327905 -0.0253774882 0.150212979 -0.988327903 -0.0253774846 0.150212964 -0.988327905 0.159763228 0.553390355 -0.817456314 -0.06198842 0.740380586 -0.669323557 0.0964726075 0.571035142 -0.815237329 0.0964726075 0.571035142 -0.815237329 0.0964726075 0.571035142 -0.815237329 -0.0964724626 0.571035122 -0.81523736 -0.0964724746 0.571035149 -0.81523734 -0.096472464 0.57103519 -0.815237313 -0.0643063423 0.38063935 -0.922484894 -0.0643063416 0.380639376 -0.922484883 -0.186278833 0.342743302 -0.920775339 -0.0736270938 0.135469875 -0.988041985 -0.0736270937 0.13546989 -0.988041983 -0.0736270864 0.135469875 -0.988041985 0.0736273465 0.1354698 -0.988041976 0.186279106 0.342743402 -0.920775247 0.186278866 0.342743398 -0.920775297 0.228610379 0.314233268 -0.92140911 0.278810652 0.512997141 -0.811848849 0.278810671 0.512997181 -0.811848817 0.278810685 0.512997205 -0.811848797 0.324773792 0.597566848 -0.733100161 0.389644557 0.716925456 -0.578096021 0.389644557 0.716925456 -0.578096021 0.389644571 0.716925481 -0.578095981 0.389644264 0.716925465 -0.578096207 0.135363058 0.801235347 -0.582836822 0.135363058 0.801235347 -0.582836822 0.135363058 0.801235347 -0.582836822 0.135363371 0.801235467 -0.582836584 -0.135363547 0.801235448 -0.58283657 -0.314321906 0.748419967 -0.58401138 -0.096472703 0.571035312 -0.815237198 -0.278810868 0.512997273 -0.811848691 -0.278810854 0.512997249 -0.811848711 -0.386303607 0.439149997 -0.811120708 -0.186278942 0.342743341 -0.920775303 -0.186278927 0.342743342 -0.920775305 -0.186278942 0.342743341 -0.920775303 -0.336971698 0.209549231 -0.917899338 -0.114623262 0.107459204 -0.987579884 -0.114623262 0.107459196 -0.987579885 -0.114623262 0.107459196 -0.987579885 0.114623319 0.107459276 -0.98757987 0.114623312 0.107459269 -0.987579871 0.114623305 0.107459262 -0.987579873 0.289270877 0.271191447 -0.918029171 0.289270875 0.271191474 -0.918029164 0.289270847 0.271191477 -0.918029172 0.289270845 0.271191504 -0.918029164 0.431372493 0.404411959 -0.806454425 0.431372493 0.404411959 -0.806454425 0.431372517 0.404411954 -0.806454415 0.468977474 0.357355756 -0.807686197 0.599083422 0.561641361 -0.570664556 0.599083461 0.56164134 -0.570664535 0.599083422 0.561641361 -0.570664556 0.599083715 0.561641296 -0.570664312 0.144366336 0.0689608323 -0.987118415 0.144366336 0.0689608323 -0.987118415 0.144366336 0.0689608323 -0.987118415 0.363421951 0.173599468 -0.91530744 0.36342195 0.173599483 -0.915307438 0.363421951 0.173599468 -0.91530744 0.493629166 0.128912415 -0.860065018 0.539996857 0.257945732 -0.801166271 0.539996857 0.257945732 -0.801166271 0.539996857 0.257945732 -0.801166271 0.627395276 0.299694363 -0.718720012 0.745428554 0.356076502 -0.563512019 0.745428554 0.356076502 -0.563512019 0.745428562 0.356076476 -0.563512025 0.745428333 0.35607666 -0.563512212 -0.144366278 0.0689607513 -0.987118429 -0.144366293 0.0689607512 -0.987118427 -0.144366278 0.0689607513 -0.987118429 -0.558965087 0.524030163 -0.642612185 -0.431372528 0.404411904 -0.806454434 -0.278810767 0.512997193 -0.811848777 -0.278810767 0.512997193 -0.811848777 -0.389644385 0.716925349 -0.578096269 -0.38964441 0.716925341 -0.578096263 -0.135362956 0.801235183 -0.582837071 -0.135362956 0.801235183 -0.582837071 -0.159985062 0.023755322 -0.986833555 -0.159985062 0.0237553239 -0.986833555 -0.159985062 0.023755322 -0.986833555 -0.40212137 0.0597091065 -0.913637361 -0.40212137 0.0597091065 -0.913637361 -0.40212137 0.0597091065 -0.913637361 -0.363422036 0.173599347 -0.91530743 -0.363422037 0.173599333 -0.915307432 -0.584960576 0.442120975 -0.679963358 -0.539996806 0.257945617 -0.801166342 -0.539996806 0.257945617 -0.801166342 -0.431372346 0.404411871 -0.806454548 -0.431372346 0.404411871 -0.806454548 -0.59908348 0.56164124 -0.570664614 -0.59908348 0.56164124 -0.570664614 -0.389644436 0.716925333 -0.578096256 0.159985158 0.023755338 -0.986833539 0.159985158 0.023755338 -0.986833539 0.159985158 0.023755338 -0.986833539 0.402121395 0.0597091058 -0.91363735 0.40212142 0.0597091088 -0.913637338 0.402121395 0.0597091058 -0.91363735 0.402121519 0.0597090171 -0.913637301 0.596187816 0.0885251409 -0.797949489 0.596187817 0.0885251335 -0.79794949 0.729207074 -0.0238677177 -0.683876726 0.820025869 0.121762007 -0.559224094 0.820025868 0.121762014 -0.559224094 0.82002587 0.121762 -0.559224095 0.820025975 0.121761878 -0.559223966 -0.159985062 -0.0237556008 -0.986833548 -0.159985077 -0.0237556007 -0.986833546 -0.159985077 -0.0237556007 -0.986833546 -0.402121447 0.059709019 -0.913637332 -0.539996734 0.257945641 -0.801166383 -0.539996734 0.257945641 -0.801166383 -0.74542856 0.356076386 -0.563512084 -0.74542856 0.356076386 -0.563512084 -0.74542856 0.356076386 -0.563512084 -0.599083714 0.561641176 -0.570664431 0.159985173 -0.0237555701 -0.986833531 0.159985173 -0.0237555701 -0.986833531 0.159985173 -0.0237555664 -0.986833531 0.402121522 -0.0597091923 -0.913637288 0.402121522 -0.0597091923 -0.913637288 0.402121522 -0.0597091886 -0.913637288 0.402121478 -0.0597090413 -0.913637317 0.596187771 -0.0885249932 -0.797949539 0.596187771 -0.0885249932 -0.797949539 0.596187733 -0.0885249964 -0.797949568 0.578443877 -0.148929903 -0.802011574 0.820026044 -0.12176157 -0.559223933 0.820026044 -0.12176157 -0.559223933 0.820026231 -0.121761929 -0.559223581 -0.144366278 -0.0689610804 -0.987118406 -0.144366278 -0.0689610804 -0.987118406 -0.144366278 -0.0689610804 -0.987118406 -0.363421984 -0.173599649 -0.915307393 -0.402121356 -0.0597090446 -0.91363737 -0.402121356 -0.0597090446 -0.91363737 -0.722356715 0.0173785524 -0.691302222 -0.596187642 -0.0885249024 -0.797949646 -0.59618751 0.0885251472 -0.797949717 -0.596187539 0.0885251514 -0.797949695 -0.596187539 0.0885251514 -0.797949695 -0.820025752 0.12176197 -0.559224274 -0.820025751 0.121761977 -0.559224274 -0.745428255 0.356076562 -0.563512377 0.0638259709 -0.108127656 -0.992086012 0.144366366 -0.0689611166 -0.987118391 0.144366366 -0.0689611166 -0.987118391 0.363422059 -0.173599687 -0.915307356 0.363422059 -0.173599687 -0.915307356 0.363422059 -0.173599687 -0.915307356 0.331011739 -0.217469229 -0.91822566 0.539996933 -0.257945763 -0.80116621 0.539996907 -0.25794575 -0.801166232 0.539996907 -0.25794575 -0.801166232 0.582628794 -0.429149358 -0.690198897 0.745428691 -0.356076754 -0.563511678 0.745428683 -0.35607678 -0.563511673 0.745428699 -0.356076728 -0.563511684 0.74542864 -0.356076192 -0.563512102 -0.722573415 0.384202991 -0.574696199 -0.114623321 -0.107459466 -0.987579849 -0.289271093 -0.271191634 -0.918029048 -0.289271093 -0.271191634 -0.918029048 -0.289271121 -0.271191631 -0.91802904 -0.363421977 -0.17359975 -0.915307376 -0.363421977 -0.17359975 -0.915307376 -0.539996789 -0.257945989 -0.801166234 -0.539996857 -0.257945993 -0.801166187 -0.539996811 -0.25794603 -0.801166206 -0.596187789 -0.0885251897 -0.797949504 -0.596187761 -0.0885251928 -0.797949525 -0.596187761 -0.0885251854 -0.797949525 -0.82002602 -0.121761812 -0.559223916 -0.820026019 -0.12176182 -0.559223916 -0.82002602 -0.121761812 -0.559223916 -0.820025993 0.12176171 -0.559223978 -0.820025992 0.121761717 -0.559223977 2.07200586e-07 -1 2.25613501e-06 0.114623423 -0.107459523 -0.987579831 0.28927111 -0.271191561 -0.918029064 0.289271085 -0.271191536 -0.918029079 0.289271082 -0.271191564 -0.918029072 0.286036492 -0.406981581 -0.86749589 0.431372817 -0.404412128 -0.806454167 0.431372793 -0.404412134 -0.806454177 0.431372817 -0.404412128 -0.806454167 0.416800988 -0.58398373 -0.696591659 0.599084025 -0.561640957 -0.57066432 0.599084025 -0.561640957 -0.57066432 0.599084006 -0.561641058 -0.570664241 -0.475640946 -0.748403225 0.462231871 0.0736274359 -0.135470077 -0.988041932 0.0690351959 -0.272989434 -0.959536821 0.186279295 -0.342743513 -0.920775167 0.186279293 -0.342743539 -0.920775158 0.186279321 -0.342743537 -0.920775153 0.186279176 -0.342743723 -0.920775113 0.278811067 -0.512997283 -0.811848617 0.27881104 -0.512997287 -0.811848623 0.389644863 -0.716925421 -0.578095859 0.389644863 -0.716925421 -0.578095859 0.389644739 -0.71692559 -0.578095732 0.0738035222 -0.180171383 -0.980862535 -0.0736271235 -0.135470197 -0.988041939 -0.357024221 -0.3881944 -0.849610978 -0.186278979 -0.342743717 -0.920775155 -0.186278989 -0.342743736 -0.920775146 -0.289271032 -0.271191721 -0.918029041 -0.604051668 -0.38753835 -0.696373183 -0.539996862 -0.257946145 -0.801166135 -0.745428496 -0.356076806 -0.563511904 -0.745428503 -0.35607678 -0.56351191 -0.820026065 -0.121761916 -0.559223828 0.135363596 -0.801235486 -0.582836507 0.135363577 -0.801235459 -0.582836547 0.135363581 -0.801235487 -0.582836508 0.00537383985 -0.573703194 -0.819045644 0.0964727606 -0.571035507 -0.815237055 0.0964727606 -0.571035507 -0.815237055 0.096472823 -0.571035463 -0.815237078 0.096472823 -0.571035463 -0.815237078 -0.017489882 -0.381370839 -0.924256667 0.0643067428 -0.380639789 -0.922484685 0.0643067428 -0.380639789 -0.922484685 0.0738035222 -0.180171383 -0.980862535 0.0253776242 -0.150213271 -0.988327855 0.0253776242 -0.150213271 -0.988327855 0.0638259709 -0.108127656 -0.992086012 -0.0253776261 -0.150213271 -0.988327855 -0.0253776279 -0.150213271 -0.988327855 -0.215103616 -0.476459415 -0.852476897 -0.0643068171 -0.380639639 -0.922484742 -0.186279024 -0.342743688 -0.920775157 -0.18627901 -0.342743689 -0.92077516 -0.361101394 -0.664407787 -0.654345533 -0.278810826 -0.512997336 -0.811848666 -0.431372758 -0.404411712 -0.806454407 -0.431372758 -0.404411712 -0.806454407 -0.431372782 -0.404411707 -0.806454397 -0.745428453 -0.356076307 -0.563512275 -0.745428453 -0.356076307 -0.563512275 -0.599084004 -0.561640758 -0.570664538 -0.599084004 -0.561640758 -0.570664538 -0.599084004 -0.561640758 -0.570664538 -0.59908391 -0.561641199 -0.570664204 -0.216980494 -0.780797243 -0.58589686 -0.389644468 -0.716925645 -0.578095847 -0.389644535 -0.716925599 -0.578095858 -0.389644493 -0.716925637 -0.57809584 0.0131371358 -0.808608815 -0.588199966 -0.135363486 -0.801235392 -0.582836661 -0.135363191 -0.801235649 -0.582836376 -0.135363191 -0.801235649 -0.582836376 0.13536343 -0.801235651 -0.582836318 -0.0643065789 -0.380639819 -0.922484684 -0.0643065789 -0.380639819 -0.922484684 -0.0964726942 -0.57103551 -0.815237061 -0.0964726901 -0.571035471 -0.815237089 -0.278810748 -0.512997418 -0.811848641 -0.27881074 -0.512997461 -0.811848616 -0.278810776 -0.512997413 -0.811848635 -0.0964726573 -0.571035512 -0.815237064 -0.0964726573 -0.571035512 -0.815237064</float_array>
        <technique_common><accessor source="#vfx_kurp_0322-mesh-normals-array" count="600" stride="3"><param name="X" type="float"/><param name="Y" type="float"/><param name="Z" type="float"/></accessor></technique_common>
      </source>
      <source id="vfx_kurp_0322-mesh-uv0">
        <float_array id="vfx_kurp_0322-mesh-uv0-array" count="1200">0.661693215 7.09993267 0.661693215 6.83586073 0.679275274 7.09993267 0.661693215 7.36400461 0.661693215 7.09993267 0.679275274 7.36400461 0.679275274 7.09993267 0.679275274 7.36400461 0.679275274 7.09993267 0.661693215 7.09993267 0.661693215 6.83586073 0.661693215 7.09993267 0.679275274 7.09993267 0.644111097 6.83586073 0.644111097 7.09993267 0.661693215 7.09993267 0.661693215 7.36400461 0.661693215 7.09993267 0.644111097 7.09993267 0.661693215 7.36400461 0.679275274 7.62807655 0.679275274 7.36400461 0.661693215 7.36400461 0.679275274 7.36400461 0.679275274 7.62807655 0.661693215 7.36400461 0.661693215 7.62807655 0.661693215 7.36400461 0.661693215 7.62807655 0.644111097 7.36400461 0.644111097 7.62807655 0.644111097 7.36400461 0.644111097 7.62807655 0.626529038 7.36400461 0.626529038 7.62807655 0.626529038 7.36400461 0.626529038 7.62807655 0.608947039 7.36400461 0.608947039 7.62807655 0.608947039 7.36400461 0.608947039 7.62807655 0.59136492 7.36400461 0.59136492 7.62807655 0.59136492 7.36400461 0.59136492 7.62807655 0.573782861 7.36400461 0.573782861 7.62807655 0.573782861 7.36400461 0.573782861 7.62807655 0.556200743 7.36400461 0.556200743 7.62807655 0.626529038 6.83586073 0.626529038 7.09993267 0.644111097 7.09993267 0.644111097 7.36400461 0.644111097 7.09993267 0.626529038 7.09993267 0.644111097 7.36400461 0.661693215 7.62807655 0.661693215 7.36400461 0.644111097 7.36400461 0.661693215 7.62807655 0.679275274 7.89214849 0.679275274 7.62807655 0.661693215 7.62807655 0.679275274 7.62807655 0.679275274 7.89214849 0.661693215 7.62807655 0.661693215 7.89214849 0.661693215 7.62807655 0.661693215 7.89214849 0.644111097 7.62807655 0.644111097 7.89214849 0.644111097 7.62807655 0.644111097 7.89214849 0.626529038 7.62807655 0.626529038 7.89214849 0.626529038 7.62807655 0.626529038 7.89214849 0.608947039 7.62807655 0.608947039 7.89214849 0.608947039 7.62807655 0.608947039 7.89214849 0.59136492 7.62807655 0.59136492 7.89214849 0.59136492 7.62807655 0.59136492 7.89214849 0.573782861 7.62807655 0.573782861 7.89214849 0.608947039 6.83586073 0.608947039 7.09993267 0.626529038 7.09993267 0.626529038 7.36400461 0.626529038 7.09993267 0.608947039 7.09993267 0.626529038 7.36400461 0.644111097 7.62807655 0.644111097 7.36400461 0.626529038 7.36400461 0.644111097 7.62807655 0.661693215 7.89214849 0.661693215 7.62807655 0.644111097 7.62807655 0.661693215 7.89214849 0.59136492 6.83586073 0.59136492 7.09993267 0.608947039 7.09993267 0.608947039 7.36400461 0.608947039 7.09993267 0.59136492 7.09993267 0.608947039 7.36400461 0.626529038 7.62807655 0.626529038 7.36400461 0.608947039 7.36400461 0.626529038 7.62807655 0.644111097 7.89214849 0.644111097 7.62807655 0.626529038 7.62807655 0.644111097 7.62807655 0.644111097 7.89214849 0.573782861 6.83586073 0.573782861 7.09993267 0.59136492 7.09993267 0.59136492 7.36400461 0.59136492 7.09993267 0.573782861 7.09993267 0.59136492 7.36400461 0.608947039 7.62807655 0.608947039 7.36400461 0.59136492 7.36400461 0.608947039 7.62807655 0.626529038 7.89214849 0.626529038 7.62807655 0.608947039 7.62807655 0.626529038 7.89214849 0.556200743 6.83586073 0.556200743 7.09993267 0.573782861 7.09993267 0.573782861 7.36400461 0.573782861 7.09993267 0.556200743 7.09993267 0.573782861 7.36400461 0.59136492 7.62807655 0.59136492 7.36400461 0.573782861 7.36400461 0.59136492 7.62807655 0.608947039 7.89214849 0.608947039 7.62807655 0.59136492 7.62807655 0.608947039 7.89214849 0.538618624 6.83586073 0.538618624 7.09993267 0.556200743 7.09993267 0.556200743 7.36400461 0.556200743 7.09993267 0.538618624 7.09993267 0.556200743 7.09993267 0.556200743 7.36400461 0.573782861 7.62807655 0.573782861 7.36400461 0.556200743 7.36400461 0.573782861 7.62807655 0.59136492 7.89214849 0.59136492 7.62807655 0.573782861 7.62807655 0.59136492 7.89214849 0.521036565 6.83586073 0.521036565 7.09993267 0.538618624 7.09993267 0.538618624 7.36400461 0.538618624 7.09993267 0.521036565 7.09993267 0.538618624 7.36400461 0.556200743 7.62807655 0.556200743 7.36400461 0.538618624 7.36400461 0.556200743 7.62807655 0.573782861 7.89214849 0.573782861 7.62807655 0.556200743 7.62807655 0.573782861 7.89214849 0.556200743 7.89214849 0.538618624 7.62807655 0.556200743 7.89214849 0.556200743 7.62807655 0.538618624 7.89214849 0.521036565 7.62807655 0.538618624 7.89214849 0.538618624 7.62807655 0.556200743 7.62807655 0.538618624 7.62807655 0.521036565 7.36400461 0.538618624 7.62807655 0.538618624 7.36400461 0.538618624 7.62807655 0.521036565 7.62807655 0.503454506 7.36400461 0.521036565 7.62807655 0.521036565 7.36400461 0.521036565 7.36400461 0.503454506 7.09993267 0.521036565 7.36400461 0.521036565 7.09993267 0.521036565 7.36400461 0.503454506 7.36400461 0.521036565 7.36400461 0.503454506 7.36400461 0.503454506 7.09993267 0.556200743 7.36400461 0.556200743 7.62807655 0.538618624 7.36400461 0.538618624 7.62807655 0.538618624 7.36400461 0.538618624 7.62807655 0.521036565 7.36400461 0.521036565 7.62807655 0.521036565 7.36400461 0.521036565 7.62807655 0.503454506 7.36400461 0.503454506 7.62807655 0.503454506 7.36400461 0.503454506 7.62807655 0.521036565 7.89214849 0.521036565 7.62807655 0.503454506 7.62807655 0.521036565 7.62807655 0.521036565 7.89214849 0.573782861 7.62807655 0.573782861 7.89214849 0.556200743 7.62807655 0.556200743 7.89214849 0.556200743 7.62807655 0.556200743 7.89214849 0.538618624 7.62807655 0.538618624 7.89214849 0.538618624 7.62807655 0.538618624 7.89214849 0.521036565 7.62807655 0.521036565 7.89214849 0.521036565 7.62807655 0.521036565 7.89214849 0.503454506 7.62807655 0.503454506 7.89214849 0.503454506 7.89214849 0.521036565 7.09993267 0.503454506 6.83586073 0.503454506 7.09993267 0.521036565 7.09993267 0.503454506 7.09993267 0.503454506 6.83586073 0.503454506 7.09993267 0.521036565 7.09993267 0.538618624 7.36400461 0.521036565 7.09993267 0.521036565 6.83586073 0.538618624 7.09993267 0.521036565 7.09993267 0.538618624 7.09993267 0.538618624 7.09993267 0.556200743 7.36400461 0.538618624 7.36400461 0.556200743 7.09993267 0.538618624 6.83586073 0.556200743 7.09993267 0.538618624 7.09993267 0.556200743 6.83586073 0.573782861 7.09993267 0.556200743 7.09993267 0.573782861 7.36400461 0.556200743 7.09993267 0.573782861 7.09993267 0.556200743 7.09993267 0.573782861 7.36400461 0.556200743 7.36400461 0.573782861 6.83586073 0.59136492 7.09993267 0.573782861 7.09993267 0.59136492 7.36400461 0.573782861 7.09993267 0.59136492 7.09993267 0.573782861 7.09993267 0.59136492 7.36400461 0.573782861 7.36400461 0.59136492 6.83586073 0.608947039 7.09993267 0.59136492 7.09993267 0.608947039 7.36400461 0.59136492 7.09993267 0.608947039 7.09993267 0.59136492 7.09993267 0.608947039 7.36400461 0.608947039 6.83586073 0.626529038 7.09993267 0.608947039 7.09993267 0.626529038 7.36400461 0.608947039 7.09993267 0.626529038 7.09993267 0.608947039 7.09993267 0.626529038 6.83586073 0.644111097 7.09993267 0.626529038 7.09993267 0.644111097 7.36400461 0.626529038 7.09993267 0.644111097 7.09993267 0.626529038 7.09993267 0.644111097 7.36400461 0.626529038 7.36400461 0.644111097 6.83586073 0.661693215 7.09993267 0.644111097 7.09993267 0.661693215 7.36400461 0.644111097 7.09993267 0.661693215 7.09993267 0.644111097 7.09993267 0.644111097 7.36400461 0.661693215 7.09993267 0.661693215 6.83586073 0.679275274 7.09993267 0.661693215 7.36400461 0.661693215 7.09993267 0.679275274 7.36400461 0.679275274 7.09993267 0.679275274 7.36400461 0.661693215 7.09993267 0.679275274 7.09993267 0.661693215 7.09993267 0.661693215 6.83586073 0.661693215 7.09993267 0.679275274 7.09993267 0.661693215 7.62807655 0.679275274 7.62807655 0.679275274 7.36400461 0.679275274 7.62807655 0.661693215 7.36400461 0.679275274 7.62807655 0.679275274 7.36400461 0.661693215 7.36400461 0.661693215 7.36400461 0.679275274 7.36400461 0.661693215 7.09993267 0.644111097 6.83586073 0.644111097 7.09993267 0.661693215 7.09993267 0.644111097 7.09993267 0.644111097 7.09993267 0.661693215 7.36400461 0.644111097 7.36400461 0.661693215 7.62807655 0.644111097 7.36400461 0.661693215 7.36400461 0.644111097 7.62807655 0.661693215 7.89214849 0.644111097 7.62807655 0.661693215 7.62807655 0.644111097 7.89214849 0.661693215 7.89214849 0.661693215 7.62807655 0.679275274 7.89214849 0.679275274 7.62807655 0.679275274 7.89214849 0.661693215 7.62807655 0.661693215 7.62807655 0.661693215 7.62807655 0.661693215 7.36400461 0.644111097 7.36400461 0.644111097 7.09993267 0.644111097 7.36400461 0.661693215 7.36400461 0.626529038 7.09993267 0.626529038 6.83586073 0.626529038 7.09993267 0.644111097 7.09993267 0.626529038 6.83586073 0.644111097 7.09993267 0.626529038 7.09993267 0.644111097 7.36400461 0.626529038 7.09993267 0.644111097 7.09993267 0.626529038 7.36400461 0.644111097 7.62807655 0.626529038 7.36400461 0.644111097 7.36400461 0.626529038 7.62807655 0.644111097 7.89214849 0.626529038 7.62807655 0.644111097 7.62807655 0.626529038 7.89214849 0.608947039 6.83586073 0.626529038 7.09993267 0.608947039 7.09993267 0.626529038 7.36400461 0.608947039 7.09993267 0.626529038 7.09993267 0.608947039 7.36400461 0.626529038 7.62807655 0.608947039 7.36400461 0.626529038 7.36400461 0.608947039 7.62807655 0.626529038 7.89214849 0.608947039 7.62807655 0.626529038 7.62807655 0.608947039 7.89214849 0.608947039 6.83586073 0.608947039 7.09993267 0.626529038 7.09993267 0.644111097 7.62807655 0.626529038 7.36400461 0.644111097 7.36400461 0.644111097 7.62807655 0.661693215 7.89214849 0.644111097 7.62807655 0.661693215 7.62807655 0.661693215 7.89214849 0.59136492 6.83586073 0.59136492 7.09993267 0.608947039 7.09993267 0.608947039 7.36400461 0.608947039 7.09993267 0.59136492 7.09993267 0.608947039 7.36400461 0.626529038 7.36400461 0.626529038 7.62807655 0.626529038 7.36400461 0.608947039 7.36400461 0.626529038 7.62807655 0.644111097 7.62807655 0.644111097 7.89214849 0.626529038 7.62807655 0.644111097 7.89214849 0.59136492 6.83586073 0.608947039 7.09993267 0.59136492 7.09993267 0.608947039 7.36400461 0.59136492 7.09993267 0.608947039 7.09993267 0.59136492 7.36400461 0.608947039 7.62807655 0.59136492 7.36400461 0.59136492 7.62807655 0.608947039 7.89214849 0.59136492 7.62807655 0.608947039 7.62807655 0.59136492 7.89214849 0.573782861 6.83586073 0.573782861 7.09993267 0.59136492 7.09993267 0.59136492 7.36400461 0.608947039 7.62807655 0.626529038 7.62807655 0.626529038 7.89214849 0.626529038 7.62807655 0.608947039 7.62807655 0.626529038 7.89214849 0.573782861 6.83586073 0.59136492 7.09993267 0.573782861 7.09993267 0.59136492 7.36400461 0.573782861 7.09993267 0.59136492 7.09993267 0.573782861 7.36400461 0.59136492 7.62807655 0.573782861 7.36400461 0.59136492 7.36400461 0.573782861 7.62807655 0.59136492 7.89214849 0.573782861 7.62807655 0.573782861 7.89214849 0.556200743 6.83586073 0.556200743 7.09993267 0.573782861 7.09993267 0.573782861 7.09993267 0.573782861 7.36400461 0.59136492 7.36400461 0.59136492 7.62807655 0.59136492 7.36400461 0.59136492 7.36400461 0.59136492 7.62807655 0.608947039 7.62807655 0.608947039 7.89214849 0.608947039 7.62807655 0.608947039 7.89214849 0.556200743 6.83586073 0.573782861 7.09993267 0.556200743 7.09993267 0.573782861 7.36400461 0.556200743 7.09993267 0.573782861 7.09993267 0.556200743 7.36400461 0.573782861 7.62807655 0.556200743 7.36400461 0.573782861 7.36400461 0.556200743 7.62807655 0.573782861 7.89214849 0.556200743 7.62807655 0.573782861 7.62807655 0.556200743 7.89214849 0.538618624 6.83586073 0.556200743 7.09993267 0.556200743 7.36400461 0.556200743 7.09993267 0.538618624 7.09993267 0.556200743 7.36400461 0.573782861 7.36400461 0.573782861 7.62807655 0.573782861 7.36400461 0.556200743 7.36400461 0.573782861 7.36400461 0.573782861 7.62807655 0.59136492 7.62807655 0.59136492 7.89214849 0.59136492 7.62807655 0.573782861 7.62807655 0.59136492 7.62807655 0.59136492 7.89214849 0.538618624 6.83586073 0.538618624 7.09993267 0.556200743 7.36400461 0.538618624 7.09993267 0.556200743 7.09993267 0.538618624 7.36400461 0.556200743 7.62807655 0.538618624 7.36400461 0.556200743 7.36400461 0.538618624 7.62807655 0.556200743 7.89214849 0.538618624 7.62807655 0.538618624 7.89214849 0.521036565 6.83586073 0.538618624 7.09993267 0.521036565 7.09993267 0.538618624 7.36400461 0.521036565 7.09993267 0.538618624 7.09993267 0.521036565 7.36400461 0.538618624 7.62807655 0.521036565 7.36400461 0.538618624 7.89214849 0.521036565 7.62807655 0.521036565 7.89214849 0.521036565 6.83586073 0.521036565 7.09993267 0.538618624 7.36400461 0.538618624 7.09993267 0.521036565 7.09993267 0.538618624 7.36400461 0.556200743 7.62807655 0.556200743 7.62807655 0.573782861 7.89214849 0.573782861 7.62807655 0.573782861 7.89214849 0.521036565 7.89214849 0.503454506 7.62807655 0.521036565 7.62807655 0.503454506 7.36400461 0.521036565 7.62807655 0.503454506 7.62807655 0.503454506 7.36400461 0.521036565 7.36400461 0.503454506 7.09993267 0.521036565 7.36400461 0.503454506 7.36400461 0.503454506 6.83586073 0.521036565 7.09993267 0.503454506 7.09993267 0.503454506 6.83586073 0.503454506 7.09993267 0.521036565 7.09993267 0.521036565 7.36400461 0.521036565 7.09993267 0.521036565 7.36400461 0.538618624 7.36400461 0.538618624 7.62807655 0.538618624 7.36400461 0.538618624 7.36400461 0.538618624 7.62807655 0.556200743 7.62807655 0.556200743 7.62807655 0.556200743 7.89214849 0.538618624 7.62807655 0.556200743 7.89214849 0.556200743 7.62807655 0.538618624 7.89214849 0.521036565 7.62807655 0.538618624 7.89214849 0.521036565 7.62807655 0.521036565 7.89214849 0.503454506 7.62807655 0.521036565 7.89214849 0.503454506 7.62807655 0.503454506 7.89214849 0.503454506 7.89214849 0.503454506 7.09993267 0.521036565 7.36400461 0.521036565 7.62807655 0.521036565 7.36400461 0.521036565 7.36400461 0.521036565 7.62807655 0.538618624 7.62807655 0.503454506 7.36400461 0.503454506 7.62807655</float_array>
        <technique_common><accessor source="#vfx_kurp_0322-mesh-uv0-array" count="600" stride="2"><param name="S" type="float"/><param name="T" type="float"/></accessor></technique_common>
      </source>
      <source id="vfx_kurp_0322-mesh-colors">
        <float_array id="vfx_kurp_0322-mesh-colors-array" count="2400">0.196078449 0.196078449 0.196078449 0.349999994 0.196078449 0.196078449 0.196078449 0 0.196078449 0.196078449 0.196078449 0.349999994 0.196078449 0.196078449 0.196078449 0.799999952 0.196078449 0.196078449 0.196078449 0.349999994 0.196078449 0.196078449 0.196078449 0.799999952 0.196078449 0.196078449 0.196078449 0.349999994 0.196078449 0.196078449 0.196078449 0.799999952 0.196078449 0.196078449 0.196078449 0.349999994 0.196078449 0.196078449 0.196078449 0.349999994 0.196078449 0.196078449 0.196078449 0 0.196078449 0.196078449 0.196078449 0.349999994 0.196078449 0.196078449 0.196078449 0.349999994 0.196078449 0.196078449 0.196078449 0 0.196078449 0.196078449 0.196078449 0.349999994 0.196078449 0.196078449 0.196078449 0.349999994 0.196078449 0.196078449 0.196078449 0.799999952 0.196078449 0.196078449 0.196078449 0.349999994 0.196078449 0.196078449 0.196078449 0.349999994 0.196078449 0.196078449 0.196078449 0.799999952 0.196078449 0.196078449 0.196078449 0.5 0.196078449 0.196078449 0.196078449 0.799999952 0.196078449 0.196078449 0.196078449 0.799999952 0.196078449 0.196078449 0.196078449 0.799999952 0.196078449 0.196078449 0.196078449 0.5 0.196078449 0.196078449 0.196078449 0.799999952 0.196078449 0.196078449 0.196078449 0.5 0.196078449 0.196078449 0.196078449 0.799999952 0.196078449 0.196078449 0.196078449 0.5 0.196078449 0.196078449 0.196078449 0.799999952 0.196078449 0.196078449 0.196078449 0.5 0.196078449 0.196078449 0.196078449 0.799999952 0.196078449 0.196078449 0.196078449 0.5 0.196078449 0.196078449 0.196078449 0.799999952 0.196078449 0.196078449 0.196078449 0.5 0.196078449 0.196078449 0.196078449 0.799999952 0.196078449 0.196078449 0.196078449 0.5 0.196078449 0.196078449 0.196078449 0.799999952 0.196078449 0.196078449 0.196078449 0.5 0.196078449 0.196078449 0.196078449 0.799999952 0.196078449 0.196078449 0.196078449 0.5 0.196078449 0.196078449 0.196078449 0.799999952 0.196078449 0.196078449 0.196078449 0.5 0.196078449 0.196078449 0.196078449 0.799999952 0.196078449 0.196078449 0.196078449 0.5 0.196078449 0.196078449 0.196078449 0.799999952 0.196078449 0.196078449 0.196078449 0.5 0.196078449 0.196078449 0.196078449 0.799999952 0.196078449 0.196078449 0.196078449 0.5 0.196078449 0.196078449 0.196078449 0.799999952 0.196078449 0.196078449 0.196078449 0.5 0.196078449 0.196078449 0.196078449 0 0.196078449 0.196078449 0.196078449 0.349999994 0.196078449 0.196078449 0.196078449 0.349999994 0.196078449 0.196078449 0.196078449 0.799999952 0.196078449 0.196078449 0.196078449 0.349999994 0.196078449 0.196078449 0.196078449 0.349999994 0.196078449 0.196078449 0.196078449 0.799999952 0.196078449 0.196078449 0.196078449 0.5 0.196078449 0.196078449 0.196078449 0.799999952 0.196078449 0.196078449 0.196078449 0.799999952 0.196078449 0.196078449 0.196078449 0.5 0.196078449 0.196078449 0.196078449 0 0.196078449 0.196078449 0.196078449 0.5 0.196078449 0.196078449 0.196078449 0.5 0.196078449 0.196078449 0.196078449 0.5 0.196078449 0.196078449 0.196078449 0 0.196078449 0.196078449 0.196078449 0.5 0.196078449 0.196078449 0.196078449 0 0.196078449 0.196078449 0.196078449 0.5 0.196078449 0.196078449 0.196078449 0 0.196078449 0.196078449 0.196078449 0.5 0.196078449 0.196078449 0.196078449 0 0.196078449 0.196078449 0.196078449 0.5 0.196078449 0.196078449 0.196078449 0 0.196078449 0.196078449 0.196078449 0.5 0.196078449 0.196078449 0.196078449 0 0.196078449 0.196078449 0.196078449 0.5 0.196078449 0.196078449 0.196078449 0 0.196078449 0.196078449 0.196078449 0.5 0.196078449 0.196078449 0.196078449 0 0.196078449 0.196078449 0.196078449 0.5 0.196078449 0.196078449 0.196078449 0 0.196078449 0.196078449 0.196078449 0.5 0.196078449 0.196078449 0.196078449 0 0.196078449 0.196078449 0.196078449 0.5 0.196078449 0.196078449 0.196078449 0 0.196078449 0.196078449 0.196078449 0.5 0.196078449 0.196078449 0.196078449 0 0.196078449 0.196078449 0.196078449 0 0.196078449 0.196078449 0.196078449 0.349999994 0.196078449 0.196078449 0.196078449 0.349999994 0.196078449 0.196078449 0.196078449 0.799999952 0.196078449 0.196078449 0.196078449 0.349999994 0.196078449 0.196078449 0.196078449 0.349999994 0.196078449 0.196078449 0.196078449 0.799999952 0.196078449 0.196078449 0.196078449 0.5 0.196078449 0.196078449 0.196078449 0.799999952 0.196078449 0.196078449 0.196078449 0.799999952 0.196078449 0.196078449 0.196078449 0.5 0.196078449 0.196078449 0.196078449 0 0.196078449 0.196078449 0.196078449 0.5 0.196078449 0.196078449 0.196078449 0.5 0.196078449 0.196078449 0.196078449 0 0.196078449 0.196078449 0.196078449 0 0.196078449 0.196078449 0.196078449 0.349999994 0.196078449 0.196078449 0.196078449 0.349999994 0.196078449 0.196078449 0.196078449 0.799999952 0.196078449 0.196078449 0.196078449 0.349999994 0.196078449 0.196078449 0.196078449 0.349999994 0.196078449 0.196078449 0.196078449 0.799999952 0.196078449 0.196078449 0.196078449 0.5 0.196078449 0.196078449 0.196078449 0.799999952 0.196078449 0.196078449 0.196078449 0.799999952 0.196078449 0.196078449 0.196078449 0.5 0.196078449 0.196078449 0.196078449 0 0.196078449 0.196078449 0.196078449 0.5 0.196078449 0.196078449 0.196078449 0.5 0.196078449 0.196078449 0.196078449 0.5 0.196078449 0.196078449 0.196078449 0 0.196078449 0.196078449 0.196078449 0 0.196078449 0.196078449 0.196078449 0.349999994 0.196078449 0.196078449 0.196078449 0.349999994 0.196078449 0.196078449 0.196078449 0.799999952 0.196078449 0.196078449 0.196078449 0.349999994 0.196078449 0.196078449 0.196078449 0.349999994 0.196078449 0.196078449 0.196078449 0.799999952 0.196078449 0.196078449 0.196078449 0.5 0.196078449 0.196078449 0.196078449 0.799999952 0.196078449 0.196078449 0.196078449 0.799999952 0.196078449 0.196078449 0.196078449 0.5 0.196078449 0.196078449 0.196078449 0 0.196078449 0.196078449 0.196078449 0.5 0.196078449 0.196078449 0.196078449 0.5 0.196078449 0.196078449 0.196078449 0 0.196078449 0.196078449 0.196078449 0 0.196078449 0.196078449 0.196078449 0.349999994 0.196078449 0.196078449 0.196078449 0.349999994 0.196078449 0.196078449 0.196078449 0.799999952 0.196078449 0.196078449 0.196078449 0.349999994 0.196078449 0.196078449 0.196078449 0.349999994 0.196078449 0.196078449 0.196078449 0.799999952 0.196078449 0.196078449 0.196078449 0.5 0.196078449 0.196078449 0.196078449 0.799999952 0.196078449 0.196078449 0.196078449 0.799999952 0.196078449 0.196078449 0.196078449 0.5 0.196078449 0.196078449 0.196078449 0 0.196078449 0.196078449 0.196078449 0.5 0.196078449 0.196078449 0.196078449 0.5 0.196078449 0.196078449 0.196078449 0 0.196078449 0.196078449 0.196078449 0 0.196078449 0.196078449 0.196078449 0.349999994 0.196078449 0.196078449 0.196078449 0.349999994 0.196078449 0.196078449 0.196078449 0.799999952 0.196078449 0.196078449 0.196078449 0.349999994 0.196078449 0.196078449 0.196078449 0.349999994 0.196078449 0.196078449 0.196078449 0.349999994 0.196078449 0.196078449 0.196078449 0.799999952 0.196078449 0.196078449 0.196078449 0.5 0.196078449 0.196078449 0.196078449 0.799999952 0.196078449 0.196078449 0.196078449 0.799999952 0.196078449 0.196078449 0.196078449 0.5 0.196078449 0.196078449 0.196078449 0 0.196078449 0.196078449 0.196078449 0.5 0.196078449 0.196078449 0.196078449 0.5 0.196078449 0.196078449 0.196078449 0 0.196078449 0.196078449 0.196078449 0 0.196078449 0.196078449 0.196078449 0.349999994 0.196078449 0.196078449 0.196078449 0.349999994 0.196078449 0.196078449 0.196078449 0.799999952 0.196078449 0.196078449 0.196078449 0.349999994 0.196078449 0.196078449 0.196078449 0.349999994 0.196078449 0.196078449 0.196078449 0.799999952 0.196078449 0.196078449 0.196078449 0.5 0.196078449 0.196078449 0.196078449 0.799999952 0.196078449 0.196078449 0.196078449 0.799999952 0.196078449 0.196078449 0.196078449 0.5 0.196078449 0.196078449 0.196078449 0 0.196078449 0.196078449 0.196078449 0.5 0.196078449 0.196078449 0.196078449 0.5 0.196078449 0.196078449 0.196078449 0 0.196078449 0.196078449 0.196078449 0 0.196078449 0.196078449 0.196078449 0.5 0.196078449 0.196078449 0.196078449 0 0.196078449 0.196078449 0.196078449 0.5 0.196078449 0.196078449 0.196078449 0 0.196078449 0.196078449 0.196078449 0.5 0.196078449 0.196078449 0.196078449 0 0.196078449 0.196078449 0.196078449 0.5 0.196078449 0.196078449 0.196078449 0.5 0.196078449 0.196078449 0.196078449 0.5 0.196078449 0.196078449 0.196078449 0.799999952 0.196078449 0.196078449 0.196078449 0.5 0.196078449 0.196078449 0.196078449 0.799999952 0.196078449 0.196078449 0.196078449 0.5 0.196078449 0.196078449 0.196078449 0.5 0.196078449 0.196078449 0.196078449 0.799999952 0.196078449 0.196078449 0.196078449 0.5 0.196078449 0.196078449 0.196078449 0.799999952 0.196078449 0.196078449 0.196078449 0.799999952 0.196078449 0.196078449 0.196078449 0.349999994 0.196078449 0.196078449 0.196078449 0.799999952 0.196078449 0.196078449 0.196078449 0.349999994 0.196078449 0.196078449 0.196078449 0.799999952 0.196078449 0.196078449 0.196078449 0.799999952 0.196078449 0.196078449 0.196078449 0.799999952 0.196078449 0.196078449 0.196078449 0.799999952 0.196078449 0.196078449 0.196078449 0.349999994 0.196078449 0.196078449 0.196078449 0.799999952 0.196078449 0.196078449 0.196078449 0.5 0.196078449 0.196078449 0.196078449 0.799999952 0.196078449 0.196078449 0.196078449 0.5 0.196078449 0.196078449 0.196078449 0.799999952 0.196078449 0.196078449 0.196078449 0.5 0.196078449 0.196078449 0.196078449 0.799999952 0.196078449 0.196078449 0.196078449 0.5 0.196078449 0.196078449 0.196078449 0.799999952 0.196078449 0.196078449 0.196078449 0.5 0.196078449 0.196078449 0.196078449 0.799999952 0.196078449 0.196078449 0.196078449 0.5 0.196078449 0.196078449 0.196078449 0.799999952 0.196078449 0.196078449 0.196078449 0.5 0.196078449 0.196078449 0.196078449 0 0.196078449 0.196078449 0.196078449 0.5 0.196078449 0.196078449 0.196078449 0.5 0.196078449 0.196078449 0.196078449 0.5 0.196078449 0.196078449 0.196078449 0 0.196078449 0.196078449 0.196078449 0.5 0.196078449 0.196078449 0.196078449 0 0.196078449 0.196078449 0.196078449 0.5 0.196078449 0.196078449 0.196078449 0 0.196078449 0.196078449 0.196078449 0.5 0.196078449 0.196078449 0.196078449 0 0.196078449 0.196078449 0.196078449 0.5 0.196078449 0.196078449 0.196078449 0 0.196078449 0.196078449 0.196078449 0.5 0.196078449 0.196078449 0.196078449 0 0.196078449 0.196078449 0.196078449 0.5 0.196078449 0.196078449 0.196078449 0 0.196078449 0.196078449 0.196078449 0.5 0.196078449 0.196078449 0.196078449 0 0.196078449 0.196078449 0.196078449 0.5 0.196078449 0.196078449 0.196078449 0 0.196078449 0.196078449 0.196078449 0 0.196078449 0.196078449 0.196078449 0.349999994 0.196078449 0.196078449 0.196078449 0 0.196078449 0.196078449 0.196078449 0.349999994 0.196078449 0.196078449 0.196078449 0.349999994 0.196078449 0.196078449 0.196078449 0.349999994 0.196078449 0.196078449 0.196078449 0 0.196078449 0.196078449 0.196078449 0.349999994 0.196078449 0.196078449 0.196078449 0.349999994 0.196078449 0.196078449 0.196078449 0.799999952 0.196078449 0.196078449 0.196078449 0.349999994 0.196078449 0.196078449 0.196078449 0 0.196078449 0.196078449 0.196078449 0.349999994 0.196078449 0.196078449 0.196078449 0.349999994 0.196078449 0.196078449 0.196078449 0.349999994 0.196078449 0.196078449 0.196078449 0.349999994 0.196078449 0.196078449 0.196078449 0.799999952 0.196078449 0.196078449 0.196078449 0.799999952 0.196078449 0.196078449 0.196078449 0.349999994 0.196078449 0.196078449 0.196078449 0 0.196078449 0.196078449 0.196078449 0.349999994 0.196078449 0.196078449 0.196078449 0.349999994 0.196078449 0.196078449 0.196078449 0 0.196078449 0.196078449 0.196078449 0.349999994 0.196078449 0.196078449 0.196078449 0.349999994 0.196078449 0.196078449 0.196078449 0.799999952 0.196078449 0.196078449 0.196078449 0.349999994 0.196078449 0.196078449 0.196078449 0.349999994 0.196078449 0.196078449 0.196078449 0.349999994 0.196078449 0.196078449 0.196078449 0.799999952 0.196078449 0.196078449 0.196078449 0.799999952 0.196078449 0.196078449 0.196078449 0 0.196078449 0.196078449 0.196078449 0.349999994 0.196078449 0.196078449 0.196078449 0.349999994 0.196078449 0.196078449 0.196078449 0.799999952 0.196078449 0.196078449 0.196078449 0.349999994 0.196078449 0.196078449 0.196078449 0.349999994 0.196078449 0.196078449 0.196078449 0.349999994 0.196078449 0.196078449 0.196078449 0.799999952 0.196078449 0.196078449 0.196078449 0.799999952 0.196078449 0.196078449 0.196078449 0 0.196078449 0.196078449 0.196078449 0.349999994 0.196078449 0.196078449 0.196078449 0.349999994 0.196078449 0.196078449 0.196078449 0.799999952 0.196078449 0.196078449 0.196078449 0.349999994 0.196078449 0.196078449 0.196078449 0.349999994 0.196078449 0.196078449 0.196078449 0.349999994 0.196078449 0.196078449 0.196078449 0.799999952 0.196078449 0.196078449 0.196078449 0 0.196078449 0.196078449 0.196078449 0.349999994 0.196078449 0.196078449 0.196078449 0.349999994 0.196078449 0.196078449 0.196078449 0.799999952 0.196078449 0.196078449 0.196078449 0.349999994 0.196078449 0.196078449 0.196078449 0.349999994 0.196078449 0.196078449 0.196078449 0.349999994 0.196078449 0.196078449 0.196078449 0 0.196078449 0.196078449 0.196078449 0.349999994 0.196078449 0.196078449 0.196078449 0.349999994 0.196078449 0.196078449 0.196078449 0.799999952 0.196078449 0.196078449 0.196078449 0.349999994 0.196078449 0.196078449 0.196078449 0.349999994 0.196078449 0.196078449 0.196078449 0.349999994 0.196078449 0.196078449 0.196078449 0.799999952 0.196078449 0.196078449 0.196078449 0.799999952 0.196078449 0.196078449 0.196078449 0 0.196078449 0.196078449 0.196078449 0.349999994 0.196078449 0.196078449 0.196078449 0.349999994 0.196078449 0.196078449 0.196078449 0.799999952 0.196078449 0.196078449 0.196078449 0.349999994 0.196078449 0.196078449 0.196078449 0.349999994 0.196078449 0.196078449 0.196078449 0.349999994 0.196078449 0.196078449 0.196078449 0.799999952 0.196078449 0.196078449 0.196078449 0.349999994 0.196078449 0.196078449 0.196078449 0 0.196078449 0.196078449 0.196078449 0.349999994 0.196078449 0.196078449 0.196078449 0.799999952 0.196078449 0.196078449 0.196078449 0.349999994 0.196078449 0.196078449 0.196078449 0.799999952 0.196078449 0.196078449 0.196078449 0.349999994 0.196078449 0.196078449 0.196078449 0.799999952 0.196078449 0.196078449 0.196078449 0.349999994 0.196078449 0.196078449 0.196078449 0.349999994 0.196078449 0.196078449 0.196078449 0.349999994 0.196078449 0.196078449 0.196078449 0 0.196078449 0.196078449 0.196078449 0.349999994 0.196078449 0.196078449 0.196078449 0.349999994 0.196078449 0.196078449 0.196078449 0.5 0.196078449 0.196078449 0.196078449 0.5 0.196078449 0.196078449 0.196078449 0.799999952 0.196078449 0.196078449 0.196078449 0.5 0.196078449 0.196078449 0.196078449 0.799999952 0.196078449 0.196078449 0.196078449 0.5 0.196078449 0.196078449 0.196078449 0.799999952 0.196078449 0.196078449 0.196078449 0.799999952 0.196078449 0.196078449 0.196078449 0.799999952 0.196078449 0.196078449 0.196078449 0.799999952 0.196078449 0.196078449 0.196078449 0.349999994 0.196078449 0.196078449 0.196078449 0 0.196078449 0.196078449 0.196078449 0.349999994 0.196078449 0.196078449 0.196078449 0.349999994 0.196078449 0.196078449 0.196078449 0.349999994 0.196078449 0.196078449 0.196078449 0.349999994 0.196078449 0.196078449 0.196078449 0.799999952 0.196078449 0.196078449 0.196078449 0.799999952 0.196078449 0.196078449 0.196078449 0.5 0.196078449 0.196078449 0.196078449 0.799999952 0.196078449 0.196078449 0.196078449 0.799999952 0.196078449 0.196078449 0.196078449 0.5 0.196078449 0.196078449 0.196078449 0 0.196078449 0.196078449 0.196078449 0.5 0.196078449 0.196078449 0.196078449 0.5 0.196078449 0.196078449 0.196078449 0 0.196078449 0.196078449 0.196078449 0 0.196078449 0.196078449 0.196078449 0.5 0.196078449 0.196078449 0.196078449 0 0.196078449 0.196078449 0.196078449 0.5 0.196078449 0.196078449 0.196078449 0 0.196078449 0.196078449 0.196078449 0.5 0.196078449 0.196078449 0.196078449 0.5 0.196078449 0.196078449 0.196078449 0.5 0.196078449 0.196078449 0.196078449 0.799999952 0.196078449 0.196078449 0.196078449 0.799999952 0.196078449 0.196078449 0.196078449 0.349999994 0.196078449 0.196078449 0.196078449 0.799999952 0.196078449 0.196078449 0.196078449 0.799999952 0.196078449 0.196078449 0.196078449 0.349999994 0.196078449 0.196078449 0.196078449 0 0.196078449 0.196078449 0.196078449 0.349999994 0.196078449 0.196078449 0.196078449 0.349999994 0.196078449 0.196078449 0.196078449 0 0.196078449 0.196078449 0.196078449 0.349999994 0.196078449 0.196078449 0.196078449 0.349999994 0.196078449 0.196078449 0.196078449 0.799999952 0.196078449 0.196078449 0.196078449 0.349999994 0.196078449 0.196078449 0.196078449 0.349999994 0.196078449 0.196078449 0.196078449 0.799999952 0.196078449 0.196078449 0.196078449 0.5 0.196078449 0.196078449 0.196078449 0.799999952 0.196078449 0.196078449 0.196078449 0.799999952 0.196078449 0.196078449 0.196078449 0.5 0.196078449 0.196078449 0.196078449 0 0.196078449 0.196078449 0.196078449 0.5 0.196078449 0.196078449 0.196078449 0.5 0.196078449 0.196078449 0.196078449 0 0.196078449 0.196078449 0.196078449 0 0.196078449 0.196078449 0.196078449 0.349999994 0.196078449 0.196078449 0.196078449 0.349999994 0.196078449 0.196078449 0.196078449 0.799999952 0.196078449 0.196078449 0.196078449 0.349999994 0.196078449 0.196078449 0.196078449 0.349999994 0.196078449 0.196078449 0.196078449 0.799999952 0.196078449 0.196078449 0.196078449 0.5 0.196078449 0.196078449 0.196078449 0.799999952 0.196078449 0.196078449 0.196078449 0.799999952 0.196078449 0.196078449 0.196078449 0.5 0.196078449 0.196078449 0.196078449 0 0.196078449 0.196078449 0.196078449 0.5 0.196078449 0.196078449 0.196078449 0.5 0.196078449 0.196078449 0.196078449 0 0.196078449 0.196078449 0.196078449 0 0.196078449 0.196078449 0.196078449 0.349999994 0.196078449 0.196078449 0.196078449 0.349999994 0.196078449 0.196078449 0.196078449 0.5 0.196078449 0.196078449 0.196078449 0.799999952 0.196078449 0.196078449 0.196078449 0.799999952 0.196078449 0.196078449 0.196078449 0.5 0.196078449 0.196078449 0.196078449 0 0.196078449 0.196078449 0.196078449 0.5 0.196078449 0.196078449 0.196078449 0.5 0.196078449 0.196078449 0.196078449 0 0.196078449 0.196078449 0.196078449 0 0.196078449 0.196078449 0.196078449 0.349999994 0.196078449 0.196078449 0.196078449 0.349999994 0.196078449 0.196078449 0.196078449 0.799999952 0.196078449 0.196078449 0.196078449 0.349999994 0.196078449 0.196078449 0.196078449 0.349999994 0.196078449 0.196078449 0.196078449 0.799999952 0.196078449 0.196078449 0.196078449 0.799999952 0.196078449 0.196078449 0.196078449 0.5 0.196078449 0.196078449 0.196078449 0.799999952 0.196078449 0.196078449 0.196078449 0.799999952 0.196078449 0.196078449 0.196078449 0.5 0.196078449 0.196078449 0.196078449 0.5 0.196078449 0.196078449 0.196078449 0 0.196078449 0.196078449 0.196078449 0.5 0.196078449 0.196078449 0.196078449 0 0.196078449 0.196078449 0.196078449 0 0.196078449 0.196078449 0.196078449 0.349999994 0.196078449 0.196078449 0.196078449 0.349999994 0.196078449 0.196078449 0.196078449 0.799999952 0.196078449 0.196078449 0.196078449 0.349999994 0.196078449 0.196078449 0.196078449 0.349999994 0.196078449 0.196078449 0.196078449 0.799999952 0.196078449 0.196078449 0.196078449 0.5 0.196078449 0.196078449 0.196078449 0.799999952 0.196078449 0.196078449 0.196078449 0.5 0.196078449 0.196078449 0.196078449 0 0.196078449 0.196078449 0.196078449 0.5 0.196078449 0.196078449 0.196078449 0.5 0.196078449 0.196078449 0.196078449 0 0.196078449 0.196078449 0.196078449 0 0.196078449 0.196078449 0.196078449 0.349999994 0.196078449 0.196078449 0.196078449 0.349999994 0.196078449 0.196078449 0.196078449 0.799999952 0.196078449 0.196078449 0.196078449 0.5 0.196078449 0.196078449 0.196078449 0.5 0.196078449 0.196078449 0.196078449 0 0.196078449 0.196078449 0.196078449 0.5 0.196078449 0.196078449 0.196078449 0.5 0.196078449 0.196078449 0.196078449 0 0.196078449 0.196078449 0.196078449 0 0.196078449 0.196078449 0.196078449 0.349999994 0.196078449 0.196078449 0.196078449 0.349999994 0.196078449 0.196078449 0.196078449 0.799999952 0.196078449 0.196078449 0.196078449 0.349999994 0.196078449 0.196078449 0.196078449 0.349999994 0.196078449 0.196078449 0.196078449 0.799999952 0.196078449 0.196078449 0.196078449 0.5 0.196078449 0.196078449 0.196078449 0.799999952 0.196078449 0.196078449 0.196078449 0.799999952 0.196078449 0.196078449 0.196078449 0.5 0.196078449 0.196078449 0.196078449 0 0.196078449 0.196078449 0.196078449 0.5 0.196078449 0.196078449 0.196078449 0 0.196078449 0.196078449 0.196078449 0 0.196078449 0.196078449 0.196078449 0.349999994 0.196078449 0.196078449 0.196078449 0.349999994 0.196078449 0.196078449 0.196078449 0.349999994 0.196078449 0.196078449 0.196078449 0.799999952 0.196078449 0.196078449 0.196078449 0.799999952 0.196078449 0.196078449 0.196078449 0.5 0.196078449 0.196078449 0.196078449 0.799999952 0.196078449 0.196078449 0.196078449 0.799999952 0.196078449 0.196078449 0.196078449 0.5 0.196078449 0.196078449 0.196078449 0.5 0.196078449 0.196078449 0.196078449 0 0.196078449 0.196078449 0.196078449 0.5 0.196078449 0.196078449 0.196078449 0 0.196078449 0.196078449 0.196078449 0 0.196078449 0.196078449 0.196078449 0.349999994 0.196078449 0.196078449 0.196078449 0.349999994 0.196078449 0.196078449 0.196078449 0.799999952 0.196078449 0.196078449 0.196078449 0.349999994 0.196078449 0.196078449 0.196078449 0.349999994 0.196078449 0.196078449 0.196078449 0.799999952 0.196078449 0.196078449 0.196078449 0.5 0.196078449 0.196078449 0.196078449 0.799999952 0.196078449 0.196078449 0.196078449 0.799999952 0.196078449 0.196078449 0.196078449 0.5 0.196078449 0.196078449 0.196078449 0 0.196078449 0.196078449 0.196078449 0.5 0.196078449 0.196078449 0.196078449 0.5 0.196078449 0.196078449 0.196078449 0 0.196078449 0.196078449 0.196078449 0 0.196078449 0.196078449 0.196078449 0.349999994 0.196078449 0.196078449 0.196078449 0.799999952 0.196078449 0.196078449 0.196078449 0.349999994 0.196078449 0.196078449 0.196078449 0.349999994 0.196078449 0.196078449 0.196078449 0.799999952 0.196078449 0.196078449 0.196078449 0.799999952 0.196078449 0.196078449 0.196078449 0.5 0.196078449 0.196078449 0.196078449 0.799999952 0.196078449 0.196078449 0.196078449 0.799999952 0.196078449 0.196078449 0.196078449 0.799999952 0.196078449 0.196078449 0.196078449 0.5 0.196078449 0.196078449 0.196078449 0.5 0.196078449 0.196078449 0.196078449 0 0.196078449 0.196078449 0.196078449 0.5 0.196078449 0.196078449 0.196078449 0.5 0.196078449 0.196078449 0.196078449 0.5 0.196078449 0.196078449 0.196078449 0 0.196078449 0.196078449 0.196078449 0 0.196078449 0.196078449 0.196078449 0.349999994 0.196078449 0.196078449 0.196078449 0.799999952 0.196078449 0.196078449 0.196078449 0.349999994 0.196078449 0.196078449 0.196078449 0.349999994 0.196078449 0.196078449 0.196078449 0.799999952 0.196078449 0.196078449 0.196078449 0.5 0.196078449 0.196078449 0.196078449 0.799999952 0.196078449 0.196078449 0.196078449 0.799999952 0.196078449 0.196078449 0.196078449 0.5 0.196078449 0.196078449 0.196078449 0 0.196078449 0.196078449 0.196078449 0.5 0.196078449 0.196078449 0.196078449 0 0.196078449 0.196078449 0.196078449 0 0.196078449 0.196078449 0.196078449 0.349999994 0.196078449 0.196078449 0.196078449 0.349999994 0.196078449 0.196078449 0.196078449 0.799999952 0.196078449 0.196078449 0.196078449 0.349999994 0.196078449 0.196078449 0.196078449 0.349999994 0.196078449 0.196078449 0.196078449 0.799999952 0.196078449 0.196078449 0.196078449 0.5 0.196078449 0.196078449 0.196078449 0.799999952 0.196078449 0.196078449 0.196078449 0 0.196078449 0.196078449 0.196078449 0.5 0.196078449 0.196078449 0.196078449 0 0.196078449 0.196078449 0.196078449 0 0.196078449 0.196078449 0.196078449 0.349999994 0.196078449 0.196078449 0.196078449 0.799999952 0.196078449 0.196078449 0.196078449 0.349999994 0.196078449 0.196078449 0.196078449 0.349999994 0.196078449 0.196078449 0.196078449 0.799999952 0.196078449 0.196078449 0.196078449 0.5 0.196078449 0.196078449 0.196078449 0.5 0.196078449 0.196078449 0.196078449 0 0.196078449 0.196078449 0.196078449 0.5 0.196078449 0.196078449 0.196078449 0 0.196078449 0.196078449 0.196078449 0 0.196078449 0.196078449 0.196078449 0.5 0.196078449 0.196078449 0.196078449 0.5 0.196078449 0.196078449 0.196078449 0.799999952 0.196078449 0.196078449 0.196078449 0.5 0.196078449 0.196078449 0.196078449 0.5 0.196078449 0.196078449 0.196078449 0.799999952 0.196078449 0.196078449 0.196078449 0.799999952 0.196078449 0.196078449 0.196078449 0.349999994 0.196078449 0.196078449 0.196078449 0.799999952 0.196078449 0.196078449 0.196078449 0.799999952 0.196078449 0.196078449 0.196078449 0 0.196078449 0.196078449 0.196078449 0.349999994 0.196078449 0.196078449 0.196078449 0.349999994 0.196078449 0.196078449 0.196078449 0 0.196078449 0.196078449 0.196078449 0.349999994 0.196078449 0.196078449 0.196078449 0.349999994 0.196078449 0.196078449 0.196078449 0.799999952 0.196078449 0.196078449 0.196078449 0.349999994 0.196078449 0.196078449 0.196078449 0.799999952 0.196078449 0.196078449 0.196078449 0.799999952 0.196078449 0.196078449 0.196078449 0.5 0.196078449 0.196078449 0.196078449 0.799999952 0.196078449 0.196078449 0.196078449 0.799999952 0.196078449 0.196078449 0.196078449 0.5 0.196078449 0.196078449 0.196078449 0.5 0.196078449 0.196078449 0.196078449 0.5 0.196078449 0.196078449 0.196078449 0 0.196078449 0.196078449 0.196078449 0.5 0.196078449 0.196078449 0.196078449 0 0.196078449 0.196078449 0.196078449 0.5 0.196078449 0.196078449 0.196078449 0 0.196078449 0.196078449 0.196078449 0.5 0.196078449 0.196078449 0.196078449 0 0.196078449 0.196078449 0.196078449 0.5 0.196078449 0.196078449 0.196078449 0 0.196078449 0.196078449 0.196078449 0.5 0.196078449 0.196078449 0.196078449 0 0.196078449 0.196078449 0.196078449 0.5 0.196078449 0.196078449 0.196078449 0 0.196078449 0.196078449 0.196078449 0 0.196078449 0.196078449 0.196078449 0.349999994 0.196078449 0.196078449 0.196078449 0.799999952 0.196078449 0.196078449 0.196078449 0.5 0.196078449 0.196078449 0.196078449 0.799999952 0.196078449 0.196078449 0.196078449 0.799999952 0.196078449 0.196078449 0.196078449 0.5 0.196078449 0.196078449 0.196078449 0.5 0.196078449 0.196078449 0.196078449 0.799999952 0.196078449 0.196078449 0.196078449 0.5</float_array>
        <technique_common><accessor source="#vfx_kurp_0322-mesh-colors-array" count="600" stride="4"><param name="R" type="float"/><param name="G" type="float"/><param name="B" type="float"/><param name="A" type="float"/></accessor></technique_common>
      </source>
      <vertices id="vfx_kurp_0322-mesh-vertices"><input semantic="POSITION" source="#vfx_kurp_0322-mesh-positions"/></vertices>
      <triangles material="PreviewMaterial" count="280">
        <input semantic="VERTEX" source="#vfx_kurp_0322-mesh-vertices" offset="0"/>
        <input semantic="NORMAL" source="#vfx_kurp_0322-mesh-normals" offset="1"/>
        <input semantic="TEXCOORD" source="#vfx_kurp_0322-mesh-uv0" offset="2" set="0"/>
        <input semantic="COLOR" source="#vfx_kurp_0322-mesh-colors" offset="3" set="0"/>
        <p>0 0 0 0 1 1 1 1 2 2 2 2 3 3 3 3 4 4 4 4 5 5 5 5 6 6 6 6 5 5 5 5 4 4 4 4 7 7 7 7 8 8 8 8 9 9 9 9 10 10 10 10 11 11 11 11 12 12 12 12 13 13 13 13 14 14 14 14 15 15 15 15 16 16 16 16 17 17 17 17 18 18 18 18 9 9 9 9 19 19 19 19 7 7 7 7 20 20 20 20 21 21 21 21 22 22 22 22 23 23 23 23 24 24 24 24 25 25 25 25 26 26 26 26 25 25 25 25 24 24 24 24 27 27 27 27 28 28 28 28 29 29 29 29 30 30 30 30 29 29 29 29 28 28 28 28 31 31 31 31 32 32 32 32 33 33 33 33 34 34 34 34 33 33 33 33 32 32 32 32 35 35 35 35 36 36 36 36 37 37 37 37 38 38 38 38 37 37 37 37 36 36 36 36 39 39 39 39 40 40 40 40 41 41 41 41 42 42 42 42 41 41 41 41 40 40 40 40 43 43 43 43 44 44 44 44 45 45 45 45 46 46 46 46 45 45 45 45 44 44 44 44 47 47 47 47 48 48 48 48 49 49 49 49 50 50 50 50 49 49 49 49 48 48 48 48 51 51 51 51 52 52 52 52 53 53 53 53 54 54 54 54 55 55 55 55 56 56 56 56 18 18 18 18 57 57 57 57 16 16 16 16 58 58 58 58 59 59 59 59 60 60 60 60 22 22 22 22 61 61 61 61 20 20 20 20 62 62 62 62 63 63 63 63 64 64 64 64 65 65 65 65 66 66 66 66 67 67 67 67 68 68 68 68 67 67 67 67 66 66 66 66 69 69 69 69 70 70 70 70 71 71 71 71 72 72 72 72 71 71 71 71 70 70 70 70 73 73 73 73 74 74 74 74 75 75 75 75 76 76 76 76 75 75 75 75 74 74 74 74 77 77 77 77 78 78 78 78 79 79 79 79 80 80 80 80 79 79 79 79 78 78 78 78 81 81 81 81 82 82 82 82 83 83 83 83 84 84 84 84 83 83 83 83 82 82 82 82 85 85 85 85 86 86 86 86 87 87 87 87 88 88 88 88 87 87 87 87 86 86 86 86 89 89 89 89 90 90 90 90 91 91 91 91 92 92 92 92 93 93 93 93 94 94 94 94 56 56 56 56 95 95 95 95 54 54 54 54 96 96 96 96 97 97 97 97 98 98 98 98 60 60 60 60 99 99 99 99 58 58 58 58 100 100 100 100 101 101 101 101 102 102 102 102 64 64 64 64 103 103 103 103 62 62 62 62 104 104 104 104 105 105 105 105 106 106 106 106 107 107 107 107 108 108 108 108 109 109 109 109 94 94 94 94 110 110 110 110 92 92 92 92 111 111 111 111 112 112 112 112 113 113 113 113 98 98 98 98 114 114 114 114 96 96 96 96 115 115 115 115 116 116 116 116 117 117 117 117 118 118 118 118 119 119 119 119 100 100 100 100 120 120 120 120 121 121 121 121 122 122 122 122 123 123 123 123 124 124 124 124 125 125 125 125 109 109 109 109 126 126 126 126 107 107 107 107 127 127 127 127 128 128 128 128 129 129 129 129 113 113 113 113 130 130 130 130 111 111 111 111 131 131 131 131 132 132 132 132 133 133 133 133 117 117 117 117 134 134 134 134 115 115 115 115 135 135 135 135 136 136 136 136 137 137 137 137 138 138 138 138 139 139 139 139 140 140 140 140 125 125 125 125 141 141 141 141 123 123 123 123 142 142 142 142 143 143 143 143 144 144 144 144 129 129 129 129 145 145 145 145 127 127 127 127 146 146 146 146 147 147 147 147 148 148 148 148 133 133 133 133 149 149 149 149 131 131 131 131 150 150 150 150 151 151 151 151 152 152 152 152 153 153 153 153 154 154 154 154 155 155 155 155 156 156 156 156 157 157 157 157 138 138 138 138 158 158 158 158 159 159 159 159 160 160 160 160 144 144 144 144 161 161 161 161 142 142 142 142 162 162 162 162 163 163 163 163 164 164 164 164 148 148 148 148 165 165 165 165 146 146 146 146 166 166 166 166 167 167 167 167 168 168 168 168 169 169 169 169 170 170 170 170 171 171 171 171 155 155 155 155 172 172 172 172 153 153 153 153 173 173 173 173 174 174 174 174 175 175 175 175 160 160 160 160 176 176 176 176 158 158 158 158 177 177 177 177 178 178 178 178 179 179 179 179 164 164 164 164 180 180 180 180 162 162 162 162 177 177 177 177 179 179 179 179 181 181 181 181 182 182 182 182 183 183 183 183 184 184 184 184 183 183 183 183 182 182 182 182 185 185 185 185 186 186 186 186 187 187 187 187 188 188 188 188 189 189 189 189 175 175 175 175 190 190 190 190 191 191 191 191 192 192 192 192 193 193 193 193 194 194 194 194 191 191 191 191 195 195 195 195 196 196 196 196 197 197 197 197 198 198 198 198 169 169 169 169 171 171 171 171 199 199 199 199 200 200 200 200 201 201 201 201 202 202 202 202 203 203 203 203 200 200 200 200 204 204 204 204 205 205 205 205 206 206 206 206 207 207 207 207 208 208 208 208 209 209 209 209 210 210 210 210 211 211 211 211 210 210 210 210 209 209 209 209 212 212 212 212 213 213 213 213 214 214 214 214 215 215 215 215 214 214 214 214 213 213 213 213 216 216 216 216 217 217 217 217 218 218 218 218 219 219 219 219 218 218 218 218 217 217 217 217 220 220 220 220 221 221 221 221 197 197 197 197 222 222 222 222 223 223 223 223 224 224 224 224 225 225 225 225 226 226 226 226 187 187 187 187 227 227 227 227 228 228 228 228 229 229 229 229 230 230 230 230 229 229 229 229 228 228 228 228 231 231 231 231 232 232 232 232 233 233 233 233 234 234 234 234 233 233 233 233 232 232 232 232 235 235 235 235 236 236 236 236 237 237 237 237 238 238 238 238 237 237 237 237 236 236 236 236 239 239 239 239 240 240 240 240 241 241 241 241 242 242 242 242 241 241 241 241 240 240 240 240 224 224 224 224 243 243 243 243 222 222 222 222 244 244 244 244 245 245 245 245 246 246 246 246 247 247 247 247 248 248 248 248 249 249 249 249 250 250 250 250 251 251 251 251 205 205 205 205 252 252 252 252 216 216 216 216 253 253 253 253 254 254 254 254 255 255 255 255 256 256 256 256 252 252 252 252 253 253 253 253 257 257 257 257 258 258 258 258 259 259 259 259 260 260 260 260 259 259 259 259 258 258 258 258 261 261 261 261 262 262 262 262 263 263 263 263 264 264 264 264 265 265 265 265 266 266 266 266 267 267 267 267 268 268 268 268 269 269 269 269 270 270 270 270 271 271 271 271 272 272 272 272 273 273 273 273 274 274 274 274 275 275 275 275 276 276 276 276 277 277 277 277 278 278 278 278 279 279 279 279 280 280 280 280 281 281 281 281 282 282 282 282 283 283 283 283 284 284 284 284 285 285 285 285 286 286 286 286 287 287 287 287 288 288 288 288 289 289 289 289 290 290 290 290 281 281 281 281 291 291 291 291 292 292 292 292 293 293 293 293 294 294 294 294 295 295 295 295 296 296 296 296 297 297 297 297 294 294 294 294 290 290 290 290 298 298 298 298 299 299 299 299 300 300 300 300 301 301 301 301 302 302 302 302 303 303 303 303 304 304 304 304 305 305 305 305 306 306 306 306 307 307 307 307 308 308 308 308 309 309 309 309 310 310 310 310 311 311 311 311 312 312 312 312 313 313 313 313 310 310 310 310 314 314 314 314 315 315 315 315 316 316 316 316 317 317 317 317 318 318 318 318 319 319 319 319 320 320 320 320 321 321 321 321 322 322 322 322 323 323 323 323 320 320 320 320 324 324 324 324 325 325 325 325 326 326 326 326 327 327 327 327 328 328 328 328 329 329 329 329 318 318 318 318 330 330 330 330 331 331 331 331 332 332 332 332 333 333 333 333 334 334 334 334 335 335 335 335 336 336 336 336 325 325 325 325 337 337 337 337 338 338 338 338 310 310 310 310 339 339 339 339 313 313 313 313 340 340 340 340 341 341 341 341 342 342 342 342 307 307 307 307 315 315 315 315 343 343 343 343 318 318 318 318 344 344 344 344 319 319 319 319 344 344 344 344 345 345 345 345 346 346 346 346 347 347 347 347 348 348 348 348 349 349 349 349 348 348 348 348 329 329 329 329 350 350 350 350 351 351 351 351 352 352 352 352 353 353 353 353 350 350 350 350 351 351 351 351 354 354 354 354 355 355 355 355 356 356 356 356 357 357 357 357 358 358 358 358 357 357 357 357 356 356 356 356 359 359 359 359 330 330 330 330 360 360 360 360 336 336 336 336 361 361 361 361 334 334 334 334 362 362 362 362 363 363 363 363 364 364 364 364 365 365 365 365 366 366 366 366 367 367 367 367 314 314 314 314 313 313 313 313 368 368 368 368 369 369 369 369 370 370 370 370 371 371 371 371 372 372 372 372 373 373 373 373 374 374 374 374 375 375 375 375 376 376 376 376 377 377 377 377 376 376 376 376 346 346 346 346 378 378 378 378 379 379 379 379 380 380 380 380 381 381 381 381 380 380 380 380 118 118 118 118 382 382 382 382 383 383 383 383 384 384 384 384 385 385 385 385 384 384 384 384 383 383 383 383 386 386 386 386 387 387 387 387 388 388 388 388 389 389 389 389 390 390 390 390 391 391 391 391 392 392 392 392 391 391 391 391 390 390 390 390 393 393 393 393 394 394 394 394 395 395 395 395 396 396 396 396 395 395 395 395 382 382 382 382 397 397 397 397 398 398 398 398 399 399 399 399 400 400 400 400 397 397 397 397 398 398 398 398 401 401 401 401 402 402 402 402 403 403 403 403 404 404 404 404 294 294 294 294 368 368 368 368 297 297 297 297 304 304 304 304 306 306 306 306 305 305 305 305 405 405 405 405 364 364 364 364 406 406 406 406 407 407 407 407 408 408 408 408 362 362 362 362 409 409 409 409 360 360 360 360 410 410 410 410 411 411 411 411 412 412 412 412 359 359 359 359 413 413 413 413 414 414 414 414 415 415 415 415 416 416 416 416 417 417 417 417 418 418 418 418 297 297 297 297 419 419 419 419 420 420 420 420 421 421 421 421 422 422 422 422 423 423 423 423 406 406 406 406 424 424 424 424 425 425 425 425 426 426 426 426 405 405 405 405 427 427 427 427 410 410 410 410 428 428 428 428 409 409 409 409 429 429 429 429 430 430 430 430 431 431 431 431 432 432 432 432 433 433 433 433 434 434 434 434 433 433 433 433 432 432 432 432 435 435 435 435 436 436 436 436 437 437 437 437 393 393 393 393 437 437 437 437 436 436 436 436 438 438 438 438 439 439 439 439 440 440 440 440 441 441 441 441 440 440 440 440 439 439 439 439 442 442 442 442 443 443 443 443 444 444 444 444 445 445 445 445 281 281 281 281 289 289 289 289 280 280 280 280 418 418 418 418 446 446 446 446 416 416 416 416 81 81 81 81 290 290 290 290 281 281 281 281 423 423 423 423 447 447 447 447 448 448 448 448 449 449 449 449 450 450 450 450 451 451 451 451 421 421 421 421 452 452 452 452 426 426 426 426 453 453 453 453 454 454 454 454 455 455 455 455 456 456 456 456 457 457 457 457 458 458 458 458 457 457 457 457 456 456 456 456 459 459 459 459 460 460 460 460 461 461 461 461 462 462 462 462 461 461 461 461 460 460 460 460 463 463 463 463 464 464 464 464 465 465 465 465 438 438 438 438 465 465 465 465 464 464 464 464 466 466 466 466 467 467 467 467 468 468 468 468 469 469 469 469 272 272 272 272 470 470 470 470 271 271 271 271 280 280 280 280 471 471 471 471 472 472 472 472 473 473 473 473 474 474 474 474 272 272 272 272 475 475 475 475 476 476 476 476 477 477 477 477 478 478 478 478 479 479 479 479 473 473 473 473 451 451 451 451 480 480 480 480 449 449 449 449 481 481 481 481 482 482 482 482 483 483 483 483 484 484 484 484 485 485 485 485 486 486 486 486 485 485 485 485 484 484 484 484 487 487 487 487 488 488 488 488 489 489 489 489 490 490 490 490 489 489 489 489 463 463 463 463 491 491 491 491 492 492 492 492 493 493 493 493 494 494 494 494 189 189 189 189 492 492 492 492 495 495 495 495 496 496 496 496 255 255 255 255 497 497 497 497 498 498 498 498 499 499 499 499 500 500 500 500 271 271 271 271 501 501 501 501 502 502 502 502 503 503 503 503 504 504 504 504 505 505 505 505 506 506 506 506 507 507 507 507 508 508 508 508 509 509 509 509 510 510 510 510 511 511 511 511 512 512 512 512 513 513 513 513 478 478 478 478 514 514 514 514 156 156 156 156 515 515 515 515 516 516 516 516 517 517 517 517 518 518 518 518 517 517 517 517 487 487 487 487 519 519 519 519 520 520 520 520 521 521 521 521 522 522 522 522 521 521 521 521 520 520 520 520 523 523 523 523 524 524 524 524 525 525 525 525 491 491 491 491 194 194 194 194 524 524 524 524 526 526 526 526 527 527 527 527 528 528 528 528 529 529 529 529 530 530 530 530 531 531 531 531 532 532 532 532 531 531 531 531 530 530 530 530 533 533 533 533 534 534 534 534 535 535 535 535 519 519 519 519 203 203 203 203 534 534 534 534 225 225 225 225 536 536 536 536 537 537 537 537 523 523 523 523 537 537 537 537 536 536 536 536 538 538 538 538 539 539 539 539 540 540 540 540 264 264 264 264 541 541 541 541 542 542 542 542 543 543 543 543 500 500 500 500 544 544 544 544 498 498 498 498 545 545 545 545 273 273 273 273 541 541 541 541 505 505 505 505 546 546 546 546 503 503 503 503 547 547 547 547 548 548 548 548 545 545 545 545 511 511 511 511 549 549 549 549 509 509 509 509 550 550 550 550 551 551 551 551 552 552 552 552 553 553 553 553 554 554 554 554 555 555 555 555 554 554 554 554 556 556 556 556 557 557 557 557 558 558 558 558 559 559 559 559 560 560 560 560 559 559 559 559 250 250 250 250 529 529 529 529 561 561 561 561 562 562 562 562 563 563 563 563 564 564 564 564 565 565 565 565 566 566 566 566 567 567 567 567 568 568 568 568 558 558 558 558 543 543 543 543 569 569 569 569 570 570 570 570 571 571 571 571 572 572 572 572 567 567 567 567 573 573 573 573 574 574 574 574 575 575 575 575 547 547 547 547 576 576 576 576 577 577 577 577 578 578 578 578 579 579 579 579 580 580 580 580 579 579 579 579 578 578 578 578 581 581 581 581 582 582 582 582 583 583 583 583 571 571 571 571 583 583 583 583 584 584 584 584 585 585 585 585 586 586 586 586 587 587 587 587 582 582 582 582 587 587 587 587 588 588 588 588 589 589 589 589 550 550 550 550 590 590 590 590 586 586 586 586 591 591 591 591 220 220 220 220 592 592 592 592 593 593 593 593 594 594 594 594 553 553 553 553 595 595 595 595 596 596 596 596 597 597 597 597 593 593 593 593 598 598 598 598 599 599 599 599</p>
      </triangles>
    </mesh></geometry>
  </library_geometries>
  <library_visual_scenes>
    <visual_scene id="Scene" name="Scene">
      <node id="vfx_kurp_0322" name="vfx_kurp_0322" type="NODE">
        <instance_geometry url="#vfx_kurp_0322-mesh"><bind_material><technique_common><instance_material symbol="PreviewMaterial" target="#PreviewMaterial"><bind_vertex_input semantic="UVSET0" input_semantic="TEXCOORD" input_set="0"/></instance_material></technique_common></bind_material></instance_geometry>
      </node>
    </visual_scene>
  </library_visual_scenes>
  <scene><instance_visual_scene url="#Scene"/></scene>
</COLLADA>
